id,nom_aliment,colonne,ancienne_valeur,nouvelle_valeur,unité,source_principale,source_secondaire,justification,niveau_de_confiance,date
20299,"Asperge verte, bouillie/cuite à l'eau",Vitamine_E_mg_100g,,1.5,mg/100g,"USDA FoodData Central (SR Legacy) — Asparagus, cooked, boiled, drained",,"Correspondance exacte : légume, cuisson bouillie, égoutté.",Élevé,2026-08-04
13004,"Avocat, chair sans peau, sans noyau, cru",Vitamine_E_mg_100g,,1.97,mg/100g,"USDA FoodData Central (SR Legacy) — Avocados, raw, California",,"Correspondance exacte : cru, chair.",Élevé,2026-08-04
13005,"Banane, chair sans peau, crue",Vitamine_E_mg_100g,,0.1,mg/100g,"USDA FoodData Central (SR Legacy) — Bananas, raw",,Correspondance exacte.,Élevé,2026-08-04
20003,"Betterave rouge, cuite",Vitamine_E_mg_100g,,0.04,mg/100g,"USDA FoodData Central (SR Legacy) — Beets, cooked, boiled, drained",,Correspondance exacte : cuisson bouillie = cuite.,Élevé,2026-08-04
20350,"Brocoli, bouilli/cuit à l'eau (aliment moyen)",Vitamine_E_mg_100g,,1.45,mg/100g,"USDA FoodData Central (SR Legacy) — Broccoli, cooked, boiled, drained",,Correspondance exacte.,Élevé,2026-08-04
20009,"Carotte, crue",Vitamine_E_mg_100g,,0.66,mg/100g,"USDA FoodData Central (SR Legacy) — Carrots, raw",,Correspondance exacte.,Élevé,2026-08-04
20056,"Champignon de Paris ou champignon de couche, cru",Vitamine_E_mg_100g,,0.01,mg/100g,"USDA FoodData Central (SR Legacy) — Mushrooms, white, raw",,Champignon de Paris = champignon blanc (Agaricus bisporus).,Élevé,2026-08-04
15047,"Chia, graine, séchée",Vitamine_E_mg_100g,,0.5,mg/100g,"USDA FoodData Central (SR Legacy) — Seeds, chia seeds, dried",,Correspondance exacte.,Élevé,2026-08-04
31074,"Chocolat noir 70 % de cacao environ, de dégustation, tablette",Vitamine_E_mg_100g,,0.59,mg/100g,"USDA FoodData Central (SR Legacy) — Chocolate, dark, 70-85% cacao solids",,Correspondance exacte sur le taux de cacao.,Élevé,2026-08-04
20014,"Chou rouge, cru",Vitamine_E_mg_100g,,0.11,mg/100g,"USDA FoodData Central (SR Legacy) — Cabbage, red, raw",,Correspondance exacte.,Élevé,2026-08-04
13009,"Citron, chair sans peau, sans pépins, cru",Vitamine_E_mg_100g,,0.15,mg/100g,"USDA FoodData Central (SR Legacy) — Lemons, raw, without peel",,Correspondance exacte : sans peau.,Élevé,2026-08-04
31037,Confiture d'abricot (extra ou classique),Vitamine_E_mg_100g,,0.13,mg/100g,"USDA FoodData Central (SR Legacy) — Jams and preserves, apricot",,Correspondance exacte.,Élevé,2026-08-04
20292,"Courge butternut (doubeurre), chair sans peau, cuite",Vitamine_E_mg_100g,,1.29,mg/100g,"USDA FoodData Central (SR Legacy) — Squash, winter, butternut, cooked, baked",,Correspondance exacte.,Élevé,2026-08-04
15064,"Courge, graine, séchée",Vitamine_E_mg_100g,,2.18,mg/100g,"USDA FoodData Central (SR Legacy) — Seeds, pumpkin and squash seed kernels, dried",,Correspondance exacte.,Élevé,2026-08-04
20021,"Courgette, chair et peau, cuite",Vitamine_E_mg_100g,,0.12,mg/100g,"USDA FoodData Central (SR Legacy) — Squash, summer, zucchini, includes skin, cooked",,Correspondance exacte : chair et peau incluses.,Élevé,2026-08-04
11089,"Curcuma, poudre",Vitamine_E_mg_100g,,4.43,mg/100g,"USDA FoodData Central (SR Legacy) — Spices, turmeric, ground",,Correspondance exacte sur la nature de l'épice ; valeur élevée mais cohérente pour une épice séchée concentrée — à confirmer par une 2e source dans un lot ultérieur.,Moyen,2026-08-04
13011,"Datte, chair et peau, sèche",Vitamine_E_mg_100g,,0.05,mg/100g,"USDA FoodData Central (SR Legacy) — Dates, deglet noor",,"Variété deglet noor la plus documentée, proxy raisonnable pour dattes séchées génériques.",Moyen,2026-08-04
11074,"Gingembre, racine fraîche",Vitamine_E_mg_100g,,0.26,mg/100g,"USDA FoodData Central (SR Legacy) — Ginger root, raw",,Correspondance exacte.,Élevé,2026-08-04
20502,"Haricot blanc, bouilli/cuit à l'eau",Vitamine_E_mg_100g,,0.94,mg/100g,"USDA FoodData Central (SR Legacy) — Beans, white, mature seeds, cooked, boiled",,Correspondance exacte.,Élevé,2026-08-04
20503,"Haricot rouge, bouilli",Vitamine_E_mg_100g,,0.03,mg/100g,"USDA FoodData Central (SR Legacy) — Beans, kidney, red, mature seeds, cooked, boiled",,Correspondance exacte.,Élevé,2026-08-04
20320,"Haricot vert, bouilli/cuit à l'eau",Vitamine_E_mg_100g,,0.46,mg/100g,"USDA FoodData Central (SR Legacy) — Beans, snap, green, cooked, boiled, drained",,Correspondance exacte.,Élevé,2026-08-04
17130,Huile de colza,Vitamine_E_mg_100g,,17.3,mg/100g,"USDA FoodData Central (SR Legacy) — Oil, canola",,"Colza = canola, même huile végétale.",Élevé,2026-08-04
17270,Huile d'olive vierge extra,Vitamine_E_mg_100g,,14.35,mg/100g,"USDA FoodData Central (SR Legacy) — Oil, olive, salad or cooking",,"Entrée Foundation ""extra virgin"" incomplète (valeur vide) ; proxy huile d'olive générique SR Legacy. Valeur cohérente avec la littérature nutritionnelle standard pour l'huile d'olive (~14 mg/100g), mais grade générique et non ""vierge extra"" spécifiquement — à recouper avec une 2e source dans un lot ultérieur.",Moyen,2026-08-04
13021,"Kiwi, chair sans peau, avec pépins, cru",Vitamine_E_mg_100g,,1.3,mg/100g,"USDA FoodData Central (SR Legacy) — Kiwifruit, green, raw",,Correspondance exacte.,Élevé,2026-08-04
19546,"Lait fermenté type yaourt au bifidus, nature",Vitamine_E_mg_100g,,0.06,mg/100g,"USDA FoodData Central (SR Legacy) — Yogurt, plain, whole milk",,Proxy yaourt nature générique (ferment bifidus non distingué dans la base USDA).,Moyen,2026-08-04
20360,"Lentille, bouillie/cuite à l'eau (aliment moyen)",Vitamine_E_mg_100g,,0.11,mg/100g,"USDA FoodData Central (SR Legacy) — Lentils, mature seeds, cooked, boiled, with salt",,"Correspondance exacte, aliment moyen.",Élevé,2026-08-04
20589,"Lentille corail, bouillie/cuite à l'eau",Vitamine_E_mg_100g,,0.11,mg/100g,"USDA FoodData Central (SR Legacy) — Lentils, mature seeds, cooked, boiled, with salt",,Proxy lentille générique (variété corail/rouge non distinguée séparément dans la base USDA ; teneur en vitamine E des légumineuses peu variable inter-variétés).,Moyen,2026-08-04
26051,"Maquereau, cru",Vitamine_E_mg_100g,,1.52,mg/100g,"USDA FoodData Central (SR Legacy) — Fish, mackerel, Atlantic, raw",,Correspondance exacte.,Élevé,2026-08-04
31008,Miel,Vitamine_E_mg_100g,,0.0,mg/100g,USDA FoodData Central (SR Legacy) — Honey,,Correspondance exacte ; valeur nulle biologiquement plausible (le miel ne contient pas de vitamine E significative).,Élevé,2026-08-04
15005,"Noix, cerneau, séchée",Vitamine_E_mg_100g,,0.7,mg/100g,"USDA FoodData Central (SR Legacy) — Nuts, walnuts, english",,Correspondance exacte.,Élevé,2026-08-04
22010,Oeuf dur,Vitamine_E_mg_100g,,1.03,mg/100g,"USDA FoodData Central (SR Legacy) — Egg, whole, cooked, hard-boiled",,Correspondance exacte.,Élevé,2026-08-04
22011,Oeuf poché,Vitamine_E_mg_100g,,1.04,mg/100g,"USDA FoodData Central (SR Legacy) — Egg, whole, cooked, poached",,Correspondance exacte.,Élevé,2026-08-04
13186,Olive noire (aliment moyen),Vitamine_E_mg_100g,,1.65,mg/100g,"USDA FoodData Central (SR Legacy) — Olives, ripe, canned (jumbo-super colossal)",,"Olive noire appertisée, variante de calibre différente mais même produit (olive mûre en conserve).",Moyen,2026-08-04
9322,"Orge perlée, bouilli/cuite à l'eau, sans sel ajouté",Vitamine_E_mg_100g,,0.01,mg/100g,"USDA FoodData Central (SR Legacy) — Barley, pearled, cooked",,Correspondance exacte.,Élevé,2026-08-04
7004,"Pain blanc, passé au grille-pain",Vitamine_E_mg_100g,,0.24,mg/100g,"USDA FoodData Central (SR Legacy) — Bread, white, commercially prepared, toasted",,Correspondance exacte : pain blanc grillé.,Élevé,2026-08-04
20325,"Panais, cuit à l'étouffée",Vitamine_E_mg_100g,,1.0,mg/100g,"USDA FoodData Central (SR Legacy) — Parsnips, cooked, boiled, drained, with salt",,Cuisson à l'étouffée vs bouillie : méthodes différentes mais toutes deux en milieu humide sans ajout de matière grasse — écart attendu négligeable pour une vitamine liposoluble non lessivable à l'eau.,Moyen,2026-08-04
11014,"Persil, frais",Vitamine_E_mg_100g,,0.75,mg/100g,"USDA FoodData Central (SR Legacy) — Parsley, fresh",,Correspondance exacte.,Élevé,2026-08-04
20507,"Pois chiche, bouilli/cuit à l'eau",Vitamine_E_mg_100g,,0.35,mg/100g,"USDA FoodData Central (SR Legacy) — Chickpeas (garbanzo beans, bengal gram), mature seeds, cooked, boiled",,Correspondance exacte.,Élevé,2026-08-04
20087,"Poivron rouge, cru",Vitamine_E_mg_100g,,1.58,mg/100g,"USDA FoodData Central (SR Legacy) — Peppers, sweet, red, raw",,Correspondance exacte.,Élevé,2026-08-04
28203,"Porc, filet mignon cuit",Vitamine_E_mg_100g,,0.08,mg/100g,"USDA FoodData Central (SR Legacy) — Pork, fresh, loin, tenderloin, separable lean only, cooked, roasted",,"Correspondance exacte : filet mignon = tenderloin, cuisson rôtie compatible avec ""cuit"".",Élevé,2026-08-04
36041,"Poulet, filet, grillé/poêlé",Vitamine_E_mg_100g,,0.54,mg/100g,"USDA FoodData Central (SR Legacy) — Chicken, broiler or fryers, breast, skinless, boneless, meat only, cooked, grilled",,Correspondance exacte : filet sans peau grillé.,Élevé,2026-08-04
36032,"Poulet, poitrine, viande et peau rôties/cuites au four",Vitamine_E_mg_100g,,0.27,mg/100g,"USDA FoodData Central (SR Legacy) — Chicken, broilers or fryers, breast, meat and skin, cooked, roasted",,"Correspondance exacte : viande et peau, rôtie.",Élevé,2026-08-04
9877,"Pâtes sèches, semi-complètes, cuites, sans sel ajouté",Vitamine_E_mg_100g,,0.1,mg/100g,"USDA FoodData Central (SR Legacy) — Pasta, whole grain, 51% whole wheat, remaining unenriched semolina, cooked",,"51% blé complet correspond à ""semi-complètes"".",Élevé,2026-08-04
9341,"Quinoa, bouilli/cuit à l'eau, sans sel ajouté",Vitamine_E_mg_100g,,0.63,mg/100g,"USDA FoodData Central (SR Legacy) — Quinoa, cooked",,Correspondance exacte.,Élevé,2026-08-04
20045,"Radis rouge, cru",Vitamine_E_mg_100g,,0.0,mg/100g,"USDA FoodData Central (SR Legacy) — Radishes, raw",,Correspondance exacte ; valeur nulle biologiquement plausible.,Élevé,2026-08-04
20217,"Roquette, crue",Vitamine_E_mg_100g,,0.43,mg/100g,"USDA FoodData Central (SR Legacy) — Arugula, raw",,Correspondance exacte.,Élevé,2026-08-04
15010,"Sésame, graine",Vitamine_E_mg_100g,,0.25,mg/100g,"USDA FoodData Central (SR Legacy) — Seeds, sesame seeds, whole, dried",,Correspondance exacte.,Élevé,2026-08-04
15011,"Tournesol, graine",Vitamine_E_mg_100g,,35.17,mg/100g,"USDA FoodData Central (SR Legacy) — Seeds, sunflower seed kernels, dried",,Correspondance exacte ; valeur cohérente avec la littérature (graines de tournesol = source de référence de vitamine E).,Élevé,2026-08-04
27014,"Truite arc en ciel, élevage, rôtie/cuite au four",Vitamine_E_mg_100g,,2.79,mg/100g,"USDA FoodData Central (SR Legacy) — Fish, trout, rainbow, farmed, cooked, dry heat",,Correspondance exacte : cuisson chaleur sèche = rôtie/four.,Élevé,2026-08-04
20336,"Épinard, bouilli/cuit à l'eau",Vitamine_E_mg_100g,,2.08,mg/100g,"USDA FoodData Central (SR Legacy) — Spinach, cooked, boiled, drained",,Correspondance exacte.,Élevé,2026-08-04
20059,"Épinard, cru",Vitamine_E_mg_100g,,2.03,mg/100g,"USDA FoodData Central (SR Legacy) — Spinach, raw",,Correspondance exacte.,Élevé,2026-08-04
6255,"Boeuf, steak haché 15% MG cuit",Vitamine_E_mg_100g,,0.12,mg/100g,"USDA FoodData Central (SR Legacy) — Beef, ground, 85% lean meat / 15% fat, patty, cooked, broiled",,"Correspondance du taux de matière grasse (15% MG = 85% lean) ; forme cuisinée (patty grillé) proche mais non identique à ""steak haché cuit"" générique.",Moyen,2026-08-04
6251,"Boeuf, steak haché 5% MG cuit",Vitamine_E_mg_100g,,0.12,mg/100g,"USDA FoodData Central (SR Legacy) — Beef, ground, 95% lean meat / 5% fat, loaf, cooked, baked",,"Correspondance du taux de matière grasse (5% MG = 95% lean) ; forme cuisinée (loaf au four) proche mais non identique à ""steak haché cuit"" générique.",Moyen,2026-08-04
26023,"Cabillaud, rôti/cuit au four",Vitamine_E_mg_100g,,0.81,mg/100g,"USDA FoodData Central (SR Legacy) — Fish, cod, Atlantic, cooked, dry heat",,Cabillaud = morue de l'Atlantique ; cuisson chaleur sèche compatible avec rôti/four. Espèce Atlantique non systématiquement précisée dans CIQUAL.,Moyen,2026-08-04
20312,"Chou-fleur, cuit à la vapeur",Vitamine_E_mg_100g,,0.07,mg/100g,"USDA FoodData Central (SR Legacy) — Cauliflower, cooked, boiled, drained, with salt",,Cuisson bouillie vs vapeur : méthodes différentes mais écart attendu négligeable pour une vitamine liposoluble non lessivable à l'eau.,Moyen,2026-08-04
12805,"Fromage de chèvre frais, type palet, crottin ou bûchette",Vitamine_E_mg_100g,,0.18,mg/100g,"USDA FoodData Central (SR Legacy) — Cheese, goat, soft type",,Proxy fromage de chèvre type frais/mou générique.,Moyen,2026-08-04
21518,"Agneau, gigot grillé/poêlé",Vitamine_E_mg_100g,,0.16,mg/100g,"USDA FoodData Central (SR Legacy) — Lamb, leg, shank half, separable lean and fat, cooked, roasted",,Gigot = leg ; cuisson rôtie proche de grillé/poêlé (chaleur sèche directe).,Moyen,2026-08-04
7300,Biscotte classique,Vitamine_E_mg_100g,,0.43,mg/100g,"USDA FoodData Central (SR Legacy) — Crackers, melba toast, plain",,"Proxy biscotte/pain grillé sec nature, catégorie de produit très proche.",Moyen,2026-08-04
20000,"Artichaut, cuit",Vitamine_E_mg_100g,,0.19,mg,"USDA FoodData Central (SR Legacy) — Artichokes, (globe or french), cooked, boiled, drained, with salt",,"Correspondance vérifiée manuellement (espèce, état de cuisson, partie consommée).",Élevé,2026-08-04
20074,"Artichaut, cuit à la vapeur sous pression",Vitamine_E_mg_100g,,0.19,mg,"USDA FoodData Central (SR Legacy) — Artichokes, (globe or french), cooked, boiled, drained, with salt",,"Correspondance vérifiée manuellement (espèce, état de cuisson, partie consommée).",Élevé,2026-08-04
20277,"Asperge blanche, bouillie/cuite à l'eau",Vitamine_E_mg_100g,,1.5,mg,"USDA FoodData Central (SR Legacy) — Asparagus, cooked, boiled, drained",,"Correspondance vérifiée manuellement (espèce, état de cuisson, partie consommée).",Élevé,2026-08-04
20076,"Asperge, appertisée, égouttée",Vitamine_E_mg_100g,,1.22,mg,"USDA FoodData Central (SR Legacy) — Asparagus, canned, drained solids",,"Correspondance vérifiée manuellement (espèce, état de cuisson, partie consommée).",Élevé,2026-08-04
20282,"Asperge, blanche ou violette, pelée, crue",Vitamine_E_mg_100g,,1.13,mg,"USDA FoodData Central (SR Legacy) — Asparagus, raw",,"Correspondance vérifiée manuellement (espèce, état de cuisson, partie consommée).",Élevé,2026-08-04
20349,"Asperge, bouillie/cuite à l'eau (aliment moyen)",Vitamine_E_mg_100g,,1.5,mg,"USDA FoodData Central (SR Legacy) — Asparagus, cooked, boiled, drained",,"Correspondance vérifiée manuellement (espèce, état de cuisson, partie consommée).",Élevé,2026-08-04
20279,"Asperge, verte, crue",Vitamine_E_mg_100g,,1.13,mg,"USDA FoodData Central (SR Legacy) — Asparagus, raw",,"Correspondance vérifiée manuellement (espèce, état de cuisson, partie consommée).",Élevé,2026-08-04
20053,"Aubergine, crue",Vitamine_E_mg_100g,,0.3,mg,"USDA FoodData Central (SR Legacy) — Eggplant, raw",,"Correspondance vérifiée manuellement (espèce, état de cuisson, partie consommée).",Élevé,2026-08-04
20002,"Aubergine, cuite",Vitamine_E_mg_100g,,0.41,mg,"USDA FoodData Central (SR Legacy) — Eggplant, cooked, boiled, drained, with salt",,"Correspondance vérifiée manuellement (espèce, état de cuisson, partie consommée).",Élevé,2026-08-04
20198,"Bambou, pousse, crue",Vitamine_E_mg_100g,,1.0,mg,"USDA FoodData Central (SR Legacy) — Bamboo shoots, raw",,"Correspondance vérifiée manuellement (espèce, état de cuisson, partie consommée).",Élevé,2026-08-04
20188,"Bambou, pousses, appertisées, égouttées",Vitamine_E_mg_100g,,0.63,mg,"USDA FoodData Central (SR Legacy) — Bamboo shoots, canned, drained solids",,"Correspondance vérifiée manuellement (espèce, état de cuisson, partie consommée).",Élevé,2026-08-04
20123,"Batavia, crue",Vitamine_E_mg_100g,,0.22,mg,"USDA FoodData Central (SR Legacy) — Lettuce, green leaf, raw",,"Correspondance vérifiée manuellement (espèce, état de cuisson, partie consommée).",Moyen,2026-08-04
20004,"Bette ou blette, côte (sans feuille), crue",Vitamine_E_mg_100g,,1.89,mg,"USDA FoodData Central (SR Legacy) — Chard, swiss, raw",,"Correspondance vérifiée manuellement (espèce, état de cuisson, partie consommée).",Élevé,2026-08-04
20005,"Bette ou blette, côte (sans feuille), cuite",Vitamine_E_mg_100g,,1.89,mg,"USDA FoodData Central (SR Legacy) — Chard, swiss, cooked, boiled, drained, with salt",,"Correspondance vérifiée manuellement (espèce, état de cuisson, partie consommée).",Élevé,2026-08-04
20301,"Bette ou blette, côte et feuille, bouillie/cuite à l'eau",Vitamine_E_mg_100g,,1.89,mg,"USDA FoodData Central (SR Legacy) — Chard, swiss, cooked, boiled, drained, with salt",,"Correspondance vérifiée manuellement (espèce, état de cuisson, partie consommée).",Élevé,2026-08-04
20296,"Brèdes chou de Chine ou bok choy ou pak choï, tiges et feuilles, cuites à la vapeur, prélevées à La Réunion (Brassica rapa subsp. Chinensis)",Vitamine_E_mg_100g,,0.09,mg,"USDA FoodData Central (SR Legacy) — Cabbage, chinese (pak-choi), cooked, boiled, drained, with salt",,"Correspondance vérifiée manuellement (espèce, état de cuisson, partie consommée).",Moyen,2026-08-04
20302,"Brocoli, bouilli/cuit à l'eau, croquant",Vitamine_E_mg_100g,,1.45,mg,"USDA FoodData Central (SR Legacy) — Broccoli, cooked, boiled, drained, with salt",,"Correspondance vérifiée manuellement (espèce, état de cuisson, partie consommée).",Élevé,2026-08-04
20303,"Brocoli, bouilli/cuit à l'eau, fondant",Vitamine_E_mg_100g,,1.45,mg,"USDA FoodData Central (SR Legacy) — Broccoli, cooked, boiled, drained, with salt",,"Correspondance vérifiée manuellement (espèce, état de cuisson, partie consommée).",Élevé,2026-08-04
20351,"Brocoli, cuit (aliment moyen)",Vitamine_E_mg_100g,,1.45,mg,"USDA FoodData Central (SR Legacy) — Broccoli, cooked, boiled, drained, with salt",,"Correspondance vérifiée manuellement (espèce, état de cuisson, partie consommée).",Élevé,2026-08-04
20304,"Brocoli, cuit à la vapeur",Vitamine_E_mg_100g,,1.45,mg,"USDA FoodData Central (SR Legacy) — Broccoli, cooked, boiled, drained, with salt",,"Correspondance vérifiée manuellement (espèce, état de cuisson, partie consommée).",Élevé,2026-08-04
20007,"Carotte, appertisée, égouttée",Vitamine_E_mg_100g,,0.74,mg,"USDA FoodData Central (SR Legacy) — Carrots, canned, no salt added, drained solids",,"Correspondance vérifiée manuellement (espèce, état de cuisson, partie consommée).",Élevé,2026-08-04
20352,"Carotte, bouillie/cuite à l'eau (aliment moyen)",Vitamine_E_mg_100g,,1.03,mg,"USDA FoodData Central (SR Legacy) — Carrots, cooked, boiled, drained, with salt",,"Correspondance vérifiée manuellement (espèce, état de cuisson, partie consommée).",Élevé,2026-08-04
20305,"Carotte, bouillie/cuite à l'eau, croquante",Vitamine_E_mg_100g,,1.03,mg,"USDA FoodData Central (SR Legacy) — Carrots, cooked, boiled, drained, with salt",,"Correspondance vérifiée manuellement (espèce, état de cuisson, partie consommée).",Élevé,2026-08-04
20306,"Carotte, bouillie/cuite à l'eau, fondante",Vitamine_E_mg_100g,,1.03,mg,"USDA FoodData Central (SR Legacy) — Carrots, cooked, boiled, drained, with salt",,"Correspondance vérifiée manuellement (espèce, état de cuisson, partie consommée).",Élevé,2026-08-04
20353,"Carotte, cuite (aliment moyen)",Vitamine_E_mg_100g,,1.03,mg,"USDA FoodData Central (SR Legacy) — Carrots, cooked, boiled, drained, with salt",,"Correspondance vérifiée manuellement (espèce, état de cuisson, partie consommée).",Élevé,2026-08-04
20307,"Carotte, cuite à la vapeur",Vitamine_E_mg_100g,,1.03,mg,"USDA FoodData Central (SR Legacy) — Carrots, cooked, boiled, drained, with salt",,"Correspondance vérifiée manuellement (espèce, état de cuisson, partie consommée).",Élevé,2026-08-04
20208,"Carotte, surgelée, crue",Vitamine_E_mg_100g,,0.66,mg,"USDA FoodData Central (SR Legacy) — Carrots, raw",,"Correspondance vérifiée manuellement (espèce, état de cuisson, partie consommée).",Élevé,2026-08-04
20354,"Céleri branche, cuit (aliment moyen)",Vitamine_E_mg_100g,,0.35,mg,"USDA FoodData Central (SR Legacy) — Celery, cooked, boiled, drained, with salt",,"Correspondance vérifiée manuellement (espèce, état de cuisson, partie consommée).",Élevé,2026-08-04
20314,"Céleri branche, cuit à l'étouffée",Vitamine_E_mg_100g,,0.35,mg,"USDA FoodData Central (SR Legacy) — Celery, cooked, boiled, drained, with salt",,"Correspondance vérifiée manuellement (espèce, état de cuisson, partie consommée).",Élevé,2026-08-04
20055,"Céleri-rave, cru",Vitamine_E_mg_100g,,0.36,mg,"USDA FoodData Central (SR Legacy) — Celeriac, raw",,"Correspondance vérifiée manuellement (espèce, état de cuisson, partie consommée).",Élevé,2026-08-04
20079,"Champignon de Paris ou champignon de couche, appertisé, égoutté",Vitamine_E_mg_100g,,0.01,mg,"USDA FoodData Central (SR Legacy) — Mushrooms, canned, drained solids",,"Correspondance vérifiée manuellement (espèce, état de cuisson, partie consommée).",Élevé,2026-08-04
20102,"Champignon de Paris ou champignon de couche, bouilli/cuit à l'eau",Vitamine_E_mg_100g,,0.01,mg,"USDA FoodData Central (SR Legacy) — Mushrooms, white, cooked, boiled, drained, with salt",,"Correspondance vérifiée manuellement (espèce, état de cuisson, partie consommée).",Élevé,2026-08-04
20228,"Champignon de Paris ou champignon de couche, surgelé, cru",Vitamine_E_mg_100g,,0.01,mg,"USDA FoodData Central (SR Legacy) — Mushrooms, white, raw",,"Correspondance vérifiée manuellement (espèce, état de cuisson, partie consommée).",Élevé,2026-08-04
20211,"Champignon, lentin comestible ou shiitaké, séché",Vitamine_E_mg_100g,,0.0,mg,"USDA FoodData Central (SR Legacy) — Mushrooms, shiitake, dried",,"Correspondance vérifiée manuellement (espèce, état de cuisson, partie consommée).",Élevé,2026-08-04
20011,"Champignon, tout type, appertisé, égoutté",Vitamine_E_mg_100g,,0.01,mg,"USDA FoodData Central (SR Legacy) — Mushrooms, canned, drained solids",,"Correspondance vérifiée manuellement (espèce, état de cuisson, partie consommée).",Moyen,2026-08-04
20308,"Chou blanc, bouilli/cuit à l'eau",Vitamine_E_mg_100g,,0.14,mg,"USDA FoodData Central (SR Legacy) — Cabbage, common, cooked, boiled, drained, with salt",,"Correspondance vérifiée manuellement (espèce, état de cuisson, partie consommée).",Élevé,2026-08-04
20340,"Chou chinois pak choï ou pak choy (feuilles vertes ressemblant à des blettes), cru",Vitamine_E_mg_100g,,0.09,mg,"USDA FoodData Central (SR Legacy) — Cabbage, chinese (pak-choi), raw",,"Correspondance vérifiée manuellement (espèce, état de cuisson, partie consommée).",Élevé,2026-08-04
20339,"Chou chinois pak choï ou pak choy (feuilles vertes ressemblant à des blettes), cuit",Vitamine_E_mg_100g,,0.09,mg,"USDA FoodData Central (SR Legacy) — Cabbage, chinese (pak-choi), cooked, boiled, drained, with salt",,"Correspondance vérifiée manuellement (espèce, état de cuisson, partie consommée).",Élevé,2026-08-04
20167,"Chou chinois pé-tsaï, cru",Vitamine_E_mg_100g,,0.09,mg,"USDA FoodData Central (SR Legacy) — Cabbage, chinese (pak-choi), raw",,"Correspondance vérifiée manuellement (espèce, état de cuisson, partie consommée).",Élevé,2026-08-04
20221,"Chou chinois pé-tsaï, sauté/poêlé",Vitamine_E_mg_100g,,0.09,mg,"USDA FoodData Central (SR Legacy) — Cabbage, chinese (pak-choi), cooked, boiled, drained, with salt",,"Correspondance vérifiée manuellement (espèce, état de cuisson, partie consommée).",Élevé,2026-08-04
20309,"Chou de Bruxelles, bouilli/cuit à l'eau",Vitamine_E_mg_100g,,0.43,mg,"USDA FoodData Central (SR Legacy) — Brussels sprouts, cooked, boiled, drained, with salt",,"Correspondance vérifiée manuellement (espèce, état de cuisson, partie consommée).",Élevé,2026-08-04
20218,"Chou frisé, cru",Vitamine_E_mg_100g,,0.66,mg,"USDA FoodData Central (SR Legacy) — Kale, raw",,"Correspondance vérifiée manuellement (espèce, état de cuisson, partie consommée).",Élevé,2026-08-04
20219,"Chou frisé, cuit",Vitamine_E_mg_100g,,1.61,mg,"USDA FoodData Central (SR Legacy) — Kale, cooked, boiled, drained, with salt",,"Correspondance vérifiée manuellement (espèce, état de cuisson, partie consommée).",Élevé,2026-08-04
20290,"Chou romanesco ou brocoli à pomme, cuit",Vitamine_E_mg_100g,,0.07,mg,"USDA FoodData Central (SR Legacy) — Cauliflower, cooked, boiled, drained, with salt",,"Correspondance vérifiée manuellement (espèce, état de cuisson, partie consommée).",Moyen,2026-08-04
20095,"Chou rouge, bouilli/cuit à l'eau",Vitamine_E_mg_100g,,0.12,mg,"USDA FoodData Central (SR Legacy) — Cabbage, red, cooked, boiled, drained, with salt",,"Correspondance vérifiée manuellement (espèce, état de cuisson, partie consommée).",Élevé,2026-08-04
20355,"Chou rouge, cuit (aliment moyen)",Vitamine_E_mg_100g,,0.12,mg,"USDA FoodData Central (SR Legacy) — Cabbage, red, cooked, boiled, drained, with salt",,"Correspondance vérifiée manuellement (espèce, état de cuisson, partie consommée).",Élevé,2026-08-04
20310,"Chou rouge, cuit à l'étouffée",Vitamine_E_mg_100g,,0.12,mg,"USDA FoodData Central (SR Legacy) — Cabbage, red, cooked, boiled, drained, with salt",,"Correspondance vérifiée manuellement (espèce, état de cuisson, partie consommée).",Élevé,2026-08-04
20311,"Chou vert, bouilli/cuit à l'eau",Vitamine_E_mg_100g,,0.14,mg,"USDA FoodData Central (SR Legacy) — Cabbage, common, cooked, boiled, drained, with salt",,"Correspondance vérifiée manuellement (espèce, état de cuisson, partie consommée).",Élevé,2026-08-04
20015,"Chou vert, cuit",Vitamine_E_mg_100g,,0.14,mg,"USDA FoodData Central (SR Legacy) — Cabbage, common, cooked, boiled, drained, with salt",,"Correspondance vérifiée manuellement (espèce, état de cuisson, partie consommée).",Élevé,2026-08-04
20017,"Chou-fleur, bouilli/cuit à l'eau",Vitamine_E_mg_100g,,0.07,mg,"USDA FoodData Central (SR Legacy) — Cauliflower, cooked, boiled, drained, with salt",,"Correspondance vérifiée manuellement (espèce, état de cuisson, partie consommée).",Élevé,2026-08-04
20166,"Citrouille, chair sans peau, crue",Vitamine_E_mg_100g,,1.06,mg,"USDA FoodData Central (SR Legacy) — Pumpkin, raw",,"Correspondance vérifiée manuellement (espèce, état de cuisson, partie consommée).",Élevé,2026-08-04
20808,"Concombre, chair sans peau, avec pépins, cru, prélevé à la Martinique",Vitamine_E_mg_100g,,0.03,mg,"USDA FoodData Central (SR Legacy) — Cucumber, peeled, raw",,"Correspondance vérifiée manuellement (espèce, état de cuisson, partie consommée).",Élevé,2026-08-04
20210,"Concombre, chair sans peau, cru",Vitamine_E_mg_100g,,0.03,mg,"USDA FoodData Central (SR Legacy) — Cucumber, peeled, raw",,"Correspondance vérifiée manuellement (espèce, état de cuisson, partie consommée).",Élevé,2026-08-04
20020,"Courgette, chair et peau, crue",Vitamine_E_mg_100g,,0.12,mg,"USDA FoodData Central (SR Legacy) — Squash, summer, zucchini, includes skin, raw",,"Correspondance vérifiée manuellement (espèce, état de cuisson, partie consommée).",Élevé,2026-08-04
20230,"Courgette, chair et peau, surgelée, crue",Vitamine_E_mg_100g,,0.12,mg,"USDA FoodData Central (SR Legacy) — Squash, summer, zucchini, includes skin, raw",,"Correspondance vérifiée manuellement (espèce, état de cuisson, partie consommée).",Élevé,2026-08-04
20199,"Cresson alénois, cru",Vitamine_E_mg_100g,,1.0,mg,"USDA FoodData Central (SR Legacy) — Watercress, raw",,"Correspondance vérifiée manuellement (espèce, état de cuisson, partie consommée).",Moyen,2026-08-04
20022,"Cresson de fontaine, cru",Vitamine_E_mg_100g,,1.0,mg,"USDA FoodData Central (SR Legacy) — Watercress, raw",,"Correspondance vérifiée manuellement (espèce, état de cuisson, partie consommée).",Moyen,2026-08-04
20810,"Cresson, feuille, cru, prélevé à la Martinique",Vitamine_E_mg_100g,,1.0,mg,"USDA FoodData Central (SR Legacy) — Watercress, raw",,"Correspondance vérifiée manuellement (espèce, état de cuisson, partie consommée).",Moyen,2026-08-04
20097,"Échalote, crue",Vitamine_E_mg_100g,,0.04,mg,"USDA FoodData Central (SR Legacy) — Shallots, raw",,"Correspondance vérifiée manuellement (espèce, état de cuisson, partie consommée).",Élevé,2026-08-04
20026,"Endive, crue",Vitamine_E_mg_100g,,0.44,mg,"USDA FoodData Central (SR Legacy) — Endive, raw",,"Correspondance vérifiée manuellement (espèce, état de cuisson, partie consommée).",Élevé,2026-08-04
20270,"Épinard, jeunes pousses pour salades, cru",Vitamine_E_mg_100g,,2.03,mg,"USDA FoodData Central (SR Legacy) — Spinach, raw",,"Correspondance vérifiée manuellement (espèce, état de cuisson, partie consommée).",Élevé,2026-08-04
20500,"Fève, bouillie/cuite à l'eau",Vitamine_E_mg_100g,,0.02,mg,"USDA FoodData Central (SR Legacy) — Broadbeans (fava beans), mature seeds, cooked, boiled, with salt",,"Correspondance vérifiée manuellement (espèce, état de cuisson, partie consommée).",Moyen,2026-08-04
20543,"Fève, fraîche, surgelée, bouillie/cuite à l'eau",Vitamine_E_mg_100g,,0.02,mg,"USDA FoodData Central (SR Legacy) — Broadbeans (fava beans), mature seeds, cooked, boiled, with salt",,"Correspondance vérifiée manuellement (espèce, état de cuisson, partie consommée).",Moyen,2026-08-04
20542,"Fève, pelée, fraîche, surgelée, bouillie/cuite à l'eau",Vitamine_E_mg_100g,,0.02,mg,"USDA FoodData Central (SR Legacy) — Broadbeans (fava beans), mature seeds, cooked, boiled, with salt",,"Correspondance vérifiée manuellement (espèce, état de cuisson, partie consommée).",Moyen,2026-08-04
20062,"Haricot vert, appertisé, égoutté",Vitamine_E_mg_100g,,0.03,mg,"USDA FoodData Central (SR Legacy) — Beans, snap, green, canned, no salt added, drained solids",,"Correspondance vérifiée manuellement (espèce, état de cuisson, partie consommée).",Élevé,2026-08-04
20030,"Haricot vert, cuit",Vitamine_E_mg_100g,,0.46,mg,"USDA FoodData Central (SR Legacy) — Beans, snap, green, cooked, boiled, drained, with salt",,"Correspondance vérifiée manuellement (espèce, état de cuisson, partie consommée).",Élevé,2026-08-04
20071,"Haricot vert, surgelé, cuit",Vitamine_E_mg_100g,,0.46,mg,"USDA FoodData Central (SR Legacy) — Beans, snap, green, cooked, boiled, drained, with salt",,"Correspondance vérifiée manuellement (espèce, état de cuisson, partie consommée).",Élevé,2026-08-04
20049,"Maïs doux, en épis, cuit",Vitamine_E_mg_100g,,0.09,mg,"USDA FoodData Central (SR Legacy) — Corn, sweet, yellow, cooked, boiled, drained, with salt",,"Correspondance vérifiée manuellement (espèce, état de cuisson, partie consommée).",Élevé,2026-08-04
20108,"Maïs doux, en épis, surgelé, cru",Vitamine_E_mg_100g,,0.07,mg,"USDA FoodData Central (SR Legacy) — Corn, sweet, yellow, raw",,"Correspondance vérifiée manuellement (espèce, état de cuisson, partie consommée).",Élevé,2026-08-04
20233,"Maïs doux, surgelé, cru",Vitamine_E_mg_100g,,0.07,mg,"USDA FoodData Central (SR Legacy) — Corn, sweet, yellow, raw",,"Correspondance vérifiée manuellement (espèce, état de cuisson, partie consommée).",Élevé,2026-08-04
20321,"Navet, bouilli/cuit à l'eau",Vitamine_E_mg_100g,,0.02,mg,"USDA FoodData Central (SR Legacy) — Turnips, cooked, boiled, drained, with salt",,"Correspondance vérifiée manuellement (espèce, état de cuisson, partie consommée).",Élevé,2026-08-04
20033,"Navet, cuit",Vitamine_E_mg_100g,,0.02,mg,"USDA FoodData Central (SR Legacy) — Turnips, cooked, boiled, drained, with salt",,"Correspondance vérifiée manuellement (espèce, état de cuisson, partie consommée).",Élevé,2026-08-04
20064,"Navet, pelé, cru",Vitamine_E_mg_100g,,0.03,mg,"USDA FoodData Central (SR Legacy) — Turnips, raw",,"Correspondance vérifiée manuellement (espèce, état de cuisson, partie consommée).",Élevé,2026-08-04
20234,"Navet, surgelé, cru",Vitamine_E_mg_100g,,0.03,mg,"USDA FoodData Central (SR Legacy) — Turnips, raw",,"Correspondance vérifiée manuellement (espèce, état de cuisson, partie consommée).",Élevé,2026-08-04
20322,"Oignon blanc ou jaune, sauté/poêlé sans matière grasse",Vitamine_E_mg_100g,,0.02,mg,"USDA FoodData Central (SR Legacy) — Onions, cooked, boiled, drained, with salt",,"Correspondance vérifiée manuellement (espèce, état de cuisson, partie consommée).",Élevé,2026-08-04
20239,"Oignon jaune, cru",Vitamine_E_mg_100g,,0.02,mg,"USDA FoodData Central (SR Legacy) — Onions, raw",,"Correspondance vérifiée manuellement (espèce, état de cuisson, partie consommée).",Élevé,2026-08-04
20323,"Oignon nouveau ou oignon frais ou cébette, sauté/poêlé sans matière grasse",Vitamine_E_mg_100g,,0.02,mg,"USDA FoodData Central (SR Legacy) — Onions, cooked, boiled, drained, with salt",,"Correspondance vérifiée manuellement (espèce, état de cuisson, partie consommée).",Élevé,2026-08-04
20238,"Oignon rouge, cru",Vitamine_E_mg_100g,,0.02,mg,"USDA FoodData Central (SR Legacy) — Onions, raw",,"Correspondance vérifiée manuellement (espèce, état de cuisson, partie consommée).",Élevé,2026-08-04
20324,"Oignon rouge, sauté/poêlé",Vitamine_E_mg_100g,,0.02,mg,"USDA FoodData Central (SR Legacy) — Onions, cooked, boiled, drained, with salt",,"Correspondance vérifiée manuellement (espèce, état de cuisson, partie consommée).",Élevé,2026-08-04
20034,"Oignon, cru",Vitamine_E_mg_100g,,0.02,mg,"USDA FoodData Central (SR Legacy) — Onions, raw",,"Correspondance vérifiée manuellement (espèce, état de cuisson, partie consommée).",Élevé,2026-08-04
20035,"Oignon, cuit",Vitamine_E_mg_100g,,0.02,mg,"USDA FoodData Central (SR Legacy) — Onions, cooked, boiled, drained, with salt",,"Correspondance vérifiée manuellement (espèce, état de cuisson, partie consommée).",Élevé,2026-08-04
20235,"Oignon, surgelé, cru",Vitamine_E_mg_100g,,0.02,mg,"USDA FoodData Central (SR Legacy) — Onions, raw",,"Correspondance vérifiée manuellement (espèce, état de cuisson, partie consommée).",Élevé,2026-08-04
20181,"Panais, cru",Vitamine_E_mg_100g,,1.49,mg,"USDA FoodData Central (SR Legacy) — Parsnips, raw",,"Correspondance vérifiée manuellement (espèce, état de cuisson, partie consommée).",Élevé,2026-08-04
20151,"Piment, cru",Vitamine_E_mg_100g,,0.69,mg,"USDA FoodData Central (SR Legacy) — Peppers, hot chili, green, raw",,"Correspondance vérifiée manuellement (espèce, état de cuisson, partie consommée).",Moyen,2026-08-04
20327,"Poireau, bouilli/cuit à l'eau",Vitamine_E_mg_100g,,0.5,mg,"USDA FoodData Central (SR Legacy) — Leeks, (bulb and lower leaf-portion), cooked, boiled, drained, with salt",,"Correspondance vérifiée manuellement (espèce, état de cuisson, partie consommée).",Élevé,2026-08-04
20039,"Poireau, cru",Vitamine_E_mg_100g,,0.92,mg,"USDA FoodData Central (SR Legacy) — Leeks, (bulb and lower leaf-portion), raw",,"Correspondance vérifiée manuellement (espèce, état de cuisson, partie consommée).",Élevé,2026-08-04
20236,"Poireau, surgelé, cru",Vitamine_E_mg_100g,,0.92,mg,"USDA FoodData Central (SR Legacy) — Leeks, (bulb and lower leaf-portion), raw",,"Correspondance vérifiée manuellement (espèce, état de cuisson, partie consommée).",Élevé,2026-08-04
20216,"Pois mange-tout ou pois gourmand, bouilli/cuit à l'eau",Vitamine_E_mg_100g,,0.39,mg,"USDA FoodData Central (SR Legacy) — Peas, edible-podded, cooked, boiled, drained, with salt",,"Correspondance vérifiée manuellement (espèce, état de cuisson, partie consommée).",Élevé,2026-08-04
20173,"Pois mange-tout ou pois gourmand, cru",Vitamine_E_mg_100g,,0.39,mg,"USDA FoodData Central (SR Legacy) — Peas, edible-podded, raw",,"Correspondance vérifiée manuellement (espèce, état de cuisson, partie consommée).",Élevé,2026-08-04
20243,"Pois mange-tout ou pois gourmands, cuits",Vitamine_E_mg_100g,,0.39,mg,"USDA FoodData Central (SR Legacy) — Peas, edible-podded, cooked, boiled, drained, with salt",,"Correspondance vérifiée manuellement (espèce, état de cuisson, partie consommée).",Élevé,2026-08-04
20329,"Poivron rouge, sauté/poêlé",Vitamine_E_mg_100g,,1.65,mg,"USDA FoodData Central (SR Legacy) — Peppers, sweet, red, cooked, boiled, drained, with salt",,"Correspondance vérifiée manuellement (espèce, état de cuisson, partie consommée).",Élevé,2026-08-04
20085,"Poivron vert, cru",Vitamine_E_mg_100g,,0.37,mg,"USDA FoodData Central (SR Legacy) — Peppers, sweet, green, raw",,"Correspondance vérifiée manuellement (espèce, état de cuisson, partie consommée).",Élevé,2026-08-04
20086,"Poivron vert, cuit",Vitamine_E_mg_100g,,0.5,mg,"USDA FoodData Central (SR Legacy) — Peppers, sweet, green, cooked, boiled, drained, with salt",,"Correspondance vérifiée manuellement (espèce, état de cuisson, partie consommée).",Élevé,2026-08-04
20330,"Poivron vert, sauté/poêlé",Vitamine_E_mg_100g,,0.5,mg,"USDA FoodData Central (SR Legacy) — Peppers, sweet, green, cooked, boiled, drained, with salt",,"Correspondance vérifiée manuellement (espèce, état de cuisson, partie consommée).",Élevé,2026-08-04
20044,"Potiron, cru",Vitamine_E_mg_100g,,1.06,mg,"USDA FoodData Central (SR Legacy) — Pumpkin, raw",,"Correspondance vérifiée manuellement (espèce, état de cuisson, partie consommée).",Élevé,2026-08-04
20096,"Potiron, cuit",Vitamine_E_mg_100g,,0.8,mg,"USDA FoodData Central (SR Legacy) — Pumpkin, cooked, boiled, drained, with salt",,"Correspondance vérifiée manuellement (espèce, état de cuisson, partie consommée).",Élevé,2026-08-04
20089,"Radis noir, cru",Vitamine_E_mg_100g,,0.0,mg,"USDA FoodData Central (SR Legacy) — Radishes, raw",,"Correspondance vérifiée manuellement (espèce, état de cuisson, partie consommée).",Moyen,2026-08-04
20201,"Rutabaga, cru",Vitamine_E_mg_100g,,0.3,mg,"USDA FoodData Central (SR Legacy) — Rutabagas, raw",,"Correspondance vérifiée manuellement (espèce, état de cuisson, partie consommée).",Élevé,2026-08-04
20165,"Rutabaga, cuit",Vitamine_E_mg_100g,,0.24,mg,"USDA FoodData Central (SR Legacy) — Rutabagas, cooked, boiled, drained, with salt",,"Correspondance vérifiée manuellement (espèce, état de cuisson, partie consommée).",Élevé,2026-08-04
20333,"Salsifis, bouilli/cuit à l'eau",Vitamine_E_mg_100g,,0.19,mg,"USDA FoodData Central (SR Legacy) — Salsify, cooked, boiled, drained, with salt",,"Correspondance vérifiée manuellement (espèce, état de cuisson, partie consommée).",Élevé,2026-08-04
20046,"Salsifis, cuit",Vitamine_E_mg_100g,,0.19,mg,"USDA FoodData Central (SR Legacy) — Salsify, cooked, boiled, drained, with salt",,"Correspondance vérifiée manuellement (espèce, état de cuisson, partie consommée).",Élevé,2026-08-04
20090,"Scarole, crue",Vitamine_E_mg_100g,,0.44,mg,"USDA FoodData Central (SR Legacy) — Endive, raw",,"Correspondance vérifiée manuellement (espèce, état de cuisson, partie consommée).",Moyen,2026-08-04
20169,"Tomate, chair, appertisée",Vitamine_E_mg_100g,,1.25,mg,"USDA FoodData Central (SR Legacy) — Tomatoes, crushed, canned",,"Correspondance vérifiée manuellement (espèce, état de cuisson, partie consommée).",Moyen,2026-08-04
20260,"Tomate, coulis, appertisé (purée de tomates mi-réduite à 11%)",Vitamine_E_mg_100g,,1.25,mg,"USDA FoodData Central (SR Legacy) — Tomatoes, crushed, canned",,"Correspondance vérifiée manuellement (espèce, état de cuisson, partie consommée).",Moyen,2026-08-04
20137,"Tomate, pelée, appertisée, au jus, non égouttée",Vitamine_E_mg_100g,,1.25,mg,"USDA FoodData Central (SR Legacy) — Tomatoes, crushed, canned",,"Correspondance vérifiée manuellement (espèce, état de cuisson, partie consommée).",Moyen,2026-08-04
20048,"Tomate, pelée, appertisée, égouttée",Vitamine_E_mg_100g,,1.25,mg,"USDA FoodData Central (SR Legacy) — Tomatoes, crushed, canned",,"Correspondance vérifiée manuellement (espèce, état de cuisson, partie consommée).",Moyen,2026-08-04
20170,"Tomate, purée, appertisée",Vitamine_E_mg_100g,,1.25,mg,"USDA FoodData Central (SR Legacy) — Tomatoes, crushed, canned",,"Correspondance vérifiée manuellement (espèce, état de cuisson, partie consommée).",Moyen,2026-08-04
20189,"Tomate, séchée",Vitamine_E_mg_100g,,0.01,mg,"USDA FoodData Central (SR Legacy) — Tomatoes, sun-dried",,"Correspondance vérifiée manuellement (espèce, état de cuisson, partie consommée).",Élevé,2026-08-04
20196,"Topinambour, cru",Vitamine_E_mg_100g,,0.19,mg,"USDA FoodData Central (SR Legacy) — Jerusalem-artichokes, raw",,"Correspondance vérifiée manuellement (espèce, état de cuisson, partie consommée).",Élevé,2026-08-04
21518,"Agneau, gigot grillé/poêlé",Vitamine_B9_µg_100g,,22.0,µg,"USDA FoodData Central (SR Legacy) — Lamb, leg, shank half, separable lean and fat, trimmed to 1/4"" fat, choice, cooked, roasted",,Extraction multi-nutriments sur fiche USDA déjà validée manuellement (identité/cuisson/partie consommée vérifiées lors d'un lot précédent).,Moyen,2026-08-04
20299,"Asperge verte, bouillie/cuite à l'eau",Vitamine_B9_µg_100g,,149.0,µg,"USDA FoodData Central (SR Legacy) — Asparagus, cooked, boiled, drained",,Extraction multi-nutriments sur fiche USDA déjà validée manuellement (identité/cuisson/partie consommée vérifiées lors d'un lot précédent).,Élevé,2026-08-04
20299,"Asperge verte, bouillie/cuite à l'eau",Vitamine_D_µg_100g,,0.0,µg,"USDA FoodData Central (SR Legacy) — Asparagus, cooked, boiled, drained",,Extraction multi-nutriments sur fiche USDA déjà validée manuellement (identité/cuisson/partie consommée vérifiées lors d'un lot précédent).,Élevé,2026-08-04
20299,"Asperge verte, bouillie/cuite à l'eau",Vitamine_B12_µg_100g,,0.0,µg,"USDA FoodData Central (SR Legacy) — Asparagus, cooked, boiled, drained",,Extraction multi-nutriments sur fiche USDA déjà validée manuellement (identité/cuisson/partie consommée vérifiées lors d'un lot précédent).,Élevé,2026-08-04
13004,"Avocat, chair sans peau, sans noyau, cru",Vitamine_B9_µg_100g,,89.0,µg,"USDA FoodData Central (SR Legacy) — Avocados, raw, California",,Extraction multi-nutriments sur fiche USDA déjà validée manuellement (identité/cuisson/partie consommée vérifiées lors d'un lot précédent).,Élevé,2026-08-04
13005,"Banane, chair sans peau, crue",Vitamine_B9_µg_100g,,20.0,µg,"USDA FoodData Central (SR Legacy) — Bananas, raw",,Extraction multi-nutriments sur fiche USDA déjà validée manuellement (identité/cuisson/partie consommée vérifiées lors d'un lot précédent).,Élevé,2026-08-04
20003,"Betterave rouge, cuite",Vitamine_B9_µg_100g,,80.0,µg,"USDA FoodData Central (SR Legacy) — Beets, cooked, boiled, drained",,Extraction multi-nutriments sur fiche USDA déjà validée manuellement (identité/cuisson/partie consommée vérifiées lors d'un lot précédent).,Élevé,2026-08-04
7300,Biscotte classique,Vitamine_B12_µg_100g,,0.0,µg,"USDA FoodData Central (SR Legacy) — Crackers, melba toast, plain",,Extraction multi-nutriments sur fiche USDA déjà validée manuellement (identité/cuisson/partie consommée vérifiées lors d'un lot précédent).,Moyen,2026-08-04
7300,Biscotte classique,Beta-Carotène_µg_100g,,0.0,µg,"USDA FoodData Central (SR Legacy) — Crackers, melba toast, plain",,Extraction multi-nutriments sur fiche USDA déjà validée manuellement (identité/cuisson/partie consommée vérifiées lors d'un lot précédent).,Moyen,2026-08-04
6251,"Boeuf, steak haché 5% MG cuit",Sélénium_µg_100g,,22.3,µg,"USDA FoodData Central (SR Legacy) — Beef, ground, 95% lean meat / 5% fat, loaf, cooked, baked",,Extraction multi-nutriments sur fiche USDA déjà validée manuellement (identité/cuisson/partie consommée vérifiées lors d'un lot précédent).,Élevé,2026-08-04
20350,"Brocoli, bouilli/cuit à l'eau",Vitamine_B9_µg_100g,,108.0,µg,"USDA FoodData Central (SR Legacy) — Broccoli, cooked, boiled, drained, with salt",,Extraction multi-nutriments sur fiche USDA déjà validée manuellement (identité/cuisson/partie consommée vérifiées lors d'un lot précédent).,Élevé,2026-08-04
20350,"Brocoli, bouilli/cuit à l'eau",Vitamine_D_µg_100g,,0.0,µg,"USDA FoodData Central (SR Legacy) — Broccoli, cooked, boiled, drained, with salt",,Extraction multi-nutriments sur fiche USDA déjà validée manuellement (identité/cuisson/partie consommée vérifiées lors d'un lot précédent).,Élevé,2026-08-04
20350,"Brocoli, bouilli/cuit à l'eau",Vitamine_B12_µg_100g,,0.0,µg,"USDA FoodData Central (SR Legacy) — Broccoli, cooked, boiled, drained, with salt",,Extraction multi-nutriments sur fiche USDA déjà validée manuellement (identité/cuisson/partie consommée vérifiées lors d'un lot précédent).,Élevé,2026-08-04
20009,"Carotte, crue",Vitamine_B9_µg_100g,,19.0,µg,"USDA FoodData Central (SR Legacy) — Carrots, raw",,Extraction multi-nutriments sur fiche USDA déjà validée manuellement (identité/cuisson/partie consommée vérifiées lors d'un lot précédent).,Élevé,2026-08-04
20056,"Champignon de Paris, cru",Vitamine_B9_µg_100g,,17.0,µg,"USDA FoodData Central (SR Legacy) — Mushrooms, white, raw",,Extraction multi-nutriments sur fiche USDA déjà validée manuellement (identité/cuisson/partie consommée vérifiées lors d'un lot précédent).,Élevé,2026-08-04
15047,"Chia, graine, séchée",Vitamine_B9_µg_100g,,49.0,µg,"USDA FoodData Central (SR Legacy) — Seeds, chia seeds, dried",,Extraction multi-nutriments sur fiche USDA déjà validée manuellement (identité/cuisson/partie consommée vérifiées lors d'un lot précédent).,Élevé,2026-08-04
15047,"Chia, graine, séchée",Sélénium_µg_100g,,55.2,µg,"USDA FoodData Central (SR Legacy) — Seeds, chia seeds, dried",,Extraction multi-nutriments sur fiche USDA déjà validée manuellement (identité/cuisson/partie consommée vérifiées lors d'un lot précédent).,Élevé,2026-08-04
20014,"Chou rouge, cru",Vitamine_B9_µg_100g,,18.0,µg,"USDA FoodData Central (SR Legacy) — Cabbage, red, raw",,Extraction multi-nutriments sur fiche USDA déjà validée manuellement (identité/cuisson/partie consommée vérifiées lors d'un lot précédent).,Élevé,2026-08-04
20312,"Chou-fleur, cuit à la vapeur",Vitamine_B9_µg_100g,,44.0,µg,"USDA FoodData Central (SR Legacy) — Cauliflower, cooked, boiled, drained, with salt",,Extraction multi-nutriments sur fiche USDA déjà validée manuellement (identité/cuisson/partie consommée vérifiées lors d'un lot précédent).,Moyen,2026-08-04
20312,"Chou-fleur, cuit à la vapeur",Vitamine_D_µg_100g,,0.0,µg,"USDA FoodData Central (SR Legacy) — Cauliflower, cooked, boiled, drained, with salt",,Extraction multi-nutriments sur fiche USDA déjà validée manuellement (identité/cuisson/partie consommée vérifiées lors d'un lot précédent).,Moyen,2026-08-04
20312,"Chou-fleur, cuit à la vapeur",Vitamine_B12_µg_100g,,0.0,µg,"USDA FoodData Central (SR Legacy) — Cauliflower, cooked, boiled, drained, with salt",,Extraction multi-nutriments sur fiche USDA déjà validée manuellement (identité/cuisson/partie consommée vérifiées lors d'un lot précédent).,Moyen,2026-08-04
13009,"Citron, chair sans peau, cru",Vitamine_B9_µg_100g,,11.0,µg,"USDA FoodData Central (SR Legacy) — Lemons, raw, without peel",,Extraction multi-nutriments sur fiche USDA déjà validée manuellement (identité/cuisson/partie consommée vérifiées lors d'un lot précédent).,Élevé,2026-08-04
31037,Confiture d'abricot,Vitamine_B9_µg_100g,,1.0,µg,"USDA FoodData Central (SR Legacy) — Jams and preserves, apricot",,Extraction multi-nutriments sur fiche USDA déjà validée manuellement (identité/cuisson/partie consommée vérifiées lors d'un lot précédent).,Élevé,2026-08-04
31037,Confiture d'abricot,Vitamine_B12_µg_100g,,0.0,µg,"USDA FoodData Central (SR Legacy) — Jams and preserves, apricot",,Extraction multi-nutriments sur fiche USDA déjà validée manuellement (identité/cuisson/partie consommée vérifiées lors d'un lot précédent).,Élevé,2026-08-04
20292,"Courge butternut, cuite",Vitamine_B9_µg_100g,,19.0,µg,"USDA FoodData Central (SR Legacy) — Squash, winter, butternut, cooked, baked, with salt",,Extraction multi-nutriments sur fiche USDA déjà validée manuellement (identité/cuisson/partie consommée vérifiées lors d'un lot précédent).,Élevé,2026-08-04
20292,"Courge butternut, cuite",Vitamine_B12_µg_100g,,0.0,µg,"USDA FoodData Central (SR Legacy) — Squash, winter, butternut, cooked, baked, with salt",,Extraction multi-nutriments sur fiche USDA déjà validée manuellement (identité/cuisson/partie consommée vérifiées lors d'un lot précédent).,Élevé,2026-08-04
15064,"Courge, graine, séchée",Vitamine_B9_µg_100g,,58.0,µg,"USDA FoodData Central (SR Legacy) — Seeds, pumpkin and squash seed kernels, dried",,Extraction multi-nutriments sur fiche USDA déjà validée manuellement (identité/cuisson/partie consommée vérifiées lors d'un lot précédent).,Élevé,2026-08-04
15064,"Courge, graine, séchée",Sélénium_µg_100g,,9.4,µg,"USDA FoodData Central (SR Legacy) — Seeds, pumpkin and squash seed kernels, dried",,Extraction multi-nutriments sur fiche USDA déjà validée manuellement (identité/cuisson/partie consommée vérifiées lors d'un lot précédent).,Élevé,2026-08-04
20021,"Courgette, chair et peau, cuite",Vitamine_B9_µg_100g,,28.0,µg,"USDA FoodData Central (SR Legacy) — Squash, summer, zucchini, includes skin, cooked, boiled, drained, with salt",,Extraction multi-nutriments sur fiche USDA déjà validée manuellement (identité/cuisson/partie consommée vérifiées lors d'un lot précédent).,Élevé,2026-08-04
11089,"Curcuma, poudre",Vitamine_B9_µg_100g,,20.0,µg,"USDA FoodData Central (SR Legacy) — Spices, turmeric, ground",,Extraction multi-nutriments sur fiche USDA déjà validée manuellement (identité/cuisson/partie consommée vérifiées lors d'un lot précédent).,Moyen,2026-08-04
11089,"Curcuma, poudre",Sélénium_µg_100g,,6.2,µg,"USDA FoodData Central (SR Legacy) — Spices, turmeric, ground",,Extraction multi-nutriments sur fiche USDA déjà validée manuellement (identité/cuisson/partie consommée vérifiées lors d'un lot précédent).,Moyen,2026-08-04
11089,"Curcuma, poudre",Beta-Carotène_µg_100g,,0.0,µg,"USDA FoodData Central (SR Legacy) — Spices, turmeric, ground",,Extraction multi-nutriments sur fiche USDA déjà validée manuellement (identité/cuisson/partie consommée vérifiées lors d'un lot précédent).,Moyen,2026-08-04
13011,"Datte, chair et peau, sèche",Vitamine_B9_µg_100g,,19.0,µg,"USDA FoodData Central (SR Legacy) — Dates, deglet noor",,Extraction multi-nutriments sur fiche USDA déjà validée manuellement (identité/cuisson/partie consommée vérifiées lors d'un lot précédent).,Moyen,2026-08-04
12805,Fromage de chèvre frais,Vitamine_K1_µg_100g,,1.8,µg,"USDA FoodData Central (SR Legacy) — Cheese, goat, soft type",,Extraction multi-nutriments sur fiche USDA déjà validée manuellement (identité/cuisson/partie consommée vérifiées lors d'un lot précédent).,Moyen,2026-08-04
12805,Fromage de chèvre frais,Vitamine_B12_µg_100g,,0.19,µg,"USDA FoodData Central (SR Legacy) — Cheese, goat, soft type",,Extraction multi-nutriments sur fiche USDA déjà validée manuellement (identité/cuisson/partie consommée vérifiées lors d'un lot précédent).,Moyen,2026-08-04
11074,"Gingembre, racine fraîche",Vitamine_B9_µg_100g,,11.0,µg,"USDA FoodData Central (SR Legacy) — Ginger root, raw",,Extraction multi-nutriments sur fiche USDA déjà validée manuellement (identité/cuisson/partie consommée vérifiées lors d'un lot précédent).,Élevé,2026-08-04
20502,"Haricot blanc, bouilli",Vitamine_B9_µg_100g,,81.0,µg,"USDA FoodData Central (SR Legacy) — Beans, white, mature seeds, cooked, boiled, with salt",,Extraction multi-nutriments sur fiche USDA déjà validée manuellement (identité/cuisson/partie consommée vérifiées lors d'un lot précédent).,Élevé,2026-08-04
20503,"Haricot rouge, bouilli",Vitamine_B9_µg_100g,,130.0,µg,"USDA FoodData Central (SR Legacy) — Beans, kidney, red, mature seeds, cooked, boiled, with salt",,Extraction multi-nutriments sur fiche USDA déjà validée manuellement (identité/cuisson/partie consommée vérifiées lors d'un lot précédent).,Élevé,2026-08-04
20320,"Haricot vert, bouilli/cuit à l'eau",Vitamine_B9_µg_100g,,33.0,µg,"USDA FoodData Central (SR Legacy) — Beans, snap, green, cooked, boiled, drained, with salt",,Extraction multi-nutriments sur fiche USDA déjà validée manuellement (identité/cuisson/partie consommée vérifiées lors d'un lot précédent).,Élevé,2026-08-04
20320,"Haricot vert, bouilli/cuit à l'eau",Vitamine_D_µg_100g,,0.0,µg,"USDA FoodData Central (SR Legacy) — Beans, snap, green, cooked, boiled, drained, with salt",,Extraction multi-nutriments sur fiche USDA déjà validée manuellement (identité/cuisson/partie consommée vérifiées lors d'un lot précédent).,Élevé,2026-08-04
20320,"Haricot vert, bouilli/cuit à l'eau",Vitamine_B12_µg_100g,,0.0,µg,"USDA FoodData Central (SR Legacy) — Beans, snap, green, cooked, boiled, drained, with salt",,Extraction multi-nutriments sur fiche USDA déjà validée manuellement (identité/cuisson/partie consommée vérifiées lors d'un lot précédent).,Élevé,2026-08-04
13021,"Kiwi, chair sans peau, cru",Vitamine_B9_µg_100g,,26.0,µg,"USDA FoodData Central (Foundation) — Kiwifruit, green, raw",,Extraction multi-nutriments sur fiche USDA déjà validée manuellement (identité/cuisson/partie consommée vérifiées lors d'un lot précédent).,Élevé,2026-08-04
19546,"Lait fermenté type yaourt au bifidus, nature",Vitamine_K1_µg_100g,,0.2,µg,"USDA FoodData Central (SR Legacy) — Yogurt, plain, whole milk",,Extraction multi-nutriments sur fiche USDA déjà validée manuellement (identité/cuisson/partie consommée vérifiées lors d'un lot précédent).,Moyen,2026-08-04
19546,"Lait fermenté type yaourt au bifidus, nature",Vitamine_B9_µg_100g,,7.0,µg,"USDA FoodData Central (SR Legacy) — Yogurt, plain, whole milk",,Extraction multi-nutriments sur fiche USDA déjà validée manuellement (identité/cuisson/partie consommée vérifiées lors d'un lot précédent).,Moyen,2026-08-04
20589,"Lentille corail, bouillie",Vitamine_B9_µg_100g,,181.0,µg,"USDA FoodData Central (SR Legacy) — Lentils, mature seeds, cooked, boiled, with salt",,Extraction multi-nutriments sur fiche USDA déjà validée manuellement (identité/cuisson/partie consommée vérifiées lors d'un lot précédent).,Moyen,2026-08-04
20589,"Lentille corail, bouillie",Vitamine_B12_µg_100g,,0.0,µg,"USDA FoodData Central (SR Legacy) — Lentils, mature seeds, cooked, boiled, with salt",,Extraction multi-nutriments sur fiche USDA déjà validée manuellement (identité/cuisson/partie consommée vérifiées lors d'un lot précédent).,Moyen,2026-08-04
20360,"Lentille, bouillie/cuite à l'eau",Vitamine_B9_µg_100g,,181.0,µg,"USDA FoodData Central (SR Legacy) — Lentils, mature seeds, cooked, boiled, with salt",,Extraction multi-nutriments sur fiche USDA déjà validée manuellement (identité/cuisson/partie consommée vérifiées lors d'un lot précédent).,Moyen,2026-08-04
20360,"Lentille, bouillie/cuite à l'eau",Vitamine_B12_µg_100g,,0.0,µg,"USDA FoodData Central (SR Legacy) — Lentils, mature seeds, cooked, boiled, with salt",,Extraction multi-nutriments sur fiche USDA déjà validée manuellement (identité/cuisson/partie consommée vérifiées lors d'un lot précédent).,Moyen,2026-08-04
31008,Miel,Vitamine_B9_µg_100g,,2.0,µg,USDA FoodData Central (SR Legacy) — Honey,,Extraction multi-nutriments sur fiche USDA déjà validée manuellement (identité/cuisson/partie consommée vérifiées lors d'un lot précédent).,Élevé,2026-08-04
15005,"Noix, cerneau, séchée",Vitamine_B9_µg_100g,,98.0,µg,"USDA FoodData Central (SR Legacy) — Nuts, walnuts, english",,Extraction multi-nutriments sur fiche USDA déjà validée manuellement (identité/cuisson/partie consommée vérifiées lors d'un lot précédent).,Élevé,2026-08-04
9322,"Orge perlée, bouillie",Vitamine_B9_µg_100g,,16.0,µg,"USDA FoodData Central (SR Legacy) — Barley, pearled, cooked",,Extraction multi-nutriments sur fiche USDA déjà validée manuellement (identité/cuisson/partie consommée vérifiées lors d'un lot précédent).,Élevé,2026-08-04
9322,"Orge perlée, bouillie",Sélénium_µg_100g,,8.6,µg,"USDA FoodData Central (SR Legacy) — Barley, pearled, cooked",,Extraction multi-nutriments sur fiche USDA déjà validée manuellement (identité/cuisson/partie consommée vérifiées lors d'un lot précédent).,Élevé,2026-08-04
7004,"Pain blanc, passé au grille-pain",Vitamine_B12_µg_100g,,0.02,µg,"USDA FoodData Central (SR Legacy) — Bread, white, commercially prepared, toasted",,Extraction multi-nutriments sur fiche USDA déjà validée manuellement (identité/cuisson/partie consommée vérifiées lors d'un lot précédent).,Élevé,2026-08-04
20325,"Panais, cuit à l'étouffée",Vitamine_B9_µg_100g,,58.0,µg,"USDA FoodData Central (SR Legacy) — Parsnips, cooked, boiled, drained, with salt",,Extraction multi-nutriments sur fiche USDA déjà validée manuellement (identité/cuisson/partie consommée vérifiées lors d'un lot précédent).,Moyen,2026-08-04
20325,"Panais, cuit à l'étouffée",Vitamine_D_µg_100g,,0.0,µg,"USDA FoodData Central (SR Legacy) — Parsnips, cooked, boiled, drained, with salt",,Extraction multi-nutriments sur fiche USDA déjà validée manuellement (identité/cuisson/partie consommée vérifiées lors d'un lot précédent).,Moyen,2026-08-04
20325,"Panais, cuit à l'étouffée",Vitamine_B12_µg_100g,,0.0,µg,"USDA FoodData Central (SR Legacy) — Parsnips, cooked, boiled, drained, with salt",,Extraction multi-nutriments sur fiche USDA déjà validée manuellement (identité/cuisson/partie consommée vérifiées lors d'un lot précédent).,Moyen,2026-08-04
11014,"Persil, frais",Vitamine_B9_µg_100g,,152.0,µg,"USDA FoodData Central (SR Legacy) — Parsley, fresh",,Extraction multi-nutriments sur fiche USDA déjà validée manuellement (identité/cuisson/partie consommée vérifiées lors d'un lot précédent).,Élevé,2026-08-04
20507,"Pois chiche, bouilli/cuit à l'eau",Vitamine_B9_µg_100g,,172.0,µg,"USDA FoodData Central (SR Legacy) — Chickpeas (garbanzo beans, bengal gram), mature seeds, cooked, boiled, with salt",,Extraction multi-nutriments sur fiche USDA déjà validée manuellement (identité/cuisson/partie consommée vérifiées lors d'un lot précédent).,Élevé,2026-08-04
20507,"Pois chiche, bouilli/cuit à l'eau",Vitamine_B12_µg_100g,,0.0,µg,"USDA FoodData Central (SR Legacy) — Chickpeas (garbanzo beans, bengal gram), mature seeds, cooked, boiled, with salt",,Extraction multi-nutriments sur fiche USDA déjà validée manuellement (identité/cuisson/partie consommée vérifiées lors d'un lot précédent).,Élevé,2026-08-04
20087,"Poivron rouge, cru",Vitamine_B9_µg_100g,,46.0,µg,"USDA FoodData Central (SR Legacy) — Peppers, sweet, red, raw",,Extraction multi-nutriments sur fiche USDA déjà validée manuellement (identité/cuisson/partie consommée vérifiées lors d'un lot précédent).,Élevé,2026-08-04
28203,"Porc, filet mignon cuit",Vitamine_K1_µg_100g,,0.0,µg,"USDA FoodData Central (SR Legacy) — Pork, fresh, loin, tenderloin, separable lean only, cooked, roasted",,Extraction multi-nutriments sur fiche USDA déjà validée manuellement (identité/cuisson/partie consommée vérifiées lors d'un lot précédent).,Élevé,2026-08-04
28203,"Porc, filet mignon cuit",Vitamine_B9_µg_100g,,0.0,µg,"USDA FoodData Central (SR Legacy) — Pork, fresh, loin, tenderloin, separable lean only, cooked, roasted",,Extraction multi-nutriments sur fiche USDA déjà validée manuellement (identité/cuisson/partie consommée vérifiées lors d'un lot précédent).,Élevé,2026-08-04
28203,"Porc, filet mignon cuit",Vitamine_D_µg_100g,,0.2,µg,"USDA FoodData Central (SR Legacy) — Pork, fresh, loin, tenderloin, separable lean only, cooked, roasted",,Extraction multi-nutriments sur fiche USDA déjà validée manuellement (identité/cuisson/partie consommée vérifiées lors d'un lot précédent).,Élevé,2026-08-04
28203,"Porc, filet mignon cuit",Beta-Carotène_µg_100g,,0.0,µg,"USDA FoodData Central (SR Legacy) — Pork, fresh, loin, tenderloin, separable lean only, cooked, roasted",,Extraction multi-nutriments sur fiche USDA déjà validée manuellement (identité/cuisson/partie consommée vérifiées lors d'un lot précédent).,Élevé,2026-08-04
36041,"Poulet, filet, grillé/poêlé",Vitamine_K1_µg_100g,,0.0,µg,"USDA FoodData Central (SR Legacy) — Chicken, broiler or fryers, breast, skinless, boneless, meat only, cooked, grilled",,Extraction multi-nutriments sur fiche USDA déjà validée manuellement (identité/cuisson/partie consommée vérifiées lors d'un lot précédent).,Élevé,2026-08-04
36041,"Poulet, filet, grillé/poêlé",Beta-Carotène_µg_100g,,0.0,µg,"USDA FoodData Central (SR Legacy) — Chicken, broiler or fryers, breast, skinless, boneless, meat only, cooked, grilled",,Extraction multi-nutriments sur fiche USDA déjà validée manuellement (identité/cuisson/partie consommée vérifiées lors d'un lot précédent).,Élevé,2026-08-04
36032,"Poulet, poitrine, viande et peau rôties",Sélénium_µg_100g,,24.7,µg,"USDA FoodData Central (SR Legacy) — Chicken, broilers or fryers, breast, meat and skin, cooked, roasted",,Extraction multi-nutriments sur fiche USDA déjà validée manuellement (identité/cuisson/partie consommée vérifiées lors d'un lot précédent).,Élevé,2026-08-04
9341,"Quinoa, bouilli/cuit à l'eau",Vitamine_B9_µg_100g,,42.0,µg,"USDA FoodData Central (SR Legacy) — Quinoa, cooked",,Extraction multi-nutriments sur fiche USDA déjà validée manuellement (identité/cuisson/partie consommée vérifiées lors d'un lot précédent).,Élevé,2026-08-04
20045,"Radis rouge, cru",Vitamine_B9_µg_100g,,25.0,µg,"USDA FoodData Central (SR Legacy) — Radishes, raw",,Extraction multi-nutriments sur fiche USDA déjà validée manuellement (identité/cuisson/partie consommée vérifiées lors d'un lot précédent).,Élevé,2026-08-04
20217,"Roquette, crue",Vitamine_B9_µg_100g,,97.0,µg,"USDA FoodData Central (SR Legacy) — Arugula, raw",,Extraction multi-nutriments sur fiche USDA déjà validée manuellement (identité/cuisson/partie consommée vérifiées lors d'un lot précédent).,Élevé,2026-08-04
20217,"Roquette, crue",Sélénium_µg_100g,,0.3,µg,"USDA FoodData Central (SR Legacy) — Arugula, raw",,Extraction multi-nutriments sur fiche USDA déjà validée manuellement (identité/cuisson/partie consommée vérifiées lors d'un lot précédent).,Élevé,2026-08-04
15010,"Sésame, graine",Vitamine_B9_µg_100g,,97.0,µg,"USDA FoodData Central (SR Legacy) — Seeds, sesame seeds, whole, dried",,Extraction multi-nutriments sur fiche USDA déjà validée manuellement (identité/cuisson/partie consommée vérifiées lors d'un lot précédent).,Élevé,2026-08-04
15011,"Tournesol, graine",Vitamine_B9_µg_100g,,227.0,µg,"USDA FoodData Central (SR Legacy) — Seeds, sunflower seed kernels, dried",,Extraction multi-nutriments sur fiche USDA déjà validée manuellement (identité/cuisson/partie consommée vérifiées lors d'un lot précédent).,Élevé,2026-08-04
20336,"Épinard, bouilli/cuit à l'eau",Vitamine_B9_µg_100g,,146.0,µg,"USDA FoodData Central (SR Legacy) — Spinach, cooked, boiled, drained, with salt",,Extraction multi-nutriments sur fiche USDA déjà validée manuellement (identité/cuisson/partie consommée vérifiées lors d'un lot précédent).,Élevé,2026-08-04
20336,"Épinard, bouilli/cuit à l'eau",Vitamine_D_µg_100g,,0.0,µg,"USDA FoodData Central (SR Legacy) — Spinach, cooked, boiled, drained, with salt",,Extraction multi-nutriments sur fiche USDA déjà validée manuellement (identité/cuisson/partie consommée vérifiées lors d'un lot précédent).,Élevé,2026-08-04
20336,"Épinard, bouilli/cuit à l'eau",Vitamine_B12_µg_100g,,0.0,µg,"USDA FoodData Central (SR Legacy) — Spinach, cooked, boiled, drained, with salt",,Extraction multi-nutriments sur fiche USDA déjà validée manuellement (identité/cuisson/partie consommée vérifiées lors d'un lot précédent).,Élevé,2026-08-04
20059,"Épinard, cru",Vitamine_B9_µg_100g,,194.0,µg,"USDA FoodData Central (SR Legacy) — Spinach, raw",,Extraction multi-nutriments sur fiche USDA déjà validée manuellement (identité/cuisson/partie consommée vérifiées lors d'un lot précédent).,Élevé,2026-08-04
20000,"Artichaut, cuit",Vitamine_B9_µg_100g,,89.0,µg,"USDA FoodData Central (SR Legacy) — Artichokes, (globe or french), cooked, boiled, drained, with salt",,Extraction multi-nutriments sur fiche USDA déjà validée manuellement (identité/cuisson/partie consommée vérifiées lors d'un lot précédent).,Élevé,2026-08-04
20277,"Asperge blanche, bouillie/cuite à l'eau",Vitamine_B9_µg_100g,,149.0,µg,"USDA FoodData Central (SR Legacy) — Asparagus, cooked, boiled, drained",,Extraction multi-nutriments sur fiche USDA déjà validée manuellement (identité/cuisson/partie consommée vérifiées lors d'un lot précédent).,Élevé,2026-08-04
20277,"Asperge blanche, bouillie/cuite à l'eau",Vitamine_D_µg_100g,,0.0,µg,"USDA FoodData Central (SR Legacy) — Asparagus, cooked, boiled, drained",,Extraction multi-nutriments sur fiche USDA déjà validée manuellement (identité/cuisson/partie consommée vérifiées lors d'un lot précédent).,Élevé,2026-08-04
20277,"Asperge blanche, bouillie/cuite à l'eau",Vitamine_B12_µg_100g,,0.0,µg,"USDA FoodData Central (SR Legacy) — Asparagus, cooked, boiled, drained",,Extraction multi-nutriments sur fiche USDA déjà validée manuellement (identité/cuisson/partie consommée vérifiées lors d'un lot précédent).,Élevé,2026-08-04
20076,"Asperge, appertisée, égouttée",Vitamine_B9_µg_100g,,96.0,µg,"USDA FoodData Central (SR Legacy) — Asparagus, canned, drained solids",,Extraction multi-nutriments sur fiche USDA déjà validée manuellement (identité/cuisson/partie consommée vérifiées lors d'un lot précédent).,Élevé,2026-08-04
20282,"Asperge, blanche ou violette, pelée, crue",Vitamine_B9_µg_100g,,52.0,µg,"USDA FoodData Central (SR Legacy) — Asparagus, raw",,Extraction multi-nutriments sur fiche USDA déjà validée manuellement (identité/cuisson/partie consommée vérifiées lors d'un lot précédent).,Élevé,2026-08-04
20349,"Asperge, bouillie/cuite à l'eau (aliment moyen)",Vitamine_B9_µg_100g,,149.0,µg,"USDA FoodData Central (SR Legacy) — Asparagus, cooked, boiled, drained",,Extraction multi-nutriments sur fiche USDA déjà validée manuellement (identité/cuisson/partie consommée vérifiées lors d'un lot précédent).,Élevé,2026-08-04
20349,"Asperge, bouillie/cuite à l'eau (aliment moyen)",Vitamine_D_µg_100g,,0.0,µg,"USDA FoodData Central (SR Legacy) — Asparagus, cooked, boiled, drained",,Extraction multi-nutriments sur fiche USDA déjà validée manuellement (identité/cuisson/partie consommée vérifiées lors d'un lot précédent).,Élevé,2026-08-04
20349,"Asperge, bouillie/cuite à l'eau (aliment moyen)",Vitamine_B12_µg_100g,,0.0,µg,"USDA FoodData Central (SR Legacy) — Asparagus, cooked, boiled, drained",,Extraction multi-nutriments sur fiche USDA déjà validée manuellement (identité/cuisson/partie consommée vérifiées lors d'un lot précédent).,Élevé,2026-08-04
20279,"Asperge, verte, crue",Vitamine_K1_µg_100g,,41.6,µg,"USDA FoodData Central (SR Legacy) — Asparagus, raw",,Extraction multi-nutriments sur fiche USDA déjà validée manuellement (identité/cuisson/partie consommée vérifiées lors d'un lot précédent).,Élevé,2026-08-04
20279,"Asperge, verte, crue",Vitamine_B9_µg_100g,,52.0,µg,"USDA FoodData Central (SR Legacy) — Asparagus, raw",,Extraction multi-nutriments sur fiche USDA déjà validée manuellement (identité/cuisson/partie consommée vérifiées lors d'un lot précédent).,Élevé,2026-08-04
20279,"Asperge, verte, crue",Sélénium_µg_100g,,2.3,µg,"USDA FoodData Central (SR Legacy) — Asparagus, raw",,Extraction multi-nutriments sur fiche USDA déjà validée manuellement (identité/cuisson/partie consommée vérifiées lors d'un lot précédent).,Élevé,2026-08-04
20279,"Asperge, verte, crue",Beta-Carotène_µg_100g,,449.0,µg,"USDA FoodData Central (SR Legacy) — Asparagus, raw",,Extraction multi-nutriments sur fiche USDA déjà validée manuellement (identité/cuisson/partie consommée vérifiées lors d'un lot précédent).,Élevé,2026-08-04
20053,"Aubergine, crue",Vitamine_B9_µg_100g,,22.0,µg,"USDA FoodData Central (SR Legacy) — Eggplant, raw",,Extraction multi-nutriments sur fiche USDA déjà validée manuellement (identité/cuisson/partie consommée vérifiées lors d'un lot précédent).,Élevé,2026-08-04
20002,"Aubergine, cuite",Vitamine_B9_µg_100g,,14.0,µg,"USDA FoodData Central (SR Legacy) — Eggplant, cooked, boiled, drained, with salt",,Extraction multi-nutriments sur fiche USDA déjà validée manuellement (identité/cuisson/partie consommée vérifiées lors d'un lot précédent).,Élevé,2026-08-04
20198,"Bambou, pousse, crue",Vitamine_B9_µg_100g,,7.0,µg,"USDA FoodData Central (SR Legacy) — Bamboo shoots, raw",,Extraction multi-nutriments sur fiche USDA déjà validée manuellement (identité/cuisson/partie consommée vérifiées lors d'un lot précédent).,Élevé,2026-08-04
20198,"Bambou, pousse, crue",Sélénium_µg_100g,,0.8,µg,"USDA FoodData Central (SR Legacy) — Bamboo shoots, raw",,Extraction multi-nutriments sur fiche USDA déjà validée manuellement (identité/cuisson/partie consommée vérifiées lors d'un lot précédent).,Élevé,2026-08-04
20188,"Bambou, pousses, appertisées, égouttées",Vitamine_B9_µg_100g,,3.0,µg,"USDA FoodData Central (SR Legacy) — Bamboo shoots, canned, drained solids",,Extraction multi-nutriments sur fiche USDA déjà validée manuellement (identité/cuisson/partie consommée vérifiées lors d'un lot précédent).,Élevé,2026-08-04
20188,"Bambou, pousses, appertisées, égouttées",Sélénium_µg_100g,,0.5,µg,"USDA FoodData Central (SR Legacy) — Bamboo shoots, canned, drained solids",,Extraction multi-nutriments sur fiche USDA déjà validée manuellement (identité/cuisson/partie consommée vérifiées lors d'un lot précédent).,Élevé,2026-08-04
20123,"Batavia, crue",Vitamine_B9_µg_100g,,38.0,µg,"USDA FoodData Central (SR Legacy) — Lettuce, green leaf, raw",,Extraction multi-nutriments sur fiche USDA déjà validée manuellement (identité/cuisson/partie consommée vérifiées lors d'un lot précédent).,Moyen,2026-08-04
20123,"Batavia, crue",Vitamine_D_µg_100g,,0.0,µg,"USDA FoodData Central (SR Legacy) — Lettuce, green leaf, raw",,Extraction multi-nutriments sur fiche USDA déjà validée manuellement (identité/cuisson/partie consommée vérifiées lors d'un lot précédent).,Moyen,2026-08-04
20123,"Batavia, crue",Vitamine_B12_µg_100g,,0.0,µg,"USDA FoodData Central (SR Legacy) — Lettuce, green leaf, raw",,Extraction multi-nutriments sur fiche USDA déjà validée manuellement (identité/cuisson/partie consommée vérifiées lors d'un lot précédent).,Moyen,2026-08-04
20004,"Bette ou blette, côte (sans feuille), crue",Vitamine_B9_µg_100g,,14.0,µg,"USDA FoodData Central (SR Legacy) — Chard, swiss, raw",,Extraction multi-nutriments sur fiche USDA déjà validée manuellement (identité/cuisson/partie consommée vérifiées lors d'un lot précédent).,Élevé,2026-08-04
20004,"Bette ou blette, côte (sans feuille), crue",Vitamine_B12_µg_100g,,0.0,µg,"USDA FoodData Central (SR Legacy) — Chard, swiss, raw",,Extraction multi-nutriments sur fiche USDA déjà validée manuellement (identité/cuisson/partie consommée vérifiées lors d'un lot précédent).,Élevé,2026-08-04
20005,"Bette ou blette, côte (sans feuille), cuite",Vitamine_B9_µg_100g,,9.0,µg,"USDA FoodData Central (SR Legacy) — Chard, swiss, cooked, boiled, drained, with salt",,Extraction multi-nutriments sur fiche USDA déjà validée manuellement (identité/cuisson/partie consommée vérifiées lors d'un lot précédent).,Élevé,2026-08-04
20005,"Bette ou blette, côte (sans feuille), cuite",Vitamine_B12_µg_100g,,0.0,µg,"USDA FoodData Central (SR Legacy) — Chard, swiss, cooked, boiled, drained, with salt",,Extraction multi-nutriments sur fiche USDA déjà validée manuellement (identité/cuisson/partie consommée vérifiées lors d'un lot précédent).,Élevé,2026-08-04
20301,"Bette ou blette, côte et feuille, bouillie/cuite à l'eau",Vitamine_B9_µg_100g,,9.0,µg,"USDA FoodData Central (SR Legacy) — Chard, swiss, cooked, boiled, drained, with salt",,Extraction multi-nutriments sur fiche USDA déjà validée manuellement (identité/cuisson/partie consommée vérifiées lors d'un lot précédent).,Élevé,2026-08-04
20301,"Bette ou blette, côte et feuille, bouillie/cuite à l'eau",Vitamine_D_µg_100g,,0.0,µg,"USDA FoodData Central (SR Legacy) — Chard, swiss, cooked, boiled, drained, with salt",,Extraction multi-nutriments sur fiche USDA déjà validée manuellement (identité/cuisson/partie consommée vérifiées lors d'un lot précédent).,Élevé,2026-08-04
20301,"Bette ou blette, côte et feuille, bouillie/cuite à l'eau",Vitamine_B12_µg_100g,,0.0,µg,"USDA FoodData Central (SR Legacy) — Chard, swiss, cooked, boiled, drained, with salt",,Extraction multi-nutriments sur fiche USDA déjà validée manuellement (identité/cuisson/partie consommée vérifiées lors d'un lot précédent).,Élevé,2026-08-04
20302,"Brocoli, bouilli/cuit à l'eau, croquant",Vitamine_B9_µg_100g,,108.0,µg,"USDA FoodData Central (SR Legacy) — Broccoli, cooked, boiled, drained, with salt",,Extraction multi-nutriments sur fiche USDA déjà validée manuellement (identité/cuisson/partie consommée vérifiées lors d'un lot précédent).,Élevé,2026-08-04
20302,"Brocoli, bouilli/cuit à l'eau, croquant",Vitamine_D_µg_100g,,0.0,µg,"USDA FoodData Central (SR Legacy) — Broccoli, cooked, boiled, drained, with salt",,Extraction multi-nutriments sur fiche USDA déjà validée manuellement (identité/cuisson/partie consommée vérifiées lors d'un lot précédent).,Élevé,2026-08-04
20302,"Brocoli, bouilli/cuit à l'eau, croquant",Vitamine_B12_µg_100g,,0.0,µg,"USDA FoodData Central (SR Legacy) — Broccoli, cooked, boiled, drained, with salt",,Extraction multi-nutriments sur fiche USDA déjà validée manuellement (identité/cuisson/partie consommée vérifiées lors d'un lot précédent).,Élevé,2026-08-04
20303,"Brocoli, bouilli/cuit à l'eau, fondant",Vitamine_B9_µg_100g,,108.0,µg,"USDA FoodData Central (SR Legacy) — Broccoli, cooked, boiled, drained, with salt",,Extraction multi-nutriments sur fiche USDA déjà validée manuellement (identité/cuisson/partie consommée vérifiées lors d'un lot précédent).,Élevé,2026-08-04
20303,"Brocoli, bouilli/cuit à l'eau, fondant",Vitamine_D_µg_100g,,0.0,µg,"USDA FoodData Central (SR Legacy) — Broccoli, cooked, boiled, drained, with salt",,Extraction multi-nutriments sur fiche USDA déjà validée manuellement (identité/cuisson/partie consommée vérifiées lors d'un lot précédent).,Élevé,2026-08-04
20303,"Brocoli, bouilli/cuit à l'eau, fondant",Vitamine_B12_µg_100g,,0.0,µg,"USDA FoodData Central (SR Legacy) — Broccoli, cooked, boiled, drained, with salt",,Extraction multi-nutriments sur fiche USDA déjà validée manuellement (identité/cuisson/partie consommée vérifiées lors d'un lot précédent).,Élevé,2026-08-04
20351,"Brocoli, cuit (aliment moyen)",Vitamine_B9_µg_100g,,108.0,µg,"USDA FoodData Central (SR Legacy) — Broccoli, cooked, boiled, drained, with salt",,Extraction multi-nutriments sur fiche USDA déjà validée manuellement (identité/cuisson/partie consommée vérifiées lors d'un lot précédent).,Élevé,2026-08-04
20351,"Brocoli, cuit (aliment moyen)",Vitamine_D_µg_100g,,0.0,µg,"USDA FoodData Central (SR Legacy) — Broccoli, cooked, boiled, drained, with salt",,Extraction multi-nutriments sur fiche USDA déjà validée manuellement (identité/cuisson/partie consommée vérifiées lors d'un lot précédent).,Élevé,2026-08-04
20351,"Brocoli, cuit (aliment moyen)",Vitamine_B12_µg_100g,,0.0,µg,"USDA FoodData Central (SR Legacy) — Broccoli, cooked, boiled, drained, with salt",,Extraction multi-nutriments sur fiche USDA déjà validée manuellement (identité/cuisson/partie consommée vérifiées lors d'un lot précédent).,Élevé,2026-08-04
20304,"Brocoli, cuit à la vapeur",Vitamine_B9_µg_100g,,108.0,µg,"USDA FoodData Central (SR Legacy) — Broccoli, cooked, boiled, drained, with salt",,Extraction multi-nutriments sur fiche USDA déjà validée manuellement (identité/cuisson/partie consommée vérifiées lors d'un lot précédent).,Élevé,2026-08-04
20304,"Brocoli, cuit à la vapeur",Vitamine_D_µg_100g,,0.0,µg,"USDA FoodData Central (SR Legacy) — Broccoli, cooked, boiled, drained, with salt",,Extraction multi-nutriments sur fiche USDA déjà validée manuellement (identité/cuisson/partie consommée vérifiées lors d'un lot précédent).,Élevé,2026-08-04
20304,"Brocoli, cuit à la vapeur",Vitamine_B12_µg_100g,,0.0,µg,"USDA FoodData Central (SR Legacy) — Broccoli, cooked, boiled, drained, with salt",,Extraction multi-nutriments sur fiche USDA déjà validée manuellement (identité/cuisson/partie consommée vérifiées lors d'un lot précédent).,Élevé,2026-08-04
20007,"Carotte, appertisée, égouttée",Vitamine_B9_µg_100g,,9.0,µg,"USDA FoodData Central (SR Legacy) — Carrots, canned, no salt added, drained solids",,Extraction multi-nutriments sur fiche USDA déjà validée manuellement (identité/cuisson/partie consommée vérifiées lors d'un lot précédent).,Élevé,2026-08-04
20352,"Carotte, bouillie/cuite à l'eau (aliment moyen)",Vitamine_B9_µg_100g,,2.0,µg,"USDA FoodData Central (SR Legacy) — Carrots, cooked, boiled, drained, with salt",,Extraction multi-nutriments sur fiche USDA déjà validée manuellement (identité/cuisson/partie consommée vérifiées lors d'un lot précédent).,Élevé,2026-08-04
20352,"Carotte, bouillie/cuite à l'eau (aliment moyen)",Vitamine_D_µg_100g,,0.0,µg,"USDA FoodData Central (SR Legacy) — Carrots, cooked, boiled, drained, with salt",,Extraction multi-nutriments sur fiche USDA déjà validée manuellement (identité/cuisson/partie consommée vérifiées lors d'un lot précédent).,Élevé,2026-08-04
20352,"Carotte, bouillie/cuite à l'eau (aliment moyen)",Vitamine_B12_µg_100g,,0.0,µg,"USDA FoodData Central (SR Legacy) — Carrots, cooked, boiled, drained, with salt",,Extraction multi-nutriments sur fiche USDA déjà validée manuellement (identité/cuisson/partie consommée vérifiées lors d'un lot précédent).,Élevé,2026-08-04
20305,"Carotte, bouillie/cuite à l'eau, croquante",Vitamine_B9_µg_100g,,2.0,µg,"USDA FoodData Central (SR Legacy) — Carrots, cooked, boiled, drained, with salt",,Extraction multi-nutriments sur fiche USDA déjà validée manuellement (identité/cuisson/partie consommée vérifiées lors d'un lot précédent).,Élevé,2026-08-04
20305,"Carotte, bouillie/cuite à l'eau, croquante",Vitamine_D_µg_100g,,0.0,µg,"USDA FoodData Central (SR Legacy) — Carrots, cooked, boiled, drained, with salt",,Extraction multi-nutriments sur fiche USDA déjà validée manuellement (identité/cuisson/partie consommée vérifiées lors d'un lot précédent).,Élevé,2026-08-04
20305,"Carotte, bouillie/cuite à l'eau, croquante",Vitamine_B12_µg_100g,,0.0,µg,"USDA FoodData Central (SR Legacy) — Carrots, cooked, boiled, drained, with salt",,Extraction multi-nutriments sur fiche USDA déjà validée manuellement (identité/cuisson/partie consommée vérifiées lors d'un lot précédent).,Élevé,2026-08-04
20306,"Carotte, bouillie/cuite à l'eau, fondante",Vitamine_B9_µg_100g,,2.0,µg,"USDA FoodData Central (SR Legacy) — Carrots, cooked, boiled, drained, with salt",,Extraction multi-nutriments sur fiche USDA déjà validée manuellement (identité/cuisson/partie consommée vérifiées lors d'un lot précédent).,Élevé,2026-08-04
20306,"Carotte, bouillie/cuite à l'eau, fondante",Vitamine_D_µg_100g,,0.0,µg,"USDA FoodData Central (SR Legacy) — Carrots, cooked, boiled, drained, with salt",,Extraction multi-nutriments sur fiche USDA déjà validée manuellement (identité/cuisson/partie consommée vérifiées lors d'un lot précédent).,Élevé,2026-08-04
20306,"Carotte, bouillie/cuite à l'eau, fondante",Vitamine_B12_µg_100g,,0.0,µg,"USDA FoodData Central (SR Legacy) — Carrots, cooked, boiled, drained, with salt",,Extraction multi-nutriments sur fiche USDA déjà validée manuellement (identité/cuisson/partie consommée vérifiées lors d'un lot précédent).,Élevé,2026-08-04
20353,"Carotte, cuite (aliment moyen)",Vitamine_B9_µg_100g,,2.0,µg,"USDA FoodData Central (SR Legacy) — Carrots, cooked, boiled, drained, with salt",,Extraction multi-nutriments sur fiche USDA déjà validée manuellement (identité/cuisson/partie consommée vérifiées lors d'un lot précédent).,Élevé,2026-08-04
20353,"Carotte, cuite (aliment moyen)",Vitamine_D_µg_100g,,0.0,µg,"USDA FoodData Central (SR Legacy) — Carrots, cooked, boiled, drained, with salt",,Extraction multi-nutriments sur fiche USDA déjà validée manuellement (identité/cuisson/partie consommée vérifiées lors d'un lot précédent).,Élevé,2026-08-04
20353,"Carotte, cuite (aliment moyen)",Vitamine_B12_µg_100g,,0.0,µg,"USDA FoodData Central (SR Legacy) — Carrots, cooked, boiled, drained, with salt",,Extraction multi-nutriments sur fiche USDA déjà validée manuellement (identité/cuisson/partie consommée vérifiées lors d'un lot précédent).,Élevé,2026-08-04
20307,"Carotte, cuite à la vapeur",Vitamine_B9_µg_100g,,2.0,µg,"USDA FoodData Central (SR Legacy) — Carrots, cooked, boiled, drained, with salt",,Extraction multi-nutriments sur fiche USDA déjà validée manuellement (identité/cuisson/partie consommée vérifiées lors d'un lot précédent).,Élevé,2026-08-04
20307,"Carotte, cuite à la vapeur",Vitamine_D_µg_100g,,0.0,µg,"USDA FoodData Central (SR Legacy) — Carrots, cooked, boiled, drained, with salt",,Extraction multi-nutriments sur fiche USDA déjà validée manuellement (identité/cuisson/partie consommée vérifiées lors d'un lot précédent).,Élevé,2026-08-04
20307,"Carotte, cuite à la vapeur",Vitamine_B12_µg_100g,,0.0,µg,"USDA FoodData Central (SR Legacy) — Carrots, cooked, boiled, drained, with salt",,Extraction multi-nutriments sur fiche USDA déjà validée manuellement (identité/cuisson/partie consommée vérifiées lors d'un lot précédent).,Élevé,2026-08-04
20208,"Carotte, surgelée, crue",Vitamine_B9_µg_100g,,19.0,µg,"USDA FoodData Central (SR Legacy) — Carrots, raw",,Extraction multi-nutriments sur fiche USDA déjà validée manuellement (identité/cuisson/partie consommée vérifiées lors d'un lot précédent).,Élevé,2026-08-04
20208,"Carotte, surgelée, crue",Sélénium_µg_100g,,0.1,µg,"USDA FoodData Central (SR Legacy) — Carrots, raw",,Extraction multi-nutriments sur fiche USDA déjà validée manuellement (identité/cuisson/partie consommée vérifiées lors d'un lot précédent).,Élevé,2026-08-04
20354,"Céleri branche, cuit (aliment moyen)",Vitamine_K1_µg_100g,,37.8,µg,"USDA FoodData Central (SR Legacy) — Celery, cooked, boiled, drained, with salt",,Extraction multi-nutriments sur fiche USDA déjà validée manuellement (identité/cuisson/partie consommée vérifiées lors d'un lot précédent).,Élevé,2026-08-04
20354,"Céleri branche, cuit (aliment moyen)",Vitamine_B9_µg_100g,,22.0,µg,"USDA FoodData Central (SR Legacy) — Celery, cooked, boiled, drained, with salt",,Extraction multi-nutriments sur fiche USDA déjà validée manuellement (identité/cuisson/partie consommée vérifiées lors d'un lot précédent).,Élevé,2026-08-04
20354,"Céleri branche, cuit (aliment moyen)",Vitamine_D_µg_100g,,0.0,µg,"USDA FoodData Central (SR Legacy) — Celery, cooked, boiled, drained, with salt",,Extraction multi-nutriments sur fiche USDA déjà validée manuellement (identité/cuisson/partie consommée vérifiées lors d'un lot précédent).,Élevé,2026-08-04
20354,"Céleri branche, cuit (aliment moyen)",Vitamine_B12_µg_100g,,0.0,µg,"USDA FoodData Central (SR Legacy) — Celery, cooked, boiled, drained, with salt",,Extraction multi-nutriments sur fiche USDA déjà validée manuellement (identité/cuisson/partie consommée vérifiées lors d'un lot précédent).,Élevé,2026-08-04
20314,"Céleri branche, cuit à l'étouffée",Vitamine_B9_µg_100g,,22.0,µg,"USDA FoodData Central (SR Legacy) — Celery, cooked, boiled, drained, with salt",,Extraction multi-nutriments sur fiche USDA déjà validée manuellement (identité/cuisson/partie consommée vérifiées lors d'un lot précédent).,Élevé,2026-08-04
20314,"Céleri branche, cuit à l'étouffée",Vitamine_D_µg_100g,,0.0,µg,"USDA FoodData Central (SR Legacy) — Celery, cooked, boiled, drained, with salt",,Extraction multi-nutriments sur fiche USDA déjà validée manuellement (identité/cuisson/partie consommée vérifiées lors d'un lot précédent).,Élevé,2026-08-04
20314,"Céleri branche, cuit à l'étouffée",Vitamine_B12_µg_100g,,0.0,µg,"USDA FoodData Central (SR Legacy) — Celery, cooked, boiled, drained, with salt",,Extraction multi-nutriments sur fiche USDA déjà validée manuellement (identité/cuisson/partie consommée vérifiées lors d'un lot précédent).,Élevé,2026-08-04
20055,"Céleri-rave, cru",Vitamine_B9_µg_100g,,8.0,µg,"USDA FoodData Central (SR Legacy) — Celeriac, raw",,Extraction multi-nutriments sur fiche USDA déjà validée manuellement (identité/cuisson/partie consommée vérifiées lors d'un lot précédent).,Élevé,2026-08-04
20079,"Champignon de Paris ou champignon de couche, appertisé, égoutté",Vitamine_B9_µg_100g,,12.0,µg,"USDA FoodData Central (SR Legacy) — Mushrooms, canned, drained solids",,Extraction multi-nutriments sur fiche USDA déjà validée manuellement (identité/cuisson/partie consommée vérifiées lors d'un lot précédent).,Élevé,2026-08-04
20102,"Champignon de Paris ou champignon de couche, bouilli/cuit à l'eau",Vitamine_B9_µg_100g,,18.0,µg,"USDA FoodData Central (SR Legacy) — Mushrooms, white, cooked, boiled, drained, with salt",,Extraction multi-nutriments sur fiche USDA déjà validée manuellement (identité/cuisson/partie consommée vérifiées lors d'un lot précédent).,Élevé,2026-08-04
20228,"Champignon de Paris ou champignon de couche, surgelé, cru",Vitamine_K1_µg_100g,,0.0,µg,"USDA FoodData Central (SR Legacy) — Mushrooms, white, raw",,Extraction multi-nutriments sur fiche USDA déjà validée manuellement (identité/cuisson/partie consommée vérifiées lors d'un lot précédent).,Élevé,2026-08-04
20228,"Champignon de Paris ou champignon de couche, surgelé, cru",Vitamine_B9_µg_100g,,17.0,µg,"USDA FoodData Central (SR Legacy) — Mushrooms, white, raw",,Extraction multi-nutriments sur fiche USDA déjà validée manuellement (identité/cuisson/partie consommée vérifiées lors d'un lot précédent).,Élevé,2026-08-04
20228,"Champignon de Paris ou champignon de couche, surgelé, cru",Vitamine_D_µg_100g,,0.2,µg,"USDA FoodData Central (SR Legacy) — Mushrooms, white, raw",,Extraction multi-nutriments sur fiche USDA déjà validée manuellement (identité/cuisson/partie consommée vérifiées lors d'un lot précédent).,Élevé,2026-08-04
20228,"Champignon de Paris ou champignon de couche, surgelé, cru",Vitamine_B12_µg_100g,,0.04,µg,"USDA FoodData Central (SR Legacy) — Mushrooms, white, raw",,Extraction multi-nutriments sur fiche USDA déjà validée manuellement (identité/cuisson/partie consommée vérifiées lors d'un lot précédent).,Élevé,2026-08-04
20228,"Champignon de Paris ou champignon de couche, surgelé, cru",Sélénium_µg_100g,,9.3,µg,"USDA FoodData Central (SR Legacy) — Mushrooms, white, raw",,Extraction multi-nutriments sur fiche USDA déjà validée manuellement (identité/cuisson/partie consommée vérifiées lors d'un lot précédent).,Élevé,2026-08-04
20228,"Champignon de Paris ou champignon de couche, surgelé, cru",Beta-Carotène_µg_100g,,0.0,µg,"USDA FoodData Central (SR Legacy) — Mushrooms, white, raw",,Extraction multi-nutriments sur fiche USDA déjà validée manuellement (identité/cuisson/partie consommée vérifiées lors d'un lot précédent).,Élevé,2026-08-04
20211,"Champignon, lentin comestible ou shiitaké, séché",Vitamine_B9_µg_100g,,163.0,µg,"USDA FoodData Central (SR Legacy) — Mushrooms, shiitake, dried",,Extraction multi-nutriments sur fiche USDA déjà validée manuellement (identité/cuisson/partie consommée vérifiées lors d'un lot précédent).,Élevé,2026-08-04
20211,"Champignon, lentin comestible ou shiitaké, séché",Sélénium_µg_100g,,46.1,µg,"USDA FoodData Central (SR Legacy) — Mushrooms, shiitake, dried",,Extraction multi-nutriments sur fiche USDA déjà validée manuellement (identité/cuisson/partie consommée vérifiées lors d'un lot précédent).,Élevé,2026-08-04
20011,"Champignon, tout type, appertisé, égoutté",Vitamine_B9_µg_100g,,12.0,µg,"USDA FoodData Central (SR Legacy) — Mushrooms, canned, drained solids",,Extraction multi-nutriments sur fiche USDA déjà validée manuellement (identité/cuisson/partie consommée vérifiées lors d'un lot précédent).,Moyen,2026-08-04
20308,"Chou blanc, bouilli/cuit à l'eau",Vitamine_B9_µg_100g,,30.0,µg,"USDA FoodData Central (SR Legacy) — Cabbage, common, cooked, boiled, drained, with salt",,Extraction multi-nutriments sur fiche USDA déjà validée manuellement (identité/cuisson/partie consommée vérifiées lors d'un lot précédent).,Élevé,2026-08-04
20308,"Chou blanc, bouilli/cuit à l'eau",Vitamine_D_µg_100g,,0.0,µg,"USDA FoodData Central (SR Legacy) — Cabbage, common, cooked, boiled, drained, with salt",,Extraction multi-nutriments sur fiche USDA déjà validée manuellement (identité/cuisson/partie consommée vérifiées lors d'un lot précédent).,Élevé,2026-08-04
20308,"Chou blanc, bouilli/cuit à l'eau",Vitamine_B12_µg_100g,,0.0,µg,"USDA FoodData Central (SR Legacy) — Cabbage, common, cooked, boiled, drained, with salt",,Extraction multi-nutriments sur fiche USDA déjà validée manuellement (identité/cuisson/partie consommée vérifiées lors d'un lot précédent).,Élevé,2026-08-04
20340,"Chou chinois pak choï ou pak choy (feuilles vertes ressemblant à des blettes), cru",Vitamine_B9_µg_100g,,66.0,µg,"USDA FoodData Central (SR Legacy) — Cabbage, chinese (pak-choi), raw",,Extraction multi-nutriments sur fiche USDA déjà validée manuellement (identité/cuisson/partie consommée vérifiées lors d'un lot précédent).,Élevé,2026-08-04
20340,"Chou chinois pak choï ou pak choy (feuilles vertes ressemblant à des blettes), cru",Sélénium_µg_100g,,0.5,µg,"USDA FoodData Central (SR Legacy) — Cabbage, chinese (pak-choi), raw",,Extraction multi-nutriments sur fiche USDA déjà validée manuellement (identité/cuisson/partie consommée vérifiées lors d'un lot précédent).,Élevé,2026-08-04
20167,"Chou chinois pé-tsaï, cru",Vitamine_B9_µg_100g,,66.0,µg,"USDA FoodData Central (SR Legacy) — Cabbage, chinese (pak-choi), raw",,Extraction multi-nutriments sur fiche USDA déjà validée manuellement (identité/cuisson/partie consommée vérifiées lors d'un lot précédent).,Élevé,2026-08-04
20167,"Chou chinois pé-tsaï, cru",Beta-Carotène_µg_100g,,2681.0,µg,"USDA FoodData Central (SR Legacy) — Cabbage, chinese (pak-choi), raw",,Extraction multi-nutriments sur fiche USDA déjà validée manuellement (identité/cuisson/partie consommée vérifiées lors d'un lot précédent).,Élevé,2026-08-04
20221,"Chou chinois pé-tsaï, sauté/poêlé",Vitamine_B9_µg_100g,,41.0,µg,"USDA FoodData Central (SR Legacy) — Cabbage, chinese (pak-choi), cooked, boiled, drained, with salt",,Extraction multi-nutriments sur fiche USDA déjà validée manuellement (identité/cuisson/partie consommée vérifiées lors d'un lot précédent).,Élevé,2026-08-04
20221,"Chou chinois pé-tsaï, sauté/poêlé",Vitamine_B12_µg_100g,,0.0,µg,"USDA FoodData Central (SR Legacy) — Cabbage, chinese (pak-choi), cooked, boiled, drained, with salt",,Extraction multi-nutriments sur fiche USDA déjà validée manuellement (identité/cuisson/partie consommée vérifiées lors d'un lot précédent).,Élevé,2026-08-04
20309,"Chou de Bruxelles, bouilli/cuit à l'eau",Vitamine_B9_µg_100g,,60.0,µg,"USDA FoodData Central (SR Legacy) — Brussels sprouts, cooked, boiled, drained, with salt",,Extraction multi-nutriments sur fiche USDA déjà validée manuellement (identité/cuisson/partie consommée vérifiées lors d'un lot précédent).,Élevé,2026-08-04
20309,"Chou de Bruxelles, bouilli/cuit à l'eau",Vitamine_D_µg_100g,,0.0,µg,"USDA FoodData Central (SR Legacy) — Brussels sprouts, cooked, boiled, drained, with salt",,Extraction multi-nutriments sur fiche USDA déjà validée manuellement (identité/cuisson/partie consommée vérifiées lors d'un lot précédent).,Élevé,2026-08-04
20309,"Chou de Bruxelles, bouilli/cuit à l'eau",Vitamine_B12_µg_100g,,0.0,µg,"USDA FoodData Central (SR Legacy) — Brussels sprouts, cooked, boiled, drained, with salt",,Extraction multi-nutriments sur fiche USDA déjà validée manuellement (identité/cuisson/partie consommée vérifiées lors d'un lot précédent).,Élevé,2026-08-04
20218,"Chou frisé, cru",Vitamine_B9_µg_100g,,62.0,µg,"USDA FoodData Central (SR Legacy) — Kale, raw",,Extraction multi-nutriments sur fiche USDA déjà validée manuellement (identité/cuisson/partie consommée vérifiées lors d'un lot précédent).,Élevé,2026-08-04
20219,"Chou frisé, cuit",Vitamine_B9_µg_100g,,65.0,µg,"USDA FoodData Central (SR Legacy) — Kale, cooked, boiled, drained, with salt",,Extraction multi-nutriments sur fiche USDA déjà validée manuellement (identité/cuisson/partie consommée vérifiées lors d'un lot précédent).,Élevé,2026-08-04
20219,"Chou frisé, cuit",Sélénium_µg_100g,,1.0,µg,"USDA FoodData Central (SR Legacy) — Kale, cooked, boiled, drained, with salt",,Extraction multi-nutriments sur fiche USDA déjà validée manuellement (identité/cuisson/partie consommée vérifiées lors d'un lot précédent).,Élevé,2026-08-04
20219,"Chou frisé, cuit",Beta-Carotène_µg_100g,,1731.0,µg,"USDA FoodData Central (SR Legacy) — Kale, cooked, boiled, drained, with salt",,Extraction multi-nutriments sur fiche USDA déjà validée manuellement (identité/cuisson/partie consommée vérifiées lors d'un lot précédent).,Élevé,2026-08-04
20290,"Chou romanesco ou brocoli à pomme, cuit",Vitamine_B9_µg_100g,,44.0,µg,"USDA FoodData Central (SR Legacy) — Cauliflower, cooked, boiled, drained, with salt",,Extraction multi-nutriments sur fiche USDA déjà validée manuellement (identité/cuisson/partie consommée vérifiées lors d'un lot précédent).,Moyen,2026-08-04
20290,"Chou romanesco ou brocoli à pomme, cuit",Vitamine_B12_µg_100g,,0.0,µg,"USDA FoodData Central (SR Legacy) — Cauliflower, cooked, boiled, drained, with salt",,Extraction multi-nutriments sur fiche USDA déjà validée manuellement (identité/cuisson/partie consommée vérifiées lors d'un lot précédent).,Moyen,2026-08-04
20095,"Chou rouge, bouilli/cuit à l'eau",Vitamine_B9_µg_100g,,24.0,µg,"USDA FoodData Central (SR Legacy) — Cabbage, red, cooked, boiled, drained, with salt",,Extraction multi-nutriments sur fiche USDA déjà validée manuellement (identité/cuisson/partie consommée vérifiées lors d'un lot précédent).,Élevé,2026-08-04
20355,"Chou rouge, cuit (aliment moyen)",Vitamine_B9_µg_100g,,24.0,µg,"USDA FoodData Central (SR Legacy) — Cabbage, red, cooked, boiled, drained, with salt",,Extraction multi-nutriments sur fiche USDA déjà validée manuellement (identité/cuisson/partie consommée vérifiées lors d'un lot précédent).,Élevé,2026-08-04
20355,"Chou rouge, cuit (aliment moyen)",Vitamine_D_µg_100g,,0.0,µg,"USDA FoodData Central (SR Legacy) — Cabbage, red, cooked, boiled, drained, with salt",,Extraction multi-nutriments sur fiche USDA déjà validée manuellement (identité/cuisson/partie consommée vérifiées lors d'un lot précédent).,Élevé,2026-08-04
20355,"Chou rouge, cuit (aliment moyen)",Vitamine_B12_µg_100g,,0.0,µg,"USDA FoodData Central (SR Legacy) — Cabbage, red, cooked, boiled, drained, with salt",,Extraction multi-nutriments sur fiche USDA déjà validée manuellement (identité/cuisson/partie consommée vérifiées lors d'un lot précédent).,Élevé,2026-08-04
20310,"Chou rouge, cuit à l'étouffée",Vitamine_B9_µg_100g,,24.0,µg,"USDA FoodData Central (SR Legacy) — Cabbage, red, cooked, boiled, drained, with salt",,Extraction multi-nutriments sur fiche USDA déjà validée manuellement (identité/cuisson/partie consommée vérifiées lors d'un lot précédent).,Élevé,2026-08-04
20310,"Chou rouge, cuit à l'étouffée",Vitamine_D_µg_100g,,0.0,µg,"USDA FoodData Central (SR Legacy) — Cabbage, red, cooked, boiled, drained, with salt",,Extraction multi-nutriments sur fiche USDA déjà validée manuellement (identité/cuisson/partie consommée vérifiées lors d'un lot précédent).,Élevé,2026-08-04
20310,"Chou rouge, cuit à l'étouffée",Vitamine_B12_µg_100g,,0.0,µg,"USDA FoodData Central (SR Legacy) — Cabbage, red, cooked, boiled, drained, with salt",,Extraction multi-nutriments sur fiche USDA déjà validée manuellement (identité/cuisson/partie consommée vérifiées lors d'un lot précédent).,Élevé,2026-08-04
20311,"Chou vert, bouilli/cuit à l'eau",Vitamine_B9_µg_100g,,30.0,µg,"USDA FoodData Central (SR Legacy) — Cabbage, common, cooked, boiled, drained, with salt",,Extraction multi-nutriments sur fiche USDA déjà validée manuellement (identité/cuisson/partie consommée vérifiées lors d'un lot précédent).,Élevé,2026-08-04
20311,"Chou vert, bouilli/cuit à l'eau",Vitamine_D_µg_100g,,0.0,µg,"USDA FoodData Central (SR Legacy) — Cabbage, common, cooked, boiled, drained, with salt",,Extraction multi-nutriments sur fiche USDA déjà validée manuellement (identité/cuisson/partie consommée vérifiées lors d'un lot précédent).,Élevé,2026-08-04
20311,"Chou vert, bouilli/cuit à l'eau",Vitamine_B12_µg_100g,,0.0,µg,"USDA FoodData Central (SR Legacy) — Cabbage, common, cooked, boiled, drained, with salt",,Extraction multi-nutriments sur fiche USDA déjà validée manuellement (identité/cuisson/partie consommée vérifiées lors d'un lot précédent).,Élevé,2026-08-04
20015,"Chou vert, cuit",Vitamine_B9_µg_100g,,30.0,µg,"USDA FoodData Central (SR Legacy) — Cabbage, common, cooked, boiled, drained, with salt",,Extraction multi-nutriments sur fiche USDA déjà validée manuellement (identité/cuisson/partie consommée vérifiées lors d'un lot précédent).,Élevé,2026-08-04
20017,"Chou-fleur, bouilli/cuit à l'eau",Vitamine_B9_µg_100g,,44.0,µg,"USDA FoodData Central (SR Legacy) — Cauliflower, cooked, boiled, drained, with salt",,Extraction multi-nutriments sur fiche USDA déjà validée manuellement (identité/cuisson/partie consommée vérifiées lors d'un lot précédent).,Élevé,2026-08-04
20166,"Citrouille, chair sans peau, crue",Vitamine_B9_µg_100g,,16.0,µg,"USDA FoodData Central (SR Legacy) — Pumpkin, raw",,Extraction multi-nutriments sur fiche USDA déjà validée manuellement (identité/cuisson/partie consommée vérifiées lors d'un lot précédent).,Élevé,2026-08-04
20166,"Citrouille, chair sans peau, crue",Sélénium_µg_100g,,0.3,µg,"USDA FoodData Central (SR Legacy) — Pumpkin, raw",,Extraction multi-nutriments sur fiche USDA déjà validée manuellement (identité/cuisson/partie consommée vérifiées lors d'un lot précédent).,Élevé,2026-08-04
20808,"Concombre, chair sans peau, avec pépins, cru, prélevé à la Martinique",Vitamine_K1_µg_100g,,7.2,µg,"USDA FoodData Central (SR Legacy) — Cucumber, peeled, raw",,Extraction multi-nutriments sur fiche USDA déjà validée manuellement (identité/cuisson/partie consommée vérifiées lors d'un lot précédent).,Élevé,2026-08-04
20808,"Concombre, chair sans peau, avec pépins, cru, prélevé à la Martinique",Vitamine_B9_µg_100g,,14.0,µg,"USDA FoodData Central (SR Legacy) — Cucumber, peeled, raw",,Extraction multi-nutriments sur fiche USDA déjà validée manuellement (identité/cuisson/partie consommée vérifiées lors d'un lot précédent).,Élevé,2026-08-04
20808,"Concombre, chair sans peau, avec pépins, cru, prélevé à la Martinique",Vitamine_D_µg_100g,,0.0,µg,"USDA FoodData Central (SR Legacy) — Cucumber, peeled, raw",,Extraction multi-nutriments sur fiche USDA déjà validée manuellement (identité/cuisson/partie consommée vérifiées lors d'un lot précédent).,Élevé,2026-08-04
20808,"Concombre, chair sans peau, avec pépins, cru, prélevé à la Martinique",Vitamine_B12_µg_100g,,0.0,µg,"USDA FoodData Central (SR Legacy) — Cucumber, peeled, raw",,Extraction multi-nutriments sur fiche USDA déjà validée manuellement (identité/cuisson/partie consommée vérifiées lors d'un lot précédent).,Élevé,2026-08-04
20808,"Concombre, chair sans peau, avec pépins, cru, prélevé à la Martinique",Sélénium_µg_100g,,0.1,µg,"USDA FoodData Central (SR Legacy) — Cucumber, peeled, raw",,Extraction multi-nutriments sur fiche USDA déjà validée manuellement (identité/cuisson/partie consommée vérifiées lors d'un lot précédent).,Élevé,2026-08-04
20808,"Concombre, chair sans peau, avec pépins, cru, prélevé à la Martinique",Beta-Carotène_µg_100g,,31.0,µg,"USDA FoodData Central (SR Legacy) — Cucumber, peeled, raw",,Extraction multi-nutriments sur fiche USDA déjà validée manuellement (identité/cuisson/partie consommée vérifiées lors d'un lot précédent).,Élevé,2026-08-04
20210,"Concombre, chair sans peau, cru",Vitamine_B9_µg_100g,,14.0,µg,"USDA FoodData Central (SR Legacy) — Cucumber, peeled, raw",,Extraction multi-nutriments sur fiche USDA déjà validée manuellement (identité/cuisson/partie consommée vérifiées lors d'un lot précédent).,Élevé,2026-08-04
20020,"Courgette, chair et peau, crue",Vitamine_B9_µg_100g,,24.0,µg,"USDA FoodData Central (SR Legacy) — Squash, summer, zucchini, includes skin, raw",,Extraction multi-nutriments sur fiche USDA déjà validée manuellement (identité/cuisson/partie consommée vérifiées lors d'un lot précédent).,Élevé,2026-08-04
20230,"Courgette, chair et peau, surgelée, crue",Vitamine_B9_µg_100g,,24.0,µg,"USDA FoodData Central (SR Legacy) — Squash, summer, zucchini, includes skin, raw",,Extraction multi-nutriments sur fiche USDA déjà validée manuellement (identité/cuisson/partie consommée vérifiées lors d'un lot précédent).,Élevé,2026-08-04
20230,"Courgette, chair et peau, surgelée, crue",Sélénium_µg_100g,,0.2,µg,"USDA FoodData Central (SR Legacy) — Squash, summer, zucchini, includes skin, raw",,Extraction multi-nutriments sur fiche USDA déjà validée manuellement (identité/cuisson/partie consommée vérifiées lors d'un lot précédent).,Élevé,2026-08-04
20199,"Cresson alénois, cru",Vitamine_B9_µg_100g,,9.0,µg,"USDA FoodData Central (SR Legacy) — Watercress, raw",,Extraction multi-nutriments sur fiche USDA déjà validée manuellement (identité/cuisson/partie consommée vérifiées lors d'un lot précédent).,Moyen,2026-08-04
20199,"Cresson alénois, cru",Sélénium_µg_100g,,0.9,µg,"USDA FoodData Central (SR Legacy) — Watercress, raw",,Extraction multi-nutriments sur fiche USDA déjà validée manuellement (identité/cuisson/partie consommée vérifiées lors d'un lot précédent).,Moyen,2026-08-04
20022,"Cresson de fontaine, cru",Vitamine_B9_µg_100g,,9.0,µg,"USDA FoodData Central (SR Legacy) — Watercress, raw",,Extraction multi-nutriments sur fiche USDA déjà validée manuellement (identité/cuisson/partie consommée vérifiées lors d'un lot précédent).,Moyen,2026-08-04
20022,"Cresson de fontaine, cru",Sélénium_µg_100g,,0.9,µg,"USDA FoodData Central (SR Legacy) — Watercress, raw",,Extraction multi-nutriments sur fiche USDA déjà validée manuellement (identité/cuisson/partie consommée vérifiées lors d'un lot précédent).,Moyen,2026-08-04
20810,"Cresson, feuille, cru, prélevé à la Martinique",Vitamine_B9_µg_100g,,9.0,µg,"USDA FoodData Central (SR Legacy) — Watercress, raw",,Extraction multi-nutriments sur fiche USDA déjà validée manuellement (identité/cuisson/partie consommée vérifiées lors d'un lot précédent).,Moyen,2026-08-04
20810,"Cresson, feuille, cru, prélevé à la Martinique",Vitamine_D_µg_100g,,0.0,µg,"USDA FoodData Central (SR Legacy) — Watercress, raw",,Extraction multi-nutriments sur fiche USDA déjà validée manuellement (identité/cuisson/partie consommée vérifiées lors d'un lot précédent).,Moyen,2026-08-04
20810,"Cresson, feuille, cru, prélevé à la Martinique",Vitamine_B12_µg_100g,,0.0,µg,"USDA FoodData Central (SR Legacy) — Watercress, raw",,Extraction multi-nutriments sur fiche USDA déjà validée manuellement (identité/cuisson/partie consommée vérifiées lors d'un lot précédent).,Moyen,2026-08-04
20810,"Cresson, feuille, cru, prélevé à la Martinique",Sélénium_µg_100g,,0.9,µg,"USDA FoodData Central (SR Legacy) — Watercress, raw",,Extraction multi-nutriments sur fiche USDA déjà validée manuellement (identité/cuisson/partie consommée vérifiées lors d'un lot précédent).,Moyen,2026-08-04
20097,"Échalote, crue",Vitamine_B9_µg_100g,,34.0,µg,"USDA FoodData Central (SR Legacy) — Shallots, raw",,Extraction multi-nutriments sur fiche USDA déjà validée manuellement (identité/cuisson/partie consommée vérifiées lors d'un lot précédent).,Élevé,2026-08-04
20026,"Endive, crue",Vitamine_B9_µg_100g,,142.0,µg,"USDA FoodData Central (SR Legacy) — Endive, raw",,Extraction multi-nutriments sur fiche USDA déjà validée manuellement (identité/cuisson/partie consommée vérifiées lors d'un lot précédent).,Élevé,2026-08-04
20270,"Épinard, jeunes pousses pour salades, cru",Vitamine_B9_µg_100g,,194.0,µg,"USDA FoodData Central (SR Legacy) — Spinach, raw",,Extraction multi-nutriments sur fiche USDA déjà validée manuellement (identité/cuisson/partie consommée vérifiées lors d'un lot précédent).,Élevé,2026-08-04
20270,"Épinard, jeunes pousses pour salades, cru",Vitamine_B12_µg_100g,,0.0,µg,"USDA FoodData Central (SR Legacy) — Spinach, raw",,Extraction multi-nutriments sur fiche USDA déjà validée manuellement (identité/cuisson/partie consommée vérifiées lors d'un lot précédent).,Élevé,2026-08-04
20062,"Haricot vert, appertisé, égoutté",Vitamine_B9_µg_100g,,28.0,µg,"USDA FoodData Central (SR Legacy) — Beans, snap, green, canned, no salt added, drained solids",,Extraction multi-nutriments sur fiche USDA déjà validée manuellement (identité/cuisson/partie consommée vérifiées lors d'un lot précédent).,Élevé,2026-08-04
20030,"Haricot vert, cuit",Vitamine_B9_µg_100g,,33.0,µg,"USDA FoodData Central (SR Legacy) — Beans, snap, green, cooked, boiled, drained, with salt",,Extraction multi-nutriments sur fiche USDA déjà validée manuellement (identité/cuisson/partie consommée vérifiées lors d'un lot précédent).,Élevé,2026-08-04
20071,"Haricot vert, surgelé, cuit",Vitamine_B9_µg_100g,,33.0,µg,"USDA FoodData Central (SR Legacy) — Beans, snap, green, cooked, boiled, drained, with salt",,Extraction multi-nutriments sur fiche USDA déjà validée manuellement (identité/cuisson/partie consommée vérifiées lors d'un lot précédent).,Élevé,2026-08-04
20049,"Maïs doux, en épis, cuit",Vitamine_B9_µg_100g,,23.0,µg,"USDA FoodData Central (SR Legacy) — Corn, sweet, yellow, cooked, boiled, drained, with salt",,Extraction multi-nutriments sur fiche USDA déjà validée manuellement (identité/cuisson/partie consommée vérifiées lors d'un lot précédent).,Élevé,2026-08-04
20108,"Maïs doux, en épis, surgelé, cru",Vitamine_B9_µg_100g,,42.0,µg,"USDA FoodData Central (SR Legacy) — Corn, sweet, yellow, raw",,Extraction multi-nutriments sur fiche USDA déjà validée manuellement (identité/cuisson/partie consommée vérifiées lors d'un lot précédent).,Élevé,2026-08-04
20233,"Maïs doux, surgelé, cru",Vitamine_B9_µg_100g,,42.0,µg,"USDA FoodData Central (SR Legacy) — Corn, sweet, yellow, raw",,Extraction multi-nutriments sur fiche USDA déjà validée manuellement (identité/cuisson/partie consommée vérifiées lors d'un lot précédent).,Élevé,2026-08-04
20233,"Maïs doux, surgelé, cru",Sélénium_µg_100g,,0.6,µg,"USDA FoodData Central (SR Legacy) — Corn, sweet, yellow, raw",,Extraction multi-nutriments sur fiche USDA déjà validée manuellement (identité/cuisson/partie consommée vérifiées lors d'un lot précédent).,Élevé,2026-08-04
20321,"Navet, bouilli/cuit à l'eau",Vitamine_B9_µg_100g,,9.0,µg,"USDA FoodData Central (SR Legacy) — Turnips, cooked, boiled, drained, with salt",,Extraction multi-nutriments sur fiche USDA déjà validée manuellement (identité/cuisson/partie consommée vérifiées lors d'un lot précédent).,Élevé,2026-08-04
20321,"Navet, bouilli/cuit à l'eau",Vitamine_D_µg_100g,,0.0,µg,"USDA FoodData Central (SR Legacy) — Turnips, cooked, boiled, drained, with salt",,Extraction multi-nutriments sur fiche USDA déjà validée manuellement (identité/cuisson/partie consommée vérifiées lors d'un lot précédent).,Élevé,2026-08-04
20321,"Navet, bouilli/cuit à l'eau",Vitamine_B12_µg_100g,,0.0,µg,"USDA FoodData Central (SR Legacy) — Turnips, cooked, boiled, drained, with salt",,Extraction multi-nutriments sur fiche USDA déjà validée manuellement (identité/cuisson/partie consommée vérifiées lors d'un lot précédent).,Élevé,2026-08-04
20033,"Navet, cuit",Vitamine_B9_µg_100g,,9.0,µg,"USDA FoodData Central (SR Legacy) — Turnips, cooked, boiled, drained, with salt",,Extraction multi-nutriments sur fiche USDA déjà validée manuellement (identité/cuisson/partie consommée vérifiées lors d'un lot précédent).,Élevé,2026-08-04
20064,"Navet, pelé, cru",Vitamine_B9_µg_100g,,15.0,µg,"USDA FoodData Central (SR Legacy) — Turnips, raw",,Extraction multi-nutriments sur fiche USDA déjà validée manuellement (identité/cuisson/partie consommée vérifiées lors d'un lot précédent).,Élevé,2026-08-04
20234,"Navet, surgelé, cru",Vitamine_K1_µg_100g,,0.1,µg,"USDA FoodData Central (SR Legacy) — Turnips, raw",,Extraction multi-nutriments sur fiche USDA déjà validée manuellement (identité/cuisson/partie consommée vérifiées lors d'un lot précédent).,Élevé,2026-08-04
20234,"Navet, surgelé, cru",Vitamine_B9_µg_100g,,15.0,µg,"USDA FoodData Central (SR Legacy) — Turnips, raw",,Extraction multi-nutriments sur fiche USDA déjà validée manuellement (identité/cuisson/partie consommée vérifiées lors d'un lot précédent).,Élevé,2026-08-04
20234,"Navet, surgelé, cru",Sélénium_µg_100g,,0.7,µg,"USDA FoodData Central (SR Legacy) — Turnips, raw",,Extraction multi-nutriments sur fiche USDA déjà validée manuellement (identité/cuisson/partie consommée vérifiées lors d'un lot précédent).,Élevé,2026-08-04
20234,"Navet, surgelé, cru",Beta-Carotène_µg_100g,,0.0,µg,"USDA FoodData Central (SR Legacy) — Turnips, raw",,Extraction multi-nutriments sur fiche USDA déjà validée manuellement (identité/cuisson/partie consommée vérifiées lors d'un lot précédent).,Élevé,2026-08-04
20322,"Oignon blanc ou jaune, sauté/poêlé sans matière grasse",Vitamine_B9_µg_100g,,15.0,µg,"USDA FoodData Central (SR Legacy) — Onions, cooked, boiled, drained, with salt",,Extraction multi-nutriments sur fiche USDA déjà validée manuellement (identité/cuisson/partie consommée vérifiées lors d'un lot précédent).,Élevé,2026-08-04
20322,"Oignon blanc ou jaune, sauté/poêlé sans matière grasse",Vitamine_D_µg_100g,,0.0,µg,"USDA FoodData Central (SR Legacy) — Onions, cooked, boiled, drained, with salt",,Extraction multi-nutriments sur fiche USDA déjà validée manuellement (identité/cuisson/partie consommée vérifiées lors d'un lot précédent).,Élevé,2026-08-04
20322,"Oignon blanc ou jaune, sauté/poêlé sans matière grasse",Vitamine_B12_µg_100g,,0.0,µg,"USDA FoodData Central (SR Legacy) — Onions, cooked, boiled, drained, with salt",,Extraction multi-nutriments sur fiche USDA déjà validée manuellement (identité/cuisson/partie consommée vérifiées lors d'un lot précédent).,Élevé,2026-08-04
20239,"Oignon jaune, cru",Vitamine_B9_µg_100g,,19.0,µg,"USDA FoodData Central (SR Legacy) — Onions, raw",,Extraction multi-nutriments sur fiche USDA déjà validée manuellement (identité/cuisson/partie consommée vérifiées lors d'un lot précédent).,Élevé,2026-08-04
20239,"Oignon jaune, cru",Vitamine_D_µg_100g,,0.0,µg,"USDA FoodData Central (SR Legacy) — Onions, raw",,Extraction multi-nutriments sur fiche USDA déjà validée manuellement (identité/cuisson/partie consommée vérifiées lors d'un lot précédent).,Élevé,2026-08-04
20239,"Oignon jaune, cru",Vitamine_B12_µg_100g,,0.0,µg,"USDA FoodData Central (SR Legacy) — Onions, raw",,Extraction multi-nutriments sur fiche USDA déjà validée manuellement (identité/cuisson/partie consommée vérifiées lors d'un lot précédent).,Élevé,2026-08-04
20323,"Oignon nouveau ou oignon frais ou cébette, sauté/poêlé sans matière grasse",Vitamine_B9_µg_100g,,15.0,µg,"USDA FoodData Central (SR Legacy) — Onions, cooked, boiled, drained, with salt",,Extraction multi-nutriments sur fiche USDA déjà validée manuellement (identité/cuisson/partie consommée vérifiées lors d'un lot précédent).,Élevé,2026-08-04
20323,"Oignon nouveau ou oignon frais ou cébette, sauté/poêlé sans matière grasse",Vitamine_D_µg_100g,,0.0,µg,"USDA FoodData Central (SR Legacy) — Onions, cooked, boiled, drained, with salt",,Extraction multi-nutriments sur fiche USDA déjà validée manuellement (identité/cuisson/partie consommée vérifiées lors d'un lot précédent).,Élevé,2026-08-04
20323,"Oignon nouveau ou oignon frais ou cébette, sauté/poêlé sans matière grasse",Vitamine_B12_µg_100g,,0.0,µg,"USDA FoodData Central (SR Legacy) — Onions, cooked, boiled, drained, with salt",,Extraction multi-nutriments sur fiche USDA déjà validée manuellement (identité/cuisson/partie consommée vérifiées lors d'un lot précédent).,Élevé,2026-08-04
20238,"Oignon rouge, cru",Vitamine_B9_µg_100g,,19.0,µg,"USDA FoodData Central (SR Legacy) — Onions, raw",,Extraction multi-nutriments sur fiche USDA déjà validée manuellement (identité/cuisson/partie consommée vérifiées lors d'un lot précédent).,Élevé,2026-08-04
20238,"Oignon rouge, cru",Vitamine_D_µg_100g,,0.0,µg,"USDA FoodData Central (SR Legacy) — Onions, raw",,Extraction multi-nutriments sur fiche USDA déjà validée manuellement (identité/cuisson/partie consommée vérifiées lors d'un lot précédent).,Élevé,2026-08-04
20238,"Oignon rouge, cru",Vitamine_B12_µg_100g,,0.0,µg,"USDA FoodData Central (SR Legacy) — Onions, raw",,Extraction multi-nutriments sur fiche USDA déjà validée manuellement (identité/cuisson/partie consommée vérifiées lors d'un lot précédent).,Élevé,2026-08-04
20324,"Oignon rouge, sauté/poêlé",Vitamine_B9_µg_100g,,15.0,µg,"USDA FoodData Central (SR Legacy) — Onions, cooked, boiled, drained, with salt",,Extraction multi-nutriments sur fiche USDA déjà validée manuellement (identité/cuisson/partie consommée vérifiées lors d'un lot précédent).,Élevé,2026-08-04
20324,"Oignon rouge, sauté/poêlé",Vitamine_D_µg_100g,,0.0,µg,"USDA FoodData Central (SR Legacy) — Onions, cooked, boiled, drained, with salt",,Extraction multi-nutriments sur fiche USDA déjà validée manuellement (identité/cuisson/partie consommée vérifiées lors d'un lot précédent).,Élevé,2026-08-04
20324,"Oignon rouge, sauté/poêlé",Vitamine_B12_µg_100g,,0.0,µg,"USDA FoodData Central (SR Legacy) — Onions, cooked, boiled, drained, with salt",,Extraction multi-nutriments sur fiche USDA déjà validée manuellement (identité/cuisson/partie consommée vérifiées lors d'un lot précédent).,Élevé,2026-08-04
20034,"Oignon, cru",Vitamine_B9_µg_100g,,19.0,µg,"USDA FoodData Central (SR Legacy) — Onions, raw",,Extraction multi-nutriments sur fiche USDA déjà validée manuellement (identité/cuisson/partie consommée vérifiées lors d'un lot précédent).,Élevé,2026-08-04
20035,"Oignon, cuit",Vitamine_B9_µg_100g,,15.0,µg,"USDA FoodData Central (SR Legacy) — Onions, cooked, boiled, drained, with salt",,Extraction multi-nutriments sur fiche USDA déjà validée manuellement (identité/cuisson/partie consommée vérifiées lors d'un lot précédent).,Élevé,2026-08-04
20235,"Oignon, surgelé, cru",Vitamine_B9_µg_100g,,19.0,µg,"USDA FoodData Central (SR Legacy) — Onions, raw",,Extraction multi-nutriments sur fiche USDA déjà validée manuellement (identité/cuisson/partie consommée vérifiées lors d'un lot précédent).,Élevé,2026-08-04
20235,"Oignon, surgelé, cru",Sélénium_µg_100g,,0.5,µg,"USDA FoodData Central (SR Legacy) — Onions, raw",,Extraction multi-nutriments sur fiche USDA déjà validée manuellement (identité/cuisson/partie consommée vérifiées lors d'un lot précédent).,Élevé,2026-08-04
20181,"Panais, cru",Vitamine_B9_µg_100g,,67.0,µg,"USDA FoodData Central (SR Legacy) — Parsnips, raw",,Extraction multi-nutriments sur fiche USDA déjà validée manuellement (identité/cuisson/partie consommée vérifiées lors d'un lot précédent).,Élevé,2026-08-04
20151,"Piment, cru",Vitamine_B9_µg_100g,,23.0,µg,"USDA FoodData Central (SR Legacy) — Peppers, hot chili, green, raw",,Extraction multi-nutriments sur fiche USDA déjà validée manuellement (identité/cuisson/partie consommée vérifiées lors d'un lot précédent).,Moyen,2026-08-04
20151,"Piment, cru",Sélénium_µg_100g,,0.5,µg,"USDA FoodData Central (SR Legacy) — Peppers, hot chili, green, raw",,Extraction multi-nutriments sur fiche USDA déjà validée manuellement (identité/cuisson/partie consommée vérifiées lors d'un lot précédent).,Moyen,2026-08-04
20039,"Poireau, cru",Vitamine_B9_µg_100g,,64.0,µg,"USDA FoodData Central (SR Legacy) — Leeks, (bulb and lower leaf-portion), raw",,Extraction multi-nutriments sur fiche USDA déjà validée manuellement (identité/cuisson/partie consommée vérifiées lors d'un lot précédent).,Élevé,2026-08-04
20236,"Poireau, surgelé, cru",Vitamine_K1_µg_100g,,47.0,µg,"USDA FoodData Central (SR Legacy) — Leeks, (bulb and lower leaf-portion), raw",,Extraction multi-nutriments sur fiche USDA déjà validée manuellement (identité/cuisson/partie consommée vérifiées lors d'un lot précédent).,Élevé,2026-08-04
20236,"Poireau, surgelé, cru",Vitamine_B9_µg_100g,,64.0,µg,"USDA FoodData Central (SR Legacy) — Leeks, (bulb and lower leaf-portion), raw",,Extraction multi-nutriments sur fiche USDA déjà validée manuellement (identité/cuisson/partie consommée vérifiées lors d'un lot précédent).,Élevé,2026-08-04
20236,"Poireau, surgelé, cru",Vitamine_D_µg_100g,,0.0,µg,"USDA FoodData Central (SR Legacy) — Leeks, (bulb and lower leaf-portion), raw",,Extraction multi-nutriments sur fiche USDA déjà validée manuellement (identité/cuisson/partie consommée vérifiées lors d'un lot précédent).,Élevé,2026-08-04
20236,"Poireau, surgelé, cru",Vitamine_B12_µg_100g,,0.0,µg,"USDA FoodData Central (SR Legacy) — Leeks, (bulb and lower leaf-portion), raw",,Extraction multi-nutriments sur fiche USDA déjà validée manuellement (identité/cuisson/partie consommée vérifiées lors d'un lot précédent).,Élevé,2026-08-04
20236,"Poireau, surgelé, cru",Sélénium_µg_100g,,1.0,µg,"USDA FoodData Central (SR Legacy) — Leeks, (bulb and lower leaf-portion), raw",,Extraction multi-nutriments sur fiche USDA déjà validée manuellement (identité/cuisson/partie consommée vérifiées lors d'un lot précédent).,Élevé,2026-08-04
20236,"Poireau, surgelé, cru",Beta-Carotène_µg_100g,,1000.0,µg,"USDA FoodData Central (SR Legacy) — Leeks, (bulb and lower leaf-portion), raw",,Extraction multi-nutriments sur fiche USDA déjà validée manuellement (identité/cuisson/partie consommée vérifiées lors d'un lot précédent).,Élevé,2026-08-04
20216,"Pois mange-tout ou pois gourmand, bouilli/cuit à l'eau",Vitamine_B9_µg_100g,,29.0,µg,"USDA FoodData Central (SR Legacy) — Peas, edible-podded, cooked, boiled, drained, with salt",,Extraction multi-nutriments sur fiche USDA déjà validée manuellement (identité/cuisson/partie consommée vérifiées lors d'un lot précédent).,Élevé,2026-08-04
20173,"Pois mange-tout ou pois gourmand, cru",Vitamine_B9_µg_100g,,42.0,µg,"USDA FoodData Central (SR Legacy) — Peas, edible-podded, raw",,Extraction multi-nutriments sur fiche USDA déjà validée manuellement (identité/cuisson/partie consommée vérifiées lors d'un lot précédent).,Élevé,2026-08-04
20173,"Pois mange-tout ou pois gourmand, cru",Sélénium_µg_100g,,0.7,µg,"USDA FoodData Central (SR Legacy) — Peas, edible-podded, raw",,Extraction multi-nutriments sur fiche USDA déjà validée manuellement (identité/cuisson/partie consommée vérifiées lors d'un lot précédent).,Élevé,2026-08-04
20243,"Pois mange-tout ou pois gourmands, cuits",Vitamine_B9_µg_100g,,29.0,µg,"USDA FoodData Central (SR Legacy) — Peas, edible-podded, cooked, boiled, drained, with salt",,Extraction multi-nutriments sur fiche USDA déjà validée manuellement (identité/cuisson/partie consommée vérifiées lors d'un lot précédent).,Élevé,2026-08-04
20243,"Pois mange-tout ou pois gourmands, cuits",Sélénium_µg_100g,,0.7,µg,"USDA FoodData Central (SR Legacy) — Peas, edible-podded, cooked, boiled, drained, with salt",,Extraction multi-nutriments sur fiche USDA déjà validée manuellement (identité/cuisson/partie consommée vérifiées lors d'un lot précédent).,Élevé,2026-08-04
20329,"Poivron rouge, sauté/poêlé",Vitamine_B9_µg_100g,,16.0,µg,"USDA FoodData Central (SR Legacy) — Peppers, sweet, red, cooked, boiled, drained, with salt",,Extraction multi-nutriments sur fiche USDA déjà validée manuellement (identité/cuisson/partie consommée vérifiées lors d'un lot précédent).,Élevé,2026-08-04
20329,"Poivron rouge, sauté/poêlé",Vitamine_D_µg_100g,,0.0,µg,"USDA FoodData Central (SR Legacy) — Peppers, sweet, red, cooked, boiled, drained, with salt",,Extraction multi-nutriments sur fiche USDA déjà validée manuellement (identité/cuisson/partie consommée vérifiées lors d'un lot précédent).,Élevé,2026-08-04
20329,"Poivron rouge, sauté/poêlé",Vitamine_B12_µg_100g,,0.0,µg,"USDA FoodData Central (SR Legacy) — Peppers, sweet, red, cooked, boiled, drained, with salt",,Extraction multi-nutriments sur fiche USDA déjà validée manuellement (identité/cuisson/partie consommée vérifiées lors d'un lot précédent).,Élevé,2026-08-04
20085,"Poivron vert, cru",Vitamine_B9_µg_100g,,10.0,µg,"USDA FoodData Central (SR Legacy) — Peppers, sweet, green, raw",,Extraction multi-nutriments sur fiche USDA déjà validée manuellement (identité/cuisson/partie consommée vérifiées lors d'un lot précédent).,Élevé,2026-08-04
20086,"Poivron vert, cuit",Vitamine_B9_µg_100g,,16.0,µg,"USDA FoodData Central (SR Legacy) — Peppers, sweet, green, cooked, boiled, drained, with salt",,Extraction multi-nutriments sur fiche USDA déjà validée manuellement (identité/cuisson/partie consommée vérifiées lors d'un lot précédent).,Élevé,2026-08-04
20330,"Poivron vert, sauté/poêlé",Vitamine_B9_µg_100g,,16.0,µg,"USDA FoodData Central (SR Legacy) — Peppers, sweet, green, cooked, boiled, drained, with salt",,Extraction multi-nutriments sur fiche USDA déjà validée manuellement (identité/cuisson/partie consommée vérifiées lors d'un lot précédent).,Élevé,2026-08-04
20330,"Poivron vert, sauté/poêlé",Vitamine_D_µg_100g,,0.0,µg,"USDA FoodData Central (SR Legacy) — Peppers, sweet, green, cooked, boiled, drained, with salt",,Extraction multi-nutriments sur fiche USDA déjà validée manuellement (identité/cuisson/partie consommée vérifiées lors d'un lot précédent).,Élevé,2026-08-04
20330,"Poivron vert, sauté/poêlé",Vitamine_B12_µg_100g,,0.0,µg,"USDA FoodData Central (SR Legacy) — Peppers, sweet, green, cooked, boiled, drained, with salt",,Extraction multi-nutriments sur fiche USDA déjà validée manuellement (identité/cuisson/partie consommée vérifiées lors d'un lot précédent).,Élevé,2026-08-04
20044,"Potiron, cru",Vitamine_B9_µg_100g,,16.0,µg,"USDA FoodData Central (SR Legacy) — Pumpkin, raw",,Extraction multi-nutriments sur fiche USDA déjà validée manuellement (identité/cuisson/partie consommée vérifiées lors d'un lot précédent).,Élevé,2026-08-04
20044,"Potiron, cru",Sélénium_µg_100g,,0.3,µg,"USDA FoodData Central (SR Legacy) — Pumpkin, raw",,Extraction multi-nutriments sur fiche USDA déjà validée manuellement (identité/cuisson/partie consommée vérifiées lors d'un lot précédent).,Élevé,2026-08-04
20096,"Potiron, cuit",Vitamine_B9_µg_100g,,9.0,µg,"USDA FoodData Central (SR Legacy) — Pumpkin, cooked, boiled, drained, with salt",,Extraction multi-nutriments sur fiche USDA déjà validée manuellement (identité/cuisson/partie consommée vérifiées lors d'un lot précédent).,Élevé,2026-08-04
20089,"Radis noir, cru",Vitamine_B9_µg_100g,,25.0,µg,"USDA FoodData Central (SR Legacy) — Radishes, raw",,Extraction multi-nutriments sur fiche USDA déjà validée manuellement (identité/cuisson/partie consommée vérifiées lors d'un lot précédent).,Moyen,2026-08-04
20089,"Radis noir, cru",Vitamine_B12_µg_100g,,0.0,µg,"USDA FoodData Central (SR Legacy) — Radishes, raw",,Extraction multi-nutriments sur fiche USDA déjà validée manuellement (identité/cuisson/partie consommée vérifiées lors d'un lot précédent).,Moyen,2026-08-04
20201,"Rutabaga, cru",Vitamine_B9_µg_100g,,21.0,µg,"USDA FoodData Central (SR Legacy) — Rutabagas, raw",,Extraction multi-nutriments sur fiche USDA déjà validée manuellement (identité/cuisson/partie consommée vérifiées lors d'un lot précédent).,Élevé,2026-08-04
20165,"Rutabaga, cuit",Vitamine_B9_µg_100g,,15.0,µg,"USDA FoodData Central (SR Legacy) — Rutabagas, cooked, boiled, drained, with salt",,Extraction multi-nutriments sur fiche USDA déjà validée manuellement (identité/cuisson/partie consommée vérifiées lors d'un lot précédent).,Élevé,2026-08-04
20165,"Rutabaga, cuit",Sélénium_µg_100g,,0.7,µg,"USDA FoodData Central (SR Legacy) — Rutabagas, cooked, boiled, drained, with salt",,Extraction multi-nutriments sur fiche USDA déjà validée manuellement (identité/cuisson/partie consommée vérifiées lors d'un lot précédent).,Élevé,2026-08-04
20333,"Salsifis, bouilli/cuit à l'eau",Vitamine_B9_µg_100g,,15.0,µg,"USDA FoodData Central (SR Legacy) — Salsify, cooked, boiled, drained, with salt",,Extraction multi-nutriments sur fiche USDA déjà validée manuellement (identité/cuisson/partie consommée vérifiées lors d'un lot précédent).,Élevé,2026-08-04
20333,"Salsifis, bouilli/cuit à l'eau",Vitamine_D_µg_100g,,0.0,µg,"USDA FoodData Central (SR Legacy) — Salsify, cooked, boiled, drained, with salt",,Extraction multi-nutriments sur fiche USDA déjà validée manuellement (identité/cuisson/partie consommée vérifiées lors d'un lot précédent).,Élevé,2026-08-04
20333,"Salsifis, bouilli/cuit à l'eau",Vitamine_B12_µg_100g,,0.0,µg,"USDA FoodData Central (SR Legacy) — Salsify, cooked, boiled, drained, with salt",,Extraction multi-nutriments sur fiche USDA déjà validée manuellement (identité/cuisson/partie consommée vérifiées lors d'un lot précédent).,Élevé,2026-08-04
20046,"Salsifis, cuit",Vitamine_B9_µg_100g,,15.0,µg,"USDA FoodData Central (SR Legacy) — Salsify, cooked, boiled, drained, with salt",,Extraction multi-nutriments sur fiche USDA déjà validée manuellement (identité/cuisson/partie consommée vérifiées lors d'un lot précédent).,Élevé,2026-08-04
20046,"Salsifis, cuit",Sélénium_µg_100g,,0.6,µg,"USDA FoodData Central (SR Legacy) — Salsify, cooked, boiled, drained, with salt",,Extraction multi-nutriments sur fiche USDA déjà validée manuellement (identité/cuisson/partie consommée vérifiées lors d'un lot précédent).,Élevé,2026-08-04
20090,"Scarole, crue",Vitamine_K1_µg_100g,,231.0,µg,"USDA FoodData Central (SR Legacy) — Endive, raw",,Extraction multi-nutriments sur fiche USDA déjà validée manuellement (identité/cuisson/partie consommée vérifiées lors d'un lot précédent).,Moyen,2026-08-04
20090,"Scarole, crue",Vitamine_B9_µg_100g,,142.0,µg,"USDA FoodData Central (SR Legacy) — Endive, raw",,Extraction multi-nutriments sur fiche USDA déjà validée manuellement (identité/cuisson/partie consommée vérifiées lors d'un lot précédent).,Moyen,2026-08-04
20169,"Tomate, chair, appertisée",Vitamine_B9_µg_100g,,13.0,µg,"USDA FoodData Central (SR Legacy) — Tomatoes, crushed, canned",,Extraction multi-nutriments sur fiche USDA déjà validée manuellement (identité/cuisson/partie consommée vérifiées lors d'un lot précédent).,Moyen,2026-08-04
20260,"Tomate, coulis, appertisé (purée de tomates mi-réduite à 11%)",Vitamine_K1_µg_100g,,5.3,µg,"USDA FoodData Central (SR Legacy) — Tomatoes, crushed, canned",,Extraction multi-nutriments sur fiche USDA déjà validée manuellement (identité/cuisson/partie consommée vérifiées lors d'un lot précédent).,Moyen,2026-08-04
20260,"Tomate, coulis, appertisé (purée de tomates mi-réduite à 11%)",Vitamine_B9_µg_100g,,13.0,µg,"USDA FoodData Central (SR Legacy) — Tomatoes, crushed, canned",,Extraction multi-nutriments sur fiche USDA déjà validée manuellement (identité/cuisson/partie consommée vérifiées lors d'un lot précédent).,Moyen,2026-08-04
20260,"Tomate, coulis, appertisé (purée de tomates mi-réduite à 11%)",Vitamine_D_µg_100g,,0.0,µg,"USDA FoodData Central (SR Legacy) — Tomatoes, crushed, canned",,Extraction multi-nutriments sur fiche USDA déjà validée manuellement (identité/cuisson/partie consommée vérifiées lors d'un lot précédent).,Moyen,2026-08-04
20260,"Tomate, coulis, appertisé (purée de tomates mi-réduite à 11%)",Vitamine_B12_µg_100g,,0.0,µg,"USDA FoodData Central (SR Legacy) — Tomatoes, crushed, canned",,Extraction multi-nutriments sur fiche USDA déjà validée manuellement (identité/cuisson/partie consommée vérifiées lors d'un lot précédent).,Moyen,2026-08-04
20260,"Tomate, coulis, appertisé (purée de tomates mi-réduite à 11%)",Sélénium_µg_100g,,0.6,µg,"USDA FoodData Central (SR Legacy) — Tomatoes, crushed, canned",,Extraction multi-nutriments sur fiche USDA déjà validée manuellement (identité/cuisson/partie consommée vérifiées lors d'un lot précédent).,Moyen,2026-08-04
20260,"Tomate, coulis, appertisé (purée de tomates mi-réduite à 11%)",Beta-Carotène_µg_100g,,129.0,µg,"USDA FoodData Central (SR Legacy) — Tomatoes, crushed, canned",,Extraction multi-nutriments sur fiche USDA déjà validée manuellement (identité/cuisson/partie consommée vérifiées lors d'un lot précédent).,Moyen,2026-08-04
20137,"Tomate, pelée, appertisée, au jus, non égouttée",Vitamine_B9_µg_100g,,13.0,µg,"USDA FoodData Central (SR Legacy) — Tomatoes, crushed, canned",,Extraction multi-nutriments sur fiche USDA déjà validée manuellement (identité/cuisson/partie consommée vérifiées lors d'un lot précédent).,Moyen,2026-08-04
20137,"Tomate, pelée, appertisée, au jus, non égouttée",Sélénium_µg_100g,,0.6,µg,"USDA FoodData Central (SR Legacy) — Tomatoes, crushed, canned",,Extraction multi-nutriments sur fiche USDA déjà validée manuellement (identité/cuisson/partie consommée vérifiées lors d'un lot précédent).,Moyen,2026-08-04
20048,"Tomate, pelée, appertisée, égouttée",Vitamine_B9_µg_100g,,13.0,µg,"USDA FoodData Central (SR Legacy) — Tomatoes, crushed, canned",,Extraction multi-nutriments sur fiche USDA déjà validée manuellement (identité/cuisson/partie consommée vérifiées lors d'un lot précédent).,Moyen,2026-08-04
20170,"Tomate, purée, appertisée",Vitamine_K1_µg_100g,,5.3,µg,"USDA FoodData Central (SR Legacy) — Tomatoes, crushed, canned",,Extraction multi-nutriments sur fiche USDA déjà validée manuellement (identité/cuisson/partie consommée vérifiées lors d'un lot précédent).,Moyen,2026-08-04
20170,"Tomate, purée, appertisée",Vitamine_B9_µg_100g,,13.0,µg,"USDA FoodData Central (SR Legacy) — Tomatoes, crushed, canned",,Extraction multi-nutriments sur fiche USDA déjà validée manuellement (identité/cuisson/partie consommée vérifiées lors d'un lot précédent).,Moyen,2026-08-04
20170,"Tomate, purée, appertisée",Beta-Carotène_µg_100g,,129.0,µg,"USDA FoodData Central (SR Legacy) — Tomatoes, crushed, canned",,Extraction multi-nutriments sur fiche USDA déjà validée manuellement (identité/cuisson/partie consommée vérifiées lors d'un lot précédent).,Moyen,2026-08-04
20189,"Tomate, séchée",Vitamine_B9_µg_100g,,68.0,µg,"USDA FoodData Central (SR Legacy) — Tomatoes, sun-dried",,Extraction multi-nutriments sur fiche USDA déjà validée manuellement (identité/cuisson/partie consommée vérifiées lors d'un lot précédent).,Élevé,2026-08-04
20196,"Topinambour, cru",Vitamine_B9_µg_100g,,13.0,µg,"USDA FoodData Central (SR Legacy) — Jerusalem-artichokes, raw",,Extraction multi-nutriments sur fiche USDA déjà validée manuellement (identité/cuisson/partie consommée vérifiées lors d'un lot précédent).,Élevé,2026-08-04
16400,"Beurre à 80% MG minimum, doux",Vitamine_E_mg_100g,,2.32,mg,"USDA FoodData Central (SR Legacy) — Butter, without salt",,"Correspondance exacte : beurre standard 80%+ MG, non salé.",Élevé,2026-08-04
16400,"Beurre à 80% MG minimum, doux",Vitamine_B9_µg_100g,,3.0,µg,"USDA FoodData Central (SR Legacy) — Butter, without salt",,"Correspondance exacte : beurre standard 80%+ MG, non salé.",Élevé,2026-08-04
16404,"Beurre à 80% MG minimum, doux, tendre",Vitamine_E_mg_100g,,2.32,mg,"USDA FoodData Central (SR Legacy) — Butter, without salt",,"""Tendre"" est une texture (beurre travaillé/pommade), sans effet sur la composition nutritionnelle vs beurre doux standard 80% MG.",Élevé,2026-08-04
16404,"Beurre à 80% MG minimum, doux, tendre",Vitamine_K1_µg_100g,,7.0,µg,"USDA FoodData Central (SR Legacy) — Butter, without salt",,"""Tendre"" est une texture (beurre travaillé/pommade), sans effet sur la composition nutritionnelle vs beurre doux standard 80% MG.",Élevé,2026-08-04
16404,"Beurre à 80% MG minimum, doux, tendre",Vitamine_B9_µg_100g,,3.0,µg,"USDA FoodData Central (SR Legacy) — Butter, without salt",,"""Tendre"" est une texture (beurre travaillé/pommade), sans effet sur la composition nutritionnelle vs beurre doux standard 80% MG.",Élevé,2026-08-04
16404,"Beurre à 80% MG minimum, doux, tendre",Vitamine_D_µg_100g,,0.0,µg,"USDA FoodData Central (SR Legacy) — Butter, without salt",,"""Tendre"" est une texture (beurre travaillé/pommade), sans effet sur la composition nutritionnelle vs beurre doux standard 80% MG.",Élevé,2026-08-04
16404,"Beurre à 80% MG minimum, doux, tendre",Vitamine_B12_µg_100g,,0.17,µg,"USDA FoodData Central (SR Legacy) — Butter, without salt",,"""Tendre"" est une texture (beurre travaillé/pommade), sans effet sur la composition nutritionnelle vs beurre doux standard 80% MG.",Élevé,2026-08-04
16404,"Beurre à 80% MG minimum, doux, tendre",Sélénium_µg_100g,,1.0,µg,"USDA FoodData Central (SR Legacy) — Butter, without salt",,"""Tendre"" est une texture (beurre travaillé/pommade), sans effet sur la composition nutritionnelle vs beurre doux standard 80% MG.",Élevé,2026-08-04
16404,"Beurre à 80% MG minimum, doux, tendre",Beta-Carotène_µg_100g,,158.0,µg,"USDA FoodData Central (SR Legacy) — Butter, without salt",,"""Tendre"" est une texture (beurre travaillé/pommade), sans effet sur la composition nutritionnelle vs beurre doux standard 80% MG.",Élevé,2026-08-04
16403,"Beurre à 80% MG, salé",Vitamine_E_mg_100g,,2.32,mg,"USDA FoodData Central (SR Legacy) — Butter, salted",,Correspondance exacte : beurre salé standard 80% MG.,Élevé,2026-08-04
16403,"Beurre à 80% MG, salé",Beta-Carotène_µg_100g,,158.0,µg,"USDA FoodData Central (SR Legacy) — Butter, salted",,Correspondance exacte : beurre salé standard 80% MG.,Élevé,2026-08-04
16402,"Beurre à 80% MG, demi-sel",Vitamine_E_mg_100g,,2.32,mg,"USDA FoodData Central (SR Legacy) — Butter, salted",,"USDA ne distingue pas demi-sel (léger) de salé (fort) ; proxy ""salted"" générique. Sans impact sur les nutriments liposolubles/hydrosolubles ici extraits, qui ne dépendent pas de la teneur en sel.",Moyen,2026-08-04
16410,"Beurre à 60-62% MG, à teneur réduite en matière grasse, doux",Vitamine_E_mg_100g,,1.58,mg,"USDA FoodData Central (SR Legacy) — Butter, light, stick, without salt",,"Correspondance exacte : beurre allégé (""light""), non salé, teneur en matière grasse réduite compatible (60-62%).",Élevé,2026-08-04
16410,"Beurre à 60-62% MG, à teneur réduite en matière grasse, doux",Vitamine_K1_µg_100g,,4.8,µg,"USDA FoodData Central (SR Legacy) — Butter, light, stick, without salt",,"Correspondance exacte : beurre allégé (""light""), non salé, teneur en matière grasse réduite compatible (60-62%).",Élevé,2026-08-04
16411,"Beurre à 60-62% MG, à teneur réduite en matière grasse, demi-sel",Vitamine_E_mg_100g,,1.58,mg,"USDA FoodData Central (SR Legacy) — Butter, light, stick, with salt",,Beurre allégé salé ; USDA ne distingue pas demi-sel de salé (mêmes remarques que 16402).,Moyen,2026-08-04
16411,"Beurre à 60-62% MG, à teneur réduite en matière grasse, demi-sel",Sélénium_µg_100g,,1.0,µg,"USDA FoodData Central (SR Legacy) — Butter, light, stick, with salt",,Beurre allégé salé ; USDA ne distingue pas demi-sel de salé (mêmes remarques que 16402).,Moyen,2026-08-04
16412,"Beurre ou assimilé allégé (léger ou à teneur réduite en matière grasse), doux (aliment moyen)",Vitamine_E_mg_100g,,1.58,mg,"USDA FoodData Central (SR Legacy) — Butter, light, stick, without salt",,"Catégorie ""aliment moyen"" agrégeant plusieurs beurres allégés ; proxy sur le beurre allégé non salé le plus représentatif.",Moyen,2026-08-04
16412,"Beurre ou assimilé allégé (léger ou à teneur réduite en matière grasse), doux (aliment moyen)",Vitamine_K1_µg_100g,,4.8,µg,"USDA FoodData Central (SR Legacy) — Butter, light, stick, without salt",,"Catégorie ""aliment moyen"" agrégeant plusieurs beurres allégés ; proxy sur le beurre allégé non salé le plus représentatif.",Moyen,2026-08-04
16414,"Beurre ou assimilé sans précision sur la teneur en matière grasse, doux (aliment moyen)",Vitamine_E_mg_100g,,2.32,mg,"USDA FoodData Central (SR Legacy) — Butter, without salt",,"Catégorie ""aliment moyen"" sans précision de teneur en matière grasse ; proxy sur le beurre standard 80% MG non salé (cas le plus courant).",Moyen,2026-08-04
16414,"Beurre ou assimilé sans précision sur la teneur en matière grasse, doux (aliment moyen)",Vitamine_B9_µg_100g,,3.0,µg,"USDA FoodData Central (SR Legacy) — Butter, without salt",,"Catégorie ""aliment moyen"" sans précision de teneur en matière grasse ; proxy sur le beurre standard 80% MG non salé (cas le plus courant).",Moyen,2026-08-04
16413,"Beurre sans précision sur la teneur en matière grasse (allégé ou non), demi-sel (aliment moyen)",Vitamine_E_mg_100g,,2.32,mg,"USDA FoodData Central (SR Legacy) — Butter, salted",,"Catégorie ""aliment moyen"" sans précision de teneur en matière grasse ; proxy sur le beurre standard salé (cas le plus courant).",Moyen,2026-08-04
16401,Huile de beurre ou beurre concentré,Vitamine_E_mg_100g,,2.8,mg,"USDA FoodData Central (SR Legacy) — Butter oil, anhydrous",,"Correspondance directe : beurre concentré / matière grasse laitière anhydre (""butter oil, anhydrous"").",Élevé,2026-08-04
16401,Huile de beurre ou beurre concentré,Sélénium_µg_100g,,0.0,µg,"USDA FoodData Central (SR Legacy) — Butter oil, anhydrous",,"Correspondance directe : beurre concentré / matière grasse laitière anhydre (""butter oil, anhydrous"").",Élevé,2026-08-04
13000,"Abricot, dénoyauté, cru",Vitamine_E_mg_100g,,0.89,mg,"USDA FoodData Central (SR Legacy) — Apricots, raw",,Correspondance exacte : abricot cru dénoyauté.,Élevé,2026-08-04
13000,"Abricot, dénoyauté, cru",Vitamine_B9_µg_100g,,9.0,µg,"USDA FoodData Central (SR Legacy) — Apricots, raw",,Correspondance exacte : abricot cru dénoyauté.,Élevé,2026-08-04
13001,"Abricot, dénoyauté, sec",Vitamine_E_mg_100g,,4.33,mg,"USDA FoodData Central (SR Legacy) — Apricots, dried, sulfured, uncooked",,Correspondance exacte : abricot sec non réhydraté.,Élevé,2026-08-04
13001,"Abricot, dénoyauté, sec",Vitamine_B9_µg_100g,,10.0,µg,"USDA FoodData Central (SR Legacy) — Apricots, dried, sulfured, uncooked",,Correspondance exacte : abricot sec non réhydraté.,Élevé,2026-08-04
13623,"Abricot, dénoyauté, sec, moelleux (réhydraté à 35-45%)",Vitamine_E_mg_100g,,1.53,mg,"USDA FoodData Central (SR Legacy) — Apricots, dried, sulfured, stewed, without added sugar",,Abricot sec réhydraté 35-45% ; proxy le plus proche = abricot sec cuit/mijoté sans sucre ajouté (état d'hydratation intermédiaire comparable).,Moyen,2026-08-04
13623,"Abricot, dénoyauté, sec, moelleux (réhydraté à 35-45%)",Vitamine_B9_µg_100g,,3.0,µg,"USDA FoodData Central (SR Legacy) — Apricots, dried, sulfured, stewed, without added sugar",,Abricot sec réhydraté 35-45% ; proxy le plus proche = abricot sec cuit/mijoté sans sucre ajouté (état d'hydratation intermédiaire comparable).,Moyen,2026-08-04
13623,"Abricot, dénoyauté, sec, moelleux (réhydraté à 35-45%)",Vitamine_B12_µg_100g,,0.0,µg,"USDA FoodData Central (SR Legacy) — Apricots, dried, sulfured, stewed, without added sugar",,Abricot sec réhydraté 35-45% ; proxy le plus proche = abricot sec cuit/mijoté sans sucre ajouté (état d'hydratation intermédiaire comparable).,Moyen,2026-08-04
13002,"Ananas, chair sans peau, cru",Vitamine_E_mg_100g,,0.02,mg,"USDA FoodData Central (SR Legacy) — Pineapple, raw, all varieties",,"Correspondance exacte : ananas cru, toutes variétés.",Élevé,2026-08-04
13002,"Ananas, chair sans peau, cru",Vitamine_B9_µg_100g,,18.0,µg,"USDA FoodData Central (SR Legacy) — Pineapple, raw, all varieties",,"Correspondance exacte : ananas cru, toutes variétés.",Élevé,2026-08-04
13716,"Ananas au jus d'ananas, appertisé, égoutté",Vitamine_E_mg_100g,,0.02,mg,"USDA FoodData Central (SR Legacy) — Pineapple, canned, juice pack, drained",,"Correspondance exacte : ananas au jus, égoutté.",Élevé,2026-08-04
13716,"Ananas au jus d'ananas, appertisé, égoutté",Vitamine_B9_µg_100g,,5.0,µg,"USDA FoodData Central (SR Legacy) — Pineapple, canned, juice pack, drained",,"Correspondance exacte : ananas au jus, égoutté.",Élevé,2026-08-04
13716,"Ananas au jus d'ananas, appertisé, égoutté",Vitamine_D_µg_100g,,0.0,µg,"USDA FoodData Central (SR Legacy) — Pineapple, canned, juice pack, drained",,"Correspondance exacte : ananas au jus, égoutté.",Élevé,2026-08-04
13716,"Ananas au jus d'ananas, appertisé, égoutté",Vitamine_B12_µg_100g,,0.0,µg,"USDA FoodData Central (SR Legacy) — Pineapple, canned, juice pack, drained",,"Correspondance exacte : ananas au jus, égoutté.",Élevé,2026-08-04
13717,"Ananas au jus d'ananas, appertisé, non égoutté",Vitamine_E_mg_100g,,0.01,mg,"USDA FoodData Central (SR Legacy) — Pineapple, canned, juice pack, solids and liquids",,"Correspondance exacte : ananas au jus, non égoutté.",Élevé,2026-08-04
13717,"Ananas au jus d'ananas, appertisé, non égoutté",Vitamine_B9_µg_100g,,5.0,µg,"USDA FoodData Central (SR Legacy) — Pineapple, canned, juice pack, solids and liquids",,"Correspondance exacte : ananas au jus, non égoutté.",Élevé,2026-08-04
13717,"Ananas au jus d'ananas, appertisé, non égoutté",Vitamine_D_µg_100g,,0.0,µg,"USDA FoodData Central (SR Legacy) — Pineapple, canned, juice pack, solids and liquids",,"Correspondance exacte : ananas au jus, non égoutté.",Élevé,2026-08-04
13717,"Ananas au jus d'ananas, appertisé, non égoutté",Vitamine_B12_µg_100g,,0.0,µg,"USDA FoodData Central (SR Legacy) — Pineapple, canned, juice pack, solids and liquids",,"Correspondance exacte : ananas au jus, non égoutté.",Élevé,2026-08-04
13719,"Ananas au sirop léger, appertisé, non égoutté",Vitamine_E_mg_100g,,0.01,mg,"USDA FoodData Central (SR Legacy) — Pineapple, canned, light syrup pack, solids and liquids",,"Correspondance exacte : ananas au sirop léger, non égoutté.",Élevé,2026-08-04
13719,"Ananas au sirop léger, appertisé, non égoutté",Vitamine_B9_µg_100g,,5.0,µg,"USDA FoodData Central (SR Legacy) — Pineapple, canned, light syrup pack, solids and liquids",,"Correspondance exacte : ananas au sirop léger, non égoutté.",Élevé,2026-08-04
13056,"Anone ou chérimole, chair sans peau, crue",Vitamine_E_mg_100g,,0.27,mg,"USDA FoodData Central (SR Legacy) — Cherimoya, raw",,Correspondance exacte : chérimole crue.,Élevé,2026-08-04
13056,"Anone ou chérimole, chair sans peau, crue",Vitamine_B9_µg_100g,,23.0,µg,"USDA FoodData Central (SR Legacy) — Cherimoya, raw",,Correspondance exacte : chérimole crue.,Élevé,2026-08-04
13089,"Banane, chair sans peau, sèche",Vitamine_E_mg_100g,,0.39,mg,"USDA FoodData Central (SR Legacy) — Bananas, dehydrated, or banana powder",,"Banane séchée ; proxy banane déshydratée en poudre (texture différente d'une banane séchée en tranches, mais même produit de base).",Moyen,2026-08-04
13089,"Banane, chair sans peau, sèche",Vitamine_B9_µg_100g,,14.0,µg,"USDA FoodData Central (SR Legacy) — Bananas, dehydrated, or banana powder",,"Banane séchée ; proxy banane déshydratée en poudre (texture différente d'une banane séchée en tranches, mais même produit de base).",Moyen,2026-08-04
13089,"Banane, chair sans peau, sèche",Sélénium_µg_100g,,3.9,µg,"USDA FoodData Central (SR Legacy) — Bananas, dehydrated, or banana powder",,"Banane séchée ; proxy banane déshydratée en poudre (texture différente d'une banane séchée en tranches, mais même produit de base).",Moyen,2026-08-04
13113,"Canneberge ou cranberry, crue",Vitamine_E_mg_100g,,1.32,mg,"USDA FoodData Central (SR Legacy) — Cranberries, raw",,Correspondance exacte : canneberge crue.,Élevé,2026-08-04
13113,"Canneberge ou cranberry, crue",Vitamine_B9_µg_100g,,1.0,µg,"USDA FoodData Central (SR Legacy) — Cranberries, raw",,Correspondance exacte : canneberge crue.,Élevé,2026-08-04
13178,"Canneberge ou cranberry, séchée, sucrée",Vitamine_E_mg_100g,,2.1,mg,"USDA FoodData Central (SR Legacy) — Cranberries, dried, sweetened (Includes foods for USDA's Food Distribution Program)",,Correspondance exacte : canneberge séchée sucrée.,Élevé,2026-08-04
13178,"Canneberge ou cranberry, séchée, sucrée",Vitamine_B9_µg_100g,,0.0,µg,"USDA FoodData Central (SR Legacy) — Cranberries, dried, sweetened (Includes foods for USDA's Food Distribution Program)",,Correspondance exacte : canneberge séchée sucrée.,Élevé,2026-08-04
13054,"Carambole, chair et peau, crue",Vitamine_E_mg_100g,,0.15,mg,"USDA FoodData Central (SR Legacy) — Carambola, (starfruit), raw",,Correspondance exacte : carambole crue.,Élevé,2026-08-04
13054,"Carambole, chair et peau, crue",Vitamine_B9_µg_100g,,12.0,µg,"USDA FoodData Central (SR Legacy) — Carambola, (starfruit), raw",,Correspondance exacte : carambole crue.,Élevé,2026-08-04
13054,"Carambole, chair et peau, crue",Sélénium_µg_100g,,0.6,µg,"USDA FoodData Central (SR Legacy) — Carambola, (starfruit), raw",,Correspondance exacte : carambole crue.,Élevé,2026-08-04
13055,"Cerise acérola, chair et peau, sans noyau, crue",Vitamine_B9_µg_100g,,14.0,µg,"USDA FoodData Central (SR Legacy) — Acerola, (west indian cherry), raw",,Correspondance exacte : cerise acérola crue.,Élevé,2026-08-04
13055,"Cerise acérola, chair et peau, sans noyau, crue",Sélénium_µg_100g,,0.6,µg,"USDA FoodData Central (SR Legacy) — Acerola, (west indian cherry), raw",,Correspondance exacte : cerise acérola crue.,Élevé,2026-08-04
13008,"Ceriser, chair et peau, sans noyau, crue",Vitamine_E_mg_100g,,0.07,mg,"USDA FoodData Central (SR Legacy) — Cherries, sweet, raw",,Correspondance exacte : cerise douce crue.,Élevé,2026-08-04
13008,"Ceriser, chair et peau, sans noyau, crue",Vitamine_B9_µg_100g,,4.0,µg,"USDA FoodData Central (SR Legacy) — Cherries, sweet, raw",,Correspondance exacte : cerise douce crue.,Élevé,2026-08-04
13067,"Citron vert ou lime, chair sans peau, sans pépins, cru",Vitamine_E_mg_100g,,0.22,mg,"USDA FoodData Central (SR Legacy) — Limes, raw",,Correspondance exacte : citron vert/lime cru.,Élevé,2026-08-04
13067,"Citron vert ou lime, chair sans peau, sans pépins, cru",Vitamine_B9_µg_100g,,8.0,µg,"USDA FoodData Central (SR Legacy) — Limes, raw",,Correspondance exacte : citron vert/lime cru.,Élevé,2026-08-04
13125,"Citron, zeste, cru",Vitamine_E_mg_100g,,0.25,mg,"USDA FoodData Central (SR Legacy) — Lemon peel, raw",,Correspondance exacte : zeste de citron cru.,Élevé,2026-08-04
13125,"Citron, zeste, cru",Vitamine_B9_µg_100g,,13.0,µg,"USDA FoodData Central (SR Legacy) — Lemon peel, raw",,Correspondance exacte : zeste de citron cru.,Élevé,2026-08-04
13024,"Clémentine ou mandarine, chair sans peau, sans pépins, crue",Vitamine_E_mg_100g,,0.2,mg,"USDA FoodData Central (SR Legacy) — Tangerines, (mandarin oranges), raw",,Correspondance exacte : clémentine/mandarine crue.,Élevé,2026-08-04
13024,"Clémentine ou mandarine, chair sans peau, sans pépins, crue",Vitamine_B9_µg_100g,,16.0,µg,"USDA FoodData Central (SR Legacy) — Tangerines, (mandarin oranges), raw",,Correspondance exacte : clémentine/mandarine crue.,Élevé,2026-08-04
13529,"Dourian ou durian, chair sans peau, sans noyau, cru",Vitamine_B9_µg_100g,,36.0,µg,"USDA FoodData Central (SR Legacy) — Durian, raw or frozen",,Correspondance exacte : durian cru.,Élevé,2026-08-04
13061,"Feijoa, chair sans peau, crue",Vitamine_E_mg_100g,,0.16,mg,"USDA FoodData Central (SR Legacy) — Feijoa, raw",,Correspondance exacte : feijoa crue.,Élevé,2026-08-04
13061,"Feijoa, chair sans peau, crue",Vitamine_B9_µg_100g,,23.0,µg,"USDA FoodData Central (SR Legacy) — Feijoa, raw",,Correspondance exacte : feijoa crue.,Élevé,2026-08-04
13012,"Figue, crue",Vitamine_E_mg_100g,,0.11,mg,"USDA FoodData Central (SR Legacy) — Figs, raw",,Correspondance exacte : figue crue.,Élevé,2026-08-04
13012,"Figue, crue",Vitamine_B9_µg_100g,,6.0,µg,"USDA FoodData Central (SR Legacy) — Figs, raw",,Correspondance exacte : figue crue.,Élevé,2026-08-04
13013,"Figue, sèche",Vitamine_E_mg_100g,,0.35,mg,"USDA FoodData Central (SR Legacy) — Figs, dried, uncooked",,Correspondance exacte : figue séchée non cuite.,Élevé,2026-08-04
13013,"Figue, sèche",Vitamine_B9_µg_100g,,9.0,µg,"USDA FoodData Central (SR Legacy) — Figs, dried, uncooked",,Correspondance exacte : figue séchée non cuite.,Élevé,2026-08-04
13014,"Fraise, crue",Vitamine_E_mg_100g,,0.29,mg,"USDA FoodData Central (SR Legacy) — Strawberries, raw",,Correspondance exacte : fraise crue.,Élevé,2026-08-04
13014,"Fraise, crue",Vitamine_B9_µg_100g,,24.0,µg,"USDA FoodData Central (SR Legacy) — Strawberries, raw",,Correspondance exacte : fraise crue.,Élevé,2026-08-04
13015,"Framboise, crue",Vitamine_E_mg_100g,,0.87,mg,"USDA FoodData Central (SR Legacy) — Raspberries, raw",,Correspondance exacte : framboise crue.,Élevé,2026-08-04
13015,"Framboise, crue",Vitamine_B9_µg_100g,,21.0,µg,"USDA FoodData Central (SR Legacy) — Raspberries, raw",,Correspondance exacte : framboise crue.,Élevé,2026-08-04
13136,"Framboise, surgelée, crue",Vitamine_E_mg_100g,,0.75,mg,"USDA FoodData Central (SR Legacy) — Raspberries, frozen, red, unsweetened",,Correspondance exacte : framboise surgelée non sucrée.,Élevé,2026-08-04
13136,"Framboise, surgelée, crue",Vitamine_B9_µg_100g,,28.0,µg,"USDA FoodData Central (SR Legacy) — Raspberries, frozen, red, unsweetened",,Correspondance exacte : framboise surgelée non sucrée.,Élevé,2026-08-04
13136,"Framboise, surgelée, crue",Beta-Carotène_µg_100g,,10.0,µg,"USDA FoodData Central (SR Legacy) — Raspberries, frozen, red, unsweetened",,Correspondance exacte : framboise surgelée non sucrée.,Élevé,2026-08-04
13016,"Fruit de la passion ou maracudja, chair sans peau, avec pépins, cru",Vitamine_E_mg_100g,,0.02,mg,"USDA FoodData Central (SR Legacy) — Passion-fruit, (granadilla), purple, raw",,"Correspondance exacte : fruit de la passion violet cru, avec pépins.",Élevé,2026-08-04
13016,"Fruit de la passion ou maracudja, chair sans peau, avec pépins, cru",Vitamine_B9_µg_100g,,14.0,µg,"USDA FoodData Central (SR Legacy) — Passion-fruit, (granadilla), purple, raw",,"Correspondance exacte : fruit de la passion violet cru, avec pépins.",Élevé,2026-08-04
13083,"Goyave, chair sans peau, crue",Vitamine_E_mg_100g,,0.73,mg,"USDA FoodData Central (SR Legacy) — Guavas, common, raw",,Correspondance exacte : goyave commune crue.,Élevé,2026-08-04
13083,"Goyave, chair sans peau, crue",Vitamine_B9_µg_100g,,49.0,µg,"USDA FoodData Central (SR Legacy) — Guavas, common, raw",,Correspondance exacte : goyave commune crue.,Élevé,2026-08-04
13018,"Grenade, chair sans peau, avec pépins, crue",Vitamine_E_mg_100g,,0.6,mg,"USDA FoodData Central (SR Legacy) — Pomegranates, raw",,Correspondance exacte : grenade crue.,Élevé,2026-08-04
13018,"Grenade, chair sans peau, avec pépins, crue",Vitamine_B9_µg_100g,,38.0,µg,"USDA FoodData Central (SR Legacy) — Pomegranates, raw",,Correspondance exacte : grenade crue.,Élevé,2026-08-04
13110,"Griotte, crue",Vitamine_E_mg_100g,,0.07,mg,"USDA FoodData Central (SR Legacy) — Cherries, sour, red, raw",,Correspondance exacte : griotte (cerise acide) crue.,Élevé,2026-08-04
13110,"Griotte, crue",Vitamine_B9_µg_100g,,8.0,µg,"USDA FoodData Central (SR Legacy) — Cherries, sour, red, raw",,Correspondance exacte : griotte (cerise acide) crue.,Élevé,2026-08-04
13110,"Griotte, crue",Sélénium_µg_100g,,0.0,µg,"USDA FoodData Central (SR Legacy) — Cherries, sour, red, raw",,Correspondance exacte : griotte (cerise acide) crue.,Élevé,2026-08-04
13020,"Groseille à maquereau, crue",Vitamine_E_mg_100g,,0.37,mg,"USDA FoodData Central (SR Legacy) — Gooseberries, raw",,Correspondance exacte : groseille à maquereau crue.,Élevé,2026-08-04
13020,"Groseille à maquereau, crue",Vitamine_B9_µg_100g,,6.0,µg,"USDA FoodData Central (SR Legacy) — Gooseberries, raw",,Correspondance exacte : groseille à maquereau crue.,Élevé,2026-08-04
13019,"Groseille, crue",Vitamine_E_mg_100g,,0.1,mg,"USDA FoodData Central (SR Legacy) — Currants, red and white, raw",,Correspondance exacte : groseille (rouge/blanche) crue.,Élevé,2026-08-04
13019,"Groseille, crue",Vitamine_B9_µg_100g,,8.0,µg,"USDA FoodData Central (SR Legacy) — Currants, red and white, raw",,Correspondance exacte : groseille (rouge/blanche) crue.,Élevé,2026-08-04
13066,"Kaki, chair et peau, cru",Vitamine_E_mg_100g,,0.73,mg,"USDA FoodData Central (SR Legacy) — Persimmons, japanese, raw",,Correspondance exacte : kaki japonais cru (variété commune en France).,Élevé,2026-08-04
13066,"Kaki, chair et peau, cru",Vitamine_B9_µg_100g,,8.0,µg,"USDA FoodData Central (SR Legacy) — Persimmons, japanese, raw",,Correspondance exacte : kaki japonais cru (variété commune en France).,Élevé,2026-08-04
13549,"Kumquat, chair et peau, sans pépin, cru",Vitamine_E_mg_100g,,0.15,mg,"USDA FoodData Central (SR Legacy) — Kumquats, raw",,Correspondance exacte : kumquat cru.,Élevé,2026-08-04
13549,"Kumquat, chair et peau, sans pépin, cru",Vitamine_B9_µg_100g,,17.0,µg,"USDA FoodData Central (SR Legacy) — Kumquats, raw",,Correspondance exacte : kumquat cru.,Élevé,2026-08-04
13023,"Litchi, chair sans peau, sans noyau, cru",Vitamine_E_mg_100g,,0.07,mg,"USDA FoodData Central (SR Legacy) — Litchis, raw",,Correspondance exacte : litchi cru.,Élevé,2026-08-04
13023,"Litchi, chair sans peau, sans noyau, cru",Vitamine_B9_µg_100g,,14.0,µg,"USDA FoodData Central (SR Legacy) — Litchis, raw",,Correspondance exacte : litchi cru.,Élevé,2026-08-04
13025,"Mangue, chair sans peau, sans noyau, crue",Vitamine_E_mg_100g,,0.9,mg,"USDA FoodData Central (SR Legacy) — Mangos, raw",,Correspondance exacte : mangue crue.,Élevé,2026-08-04
13025,"Mangue, chair sans peau, sans noyau, crue",Vitamine_B9_µg_100g,,43.0,µg,"USDA FoodData Central (SR Legacy) — Mangos, raw",,Correspondance exacte : mangue crue.,Élevé,2026-08-04
13026,"Melon cantaloup (par ex.: Charentais), chair sans peau, sans pépins, cru",Vitamine_E_mg_100g,,0.05,mg,"USDA FoodData Central (SR Legacy) — Melons, cantaloupe, raw",,Correspondance exacte : melon cantaloup cru.,Élevé,2026-08-04
13026,"Melon cantaloup (par ex.: Charentais), chair sans peau, sans pépins, cru",Vitamine_B9_µg_100g,,21.0,µg,"USDA FoodData Central (SR Legacy) — Melons, cantaloupe, raw",,Correspondance exacte : melon cantaloup cru.,Élevé,2026-08-04
13742,"Melon miel ou melon honeydew, chair sans peau, sans pépins, cru",Vitamine_E_mg_100g,,0.02,mg,"USDA FoodData Central (SR Legacy) — Melons, honeydew, raw",,Correspondance exacte : melon miel/honeydew cru.,Élevé,2026-08-04
13742,"Melon miel ou melon honeydew, chair sans peau, sans pépins, cru",Vitamine_B9_µg_100g,,19.0,µg,"USDA FoodData Central (SR Legacy) — Melons, honeydew, raw",,Correspondance exacte : melon miel/honeydew cru.,Élevé,2026-08-04
13028,"Myrtille, crue",Vitamine_E_mg_100g,,0.57,mg,"USDA FoodData Central (SR Legacy) — Blueberries, raw",,Correspondance exacte : myrtille crue.,Élevé,2026-08-04
13028,"Myrtille, crue",Vitamine_B9_µg_100g,,6.0,µg,"USDA FoodData Central (SR Legacy) — Blueberries, raw",,Correspondance exacte : myrtille crue.,Élevé,2026-08-04
13132,"Myrtille, surgelée, crue",Vitamine_E_mg_100g,,0.57,mg,"USDA FoodData Central (SR Legacy) — Blueberries, raw",,"Myrtille surgelée ; pas d'entrée USDA ""surgelée non sucrée"", proxy myrtille crue (la congélation ne modifie pas significativement la vitamine E).",Moyen,2026-08-04
13132,"Myrtille, surgelée, crue",Vitamine_B9_µg_100g,,6.0,µg,"USDA FoodData Central (SR Legacy) — Blueberries, raw",,"Myrtille surgelée ; pas d'entrée USDA ""surgelée non sucrée"", proxy myrtille crue (la congélation ne modifie pas significativement la vitamine E).",Moyen,2026-08-04
13132,"Myrtille, surgelée, crue",Sélénium_µg_100g,,0.1,µg,"USDA FoodData Central (SR Legacy) — Blueberries, raw",,"Myrtille surgelée ; pas d'entrée USDA ""surgelée non sucrée"", proxy myrtille crue (la congélation ne modifie pas significativement la vitamine E).",Moyen,2026-08-04
13029,"Mûre (de ronce), crue",Vitamine_E_mg_100g,,1.17,mg,"USDA FoodData Central (SR Legacy) — Blackberries, raw",,Correspondance exacte : mûre (ronce) crue.,Élevé,2026-08-04
13029,"Mûre (de ronce), crue",Vitamine_B9_µg_100g,,25.0,µg,"USDA FoodData Central (SR Legacy) — Blackberries, raw",,Correspondance exacte : mûre (ronce) crue.,Élevé,2026-08-04
13150,"Mûre (de ronce), surgelée, crue",Vitamine_E_mg_100g,,1.17,mg,"USDA FoodData Central (SR Legacy) — Blackberries, frozen, unsweetened",,Correspondance exacte : mûre surgelée non sucrée.,Élevé,2026-08-04
13150,"Mûre (de ronce), surgelée, crue",Vitamine_B9_µg_100g,,34.0,µg,"USDA FoodData Central (SR Legacy) — Blackberries, frozen, unsweetened",,Correspondance exacte : mûre surgelée non sucrée.,Élevé,2026-08-04
13150,"Mûre (de ronce), surgelée, crue",Sélénium_µg_100g,,0.4,µg,"USDA FoodData Central (SR Legacy) — Blackberries, frozen, unsweetened",,Correspondance exacte : mûre surgelée non sucrée.,Élevé,2026-08-04
13071,"Mûre noire (du mûrier), crue",Vitamine_E_mg_100g,,0.87,mg,"USDA FoodData Central (SR Legacy) — Mulberries, raw",,"Correspondance exacte : mûre noire du mûrier = ""mulberries"" (espèce distincte de la mûre de ronce, bien identifiée séparément chez USDA).",Élevé,2026-08-04
13071,"Mûre noire (du mûrier), crue",Vitamine_B9_µg_100g,,6.0,µg,"USDA FoodData Central (SR Legacy) — Mulberries, raw",,"Correspondance exacte : mûre noire du mûrier = ""mulberries"" (espèce distincte de la mûre de ronce, bien identifiée séparément chez USDA).",Élevé,2026-08-04
13071,"Mûre noire (du mûrier), crue",Sélénium_µg_100g,,0.6,µg,"USDA FoodData Central (SR Legacy) — Mulberries, raw",,"Correspondance exacte : mûre noire du mûrier = ""mulberries"" (espèce distincte de la mûre de ronce, bien identifiée séparément chez USDA).",Élevé,2026-08-04
13149,"Nectarine ou brugnon, blanche, chair et peau, sans noyau, crue",Vitamine_E_mg_100g,,0.77,mg,"USDA FoodData Central (SR Legacy) — Nectarines, raw",,Correspondance exacte : nectarine crue (variété blanche/jaune non distinguée par l'USDA).,Élevé,2026-08-04
13149,"Nectarine ou brugnon, blanche, chair et peau, sans noyau, crue",Vitamine_B9_µg_100g,,5.0,µg,"USDA FoodData Central (SR Legacy) — Nectarines, raw",,Correspondance exacte : nectarine crue (variété blanche/jaune non distinguée par l'USDA).,Élevé,2026-08-04
13149,"Nectarine ou brugnon, blanche, chair et peau, sans noyau, crue",Vitamine_D_µg_100g,,0.0,µg,"USDA FoodData Central (SR Legacy) — Nectarines, raw",,Correspondance exacte : nectarine crue (variété blanche/jaune non distinguée par l'USDA).,Élevé,2026-08-04
13149,"Nectarine ou brugnon, blanche, chair et peau, sans noyau, crue",Vitamine_B12_µg_100g,,0.0,µg,"USDA FoodData Central (SR Legacy) — Nectarines, raw",,Correspondance exacte : nectarine crue (variété blanche/jaune non distinguée par l'USDA).,Élevé,2026-08-04
13148,"Nectarine ou brugnon, jaune, chair et peau, sans noyau, crue",Vitamine_E_mg_100g,,0.77,mg,"USDA FoodData Central (SR Legacy) — Nectarines, raw",,Correspondance exacte : nectarine crue (variété blanche/jaune non distinguée par l'USDA).,Élevé,2026-08-04
13148,"Nectarine ou brugnon, jaune, chair et peau, sans noyau, crue",Vitamine_B9_µg_100g,,5.0,µg,"USDA FoodData Central (SR Legacy) — Nectarines, raw",,Correspondance exacte : nectarine crue (variété blanche/jaune non distinguée par l'USDA).,Élevé,2026-08-04
13148,"Nectarine ou brugnon, jaune, chair et peau, sans noyau, crue",Vitamine_D_µg_100g,,0.0,µg,"USDA FoodData Central (SR Legacy) — Nectarines, raw",,Correspondance exacte : nectarine crue (variété blanche/jaune non distinguée par l'USDA).,Élevé,2026-08-04
13148,"Nectarine ou brugnon, jaune, chair et peau, sans noyau, crue",Vitamine_B12_µg_100g,,0.0,µg,"USDA FoodData Central (SR Legacy) — Nectarines, raw",,Correspondance exacte : nectarine crue (variété blanche/jaune non distinguée par l'USDA).,Élevé,2026-08-04
13033,"Olive verte, en saumure, égouttée",Vitamine_E_mg_100g,,3.81,mg,"USDA FoodData Central (SR Legacy) — Olives, pickled, canned or bottled, green",,"Correspondance exacte : olive verte marinée/en saumure, égouttée.",Élevé,2026-08-04
13033,"Olive verte, en saumure, égouttée",Vitamine_B9_µg_100g,,3.0,µg,"USDA FoodData Central (SR Legacy) — Olives, pickled, canned or bottled, green",,"Correspondance exacte : olive verte marinée/en saumure, égouttée.",Élevé,2026-08-04
13034,"Orange, chair sans peau, sans pépins, crue",Vitamine_E_mg_100g,,0.18,mg,"USDA FoodData Central (SR Legacy) — Oranges, raw, all commercial varieties",,"Correspondance exacte : orange crue, toutes variétés commerciales, sans peau.",Élevé,2026-08-04
13034,"Orange, chair sans peau, sans pépins, crue",Vitamine_B9_µg_100g,,30.0,µg,"USDA FoodData Central (SR Legacy) — Oranges, raw, all commercial varieties",,"Correspondance exacte : orange crue, toutes variétés commerciales, sans peau.",Élevé,2026-08-04
13179,"Pomelo (dit Pamplemousse) jaune, chair sans peau, sans pépins, cru",Vitamine_E_mg_100g,,0.13,mg,"USDA FoodData Central (SR Legacy) — Grapefruit, raw, white, all areas",,Correspondance exacte : pomelo/pamplemousse jaune (blanc) cru.,Élevé,2026-08-04
13179,"Pomelo (dit Pamplemousse) jaune, chair sans peau, sans pépins, cru",Vitamine_B9_µg_100g,,10.0,µg,"USDA FoodData Central (SR Legacy) — Grapefruit, raw, white, all areas",,Correspondance exacte : pomelo/pamplemousse jaune (blanc) cru.,Élevé,2026-08-04
13179,"Pomelo (dit Pamplemousse) jaune, chair sans peau, sans pépins, cru",Sélénium_µg_100g,,1.4,µg,"USDA FoodData Central (SR Legacy) — Grapefruit, raw, white, all areas",,Correspondance exacte : pomelo/pamplemousse jaune (blanc) cru.,Élevé,2026-08-04
13180,"Pomelo (dit Pamplemousse) rose, chair sans peau, sans pépins, cru",Vitamine_E_mg_100g,,0.13,mg,"USDA FoodData Central (SR Legacy) — Grapefruit, raw, pink and red, all areas",,Correspondance exacte : pomelo/pamplemousse rose cru.,Élevé,2026-08-04
13180,"Pomelo (dit Pamplemousse) rose, chair sans peau, sans pépins, cru",Vitamine_B9_µg_100g,,13.0,µg,"USDA FoodData Central (SR Legacy) — Grapefruit, raw, pink and red, all areas",,Correspondance exacte : pomelo/pamplemousse rose cru.,Élevé,2026-08-04
13180,"Pomelo (dit Pamplemousse) rose, chair sans peau, sans pépins, cru",Sélénium_µg_100g,,0.1,µg,"USDA FoodData Central (SR Legacy) — Grapefruit, raw, pink and red, all areas",,Correspondance exacte : pomelo/pamplemousse rose cru.,Élevé,2026-08-04
13035,"Papaye, chair sans peau, crue",Vitamine_E_mg_100g,,0.3,mg,"USDA FoodData Central (SR Legacy) — Papayas, raw",,Correspondance exacte : papaye crue.,Élevé,2026-08-04
13035,"Papaye, chair sans peau, crue",Vitamine_B9_µg_100g,,37.0,µg,"USDA FoodData Central (SR Legacy) — Papayas, raw",,Correspondance exacte : papaye crue.,Élevé,2026-08-04
13036,"Pastèque, chair sans peau, sans pépins, crue",Vitamine_E_mg_100g,,0.05,mg,"USDA FoodData Central (SR Legacy) — Watermelon, raw",,Correspondance exacte : pastèque crue.,Élevé,2026-08-04
13036,"Pastèque, chair sans peau, sans pépins, crue",Vitamine_B9_µg_100g,,3.0,µg,"USDA FoodData Central (SR Legacy) — Watermelon, raw",,Correspondance exacte : pastèque crue.,Élevé,2026-08-04
13188,"Poire Conférence, chair sans peau, crue",Vitamine_E_mg_100g,,0.12,mg,"USDA FoodData Central (SR Legacy) — Pears, raw",,Correspondance exacte : poire crue (variété Conférence non distinguée par l'USDA).,Élevé,2026-08-04
13188,"Poire Conférence, chair sans peau, crue",Vitamine_B9_µg_100g,,7.0,µg,"USDA FoodData Central (SR Legacy) — Pears, raw",,Correspondance exacte : poire crue (variété Conférence non distinguée par l'USDA).,Élevé,2026-08-04
13188,"Poire Conférence, chair sans peau, crue",Vitamine_D_µg_100g,,0.0,µg,"USDA FoodData Central (SR Legacy) — Pears, raw",,Correspondance exacte : poire crue (variété Conférence non distinguée par l'USDA).,Élevé,2026-08-04
13188,"Poire Conférence, chair sans peau, crue",Vitamine_B12_µg_100g,,0.0,µg,"USDA FoodData Central (SR Legacy) — Pears, raw",,Correspondance exacte : poire crue (variété Conférence non distinguée par l'USDA).,Élevé,2026-08-04
13189,"Poire Williams, chair sans peau, crue",Vitamine_E_mg_100g,,0.12,mg,"USDA FoodData Central (SR Legacy) — Pears, raw, bartlett (Includes foods for USDA's Food Distribution Program)",,"Correspondance exacte : poire Williams = ""Bartlett"" (même cultivar, nom américain).",Élevé,2026-08-04
13189,"Poire Williams, chair sans peau, crue",Vitamine_B9_µg_100g,,6.0,µg,"USDA FoodData Central (SR Legacy) — Pears, raw, bartlett (Includes foods for USDA's Food Distribution Program)",,"Correspondance exacte : poire Williams = ""Bartlett"" (même cultivar, nom américain).",Élevé,2026-08-04
13037,"Poire, chair et peau, crue",Vitamine_E_mg_100g,,0.12,mg,"USDA FoodData Central (SR Legacy) — Pears, raw",,"Correspondance exacte : poire crue, chair et peau.",Élevé,2026-08-04
13037,"Poire, chair et peau, crue",Vitamine_B9_µg_100g,,7.0,µg,"USDA FoodData Central (SR Legacy) — Pears, raw",,"Correspondance exacte : poire crue, chair et peau.",Élevé,2026-08-04
13735,"Poire au sirop léger, appertisée, non égouttée",Vitamine_E_mg_100g,,0.08,mg,"USDA FoodData Central (SR Legacy) — Pears, canned, light syrup pack, solids and liquids",,"Correspondance exacte : poire au sirop léger, non égouttée.",Élevé,2026-08-04
13735,"Poire au sirop léger, appertisée, non égouttée",Vitamine_B9_µg_100g,,1.0,µg,"USDA FoodData Central (SR Legacy) — Pears, canned, light syrup pack, solids and liquids",,"Correspondance exacte : poire au sirop léger, non égouttée.",Élevé,2026-08-04
13735,"Poire au sirop léger, appertisée, non égouttée",Sélénium_µg_100g,,0.0,µg,"USDA FoodData Central (SR Legacy) — Pears, canned, light syrup pack, solids and liquids",,"Correspondance exacte : poire au sirop léger, non égouttée.",Élevé,2026-08-04
13190,"Pomme Chantecler, chair sans peau, crue",Vitamine_E_mg_100g,,0.05,mg,"USDA FoodData Central (SR Legacy) — Apples, raw, without skin",,"Pomme Chantecler sans peau ; pas d'entrée variétale USDA, proxy pomme générique sans peau (état de la partie consommée respecté en priorité sur la variété).",Moyen,2026-08-04
13190,"Pomme Chantecler, chair sans peau, crue",Vitamine_B9_µg_100g,,0.0,µg,"USDA FoodData Central (SR Legacy) — Apples, raw, without skin",,"Pomme Chantecler sans peau ; pas d'entrée variétale USDA, proxy pomme générique sans peau (état de la partie consommée respecté en priorité sur la variété).",Moyen,2026-08-04
13190,"Pomme Chantecler, chair sans peau, crue",Vitamine_D_µg_100g,,0.0,µg,"USDA FoodData Central (SR Legacy) — Apples, raw, without skin",,"Pomme Chantecler sans peau ; pas d'entrée variétale USDA, proxy pomme générique sans peau (état de la partie consommée respecté en priorité sur la variété).",Moyen,2026-08-04
13190,"Pomme Chantecler, chair sans peau, crue",Vitamine_B12_µg_100g,,0.0,µg,"USDA FoodData Central (SR Legacy) — Apples, raw, without skin",,"Pomme Chantecler sans peau ; pas d'entrée variétale USDA, proxy pomme générique sans peau (état de la partie consommée respecté en priorité sur la variété).",Moyen,2026-08-04
13191,"Pomme Gala, chair sans peau, crue",Vitamine_E_mg_100g,,0.05,mg,"USDA FoodData Central (SR Legacy) — Apples, raw, without skin",,"Pomme Gala sans peau ; l'USDA n'a que ""Gala avec peau"", proxy pomme générique sans peau (partie consommée respectée en priorité sur la variété).",Moyen,2026-08-04
13191,"Pomme Gala, chair sans peau, crue",Vitamine_B9_µg_100g,,0.0,µg,"USDA FoodData Central (SR Legacy) — Apples, raw, without skin",,"Pomme Gala sans peau ; l'USDA n'a que ""Gala avec peau"", proxy pomme générique sans peau (partie consommée respectée en priorité sur la variété).",Moyen,2026-08-04
13191,"Pomme Gala, chair sans peau, crue",Vitamine_D_µg_100g,,0.0,µg,"USDA FoodData Central (SR Legacy) — Apples, raw, without skin",,"Pomme Gala sans peau ; l'USDA n'a que ""Gala avec peau"", proxy pomme générique sans peau (partie consommée respectée en priorité sur la variété).",Moyen,2026-08-04
13191,"Pomme Gala, chair sans peau, crue",Vitamine_B12_µg_100g,,0.0,µg,"USDA FoodData Central (SR Legacy) — Apples, raw, without skin",,"Pomme Gala sans peau ; l'USDA n'a que ""Gala avec peau"", proxy pomme générique sans peau (partie consommée respectée en priorité sur la variété).",Moyen,2026-08-04
13620,"Pomme Golden, chair et peau, crue",Vitamine_B9_µg_100g,,0.0,µg,"USDA FoodData Central (Foundation) — Apples, fuji, with skin, raw",,"Pomme Golden avec peau ; pas d'entrée variétale Golden, proxy pomme Fuji avec peau (variété générique la plus proche disponible, même état de peau).",Moyen,2026-08-04
13086,"Pomme Golden, chair sans peau, crue",Vitamine_E_mg_100g,,0.05,mg,"USDA FoodData Central (SR Legacy) — Apples, raw, without skin",,Pomme Golden sans peau ; proxy pomme générique sans peau (partie consommée respectée en priorité sur la variété).,Moyen,2026-08-04
13086,"Pomme Golden, chair sans peau, crue",Vitamine_B9_µg_100g,,0.0,µg,"USDA FoodData Central (SR Legacy) — Apples, raw, without skin",,Pomme Golden sans peau ; proxy pomme générique sans peau (partie consommée respectée en priorité sur la variété).,Moyen,2026-08-04
13086,"Pomme Golden, chair sans peau, crue",Vitamine_D_µg_100g,,0.0,µg,"USDA FoodData Central (SR Legacy) — Apples, raw, without skin",,Pomme Golden sans peau ; proxy pomme générique sans peau (partie consommée respectée en priorité sur la variété).,Moyen,2026-08-04
13086,"Pomme Golden, chair sans peau, crue",Vitamine_B12_µg_100g,,0.0,µg,"USDA FoodData Central (SR Legacy) — Apples, raw, without skin",,Pomme Golden sans peau ; proxy pomme générique sans peau (partie consommée respectée en priorité sur la variété).,Moyen,2026-08-04
13122,"Pomme Granny Smith, chair et peau, crue",Vitamine_B9_µg_100g,,0.0,µg,"USDA FoodData Central (Foundation) — Apples, granny smith, with skin, raw",,Correspondance exacte : pomme Granny Smith avec peau.,Élevé,2026-08-04
13121,"Pomme Granny Smith, chair sans peau, crue",Vitamine_E_mg_100g,,0.05,mg,"USDA FoodData Central (SR Legacy) — Apples, raw, without skin",,"Pomme Granny Smith sans peau ; l'USDA n'a que ""avec peau"" pour cette variété, proxy pomme générique sans peau (partie consommée respectée en priorité).",Moyen,2026-08-04
13121,"Pomme Granny Smith, chair sans peau, crue",Vitamine_B9_µg_100g,,0.0,µg,"USDA FoodData Central (SR Legacy) — Apples, raw, without skin",,"Pomme Granny Smith sans peau ; l'USDA n'a que ""avec peau"" pour cette variété, proxy pomme générique sans peau (partie consommée respectée en priorité).",Moyen,2026-08-04
13121,"Pomme Granny Smith, chair sans peau, crue",Vitamine_D_µg_100g,,0.0,µg,"USDA FoodData Central (SR Legacy) — Apples, raw, without skin",,"Pomme Granny Smith sans peau ; l'USDA n'a que ""avec peau"" pour cette variété, proxy pomme générique sans peau (partie consommée respectée en priorité).",Moyen,2026-08-04
13121,"Pomme Granny Smith, chair sans peau, crue",Vitamine_B12_µg_100g,,0.0,µg,"USDA FoodData Central (SR Legacy) — Apples, raw, without skin",,"Pomme Granny Smith sans peau ; l'USDA n'a que ""avec peau"" pour cette variété, proxy pomme générique sans peau (partie consommée respectée en priorité).",Moyen,2026-08-04
13192,"Pomme Pink lady, chair sans peau, crue",Vitamine_E_mg_100g,,0.05,mg,"USDA FoodData Central (SR Legacy) — Apples, raw, without skin",,"Pomme Pink Lady sans peau ; pas d'entrée variétale, proxy pomme générique sans peau.",Moyen,2026-08-04
13192,"Pomme Pink lady, chair sans peau, crue",Vitamine_B9_µg_100g,,0.0,µg,"USDA FoodData Central (SR Legacy) — Apples, raw, without skin",,"Pomme Pink Lady sans peau ; pas d'entrée variétale, proxy pomme générique sans peau.",Moyen,2026-08-04
13192,"Pomme Pink lady, chair sans peau, crue",Vitamine_D_µg_100g,,0.0,µg,"USDA FoodData Central (SR Legacy) — Apples, raw, without skin",,"Pomme Pink Lady sans peau ; pas d'entrée variétale, proxy pomme générique sans peau.",Moyen,2026-08-04
13192,"Pomme Pink lady, chair sans peau, crue",Vitamine_B12_µg_100g,,0.0,µg,"USDA FoodData Central (SR Legacy) — Apples, raw, without skin",,"Pomme Pink Lady sans peau ; pas d'entrée variétale, proxy pomme générique sans peau.",Moyen,2026-08-04
13039,"Pomme, chair et peau, crue",Vitamine_B9_µg_100g,,0.0,µg,"USDA FoodData Central (Foundation) — Apples, fuji, with skin, raw",,"Pomme avec peau, générique ; proxy pomme Fuji avec peau (variété la plus documentée avec peau chez USDA Foundation).",Moyen,2026-08-04
13176,"Pomme, chair sans peau, bouillie/cuite à l'eau",Vitamine_E_mg_100g,,0.05,mg,"USDA FoodData Central (SR Legacy) — Apples, raw, without skin, cooked, boiled",,"Correspondance exacte : pomme sans peau, cuite à l'eau/bouillie.",Élevé,2026-08-04
13176,"Pomme, chair sans peau, bouillie/cuite à l'eau",Sélénium_µg_100g,,0.3,µg,"USDA FoodData Central (SR Legacy) — Apples, raw, without skin, cooked, boiled",,"Correspondance exacte : pomme sans peau, cuite à l'eau/bouillie.",Élevé,2026-08-04
13175,"Pomme, chair sans peau, rôtie/cuite au four",Vitamine_E_mg_100g,,0.05,mg,"USDA FoodData Central (SR Legacy) — Apples, raw, without skin, cooked, boiled",,"Pomme rôtie au four ; pas d'entrée USDA ""cuite au four"" séparée, proxy pomme cuite bouillie (cuisson en milieu humide sans matière grasse, écart attendu négligeable pour la vitamine E).",Moyen,2026-08-04
13175,"Pomme, chair sans peau, rôtie/cuite au four",Vitamine_B9_µg_100g,,1.0,µg,"USDA FoodData Central (SR Legacy) — Apples, raw, without skin, cooked, boiled",,"Pomme rôtie au four ; pas d'entrée USDA ""cuite au four"" séparée, proxy pomme cuite bouillie (cuisson en milieu humide sans matière grasse, écart attendu négligeable pour la vitamine E).",Moyen,2026-08-04
13175,"Pomme, chair sans peau, rôtie/cuite au four",Vitamine_B12_µg_100g,,0.0,µg,"USDA FoodData Central (SR Legacy) — Apples, raw, without skin, cooked, boiled",,"Pomme rôtie au four ; pas d'entrée USDA ""cuite au four"" séparée, proxy pomme cuite bouillie (cuisson en milieu humide sans matière grasse, écart attendu négligeable pour la vitamine E).",Moyen,2026-08-04
13111,"Pomme, sèche",Vitamine_E_mg_100g,,0.53,mg,"USDA FoodData Central (SR Legacy) — Apples, dried, sulfured, uncooked",,Correspondance exacte : pomme séchée non cuite.,Élevé,2026-08-04
13111,"Pomme, sèche",Vitamine_B9_µg_100g,,0.0,µg,"USDA FoodData Central (SR Legacy) — Apples, dried, sulfured, uncooked",,Correspondance exacte : pomme séchée non cuite.,Élevé,2026-08-04
13041,"Prune Reine-Claude, sans noyau, crue",Vitamine_E_mg_100g,,0.26,mg,"USDA FoodData Central (SR Legacy) — Plums, raw",,Correspondance exacte : prune crue (variété Reine-Claude non distinguée par l'USDA).,Élevé,2026-08-04
13041,"Prune Reine-Claude, sans noyau, crue",Vitamine_B9_µg_100g,,5.0,µg,"USDA FoodData Central (SR Legacy) — Plums, raw",,Correspondance exacte : prune crue (variété Reine-Claude non distinguée par l'USDA).,Élevé,2026-08-04
13027,"Prune mirabelle, sans noyau, crue",Vitamine_E_mg_100g,,0.26,mg,"USDA FoodData Central (SR Legacy) — Plums, raw",,Correspondance exacte : prune crue (variété Mirabelle non distinguée par l'USDA).,Élevé,2026-08-04
13027,"Prune mirabelle, sans noyau, crue",Vitamine_B9_µg_100g,,5.0,µg,"USDA FoodData Central (SR Legacy) — Plums, raw",,Correspondance exacte : prune crue (variété Mirabelle non distinguée par l'USDA).,Élevé,2026-08-04
13027,"Prune mirabelle, sans noyau, crue",Vitamine_D_µg_100g,,0.0,µg,"USDA FoodData Central (SR Legacy) — Plums, raw",,Correspondance exacte : prune crue (variété Mirabelle non distinguée par l'USDA).,Élevé,2026-08-04
13027,"Prune mirabelle, sans noyau, crue",Vitamine_B12_µg_100g,,0.0,µg,"USDA FoodData Central (SR Legacy) — Plums, raw",,Correspondance exacte : prune crue (variété Mirabelle non distinguée par l'USDA).,Élevé,2026-08-04
13583,"Prune violette, sans noyau, crue",Vitamine_E_mg_100g,,0.26,mg,"USDA FoodData Central (SR Legacy) — Plums, raw",,Correspondance exacte : prune crue (variété violette non distinguée par l'USDA).,Élevé,2026-08-04
13583,"Prune violette, sans noyau, crue",Vitamine_K1_µg_100g,,6.4,µg,"USDA FoodData Central (SR Legacy) — Plums, raw",,Correspondance exacte : prune crue (variété violette non distinguée par l'USDA).,Élevé,2026-08-04
13583,"Prune violette, sans noyau, crue",Vitamine_B9_µg_100g,,5.0,µg,"USDA FoodData Central (SR Legacy) — Plums, raw",,Correspondance exacte : prune crue (variété violette non distinguée par l'USDA).,Élevé,2026-08-04
13583,"Prune violette, sans noyau, crue",Vitamine_D_µg_100g,,0.0,µg,"USDA FoodData Central (SR Legacy) — Plums, raw",,Correspondance exacte : prune crue (variété violette non distinguée par l'USDA).,Élevé,2026-08-04
13583,"Prune violette, sans noyau, crue",Vitamine_B12_µg_100g,,0.0,µg,"USDA FoodData Central (SR Legacy) — Plums, raw",,Correspondance exacte : prune crue (variété violette non distinguée par l'USDA).,Élevé,2026-08-04
13583,"Prune violette, sans noyau, crue",Sélénium_µg_100g,,0.0,µg,"USDA FoodData Central (SR Legacy) — Plums, raw",,Correspondance exacte : prune crue (variété violette non distinguée par l'USDA).,Élevé,2026-08-04
13583,"Prune violette, sans noyau, crue",Beta-Carotène_µg_100g,,190.0,µg,"USDA FoodData Central (SR Legacy) — Plums, raw",,Correspondance exacte : prune crue (variété violette non distinguée par l'USDA).,Élevé,2026-08-04
13100,"Prune, sans noyau, crue",Vitamine_E_mg_100g,,0.26,mg,"USDA FoodData Central (SR Legacy) — Plums, raw",,"Correspondance exacte : prune crue, générique.",Élevé,2026-08-04
13100,"Prune, sans noyau, crue",Vitamine_B9_µg_100g,,5.0,µg,"USDA FoodData Central (SR Legacy) — Plums, raw",,"Correspondance exacte : prune crue, générique.",Élevé,2026-08-04
13119,"Pruneau, sans noyau, cuit",Vitamine_E_mg_100g,,0.19,mg,"USDA FoodData Central (SR Legacy) — Plums, dried (prunes), stewed, without added sugar",,Correspondance exacte : pruneau cuit/mijoté sans sucre ajouté.,Élevé,2026-08-04
13119,"Pruneau, sans noyau, cuit",Vitamine_K1_µg_100g,,26.1,µg,"USDA FoodData Central (SR Legacy) — Plums, dried (prunes), stewed, without added sugar",,Correspondance exacte : pruneau cuit/mijoté sans sucre ajouté.,Élevé,2026-08-04
13119,"Pruneau, sans noyau, cuit",Sélénium_µg_100g,,0.1,µg,"USDA FoodData Central (SR Legacy) — Plums, dried (prunes), stewed, without added sugar",,Correspondance exacte : pruneau cuit/mijoté sans sucre ajouté.,Élevé,2026-08-04
13119,"Pruneau, sans noyau, cuit",Beta-Carotène_µg_100g,,173.0,µg,"USDA FoodData Central (SR Legacy) — Plums, dried (prunes), stewed, without added sugar",,Correspondance exacte : pruneau cuit/mijoté sans sucre ajouté.,Élevé,2026-08-04
13042,"Pruneau, sans noyau, sec",Vitamine_E_mg_100g,,0.43,mg,"USDA FoodData Central (SR Legacy) — Plums, dried (prunes), uncooked",,Correspondance exacte : pruneau sec non cuit.,Élevé,2026-08-04
13042,"Pruneau, sans noyau, sec",Vitamine_B9_µg_100g,,4.0,µg,"USDA FoodData Central (SR Legacy) — Plums, dried (prunes), uncooked",,Correspondance exacte : pruneau sec non cuit.,Élevé,2026-08-04
13187,"Purée de pommes, type ""compote sans sucres ajoutés"", rayon ambiant",Vitamine_E_mg_100g,,0.16,mg,"USDA FoodData Central (SR Legacy) — Applesauce, canned, unsweetened, without added ascorbic acid (Includes foods for USDA's Food Distribution Program)",,"Correspondance exacte : purée de pommes type compote sans sucres ajoutés = ""applesauce unsweetened"".",Élevé,2026-08-04
13187,"Purée de pommes, type ""compote sans sucres ajoutés"", rayon ambiant",Vitamine_B9_µg_100g,,3.0,µg,"USDA FoodData Central (SR Legacy) — Applesauce, canned, unsweetened, without added ascorbic acid (Includes foods for USDA's Food Distribution Program)",,"Correspondance exacte : purée de pommes type compote sans sucres ajoutés = ""applesauce unsweetened"".",Élevé,2026-08-04
13187,"Purée de pommes, type ""compote sans sucres ajoutés"", rayon ambiant",Vitamine_B12_µg_100g,,0.0,µg,"USDA FoodData Central (SR Legacy) — Applesauce, canned, unsweetened, without added ascorbic acid (Includes foods for USDA's Food Distribution Program)",,"Correspondance exacte : purée de pommes type compote sans sucres ajoutés = ""applesauce unsweetened"".",Élevé,2026-08-04
13193,"Pêche blanche, chair et peau, sans noyau, crue",Vitamine_E_mg_100g,,0.73,mg,"USDA FoodData Central (SR Legacy) — Peaches, yellow, raw",,"Pêche blanche ; l'USDA ne distingue pas la variété blanche (moins courante), proxy pêche jaune crue générique.",Moyen,2026-08-04
13193,"Pêche blanche, chair et peau, sans noyau, crue",Vitamine_B9_µg_100g,,4.0,µg,"USDA FoodData Central (SR Legacy) — Peaches, yellow, raw",,"Pêche blanche ; l'USDA ne distingue pas la variété blanche (moins courante), proxy pêche jaune crue générique.",Moyen,2026-08-04
13193,"Pêche blanche, chair et peau, sans noyau, crue",Vitamine_D_µg_100g,,0.0,µg,"USDA FoodData Central (SR Legacy) — Peaches, yellow, raw",,"Pêche blanche ; l'USDA ne distingue pas la variété blanche (moins courante), proxy pêche jaune crue générique.",Moyen,2026-08-04
13193,"Pêche blanche, chair et peau, sans noyau, crue",Vitamine_B12_µg_100g,,0.0,µg,"USDA FoodData Central (SR Legacy) — Peaches, yellow, raw",,"Pêche blanche ; l'USDA ne distingue pas la variété blanche (moins courante), proxy pêche jaune crue générique.",Moyen,2026-08-04
13194,"Pêche blanche, chair sans peau, sans noyau, crue",Vitamine_E_mg_100g,,0.73,mg,"USDA FoodData Central (SR Legacy) — Peaches, yellow, raw",,"Pêche blanche sans peau ; même proxy pêche jaune, variété blanche non distinguée par l'USDA.",Moyen,2026-08-04
13194,"Pêche blanche, chair sans peau, sans noyau, crue",Vitamine_B9_µg_100g,,4.0,µg,"USDA FoodData Central (SR Legacy) — Peaches, yellow, raw",,"Pêche blanche sans peau ; même proxy pêche jaune, variété blanche non distinguée par l'USDA.",Moyen,2026-08-04
13194,"Pêche blanche, chair sans peau, sans noyau, crue",Vitamine_D_µg_100g,,0.0,µg,"USDA FoodData Central (SR Legacy) — Peaches, yellow, raw",,"Pêche blanche sans peau ; même proxy pêche jaune, variété blanche non distinguée par l'USDA.",Moyen,2026-08-04
13194,"Pêche blanche, chair sans peau, sans noyau, crue",Vitamine_B12_µg_100g,,0.0,µg,"USDA FoodData Central (SR Legacy) — Peaches, yellow, raw",,"Pêche blanche sans peau ; même proxy pêche jaune, variété blanche non distinguée par l'USDA.",Moyen,2026-08-04
13195,"Pêche jaune, chair sans peau, sans noyau, crue",Vitamine_E_mg_100g,,0.73,mg,"USDA FoodData Central (SR Legacy) — Peaches, yellow, raw",,Correspondance exacte : pêche jaune crue.,Élevé,2026-08-04
13195,"Pêche jaune, chair sans peau, sans noyau, crue",Vitamine_B9_µg_100g,,4.0,µg,"USDA FoodData Central (SR Legacy) — Peaches, yellow, raw",,Correspondance exacte : pêche jaune crue.,Élevé,2026-08-04
13195,"Pêche jaune, chair sans peau, sans noyau, crue",Vitamine_D_µg_100g,,0.0,µg,"USDA FoodData Central (SR Legacy) — Peaches, yellow, raw",,Correspondance exacte : pêche jaune crue.,Élevé,2026-08-04
13195,"Pêche jaune, chair sans peau, sans noyau, crue",Vitamine_B12_µg_100g,,0.0,µg,"USDA FoodData Central (SR Legacy) — Peaches, yellow, raw",,Correspondance exacte : pêche jaune crue.,Élevé,2026-08-04
13043,"Pêche, chair et peau, sans noyau, crue",Vitamine_E_mg_100g,,0.73,mg,"USDA FoodData Central (SR Legacy) — Peaches, yellow, raw",,"Correspondance exacte : pêche crue, chair et peau.",Élevé,2026-08-04
13043,"Pêche, chair et peau, sans noyau, crue",Vitamine_B9_µg_100g,,4.0,µg,"USDA FoodData Central (SR Legacy) — Peaches, yellow, raw",,"Correspondance exacte : pêche crue, chair et peau.",Élevé,2026-08-04
13118,"Pêche, chair et peau, sans noyau, sèche",Vitamine_E_mg_100g,,0.19,mg,"USDA FoodData Central (SR Legacy) — Peaches, dried, sulfured, uncooked",,Correspondance exacte : pêche séchée non cuite.,Élevé,2026-08-04
13118,"Pêche, chair et peau, sans noyau, sèche",Vitamine_K1_µg_100g,,15.7,µg,"USDA FoodData Central (SR Legacy) — Peaches, dried, sulfured, uncooked",,Correspondance exacte : pêche séchée non cuite.,Élevé,2026-08-04
13118,"Pêche, chair et peau, sans noyau, sèche",Vitamine_B9_µg_100g,,0.0,µg,"USDA FoodData Central (SR Legacy) — Peaches, dried, sulfured, uncooked",,Correspondance exacte : pêche séchée non cuite.,Élevé,2026-08-04
13118,"Pêche, chair et peau, sans noyau, sèche",Sélénium_µg_100g,,0.5,µg,"USDA FoodData Central (SR Legacy) — Peaches, dried, sulfured, uncooked",,Correspondance exacte : pêche séchée non cuite.,Élevé,2026-08-04
13118,"Pêche, chair et peau, sans noyau, sèche",Beta-Carotène_µg_100g,,1074.0,µg,"USDA FoodData Central (SR Legacy) — Peaches, dried, sulfured, uncooked",,Correspondance exacte : pêche séchée non cuite.,Élevé,2026-08-04
13731,"Pêche, sans noyau, au sirop léger, appertisée, non égouttée",Vitamine_E_mg_100g,,0.49,mg,"USDA FoodData Central (SR Legacy) — Peaches, canned, light syrup pack, solids and liquids",,"Correspondance exacte : pêche au sirop léger, non égouttée.",Élevé,2026-08-04
13731,"Pêche, sans noyau, au sirop léger, appertisée, non égouttée",Vitamine_B9_µg_100g,,3.0,µg,"USDA FoodData Central (SR Legacy) — Peaches, canned, light syrup pack, solids and liquids",,"Correspondance exacte : pêche au sirop léger, non égouttée.",Élevé,2026-08-04
13046,Raisin sec,Vitamine_B9_µg_100g,,3.0,µg,"USDA FoodData Central (SR Legacy) — Raisins, seeded",,"Raisin sec ; proxy raisin sec avec pépins (""seeded""), l'état pépins/sans pépins du produit CIQUAL n'est pas précisé).",Moyen,2026-08-04
13047,"Rhubarbe, tige, crue",Vitamine_E_mg_100g,,0.27,mg,"USDA FoodData Central (SR Legacy) — Rhubarb, raw",,Correspondance exacte : tige de rhubarbe crue.,Élevé,2026-08-04
13047,"Rhubarbe, tige, crue",Vitamine_B9_µg_100g,,7.0,µg,"USDA FoodData Central (SR Legacy) — Rhubarb, raw",,Correspondance exacte : tige de rhubarbe crue.,Élevé,2026-08-04
13203,"Rhubarbe, tige, cuite",Vitamine_E_mg_100g,,0.19,mg,"USDA FoodData Central (SR Legacy) — Rhubarb, frozen, cooked, with sugar",,"Rhubarbe cuite ; seule entrée USDA disponible est ""cuite avec sucre ajouté"", le taux de sucre CIQUAL n'est pas précisé.",Moyen,2026-08-04
13203,"Rhubarbe, tige, cuite",Vitamine_B9_µg_100g,,5.0,µg,"USDA FoodData Central (SR Legacy) — Rhubarb, frozen, cooked, with sugar",,"Rhubarbe cuite ; seule entrée USDA disponible est ""cuite avec sucre ajouté"", le taux de sucre CIQUAL n'est pas précisé.",Moyen,2026-08-04
13203,"Rhubarbe, tige, cuite",Vitamine_B12_µg_100g,,0.0,µg,"USDA FoodData Central (SR Legacy) — Rhubarb, frozen, cooked, with sugar",,"Rhubarbe cuite ; seule entrée USDA disponible est ""cuite avec sucre ajouté"", le taux de sucre CIQUAL n'est pas précisé.",Moyen,2026-08-04
13126,"Sureau, baie, crue",Vitamine_B9_µg_100g,,6.0,µg,"USDA FoodData Central (SR Legacy) — Elderberries, raw",,Correspondance exacte : baie de sureau crue.,Élevé,2026-08-04
26079,"Anchois, cru",Vitamine_E_mg_100g,,0.57,mg,"USDA FoodData Central (SR Legacy) — Fish, anchovy, european, raw",,Correspondance exacte : anchois européen cru.,Élevé,2026-08-04
26000,"Anchois, filets, marinés à l'huile, semi-conserve, égouttés",Vitamine_E_mg_100g,,3.33,mg,"USDA FoodData Central (SR Legacy) — Fish, anchovy, european, canned in oil, drained solids",,"Correspondance exacte : anchois mariné à l'huile, semi-conserve égoutté = ""canned in oil, drained"".",Élevé,2026-08-04
26000,"Anchois, filets, marinés à l'huile, semi-conserve, égouttés",Vitamine_K1_µg_100g,,12.1,µg,"USDA FoodData Central (SR Legacy) — Fish, anchovy, european, canned in oil, drained solids",,"Correspondance exacte : anchois mariné à l'huile, semi-conserve égoutté = ""canned in oil, drained"".",Élevé,2026-08-04
26000,"Anchois, filets, marinés à l'huile, semi-conserve, égouttés",Vitamine_B9_µg_100g,,13.0,µg,"USDA FoodData Central (SR Legacy) — Fish, anchovy, european, canned in oil, drained solids",,"Correspondance exacte : anchois mariné à l'huile, semi-conserve égoutté = ""canned in oil, drained"".",Élevé,2026-08-04
26000,"Anchois, filets, marinés à l'huile, semi-conserve, égouttés",Vitamine_D_µg_100g,,1.7,µg,"USDA FoodData Central (SR Legacy) — Fish, anchovy, european, canned in oil, drained solids",,"Correspondance exacte : anchois mariné à l'huile, semi-conserve égoutté = ""canned in oil, drained"".",Élevé,2026-08-04
26000,"Anchois, filets, marinés à l'huile, semi-conserve, égouttés",Vitamine_B12_µg_100g,,0.88,µg,"USDA FoodData Central (SR Legacy) — Fish, anchovy, european, canned in oil, drained solids",,"Correspondance exacte : anchois mariné à l'huile, semi-conserve égoutté = ""canned in oil, drained"".",Élevé,2026-08-04
26000,"Anchois, filets, marinés à l'huile, semi-conserve, égouttés",Sélénium_µg_100g,,68.1,µg,"USDA FoodData Central (SR Legacy) — Fish, anchovy, european, canned in oil, drained solids",,"Correspondance exacte : anchois mariné à l'huile, semi-conserve égoutté = ""canned in oil, drained"".",Élevé,2026-08-04
26000,"Anchois, filets, marinés à l'huile, semi-conserve, égouttés",Beta-Carotène_µg_100g,,0.0,µg,"USDA FoodData Central (SR Legacy) — Fish, anchovy, european, canned in oil, drained solids",,"Correspondance exacte : anchois mariné à l'huile, semi-conserve égoutté = ""canned in oil, drained"".",Élevé,2026-08-04
26694,"Anchois, filets, salés, à l'huile d'olive, semi-conserve, égouttés",Vitamine_E_mg_100g,,3.33,mg,"USDA FoodData Central (SR Legacy) — Fish, anchovy, european, canned in oil, drained solids",,"Anchois à l'huile d'olive ; l'USDA ne distingue pas le type d'huile, proxy ""canned in oil"" générique.",Moyen,2026-08-04
26694,"Anchois, filets, salés, à l'huile d'olive, semi-conserve, égouttés",Vitamine_K1_µg_100g,,12.1,µg,"USDA FoodData Central (SR Legacy) — Fish, anchovy, european, canned in oil, drained solids",,"Anchois à l'huile d'olive ; l'USDA ne distingue pas le type d'huile, proxy ""canned in oil"" générique.",Moyen,2026-08-04
26694,"Anchois, filets, salés, à l'huile d'olive, semi-conserve, égouttés",Vitamine_B9_µg_100g,,13.0,µg,"USDA FoodData Central (SR Legacy) — Fish, anchovy, european, canned in oil, drained solids",,"Anchois à l'huile d'olive ; l'USDA ne distingue pas le type d'huile, proxy ""canned in oil"" générique.",Moyen,2026-08-04
26694,"Anchois, filets, salés, à l'huile d'olive, semi-conserve, égouttés",Vitamine_D_µg_100g,,1.7,µg,"USDA FoodData Central (SR Legacy) — Fish, anchovy, european, canned in oil, drained solids",,"Anchois à l'huile d'olive ; l'USDA ne distingue pas le type d'huile, proxy ""canned in oil"" générique.",Moyen,2026-08-04
26694,"Anchois, filets, salés, à l'huile d'olive, semi-conserve, égouttés",Vitamine_B12_µg_100g,,0.88,µg,"USDA FoodData Central (SR Legacy) — Fish, anchovy, european, canned in oil, drained solids",,"Anchois à l'huile d'olive ; l'USDA ne distingue pas le type d'huile, proxy ""canned in oil"" générique.",Moyen,2026-08-04
26694,"Anchois, filets, salés, à l'huile d'olive, semi-conserve, égouttés",Sélénium_µg_100g,,68.1,µg,"USDA FoodData Central (SR Legacy) — Fish, anchovy, european, canned in oil, drained solids",,"Anchois à l'huile d'olive ; l'USDA ne distingue pas le type d'huile, proxy ""canned in oil"" générique.",Moyen,2026-08-04
26694,"Anchois, filets, salés, à l'huile d'olive, semi-conserve, égouttés",Beta-Carotène_µg_100g,,0.0,µg,"USDA FoodData Central (SR Legacy) — Fish, anchovy, european, canned in oil, drained solids",,"Anchois à l'huile d'olive ; l'USDA ne distingue pas le type d'huile, proxy ""canned in oil"" générique.",Moyen,2026-08-04
26693,"Anchois, filets, salés, à l'huile de tournesol, semi-conserve, égouttés",Vitamine_E_mg_100g,,3.33,mg,"USDA FoodData Central (SR Legacy) — Fish, anchovy, european, canned in oil, drained solids",,"Anchois à l'huile de tournesol ; même proxy, type d'huile non distingué par l'USDA.",Moyen,2026-08-04
26693,"Anchois, filets, salés, à l'huile de tournesol, semi-conserve, égouttés",Vitamine_K1_µg_100g,,12.1,µg,"USDA FoodData Central (SR Legacy) — Fish, anchovy, european, canned in oil, drained solids",,"Anchois à l'huile de tournesol ; même proxy, type d'huile non distingué par l'USDA.",Moyen,2026-08-04
26693,"Anchois, filets, salés, à l'huile de tournesol, semi-conserve, égouttés",Vitamine_B9_µg_100g,,13.0,µg,"USDA FoodData Central (SR Legacy) — Fish, anchovy, european, canned in oil, drained solids",,"Anchois à l'huile de tournesol ; même proxy, type d'huile non distingué par l'USDA.",Moyen,2026-08-04
26693,"Anchois, filets, salés, à l'huile de tournesol, semi-conserve, égouttés",Vitamine_D_µg_100g,,1.7,µg,"USDA FoodData Central (SR Legacy) — Fish, anchovy, european, canned in oil, drained solids",,"Anchois à l'huile de tournesol ; même proxy, type d'huile non distingué par l'USDA.",Moyen,2026-08-04
26693,"Anchois, filets, salés, à l'huile de tournesol, semi-conserve, égouttés",Vitamine_B12_µg_100g,,0.88,µg,"USDA FoodData Central (SR Legacy) — Fish, anchovy, european, canned in oil, drained solids",,"Anchois à l'huile de tournesol ; même proxy, type d'huile non distingué par l'USDA.",Moyen,2026-08-04
26693,"Anchois, filets, salés, à l'huile de tournesol, semi-conserve, égouttés",Sélénium_µg_100g,,68.1,µg,"USDA FoodData Central (SR Legacy) — Fish, anchovy, european, canned in oil, drained solids",,"Anchois à l'huile de tournesol ; même proxy, type d'huile non distingué par l'USDA.",Moyen,2026-08-04
26693,"Anchois, filets, salés, à l'huile de tournesol, semi-conserve, égouttés",Beta-Carotène_µg_100g,,0.0,µg,"USDA FoodData Central (SR Legacy) — Fish, anchovy, european, canned in oil, drained solids",,"Anchois à l'huile de tournesol ; même proxy, type d'huile non distingué par l'USDA.",Moyen,2026-08-04
26205,"Bar commun ou loup (Méditerranée), sauvage, cru",Vitamine_E_mg_100g,,0.84,mg,"USDA FoodData Central (SR Legacy) — Fish, sea bass, mixed species, raw",,"Bar/loup (Dicentrarchus labrax, espèce européenne) ; pas d'entrée USDA spécifique, proxy ""sea bass, mixed species"" (plus honnête qu'une espèce américaine précise).",Moyen,2026-08-04
26205,"Bar commun ou loup (Méditerranée), sauvage, cru",Vitamine_K1_µg_100g,,0.1,µg,"USDA FoodData Central (SR Legacy) — Fish, sea bass, mixed species, raw",,"Bar/loup (Dicentrarchus labrax, espèce européenne) ; pas d'entrée USDA spécifique, proxy ""sea bass, mixed species"" (plus honnête qu'une espèce américaine précise).",Moyen,2026-08-04
26205,"Bar commun ou loup (Méditerranée), sauvage, cru",Vitamine_B9_µg_100g,,5.0,µg,"USDA FoodData Central (SR Legacy) — Fish, sea bass, mixed species, raw",,"Bar/loup (Dicentrarchus labrax, espèce européenne) ; pas d'entrée USDA spécifique, proxy ""sea bass, mixed species"" (plus honnête qu'une espèce américaine précise).",Moyen,2026-08-04
26205,"Bar commun ou loup (Méditerranée), sauvage, cru",Beta-Carotène_µg_100g,,0.0,µg,"USDA FoodData Central (SR Legacy) — Fish, sea bass, mixed species, raw",,"Bar/loup (Dicentrarchus labrax, espèce européenne) ; pas d'entrée USDA spécifique, proxy ""sea bass, mixed species"" (plus honnête qu'une espèce américaine précise).",Moyen,2026-08-04
26206,"Bar commun ou loup (Méditerranée), élevage, cru",Vitamine_E_mg_100g,,0.84,mg,"USDA FoodData Central (SR Legacy) — Fish, sea bass, mixed species, raw",,Idem élevage.,Moyen,2026-08-04
26206,"Bar commun ou loup (Méditerranée), élevage, cru",Vitamine_K1_µg_100g,,0.1,µg,"USDA FoodData Central (SR Legacy) — Fish, sea bass, mixed species, raw",,Idem élevage.,Moyen,2026-08-04
26206,"Bar commun ou loup (Méditerranée), élevage, cru",Vitamine_B9_µg_100g,,5.0,µg,"USDA FoodData Central (SR Legacy) — Fish, sea bass, mixed species, raw",,Idem élevage.,Moyen,2026-08-04
26072,"Bar commun ou loup, cru",Vitamine_E_mg_100g,,0.84,mg,"USDA FoodData Central (SR Legacy) — Fish, sea bass, mixed species, raw",,"Idem, bar commun générique.",Moyen,2026-08-04
26001,"Bar rayé ou bar d'Amérique, cru",Sélénium_µg_100g,,36.5,µg,"USDA FoodData Central (SR Legacy) — Fish, bass, striped, raw",,"Correspondance exacte : bar rayé = ""striped bass"" (même espèce).",Élevé,2026-08-04
26208,"Baudroie rousse ou Lotte, crue",Vitamine_B9_µg_100g,,7.0,µg,"USDA FoodData Central (SR Legacy) — Fish, monkfish, raw",,"Correspondance exacte : baudroie/lotte crue = ""monkfish, raw"".",Élevé,2026-08-04
26101,"Bonite ou bonite à dos rayé, crue",Vitamine_B9_µg_100g,,9.0,µg,"USDA FoodData Central (SR Legacy) — Fish, tuna, fresh, skipjack, raw",,Correspondance exacte : bonite à dos rayé = thon listao/skipjack.,Élevé,2026-08-04
26101,"Bonite ou bonite à dos rayé, crue",Vitamine_B12_µg_100g,,1.9,µg,"USDA FoodData Central (SR Legacy) — Fish, tuna, fresh, skipjack, raw",,Correspondance exacte : bonite à dos rayé = thon listao/skipjack.,Élevé,2026-08-04
26101,"Bonite ou bonite à dos rayé, crue",Sélénium_µg_100g,,36.5,µg,"USDA FoodData Central (SR Legacy) — Fish, tuna, fresh, skipjack, raw",,Correspondance exacte : bonite à dos rayé = thon listao/skipjack.,Élevé,2026-08-04
26170,"Brème, cru",Vitamine_B9_µg_100g,,15.0,µg,"USDA FoodData Central (SR Legacy) — Fish, drum, freshwater, raw",,"Brème (poisson d'eau douce) ; pas d'entrée USDA ""bream"", proxy ""freshwater drum"" (poisson d'eau douce de profil nutritionnel proche).",Moyen,2026-08-04
26170,"Brème, cru",Vitamine_B12_µg_100g,,2.0,µg,"USDA FoodData Central (SR Legacy) — Fish, drum, freshwater, raw",,"Brème (poisson d'eau douce) ; pas d'entrée USDA ""bream"", proxy ""freshwater drum"" (poisson d'eau douce de profil nutritionnel proche).",Moyen,2026-08-04
26125,"Cabillaud ou morue du Pacifique, cru",Vitamine_E_mg_100g,,0.64,mg,"USDA FoodData Central (SR Legacy) — Fish, cod, Atlantic, raw",,"Cabillaud du Pacifique ; l'USDA n'a que la morue de l'Atlantique, proxy (même genre Gadus).",Moyen,2026-08-04
26125,"Cabillaud ou morue du Pacifique, cru",Sélénium_µg_100g,,33.1,µg,"USDA FoodData Central (SR Legacy) — Fish, cod, Atlantic, raw",,"Cabillaud du Pacifique ; l'USDA n'a que la morue de l'Atlantique, proxy (même genre Gadus).",Moyen,2026-08-04
26043,"Cabillaud, cru",Vitamine_E_mg_100g,,0.64,mg,"USDA FoodData Central (SR Legacy) — Fish, cod, Atlantic, raw",,Correspondance exacte : cabillaud/morue de l'Atlantique cru.,Élevé,2026-08-04
26043,"Cabillaud, cru",Vitamine_D_µg_100g,,0.9,µg,"USDA FoodData Central (SR Legacy) — Fish, cod, Atlantic, raw",,Correspondance exacte : cabillaud/morue de l'Atlantique cru.,Élevé,2026-08-04
26025,"Cabillaud, cuit à la vapeur",Vitamine_E_mg_100g,,0.81,mg,"USDA FoodData Central (SR Legacy) — Fish, cod, Atlantic, cooked, dry heat",,"Cabillaud cuit à la vapeur ; pas d'entrée USDA ""vapeur"", proxy cuisson chaleur sèche (écart attendu modéré pour les nutriments non liposolubles).",Moyen,2026-08-04
26098,"Morue, salée, sèche",Vitamine_E_mg_100g,,2.84,mg,"USDA FoodData Central (SR Legacy) — Fish, cod, Atlantic, dried and salted",,Correspondance exacte : morue salée séchée.,Élevé,2026-08-04
26098,"Morue, salée, sèche",Sélénium_µg_100g,,147.8,µg,"USDA FoodData Central (SR Legacy) — Fish, cod, Atlantic, dried and salted",,Correspondance exacte : morue salée séchée.,Élevé,2026-08-04
26084,"Cardine franche, crue",Vitamine_E_mg_100g,,0.63,mg,"USDA FoodData Central (SR Legacy) — Fish, flatfish (flounder and sole species), raw",,"Cardine franche ; proxy ""flatfish (flounder and sole species)"", famille poisson plat générique, espèce non distinguée par l'USDA.",Moyen,2026-08-04
26084,"Cardine franche, crue",Vitamine_K1_µg_100g,,0.1,µg,"USDA FoodData Central (SR Legacy) — Fish, flatfish (flounder and sole species), raw",,"Cardine franche ; proxy ""flatfish (flounder and sole species)"", famille poisson plat générique, espèce non distinguée par l'USDA.",Moyen,2026-08-04
26084,"Cardine franche, crue",Vitamine_B9_µg_100g,,5.0,µg,"USDA FoodData Central (SR Legacy) — Fish, flatfish (flounder and sole species), raw",,"Cardine franche ; proxy ""flatfish (flounder and sole species)"", famille poisson plat générique, espèce non distinguée par l'USDA.",Moyen,2026-08-04
26084,"Cardine franche, crue",Vitamine_D_µg_100g,,2.8,µg,"USDA FoodData Central (SR Legacy) — Fish, flatfish (flounder and sole species), raw",,"Cardine franche ; proxy ""flatfish (flounder and sole species)"", famille poisson plat générique, espèce non distinguée par l'USDA.",Moyen,2026-08-04
26084,"Cardine franche, crue",Vitamine_B12_µg_100g,,1.13,µg,"USDA FoodData Central (SR Legacy) — Fish, flatfish (flounder and sole species), raw",,"Cardine franche ; proxy ""flatfish (flounder and sole species)"", famille poisson plat générique, espèce non distinguée par l'USDA.",Moyen,2026-08-04
26084,"Cardine franche, crue",Sélénium_µg_100g,,26.6,µg,"USDA FoodData Central (SR Legacy) — Fish, flatfish (flounder and sole species), raw",,"Cardine franche ; proxy ""flatfish (flounder and sole species)"", famille poisson plat générique, espèce non distinguée par l'USDA.",Moyen,2026-08-04
26084,"Cardine franche, crue",Beta-Carotène_µg_100g,,0.0,µg,"USDA FoodData Central (SR Legacy) — Fish, flatfish (flounder and sole species), raw",,"Cardine franche ; proxy ""flatfish (flounder and sole species)"", famille poisson plat générique, espèce non distinguée par l'USDA.",Moyen,2026-08-04
26055,"Carrelet ou plie ou plie commune, cru",Vitamine_E_mg_100g,,0.63,mg,"USDA FoodData Central (SR Legacy) — Fish, flatfish (flounder and sole species), raw",,Carrelet/plie ; même proxy poisson plat générique.,Moyen,2026-08-04
26057,"Limande, crue",Vitamine_E_mg_100g,,0.63,mg,"USDA FoodData Central (SR Legacy) — Fish, flatfish (flounder and sole species), raw",,Limande ; même proxy poisson plat générique.,Moyen,2026-08-04
26057,"Limande, crue",Beta-Carotène_µg_100g,,0.0,µg,"USDA FoodData Central (SR Legacy) — Fish, flatfish (flounder and sole species), raw",,Limande ; même proxy poisson plat générique.,Moyen,2026-08-04
26135,"Limande-sole, crue",Vitamine_E_mg_100g,,0.63,mg,"USDA FoodData Central (SR Legacy) — Fish, flatfish (flounder and sole species), raw",,Limande-sole ; même proxy poisson plat générique.,Moyen,2026-08-04
26135,"Limande-sole, crue",Beta-Carotène_µg_100g,,0.0,µg,"USDA FoodData Central (SR Legacy) — Fish, flatfish (flounder and sole species), raw",,Limande-sole ; même proxy poisson plat générique.,Moyen,2026-08-04
26200,"Sole tropicale ou sole-langue, crue",Vitamine_E_mg_100g,,0.63,mg,"USDA FoodData Central (SR Legacy) — Fish, flatfish (flounder and sole species), raw",,Sole tropicale ; même proxy poisson plat générique.,Moyen,2026-08-04
26200,"Sole tropicale ou sole-langue, crue",Vitamine_K1_µg_100g,,0.1,µg,"USDA FoodData Central (SR Legacy) — Fish, flatfish (flounder and sole species), raw",,Sole tropicale ; même proxy poisson plat générique.,Moyen,2026-08-04
26200,"Sole tropicale ou sole-langue, crue",Vitamine_B9_µg_100g,,5.0,µg,"USDA FoodData Central (SR Legacy) — Fish, flatfish (flounder and sole species), raw",,Sole tropicale ; même proxy poisson plat générique.,Moyen,2026-08-04
26200,"Sole tropicale ou sole-langue, crue",Beta-Carotène_µg_100g,,0.0,µg,"USDA FoodData Central (SR Legacy) — Fish, flatfish (flounder and sole species), raw",,Sole tropicale ; même proxy poisson plat générique.,Moyen,2026-08-04
26058,"Sole, crue",Vitamine_E_mg_100g,,0.63,mg,"USDA FoodData Central (SR Legacy) — Fish, flatfish (flounder and sole species), raw",,"Correspondance directe : l'entrée USDA ""flounder AND SOLE species"" nomme explicitement la sole.",Élevé,2026-08-04
26003,"Carrelet ou plie ou plie commune, cuit à la vapeur",Vitamine_E_mg_100g,,0.77,mg,"USDA FoodData Central (SR Legacy) — Fish, flatfish (flounder and sole species), cooked, dry heat",,Carrelet/plie cuit vapeur ; proxy poisson plat générique cuit chaleur sèche (pas d'entrée vapeur).,Moyen,2026-08-04
26003,"Carrelet ou plie ou plie commune, cuit à la vapeur",Vitamine_K1_µg_100g,,0.1,µg,"USDA FoodData Central (SR Legacy) — Fish, flatfish (flounder and sole species), cooked, dry heat",,Carrelet/plie cuit vapeur ; proxy poisson plat générique cuit chaleur sèche (pas d'entrée vapeur).,Moyen,2026-08-04
26003,"Carrelet ou plie ou plie commune, cuit à la vapeur",Vitamine_B9_µg_100g,,6.0,µg,"USDA FoodData Central (SR Legacy) — Fish, flatfish (flounder and sole species), cooked, dry heat",,Carrelet/plie cuit vapeur ; proxy poisson plat générique cuit chaleur sèche (pas d'entrée vapeur).,Moyen,2026-08-04
26003,"Carrelet ou plie ou plie commune, cuit à la vapeur",Vitamine_D_µg_100g,,3.5,µg,"USDA FoodData Central (SR Legacy) — Fish, flatfish (flounder and sole species), cooked, dry heat",,Carrelet/plie cuit vapeur ; proxy poisson plat générique cuit chaleur sèche (pas d'entrée vapeur).,Moyen,2026-08-04
26003,"Carrelet ou plie ou plie commune, cuit à la vapeur",Vitamine_B12_µg_100g,,1.31,µg,"USDA FoodData Central (SR Legacy) — Fish, flatfish (flounder and sole species), cooked, dry heat",,Carrelet/plie cuit vapeur ; proxy poisson plat générique cuit chaleur sèche (pas d'entrée vapeur).,Moyen,2026-08-04
26061,"Sole, bouillie/cuite à l'eau",Vitamine_E_mg_100g,,0.77,mg,"USDA FoodData Central (SR Legacy) — Fish, flatfish (flounder and sole species), cooked, dry heat",,"Sole bouillie ; même proxy, cuisson chaleur sèche vs bouillie.",Moyen,2026-08-04
26061,"Sole, bouillie/cuite à l'eau",Vitamine_K1_µg_100g,,0.1,µg,"USDA FoodData Central (SR Legacy) — Fish, flatfish (flounder and sole species), cooked, dry heat",,"Sole bouillie ; même proxy, cuisson chaleur sèche vs bouillie.",Moyen,2026-08-04
26061,"Sole, bouillie/cuite à l'eau",Vitamine_B9_µg_100g,,6.0,µg,"USDA FoodData Central (SR Legacy) — Fish, flatfish (flounder and sole species), cooked, dry heat",,"Sole bouillie ; même proxy, cuisson chaleur sèche vs bouillie.",Moyen,2026-08-04
26061,"Sole, bouillie/cuite à l'eau",Vitamine_D_µg_100g,,3.5,µg,"USDA FoodData Central (SR Legacy) — Fish, flatfish (flounder and sole species), cooked, dry heat",,"Sole bouillie ; même proxy, cuisson chaleur sèche vs bouillie.",Moyen,2026-08-04
26061,"Sole, bouillie/cuite à l'eau",Vitamine_B12_µg_100g,,1.31,µg,"USDA FoodData Central (SR Legacy) — Fish, flatfish (flounder and sole species), cooked, dry heat",,"Sole bouillie ; même proxy, cuisson chaleur sèche vs bouillie.",Moyen,2026-08-04
26061,"Sole, bouillie/cuite à l'eau",Sélénium_µg_100g,,32.6,µg,"USDA FoodData Central (SR Legacy) — Fish, flatfish (flounder and sole species), cooked, dry heat",,"Sole bouillie ; même proxy, cuisson chaleur sèche vs bouillie.",Moyen,2026-08-04
26061,"Sole, bouillie/cuite à l'eau",Beta-Carotène_µg_100g,,0.0,µg,"USDA FoodData Central (SR Legacy) — Fish, flatfish (flounder and sole species), cooked, dry heat",,"Sole bouillie ; même proxy, cuisson chaleur sèche vs bouillie.",Moyen,2026-08-04
26059,"Sole, cuite à la vapeur",Vitamine_E_mg_100g,,0.77,mg,"USDA FoodData Central (SR Legacy) — Fish, flatfish (flounder and sole species), cooked, dry heat",,Sole vapeur ; même proxy.,Moyen,2026-08-04
26059,"Sole, cuite à la vapeur",Vitamine_K1_µg_100g,,0.1,µg,"USDA FoodData Central (SR Legacy) — Fish, flatfish (flounder and sole species), cooked, dry heat",,Sole vapeur ; même proxy.,Moyen,2026-08-04
26059,"Sole, cuite à la vapeur",Vitamine_B9_µg_100g,,6.0,µg,"USDA FoodData Central (SR Legacy) — Fish, flatfish (flounder and sole species), cooked, dry heat",,Sole vapeur ; même proxy.,Moyen,2026-08-04
26059,"Sole, cuite à la vapeur",Vitamine_D_µg_100g,,3.5,µg,"USDA FoodData Central (SR Legacy) — Fish, flatfish (flounder and sole species), cooked, dry heat",,Sole vapeur ; même proxy.,Moyen,2026-08-04
26062,"Sole, frite",Vitamine_E_mg_100g,,0.77,mg,"USDA FoodData Central (SR Legacy) — Fish, flatfish (flounder and sole species), cooked, dry heat",,"Sole frite ; pas d'entrée ""frite"" chez l'USDA, proxy chaleur sèche (sous-estime probablement l'apport en matière grasse de friture).",Moyen,2026-08-04
26062,"Sole, frite",Vitamine_K1_µg_100g,,0.1,µg,"USDA FoodData Central (SR Legacy) — Fish, flatfish (flounder and sole species), cooked, dry heat",,"Sole frite ; pas d'entrée ""frite"" chez l'USDA, proxy chaleur sèche (sous-estime probablement l'apport en matière grasse de friture).",Moyen,2026-08-04
26062,"Sole, frite",Vitamine_B9_µg_100g,,6.0,µg,"USDA FoodData Central (SR Legacy) — Fish, flatfish (flounder and sole species), cooked, dry heat",,"Sole frite ; pas d'entrée ""frite"" chez l'USDA, proxy chaleur sèche (sous-estime probablement l'apport en matière grasse de friture).",Moyen,2026-08-04
26062,"Sole, frite",Vitamine_D_µg_100g,,3.5,µg,"USDA FoodData Central (SR Legacy) — Fish, flatfish (flounder and sole species), cooked, dry heat",,"Sole frite ; pas d'entrée ""frite"" chez l'USDA, proxy chaleur sèche (sous-estime probablement l'apport en matière grasse de friture).",Moyen,2026-08-04
26062,"Sole, frite",Vitamine_B12_µg_100g,,1.31,µg,"USDA FoodData Central (SR Legacy) — Fish, flatfish (flounder and sole species), cooked, dry heat",,"Sole frite ; pas d'entrée ""frite"" chez l'USDA, proxy chaleur sèche (sous-estime probablement l'apport en matière grasse de friture).",Moyen,2026-08-04
26062,"Sole, frite",Beta-Carotène_µg_100g,,0.0,µg,"USDA FoodData Central (SR Legacy) — Fish, flatfish (flounder and sole species), cooked, dry heat",,"Sole frite ; pas d'entrée ""frite"" chez l'USDA, proxy chaleur sèche (sous-estime probablement l'apport en matière grasse de friture).",Moyen,2026-08-04
26248,"Sole, grillée/poêlée",Vitamine_E_mg_100g,,0.77,mg,"USDA FoodData Central (SR Legacy) — Fish, flatfish (flounder and sole species), cooked, dry heat",,"Sole grillée ; cuisson chaleur sèche directe très proche de ""dry heat"".",Élevé,2026-08-04
26248,"Sole, grillée/poêlée",Beta-Carotène_µg_100g,,0.0,µg,"USDA FoodData Central (SR Legacy) — Fish, flatfish (flounder and sole species), cooked, dry heat",,"Sole grillée ; cuisson chaleur sèche directe très proche de ""dry heat"".",Élevé,2026-08-04
26060,"Sole, rôtie/cuite au four",Vitamine_E_mg_100g,,0.77,mg,"USDA FoodData Central (SR Legacy) — Fish, flatfish (flounder and sole species), cooked, dry heat",,"Sole rôtie au four ; correspond directement à ""cooked, dry heat"".",Élevé,2026-08-04
26236,"Chinchard gras, cru",Vitamine_E_mg_100g,,1.0,mg,"USDA FoodData Central (SR Legacy) — Fish, mackerel, Pacific and jack, mixed species, raw",,"Chinchard (famille Carangidae) ; proxy ""mackerel, Pacific and jack, mixed species"" qui inclut le maquereau-jack, famille la plus proche chez l'USDA.",Moyen,2026-08-04
26236,"Chinchard gras, cru",Vitamine_K1_µg_100g,,0.1,µg,"USDA FoodData Central (SR Legacy) — Fish, mackerel, Pacific and jack, mixed species, raw",,"Chinchard (famille Carangidae) ; proxy ""mackerel, Pacific and jack, mixed species"" qui inclut le maquereau-jack, famille la plus proche chez l'USDA.",Moyen,2026-08-04
26236,"Chinchard gras, cru",Vitamine_B9_µg_100g,,2.0,µg,"USDA FoodData Central (SR Legacy) — Fish, mackerel, Pacific and jack, mixed species, raw",,"Chinchard (famille Carangidae) ; proxy ""mackerel, Pacific and jack, mixed species"" qui inclut le maquereau-jack, famille la plus proche chez l'USDA.",Moyen,2026-08-04
26236,"Chinchard gras, cru",Beta-Carotène_µg_100g,,0.0,µg,"USDA FoodData Central (SR Legacy) — Fish, mackerel, Pacific and jack, mixed species, raw",,"Chinchard (famille Carangidae) ; proxy ""mackerel, Pacific and jack, mixed species"" qui inclut le maquereau-jack, famille la plus proche chez l'USDA.",Moyen,2026-08-04
26235,"Chinchard maigre, cru",Vitamine_E_mg_100g,,1.0,mg,"USDA FoodData Central (SR Legacy) — Fish, mackerel, Pacific and jack, mixed species, raw",,"Idem, chinchard maigre.",Moyen,2026-08-04
26235,"Chinchard maigre, cru",Vitamine_K1_µg_100g,,0.1,µg,"USDA FoodData Central (SR Legacy) — Fish, mackerel, Pacific and jack, mixed species, raw",,"Idem, chinchard maigre.",Moyen,2026-08-04
26235,"Chinchard maigre, cru",Vitamine_B9_µg_100g,,2.0,µg,"USDA FoodData Central (SR Legacy) — Fish, mackerel, Pacific and jack, mixed species, raw",,"Idem, chinchard maigre.",Moyen,2026-08-04
26235,"Chinchard maigre, cru",Beta-Carotène_µg_100g,,0.0,µg,"USDA FoodData Central (SR Legacy) — Fish, mackerel, Pacific and jack, mixed species, raw",,"Idem, chinchard maigre.",Moyen,2026-08-04
26113,"Chinchard, cru",Vitamine_E_mg_100g,,1.0,mg,"USDA FoodData Central (SR Legacy) — Fish, mackerel, Pacific and jack, mixed species, raw",,"Idem, chinchard générique.",Moyen,2026-08-04
26113,"Chinchard, cru",Vitamine_K1_µg_100g,,0.1,µg,"USDA FoodData Central (SR Legacy) — Fish, mackerel, Pacific and jack, mixed species, raw",,"Idem, chinchard générique.",Moyen,2026-08-04
26113,"Chinchard, cru",Vitamine_B9_µg_100g,,2.0,µg,"USDA FoodData Central (SR Legacy) — Fish, mackerel, Pacific and jack, mixed species, raw",,"Idem, chinchard générique.",Moyen,2026-08-04
26113,"Chinchard, cru",Vitamine_D_µg_100g,,9.1,µg,"USDA FoodData Central (SR Legacy) — Fish, mackerel, Pacific and jack, mixed species, raw",,"Idem, chinchard générique.",Moyen,2026-08-04
26113,"Chinchard, cru",Vitamine_B12_µg_100g,,4.4,µg,"USDA FoodData Central (SR Legacy) — Fish, mackerel, Pacific and jack, mixed species, raw",,"Idem, chinchard générique.",Moyen,2026-08-04
26113,"Chinchard, cru",Beta-Carotène_µg_100g,,0.0,µg,"USDA FoodData Central (SR Legacy) — Fish, mackerel, Pacific and jack, mixed species, raw",,"Idem, chinchard générique.",Moyen,2026-08-04
26159,"Coulirou, cru",Vitamine_E_mg_100g,,1.0,mg,"USDA FoodData Central (SR Legacy) — Fish, mackerel, Pacific and jack, mixed species, raw",,"Coulirou (chinchard/comète, famille Carangidae) ; même proxy jack mackerel.",Moyen,2026-08-04
26159,"Coulirou, cru",Vitamine_K1_µg_100g,,0.1,µg,"USDA FoodData Central (SR Legacy) — Fish, mackerel, Pacific and jack, mixed species, raw",,"Coulirou (chinchard/comète, famille Carangidae) ; même proxy jack mackerel.",Moyen,2026-08-04
26159,"Coulirou, cru",Vitamine_B9_µg_100g,,2.0,µg,"USDA FoodData Central (SR Legacy) — Fish, mackerel, Pacific and jack, mixed species, raw",,"Coulirou (chinchard/comète, famille Carangidae) ; même proxy jack mackerel.",Moyen,2026-08-04
26159,"Coulirou, cru",Vitamine_D_µg_100g,,9.1,µg,"USDA FoodData Central (SR Legacy) — Fish, mackerel, Pacific and jack, mixed species, raw",,"Coulirou (chinchard/comète, famille Carangidae) ; même proxy jack mackerel.",Moyen,2026-08-04
26159,"Coulirou, cru",Vitamine_B12_µg_100g,,4.4,µg,"USDA FoodData Central (SR Legacy) — Fish, mackerel, Pacific and jack, mixed species, raw",,"Coulirou (chinchard/comète, famille Carangidae) ; même proxy jack mackerel.",Moyen,2026-08-04
26159,"Coulirou, cru",Sélénium_µg_100g,,36.5,µg,"USDA FoodData Central (SR Legacy) — Fish, mackerel, Pacific and jack, mixed species, raw",,"Coulirou (chinchard/comète, famille Carangidae) ; même proxy jack mackerel.",Moyen,2026-08-04
26159,"Coulirou, cru",Beta-Carotène_µg_100g,,0.0,µg,"USDA FoodData Central (SR Legacy) — Fish, mackerel, Pacific and jack, mixed species, raw",,"Coulirou (chinchard/comète, famille Carangidae) ; même proxy jack mackerel.",Moyen,2026-08-04
26107,"Corb, cru",Vitamine_E_mg_100g,,1.29,mg,"USDA FoodData Central (SR Legacy) — Fish, croaker, Atlantic, raw",,"Correspondance exacte : corb = ""Atlantic croaker"".",Élevé,2026-08-04
26107,"Corb, cru",Vitamine_K1_µg_100g,,0.1,µg,"USDA FoodData Central (SR Legacy) — Fish, croaker, Atlantic, raw",,"Correspondance exacte : corb = ""Atlantic croaker"".",Élevé,2026-08-04
26107,"Corb, cru",Vitamine_B9_µg_100g,,15.0,µg,"USDA FoodData Central (SR Legacy) — Fish, croaker, Atlantic, raw",,"Correspondance exacte : corb = ""Atlantic croaker"".",Élevé,2026-08-04
26107,"Corb, cru",Vitamine_D_µg_100g,,0.7,µg,"USDA FoodData Central (SR Legacy) — Fish, croaker, Atlantic, raw",,"Correspondance exacte : corb = ""Atlantic croaker"".",Élevé,2026-08-04
26107,"Corb, cru",Vitamine_B12_µg_100g,,2.5,µg,"USDA FoodData Central (SR Legacy) — Fish, croaker, Atlantic, raw",,"Correspondance exacte : corb = ""Atlantic croaker"".",Élevé,2026-08-04
26107,"Corb, cru",Sélénium_µg_100g,,36.5,µg,"USDA FoodData Central (SR Legacy) — Fish, croaker, Atlantic, raw",,"Correspondance exacte : corb = ""Atlantic croaker"".",Élevé,2026-08-04
26107,"Corb, cru",Beta-Carotène_µg_100g,,0.0,µg,"USDA FoodData Central (SR Legacy) — Fish, croaker, Atlantic, raw",,"Correspondance exacte : corb = ""Atlantic croaker"".",Élevé,2026-08-04
26175,"Corégone lavaret ou lavaret, cru",Vitamine_E_mg_100g,,0.2,mg,"USDA FoodData Central (SR Legacy) — Fish, whitefish, mixed species, raw",,"Correspondance exacte : corégone lavaret = ""whitefish, mixed species"".",Élevé,2026-08-04
26241,"Empereur, filet, sans peau, cru",Vitamine_E_mg_100g,,1.2,mg,"USDA FoodData Central (SR Legacy) — Fish, roughy, orange, raw",,"Empereur ; équivalence commerciale française courante avec ""orange roughy"" (poisson des grands fonds), espèce non strictement identique.",Moyen,2026-08-04
26241,"Empereur, filet, sans peau, cru",Vitamine_K1_µg_100g,,0.7,µg,"USDA FoodData Central (SR Legacy) — Fish, roughy, orange, raw",,"Empereur ; équivalence commerciale française courante avec ""orange roughy"" (poisson des grands fonds), espèce non strictement identique.",Moyen,2026-08-04
26241,"Empereur, filet, sans peau, cru",Vitamine_B9_µg_100g,,26.0,µg,"USDA FoodData Central (SR Legacy) — Fish, roughy, orange, raw",,"Empereur ; équivalence commerciale française courante avec ""orange roughy"" (poisson des grands fonds), espèce non strictement identique.",Moyen,2026-08-04
26241,"Empereur, filet, sans peau, cru",Vitamine_B12_µg_100g,,0.38,µg,"USDA FoodData Central (SR Legacy) — Fish, roughy, orange, raw",,"Empereur ; équivalence commerciale française courante avec ""orange roughy"" (poisson des grands fonds), espèce non strictement identique.",Moyen,2026-08-04
26241,"Empereur, filet, sans peau, cru",Sélénium_µg_100g,,66.7,µg,"USDA FoodData Central (SR Legacy) — Fish, roughy, orange, raw",,"Empereur ; équivalence commerciale française courante avec ""orange roughy"" (poisson des grands fonds), espèce non strictement identique.",Moyen,2026-08-04
26241,"Empereur, filet, sans peau, cru",Beta-Carotène_µg_100g,,0.0,µg,"USDA FoodData Central (SR Legacy) — Fish, roughy, orange, raw",,"Empereur ; équivalence commerciale française courante avec ""orange roughy"" (poisson des grands fonds), espèce non strictement identique.",Moyen,2026-08-04
26128,"Grenadier (de roche), cru",Vitamine_E_mg_100g,,1.2,mg,"USDA FoodData Central (SR Legacy) — Fish, roughy, orange, raw",,"Grenadier (poisson des grands fonds) ; même proxy orange roughy, famille de poisson de profondeur proche.",Moyen,2026-08-04
26128,"Grenadier (de roche), cru",Vitamine_K1_µg_100g,,0.7,µg,"USDA FoodData Central (SR Legacy) — Fish, roughy, orange, raw",,"Grenadier (poisson des grands fonds) ; même proxy orange roughy, famille de poisson de profondeur proche.",Moyen,2026-08-04
26128,"Grenadier (de roche), cru",Vitamine_B9_µg_100g,,26.0,µg,"USDA FoodData Central (SR Legacy) — Fish, roughy, orange, raw",,"Grenadier (poisson des grands fonds) ; même proxy orange roughy, famille de poisson de profondeur proche.",Moyen,2026-08-04
26128,"Grenadier (de roche), cru",Beta-Carotène_µg_100g,,0.0,µg,"USDA FoodData Central (SR Legacy) — Fish, roughy, orange, raw",,"Grenadier (poisson des grands fonds) ; même proxy orange roughy, famille de poisson de profondeur proche.",Moyen,2026-08-04
26090,Haddock (fumé) ou églefin fumé,Vitamine_E_mg_100g,,0.55,mg,"USDA FoodData Central (SR Legacy) — Fish, haddock, smoked",,Correspondance exacte : églefin fumé/haddock fumé.,Élevé,2026-08-04
26122,"Églefin, cru",Vitamine_E_mg_100g,,0.45,mg,"USDA FoodData Central (SR Legacy) — Fish, haddock, raw",,Correspondance exacte : églefin cru.,Élevé,2026-08-04
26126,"Églefin, grillé/poêlé",Vitamine_E_mg_100g,,0.55,mg,"USDA FoodData Central (SR Legacy) — Fish, haddock, cooked, dry heat",,"Correspondance exacte : églefin grillé = ""haddock, cooked, dry heat"".",Élevé,2026-08-04
26126,"Églefin, grillé/poêlé",Sélénium_µg_100g,,31.7,µg,"USDA FoodData Central (SR Legacy) — Fish, haddock, cooked, dry heat",,"Correspondance exacte : églefin grillé = ""haddock, cooked, dry heat"".",Élevé,2026-08-04
26238,"Hareng gras, cru",Vitamine_E_mg_100g,,1.07,mg,"USDA FoodData Central (SR Legacy) — Fish, herring, Atlantic, raw",,"Correspondance exacte : hareng cru, teneur en matière grasse non distinguée par l'USDA.",Élevé,2026-08-04
26238,"Hareng gras, cru",Beta-Carotène_µg_100g,,0.0,µg,"USDA FoodData Central (SR Legacy) — Fish, herring, Atlantic, raw",,"Correspondance exacte : hareng cru, teneur en matière grasse non distinguée par l'USDA.",Élevé,2026-08-04
26237,"Hareng maigre, cru",Vitamine_E_mg_100g,,1.07,mg,"USDA FoodData Central (SR Legacy) — Fish, herring, Atlantic, raw",,Idem hareng maigre.,Élevé,2026-08-04
26237,"Hareng maigre, cru",Vitamine_K1_µg_100g,,0.1,µg,"USDA FoodData Central (SR Legacy) — Fish, herring, Atlantic, raw",,Idem hareng maigre.,Élevé,2026-08-04
26237,"Hareng maigre, cru",Vitamine_B9_µg_100g,,10.0,µg,"USDA FoodData Central (SR Legacy) — Fish, herring, Atlantic, raw",,Idem hareng maigre.,Élevé,2026-08-04
26237,"Hareng maigre, cru",Beta-Carotène_µg_100g,,0.0,µg,"USDA FoodData Central (SR Legacy) — Fish, herring, Atlantic, raw",,Idem hareng maigre.,Élevé,2026-08-04
26011,"Hareng, cru",Vitamine_E_mg_100g,,1.07,mg,"USDA FoodData Central (SR Legacy) — Fish, herring, Atlantic, raw",,Correspondance exacte : hareng cru générique.,Élevé,2026-08-04
26010,"Hareng mariné ou rollmops, préemballé",Vitamine_E_mg_100g,,1.71,mg,"USDA FoodData Central (SR Legacy) — Fish, herring, Atlantic, pickled",,"Correspondance exacte : hareng mariné/rollmops = ""herring, Atlantic, pickled"".",Élevé,2026-08-04
26012,"Hareng, frit",Vitamine_E_mg_100g,,1.37,mg,"USDA FoodData Central (SR Legacy) — Fish, herring, Atlantic, cooked, dry heat",,"Hareng frit ; pas d'entrée ""frite"" chez l'USDA, proxy chaleur sèche.",Moyen,2026-08-04
26012,"Hareng, frit",Vitamine_K1_µg_100g,,0.1,µg,"USDA FoodData Central (SR Legacy) — Fish, herring, Atlantic, cooked, dry heat",,"Hareng frit ; pas d'entrée ""frite"" chez l'USDA, proxy chaleur sèche.",Moyen,2026-08-04
26012,"Hareng, frit",Vitamine_B9_µg_100g,,12.0,µg,"USDA FoodData Central (SR Legacy) — Fish, herring, Atlantic, cooked, dry heat",,"Hareng frit ; pas d'entrée ""frite"" chez l'USDA, proxy chaleur sèche.",Moyen,2026-08-04
26012,"Hareng, frit",Vitamine_D_µg_100g,,5.4,µg,"USDA FoodData Central (SR Legacy) — Fish, herring, Atlantic, cooked, dry heat",,"Hareng frit ; pas d'entrée ""frite"" chez l'USDA, proxy chaleur sèche.",Moyen,2026-08-04
26012,"Hareng, frit",Vitamine_B12_µg_100g,,13.14,µg,"USDA FoodData Central (SR Legacy) — Fish, herring, Atlantic, cooked, dry heat",,"Hareng frit ; pas d'entrée ""frite"" chez l'USDA, proxy chaleur sèche.",Moyen,2026-08-04
26014,"Hareng, grillé/poêlé",Vitamine_E_mg_100g,,1.37,mg,"USDA FoodData Central (SR Legacy) — Fish, herring, Atlantic, cooked, dry heat",,"Correspondance exacte : hareng grillé = ""cooked, dry heat"".",Élevé,2026-08-04
26134,"Lieu noir, cru",Vitamine_E_mg_100g,,0.23,mg,"USDA FoodData Central (SR Legacy) — Fish, pollock, Atlantic, raw",,"Correspondance exacte : lieu noir = ""pollock, Atlantic"" (même espèce).",Élevé,2026-08-04
26134,"Lieu noir, cru",Beta-Carotène_µg_100g,,0.0,µg,"USDA FoodData Central (SR Legacy) — Fish, pollock, Atlantic, raw",,"Correspondance exacte : lieu noir = ""pollock, Atlantic"" (même espèce).",Élevé,2026-08-04
26047,"Lieu noir, surgelé, cru",Vitamine_E_mg_100g,,0.23,mg,"USDA FoodData Central (SR Legacy) — Fish, pollock, Atlantic, raw",,Correspondance exacte : lieu noir surgelé cru (congélation sans effet significatif sur la vitamine E).,Élevé,2026-08-04
26047,"Lieu noir, surgelé, cru",Beta-Carotène_µg_100g,,0.0,µg,"USDA FoodData Central (SR Legacy) — Fish, pollock, Atlantic, raw",,Correspondance exacte : lieu noir surgelé cru (congélation sans effet significatif sur la vitamine E).,Élevé,2026-08-04
26194,"Lingue bleue, crue",Vitamine_B9_µg_100g,,7.0,µg,"USDA FoodData Central (SR Legacy) — Fish, ling, raw",,"Correspondance exacte : lingue bleue = ""ling"" (même genre).",Élevé,2026-08-04
26172,"Loup tacheté, cru",Sélénium_µg_100g,,36.5,µg,"USDA FoodData Central (SR Legacy) — Fish, wolffish, Atlantic, raw",,"Loup tacheté (espèce différente de loup) ; proxy loup de l'Atlantique, même genre.",Moyen,2026-08-04
26102,"Maquereau espagnol ou maquereau blanc ou billard, cru",Vitamine_E_mg_100g,,0.69,mg,"USDA FoodData Central (SR Legacy) — Fish, mackerel, spanish, raw",,"Correspondance exacte : maquereau espagnol = ""mackerel, spanish"".",Élevé,2026-08-04
26102,"Maquereau espagnol ou maquereau blanc ou billard, cru",Sélénium_µg_100g,,36.5,µg,"USDA FoodData Central (SR Legacy) — Fish, mackerel, spanish, raw",,"Correspondance exacte : maquereau espagnol = ""mackerel, spanish"".",Élevé,2026-08-04
26097,"Maquereau, filet au vin blanc, appertisé, égoutté",Vitamine_B9_µg_100g,,2.0,µg,"USDA FoodData Central (SR Legacy) — Fish, mackerel, Atlantic, cooked, dry heat",,"Maquereau au vin blanc appertisé ; même proxy, base poisson identique.",Moyen,2026-08-04
26020,"Maquereau, frit",Vitamine_B9_µg_100g,,2.0,µg,"USDA FoodData Central (SR Legacy) — Fish, mackerel, Atlantic, cooked, dry heat",,"Maquereau frit ; pas d'entrée ""frite"", proxy chaleur sèche.",Moyen,2026-08-04
26186,"Maquereau, mariné",Vitamine_B12_µg_100g,,19.0,µg,"USDA FoodData Central (SR Legacy) — Fish, mackerel, Atlantic, cooked, dry heat",,"Maquereau mariné ; pas d'entrée ""mariné"" pour le maquereau (contrairement au hareng), proxy chaleur sèche.",Moyen,2026-08-04
26095,"Merlan, cru",Vitamine_E_mg_100g,,0.3,mg,"USDA FoodData Central (SR Legacy) — Fish, whiting, mixed species, raw",,"Correspondance exacte : merlan cru = ""whiting, mixed species, raw"".",Élevé,2026-08-04
26091,"Mulet, cru",Vitamine_E_mg_100g,,1.0,mg,"USDA FoodData Central (SR Legacy) — Fish, mullet, striped, raw",,"Mulet (mulet cabot/gris, espèce non précisée) ; proxy ""mullet, striped"", espèce de mulet la plus documentée chez l'USDA.",Moyen,2026-08-04
26056,"Oeufs de cabillaud, fumés, semi-conserve",Vitamine_E_mg_100g,,7.0,mg,"USDA FoodData Central (SR Legacy) — Fish, roe, mixed species, raw",,"Oeufs de cabillaud fumés ; pas d'entrée USDA ""smoked roe"" ni spécifique à la morue, proxy ""roe, mixed species"" générique.",Moyen,2026-08-04
26056,"Oeufs de cabillaud, fumés, semi-conserve",Vitamine_K1_µg_100g,,0.2,µg,"USDA FoodData Central (SR Legacy) — Fish, roe, mixed species, raw",,"Oeufs de cabillaud fumés ; pas d'entrée USDA ""smoked roe"" ni spécifique à la morue, proxy ""roe, mixed species"" générique.",Moyen,2026-08-04
26056,"Oeufs de cabillaud, fumés, semi-conserve",Vitamine_B9_µg_100g,,80.0,µg,"USDA FoodData Central (SR Legacy) — Fish, roe, mixed species, raw",,"Oeufs de cabillaud fumés ; pas d'entrée USDA ""smoked roe"" ni spécifique à la morue, proxy ""roe, mixed species"" générique.",Moyen,2026-08-04
26056,"Oeufs de cabillaud, fumés, semi-conserve",Vitamine_B12_µg_100g,,10.0,µg,"USDA FoodData Central (SR Legacy) — Fish, roe, mixed species, raw",,"Oeufs de cabillaud fumés ; pas d'entrée USDA ""smoked roe"" ni spécifique à la morue, proxy ""roe, mixed species"" générique.",Moyen,2026-08-04
26056,"Oeufs de cabillaud, fumés, semi-conserve",Sélénium_µg_100g,,40.3,µg,"USDA FoodData Central (SR Legacy) — Fish, roe, mixed species, raw",,"Oeufs de cabillaud fumés ; pas d'entrée USDA ""smoked roe"" ni spécifique à la morue, proxy ""roe, mixed species"" générique.",Moyen,2026-08-04
26056,"Oeufs de cabillaud, fumés, semi-conserve",Beta-Carotène_µg_100g,,0.0,µg,"USDA FoodData Central (SR Legacy) — Fish, roe, mixed species, raw",,"Oeufs de cabillaud fumés ; pas d'entrée USDA ""smoked roe"" ni spécifique à la morue, proxy ""roe, mixed species"" générique.",Moyen,2026-08-04
26004,"Oeufs de lompe ou oeufs de lump, semi-conserve",Vitamine_E_mg_100g,,1.89,mg,"USDA FoodData Central (SR Legacy) — Fish, caviar, black and red, granular",,"Oeufs de lompe ; équivalence commerciale courante avec le ""caviar"" granuleux noir/rouge (produit standard de substitution au caviar), espèce non garantie identique.",Moyen,2026-08-04
26027,"Pilchard, sauce tomate, appertisé, égoutté",Vitamine_E_mg_100g,,1.38,mg,"USDA FoodData Central (SR Legacy) — Fish, sardine, Pacific, canned in tomato sauce, drained solids with bone",,"Correspondance exacte : pilchard sauce tomate appertisé égoutté = ""sardine, Pacific, canned in tomato sauce, drained"".",Élevé,2026-08-04
26027,"Pilchard, sauce tomate, appertisé, égoutté",Vitamine_K1_µg_100g,,0.4,µg,"USDA FoodData Central (SR Legacy) — Fish, sardine, Pacific, canned in tomato sauce, drained solids with bone",,"Correspondance exacte : pilchard sauce tomate appertisé égoutté = ""sardine, Pacific, canned in tomato sauce, drained"".",Élevé,2026-08-04
26063,"Rascasse ou rascasse de profondeur, crue",Vitamine_E_mg_100g,,0.36,mg,"USDA FoodData Central (SR Legacy) — Fish, rockfish, Pacific, mixed species, raw",,"Rascasse ; proxy ""rockfish, Pacific, mixed species"" (famille Scorpaenidae proche).",Moyen,2026-08-04
26063,"Rascasse ou rascasse de profondeur, crue",Vitamine_K1_µg_100g,,0.0,µg,"USDA FoodData Central (SR Legacy) — Fish, rockfish, Pacific, mixed species, raw",,"Rascasse ; proxy ""rockfish, Pacific, mixed species"" (famille Scorpaenidae proche).",Moyen,2026-08-04
26063,"Rascasse ou rascasse de profondeur, crue",Vitamine_B9_µg_100g,,9.0,µg,"USDA FoodData Central (SR Legacy) — Fish, rockfish, Pacific, mixed species, raw",,"Rascasse ; proxy ""rockfish, Pacific, mixed species"" (famille Scorpaenidae proche).",Moyen,2026-08-04
26063,"Rascasse ou rascasse de profondeur, crue",Vitamine_B12_µg_100g,,1.39,µg,"USDA FoodData Central (SR Legacy) — Fish, rockfish, Pacific, mixed species, raw",,"Rascasse ; proxy ""rockfish, Pacific, mixed species"" (famille Scorpaenidae proche).",Moyen,2026-08-04
26063,"Rascasse ou rascasse de profondeur, crue",Sélénium_µg_100g,,63.0,µg,"USDA FoodData Central (SR Legacy) — Fish, rockfish, Pacific, mixed species, raw",,"Rascasse ; proxy ""rockfish, Pacific, mixed species"" (famille Scorpaenidae proche).",Moyen,2026-08-04
26148,"Rascasse ou rascasse de profondeur, cuite à la vapeur",Vitamine_E_mg_100g,,0.44,mg,"USDA FoodData Central (SR Legacy) — Fish, rockfish, Pacific, mixed species, cooked, dry heat",,"Rascasse cuite vapeur ; même proxy, cuisson chaleur sèche.",Moyen,2026-08-04
26148,"Rascasse ou rascasse de profondeur, cuite à la vapeur",Beta-Carotène_µg_100g,,0.0,µg,"USDA FoodData Central (SR Legacy) — Fish, rockfish, Pacific, mixed species, cooked, dry heat",,"Rascasse cuite vapeur ; même proxy, cuisson chaleur sèche.",Moyen,2026-08-04
26162,"Requin, cru",Vitamine_E_mg_100g,,1.0,mg,"USDA FoodData Central (SR Legacy) — Fish, shark, mixed species, raw",,"Correspondance exacte : requin cru = ""shark, mixed species, raw"".",Élevé,2026-08-04
26162,"Requin, cru",Sélénium_µg_100g,,36.5,µg,"USDA FoodData Central (SR Legacy) — Fish, shark, mixed species, raw",,"Correspondance exacte : requin cru = ""shark, mixed species, raw"".",Élevé,2026-08-04
26074,"Roussette ou petite roussette ou saumonette, crue",Vitamine_E_mg_100g,,1.0,mg,"USDA FoodData Central (SR Legacy) — Fish, shark, mixed species, raw",,"Roussette/saumonette (petit requin, famille Scyliorhinidae) ; proxy requin générique.",Moyen,2026-08-04
26035,"Sardine, sauce tomate, appertisée, égouttée",Vitamine_E_mg_100g,,1.38,mg,"USDA FoodData Central (SR Legacy) — Fish, sardine, Pacific, canned in tomato sauce, drained solids with bone",,Correspondance exacte : sardine sauce tomate appertisée égouttée.,Élevé,2026-08-04
26035,"Sardine, sauce tomate, appertisée, égouttée",Beta-Carotène_µg_100g,,26.0,µg,"USDA FoodData Central (SR Legacy) — Fish, sardine, Pacific, canned in tomato sauce, drained solids with bone",,Correspondance exacte : sardine sauce tomate appertisée égouttée.,Élevé,2026-08-04
26698,"Sardine, à l'huile d'arachide, appertisée, égouttée",Vitamine_E_mg_100g,,2.04,mg,"USDA FoodData Central (SR Legacy) — Fish, sardine, Atlantic, canned in oil, drained solids with bone",,"Sardine à l'huile d'arachide ; l'USDA ne distingue pas le type d'huile, proxy ""canned in oil"" générique.",Moyen,2026-08-04
26698,"Sardine, à l'huile d'arachide, appertisée, égouttée",Vitamine_K1_µg_100g,,2.6,µg,"USDA FoodData Central (SR Legacy) — Fish, sardine, Atlantic, canned in oil, drained solids with bone",,"Sardine à l'huile d'arachide ; l'USDA ne distingue pas le type d'huile, proxy ""canned in oil"" générique.",Moyen,2026-08-04
26698,"Sardine, à l'huile d'arachide, appertisée, égouttée",Vitamine_B9_µg_100g,,10.0,µg,"USDA FoodData Central (SR Legacy) — Fish, sardine, Atlantic, canned in oil, drained solids with bone",,"Sardine à l'huile d'arachide ; l'USDA ne distingue pas le type d'huile, proxy ""canned in oil"" générique.",Moyen,2026-08-04
26698,"Sardine, à l'huile d'arachide, appertisée, égouttée",Vitamine_D_µg_100g,,4.8,µg,"USDA FoodData Central (SR Legacy) — Fish, sardine, Atlantic, canned in oil, drained solids with bone",,"Sardine à l'huile d'arachide ; l'USDA ne distingue pas le type d'huile, proxy ""canned in oil"" générique.",Moyen,2026-08-04
26698,"Sardine, à l'huile d'arachide, appertisée, égouttée",Vitamine_B12_µg_100g,,8.94,µg,"USDA FoodData Central (SR Legacy) — Fish, sardine, Atlantic, canned in oil, drained solids with bone",,"Sardine à l'huile d'arachide ; l'USDA ne distingue pas le type d'huile, proxy ""canned in oil"" générique.",Moyen,2026-08-04
26698,"Sardine, à l'huile d'arachide, appertisée, égouttée",Sélénium_µg_100g,,52.7,µg,"USDA FoodData Central (SR Legacy) — Fish, sardine, Atlantic, canned in oil, drained solids with bone",,"Sardine à l'huile d'arachide ; l'USDA ne distingue pas le type d'huile, proxy ""canned in oil"" générique.",Moyen,2026-08-04
26698,"Sardine, à l'huile d'arachide, appertisée, égouttée",Beta-Carotène_µg_100g,,0.0,µg,"USDA FoodData Central (SR Legacy) — Fish, sardine, Atlantic, canned in oil, drained solids with bone",,"Sardine à l'huile d'arachide ; l'USDA ne distingue pas le type d'huile, proxy ""canned in oil"" générique.",Moyen,2026-08-04
26040,"Sardine, à l'huile d'olive, appertisée, égouttée",Vitamine_E_mg_100g,,2.04,mg,"USDA FoodData Central (SR Legacy) — Fish, sardine, Atlantic, canned in oil, drained solids with bone",,"Sardine à l'huile d'olive ; même proxy, type d'huile non distingué.",Moyen,2026-08-04
26040,"Sardine, à l'huile d'olive, appertisée, égouttée",Vitamine_B9_µg_100g,,10.0,µg,"USDA FoodData Central (SR Legacy) — Fish, sardine, Atlantic, canned in oil, drained solids with bone",,"Sardine à l'huile d'olive ; même proxy, type d'huile non distingué.",Moyen,2026-08-04
26697,"Sardine, à l'huile de tournesol, appertisée, égouttée",Vitamine_E_mg_100g,,2.04,mg,"USDA FoodData Central (SR Legacy) — Fish, sardine, Atlantic, canned in oil, drained solids with bone",,Sardine à l'huile de tournesol ; même proxy.,Moyen,2026-08-04
26697,"Sardine, à l'huile de tournesol, appertisée, égouttée",Vitamine_K1_µg_100g,,2.6,µg,"USDA FoodData Central (SR Legacy) — Fish, sardine, Atlantic, canned in oil, drained solids with bone",,Sardine à l'huile de tournesol ; même proxy.,Moyen,2026-08-04
26697,"Sardine, à l'huile de tournesol, appertisée, égouttée",Vitamine_B9_µg_100g,,10.0,µg,"USDA FoodData Central (SR Legacy) — Fish, sardine, Atlantic, canned in oil, drained solids with bone",,Sardine à l'huile de tournesol ; même proxy.,Moyen,2026-08-04
26697,"Sardine, à l'huile de tournesol, appertisée, égouttée",Vitamine_D_µg_100g,,4.8,µg,"USDA FoodData Central (SR Legacy) — Fish, sardine, Atlantic, canned in oil, drained solids with bone",,Sardine à l'huile de tournesol ; même proxy.,Moyen,2026-08-04
26697,"Sardine, à l'huile de tournesol, appertisée, égouttée",Vitamine_B12_µg_100g,,8.94,µg,"USDA FoodData Central (SR Legacy) — Fish, sardine, Atlantic, canned in oil, drained solids with bone",,Sardine à l'huile de tournesol ; même proxy.,Moyen,2026-08-04
26697,"Sardine, à l'huile de tournesol, appertisée, égouttée",Sélénium_µg_100g,,52.7,µg,"USDA FoodData Central (SR Legacy) — Fish, sardine, Atlantic, canned in oil, drained solids with bone",,Sardine à l'huile de tournesol ; même proxy.,Moyen,2026-08-04
26697,"Sardine, à l'huile de tournesol, appertisée, égouttée",Beta-Carotène_µg_100g,,0.0,µg,"USDA FoodData Central (SR Legacy) — Fish, sardine, Atlantic, canned in oil, drained solids with bone",,Sardine à l'huile de tournesol ; même proxy.,Moyen,2026-08-04
26034,"Sardine, à l'huile, appertisée, égouttée",Vitamine_E_mg_100g,,2.04,mg,"USDA FoodData Central (SR Legacy) — Fish, sardine, Atlantic, canned in oil, drained solids with bone",,"Correspondance exacte : sardine à l'huile appertisée égouttée, type d'huile non précisé par CIQUAL non plus.",Élevé,2026-08-04
26036,"Saumon, élevage, cru",Vitamine_E_mg_100g,,3.55,mg,"USDA FoodData Central (SR Legacy) — Fish, salmon, Atlantic, farmed, raw",,"Correspondance exacte : saumon d'élevage cru = ""salmon, Atlantic, farmed, raw"".",Élevé,2026-08-04
26038,"Saumon, cuit à la vapeur",Vitamine_E_mg_100g,,1.14,mg,"USDA FoodData Central (SR Legacy) — Fish, salmon, Atlantic, farmed, cooked, dry heat",,"Saumon cuit vapeur, élevage/sauvage non précisé ; proxy saumon d'élevage cuit (majoritaire sur le marché), cuisson chaleur sèche vs vapeur.",Moyen,2026-08-04
26038,"Saumon, cuit à la vapeur",Vitamine_K1_µg_100g,,0.1,µg,"USDA FoodData Central (SR Legacy) — Fish, salmon, Atlantic, farmed, cooked, dry heat",,"Saumon cuit vapeur, élevage/sauvage non précisé ; proxy saumon d'élevage cuit (majoritaire sur le marché), cuisson chaleur sèche vs vapeur.",Moyen,2026-08-04
26230,"Saumon, élevage, rôti/cuit au four",Vitamine_E_mg_100g,,1.14,mg,"USDA FoodData Central (SR Legacy) — Fish, salmon, Atlantic, farmed, cooked, dry heat",,"Correspondance exacte : saumon d'élevage rôti au four = ""cooked, dry heat"".",Élevé,2026-08-04
26230,"Saumon, élevage, rôti/cuit au four",Vitamine_K1_µg_100g,,0.1,µg,"USDA FoodData Central (SR Legacy) — Fish, salmon, Atlantic, farmed, cooked, dry heat",,"Correspondance exacte : saumon d'élevage rôti au four = ""cooked, dry heat"".",Élevé,2026-08-04
26230,"Saumon, élevage, rôti/cuit au four",Vitamine_D_µg_100g,,13.1,µg,"USDA FoodData Central (SR Legacy) — Fish, salmon, Atlantic, farmed, cooked, dry heat",,"Correspondance exacte : saumon d'élevage rôti au four = ""cooked, dry heat"".",Élevé,2026-08-04
26230,"Saumon, élevage, rôti/cuit au four",Sélénium_µg_100g,,41.4,µg,"USDA FoodData Central (SR Legacy) — Fish, salmon, Atlantic, farmed, cooked, dry heat",,"Correspondance exacte : saumon d'élevage rôti au four = ""cooked, dry heat"".",Élevé,2026-08-04
26230,"Saumon, élevage, rôti/cuit au four",Beta-Carotène_µg_100g,,0.0,µg,"USDA FoodData Central (SR Legacy) — Fish, salmon, Atlantic, farmed, cooked, dry heat",,"Correspondance exacte : saumon d'élevage rôti au four = ""cooked, dry heat"".",Élevé,2026-08-04
26119,"Saumon, appertisé, égoutté",Vitamine_E_mg_100g,,1.88,mg,"USDA FoodData Central (SR Legacy) — Salmon, sockeye, canned, total can contents",,"Saumon appertisé égoutté, espèce non précisée par CIQUAL ; proxy saumon sockeye en conserve (espèce la plus courante en conserve).",Moyen,2026-08-04
26119,"Saumon, appertisé, égoutté",Beta-Carotène_µg_100g,,0.0,µg,"USDA FoodData Central (SR Legacy) — Salmon, sockeye, canned, total can contents",,"Saumon appertisé égoutté, espèce non précisée par CIQUAL ; proxy saumon sockeye en conserve (espèce la plus courante en conserve).",Moyen,2026-08-04
26099,"Dorade grise ou daurade grise, ou griset, crue",Vitamine_E_mg_100g,,0.5,mg,"USDA FoodData Central (SR Legacy) — Fish, scup, raw",,"Correspondance exacte : dorade grise/griset = ""scup"" (famille des sparidés, poisson équivalent).",Élevé,2026-08-04
26099,"Dorade grise ou daurade grise, ou griset, crue",Vitamine_K1_µg_100g,,0.1,µg,"USDA FoodData Central (SR Legacy) — Fish, scup, raw",,"Correspondance exacte : dorade grise/griset = ""scup"" (famille des sparidés, poisson équivalent).",Élevé,2026-08-04
26099,"Dorade grise ou daurade grise, ou griset, crue",Vitamine_B9_µg_100g,,15.0,µg,"USDA FoodData Central (SR Legacy) — Fish, scup, raw",,"Correspondance exacte : dorade grise/griset = ""scup"" (famille des sparidés, poisson équivalent).",Élevé,2026-08-04
26222,"Dorade grise ou daurade grise ou griset, rôtie/cuite au four",Vitamine_B9_µg_100g,,17.0,µg,"USDA FoodData Central (SR Legacy) — Fish, scup, cooked, dry heat",,Correspondance exacte : dorade grise rôtie au four.,Élevé,2026-08-04
26222,"Dorade grise ou daurade grise ou griset, rôtie/cuite au four",Vitamine_B12_µg_100g,,1.62,µg,"USDA FoodData Central (SR Legacy) — Fish, scup, cooked, dry heat",,Correspondance exacte : dorade grise rôtie au four.,Élevé,2026-08-04
26133,"Tacaud, cru",Vitamine_B9_µg_100g,,7.0,µg,"USDA FoodData Central (SR Legacy) — Fish, pout, ocean, raw",,"Tacaud ; proxy ""ocean pout"", famille différente mais nom commercial ""pout/pouting"" apparenté.",Moyen,2026-08-04
26064,"Thon albacore, cru",Vitamine_E_mg_100g,,0.24,mg,"USDA FoodData Central (SR Legacy) — Fish, tuna, fresh, yellowfin, raw",,"Correspondance exacte : thon ""albacore"" en français = thon jaune (yellowfin) en anglais — attention à ne pas confondre avec l'albacore anglais (Thunnus alalunga = germon en français).",Élevé,2026-08-04
26068,"Thon listao ou bonite à ventre rayé, cru",Sélénium_µg_100g,,36.5,µg,"USDA FoodData Central (SR Legacy) — Fish, tuna, fresh, skipjack, raw",,"Correspondance exacte : thon listao/bonite à ventre rayé = ""skipjack"".",Élevé,2026-08-04
26069,"Thon rouge, cru",Vitamine_E_mg_100g,,1.0,mg,"USDA FoodData Central (SR Legacy) — Fish, tuna, fresh, bluefin, raw",,"Correspondance exacte : thon rouge = ""bluefin"".",Élevé,2026-08-04
26053,"Thon, cru",Vitamine_E_mg_100g,,0.24,mg,"USDA FoodData Central (SR Legacy) — Fish, tuna, fresh, yellowfin, raw",,"Thon cru, espèce non précisée ; proxy thon jaune (yellowfin), espèce la plus courante.",Moyen,2026-08-04
26053,"Thon, cru",Vitamine_K1_µg_100g,,0.1,µg,"USDA FoodData Central (SR Legacy) — Fish, tuna, fresh, yellowfin, raw",,"Thon cru, espèce non précisée ; proxy thon jaune (yellowfin), espèce la plus courante.",Moyen,2026-08-04
26180,"Thon à l'huile de tournesol, entier, appertisé, égoutté",Vitamine_E_mg_100g,,0.87,mg,"USDA FoodData Central (SR Legacy) — Fish, tuna, light, canned in oil, drained solids",,"Thon à l'huile de tournesol appertisé entier ; l'USDA ne précise pas le type d'huile (""light"" = mélange listao/jaune), proxy ""canned in oil"" générique.",Moyen,2026-08-04
26180,"Thon à l'huile de tournesol, entier, appertisé, égoutté",Beta-Carotène_µg_100g,,0.0,µg,"USDA FoodData Central (SR Legacy) — Fish, tuna, light, canned in oil, drained solids",,"Thon à l'huile de tournesol appertisé entier ; l'USDA ne précise pas le type d'huile (""light"" = mélange listao/jaune), proxy ""canned in oil"" générique.",Moyen,2026-08-04
26245,"Thon à l'huile de tournesol, miettes, appertisées, égouttées",Vitamine_E_mg_100g,,0.87,mg,"USDA FoodData Central (SR Legacy) — Fish, tuna, light, canned in oil, drained solids",,"Idem, en miettes.",Moyen,2026-08-04
26245,"Thon à l'huile de tournesol, miettes, appertisées, égouttées",Beta-Carotène_µg_100g,,0.0,µg,"USDA FoodData Central (SR Legacy) — Fish, tuna, light, canned in oil, drained solids",,"Idem, en miettes.",Moyen,2026-08-04
26242,"Thon à la tomate, miettes, appertisées, égouttées",Vitamine_E_mg_100g,,0.87,mg,"USDA FoodData Central (SR Legacy) — Fish, tuna, light, canned in oil, drained solids",,"Thon à la tomate en miettes ; proxy thon en conserve à l'huile (base poisson identique, sauce non prise en compte par l'USDA).",Moyen,2026-08-04
26242,"Thon à la tomate, miettes, appertisées, égouttées",Vitamine_K1_µg_100g,,44.0,µg,"USDA FoodData Central (SR Legacy) — Fish, tuna, light, canned in oil, drained solids",,"Thon à la tomate en miettes ; proxy thon en conserve à l'huile (base poisson identique, sauce non prise en compte par l'USDA).",Moyen,2026-08-04
26242,"Thon à la tomate, miettes, appertisées, égouttées",Vitamine_B9_µg_100g,,5.0,µg,"USDA FoodData Central (SR Legacy) — Fish, tuna, light, canned in oil, drained solids",,"Thon à la tomate en miettes ; proxy thon en conserve à l'huile (base poisson identique, sauce non prise en compte par l'USDA).",Moyen,2026-08-04
26242,"Thon à la tomate, miettes, appertisées, égouttées",Vitamine_D_µg_100g,,6.7,µg,"USDA FoodData Central (SR Legacy) — Fish, tuna, light, canned in oil, drained solids",,"Thon à la tomate en miettes ; proxy thon en conserve à l'huile (base poisson identique, sauce non prise en compte par l'USDA).",Moyen,2026-08-04
26242,"Thon à la tomate, miettes, appertisées, égouttées",Vitamine_B12_µg_100g,,2.2,µg,"USDA FoodData Central (SR Legacy) — Fish, tuna, light, canned in oil, drained solids",,"Thon à la tomate en miettes ; proxy thon en conserve à l'huile (base poisson identique, sauce non prise en compte par l'USDA).",Moyen,2026-08-04
26242,"Thon à la tomate, miettes, appertisées, égouttées",Sélénium_µg_100g,,76.0,µg,"USDA FoodData Central (SR Legacy) — Fish, tuna, light, canned in oil, drained solids",,"Thon à la tomate en miettes ; proxy thon en conserve à l'huile (base poisson identique, sauce non prise en compte par l'USDA).",Moyen,2026-08-04
26242,"Thon à la tomate, miettes, appertisées, égouttées",Beta-Carotène_µg_100g,,0.0,µg,"USDA FoodData Central (SR Legacy) — Fish, tuna, light, canned in oil, drained solids",,"Thon à la tomate en miettes ; proxy thon en conserve à l'huile (base poisson identique, sauce non prise en compte par l'USDA).",Moyen,2026-08-04
26243,"Thon, à la catalane ou à l'escabèche (sauce tomate), appertisé",Vitamine_E_mg_100g,,0.87,mg,"USDA FoodData Central (SR Legacy) — Fish, tuna, light, canned in oil, drained solids",,Thon à la catalane/escabèche ; proxy thon en conserve à l'huile.,Moyen,2026-08-04
26243,"Thon, à la catalane ou à l'escabèche (sauce tomate), appertisé",Vitamine_K1_µg_100g,,44.0,µg,"USDA FoodData Central (SR Legacy) — Fish, tuna, light, canned in oil, drained solids",,Thon à la catalane/escabèche ; proxy thon en conserve à l'huile.,Moyen,2026-08-04
26243,"Thon, à la catalane ou à l'escabèche (sauce tomate), appertisé",Vitamine_B9_µg_100g,,5.0,µg,"USDA FoodData Central (SR Legacy) — Fish, tuna, light, canned in oil, drained solids",,Thon à la catalane/escabèche ; proxy thon en conserve à l'huile.,Moyen,2026-08-04
26243,"Thon, à la catalane ou à l'escabèche (sauce tomate), appertisé",Vitamine_D_µg_100g,,6.7,µg,"USDA FoodData Central (SR Legacy) — Fish, tuna, light, canned in oil, drained solids",,Thon à la catalane/escabèche ; proxy thon en conserve à l'huile.,Moyen,2026-08-04
26243,"Thon, à la catalane ou à l'escabèche (sauce tomate), appertisé",Vitamine_B12_µg_100g,,2.2,µg,"USDA FoodData Central (SR Legacy) — Fish, tuna, light, canned in oil, drained solids",,Thon à la catalane/escabèche ; proxy thon en conserve à l'huile.,Moyen,2026-08-04
26243,"Thon, à la catalane ou à l'escabèche (sauce tomate), appertisé",Sélénium_µg_100g,,76.0,µg,"USDA FoodData Central (SR Legacy) — Fish, tuna, light, canned in oil, drained solids",,Thon à la catalane/escabèche ; proxy thon en conserve à l'huile.,Moyen,2026-08-04
26243,"Thon, à la catalane ou à l'escabèche (sauce tomate), appertisé",Beta-Carotène_µg_100g,,0.0,µg,"USDA FoodData Central (SR Legacy) — Fish, tuna, light, canned in oil, drained solids",,Thon à la catalane/escabèche ; proxy thon en conserve à l'huile.,Moyen,2026-08-04
26092,"Truite de mer, crue",Vitamine_E_mg_100g,,0.2,mg,"USDA FoodData Central (SR Legacy) — Fish, trout, mixed species, raw",,"Truite de mer ; proxy ""trout, mixed species"", espèce non distinguée par l'USDA.",Moyen,2026-08-04
26092,"Truite de mer, crue",Beta-Carotène_µg_100g,,0.0,µg,"USDA FoodData Central (SR Legacy) — Fish, trout, mixed species, raw",,"Truite de mer ; proxy ""trout, mixed species"", espèce non distinguée par l'USDA.",Moyen,2026-08-04
26998,"Truite saumonée, sautée/poêlée",Vitamine_E_mg_100g,,2.79,mg,"USDA FoodData Central (SR Legacy) — Fish, trout, rainbow, farmed, cooked, dry heat",,"Truite saumonée sautée/poêlée ; proxy truite arc-en-ciel d'élevage cuite (la ""truite saumonée"" est une truite arc-en-ciel à chair rosée par l'alimentation, même espèce).",Moyen,2026-08-04
26998,"Truite saumonée, sautée/poêlée",Vitamine_K1_µg_100g,,0.1,µg,"USDA FoodData Central (SR Legacy) — Fish, trout, rainbow, farmed, cooked, dry heat",,"Truite saumonée sautée/poêlée ; proxy truite arc-en-ciel d'élevage cuite (la ""truite saumonée"" est une truite arc-en-ciel à chair rosée par l'alimentation, même espèce).",Moyen,2026-08-04
26998,"Truite saumonée, sautée/poêlée",Vitamine_B9_µg_100g,,12.0,µg,"USDA FoodData Central (SR Legacy) — Fish, trout, rainbow, farmed, cooked, dry heat",,"Truite saumonée sautée/poêlée ; proxy truite arc-en-ciel d'élevage cuite (la ""truite saumonée"" est une truite arc-en-ciel à chair rosée par l'alimentation, même espèce).",Moyen,2026-08-04
26174,"Turbot, cru",Sélénium_µg_100g,,36.5,µg,"USDA FoodData Central (SR Legacy) — Fish, turbot, european, raw",,"Correspondance exacte : turbot cru = ""turbot, european"".",Élevé,2026-08-04
26201,"Turbot, élevage, cru",Vitamine_B9_µg_100g,,8.0,µg,"USDA FoodData Central (SR Legacy) — Fish, turbot, european, raw",,Idem élevage.,Élevé,2026-08-04
26146,"Vivaneau, cru",Vitamine_E_mg_100g,,0.96,mg,"USDA FoodData Central (SR Legacy) — Fish, snapper, mixed species, raw",,"Correspondance exacte : vivaneau = ""snapper, mixed species"".",Élevé,2026-08-04
26146,"Vivaneau, cru",Sélénium_µg_100g,,38.2,µg,"USDA FoodData Central (SR Legacy) — Fish, snapper, mixed species, raw",,"Correspondance exacte : vivaneau = ""snapper, mixed species"".",Élevé,2026-08-04
26147,"Vivaneau, cuit",Sélénium_µg_100g,,49.0,µg,"USDA FoodData Central (SR Legacy) — Fish, snapper, mixed species, cooked, dry heat",,Correspondance exacte : vivaneau cuit.,Élevé,2026-08-04
26083,"Éperlan, cru",Vitamine_E_mg_100g,,0.5,mg,"USDA FoodData Central (SR Legacy) — Fish, smelt, rainbow, raw",,"Éperlan (espèce européenne) ; proxy ""smelt, rainbow"" (espèce américaine la plus documentée, même famille).",Moyen,2026-08-04
26083,"Éperlan, cru",Vitamine_K1_µg_100g,,0.1,µg,"USDA FoodData Central (SR Legacy) — Fish, smelt, rainbow, raw",,"Éperlan (espèce européenne) ; proxy ""smelt, rainbow"" (espèce américaine la plus documentée, même famille).",Moyen,2026-08-04
26083,"Éperlan, cru",Vitamine_D_µg_100g,,0.8,µg,"USDA FoodData Central (SR Legacy) — Fish, smelt, rainbow, raw",,"Éperlan (espèce européenne) ; proxy ""smelt, rainbow"" (espèce américaine la plus documentée, même famille).",Moyen,2026-08-04
26083,"Éperlan, cru",Sélénium_µg_100g,,36.5,µg,"USDA FoodData Central (SR Legacy) — Fish, smelt, rainbow, raw",,"Éperlan (espèce européenne) ; proxy ""smelt, rainbow"" (espèce américaine la plus documentée, même famille).",Moyen,2026-08-04
26009,26009,Vitamine_E_mg_100g,,0.61,mg,"USDA FoodData Central (SR Legacy) — Fish, halibut, Atlantic and Pacific, raw",,Correspondance exacte : flétan de l'Atlantique cru.,Élevé,2026-08-04
26009,26009,Vitamine_K1_µg_100g,,0.0,µg,"USDA FoodData Central (SR Legacy) — Fish, halibut, Atlantic and Pacific, raw",,Correspondance exacte : flétan de l'Atlantique cru.,Élevé,2026-08-04
26009,26009,Vitamine_D_µg_100g,,4.7,µg,"USDA FoodData Central (SR Legacy) — Fish, halibut, Atlantic and Pacific, raw",,Correspondance exacte : flétan de l'Atlantique cru.,Élevé,2026-08-04
26009,26009,Sélénium_µg_100g,,45.6,µg,"USDA FoodData Central (SR Legacy) — Fish, halibut, Atlantic and Pacific, raw",,Correspondance exacte : flétan de l'Atlantique cru.,Élevé,2026-08-04
26154,26154,Vitamine_E_mg_100g,,0.73,mg,"USDA FoodData Central (SR Legacy) — Fish, halibut, Greenland, raw",,Correspondance exacte : flétan du Groenland cru.,Élevé,2026-08-04
10019,"Bulot ou buccin, cru",Vitamine_E_mg_100g,,0.13,mg,"USDA FoodData Central (SR Legacy) — Mollusks, whelk, unspecified, raw",,"Correspondance exacte : bulot/buccin cru = ""whelk, raw"".",Élevé,2026-08-04
10019,"Bulot ou buccin, cru",Sélénium_µg_100g,,44.8,µg,"USDA FoodData Central (SR Legacy) — Mollusks, whelk, unspecified, raw",,"Correspondance exacte : bulot/buccin cru = ""whelk, raw"".",Élevé,2026-08-04
10001,"Calmar ou calamar ou encornet, cru",Vitamine_E_mg_100g,,1.2,mg,"USDA FoodData Central (SR Legacy) — Mollusks, squid, mixed species, raw",,Correspondance exacte : calmar/calamar/encornet cru.,Élevé,2026-08-04
10084,"Calmar ou calamar ou encornet, frit ou poêlé avec matière grasse",Sélénium_µg_100g,,51.8,µg,"USDA FoodData Central (SR Legacy) — Mollusks, squid, mixed species, cooked, fried",,Correspondance exacte : calmar frit/poêlé avec matière grasse.,Élevé,2026-08-04
10017,"Clam, praire ou palourde, cru",Vitamine_E_mg_100g,,0.68,mg,"USDA FoodData Central (SR Legacy) — Mollusks, clam, mixed species, raw",,Correspondance exacte : clam/praire/palourde crue.,Élevé,2026-08-04
10017,"Clam, praire ou palourde, cru",Sélénium_µg_100g,,30.6,µg,"USDA FoodData Central (SR Legacy) — Mollusks, clam, mixed species, raw",,Correspondance exacte : clam/praire/palourde crue.,Élevé,2026-08-04
10034,"Coque, cuite",Vitamine_B9_µg_100g,,29.0,µg,"USDA FoodData Central (SR Legacy) — Mollusks, clam, mixed species, cooked, moist heat",,"Coque cuite ; l'USDA n'a pas de coque (""cockle"") spécifique, proxy ""clam, mixed species"" (bivalve proche).",Moyen,2026-08-04
10045,"Coquille Saint-Jacques, noix, crue",Vitamine_E_mg_100g,,0.0,mg,"USDA FoodData Central (SR Legacy) — Mollusks, scallop, mixed species, raw",,"Correspondance exacte : noix de coquille Saint-Jacques seule (sans corail) = données USDA ""scallop"" qui portent sur le muscle seul.",Élevé,2026-08-04
10045,"Coquille Saint-Jacques, noix, crue",Vitamine_K1_µg_100g,,0.0,µg,"USDA FoodData Central (SR Legacy) — Mollusks, scallop, mixed species, raw",,"Correspondance exacte : noix de coquille Saint-Jacques seule (sans corail) = données USDA ""scallop"" qui portent sur le muscle seul.",Élevé,2026-08-04
10045,"Coquille Saint-Jacques, noix, crue",Vitamine_B9_µg_100g,,16.0,µg,"USDA FoodData Central (SR Legacy) — Mollusks, scallop, mixed species, raw",,"Correspondance exacte : noix de coquille Saint-Jacques seule (sans corail) = données USDA ""scallop"" qui portent sur le muscle seul.",Élevé,2026-08-04
10045,"Coquille Saint-Jacques, noix, crue",Beta-Carotène_µg_100g,,0.0,µg,"USDA FoodData Central (SR Legacy) — Mollusks, scallop, mixed species, raw",,"Correspondance exacte : noix de coquille Saint-Jacques seule (sans corail) = données USDA ""scallop"" qui portent sur le muscle seul.",Élevé,2026-08-04
10005,"Crabe, miettes et ou pattes décortiquées, appertisé, égoutté",Vitamine_E_mg_100g,,1.84,mg,"USDA FoodData Central (SR Legacy) — Crustaceans, crab, blue, canned",,"Crabe en miettes appertisé égoutté ; même proxy crab, blue, canned.",Moyen,2026-08-04
10005,"Crabe, miettes et ou pattes décortiquées, appertisé, égoutté",Beta-Carotène_µg_100g,,0.0,µg,"USDA FoodData Central (SR Legacy) — Crustaceans, crab, blue, canned",,"Crabe en miettes appertisé égoutté ; même proxy crab, blue, canned.",Moyen,2026-08-04
10025,"Crabe ou tourteau, bouilli/cuit à l'eau",Vitamine_E_mg_100g,,1.84,mg,"USDA FoodData Central (SR Legacy) — Crustaceans, crab, blue, cooked, moist heat",,"Crabe/tourteau bouilli ; même proxy crab, blue, cooked moist heat.",Moyen,2026-08-04
10025,"Crabe ou tourteau, bouilli/cuit à l'eau",Beta-Carotène_µg_100g,,0.0,µg,"USDA FoodData Central (SR Legacy) — Crustaceans, crab, blue, cooked, moist heat",,"Crabe/tourteau bouilli ; même proxy crab, blue, cooked moist heat.",Moyen,2026-08-04
10057,"Araignée de mer, bouillie/cuite à l'eau",Vitamine_E_mg_100g,,1.84,mg,"USDA FoodData Central (SR Legacy) — Crustaceans, crab, blue, cooked, moist heat",,"Araignée de mer bouillie (espèce différente du crabe commun) ; même proxy crabe générique cuit, famille proche.",Moyen,2026-08-04
10057,"Araignée de mer, bouillie/cuite à l'eau",Beta-Carotène_µg_100g,,0.0,µg,"USDA FoodData Central (SR Legacy) — Crustaceans, crab, blue, cooked, moist heat",,"Araignée de mer bouillie (espèce différente du crabe commun) ; même proxy crabe générique cuit, famille proche.",Moyen,2026-08-04
10061,"Crevette blanche ou crevette tropicale (rose), élevage, cuite",Vitamine_E_mg_100g,,2.2,mg,"USDA FoodData Central (SR Legacy) — Crustaceans, shrimp, mixed species, cooked, moist heat (may contain additives to retain moisture)",,"Crevette tropicale/blanche d'élevage cuite ; proxy ""shrimp, mixed species, cooked, moist heat"" (espèce non distinguée par l'USDA).",Moyen,2026-08-04
10061,"Crevette blanche ou crevette tropicale (rose), élevage, cuite",Vitamine_K1_µg_100g,,0.4,µg,"USDA FoodData Central (SR Legacy) — Crustaceans, shrimp, mixed species, cooked, moist heat (may contain additives to retain moisture)",,"Crevette tropicale/blanche d'élevage cuite ; proxy ""shrimp, mixed species, cooked, moist heat"" (espèce non distinguée par l'USDA).",Moyen,2026-08-04
10061,"Crevette blanche ou crevette tropicale (rose), élevage, cuite",Vitamine_B9_µg_100g,,24.0,µg,"USDA FoodData Central (SR Legacy) — Crustaceans, shrimp, mixed species, cooked, moist heat (may contain additives to retain moisture)",,"Crevette tropicale/blanche d'élevage cuite ; proxy ""shrimp, mixed species, cooked, moist heat"" (espèce non distinguée par l'USDA).",Moyen,2026-08-04
10033,"Crevette bouquet, sauvage, cuite",Vitamine_E_mg_100g,,2.2,mg,"USDA FoodData Central (SR Legacy) — Crustaceans, shrimp, mixed species, cooked, moist heat (may contain additives to retain moisture)",,Crevette bouquet sauvage cuite ; même proxy.,Moyen,2026-08-04
10033,"Crevette bouquet, sauvage, cuite",Vitamine_K1_µg_100g,,0.4,µg,"USDA FoodData Central (SR Legacy) — Crustaceans, shrimp, mixed species, cooked, moist heat (may contain additives to retain moisture)",,Crevette bouquet sauvage cuite ; même proxy.,Moyen,2026-08-04
10033,"Crevette bouquet, sauvage, cuite",Vitamine_B9_µg_100g,,24.0,µg,"USDA FoodData Central (SR Legacy) — Crustaceans, shrimp, mixed species, cooked, moist heat (may contain additives to retain moisture)",,Crevette bouquet sauvage cuite ; même proxy.,Moyen,2026-08-04
10006,"Crevette grise, cuite",Vitamine_E_mg_100g,,2.2,mg,"USDA FoodData Central (SR Legacy) — Crustaceans, shrimp, mixed species, cooked, moist heat (may contain additives to retain moisture)",,Crevette grise cuite ; même proxy.,Moyen,2026-08-04
10006,"Crevette grise, cuite",Beta-Carotène_µg_100g,,0.0,µg,"USDA FoodData Central (SR Legacy) — Crustaceans, shrimp, mixed species, cooked, moist heat (may contain additives to retain moisture)",,Crevette grise cuite ; même proxy.,Moyen,2026-08-04
10100,"Crevette sauvage, cuite",Vitamine_E_mg_100g,,2.2,mg,"USDA FoodData Central (SR Legacy) — Crustaceans, shrimp, mixed species, cooked, moist heat (may contain additives to retain moisture)",,Crevette sauvage cuite ; même proxy.,Moyen,2026-08-04
10100,"Crevette sauvage, cuite",Vitamine_K1_µg_100g,,0.4,µg,"USDA FoodData Central (SR Legacy) — Crustaceans, shrimp, mixed species, cooked, moist heat (may contain additives to retain moisture)",,Crevette sauvage cuite ; même proxy.,Moyen,2026-08-04
10100,"Crevette sauvage, cuite",Vitamine_B9_µg_100g,,24.0,µg,"USDA FoodData Central (SR Legacy) — Crustaceans, shrimp, mixed species, cooked, moist heat (may contain additives to retain moisture)",,Crevette sauvage cuite ; même proxy.,Moyen,2026-08-04
10100,"Crevette sauvage, cuite",Vitamine_D_µg_100g,,0.1,µg,"USDA FoodData Central (SR Legacy) — Crustaceans, shrimp, mixed species, cooked, moist heat (may contain additives to retain moisture)",,Crevette sauvage cuite ; même proxy.,Moyen,2026-08-04
10100,"Crevette sauvage, cuite",Vitamine_B12_µg_100g,,1.66,µg,"USDA FoodData Central (SR Legacy) — Crustaceans, shrimp, mixed species, cooked, moist heat (may contain additives to retain moisture)",,Crevette sauvage cuite ; même proxy.,Moyen,2026-08-04
10100,"Crevette sauvage, cuite",Sélénium_µg_100g,,49.5,µg,"USDA FoodData Central (SR Legacy) — Crustaceans, shrimp, mixed species, cooked, moist heat (may contain additives to retain moisture)",,Crevette sauvage cuite ; même proxy.,Moyen,2026-08-04
10100,"Crevette sauvage, cuite",Beta-Carotène_µg_100g,,0.0,µg,"USDA FoodData Central (SR Legacy) — Crustaceans, shrimp, mixed species, cooked, moist heat (may contain additives to retain moisture)",,Crevette sauvage cuite ; même proxy.,Moyen,2026-08-04
10064,"Crevette tropicale (rose), cuite (Penaeus brasiliensis)",Vitamine_E_mg_100g,,2.2,mg,"USDA FoodData Central (SR Legacy) — Crustaceans, shrimp, mixed species, cooked, moist heat (may contain additives to retain moisture)",,Crevette tropicale rose cuite ; même proxy.,Moyen,2026-08-04
10064,"Crevette tropicale (rose), cuite (Penaeus brasiliensis)",Vitamine_K1_µg_100g,,0.4,µg,"USDA FoodData Central (SR Legacy) — Crustaceans, shrimp, mixed species, cooked, moist heat (may contain additives to retain moisture)",,Crevette tropicale rose cuite ; même proxy.,Moyen,2026-08-04
10064,"Crevette tropicale (rose), cuite (Penaeus brasiliensis)",Vitamine_B9_µg_100g,,24.0,µg,"USDA FoodData Central (SR Legacy) — Crustaceans, shrimp, mixed species, cooked, moist heat (may contain additives to retain moisture)",,Crevette tropicale rose cuite ; même proxy.,Moyen,2026-08-04
10062,"Crevette tropicale (tigrée), élevage, cuite",Vitamine_E_mg_100g,,2.2,mg,"USDA FoodData Central (SR Legacy) — Crustaceans, shrimp, mixed species, cooked, moist heat (may contain additives to retain moisture)",,Crevette tropicale tigrée d'élevage cuite ; même proxy.,Moyen,2026-08-04
10062,"Crevette tropicale (tigrée), élevage, cuite",Vitamine_K1_µg_100g,,0.4,µg,"USDA FoodData Central (SR Legacy) — Crustaceans, shrimp, mixed species, cooked, moist heat (may contain additives to retain moisture)",,Crevette tropicale tigrée d'élevage cuite ; même proxy.,Moyen,2026-08-04
10062,"Crevette tropicale (tigrée), élevage, cuite",Vitamine_B9_µg_100g,,24.0,µg,"USDA FoodData Central (SR Legacy) — Crustaceans, shrimp, mixed species, cooked, moist heat (may contain additives to retain moisture)",,Crevette tropicale tigrée d'élevage cuite ; même proxy.,Moyen,2026-08-04
10007,"Crevette, cuite",Vitamine_E_mg_100g,,2.2,mg,"USDA FoodData Central (SR Legacy) — Crustaceans, shrimp, mixed species, cooked, moist heat (may contain additives to retain moisture)",,"Correspondance directe : crevette cuite, non panée, non frite (""cooked, moist heat"").",Élevé,2026-08-04
10089,"Crevettes grises, décortiquées, cuites, réfrigérées, préemballées",Vitamine_E_mg_100g,,2.2,mg,"USDA FoodData Central (SR Legacy) — Crustaceans, shrimp, mixed species, cooked, moist heat (may contain additives to retain moisture)",,Crevettes grises décortiquées cuites réfrigérées ; même proxy.,Moyen,2026-08-04
10089,"Crevettes grises, décortiquées, cuites, réfrigérées, préemballées",Vitamine_K1_µg_100g,,0.4,µg,"USDA FoodData Central (SR Legacy) — Crustaceans, shrimp, mixed species, cooked, moist heat (may contain additives to retain moisture)",,Crevettes grises décortiquées cuites réfrigérées ; même proxy.,Moyen,2026-08-04
10089,"Crevettes grises, décortiquées, cuites, réfrigérées, préemballées",Vitamine_B9_µg_100g,,24.0,µg,"USDA FoodData Central (SR Legacy) — Crustaceans, shrimp, mixed species, cooked, moist heat (may contain additives to retain moisture)",,Crevettes grises décortiquées cuites réfrigérées ; même proxy.,Moyen,2026-08-04
10089,"Crevettes grises, décortiquées, cuites, réfrigérées, préemballées",Vitamine_D_µg_100g,,0.1,µg,"USDA FoodData Central (SR Legacy) — Crustaceans, shrimp, mixed species, cooked, moist heat (may contain additives to retain moisture)",,Crevettes grises décortiquées cuites réfrigérées ; même proxy.,Moyen,2026-08-04
10089,"Crevettes grises, décortiquées, cuites, réfrigérées, préemballées",Vitamine_B12_µg_100g,,1.66,µg,"USDA FoodData Central (SR Legacy) — Crustaceans, shrimp, mixed species, cooked, moist heat (may contain additives to retain moisture)",,Crevettes grises décortiquées cuites réfrigérées ; même proxy.,Moyen,2026-08-04
10089,"Crevettes grises, décortiquées, cuites, réfrigérées, préemballées",Sélénium_µg_100g,,49.5,µg,"USDA FoodData Central (SR Legacy) — Crustaceans, shrimp, mixed species, cooked, moist heat (may contain additives to retain moisture)",,Crevettes grises décortiquées cuites réfrigérées ; même proxy.,Moyen,2026-08-04
10089,"Crevettes grises, décortiquées, cuites, réfrigérées, préemballées",Beta-Carotène_µg_100g,,0.0,µg,"USDA FoodData Central (SR Legacy) — Crustaceans, shrimp, mixed species, cooked, moist heat (may contain additives to retain moisture)",,Crevettes grises décortiquées cuites réfrigérées ; même proxy.,Moyen,2026-08-04
10086,"Crevettes, décortiquées, cuites, réfrigérées, préemballées",Vitamine_E_mg_100g,,2.2,mg,"USDA FoodData Central (SR Legacy) — Crustaceans, shrimp, mixed species, cooked, moist heat (may contain additives to retain moisture)",,"Crevettes décortiquées cuites réfrigérées, sans précision d'espèce ; correspondance directe cuisson moite non panée.",Élevé,2026-08-04
10086,"Crevettes, décortiquées, cuites, réfrigérées, préemballées",Vitamine_K1_µg_100g,,0.4,µg,"USDA FoodData Central (SR Legacy) — Crustaceans, shrimp, mixed species, cooked, moist heat (may contain additives to retain moisture)",,"Crevettes décortiquées cuites réfrigérées, sans précision d'espèce ; correspondance directe cuisson moite non panée.",Élevé,2026-08-04
10086,"Crevettes, décortiquées, cuites, réfrigérées, préemballées",Vitamine_B9_µg_100g,,24.0,µg,"USDA FoodData Central (SR Legacy) — Crustaceans, shrimp, mixed species, cooked, moist heat (may contain additives to retain moisture)",,"Crevettes décortiquées cuites réfrigérées, sans précision d'espèce ; correspondance directe cuisson moite non panée.",Élevé,2026-08-04
10086,"Crevettes, décortiquées, cuites, réfrigérées, préemballées",Vitamine_D_µg_100g,,0.1,µg,"USDA FoodData Central (SR Legacy) — Crustaceans, shrimp, mixed species, cooked, moist heat (may contain additives to retain moisture)",,"Crevettes décortiquées cuites réfrigérées, sans précision d'espèce ; correspondance directe cuisson moite non panée.",Élevé,2026-08-04
10086,"Crevettes, décortiquées, cuites, réfrigérées, préemballées",Vitamine_B12_µg_100g,,1.66,µg,"USDA FoodData Central (SR Legacy) — Crustaceans, shrimp, mixed species, cooked, moist heat (may contain additives to retain moisture)",,"Crevettes décortiquées cuites réfrigérées, sans précision d'espèce ; correspondance directe cuisson moite non panée.",Élevé,2026-08-04
10086,"Crevettes, décortiquées, cuites, réfrigérées, préemballées",Sélénium_µg_100g,,49.5,µg,"USDA FoodData Central (SR Legacy) — Crustaceans, shrimp, mixed species, cooked, moist heat (may contain additives to retain moisture)",,"Crevettes décortiquées cuites réfrigérées, sans précision d'espèce ; correspondance directe cuisson moite non panée.",Élevé,2026-08-04
10086,"Crevettes, décortiquées, cuites, réfrigérées, préemballées",Beta-Carotène_µg_100g,,0.0,µg,"USDA FoodData Central (SR Legacy) — Crustaceans, shrimp, mixed species, cooked, moist heat (may contain additives to retain moisture)",,"Crevettes décortiquées cuites réfrigérées, sans précision d'espèce ; correspondance directe cuisson moite non panée.",Élevé,2026-08-04
10030,"Écrevisse, crue",Vitamine_E_mg_100g,,2.85,mg,"USDA FoodData Central (SR Legacy) — Crustaceans, crayfish, mixed species, wild, raw",,"Écrevisse crue, élevage/sauvage non précisé par CIQUAL ; proxy écrevisse sauvage (""wild"").",Moyen,2026-08-04
10031,"Écrevisse, cuite",Vitamine_E_mg_100g,,1.5,mg,"USDA FoodData Central (SR Legacy) — Crustaceans, crayfish, mixed species, wild, cooked, moist heat",,Écrevisse cuite ; même proxy.,Moyen,2026-08-04
10031,"Écrevisse, cuite",Beta-Carotène_µg_100g,,0.0,µg,"USDA FoodData Central (SR Legacy) — Crustaceans, crayfish, mixed species, wild, cooked, moist heat",,Écrevisse cuite ; même proxy.,Moyen,2026-08-04
10088,"Ecrevisses, décortiquées, cuites, réfrigérées, préemballées",Vitamine_E_mg_100g,,1.5,mg,"USDA FoodData Central (SR Legacy) — Crustaceans, crayfish, mixed species, wild, cooked, moist heat",,Écrevisses décortiquées cuites réfrigérées ; même proxy.,Moyen,2026-08-04
10088,"Ecrevisses, décortiquées, cuites, réfrigérées, préemballées",Vitamine_K1_µg_100g,,0.1,µg,"USDA FoodData Central (SR Legacy) — Crustaceans, crayfish, mixed species, wild, cooked, moist heat",,Écrevisses décortiquées cuites réfrigérées ; même proxy.,Moyen,2026-08-04
10088,"Ecrevisses, décortiquées, cuites, réfrigérées, préemballées",Vitamine_B9_µg_100g,,44.0,µg,"USDA FoodData Central (SR Legacy) — Crustaceans, crayfish, mixed species, wild, cooked, moist heat",,Écrevisses décortiquées cuites réfrigérées ; même proxy.,Moyen,2026-08-04
10088,"Ecrevisses, décortiquées, cuites, réfrigérées, préemballées",Vitamine_D_µg_100g,,0.0,µg,"USDA FoodData Central (SR Legacy) — Crustaceans, crayfish, mixed species, wild, cooked, moist heat",,Écrevisses décortiquées cuites réfrigérées ; même proxy.,Moyen,2026-08-04
10088,"Ecrevisses, décortiquées, cuites, réfrigérées, préemballées",Vitamine_B12_µg_100g,,2.15,µg,"USDA FoodData Central (SR Legacy) — Crustaceans, crayfish, mixed species, wild, cooked, moist heat",,Écrevisses décortiquées cuites réfrigérées ; même proxy.,Moyen,2026-08-04
10088,"Ecrevisses, décortiquées, cuites, réfrigérées, préemballées",Sélénium_µg_100g,,36.7,µg,"USDA FoodData Central (SR Legacy) — Crustaceans, crayfish, mixed species, wild, cooked, moist heat",,Écrevisses décortiquées cuites réfrigérées ; même proxy.,Moyen,2026-08-04
10088,"Ecrevisses, décortiquées, cuites, réfrigérées, préemballées",Beta-Carotène_µg_100g,,0.0,µg,"USDA FoodData Central (SR Legacy) — Crustaceans, crayfish, mixed species, wild, cooked, moist heat",,Écrevisses décortiquées cuites réfrigérées ; même proxy.,Moyen,2026-08-04
10008,"Escargot, cru",Vitamine_E_mg_100g,,5.0,mg,"USDA FoodData Central (SR Legacy) — Mollusks, snail, raw",,Correspondance exacte : escargot cru.,Élevé,2026-08-04
10008,"Escargot, cru",Sélénium_µg_100g,,27.4,µg,"USDA FoodData Central (SR Legacy) — Mollusks, snail, raw",,Correspondance exacte : escargot cru.,Élevé,2026-08-04
10009,"Homard, bouilli/cuit à l'eau",Vitamine_E_mg_100g,,1.0,mg,"USDA FoodData Central (SR Legacy) — Crustaceans, lobster, northern, cooked, moist heat",,"Homard bouilli, espèce non précisée (homard européen Homarus gammarus ≠ américain) ; proxy ""lobster, northern"" (espèce américaine la plus documentée).",Moyen,2026-08-04
10010,"Homard, cru",Vitamine_E_mg_100g,,0.87,mg,"USDA FoodData Central (SR Legacy) — Crustaceans, lobster, northern, raw",,Homard cru ; même proxy.,Moyen,2026-08-04
10044,"Langoustine, bouillie/cuite à l'eau",Vitamine_E_mg_100g,,1.0,mg,"USDA FoodData Central (SR Legacy) — Crustaceans, lobster, northern, cooked, moist heat",,"Langoustine bouillie (Nephrops norvegicus, à pinces) ; proxy ""lobster, northern"" (anatomiquement plus proche — présence de pinces — qu'une langouste sans pinces).",Moyen,2026-08-04
10044,"Langoustine, bouillie/cuite à l'eau",Vitamine_K1_µg_100g,,0.0,µg,"USDA FoodData Central (SR Legacy) — Crustaceans, lobster, northern, cooked, moist heat",,"Langoustine bouillie (Nephrops norvegicus, à pinces) ; proxy ""lobster, northern"" (anatomiquement plus proche — présence de pinces — qu'une langouste sans pinces).",Moyen,2026-08-04
10044,"Langoustine, bouillie/cuite à l'eau",Vitamine_B9_µg_100g,,11.0,µg,"USDA FoodData Central (SR Legacy) — Crustaceans, lobster, northern, cooked, moist heat",,"Langoustine bouillie (Nephrops norvegicus, à pinces) ; proxy ""lobster, northern"" (anatomiquement plus proche — présence de pinces — qu'une langouste sans pinces).",Moyen,2026-08-04
10024,"Langoustine, crue",Vitamine_E_mg_100g,,0.87,mg,"USDA FoodData Central (SR Legacy) — Crustaceans, lobster, northern, raw",,Langoustine crue ; même proxy.,Moyen,2026-08-04
10024,"Langoustine, crue",Beta-Carotène_µg_100g,,0.0,µg,"USDA FoodData Central (SR Legacy) — Crustaceans, lobster, northern, raw",,Langoustine crue ; même proxy.,Moyen,2026-08-04
10014,"Moule commune, crue",Vitamine_E_mg_100g,,0.55,mg,"USDA FoodData Central (SR Legacy) — Mollusks, mussel, blue, raw",,"Correspondance exacte : moule commune crue = ""mussel, blue, raw"".",Élevé,2026-08-04
10026,"Moule de Méditerranée, crue",Vitamine_E_mg_100g,,0.55,mg,"USDA FoodData Central (SR Legacy) — Mollusks, mussel, blue, raw",,"Moule de Méditerranée (espèce différente de la moule bleue) ; proxy moule bleue, genre proche.",Moyen,2026-08-04
10026,"Moule de Méditerranée, crue",Vitamine_K1_µg_100g,,0.1,µg,"USDA FoodData Central (SR Legacy) — Mollusks, mussel, blue, raw",,"Moule de Méditerranée (espèce différente de la moule bleue) ; proxy moule bleue, genre proche.",Moyen,2026-08-04
10026,"Moule de Méditerranée, crue",Vitamine_B9_µg_100g,,42.0,µg,"USDA FoodData Central (SR Legacy) — Mollusks, mussel, blue, raw",,"Moule de Méditerranée (espèce différente de la moule bleue) ; proxy moule bleue, genre proche.",Moyen,2026-08-04
10026,"Moule de Méditerranée, crue",Vitamine_D_µg_100g,,0.0,µg,"USDA FoodData Central (SR Legacy) — Mollusks, mussel, blue, raw",,"Moule de Méditerranée (espèce différente de la moule bleue) ; proxy moule bleue, genre proche.",Moyen,2026-08-04
10026,"Moule de Méditerranée, crue",Vitamine_B12_µg_100g,,12.0,µg,"USDA FoodData Central (SR Legacy) — Mollusks, mussel, blue, raw",,"Moule de Méditerranée (espèce différente de la moule bleue) ; proxy moule bleue, genre proche.",Moyen,2026-08-04
10026,"Moule de Méditerranée, crue",Sélénium_µg_100g,,44.8,µg,"USDA FoodData Central (SR Legacy) — Mollusks, mussel, blue, raw",,"Moule de Méditerranée (espèce différente de la moule bleue) ; proxy moule bleue, genre proche.",Moyen,2026-08-04
10026,"Moule de Méditerranée, crue",Beta-Carotène_µg_100g,,0.0,µg,"USDA FoodData Central (SR Legacy) — Mollusks, mussel, blue, raw",,"Moule de Méditerranée (espèce différente de la moule bleue) ; proxy moule bleue, genre proche.",Moyen,2026-08-04
10041,"Ormeau, cru",Vitamine_E_mg_100g,,4.0,mg,"USDA FoodData Central (SR Legacy) — Mollusks, abalone, mixed species, raw",,"Correspondance exacte : ormeau cru = ""abalone, mixed species, raw"".",Élevé,2026-08-04
10041,"Ormeau, cru",Vitamine_K1_µg_100g,,23.0,µg,"USDA FoodData Central (SR Legacy) — Mollusks, abalone, mixed species, raw",,"Correspondance exacte : ormeau cru = ""abalone, mixed species, raw"".",Élevé,2026-08-04
10041,"Ormeau, cru",Sélénium_µg_100g,,44.8,µg,"USDA FoodData Central (SR Legacy) — Mollusks, abalone, mixed species, raw",,"Correspondance exacte : ormeau cru = ""abalone, mixed species, raw"".",Élevé,2026-08-04
10048,"Pecten d'Amérique ou peigne du Canada, noix, crue",Vitamine_E_mg_100g,,0.0,mg,"USDA FoodData Central (SR Legacy) — Mollusks, scallop, mixed species, raw",,"Correspondance exacte : noix de pecten d'Amérique crue = ""scallop, mixed species, raw"".",Élevé,2026-08-04
10048,"Pecten d'Amérique ou peigne du Canada, noix, crue",Vitamine_K1_µg_100g,,0.0,µg,"USDA FoodData Central (SR Legacy) — Mollusks, scallop, mixed species, raw",,"Correspondance exacte : noix de pecten d'Amérique crue = ""scallop, mixed species, raw"".",Élevé,2026-08-04
10048,"Pecten d'Amérique ou peigne du Canada, noix, crue",Vitamine_B9_µg_100g,,16.0,µg,"USDA FoodData Central (SR Legacy) — Mollusks, scallop, mixed species, raw",,"Correspondance exacte : noix de pecten d'Amérique crue = ""scallop, mixed species, raw"".",Élevé,2026-08-04
10048,"Pecten d'Amérique ou peigne du Canada, noix, crue",Vitamine_D_µg_100g,,0.0,µg,"USDA FoodData Central (SR Legacy) — Mollusks, scallop, mixed species, raw",,"Correspondance exacte : noix de pecten d'Amérique crue = ""scallop, mixed species, raw"".",Élevé,2026-08-04
10048,"Pecten d'Amérique ou peigne du Canada, noix, crue",Vitamine_B12_µg_100g,,1.41,µg,"USDA FoodData Central (SR Legacy) — Mollusks, scallop, mixed species, raw",,"Correspondance exacte : noix de pecten d'Amérique crue = ""scallop, mixed species, raw"".",Élevé,2026-08-04
10048,"Pecten d'Amérique ou peigne du Canada, noix, crue",Sélénium_µg_100g,,12.8,µg,"USDA FoodData Central (SR Legacy) — Mollusks, scallop, mixed species, raw",,"Correspondance exacte : noix de pecten d'Amérique crue = ""scallop, mixed species, raw"".",Élevé,2026-08-04
10048,"Pecten d'Amérique ou peigne du Canada, noix, crue",Beta-Carotène_µg_100g,,0.0,µg,"USDA FoodData Central (SR Legacy) — Mollusks, scallop, mixed species, raw",,"Correspondance exacte : noix de pecten d'Amérique crue = ""scallop, mixed species, raw"".",Élevé,2026-08-04
10049,"Pétoncle ou peigne du Pérou, noix, crue",Vitamine_E_mg_100g,,0.0,mg,"USDA FoodData Central (SR Legacy) — Mollusks, scallop, mixed species, raw",,Correspondance exacte : noix de pétoncle du Pérou crue.,Élevé,2026-08-04
10049,"Pétoncle ou peigne du Pérou, noix, crue",Vitamine_K1_µg_100g,,0.0,µg,"USDA FoodData Central (SR Legacy) — Mollusks, scallop, mixed species, raw",,Correspondance exacte : noix de pétoncle du Pérou crue.,Élevé,2026-08-04
10049,"Pétoncle ou peigne du Pérou, noix, crue",Vitamine_B9_µg_100g,,16.0,µg,"USDA FoodData Central (SR Legacy) — Mollusks, scallop, mixed species, raw",,Correspondance exacte : noix de pétoncle du Pérou crue.,Élevé,2026-08-04
10049,"Pétoncle ou peigne du Pérou, noix, crue",Vitamine_D_µg_100g,,0.0,µg,"USDA FoodData Central (SR Legacy) — Mollusks, scallop, mixed species, raw",,Correspondance exacte : noix de pétoncle du Pérou crue.,Élevé,2026-08-04
10049,"Pétoncle ou peigne du Pérou, noix, crue",Vitamine_B12_µg_100g,,1.41,µg,"USDA FoodData Central (SR Legacy) — Mollusks, scallop, mixed species, raw",,Correspondance exacte : noix de pétoncle du Pérou crue.,Élevé,2026-08-04
10049,"Pétoncle ou peigne du Pérou, noix, crue",Sélénium_µg_100g,,12.8,µg,"USDA FoodData Central (SR Legacy) — Mollusks, scallop, mixed species, raw",,Correspondance exacte : noix de pétoncle du Pérou crue.,Élevé,2026-08-04
10049,"Pétoncle ou peigne du Pérou, noix, crue",Beta-Carotène_µg_100g,,0.0,µg,"USDA FoodData Central (SR Legacy) — Mollusks, scallop, mixed species, raw",,Correspondance exacte : noix de pétoncle du Pérou crue.,Élevé,2026-08-04
10018,"Poulpe, cru",Vitamine_E_mg_100g,,1.2,mg,"USDA FoodData Central (SR Legacy) — Mollusks, octopus, common, raw",,"Correspondance exacte : poulpe cru = ""octopus, common, raw"".",Élevé,2026-08-04
10079,"Poulpe, cuit",Vitamine_E_mg_100g,,1.2,mg,"USDA FoodData Central (SR Legacy) — Mollusks, octopus, common, cooked, moist heat",,Correspondance exacte : poulpe cuit.,Élevé,2026-08-04
10079,"Poulpe, cuit",Sélénium_µg_100g,,89.6,µg,"USDA FoodData Central (SR Legacy) — Mollusks, octopus, common, cooked, moist heat",,Correspondance exacte : poulpe cuit.,Élevé,2026-08-04
21514,"Agneau, collier cru",Vitamine_B9_µg_100g,,21.0,µg,"USDA FoodData Central (SR Legacy) — Lamb, leg, shank half, separable lean and fat, trimmed to 1/8"" fat, choice, raw",,"Lamb, leg, shank half, separable lean and fat, trimmed to 1/8"" fat, choice, raw — référence viande d'agneau maigre crue, morceau non distingué.",Moyen,2026-08-04
21525,"Agneau, côte découverte crue",Vitamine_B9_µg_100g,,21.0,µg,"USDA FoodData Central (SR Legacy) — Lamb, leg, shank half, separable lean and fat, trimmed to 1/8"" fat, choice, raw",,"Lamb, leg, shank half, separable lean and fat, trimmed to 1/8"" fat, choice, raw — référence viande d'agneau maigre crue, morceau non distingué.",Moyen,2026-08-04
21516,"Agneau, côte filet crue",Vitamine_B9_µg_100g,,21.0,µg,"USDA FoodData Central (SR Legacy) — Lamb, leg, shank half, separable lean and fat, trimmed to 1/8"" fat, choice, raw",,"Lamb, leg, shank half, separable lean and fat, trimmed to 1/8"" fat, choice, raw — référence viande d'agneau maigre crue, morceau non distingué.",Moyen,2026-08-04
21517,"Agneau, côte première crue",Vitamine_B9_µg_100g,,21.0,µg,"USDA FoodData Central (SR Legacy) — Lamb, leg, shank half, separable lean and fat, trimmed to 1/8"" fat, choice, raw",,"Lamb, leg, shank half, separable lean and fat, trimmed to 1/8"" fat, choice, raw — référence viande d'agneau maigre crue, morceau non distingué.",Moyen,2026-08-04
21512,"Agneau, côte première grillée/poêlée",Vitamine_E_mg_100g,,0.13,mg,"USDA FoodData Central (SR Legacy) — Lamb, New Zealand, imported, frozen, loin, separable lean and fat, cooked, broiled",,"Lamb, New Zealand, imported, frozen, loin, separable lean and fat, cooked, broiled — référence viande d'agneau grillée.",Moyen,2026-08-04
21512,"Agneau, côte première grillée/poêlée",Vitamine_K1_µg_100g,,4.9,µg,"USDA FoodData Central (SR Legacy) — Lamb, New Zealand, imported, frozen, loin, separable lean and fat, cooked, broiled",,"Lamb, New Zealand, imported, frozen, loin, separable lean and fat, cooked, broiled — référence viande d'agneau grillée.",Moyen,2026-08-04
21512,"Agneau, côte première grillée/poêlée",Vitamine_D_µg_100g,,0.1,µg,"USDA FoodData Central (SR Legacy) — Lamb, New Zealand, imported, frozen, loin, separable lean and fat, cooked, broiled",,"Lamb, New Zealand, imported, frozen, loin, separable lean and fat, cooked, broiled — référence viande d'agneau grillée.",Moyen,2026-08-04
21512,"Agneau, côte première grillée/poêlée",Beta-Carotène_µg_100g,,0.0,µg,"USDA FoodData Central (SR Legacy) — Lamb, New Zealand, imported, frozen, loin, separable lean and fat, cooked, broiled",,"Lamb, New Zealand, imported, frozen, loin, separable lean and fat, cooked, broiled — référence viande d'agneau grillée.",Moyen,2026-08-04
21501,"Agneau, côtelette grillée/poêlée",Vitamine_E_mg_100g,,0.13,mg,"USDA FoodData Central (SR Legacy) — Lamb, New Zealand, imported, frozen, loin, separable lean and fat, cooked, broiled",,"Lamb, New Zealand, imported, frozen, loin, separable lean and fat, cooked, broiled — référence viande d'agneau grillée.",Moyen,2026-08-04
21501,"Agneau, côtelette grillée/poêlée",Vitamine_K1_µg_100g,,4.9,µg,"USDA FoodData Central (SR Legacy) — Lamb, New Zealand, imported, frozen, loin, separable lean and fat, cooked, broiled",,"Lamb, New Zealand, imported, frozen, loin, separable lean and fat, cooked, broiled — référence viande d'agneau grillée.",Moyen,2026-08-04
21501,"Agneau, côtelette grillée/poêlée",Vitamine_B9_µg_100g,,1.0,µg,"USDA FoodData Central (SR Legacy) — Lamb, New Zealand, imported, frozen, loin, separable lean and fat, cooked, broiled",,"Lamb, New Zealand, imported, frozen, loin, separable lean and fat, cooked, broiled — référence viande d'agneau grillée.",Moyen,2026-08-04
21501,"Agneau, côtelette grillée/poêlée",Vitamine_D_µg_100g,,0.1,µg,"USDA FoodData Central (SR Legacy) — Lamb, New Zealand, imported, frozen, loin, separable lean and fat, cooked, broiled",,"Lamb, New Zealand, imported, frozen, loin, separable lean and fat, cooked, broiled — référence viande d'agneau grillée.",Moyen,2026-08-04
21505,"Agneau, épaule maigre crue",Sélénium_µg_100g,,21.9,µg,"USDA FoodData Central (SR Legacy) — Lamb, leg, shank half, separable lean and fat, trimmed to 1/8"" fat, choice, raw",,"Lamb, leg, shank half, separable lean and fat, trimmed to 1/8"" fat, choice, raw — référence viande d'agneau maigre crue, morceau non distingué.",Moyen,2026-08-04
21519,"Agneau, gigot braisé",Vitamine_E_mg_100g,,0.15,mg,"USDA FoodData Central (SR Legacy) — Lamb, shoulder, arm, separable lean and fat, trimmed to 1/4"" fat, choice, cooked, braised",,"Lamb, shoulder, arm, separable lean and fat, trimmed to 1/4"" fat, choice, cooked, braised — référence viande d'agneau braisée.",Moyen,2026-08-04
21519,"Agneau, gigot braisé",Vitamine_B9_µg_100g,,18.0,µg,"USDA FoodData Central (SR Legacy) — Lamb, shoulder, arm, separable lean and fat, trimmed to 1/4"" fat, choice, cooked, braised",,"Lamb, shoulder, arm, separable lean and fat, trimmed to 1/4"" fat, choice, cooked, braised — référence viande d'agneau braisée.",Moyen,2026-08-04
21520,"Agneau, selle, partie maigre grillée/poêlée",Vitamine_E_mg_100g,,0.13,mg,"USDA FoodData Central (SR Legacy) — Lamb, New Zealand, imported, frozen, loin, separable lean and fat, cooked, broiled",,"Lamb, New Zealand, imported, frozen, loin, separable lean and fat, cooked, broiled — référence viande d'agneau grillée.",Moyen,2026-08-04
21520,"Agneau, selle, partie maigre grillée/poêlée",Vitamine_K1_µg_100g,,4.9,µg,"USDA FoodData Central (SR Legacy) — Lamb, New Zealand, imported, frozen, loin, separable lean and fat, cooked, broiled",,"Lamb, New Zealand, imported, frozen, loin, separable lean and fat, cooked, broiled — référence viande d'agneau grillée.",Moyen,2026-08-04
21520,"Agneau, selle, partie maigre grillée/poêlée",Vitamine_B9_µg_100g,,1.0,µg,"USDA FoodData Central (SR Legacy) — Lamb, New Zealand, imported, frozen, loin, separable lean and fat, cooked, broiled",,"Lamb, New Zealand, imported, frozen, loin, separable lean and fat, cooked, broiled — référence viande d'agneau grillée.",Moyen,2026-08-04
21520,"Agneau, selle, partie maigre grillée/poêlée",Vitamine_D_µg_100g,,0.1,µg,"USDA FoodData Central (SR Legacy) — Lamb, New Zealand, imported, frozen, loin, separable lean and fat, cooked, broiled",,"Lamb, New Zealand, imported, frozen, loin, separable lean and fat, cooked, broiled — référence viande d'agneau grillée.",Moyen,2026-08-04
21520,"Agneau, selle, partie maigre grillée/poêlée",Beta-Carotène_µg_100g,,0.0,µg,"USDA FoodData Central (SR Legacy) — Lamb, New Zealand, imported, frozen, loin, separable lean and fat, cooked, broiled",,"Lamb, New Zealand, imported, frozen, loin, separable lean and fat, cooked, broiled — référence viande d'agneau grillée.",Moyen,2026-08-04
6101,Boeuf braisé,Vitamine_E_mg_100g,,0.11,mg,"USDA FoodData Central (SR Legacy) — Beef, chuck for stew, separable lean and fat, all grades, cooked, braised",,"Beef, chuck for stew, separable lean and fat, all grades, cooked, braised — référence viande de boeuf braisée/bouillie, morceau à braiser typique.",Moyen,2026-08-04
6101,Boeuf braisé,Vitamine_K1_µg_100g,,1.6,µg,"USDA FoodData Central (SR Legacy) — Beef, chuck for stew, separable lean and fat, all grades, cooked, braised",,"Beef, chuck for stew, separable lean and fat, all grades, cooked, braised — référence viande de boeuf braisée/bouillie, morceau à braiser typique.",Moyen,2026-08-04
6101,Boeuf braisé,Vitamine_B9_µg_100g,,8.0,µg,"USDA FoodData Central (SR Legacy) — Beef, chuck for stew, separable lean and fat, all grades, cooked, braised",,"Beef, chuck for stew, separable lean and fat, all grades, cooked, braised — référence viande de boeuf braisée/bouillie, morceau à braiser typique.",Moyen,2026-08-04
6101,Boeuf braisé,Vitamine_D_µg_100g,,0.1,µg,"USDA FoodData Central (SR Legacy) — Beef, chuck for stew, separable lean and fat, all grades, cooked, braised",,"Beef, chuck for stew, separable lean and fat, all grades, cooked, braised — référence viande de boeuf braisée/bouillie, morceau à braiser typique.",Moyen,2026-08-04
6101,Boeuf braisé,Vitamine_B12_µg_100g,,2.73,µg,"USDA FoodData Central (SR Legacy) — Beef, chuck for stew, separable lean and fat, all grades, cooked, braised",,"Beef, chuck for stew, separable lean and fat, all grades, cooked, braised — référence viande de boeuf braisée/bouillie, morceau à braiser typique.",Moyen,2026-08-04
6101,Boeuf braisé,Sélénium_µg_100g,,34.6,µg,"USDA FoodData Central (SR Legacy) — Beef, chuck for stew, separable lean and fat, all grades, cooked, braised",,"Beef, chuck for stew, separable lean and fat, all grades, cooked, braised — référence viande de boeuf braisée/bouillie, morceau à braiser typique.",Moyen,2026-08-04
6101,Boeuf braisé,Beta-Carotène_µg_100g,,0.0,µg,"USDA FoodData Central (SR Legacy) — Beef, chuck for stew, separable lean and fat, all grades, cooked, braised",,"Beef, chuck for stew, separable lean and fat, all grades, cooked, braised — référence viande de boeuf braisée/bouillie, morceau à braiser typique.",Moyen,2026-08-04
6231,"Boeuf, à bourguignon ou pot-au-feu, cru",Vitamine_E_mg_100g,,0.33,mg,"USDA FoodData Central (SR Legacy) — Beef, top sirloin, steak, separable lean only, trimmed to 1/8"" fat, choice, raw",,"Beef, top sirloin, steak, separable lean only, choice, raw — référence viande de boeuf maigre crue, morceau non distingué.",Moyen,2026-08-04
6231,"Boeuf, à bourguignon ou pot-au-feu, cru",Vitamine_K1_µg_100g,,1.3,µg,"USDA FoodData Central (SR Legacy) — Beef, top sirloin, steak, separable lean only, trimmed to 1/8"" fat, choice, raw",,"Beef, top sirloin, steak, separable lean only, choice, raw — référence viande de boeuf maigre crue, morceau non distingué.",Moyen,2026-08-04
6231,"Boeuf, à bourguignon ou pot-au-feu, cru",Vitamine_B9_µg_100g,,13.0,µg,"USDA FoodData Central (SR Legacy) — Beef, top sirloin, steak, separable lean only, trimmed to 1/8"" fat, choice, raw",,"Beef, top sirloin, steak, separable lean only, choice, raw — référence viande de boeuf maigre crue, morceau non distingué.",Moyen,2026-08-04
6231,"Boeuf, à bourguignon ou pot-au-feu, cru",Vitamine_D_µg_100g,,0.1,µg,"USDA FoodData Central (SR Legacy) — Beef, top sirloin, steak, separable lean only, trimmed to 1/8"" fat, choice, raw",,"Beef, top sirloin, steak, separable lean only, choice, raw — référence viande de boeuf maigre crue, morceau non distingué.",Moyen,2026-08-04
6231,"Boeuf, à bourguignon ou pot-au-feu, cru",Vitamine_B12_µg_100g,,1.19,µg,"USDA FoodData Central (SR Legacy) — Beef, top sirloin, steak, separable lean only, trimmed to 1/8"" fat, choice, raw",,"Beef, top sirloin, steak, separable lean only, choice, raw — référence viande de boeuf maigre crue, morceau non distingué.",Moyen,2026-08-04
6231,"Boeuf, à bourguignon ou pot-au-feu, cru",Sélénium_µg_100g,,25.5,µg,"USDA FoodData Central (SR Legacy) — Beef, top sirloin, steak, separable lean only, trimmed to 1/8"" fat, choice, raw",,"Beef, top sirloin, steak, separable lean only, choice, raw — référence viande de boeuf maigre crue, morceau non distingué.",Moyen,2026-08-04
6231,"Boeuf, à bourguignon ou pot-au-feu, cru",Beta-Carotène_µg_100g,,0.0,µg,"USDA FoodData Central (SR Legacy) — Beef, top sirloin, steak, separable lean only, trimmed to 1/8"" fat, choice, raw",,"Beef, top sirloin, steak, separable lean only, choice, raw — référence viande de boeuf maigre crue, morceau non distingué.",Moyen,2026-08-04
6003,"Boeuf, basse-côte crue",Vitamine_E_mg_100g,,0.33,mg,"USDA FoodData Central (SR Legacy) — Beef, top sirloin, steak, separable lean only, trimmed to 1/8"" fat, choice, raw",,"Beef, top sirloin, steak, separable lean only, choice, raw — référence viande de boeuf maigre crue, morceau non distingué.",Moyen,2026-08-04
6003,"Boeuf, basse-côte crue",Vitamine_K1_µg_100g,,1.3,µg,"USDA FoodData Central (SR Legacy) — Beef, top sirloin, steak, separable lean only, trimmed to 1/8"" fat, choice, raw",,"Beef, top sirloin, steak, separable lean only, choice, raw — référence viande de boeuf maigre crue, morceau non distingué.",Moyen,2026-08-04
6003,"Boeuf, basse-côte crue",Vitamine_B9_µg_100g,,13.0,µg,"USDA FoodData Central (SR Legacy) — Beef, top sirloin, steak, separable lean only, trimmed to 1/8"" fat, choice, raw",,"Beef, top sirloin, steak, separable lean only, choice, raw — référence viande de boeuf maigre crue, morceau non distingué.",Moyen,2026-08-04
6003,"Boeuf, basse-côte crue",Vitamine_D_µg_100g,,0.1,µg,"USDA FoodData Central (SR Legacy) — Beef, top sirloin, steak, separable lean only, trimmed to 1/8"" fat, choice, raw",,"Beef, top sirloin, steak, separable lean only, choice, raw — référence viande de boeuf maigre crue, morceau non distingué.",Moyen,2026-08-04
6003,"Boeuf, basse-côte crue",Beta-Carotène_µg_100g,,0.0,µg,"USDA FoodData Central (SR Legacy) — Beef, top sirloin, steak, separable lean only, trimmed to 1/8"" fat, choice, raw",,"Beef, top sirloin, steak, separable lean only, choice, raw — référence viande de boeuf maigre crue, morceau non distingué.",Moyen,2026-08-04
6212,"Boeuf, bavette d'aloyau crue",Vitamine_E_mg_100g,,0.33,mg,"USDA FoodData Central (SR Legacy) — Beef, top sirloin, steak, separable lean only, trimmed to 1/8"" fat, choice, raw",,"Beef, top sirloin, steak, separable lean only, choice, raw — référence viande de boeuf maigre crue, morceau non distingué.",Moyen,2026-08-04
6212,"Boeuf, bavette d'aloyau crue",Vitamine_D_µg_100g,,0.1,µg,"USDA FoodData Central (SR Legacy) — Beef, top sirloin, steak, separable lean only, trimmed to 1/8"" fat, choice, raw",,"Beef, top sirloin, steak, separable lean only, choice, raw — référence viande de boeuf maigre crue, morceau non distingué.",Moyen,2026-08-04
6202,"Boeuf, boule de macreuse crue",Vitamine_E_mg_100g,,0.33,mg,"USDA FoodData Central (SR Legacy) — Beef, top sirloin, steak, separable lean only, trimmed to 1/8"" fat, choice, raw",,"Beef, top sirloin, steak, separable lean only, choice, raw — référence viande de boeuf maigre crue, morceau non distingué.",Moyen,2026-08-04
6202,"Boeuf, boule de macreuse crue",Vitamine_K1_µg_100g,,1.3,µg,"USDA FoodData Central (SR Legacy) — Beef, top sirloin, steak, separable lean only, trimmed to 1/8"" fat, choice, raw",,"Beef, top sirloin, steak, separable lean only, choice, raw — référence viande de boeuf maigre crue, morceau non distingué.",Moyen,2026-08-04
6202,"Boeuf, boule de macreuse crue",Vitamine_D_µg_100g,,0.1,µg,"USDA FoodData Central (SR Legacy) — Beef, top sirloin, steak, separable lean only, trimmed to 1/8"" fat, choice, raw",,"Beef, top sirloin, steak, separable lean only, choice, raw — référence viande de boeuf maigre crue, morceau non distingué.",Moyen,2026-08-04
6208,"Boeuf, boule de macreuse grillée/poêlée",Vitamine_E_mg_100g,,0.4,mg,"USDA FoodData Central (SR Legacy) — Beef, top sirloin, steak, separable lean only, trimmed to 0"" fat, choice, cooked, broiled",,"Beef, top sirloin, steak, separable lean only, choice, cooked, broiled — référence viande de boeuf maigre grillée, morceau non distingué.",Moyen,2026-08-04
6208,"Boeuf, boule de macreuse grillée/poêlée",Vitamine_K1_µg_100g,,1.4,µg,"USDA FoodData Central (SR Legacy) — Beef, top sirloin, steak, separable lean only, trimmed to 0"" fat, choice, cooked, broiled",,"Beef, top sirloin, steak, separable lean only, choice, cooked, broiled — référence viande de boeuf maigre grillée, morceau non distingué.",Moyen,2026-08-04
6208,"Boeuf, boule de macreuse grillée/poêlée",Vitamine_B9_µg_100g,,10.0,µg,"USDA FoodData Central (SR Legacy) — Beef, top sirloin, steak, separable lean only, trimmed to 0"" fat, choice, cooked, broiled",,"Beef, top sirloin, steak, separable lean only, choice, cooked, broiled — référence viande de boeuf maigre grillée, morceau non distingué.",Moyen,2026-08-04
6208,"Boeuf, boule de macreuse grillée/poêlée",Beta-Carotène_µg_100g,,0.0,µg,"USDA FoodData Central (SR Legacy) — Beef, top sirloin, steak, separable lean only, trimmed to 0"" fat, choice, cooked, broiled",,"Beef, top sirloin, steak, separable lean only, choice, cooked, broiled — référence viande de boeuf maigre grillée, morceau non distingué.",Moyen,2026-08-04
6214,"Boeuf, boule de macreuse rôtie/cuite au four",Vitamine_E_mg_100g,,0.25,mg,"USDA FoodData Central (SR Legacy) — Beef, loin, tenderloin roast, separable lean only, boneless, trimmed to 0"" fat, select, cooked, roasted",,"Beef, loin, tenderloin roast, separable lean only, cooked, roasted — référence viande de boeuf maigre rôtie, morceau non distingué.",Moyen,2026-08-04
6214,"Boeuf, boule de macreuse rôtie/cuite au four",Vitamine_K1_µg_100g,,1.6,µg,"USDA FoodData Central (SR Legacy) — Beef, loin, tenderloin roast, separable lean only, boneless, trimmed to 0"" fat, select, cooked, roasted",,"Beef, loin, tenderloin roast, separable lean only, cooked, roasted — référence viande de boeuf maigre rôtie, morceau non distingué.",Moyen,2026-08-04
6214,"Boeuf, boule de macreuse rôtie/cuite au four",Vitamine_B9_µg_100g,,7.0,µg,"USDA FoodData Central (SR Legacy) — Beef, loin, tenderloin roast, separable lean only, boneless, trimmed to 0"" fat, select, cooked, roasted",,"Beef, loin, tenderloin roast, separable lean only, cooked, roasted — référence viande de boeuf maigre rôtie, morceau non distingué.",Moyen,2026-08-04
6214,"Boeuf, boule de macreuse rôtie/cuite au four",Vitamine_D_µg_100g,,0.1,µg,"USDA FoodData Central (SR Legacy) — Beef, loin, tenderloin roast, separable lean only, boneless, trimmed to 0"" fat, select, cooked, roasted",,"Beef, loin, tenderloin roast, separable lean only, cooked, roasted — référence viande de boeuf maigre rôtie, morceau non distingué.",Moyen,2026-08-04
6214,"Boeuf, boule de macreuse rôtie/cuite au four",Beta-Carotène_µg_100g,,0.0,µg,"USDA FoodData Central (SR Legacy) — Beef, loin, tenderloin roast, separable lean only, boneless, trimmed to 0"" fat, select, cooked, roasted",,"Beef, loin, tenderloin roast, separable lean only, cooked, roasted — référence viande de boeuf maigre rôtie, morceau non distingué.",Moyen,2026-08-04
6240,"Boeuf, collier cru",Vitamine_E_mg_100g,,0.33,mg,"USDA FoodData Central (SR Legacy) — Beef, top sirloin, steak, separable lean only, trimmed to 1/8"" fat, choice, raw",,"Beef, top sirloin, steak, separable lean only, choice, raw — référence viande de boeuf maigre crue, morceau non distingué.",Moyen,2026-08-04
6240,"Boeuf, collier cru",Vitamine_K1_µg_100g,,1.3,µg,"USDA FoodData Central (SR Legacy) — Beef, top sirloin, steak, separable lean only, trimmed to 1/8"" fat, choice, raw",,"Beef, top sirloin, steak, separable lean only, choice, raw — référence viande de boeuf maigre crue, morceau non distingué.",Moyen,2026-08-04
6240,"Boeuf, collier cru",Vitamine_B9_µg_100g,,13.0,µg,"USDA FoodData Central (SR Legacy) — Beef, top sirloin, steak, separable lean only, trimmed to 1/8"" fat, choice, raw",,"Beef, top sirloin, steak, separable lean only, choice, raw — référence viande de boeuf maigre crue, morceau non distingué.",Moyen,2026-08-04
6240,"Boeuf, collier cru",Vitamine_D_µg_100g,,0.1,µg,"USDA FoodData Central (SR Legacy) — Beef, top sirloin, steak, separable lean only, trimmed to 1/8"" fat, choice, raw",,"Beef, top sirloin, steak, separable lean only, choice, raw — référence viande de boeuf maigre crue, morceau non distingué.",Moyen,2026-08-04
6240,"Boeuf, collier cru",Beta-Carotène_µg_100g,,0.0,µg,"USDA FoodData Central (SR Legacy) — Beef, top sirloin, steak, separable lean only, trimmed to 1/8"" fat, choice, raw",,"Beef, top sirloin, steak, separable lean only, choice, raw — référence viande de boeuf maigre crue, morceau non distingué.",Moyen,2026-08-04
6001,"Boeuf, côte crue",Vitamine_E_mg_100g,,0.33,mg,"USDA FoodData Central (SR Legacy) — Beef, top sirloin, steak, separable lean only, trimmed to 1/8"" fat, choice, raw",,"Beef, top sirloin, steak, separable lean only, choice, raw — référence viande de boeuf maigre crue, morceau non distingué.",Moyen,2026-08-04
6001,"Boeuf, côte crue",Vitamine_K1_µg_100g,,1.3,µg,"USDA FoodData Central (SR Legacy) — Beef, top sirloin, steak, separable lean only, trimmed to 1/8"" fat, choice, raw",,"Beef, top sirloin, steak, separable lean only, choice, raw — référence viande de boeuf maigre crue, morceau non distingué.",Moyen,2026-08-04
6001,"Boeuf, côte crue",Vitamine_D_µg_100g,,0.1,µg,"USDA FoodData Central (SR Legacy) — Beef, top sirloin, steak, separable lean only, trimmed to 1/8"" fat, choice, raw",,"Beef, top sirloin, steak, separable lean only, choice, raw — référence viande de boeuf maigre crue, morceau non distingué.",Moyen,2026-08-04
6001,"Boeuf, côte crue",Sélénium_µg_100g,,25.5,µg,"USDA FoodData Central (SR Legacy) — Beef, top sirloin, steak, separable lean only, trimmed to 1/8"" fat, choice, raw",,"Beef, top sirloin, steak, separable lean only, choice, raw — référence viande de boeuf maigre crue, morceau non distingué.",Moyen,2026-08-04
6001,"Boeuf, côte crue",Beta-Carotène_µg_100g,,0.0,µg,"USDA FoodData Central (SR Legacy) — Beef, top sirloin, steak, separable lean only, trimmed to 1/8"" fat, choice, raw",,"Beef, top sirloin, steak, separable lean only, choice, raw — référence viande de boeuf maigre crue, morceau non distingué.",Moyen,2026-08-04
6103,"Boeuf, entrecôte crue",Vitamine_E_mg_100g,,0.33,mg,"USDA FoodData Central (SR Legacy) — Beef, top sirloin, steak, separable lean only, trimmed to 1/8"" fat, choice, raw",,"Beef, top sirloin, steak, separable lean only, choice, raw — référence viande de boeuf maigre crue, morceau non distingué.",Moyen,2026-08-04
6002,"Boeuf, épaule crue",Vitamine_E_mg_100g,,0.33,mg,"USDA FoodData Central (SR Legacy) — Beef, top sirloin, steak, separable lean only, trimmed to 1/8"" fat, choice, raw",,"Beef, top sirloin, steak, separable lean only, choice, raw — référence viande de boeuf maigre crue, morceau non distingué.",Moyen,2026-08-04
6111,"Boeuf, faux-filet cru",Vitamine_E_mg_100g,,0.33,mg,"USDA FoodData Central (SR Legacy) — Beef, top sirloin, steak, separable lean only, trimmed to 1/8"" fat, choice, raw",,"Beef, top sirloin, steak, separable lean only, choice, raw — référence viande de boeuf maigre crue, morceau non distingué.",Moyen,2026-08-04
6110,"Boeuf, faux-filet grillé/poêlé",Vitamine_E_mg_100g,,0.4,mg,"USDA FoodData Central (SR Legacy) — Beef, top sirloin, steak, separable lean only, trimmed to 0"" fat, choice, cooked, broiled",,"Beef, top sirloin, steak, separable lean only, choice, cooked, broiled — référence viande de boeuf maigre grillée, morceau non distingué.",Moyen,2026-08-04
6105,"Boeuf, faux-filet rôti/cuit au four",Vitamine_E_mg_100g,,0.25,mg,"USDA FoodData Central (SR Legacy) — Beef, loin, tenderloin roast, separable lean only, boneless, trimmed to 0"" fat, select, cooked, roasted",,"Beef, loin, tenderloin roast, separable lean only, cooked, roasted — référence viande de boeuf maigre rôtie, morceau non distingué.",Moyen,2026-08-04
6105,"Boeuf, faux-filet rôti/cuit au four",Vitamine_K1_µg_100g,,1.6,µg,"USDA FoodData Central (SR Legacy) — Beef, loin, tenderloin roast, separable lean only, boneless, trimmed to 0"" fat, select, cooked, roasted",,"Beef, loin, tenderloin roast, separable lean only, cooked, roasted — référence viande de boeuf maigre rôtie, morceau non distingué.",Moyen,2026-08-04
6105,"Boeuf, faux-filet rôti/cuit au four",Vitamine_B9_µg_100g,,7.0,µg,"USDA FoodData Central (SR Legacy) — Beef, loin, tenderloin roast, separable lean only, boneless, trimmed to 0"" fat, select, cooked, roasted",,"Beef, loin, tenderloin roast, separable lean only, cooked, roasted — référence viande de boeuf maigre rôtie, morceau non distingué.",Moyen,2026-08-04
6105,"Boeuf, faux-filet rôti/cuit au four",Vitamine_D_µg_100g,,0.1,µg,"USDA FoodData Central (SR Legacy) — Beef, loin, tenderloin roast, separable lean only, boneless, trimmed to 0"" fat, select, cooked, roasted",,"Beef, loin, tenderloin roast, separable lean only, cooked, roasted — référence viande de boeuf maigre rôtie, morceau non distingué.",Moyen,2026-08-04
6105,"Boeuf, faux-filet rôti/cuit au four",Beta-Carotène_µg_100g,,0.0,µg,"USDA FoodData Central (SR Legacy) — Beef, loin, tenderloin roast, separable lean only, boneless, trimmed to 0"" fat, select, cooked, roasted",,"Beef, loin, tenderloin roast, separable lean only, cooked, roasted — référence viande de boeuf maigre rôtie, morceau non distingué.",Moyen,2026-08-04
6116,"Boeuf, filet cru",Vitamine_E_mg_100g,,0.33,mg,"USDA FoodData Central (SR Legacy) — Beef, top sirloin, steak, separable lean only, trimmed to 1/8"" fat, choice, raw",,"Beef, top sirloin, steak, separable lean only, choice, raw — référence viande de boeuf maigre crue, morceau non distingué.",Moyen,2026-08-04
6116,"Boeuf, filet cru",Vitamine_K1_µg_100g,,1.3,µg,"USDA FoodData Central (SR Legacy) — Beef, top sirloin, steak, separable lean only, trimmed to 1/8"" fat, choice, raw",,"Beef, top sirloin, steak, separable lean only, choice, raw — référence viande de boeuf maigre crue, morceau non distingué.",Moyen,2026-08-04
6116,"Boeuf, filet cru",Vitamine_B9_µg_100g,,13.0,µg,"USDA FoodData Central (SR Legacy) — Beef, top sirloin, steak, separable lean only, trimmed to 1/8"" fat, choice, raw",,"Beef, top sirloin, steak, separable lean only, choice, raw — référence viande de boeuf maigre crue, morceau non distingué.",Moyen,2026-08-04
6116,"Boeuf, filet cru",Vitamine_D_µg_100g,,0.1,µg,"USDA FoodData Central (SR Legacy) — Beef, top sirloin, steak, separable lean only, trimmed to 1/8"" fat, choice, raw",,"Beef, top sirloin, steak, separable lean only, choice, raw — référence viande de boeuf maigre crue, morceau non distingué.",Moyen,2026-08-04
6116,"Boeuf, filet cru",Beta-Carotène_µg_100g,,0.0,µg,"USDA FoodData Central (SR Legacy) — Beef, top sirloin, steak, separable lean only, trimmed to 1/8"" fat, choice, raw",,"Beef, top sirloin, steak, separable lean only, choice, raw — référence viande de boeuf maigre crue, morceau non distingué.",Moyen,2026-08-04
6102,"Boeuf, gîte à la noix cru",Vitamine_E_mg_100g,,0.33,mg,"USDA FoodData Central (SR Legacy) — Beef, top sirloin, steak, separable lean only, trimmed to 1/8"" fat, choice, raw",,"Beef, top sirloin, steak, separable lean only, choice, raw — référence viande de boeuf maigre crue, morceau non distingué.",Moyen,2026-08-04
6104,"Boeuf, gîte à la noix cuit",Vitamine_E_mg_100g,,0.11,mg,"USDA FoodData Central (SR Legacy) — Beef, chuck for stew, separable lean and fat, all grades, cooked, braised",,"Beef, chuck for stew, separable lean and fat, all grades, cooked, braised — référence viande de boeuf braisée/bouillie, morceau à braiser typique.",Moyen,2026-08-04
6104,"Boeuf, gîte à la noix cuit",Vitamine_K1_µg_100g,,1.6,µg,"USDA FoodData Central (SR Legacy) — Beef, chuck for stew, separable lean and fat, all grades, cooked, braised",,"Beef, chuck for stew, separable lean and fat, all grades, cooked, braised — référence viande de boeuf braisée/bouillie, morceau à braiser typique.",Moyen,2026-08-04
6104,"Boeuf, gîte à la noix cuit",Vitamine_B9_µg_100g,,8.0,µg,"USDA FoodData Central (SR Legacy) — Beef, chuck for stew, separable lean and fat, all grades, cooked, braised",,"Beef, chuck for stew, separable lean and fat, all grades, cooked, braised — référence viande de boeuf braisée/bouillie, morceau à braiser typique.",Moyen,2026-08-04
6104,"Boeuf, gîte à la noix cuit",Vitamine_D_µg_100g,,0.1,µg,"USDA FoodData Central (SR Legacy) — Beef, chuck for stew, separable lean and fat, all grades, cooked, braised",,"Beef, chuck for stew, separable lean and fat, all grades, cooked, braised — référence viande de boeuf braisée/bouillie, morceau à braiser typique.",Moyen,2026-08-04
6104,"Boeuf, gîte à la noix cuit",Vitamine_B12_µg_100g,,2.73,µg,"USDA FoodData Central (SR Legacy) — Beef, chuck for stew, separable lean and fat, all grades, cooked, braised",,"Beef, chuck for stew, separable lean and fat, all grades, cooked, braised — référence viande de boeuf braisée/bouillie, morceau à braiser typique.",Moyen,2026-08-04
6104,"Boeuf, gîte à la noix cuit",Sélénium_µg_100g,,34.6,µg,"USDA FoodData Central (SR Legacy) — Beef, chuck for stew, separable lean and fat, all grades, cooked, braised",,"Beef, chuck for stew, separable lean and fat, all grades, cooked, braised — référence viande de boeuf braisée/bouillie, morceau à braiser typique.",Moyen,2026-08-04
6104,"Boeuf, gîte à la noix cuit",Beta-Carotène_µg_100g,,0.0,µg,"USDA FoodData Central (SR Legacy) — Beef, chuck for stew, separable lean and fat, all grades, cooked, braised",,"Beef, chuck for stew, separable lean and fat, all grades, cooked, braised — référence viande de boeuf braisée/bouillie, morceau à braiser typique.",Moyen,2026-08-04
6130,"Boeuf, hampe crue",Vitamine_E_mg_100g,,0.33,mg,"USDA FoodData Central (SR Legacy) — Beef, top sirloin, steak, separable lean only, trimmed to 1/8"" fat, choice, raw",,"Beef, top sirloin, steak, separable lean only, choice, raw — référence viande de boeuf maigre crue, morceau non distingué.",Moyen,2026-08-04
6131,"Boeuf, hampe grillée/poêlée",Vitamine_E_mg_100g,,0.4,mg,"USDA FoodData Central (SR Legacy) — Beef, top sirloin, steak, separable lean only, trimmed to 0"" fat, choice, cooked, broiled",,"Beef, top sirloin, steak, separable lean only, choice, cooked, broiled — référence viande de boeuf maigre grillée, morceau non distingué.",Moyen,2026-08-04
6131,"Boeuf, hampe grillée/poêlée",Vitamine_K1_µg_100g,,1.4,µg,"USDA FoodData Central (SR Legacy) — Beef, top sirloin, steak, separable lean only, trimmed to 0"" fat, choice, cooked, broiled",,"Beef, top sirloin, steak, separable lean only, choice, cooked, broiled — référence viande de boeuf maigre grillée, morceau non distingué.",Moyen,2026-08-04
6131,"Boeuf, hampe grillée/poêlée",Vitamine_B9_µg_100g,,10.0,µg,"USDA FoodData Central (SR Legacy) — Beef, top sirloin, steak, separable lean only, trimmed to 0"" fat, choice, cooked, broiled",,"Beef, top sirloin, steak, separable lean only, choice, cooked, broiled — référence viande de boeuf maigre grillée, morceau non distingué.",Moyen,2026-08-04
6131,"Boeuf, hampe grillée/poêlée",Beta-Carotène_µg_100g,,0.0,µg,"USDA FoodData Central (SR Legacy) — Beef, top sirloin, steak, separable lean only, trimmed to 0"" fat, choice, cooked, broiled",,"Beef, top sirloin, steak, separable lean only, choice, cooked, broiled — référence viande de boeuf maigre grillée, morceau non distingué.",Moyen,2026-08-04
6150,"Boeuf, jarret cru",Vitamine_E_mg_100g,,0.33,mg,"USDA FoodData Central (SR Legacy) — Beef, top sirloin, steak, separable lean only, trimmed to 1/8"" fat, choice, raw",,"Beef, top sirloin, steak, separable lean only, choice, raw — référence viande de boeuf maigre crue, morceau non distingué.",Moyen,2026-08-04
6150,"Boeuf, jarret cru",Vitamine_K1_µg_100g,,1.3,µg,"USDA FoodData Central (SR Legacy) — Beef, top sirloin, steak, separable lean only, trimmed to 1/8"" fat, choice, raw",,"Beef, top sirloin, steak, separable lean only, choice, raw — référence viande de boeuf maigre crue, morceau non distingué.",Moyen,2026-08-04
6150,"Boeuf, jarret cru",Vitamine_B9_µg_100g,,13.0,µg,"USDA FoodData Central (SR Legacy) — Beef, top sirloin, steak, separable lean only, trimmed to 1/8"" fat, choice, raw",,"Beef, top sirloin, steak, separable lean only, choice, raw — référence viande de boeuf maigre crue, morceau non distingué.",Moyen,2026-08-04
6150,"Boeuf, jarret cru",Vitamine_D_µg_100g,,0.1,µg,"USDA FoodData Central (SR Legacy) — Beef, top sirloin, steak, separable lean only, trimmed to 1/8"" fat, choice, raw",,"Beef, top sirloin, steak, separable lean only, choice, raw — référence viande de boeuf maigre crue, morceau non distingué.",Moyen,2026-08-04
6150,"Boeuf, jarret cru",Vitamine_B12_µg_100g,,1.19,µg,"USDA FoodData Central (SR Legacy) — Beef, top sirloin, steak, separable lean only, trimmed to 1/8"" fat, choice, raw",,"Beef, top sirloin, steak, separable lean only, choice, raw — référence viande de boeuf maigre crue, morceau non distingué.",Moyen,2026-08-04
6150,"Boeuf, jarret cru",Sélénium_µg_100g,,25.5,µg,"USDA FoodData Central (SR Legacy) — Beef, top sirloin, steak, separable lean only, trimmed to 1/8"" fat, choice, raw",,"Beef, top sirloin, steak, separable lean only, choice, raw — référence viande de boeuf maigre crue, morceau non distingué.",Moyen,2026-08-04
6150,"Boeuf, jarret cru",Beta-Carotène_µg_100g,,0.0,µg,"USDA FoodData Central (SR Legacy) — Beef, top sirloin, steak, separable lean only, trimmed to 1/8"" fat, choice, raw",,"Beef, top sirloin, steak, separable lean only, choice, raw — référence viande de boeuf maigre crue, morceau non distingué.",Moyen,2026-08-04
6140,"Boeuf, joue crue",Vitamine_E_mg_100g,,0.33,mg,"USDA FoodData Central (SR Legacy) — Beef, top sirloin, steak, separable lean only, trimmed to 1/8"" fat, choice, raw",,"Beef, top sirloin, steak, separable lean only, choice, raw — référence viande de boeuf maigre crue, morceau non distingué.",Moyen,2026-08-04
6140,"Boeuf, joue crue",Vitamine_K1_µg_100g,,1.3,µg,"USDA FoodData Central (SR Legacy) — Beef, top sirloin, steak, separable lean only, trimmed to 1/8"" fat, choice, raw",,"Beef, top sirloin, steak, separable lean only, choice, raw — référence viande de boeuf maigre crue, morceau non distingué.",Moyen,2026-08-04
6140,"Boeuf, joue crue",Vitamine_B9_µg_100g,,13.0,µg,"USDA FoodData Central (SR Legacy) — Beef, top sirloin, steak, separable lean only, trimmed to 1/8"" fat, choice, raw",,"Beef, top sirloin, steak, separable lean only, choice, raw — référence viande de boeuf maigre crue, morceau non distingué.",Moyen,2026-08-04
6140,"Boeuf, joue crue",Vitamine_D_µg_100g,,0.1,µg,"USDA FoodData Central (SR Legacy) — Beef, top sirloin, steak, separable lean only, trimmed to 1/8"" fat, choice, raw",,"Beef, top sirloin, steak, separable lean only, choice, raw — référence viande de boeuf maigre crue, morceau non distingué.",Moyen,2026-08-04
6140,"Boeuf, joue crue",Beta-Carotène_µg_100g,,0.0,µg,"USDA FoodData Central (SR Legacy) — Beef, top sirloin, steak, separable lean only, trimmed to 1/8"" fat, choice, raw",,"Beef, top sirloin, steak, separable lean only, choice, raw — référence viande de boeuf maigre crue, morceau non distingué.",Moyen,2026-08-04
6141,"Boeuf, joue, braisée ou bouillie/cuite à l'eau",Vitamine_E_mg_100g,,0.11,mg,"USDA FoodData Central (SR Legacy) — Beef, chuck for stew, separable lean and fat, all grades, cooked, braised",,"Beef, chuck for stew, separable lean and fat, all grades, cooked, braised — référence viande de boeuf braisée/bouillie, morceau à braiser typique.",Moyen,2026-08-04
6141,"Boeuf, joue, braisée ou bouillie/cuite à l'eau",Vitamine_K1_µg_100g,,1.6,µg,"USDA FoodData Central (SR Legacy) — Beef, chuck for stew, separable lean and fat, all grades, cooked, braised",,"Beef, chuck for stew, separable lean and fat, all grades, cooked, braised — référence viande de boeuf braisée/bouillie, morceau à braiser typique.",Moyen,2026-08-04
6141,"Boeuf, joue, braisée ou bouillie/cuite à l'eau",Vitamine_B9_µg_100g,,8.0,µg,"USDA FoodData Central (SR Legacy) — Beef, chuck for stew, separable lean and fat, all grades, cooked, braised",,"Beef, chuck for stew, separable lean and fat, all grades, cooked, braised — référence viande de boeuf braisée/bouillie, morceau à braiser typique.",Moyen,2026-08-04
6141,"Boeuf, joue, braisée ou bouillie/cuite à l'eau",Vitamine_D_µg_100g,,0.1,µg,"USDA FoodData Central (SR Legacy) — Beef, chuck for stew, separable lean and fat, all grades, cooked, braised",,"Beef, chuck for stew, separable lean and fat, all grades, cooked, braised — référence viande de boeuf braisée/bouillie, morceau à braiser typique.",Moyen,2026-08-04
6141,"Boeuf, joue, braisée ou bouillie/cuite à l'eau",Beta-Carotène_µg_100g,,0.0,µg,"USDA FoodData Central (SR Legacy) — Beef, chuck for stew, separable lean and fat, all grades, cooked, braised",,"Beef, chuck for stew, separable lean and fat, all grades, cooked, braised — référence viande de boeuf braisée/bouillie, morceau à braiser typique.",Moyen,2026-08-04
6204,"Boeuf, onglet cru",Vitamine_E_mg_100g,,0.33,mg,"USDA FoodData Central (SR Legacy) — Beef, top sirloin, steak, separable lean only, trimmed to 1/8"" fat, choice, raw",,"Beef, top sirloin, steak, separable lean only, choice, raw — référence viande de boeuf maigre crue, morceau non distingué.",Moyen,2026-08-04
6204,"Boeuf, onglet cru",Vitamine_K1_µg_100g,,1.3,µg,"USDA FoodData Central (SR Legacy) — Beef, top sirloin, steak, separable lean only, trimmed to 1/8"" fat, choice, raw",,"Beef, top sirloin, steak, separable lean only, choice, raw — référence viande de boeuf maigre crue, morceau non distingué.",Moyen,2026-08-04
6204,"Boeuf, onglet cru",Vitamine_B9_µg_100g,,13.0,µg,"USDA FoodData Central (SR Legacy) — Beef, top sirloin, steak, separable lean only, trimmed to 1/8"" fat, choice, raw",,"Beef, top sirloin, steak, separable lean only, choice, raw — référence viande de boeuf maigre crue, morceau non distingué.",Moyen,2026-08-04
6204,"Boeuf, onglet cru",Vitamine_D_µg_100g,,0.1,µg,"USDA FoodData Central (SR Legacy) — Beef, top sirloin, steak, separable lean only, trimmed to 1/8"" fat, choice, raw",,"Beef, top sirloin, steak, separable lean only, choice, raw — référence viande de boeuf maigre crue, morceau non distingué.",Moyen,2026-08-04
6204,"Boeuf, onglet cru",Beta-Carotène_µg_100g,,0.0,µg,"USDA FoodData Central (SR Legacy) — Beef, top sirloin, steak, separable lean only, trimmed to 1/8"" fat, choice, raw",,"Beef, top sirloin, steak, separable lean only, choice, raw — référence viande de boeuf maigre crue, morceau non distingué.",Moyen,2026-08-04
6270,"Boeuf, paleron cru",Vitamine_E_mg_100g,,0.33,mg,"USDA FoodData Central (SR Legacy) — Beef, top sirloin, steak, separable lean only, trimmed to 1/8"" fat, choice, raw",,"Beef, top sirloin, steak, separable lean only, choice, raw — référence viande de boeuf maigre crue, morceau non distingué.",Moyen,2026-08-04
6271,"Boeuf, paleron, braisé ou bouilli/cuit à l'eau",Vitamine_E_mg_100g,,0.11,mg,"USDA FoodData Central (SR Legacy) — Beef, chuck for stew, separable lean and fat, all grades, cooked, braised",,"Beef, chuck for stew, separable lean and fat, all grades, cooked, braised — référence viande de boeuf braisée/bouillie, morceau à braiser typique.",Moyen,2026-08-04
6123,"Boeuf, plat de côtes braisé ou bouilli/cuit à l'eau",Vitamine_E_mg_100g,,0.11,mg,"USDA FoodData Central (SR Legacy) — Beef, chuck for stew, separable lean and fat, all grades, cooked, braised",,"Beef, chuck for stew, separable lean and fat, all grades, cooked, braised — référence viande de boeuf braisée/bouillie, morceau à braiser typique.",Moyen,2026-08-04
6122,"Boeuf, plat de côtes cru",Vitamine_E_mg_100g,,0.33,mg,"USDA FoodData Central (SR Legacy) — Beef, top sirloin, steak, separable lean only, trimmed to 1/8"" fat, choice, raw",,"Beef, top sirloin, steak, separable lean only, choice, raw — référence viande de boeuf maigre crue, morceau non distingué.",Moyen,2026-08-04
6122,"Boeuf, plat de côtes cru",Vitamine_K1_µg_100g,,1.3,µg,"USDA FoodData Central (SR Legacy) — Beef, top sirloin, steak, separable lean only, trimmed to 1/8"" fat, choice, raw",,"Beef, top sirloin, steak, separable lean only, choice, raw — référence viande de boeuf maigre crue, morceau non distingué.",Moyen,2026-08-04
6122,"Boeuf, plat de côtes cru",Vitamine_D_µg_100g,,0.1,µg,"USDA FoodData Central (SR Legacy) — Beef, top sirloin, steak, separable lean only, trimmed to 1/8"" fat, choice, raw",,"Beef, top sirloin, steak, separable lean only, choice, raw — référence viande de boeuf maigre crue, morceau non distingué.",Moyen,2026-08-04
6122,"Boeuf, plat de côtes cru",Beta-Carotène_µg_100g,,0.0,µg,"USDA FoodData Central (SR Legacy) — Beef, top sirloin, steak, separable lean only, trimmed to 1/8"" fat, choice, raw",,"Beef, top sirloin, steak, separable lean only, choice, raw — référence viande de boeuf maigre crue, morceau non distingué.",Moyen,2026-08-04
6106,"Boeuf, rond de gîte cru",Vitamine_E_mg_100g,,0.33,mg,"USDA FoodData Central (SR Legacy) — Beef, top sirloin, steak, separable lean only, trimmed to 1/8"" fat, choice, raw",,"Beef, top sirloin, steak, separable lean only, choice, raw — référence viande de boeuf maigre crue, morceau non distingué.",Moyen,2026-08-04
6106,"Boeuf, rond de gîte cru",Vitamine_K1_µg_100g,,1.3,µg,"USDA FoodData Central (SR Legacy) — Beef, top sirloin, steak, separable lean only, trimmed to 1/8"" fat, choice, raw",,"Beef, top sirloin, steak, separable lean only, choice, raw — référence viande de boeuf maigre crue, morceau non distingué.",Moyen,2026-08-04
6106,"Boeuf, rond de gîte cru",Vitamine_B9_µg_100g,,13.0,µg,"USDA FoodData Central (SR Legacy) — Beef, top sirloin, steak, separable lean only, trimmed to 1/8"" fat, choice, raw",,"Beef, top sirloin, steak, separable lean only, choice, raw — référence viande de boeuf maigre crue, morceau non distingué.",Moyen,2026-08-04
6106,"Boeuf, rond de gîte cru",Vitamine_D_µg_100g,,0.1,µg,"USDA FoodData Central (SR Legacy) — Beef, top sirloin, steak, separable lean only, trimmed to 1/8"" fat, choice, raw",,"Beef, top sirloin, steak, separable lean only, choice, raw — référence viande de boeuf maigre crue, morceau non distingué.",Moyen,2026-08-04
6106,"Boeuf, rond de gîte cru",Beta-Carotène_µg_100g,,0.0,µg,"USDA FoodData Central (SR Legacy) — Beef, top sirloin, steak, separable lean only, trimmed to 1/8"" fat, choice, raw",,"Beef, top sirloin, steak, separable lean only, choice, raw — référence viande de boeuf maigre crue, morceau non distingué.",Moyen,2026-08-04
6210,"Boeuf, rosbif rôti/cuit au four",Vitamine_E_mg_100g,,0.25,mg,"USDA FoodData Central (SR Legacy) — Beef, loin, tenderloin roast, separable lean only, boneless, trimmed to 0"" fat, select, cooked, roasted",,"Beef, loin, tenderloin roast, separable lean only, cooked, roasted — référence viande de boeuf maigre rôtie, morceau non distingué.",Moyen,2026-08-04
6210,"Boeuf, rosbif rôti/cuit au four",Vitamine_K1_µg_100g,,1.6,µg,"USDA FoodData Central (SR Legacy) — Beef, loin, tenderloin roast, separable lean only, boneless, trimmed to 0"" fat, select, cooked, roasted",,"Beef, loin, tenderloin roast, separable lean only, cooked, roasted — référence viande de boeuf maigre rôtie, morceau non distingué.",Moyen,2026-08-04
6210,"Boeuf, rosbif rôti/cuit au four",Beta-Carotène_µg_100g,,0.0,µg,"USDA FoodData Central (SR Legacy) — Beef, loin, tenderloin roast, separable lean only, boneless, trimmed to 0"" fat, select, cooked, roasted",,"Beef, loin, tenderloin roast, separable lean only, cooked, roasted — référence viande de boeuf maigre rôtie, morceau non distingué.",Moyen,2026-08-04
6206,"Boeuf, rumsteck cru",Vitamine_E_mg_100g,,0.33,mg,"USDA FoodData Central (SR Legacy) — Beef, top sirloin, steak, separable lean only, trimmed to 1/8"" fat, choice, raw",,"Beef, top sirloin, steak, separable lean only, choice, raw — référence viande de boeuf maigre crue, morceau non distingué.",Moyen,2026-08-04
6207,"Boeuf, rumsteck grillé/poêlé",Vitamine_E_mg_100g,,0.4,mg,"USDA FoodData Central (SR Legacy) — Beef, top sirloin, steak, separable lean only, trimmed to 0"" fat, choice, cooked, broiled",,"Beef, top sirloin, steak, separable lean only, choice, cooked, broiled — référence viande de boeuf maigre grillée, morceau non distingué.",Moyen,2026-08-04
6207,"Boeuf, rumsteck grillé/poêlé",Vitamine_K1_µg_100g,,1.4,µg,"USDA FoodData Central (SR Legacy) — Beef, top sirloin, steak, separable lean only, trimmed to 0"" fat, choice, cooked, broiled",,"Beef, top sirloin, steak, separable lean only, choice, cooked, broiled — référence viande de boeuf maigre grillée, morceau non distingué.",Moyen,2026-08-04
6207,"Boeuf, rumsteck grillé/poêlé",Vitamine_B9_µg_100g,,10.0,µg,"USDA FoodData Central (SR Legacy) — Beef, top sirloin, steak, separable lean only, trimmed to 0"" fat, choice, cooked, broiled",,"Beef, top sirloin, steak, separable lean only, choice, cooked, broiled — référence viande de boeuf maigre grillée, morceau non distingué.",Moyen,2026-08-04
6207,"Boeuf, rumsteck grillé/poêlé",Beta-Carotène_µg_100g,,0.0,µg,"USDA FoodData Central (SR Legacy) — Beef, top sirloin, steak, separable lean only, trimmed to 0"" fat, choice, cooked, broiled",,"Beef, top sirloin, steak, separable lean only, choice, cooked, broiled — référence viande de boeuf maigre grillée, morceau non distingué.",Moyen,2026-08-04
6201,"Boeuf, steak ou bifteck cru",Vitamine_E_mg_100g,,0.33,mg,"USDA FoodData Central (SR Legacy) — Beef, top sirloin, steak, separable lean only, trimmed to 1/8"" fat, choice, raw",,"Beef, top sirloin, steak, separable lean only, choice, raw — référence viande de boeuf maigre crue, morceau non distingué.",Moyen,2026-08-04
6200,"Boeuf, steak ou bifteck grillé/poêlé",Vitamine_E_mg_100g,,0.4,mg,"USDA FoodData Central (SR Legacy) — Beef, top sirloin, steak, separable lean only, trimmed to 0"" fat, choice, cooked, broiled",,"Beef, top sirloin, steak, separable lean only, choice, cooked, broiled — référence viande de boeuf maigre grillée, morceau non distingué.",Moyen,2026-08-04
6200,"Boeuf, steak ou bifteck grillé/poêlé",Vitamine_K1_µg_100g,,1.4,µg,"USDA FoodData Central (SR Legacy) — Beef, top sirloin, steak, separable lean only, trimmed to 0"" fat, choice, cooked, broiled",,"Beef, top sirloin, steak, separable lean only, choice, cooked, broiled — référence viande de boeuf maigre grillée, morceau non distingué.",Moyen,2026-08-04
6200,"Boeuf, steak ou bifteck grillé/poêlé",Vitamine_B9_µg_100g,,10.0,µg,"USDA FoodData Central (SR Legacy) — Beef, top sirloin, steak, separable lean only, trimmed to 0"" fat, choice, cooked, broiled",,"Beef, top sirloin, steak, separable lean only, choice, cooked, broiled — référence viande de boeuf maigre grillée, morceau non distingué.",Moyen,2026-08-04
6160,"Boeuf, tende de tranche crue",Vitamine_E_mg_100g,,0.33,mg,"USDA FoodData Central (SR Legacy) — Beef, top sirloin, steak, separable lean only, trimmed to 1/8"" fat, choice, raw",,"Beef, top sirloin, steak, separable lean only, choice, raw — référence viande de boeuf maigre crue, morceau non distingué.",Moyen,2026-08-04
6161,"Boeuf, tende de tranche grillée/poêlée",Vitamine_E_mg_100g,,0.4,mg,"USDA FoodData Central (SR Legacy) — Beef, top sirloin, steak, separable lean only, trimmed to 0"" fat, choice, cooked, broiled",,"Beef, top sirloin, steak, separable lean only, choice, cooked, broiled — référence viande de boeuf maigre grillée, morceau non distingué.",Moyen,2026-08-04
6161,"Boeuf, tende de tranche grillée/poêlée",Vitamine_K1_µg_100g,,1.4,µg,"USDA FoodData Central (SR Legacy) — Beef, top sirloin, steak, separable lean only, trimmed to 0"" fat, choice, cooked, broiled",,"Beef, top sirloin, steak, separable lean only, choice, cooked, broiled — référence viande de boeuf maigre grillée, morceau non distingué.",Moyen,2026-08-04
6161,"Boeuf, tende de tranche grillée/poêlée",Vitamine_B9_µg_100g,,10.0,µg,"USDA FoodData Central (SR Legacy) — Beef, top sirloin, steak, separable lean only, trimmed to 0"" fat, choice, cooked, broiled",,"Beef, top sirloin, steak, separable lean only, choice, cooked, broiled — référence viande de boeuf maigre grillée, morceau non distingué.",Moyen,2026-08-04
6161,"Boeuf, tende de tranche grillée/poêlée",Beta-Carotène_µg_100g,,0.0,µg,"USDA FoodData Central (SR Legacy) — Beef, top sirloin, steak, separable lean only, trimmed to 0"" fat, choice, cooked, broiled",,"Beef, top sirloin, steak, separable lean only, choice, cooked, broiled — référence viande de boeuf maigre grillée, morceau non distingué.",Moyen,2026-08-04
6162,"Boeuf, tende de tranche rôtie/cuite au four",Vitamine_E_mg_100g,,0.25,mg,"USDA FoodData Central (SR Legacy) — Beef, loin, tenderloin roast, separable lean only, boneless, trimmed to 0"" fat, select, cooked, roasted",,"Beef, loin, tenderloin roast, separable lean only, cooked, roasted — référence viande de boeuf maigre rôtie, morceau non distingué.",Moyen,2026-08-04
6162,"Boeuf, tende de tranche rôtie/cuite au four",Vitamine_K1_µg_100g,,1.6,µg,"USDA FoodData Central (SR Legacy) — Beef, loin, tenderloin roast, separable lean only, boneless, trimmed to 0"" fat, select, cooked, roasted",,"Beef, loin, tenderloin roast, separable lean only, cooked, roasted — référence viande de boeuf maigre rôtie, morceau non distingué.",Moyen,2026-08-04
6162,"Boeuf, tende de tranche rôtie/cuite au four",Vitamine_B9_µg_100g,,7.0,µg,"USDA FoodData Central (SR Legacy) — Beef, loin, tenderloin roast, separable lean only, boneless, trimmed to 0"" fat, select, cooked, roasted",,"Beef, loin, tenderloin roast, separable lean only, cooked, roasted — référence viande de boeuf maigre rôtie, morceau non distingué.",Moyen,2026-08-04
6162,"Boeuf, tende de tranche rôtie/cuite au four",Vitamine_D_µg_100g,,0.1,µg,"USDA FoodData Central (SR Legacy) — Beef, loin, tenderloin roast, separable lean only, boneless, trimmed to 0"" fat, select, cooked, roasted",,"Beef, loin, tenderloin roast, separable lean only, cooked, roasted — référence viande de boeuf maigre rôtie, morceau non distingué.",Moyen,2026-08-04
6162,"Boeuf, tende de tranche rôtie/cuite au four",Beta-Carotène_µg_100g,,0.0,µg,"USDA FoodData Central (SR Legacy) — Beef, loin, tenderloin roast, separable lean only, boneless, trimmed to 0"" fat, select, cooked, roasted",,"Beef, loin, tenderloin roast, separable lean only, cooked, roasted — référence viande de boeuf maigre rôtie, morceau non distingué.",Moyen,2026-08-04
21800,"Chevreau, viande crue",Sélénium_µg_100g,,8.8,µg,"USDA FoodData Central (SR Legacy) — Game meat, goat, raw",,"Game meat, goat, raw — chevreau = jeune chèvre, l'USDA ne distingue pas l'âge, proxy chèvre adulte.",Moyen,2026-08-04
21801,"Chevreau, viande cuite",Vitamine_E_mg_100g,,0.34,mg,"USDA FoodData Central (SR Legacy) — Game meat, goat, cooked, roasted",,"Game meat, goat, cooked, roasted — même proxy.",Moyen,2026-08-04
21801,"Chevreau, viande cuite",Sélénium_µg_100g,,11.8,µg,"USDA FoodData Central (SR Legacy) — Game meat, goat, cooked, roasted",,"Game meat, goat, cooked, roasted — même proxy.",Moyen,2026-08-04
21007,"Mouton, gigot rôti/cuit au four",Vitamine_E_mg_100g,,0.8,mg,"USDA FoodData Central (SR Legacy) — Mutton, cooked, roasted (Navajo)",,"Mutton, cooked, roasted (Navajo) — seule entrée USDA ""mouton"" disponible (pas de version crue).",Moyen,2026-08-04
21007,"Mouton, gigot rôti/cuit au four",Vitamine_B9_µg_100g,,0.0,µg,"USDA FoodData Central (SR Legacy) — Mutton, cooked, roasted (Navajo)",,"Mutton, cooked, roasted (Navajo) — seule entrée USDA ""mouton"" disponible (pas de version crue).",Moyen,2026-08-04
21007,"Mouton, gigot rôti/cuit au four",Vitamine_B12_µg_100g,,4.44,µg,"USDA FoodData Central (SR Legacy) — Mutton, cooked, roasted (Navajo)",,"Mutton, cooked, roasted (Navajo) — seule entrée USDA ""mouton"" disponible (pas de version crue).",Moyen,2026-08-04
21007,"Mouton, gigot rôti/cuit au four",Sélénium_µg_100g,,38.0,µg,"USDA FoodData Central (SR Legacy) — Mutton, cooked, roasted (Navajo)",,"Mutton, cooked, roasted (Navajo) — seule entrée USDA ""mouton"" disponible (pas de version crue).",Moyen,2026-08-04
6513,"Veau, carré cru",Vitamine_E_mg_100g,,0.27,mg,"USDA FoodData Central (SR Legacy) — Veal, loin, separable lean only, raw",,"Veal, loin, separable lean only, raw — référence viande de veau maigre crue, morceau non distingué.",Moyen,2026-08-04
6513,"Veau, carré cru",Sélénium_µg_100g,,18.0,µg,"USDA FoodData Central (SR Legacy) — Veal, loin, separable lean only, raw",,"Veal, loin, separable lean only, raw — référence viande de veau maigre crue, morceau non distingué.",Moyen,2026-08-04
6590,"Veau, collier cru",Vitamine_E_mg_100g,,0.27,mg,"USDA FoodData Central (SR Legacy) — Veal, loin, separable lean only, raw",,"Veal, loin, separable lean only, raw — référence viande de veau maigre crue, morceau non distingué.",Moyen,2026-08-04
6590,"Veau, collier cru",Vitamine_K1_µg_100g,,1.1,µg,"USDA FoodData Central (SR Legacy) — Veal, loin, separable lean only, raw",,"Veal, loin, separable lean only, raw — référence viande de veau maigre crue, morceau non distingué.",Moyen,2026-08-04
6590,"Veau, collier cru",Vitamine_B9_µg_100g,,3.0,µg,"USDA FoodData Central (SR Legacy) — Veal, loin, separable lean only, raw",,"Veal, loin, separable lean only, raw — référence viande de veau maigre crue, morceau non distingué.",Moyen,2026-08-04
6590,"Veau, collier cru",Vitamine_D_µg_100g,,1.2,µg,"USDA FoodData Central (SR Legacy) — Veal, loin, separable lean only, raw",,"Veal, loin, separable lean only, raw — référence viande de veau maigre crue, morceau non distingué.",Moyen,2026-08-04
6590,"Veau, collier cru",Beta-Carotène_µg_100g,,0.0,µg,"USDA FoodData Central (SR Legacy) — Veal, loin, separable lean only, raw",,"Veal, loin, separable lean only, raw — référence viande de veau maigre crue, morceau non distingué.",Moyen,2026-08-04
6510,"Veau, côte crue",Vitamine_E_mg_100g,,0.27,mg,"USDA FoodData Central (SR Legacy) — Veal, loin, separable lean only, raw",,"Veal, loin, separable lean only, raw — référence viande de veau maigre crue, morceau non distingué.",Moyen,2026-08-04
6510,"Veau, côte crue",Vitamine_K1_µg_100g,,1.1,µg,"USDA FoodData Central (SR Legacy) — Veal, loin, separable lean only, raw",,"Veal, loin, separable lean only, raw — référence viande de veau maigre crue, morceau non distingué.",Moyen,2026-08-04
6510,"Veau, côte crue",Vitamine_D_µg_100g,,1.2,µg,"USDA FoodData Central (SR Legacy) — Veal, loin, separable lean only, raw",,"Veal, loin, separable lean only, raw — référence viande de veau maigre crue, morceau non distingué.",Moyen,2026-08-04
6510,"Veau, côte crue",Beta-Carotène_µg_100g,,0.0,µg,"USDA FoodData Central (SR Legacy) — Veal, loin, separable lean only, raw",,"Veal, loin, separable lean only, raw — référence viande de veau maigre crue, morceau non distingué.",Moyen,2026-08-04
6563,"Veau, épaule braisée ou bouillie",Vitamine_E_mg_100g,,0.42,mg,"USDA FoodData Central (SR Legacy) — Veal, loin, separable lean only, cooked, braised",,"Veal, loin, separable lean only, cooked, braised — référence viande de veau braisée.",Moyen,2026-08-04
6563,"Veau, épaule braisée ou bouillie",Vitamine_K1_µg_100g,,7.0,µg,"USDA FoodData Central (SR Legacy) — Veal, loin, separable lean only, cooked, braised",,"Veal, loin, separable lean only, cooked, braised — référence viande de veau braisée.",Moyen,2026-08-04
6563,"Veau, épaule braisée ou bouillie",Vitamine_B9_µg_100g,,15.0,µg,"USDA FoodData Central (SR Legacy) — Veal, loin, separable lean only, cooked, braised",,"Veal, loin, separable lean only, cooked, braised — référence viande de veau braisée.",Moyen,2026-08-04
6563,"Veau, épaule braisée ou bouillie",Vitamine_D_µg_100g,,0.0,µg,"USDA FoodData Central (SR Legacy) — Veal, loin, separable lean only, cooked, braised",,"Veal, loin, separable lean only, cooked, braised — référence viande de veau braisée.",Moyen,2026-08-04
6563,"Veau, épaule braisée ou bouillie",Beta-Carotène_µg_100g,,0.0,µg,"USDA FoodData Central (SR Legacy) — Veal, loin, separable lean only, cooked, braised",,"Veal, loin, separable lean only, cooked, braised — référence viande de veau braisée.",Moyen,2026-08-04
6560,"Veau, épaule crue",Vitamine_E_mg_100g,,0.27,mg,"USDA FoodData Central (SR Legacy) — Veal, loin, separable lean only, raw",,"Veal, loin, separable lean only, raw — référence viande de veau maigre crue, morceau non distingué.",Moyen,2026-08-04
6560,"Veau, épaule crue",Vitamine_K1_µg_100g,,1.1,µg,"USDA FoodData Central (SR Legacy) — Veal, loin, separable lean only, raw",,"Veal, loin, separable lean only, raw — référence viande de veau maigre crue, morceau non distingué.",Moyen,2026-08-04
6562,"Veau, épaule grillée/poêlée",Vitamine_E_mg_100g,,0.49,mg,"USDA FoodData Central (SR Legacy) — Veal, loin, separable lean only, cooked, roasted",,"Veal, loin, separable lean only, cooked, roasted — pas d'entrée ""grillé"" chez l'USDA pour le veau, proxy cuisson chaleur sèche.",Moyen,2026-08-04
6562,"Veau, épaule grillée/poêlée",Vitamine_K1_µg_100g,,5.5,µg,"USDA FoodData Central (SR Legacy) — Veal, loin, separable lean only, cooked, roasted",,"Veal, loin, separable lean only, cooked, roasted — pas d'entrée ""grillé"" chez l'USDA pour le veau, proxy cuisson chaleur sèche.",Moyen,2026-08-04
6562,"Veau, épaule grillée/poêlée",Vitamine_B9_µg_100g,,16.0,µg,"USDA FoodData Central (SR Legacy) — Veal, loin, separable lean only, cooked, roasted",,"Veal, loin, separable lean only, cooked, roasted — pas d'entrée ""grillé"" chez l'USDA pour le veau, proxy cuisson chaleur sèche.",Moyen,2026-08-04
6562,"Veau, épaule grillée/poêlée",Vitamine_D_µg_100g,,0.0,µg,"USDA FoodData Central (SR Legacy) — Veal, loin, separable lean only, cooked, roasted",,"Veal, loin, separable lean only, cooked, roasted — pas d'entrée ""grillé"" chez l'USDA pour le veau, proxy cuisson chaleur sèche.",Moyen,2026-08-04
6562,"Veau, épaule grillée/poêlée",Beta-Carotène_µg_100g,,0.0,µg,"USDA FoodData Central (SR Legacy) — Veal, loin, separable lean only, cooked, roasted",,"Veal, loin, separable lean only, cooked, roasted — pas d'entrée ""grillé"" chez l'USDA pour le veau, proxy cuisson chaleur sèche.",Moyen,2026-08-04
6530,"Veau, filet cru",Vitamine_E_mg_100g,,0.27,mg,"USDA FoodData Central (SR Legacy) — Veal, loin, separable lean only, raw",,"Veal, loin, separable lean only, raw — référence viande de veau maigre crue, morceau non distingué.",Moyen,2026-08-04
6530,"Veau, filet cru",Vitamine_K1_µg_100g,,1.1,µg,"USDA FoodData Central (SR Legacy) — Veal, loin, separable lean only, raw",,"Veal, loin, separable lean only, raw — référence viande de veau maigre crue, morceau non distingué.",Moyen,2026-08-04
6530,"Veau, filet cru",Vitamine_B9_µg_100g,,3.0,µg,"USDA FoodData Central (SR Legacy) — Veal, loin, separable lean only, raw",,"Veal, loin, separable lean only, raw — référence viande de veau maigre crue, morceau non distingué.",Moyen,2026-08-04
6530,"Veau, filet cru",Vitamine_D_µg_100g,,1.2,µg,"USDA FoodData Central (SR Legacy) — Veal, loin, separable lean only, raw",,"Veal, loin, separable lean only, raw — référence viande de veau maigre crue, morceau non distingué.",Moyen,2026-08-04
6530,"Veau, filet cru",Vitamine_B12_µg_100g,,2.65,µg,"USDA FoodData Central (SR Legacy) — Veal, loin, separable lean only, raw",,"Veal, loin, separable lean only, raw — référence viande de veau maigre crue, morceau non distingué.",Moyen,2026-08-04
6530,"Veau, filet cru",Sélénium_µg_100g,,18.0,µg,"USDA FoodData Central (SR Legacy) — Veal, loin, separable lean only, raw",,"Veal, loin, separable lean only, raw — référence viande de veau maigre crue, morceau non distingué.",Moyen,2026-08-04
6530,"Veau, filet cru",Beta-Carotène_µg_100g,,0.0,µg,"USDA FoodData Central (SR Legacy) — Veal, loin, separable lean only, raw",,"Veal, loin, separable lean only, raw — référence viande de veau maigre crue, morceau non distingué.",Moyen,2026-08-04
6531,"Veau, filet rôti/cuit au four",Vitamine_E_mg_100g,,0.49,mg,"USDA FoodData Central (SR Legacy) — Veal, loin, separable lean only, cooked, roasted",,"Veal, loin, separable lean only, cooked, roasted — référence viande de veau maigre rôtie.",Moyen,2026-08-04
6583,"Veau, jarret cru",Vitamine_E_mg_100g,,0.27,mg,"USDA FoodData Central (SR Legacy) — Veal, loin, separable lean only, raw",,"Veal, loin, separable lean only, raw — référence viande de veau maigre crue, morceau non distingué.",Moyen,2026-08-04
6583,"Veau, jarret cru",Vitamine_K1_µg_100g,,1.1,µg,"USDA FoodData Central (SR Legacy) — Veal, loin, separable lean only, raw",,"Veal, loin, separable lean only, raw — référence viande de veau maigre crue, morceau non distingué.",Moyen,2026-08-04
6583,"Veau, jarret cru",Vitamine_B9_µg_100g,,3.0,µg,"USDA FoodData Central (SR Legacy) — Veal, loin, separable lean only, raw",,"Veal, loin, separable lean only, raw — référence viande de veau maigre crue, morceau non distingué.",Moyen,2026-08-04
6583,"Veau, jarret cru",Vitamine_D_µg_100g,,1.2,µg,"USDA FoodData Central (SR Legacy) — Veal, loin, separable lean only, raw",,"Veal, loin, separable lean only, raw — référence viande de veau maigre crue, morceau non distingué.",Moyen,2026-08-04
6583,"Veau, jarret cru",Beta-Carotène_µg_100g,,0.0,µg,"USDA FoodData Central (SR Legacy) — Veal, loin, separable lean only, raw",,"Veal, loin, separable lean only, raw — référence viande de veau maigre crue, morceau non distingué.",Moyen,2026-08-04
6523,"Veau, noix grillée/poêlée",Vitamine_E_mg_100g,,0.49,mg,"USDA FoodData Central (SR Legacy) — Veal, loin, separable lean only, cooked, roasted",,"Veal, loin, separable lean only, cooked, roasted — pas d'entrée ""grillé"" chez l'USDA pour le veau, proxy cuisson chaleur sèche.",Moyen,2026-08-04
6523,"Veau, noix grillée/poêlée",Vitamine_K1_µg_100g,,5.5,µg,"USDA FoodData Central (SR Legacy) — Veal, loin, separable lean only, cooked, roasted",,"Veal, loin, separable lean only, cooked, roasted — pas d'entrée ""grillé"" chez l'USDA pour le veau, proxy cuisson chaleur sèche.",Moyen,2026-08-04
6523,"Veau, noix grillée/poêlée",Vitamine_B9_µg_100g,,16.0,µg,"USDA FoodData Central (SR Legacy) — Veal, loin, separable lean only, cooked, roasted",,"Veal, loin, separable lean only, cooked, roasted — pas d'entrée ""grillé"" chez l'USDA pour le veau, proxy cuisson chaleur sèche.",Moyen,2026-08-04
6523,"Veau, noix grillée/poêlée",Vitamine_D_µg_100g,,0.0,µg,"USDA FoodData Central (SR Legacy) — Veal, loin, separable lean only, cooked, roasted",,"Veal, loin, separable lean only, cooked, roasted — pas d'entrée ""grillé"" chez l'USDA pour le veau, proxy cuisson chaleur sèche.",Moyen,2026-08-04
6523,"Veau, noix grillée/poêlée",Beta-Carotène_µg_100g,,0.0,µg,"USDA FoodData Central (SR Legacy) — Veal, loin, separable lean only, cooked, roasted",,"Veal, loin, separable lean only, cooked, roasted — pas d'entrée ""grillé"" chez l'USDA pour le veau, proxy cuisson chaleur sèche.",Moyen,2026-08-04
6524,"Veau, noix rôtie/cuite au four",Vitamine_E_mg_100g,,0.49,mg,"USDA FoodData Central (SR Legacy) — Veal, loin, separable lean only, cooked, roasted",,"Veal, loin, separable lean only, cooked, roasted — référence viande de veau maigre rôtie.",Moyen,2026-08-04
6524,"Veau, noix rôtie/cuite au four",Vitamine_K1_µg_100g,,5.5,µg,"USDA FoodData Central (SR Legacy) — Veal, loin, separable lean only, cooked, roasted",,"Veal, loin, separable lean only, cooked, roasted — référence viande de veau maigre rôtie.",Moyen,2026-08-04
6524,"Veau, noix rôtie/cuite au four",Vitamine_B9_µg_100g,,16.0,µg,"USDA FoodData Central (SR Legacy) — Veal, loin, separable lean only, cooked, roasted",,"Veal, loin, separable lean only, cooked, roasted — référence viande de veau maigre rôtie.",Moyen,2026-08-04
6524,"Veau, noix rôtie/cuite au four",Vitamine_D_µg_100g,,0.0,µg,"USDA FoodData Central (SR Legacy) — Veal, loin, separable lean only, cooked, roasted",,"Veal, loin, separable lean only, cooked, roasted — référence viande de veau maigre rôtie.",Moyen,2026-08-04
6524,"Veau, noix rôtie/cuite au four",Beta-Carotène_µg_100g,,0.0,µg,"USDA FoodData Central (SR Legacy) — Veal, loin, separable lean only, cooked, roasted",,"Veal, loin, separable lean only, cooked, roasted — référence viande de veau maigre rôtie.",Moyen,2026-08-04
6522,"Veau, noix,crue",Vitamine_E_mg_100g,,0.27,mg,"USDA FoodData Central (SR Legacy) — Veal, loin, separable lean only, raw",,"Veal, loin, separable lean only, raw — référence viande de veau maigre crue, morceau non distingué.",Moyen,2026-08-04
6540,"Veau, poitrine crue",Vitamine_E_mg_100g,,0.27,mg,"USDA FoodData Central (SR Legacy) — Veal, loin, separable lean only, raw",,"Veal, loin, separable lean only, raw — référence viande de veau maigre crue, morceau non distingué.",Moyen,2026-08-04
6540,"Veau, poitrine crue",Vitamine_K1_µg_100g,,1.1,µg,"USDA FoodData Central (SR Legacy) — Veal, loin, separable lean only, raw",,"Veal, loin, separable lean only, raw — référence viande de veau maigre crue, morceau non distingué.",Moyen,2026-08-04
6540,"Veau, poitrine crue",Vitamine_B9_µg_100g,,3.0,µg,"USDA FoodData Central (SR Legacy) — Veal, loin, separable lean only, raw",,"Veal, loin, separable lean only, raw — référence viande de veau maigre crue, morceau non distingué.",Moyen,2026-08-04
6540,"Veau, poitrine crue",Vitamine_D_µg_100g,,1.2,µg,"USDA FoodData Central (SR Legacy) — Veal, loin, separable lean only, raw",,"Veal, loin, separable lean only, raw — référence viande de veau maigre crue, morceau non distingué.",Moyen,2026-08-04
6540,"Veau, poitrine crue",Vitamine_B12_µg_100g,,2.65,µg,"USDA FoodData Central (SR Legacy) — Veal, loin, separable lean only, raw",,"Veal, loin, separable lean only, raw — référence viande de veau maigre crue, morceau non distingué.",Moyen,2026-08-04
6550,"Veau, rôti cru",Vitamine_E_mg_100g,,0.27,mg,"USDA FoodData Central (SR Legacy) — Veal, loin, separable lean only, raw",,"Veal, loin, separable lean only, raw — référence viande de veau maigre crue, morceau non distingué.",Moyen,2026-08-04
6550,"Veau, rôti cru",Vitamine_K1_µg_100g,,1.1,µg,"USDA FoodData Central (SR Legacy) — Veal, loin, separable lean only, raw",,"Veal, loin, separable lean only, raw — référence viande de veau maigre crue, morceau non distingué.",Moyen,2026-08-04
6550,"Veau, rôti cru",Vitamine_B9_µg_100g,,3.0,µg,"USDA FoodData Central (SR Legacy) — Veal, loin, separable lean only, raw",,"Veal, loin, separable lean only, raw — référence viande de veau maigre crue, morceau non distingué.",Moyen,2026-08-04
6550,"Veau, rôti cru",Vitamine_D_µg_100g,,1.2,µg,"USDA FoodData Central (SR Legacy) — Veal, loin, separable lean only, raw",,"Veal, loin, separable lean only, raw — référence viande de veau maigre crue, morceau non distingué.",Moyen,2026-08-04
6550,"Veau, rôti cru",Vitamine_B12_µg_100g,,2.65,µg,"USDA FoodData Central (SR Legacy) — Veal, loin, separable lean only, raw",,"Veal, loin, separable lean only, raw — référence viande de veau maigre crue, morceau non distingué.",Moyen,2026-08-04
6550,"Veau, rôti cru",Beta-Carotène_µg_100g,,0.0,µg,"USDA FoodData Central (SR Legacy) — Veal, loin, separable lean only, raw",,"Veal, loin, separable lean only, raw — référence viande de veau maigre crue, morceau non distingué.",Moyen,2026-08-04
6551,"Veau, rôti cuit",Vitamine_E_mg_100g,,0.49,mg,"USDA FoodData Central (SR Legacy) — Veal, loin, separable lean only, cooked, roasted",,"Veal, loin, separable lean only, cooked, roasted — référence viande de veau maigre rôtie.",Moyen,2026-08-04
6551,"Veau, rôti cuit",Vitamine_K1_µg_100g,,5.5,µg,"USDA FoodData Central (SR Legacy) — Veal, loin, separable lean only, cooked, roasted",,"Veal, loin, separable lean only, cooked, roasted — référence viande de veau maigre rôtie.",Moyen,2026-08-04
6551,"Veau, rôti cuit",Vitamine_D_µg_100g,,0.0,µg,"USDA FoodData Central (SR Legacy) — Veal, loin, separable lean only, cooked, roasted",,"Veal, loin, separable lean only, cooked, roasted — référence viande de veau maigre rôtie.",Moyen,2026-08-04
6551,"Veau, rôti cuit",Sélénium_µg_100g,,11.6,µg,"USDA FoodData Central (SR Legacy) — Veal, loin, separable lean only, cooked, roasted",,"Veal, loin, separable lean only, cooked, roasted — référence viande de veau maigre rôtie.",Moyen,2026-08-04
6551,"Veau, rôti cuit",Beta-Carotène_µg_100g,,0.0,µg,"USDA FoodData Central (SR Legacy) — Veal, loin, separable lean only, cooked, roasted",,"Veal, loin, separable lean only, cooked, roasted — référence viande de veau maigre rôtie.",Moyen,2026-08-04
6250,"Boeuf, steak haché 5% MG cru",Vitamine_E_mg_100g,,0.17,mg,"USDA FoodData Central (SR Legacy) — Beef, ground, 95% lean meat / 5% fat, raw",,"Correspondance exacte du taux de matière grasse : 5% MG = 95% lean, cru.",Élevé,2026-08-04
6252,"Boeuf, steak haché 10% MG cru",Vitamine_E_mg_100g,,0.17,mg,"USDA FoodData Central (SR Legacy) — Beef, ground, 90% lean meat / 10% fat, raw",,"Correspondance exacte : 10% MG = 90% lean, cru.",Élevé,2026-08-04
6256,"Boeuf, steak haché 20% MG cru",Vitamine_E_mg_100g,,0.17,mg,"USDA FoodData Central (SR Legacy) — Beef, ground, 80% lean meat / 20% fat, raw",,"Correspondance exacte : 20% MG = 80% lean, cru.",Élevé,2026-08-04
6253,"Boeuf, steak haché 10% MG cuit",Vitamine_E_mg_100g,,0.12,mg,"USDA FoodData Central (SR Legacy) — Beef, ground, 90% lean meat / 10% fat, patty, cooked, broiled",,"Correspondance exacte : 10% MG = 90% lean, cuit (patty grillé).",Élevé,2026-08-04
6253,"Boeuf, steak haché 10% MG cuit",Sélénium_µg_100g,,21.5,µg,"USDA FoodData Central (SR Legacy) — Beef, ground, 90% lean meat / 10% fat, patty, cooked, broiled",,"Correspondance exacte : 10% MG = 90% lean, cuit (patty grillé).",Élevé,2026-08-04
6257,"Boeuf, steak haché 20% MG cuit",Vitamine_E_mg_100g,,0.12,mg,"USDA FoodData Central (SR Legacy) — Beef, ground, 80% lean meat / 20% fat, patty, cooked, broiled",,"Correspondance exacte : 20% MG = 80% lean, cuit (patty grillé).",Élevé,2026-08-04
6536,"Veau, steak haché 15% MG cru",Vitamine_E_mg_100g,,0.49,mg,"USDA FoodData Central (SR Legacy) — Veal, ground, raw",,"L'USDA n'a qu'une seule entrée ""veal, ground, raw"" sans distinction de taux de matière grasse.",Moyen,2026-08-04
6536,"Veau, steak haché 15% MG cru",Vitamine_K1_µg_100g,,1.4,µg,"USDA FoodData Central (SR Legacy) — Veal, ground, raw",,"L'USDA n'a qu'une seule entrée ""veal, ground, raw"" sans distinction de taux de matière grasse.",Moyen,2026-08-04
6536,"Veau, steak haché 15% MG cru",Vitamine_B9_µg_100g,,3.0,µg,"USDA FoodData Central (SR Legacy) — Veal, ground, raw",,"L'USDA n'a qu'une seule entrée ""veal, ground, raw"" sans distinction de taux de matière grasse.",Moyen,2026-08-04
6536,"Veau, steak haché 15% MG cru",Vitamine_D_µg_100g,,1.3,µg,"USDA FoodData Central (SR Legacy) — Veal, ground, raw",,"L'USDA n'a qu'une seule entrée ""veal, ground, raw"" sans distinction de taux de matière grasse.",Moyen,2026-08-04
6536,"Veau, steak haché 15% MG cru",Vitamine_B12_µg_100g,,2.28,µg,"USDA FoodData Central (SR Legacy) — Veal, ground, raw",,"L'USDA n'a qu'une seule entrée ""veal, ground, raw"" sans distinction de taux de matière grasse.",Moyen,2026-08-04
6536,"Veau, steak haché 15% MG cru",Sélénium_µg_100g,,13.1,µg,"USDA FoodData Central (SR Legacy) — Veal, ground, raw",,"L'USDA n'a qu'une seule entrée ""veal, ground, raw"" sans distinction de taux de matière grasse.",Moyen,2026-08-04
6536,"Veau, steak haché 15% MG cru",Beta-Carotène_µg_100g,,0.0,µg,"USDA FoodData Central (SR Legacy) — Veal, ground, raw",,"L'USDA n'a qu'une seule entrée ""veal, ground, raw"" sans distinction de taux de matière grasse.",Moyen,2026-08-04
6535,"Veau, steak haché 20% MG cru",Vitamine_E_mg_100g,,0.49,mg,"USDA FoodData Central (SR Legacy) — Veal, ground, raw",,"Même entrée générique, taux de matière grasse non distingué par l'USDA.",Moyen,2026-08-04
6535,"Veau, steak haché 20% MG cru",Vitamine_K1_µg_100g,,1.4,µg,"USDA FoodData Central (SR Legacy) — Veal, ground, raw",,"Même entrée générique, taux de matière grasse non distingué par l'USDA.",Moyen,2026-08-04
6535,"Veau, steak haché 20% MG cru",Vitamine_B9_µg_100g,,3.0,µg,"USDA FoodData Central (SR Legacy) — Veal, ground, raw",,"Même entrée générique, taux de matière grasse non distingué par l'USDA.",Moyen,2026-08-04
6535,"Veau, steak haché 20% MG cru",Vitamine_D_µg_100g,,1.3,µg,"USDA FoodData Central (SR Legacy) — Veal, ground, raw",,"Même entrée générique, taux de matière grasse non distingué par l'USDA.",Moyen,2026-08-04
6535,"Veau, steak haché 20% MG cru",Vitamine_B12_µg_100g,,2.28,µg,"USDA FoodData Central (SR Legacy) — Veal, ground, raw",,"Même entrée générique, taux de matière grasse non distingué par l'USDA.",Moyen,2026-08-04
6535,"Veau, steak haché 20% MG cru",Sélénium_µg_100g,,13.1,µg,"USDA FoodData Central (SR Legacy) — Veal, ground, raw",,"Même entrée générique, taux de matière grasse non distingué par l'USDA.",Moyen,2026-08-04
6535,"Veau, steak haché 20% MG cru",Beta-Carotène_µg_100g,,0.0,µg,"USDA FoodData Central (SR Legacy) — Veal, ground, raw",,"Même entrée générique, taux de matière grasse non distingué par l'USDA.",Moyen,2026-08-04
36800,"Autruche, viande crue",Vitamine_E_mg_100g,,0.24,mg,"USDA FoodData Central (SR Legacy) — Ostrich, ground, raw",,"Autruche viande crue, morceau non précisé ; proxy ""ostrich, ground, raw"" (représentatif d'une viande moyenne).",Moyen,2026-08-04
36800,"Autruche, viande crue",Sélénium_µg_100g,,33.0,µg,"USDA FoodData Central (SR Legacy) — Ostrich, ground, raw",,"Autruche viande crue, morceau non précisé ; proxy ""ostrich, ground, raw"" (représentatif d'une viande moyenne).",Moyen,2026-08-04
36801,"Autruche, viande cuite",Vitamine_E_mg_100g,,0.22,mg,"USDA FoodData Central (SR Legacy) — Ostrich, inside leg, cooked",,"Autruche viande cuite ; proxy ""ostrich, inside leg, cooked"" (morceau de muscle entier, pas de mention de panure/graisse).",Moyen,2026-08-04
36801,"Autruche, viande cuite",Sélénium_µg_100g,,36.5,µg,"USDA FoodData Central (SR Legacy) — Ostrich, inside leg, cooked",,"Autruche viande cuite ; proxy ""ostrich, inside leg, cooked"" (morceau de muscle entier, pas de mention de panure/graisse).",Moyen,2026-08-04
36101,"Caille, viande crue",Sélénium_µg_100g,,17.4,µg,"USDA FoodData Central (SR Legacy) — Quail, meat only, raw",,"Correspondance exacte : caille, viande seule (sans peau), crue.",Élevé,2026-08-04
36102,"Caille, viande et peau cuites",Vitamine_E_mg_100g,,0.7,mg,"USDA FoodData Central (SR Legacy) — Quail, cooked, total edible",,"Caille viande et peau cuites ; pas d'entrée USDA ""cooked, meat and skin"" séparée, proxy ""cooked, total edible"".",Moyen,2026-08-04
36102,"Caille, viande et peau cuites",Sélénium_µg_100g,,21.8,µg,"USDA FoodData Central (SR Legacy) — Quail, cooked, total edible",,"Caille viande et peau cuites ; pas d'entrée USDA ""cooked, meat and skin"" séparée, proxy ""cooked, total edible"".",Moyen,2026-08-04
36203,"Canard, cuisse avec peau, sans os, crue",Vitamine_E_mg_100g,,0.7,mg,"USDA FoodData Central (SR Legacy) — Duck, domesticated, meat and skin, raw",,"Cuisse de canard avec peau, sans os, crue ; proxy ""duck, domesticated, meat and skin, raw"" (morceau non distingué).",Moyen,2026-08-04
36203,"Canard, cuisse avec peau, sans os, crue",Vitamine_K1_µg_100g,,5.5,µg,"USDA FoodData Central (SR Legacy) — Duck, domesticated, meat and skin, raw",,"Cuisse de canard avec peau, sans os, crue ; proxy ""duck, domesticated, meat and skin, raw"" (morceau non distingué).",Moyen,2026-08-04
36203,"Canard, cuisse avec peau, sans os, crue",Vitamine_B9_µg_100g,,13.0,µg,"USDA FoodData Central (SR Legacy) — Duck, domesticated, meat and skin, raw",,"Cuisse de canard avec peau, sans os, crue ; proxy ""duck, domesticated, meat and skin, raw"" (morceau non distingué).",Moyen,2026-08-04
36203,"Canard, cuisse avec peau, sans os, crue",Vitamine_D_µg_100g,,0.7,µg,"USDA FoodData Central (SR Legacy) — Duck, domesticated, meat and skin, raw",,"Cuisse de canard avec peau, sans os, crue ; proxy ""duck, domesticated, meat and skin, raw"" (morceau non distingué).",Moyen,2026-08-04
36203,"Canard, cuisse avec peau, sans os, crue",Vitamine_B12_µg_100g,,0.25,µg,"USDA FoodData Central (SR Legacy) — Duck, domesticated, meat and skin, raw",,"Cuisse de canard avec peau, sans os, crue ; proxy ""duck, domesticated, meat and skin, raw"" (morceau non distingué).",Moyen,2026-08-04
36203,"Canard, cuisse avec peau, sans os, crue",Sélénium_µg_100g,,12.4,µg,"USDA FoodData Central (SR Legacy) — Duck, domesticated, meat and skin, raw",,"Cuisse de canard avec peau, sans os, crue ; proxy ""duck, domesticated, meat and skin, raw"" (morceau non distingué).",Moyen,2026-08-04
36203,"Canard, cuisse avec peau, sans os, crue",Beta-Carotène_µg_100g,,0.0,µg,"USDA FoodData Central (SR Legacy) — Duck, domesticated, meat and skin, raw",,"Cuisse de canard avec peau, sans os, crue ; proxy ""duck, domesticated, meat and skin, raw"" (morceau non distingué).",Moyen,2026-08-04
36206,"Canard, magret cru",Vitamine_E_mg_100g,,0.7,mg,"USDA FoodData Central (SR Legacy) — Duck, domesticated, meat and skin, raw",,"Magret de canard cru ; pas d'entrée ""breast"" pour le canard domestique (seulement le canard sauvage), proxy ""meat and skin, raw"" générique (le magret conserve la peau/graisse).",Moyen,2026-08-04
36206,"Canard, magret cru",Vitamine_K1_µg_100g,,5.5,µg,"USDA FoodData Central (SR Legacy) — Duck, domesticated, meat and skin, raw",,"Magret de canard cru ; pas d'entrée ""breast"" pour le canard domestique (seulement le canard sauvage), proxy ""meat and skin, raw"" générique (le magret conserve la peau/graisse).",Moyen,2026-08-04
36206,"Canard, magret cru",Vitamine_B9_µg_100g,,13.0,µg,"USDA FoodData Central (SR Legacy) — Duck, domesticated, meat and skin, raw",,"Magret de canard cru ; pas d'entrée ""breast"" pour le canard domestique (seulement le canard sauvage), proxy ""meat and skin, raw"" générique (le magret conserve la peau/graisse).",Moyen,2026-08-04
36206,"Canard, magret cru",Vitamine_D_µg_100g,,0.7,µg,"USDA FoodData Central (SR Legacy) — Duck, domesticated, meat and skin, raw",,"Magret de canard cru ; pas d'entrée ""breast"" pour le canard domestique (seulement le canard sauvage), proxy ""meat and skin, raw"" générique (le magret conserve la peau/graisse).",Moyen,2026-08-04
36206,"Canard, magret cru",Vitamine_B12_µg_100g,,0.25,µg,"USDA FoodData Central (SR Legacy) — Duck, domesticated, meat and skin, raw",,"Magret de canard cru ; pas d'entrée ""breast"" pour le canard domestique (seulement le canard sauvage), proxy ""meat and skin, raw"" générique (le magret conserve la peau/graisse).",Moyen,2026-08-04
36206,"Canard, magret cru",Sélénium_µg_100g,,12.4,µg,"USDA FoodData Central (SR Legacy) — Duck, domesticated, meat and skin, raw",,"Magret de canard cru ; pas d'entrée ""breast"" pour le canard domestique (seulement le canard sauvage), proxy ""meat and skin, raw"" générique (le magret conserve la peau/graisse).",Moyen,2026-08-04
36206,"Canard, magret cru",Beta-Carotène_µg_100g,,0.0,µg,"USDA FoodData Central (SR Legacy) — Duck, domesticated, meat and skin, raw",,"Magret de canard cru ; pas d'entrée ""breast"" pour le canard domestique (seulement le canard sauvage), proxy ""meat and skin, raw"" générique (le magret conserve la peau/graisse).",Moyen,2026-08-04
36205,"Canard, magret grillé/poêlé",Vitamine_E_mg_100g,,0.7,mg,"USDA FoodData Central (SR Legacy) — Duck, domesticated, meat and skin, cooked, roasted",,"Magret grillé/poêlé ; même proxy, cuisson chaleur sèche.",Moyen,2026-08-04
36205,"Canard, magret grillé/poêlé",Vitamine_K1_µg_100g,,5.1,µg,"USDA FoodData Central (SR Legacy) — Duck, domesticated, meat and skin, cooked, roasted",,"Magret grillé/poêlé ; même proxy, cuisson chaleur sèche.",Moyen,2026-08-04
36201,"Canard, viande crue",Vitamine_E_mg_100g,,0.7,mg,"USDA FoodData Central (SR Legacy) — Duck, domesticated, meat only, raw",,"Correspondance exacte : canard, viande seule (sans peau), crue.",Élevé,2026-08-04
36204,"Canard, viande et peau crues",Vitamine_E_mg_100g,,0.7,mg,"USDA FoodData Central (SR Legacy) — Duck, domesticated, meat and skin, raw",,"Correspondance exacte : canard, viande et peau, crues.",Élevé,2026-08-04
36200,"Canard, viande et peau rôties/cuites au four",Vitamine_E_mg_100g,,0.7,mg,"USDA FoodData Central (SR Legacy) — Duck, domesticated, meat and skin, cooked, roasted",,"Correspondance exacte : canard, viande et peau, rôties au four.",Élevé,2026-08-04
36200,"Canard, viande et peau rôties/cuites au four",Sélénium_µg_100g,,20.0,µg,"USDA FoodData Central (SR Legacy) — Duck, domesticated, meat and skin, cooked, roasted",,"Correspondance exacte : canard, viande et peau, rôties au four.",Élevé,2026-08-04
36202,"Canard, viande rôtie/cuite au four",Vitamine_E_mg_100g,,0.7,mg,"USDA FoodData Central (SR Legacy) — Duck, domesticated, meat only, cooked, roasted",,"Correspondance exacte : canard, viande seule, rôtie au four.",Élevé,2026-08-04
36050,"Chapon, viande et peau crues",Vitamine_E_mg_100g,,0.32,mg,"USDA FoodData Central (SR Legacy) — Chicken, capons, meat and skin, raw",,"Correspondance exacte : chapon, viande et peau, crues.",Élevé,2026-08-04
36050,"Chapon, viande et peau crues",Sélénium_µg_100g,,14.6,µg,"USDA FoodData Central (SR Legacy) — Chicken, capons, meat and skin, raw",,"Correspondance exacte : chapon, viande et peau, crues.",Élevé,2026-08-04
36051,"Chapon, viande et peau rôties/cuites au four",Sélénium_µg_100g,,21.6,µg,"USDA FoodData Central (SR Legacy) — Chicken, capons, meat and skin, cooked, roasted",,"Correspondance exacte : chapon, viande et peau, rôties au four.",Élevé,2026-08-04
36310,"Dinde, aile crue",Sélénium_µg_100g,,22.4,µg,"USDA FoodData Central (SR Legacy) — Turkey, all classes, wing, meat and skin, raw",,"Aile de dinde crue ; USDA ne précise pas si avec/sans peau pour cette entrée générique ""aile"", proxy le plus proche (l'aile est presque toujours vendue avec peau).",Moyen,2026-08-04
36307,"Dinde, cuisse, viande crue",Vitamine_E_mg_100g,,0.12,mg,"USDA FoodData Central (SR Legacy) — Turkey, thigh, from whole bird, meat only, raw",,"Correspondance exacte : cuisse de dinde, viande seule, crue.",Élevé,2026-08-04
36305,"Dinde, cuisse, viande et peau crues",Vitamine_E_mg_100g,,0.16,mg,"USDA FoodData Central (SR Legacy) — Turkey, retail parts, thigh, meat and skin, raw",,"Correspondance exacte : cuisse de dinde, viande et peau, crues.",Élevé,2026-08-04
36305,"Dinde, cuisse, viande et peau crues",Sélénium_µg_100g,,19.8,µg,"USDA FoodData Central (SR Legacy) — Turkey, retail parts, thigh, meat and skin, raw",,"Correspondance exacte : cuisse de dinde, viande et peau, crues.",Élevé,2026-08-04
36304,"Dinde, escalope crue",Vitamine_E_mg_100g,,0.06,mg,"USDA FoodData Central (SR Legacy) — Turkey, whole, breast, meat only, raw",,"Correspondance exacte : escalope de dinde = filet de blanc sans peau, cru.",Élevé,2026-08-04
36308,"Dinde, escalope rôtie/cuite au four",Vitamine_E_mg_100g,,0.06,mg,"USDA FoodData Central (SR Legacy) — Turkey, whole, breast, meat only, cooked, roasted",,Correspondance exacte : escalope de dinde rôtie au four.,Élevé,2026-08-04
36311,"Dinde, haut de cuisse cru",Vitamine_E_mg_100g,,0.12,mg,"USDA FoodData Central (SR Legacy) — Turkey, thigh, from whole bird, meat only, raw",,"Correspondance exacte : haut de cuisse de dinde = ""thigh, meat only"", cru.",Élevé,2026-08-04
36311,"Dinde, haut de cuisse cru",Sélénium_µg_100g,,22.4,µg,"USDA FoodData Central (SR Legacy) — Turkey, thigh, from whole bird, meat only, raw",,"Correspondance exacte : haut de cuisse de dinde = ""thigh, meat only"", cru.",Élevé,2026-08-04
36301,"Dinde, viande crue",Vitamine_E_mg_100g,,0.09,mg,"USDA FoodData Central (SR Legacy) — Turkey, whole, meat only, raw",,"Correspondance exacte : dinde, viande seule, crue.",Élevé,2026-08-04
36300,"Dinde, viande et peau crues",Vitamine_E_mg_100g,,0.09,mg,"USDA FoodData Central (SR Legacy) — Turkey, whole, meat and skin, raw",,"Correspondance exacte : dinde, viande et peau, crues.",Élevé,2026-08-04
36302,"Dinde, viande rôtie/cuite au four",Vitamine_E_mg_100g,,0.06,mg,"USDA FoodData Central (SR Legacy) — Turkey, whole, meat only, cooked, roasted",,"Correspondance exacte : dinde, viande seule, rôtie au four.",Élevé,2026-08-04
36403,"Faisan, viande et peau crues",Sélénium_µg_100g,,15.7,µg,"USDA FoodData Central (SR Legacy) — Pheasant, raw, meat and skin",,"Correspondance exacte : faisan, viande et peau, crues.",Élevé,2026-08-04
36402,"Faisan, viande rôtie/cuite au four",Vitamine_E_mg_100g,,0.27,mg,"USDA FoodData Central (SR Legacy) — Pheasant, cooked, total edible",,"Faisan rôti au four ; pas d'entrée ""cooked, roasted"" séparée, proxy ""cooked, total edible"".",Moyen,2026-08-04
36402,"Faisan, viande rôtie/cuite au four",Sélénium_µg_100g,,20.7,µg,"USDA FoodData Central (SR Legacy) — Pheasant, cooked, total edible",,"Faisan rôti au four ; pas d'entrée ""cooked, roasted"" séparée, proxy ""cooked, total edible"".",Moyen,2026-08-04
36503,"Oie, viande et peau rôties/cuites au four",Vitamine_E_mg_100g,,1.74,mg,"USDA FoodData Central (SR Legacy) — Goose, domesticated, meat and skin, cooked, roasted",,"Correspondance exacte : oie, viande et peau, rôties au four.",Élevé,2026-08-04
36503,"Oie, viande et peau rôties/cuites au four",Sélénium_µg_100g,,21.8,µg,"USDA FoodData Central (SR Legacy) — Goose, domesticated, meat and skin, cooked, roasted",,"Correspondance exacte : oie, viande et peau, rôties au four.",Élevé,2026-08-04
36502,"Oie, viande rôtie/cuite au four",Sélénium_µg_100g,,25.5,µg,"USDA FoodData Central (SR Legacy) — Goose, domesticated, meat only, cooked, roasted",,"Correspondance exacte : oie, viande seule, rôtie au four.",Élevé,2026-08-04
36014,"Poule, cuisse crue",Vitamine_E_mg_100g,,0.33,mg,"USDA FoodData Central (SR Legacy) — Chicken, stewing, meat and skin, raw",,"Cuisse de poule crue ; ""poule"" (pondeuse réformée) correspond à la catégorie USDA ""stewing"" (à mijoter, plus proche que ""broiler""), morceau non distingué.",Moyen,2026-08-04
36014,"Poule, cuisse crue",Sélénium_µg_100g,,14.4,µg,"USDA FoodData Central (SR Legacy) — Chicken, stewing, meat and skin, raw",,"Cuisse de poule crue ; ""poule"" (pondeuse réformée) correspond à la catégorie USDA ""stewing"" (à mijoter, plus proche que ""broiler""), morceau non distingué.",Moyen,2026-08-04
36001,"Poule, viande crue",Vitamine_E_mg_100g,,0.24,mg,"USDA FoodData Central (SR Legacy) — Chicken, stewing, meat only, raw",,"Correspondance exacte : poule, viande seule (sans peau), crue = ""chicken, stewing, meat only, raw"".",Élevé,2026-08-04
36000,"Poule, viande et peau crues",Vitamine_E_mg_100g,,0.33,mg,"USDA FoodData Central (SR Legacy) — Chicken, stewing, meat and skin, raw",,"Correspondance exacte : poule, viande et peau, crues = ""chicken, stewing, meat and skin, raw"".",Élevé,2026-08-04
36007,"Poulet blanc, viande et peau crues",Vitamine_E_mg_100g,,0.3,mg,"USDA FoodData Central (SR Legacy) — Chicken, broilers or fryers, meat and skin, raw",,"""Poulet blanc"" (race à chair claire) ; l'USDA ne distingue pas la race, proxy poulet standard ""broilers or fryers"".",Moyen,2026-08-04
36007,"Poulet blanc, viande et peau crues",Vitamine_K1_µg_100g,,1.5,µg,"USDA FoodData Central (SR Legacy) — Chicken, broilers or fryers, meat and skin, raw",,"""Poulet blanc"" (race à chair claire) ; l'USDA ne distingue pas la race, proxy poulet standard ""broilers or fryers"".",Moyen,2026-08-04
36007,"Poulet blanc, viande et peau crues",Vitamine_B9_µg_100g,,6.0,µg,"USDA FoodData Central (SR Legacy) — Chicken, broilers or fryers, meat and skin, raw",,"""Poulet blanc"" (race à chair claire) ; l'USDA ne distingue pas la race, proxy poulet standard ""broilers or fryers"".",Moyen,2026-08-04
36007,"Poulet blanc, viande et peau crues",Vitamine_D_µg_100g,,0.2,µg,"USDA FoodData Central (SR Legacy) — Chicken, broilers or fryers, meat and skin, raw",,"""Poulet blanc"" (race à chair claire) ; l'USDA ne distingue pas la race, proxy poulet standard ""broilers or fryers"".",Moyen,2026-08-04
36007,"Poulet blanc, viande et peau crues",Vitamine_B12_µg_100g,,0.31,µg,"USDA FoodData Central (SR Legacy) — Chicken, broilers or fryers, meat and skin, raw",,"""Poulet blanc"" (race à chair claire) ; l'USDA ne distingue pas la race, proxy poulet standard ""broilers or fryers"".",Moyen,2026-08-04
36007,"Poulet blanc, viande et peau crues",Beta-Carotène_µg_100g,,0.0,µg,"USDA FoodData Central (SR Legacy) — Chicken, broilers or fryers, meat and skin, raw",,"""Poulet blanc"" (race à chair claire) ; l'USDA ne distingue pas la race, proxy poulet standard ""broilers or fryers"".",Moyen,2026-08-04
36020,"Poulet éviscéré sans abats, cru",Vitamine_E_mg_100g,,0.3,mg,"USDA FoodData Central (SR Legacy) — Chicken, broilers or fryers, meat and skin, raw",,Poulet éviscéré entier cru ; proxy poulet standard viande et peau (le poulet entier étant en moyenne représentatif de ce mélange).,Moyen,2026-08-04
36020,"Poulet éviscéré sans abats, cru",Vitamine_K1_µg_100g,,1.5,µg,"USDA FoodData Central (SR Legacy) — Chicken, broilers or fryers, meat and skin, raw",,Poulet éviscéré entier cru ; proxy poulet standard viande et peau (le poulet entier étant en moyenne représentatif de ce mélange).,Moyen,2026-08-04
36020,"Poulet éviscéré sans abats, cru",Vitamine_D_µg_100g,,0.2,µg,"USDA FoodData Central (SR Legacy) — Chicken, broilers or fryers, meat and skin, raw",,Poulet éviscéré entier cru ; proxy poulet standard viande et peau (le poulet entier étant en moyenne représentatif de ce mélange).,Moyen,2026-08-04
36020,"Poulet éviscéré sans abats, cru",Sélénium_µg_100g,,14.4,µg,"USDA FoodData Central (SR Legacy) — Chicken, broilers or fryers, meat and skin, raw",,Poulet éviscéré entier cru ; proxy poulet standard viande et peau (le poulet entier étant en moyenne représentatif de ce mélange).,Moyen,2026-08-04
36020,"Poulet éviscéré sans abats, cru",Beta-Carotène_µg_100g,,0.0,µg,"USDA FoodData Central (SR Legacy) — Chicken, broilers or fryers, meat and skin, raw",,Poulet éviscéré entier cru ; proxy poulet standard viande et peau (le poulet entier étant en moyenne représentatif de ce mélange).,Moyen,2026-08-04
36008,"Poulet fermier, viande et peau crues",Vitamine_E_mg_100g,,0.3,mg,"USDA FoodData Central (SR Legacy) — Chicken, broilers or fryers, meat and skin, raw",,"Poulet fermier ; l'USDA ne distingue pas l'élevage fermier/label, proxy poulet standard.",Moyen,2026-08-04
36008,"Poulet fermier, viande et peau crues",Vitamine_K1_µg_100g,,1.5,µg,"USDA FoodData Central (SR Legacy) — Chicken, broilers or fryers, meat and skin, raw",,"Poulet fermier ; l'USDA ne distingue pas l'élevage fermier/label, proxy poulet standard.",Moyen,2026-08-04
36008,"Poulet fermier, viande et peau crues",Vitamine_B9_µg_100g,,6.0,µg,"USDA FoodData Central (SR Legacy) — Chicken, broilers or fryers, meat and skin, raw",,"Poulet fermier ; l'USDA ne distingue pas l'élevage fermier/label, proxy poulet standard.",Moyen,2026-08-04
36008,"Poulet fermier, viande et peau crues",Vitamine_D_µg_100g,,0.2,µg,"USDA FoodData Central (SR Legacy) — Chicken, broilers or fryers, meat and skin, raw",,"Poulet fermier ; l'USDA ne distingue pas l'élevage fermier/label, proxy poulet standard.",Moyen,2026-08-04
36008,"Poulet fermier, viande et peau crues",Vitamine_B12_µg_100g,,0.31,µg,"USDA FoodData Central (SR Legacy) — Chicken, broilers or fryers, meat and skin, raw",,"Poulet fermier ; l'USDA ne distingue pas l'élevage fermier/label, proxy poulet standard.",Moyen,2026-08-04
36008,"Poulet fermier, viande et peau crues",Beta-Carotène_µg_100g,,0.0,µg,"USDA FoodData Central (SR Legacy) — Chicken, broilers or fryers, meat and skin, raw",,"Poulet fermier ; l'USDA ne distingue pas l'élevage fermier/label, proxy poulet standard.",Moyen,2026-08-04
36023,"Poulet, aile, viande et peau crues",Vitamine_E_mg_100g,,0.64,mg,"USDA FoodData Central (SR Legacy) — Chicken, broilers or fryers, wing, meat and skin, raw",,"Correspondance exacte : aile de poulet, viande et peau, crue.",Élevé,2026-08-04
36033,"Poulet, aile, viande et peau rôties/cuites au four",Vitamine_E_mg_100g,,0.69,mg,"USDA FoodData Central (SR Legacy) — Chicken, broilers or fryers, wing, meat and skin, cooked, roasted",,"Correspondance exacte : aile de poulet, viande et peau, rôtie au four.",Élevé,2026-08-04
36033,"Poulet, aile, viande et peau rôties/cuites au four",Sélénium_µg_100g,,25.5,µg,"USDA FoodData Central (SR Legacy) — Chicken, broilers or fryers, wing, meat and skin, cooked, roasted",,"Correspondance exacte : aile de poulet, viande et peau, rôtie au four.",Élevé,2026-08-04
36030,"Poulet, cuisse, viande bouillie/cuite à l'eau",Vitamine_E_mg_100g,,0.27,mg,"USDA FoodData Central (SR Legacy) — Chicken, broilers or fryers, thigh, meat only, cooked, stewed",,"Correspondance exacte : cuisse de poulet, viande seule, bouillie/cuite à l'eau = ""cooked, stewed"".",Élevé,2026-08-04
36030,"Poulet, cuisse, viande bouillie/cuite à l'eau",Sélénium_µg_100g,,17.1,µg,"USDA FoodData Central (SR Legacy) — Chicken, broilers or fryers, thigh, meat only, cooked, stewed",,"Correspondance exacte : cuisse de poulet, viande seule, bouillie/cuite à l'eau = ""cooked, stewed"".",Élevé,2026-08-04
36024,"Poulet, cuisse, viande crue",Vitamine_E_mg_100g,,0.18,mg,"USDA FoodData Central (SR Legacy) — Chicken, broilers or fryers, dark meat, thigh, meat only, raw",,"Correspondance exacte : cuisse de poulet, viande seule, crue.",Élevé,2026-08-04
36024,"Poulet, cuisse, viande crue",Sélénium_µg_100g,,22.9,µg,"USDA FoodData Central (SR Legacy) — Chicken, broilers or fryers, dark meat, thigh, meat only, raw",,"Correspondance exacte : cuisse de poulet, viande seule, crue.",Élevé,2026-08-04
36031,"Poulet, cuisse, viande et peau bouillie/cuite à l'eau",Vitamine_E_mg_100g,,0.27,mg,"USDA FoodData Central (SR Legacy) — Chicken, broilers or fryers, thigh, meat and skin, cooked, stewed",,"Correspondance exacte : cuisse de poulet, viande et peau, bouillie/cuite à l'eau.",Élevé,2026-08-04
36002,"Poulet, cuisse, viande et peau crue",Vitamine_E_mg_100g,,0.21,mg,"USDA FoodData Central (SR Legacy) — Chicken, broilers or fryers, thigh, meat and skin, raw",,"Correspondance exacte : cuisse de poulet, viande et peau, crue.",Élevé,2026-08-04
36037,"Poulet, cuisse, viande et peau crues bio",Vitamine_E_mg_100g,,0.21,mg,"USDA FoodData Central (SR Legacy) — Chicken, broilers or fryers, thigh, meat and skin, raw",,"Cuisse de poulet bio ; l'USDA ne distingue pas le mode d'élevage biologique, proxy poulet standard.",Moyen,2026-08-04
36037,"Poulet, cuisse, viande et peau crues bio",Vitamine_K1_µg_100g,,2.1,µg,"USDA FoodData Central (SR Legacy) — Chicken, broilers or fryers, thigh, meat and skin, raw",,"Cuisse de poulet bio ; l'USDA ne distingue pas le mode d'élevage biologique, proxy poulet standard.",Moyen,2026-08-04
36037,"Poulet, cuisse, viande et peau crues bio",Beta-Carotène_µg_100g,,0.0,µg,"USDA FoodData Central (SR Legacy) — Chicken, broilers or fryers, thigh, meat and skin, raw",,"Cuisse de poulet bio ; l'USDA ne distingue pas le mode d'élevage biologique, proxy poulet standard.",Moyen,2026-08-04
36038,"Poulet, cuisse, viande et peau crues label rouge",Vitamine_E_mg_100g,,0.21,mg,"USDA FoodData Central (SR Legacy) — Chicken, broilers or fryers, thigh, meat and skin, raw",,"Cuisse de poulet label rouge ; même proxy, label non distingué par l'USDA.",Moyen,2026-08-04
36038,"Poulet, cuisse, viande et peau crues label rouge",Vitamine_K1_µg_100g,,2.1,µg,"USDA FoodData Central (SR Legacy) — Chicken, broilers or fryers, thigh, meat and skin, raw",,"Cuisse de poulet label rouge ; même proxy, label non distingué par l'USDA.",Moyen,2026-08-04
36038,"Poulet, cuisse, viande et peau crues label rouge",Beta-Carotène_µg_100g,,0.0,µg,"USDA FoodData Central (SR Legacy) — Chicken, broilers or fryers, thigh, meat and skin, raw",,"Cuisse de poulet label rouge ; même proxy, label non distingué par l'USDA.",Moyen,2026-08-04
36004,"Poulet, cuisse, viande et peau rôtie/cuite au four",Vitamine_E_mg_100g,,0.19,mg,"USDA FoodData Central (SR Legacy) — Chicken, broilers or fryers, thigh, meat and skin, cooked, roasted",,"Correspondance exacte : cuisse de poulet, viande et peau, rôtie au four.",Élevé,2026-08-04
36006,"Poulet, cuisse, viande rôtie/cuite au four",Vitamine_E_mg_100g,,0.18,mg,"USDA FoodData Central (SR Legacy) — Chicken, broilers or fryers, thigh, meat only, cooked, roasted",,"Correspondance exacte : cuisse de poulet, viande seule, rôtie au four.",Élevé,2026-08-04
36017,"Poulet, filet sans peau cru",Vitamine_E_mg_100g,,0.56,mg,"USDA FoodData Central (SR Legacy) — Chicken, broiler or fryers, breast, skinless, boneless, meat only, raw",,"Correspondance exacte : filet de poulet sans peau, cru.",Élevé,2026-08-04
36039,"Poulet, filet sans peau cru, bio",Vitamine_E_mg_100g,,0.56,mg,"USDA FoodData Central (SR Legacy) — Chicken, broiler or fryers, breast, skinless, boneless, meat only, raw",,Filet de poulet bio ; mode d'élevage non distingué par l'USDA.,Moyen,2026-08-04
36039,"Poulet, filet sans peau cru, bio",Vitamine_K1_µg_100g,,0.0,µg,"USDA FoodData Central (SR Legacy) — Chicken, broiler or fryers, breast, skinless, boneless, meat only, raw",,Filet de poulet bio ; mode d'élevage non distingué par l'USDA.,Moyen,2026-08-04
36039,"Poulet, filet sans peau cru, bio",Beta-Carotène_µg_100g,,0.0,µg,"USDA FoodData Central (SR Legacy) — Chicken, broiler or fryers, breast, skinless, boneless, meat only, raw",,Filet de poulet bio ; mode d'élevage non distingué par l'USDA.,Moyen,2026-08-04
36040,"Poulet, filet sans peau cru, label rouge",Vitamine_E_mg_100g,,0.56,mg,"USDA FoodData Central (SR Legacy) — Chicken, broiler or fryers, breast, skinless, boneless, meat only, raw",,Filet de poulet label rouge ; label non distingué par l'USDA.,Moyen,2026-08-04
36040,"Poulet, filet sans peau cru, label rouge",Vitamine_K1_µg_100g,,0.0,µg,"USDA FoodData Central (SR Legacy) — Chicken, broiler or fryers, breast, skinless, boneless, meat only, raw",,Filet de poulet label rouge ; label non distingué par l'USDA.,Moyen,2026-08-04
36040,"Poulet, filet sans peau cru, label rouge",Beta-Carotène_µg_100g,,0.0,µg,"USDA FoodData Central (SR Legacy) — Chicken, broiler or fryers, breast, skinless, boneless, meat only, raw",,Filet de poulet label rouge ; label non distingué par l'USDA.,Moyen,2026-08-04
36018,"Poulet, filet sans peau grillé/poêlé",Vitamine_E_mg_100g,,0.27,mg,"USDA FoodData Central (SR Legacy) — Chicken, broilers or fryers, breast, meat only, cooked, roasted",,"Filet de poulet grillé/poêlé ; correspond à ""breast, meat only, cooked, roasted"" (cuisson chaleur sèche sans panure).",Élevé,2026-08-04
36019,"Poulet, haut de cuisse, viande crue",Vitamine_E_mg_100g,,0.18,mg,"USDA FoodData Central (SR Legacy) — Chicken, broilers or fryers, dark meat, thigh, meat only, raw",,"Correspondance exacte : haut de cuisse de poulet, viande seule, crue.",Élevé,2026-08-04
36019,"Poulet, haut de cuisse, viande crue",Sélénium_µg_100g,,22.9,µg,"USDA FoodData Central (SR Legacy) — Chicken, broilers or fryers, dark meat, thigh, meat only, raw",,"Correspondance exacte : haut de cuisse de poulet, viande seule, crue.",Élevé,2026-08-04
36035,"Poulet, manchons marinés, préemballés, rôtis/cuits au four",Vitamine_E_mg_100g,,0.69,mg,"USDA FoodData Central (SR Legacy) — Chicken, broilers or fryers, wing, meat and skin, cooked, roasted",,"Manchons de poulet marinés, rôtis ; proxy aile de poulet viande et peau rôtie (la marinade n'est pas reflétée par l'USDA).",Moyen,2026-08-04
36035,"Poulet, manchons marinés, préemballés, rôtis/cuits au four",Vitamine_K1_µg_100g,,0.3,µg,"USDA FoodData Central (SR Legacy) — Chicken, broilers or fryers, wing, meat and skin, cooked, roasted",,"Manchons de poulet marinés, rôtis ; proxy aile de poulet viande et peau rôtie (la marinade n'est pas reflétée par l'USDA).",Moyen,2026-08-04
36022,"Poulet, pilon cru",Vitamine_E_mg_100g,,0.18,mg,"USDA FoodData Central (SR Legacy) — Chicken, broilers or fryers, dark meat, drumstick, meat only, raw",,"Pilon de poulet cru ; l'USDA ne propose que ""meat only"" pour cette pièce, alors que le pilon est le plus souvent consommé avec sa peau (état non précisé par CIQUAL).",Moyen,2026-08-04
36022,"Poulet, pilon cru",Sélénium_µg_100g,,21.8,µg,"USDA FoodData Central (SR Legacy) — Chicken, broilers or fryers, dark meat, drumstick, meat only, raw",,"Pilon de poulet cru ; l'USDA ne propose que ""meat only"" pour cette pièce, alors que le pilon est le plus souvent consommé avec sa peau (état non précisé par CIQUAL).",Moyen,2026-08-04
36029,"Poulet, poitrine, viande et peau crues",Vitamine_E_mg_100g,,0.27,mg,"USDA FoodData Central (SR Legacy) — Chicken, broilers or fryers, breast, meat and skin, raw",,"Correspondance exacte : poitrine de poulet, viande et peau, crue.",Élevé,2026-08-04
36029,"Poulet, poitrine, viande et peau crues",Sélénium_µg_100g,,16.6,µg,"USDA FoodData Central (SR Legacy) — Chicken, broilers or fryers, breast, meat and skin, raw",,"Correspondance exacte : poitrine de poulet, viande et peau, crue.",Élevé,2026-08-04
36003,"Poulet, viande crue",Vitamine_E_mg_100g,,0.21,mg,"USDA FoodData Central (SR Legacy) — Chicken, broilers or fryers, meat only, raw",,"Correspondance exacte : poulet, viande seule, crue.",Élevé,2026-08-04
36016,"Poulet, viande et peau crues",Vitamine_E_mg_100g,,0.3,mg,"USDA FoodData Central (SR Legacy) — Chicken, broilers or fryers, meat and skin, raw",,"Correspondance exacte : poulet, viande et peau, crues.",Élevé,2026-08-04
36005,"Poulet, viande et peau rôties/cuites au four",Vitamine_E_mg_100g,,0.27,mg,"USDA FoodData Central (SR Legacy) — Chicken, broilers or fryers, meat and skin, cooked, roasted",,"Correspondance exacte : poulet, viande et peau, rôties au four.",Élevé,2026-08-04
40002,"Cervelle, agneau, crue",Sélénium_µg_100g,,9.0,µg,"USDA FoodData Central (SR Legacy) — Lamb, variety meats and by-products, brain, raw",,Correspondance exacte : cervelle d'agneau crue.,Élevé,2026-08-04
40003,"Cervelle, agneau, cuite",Sélénium_µg_100g,,12.0,µg,"USDA FoodData Central (SR Legacy) — Lamb, variety meats and by-products, brain, cooked, braised",,Correspondance exacte : cervelle d'agneau cuite (braisée).,Élevé,2026-08-04
40007,"Cervelle, veau, cuite",Sélénium_µg_100g,,11.0,µg,"USDA FoodData Central (SR Legacy) — Veal, variety meats and by-products, brain, cooked, braised",,Correspondance exacte : cervelle de veau cuite (braisée).,Élevé,2026-08-04
40059,"Coeur, agneau, cuit",Sélénium_µg_100g,,47.0,µg,"USDA FoodData Central (SR Legacy) — Lamb, variety meats and by-products, heart, cooked, braised",,Correspondance exacte : coeur d'agneau cuit (braisé).,Élevé,2026-08-04
40052,"Coeur, boeuf, cru",Vitamine_E_mg_100g,,0.22,mg,"USDA FoodData Central (SR Legacy) — Beef, variety meats and by-products, heart, raw",,Correspondance exacte : coeur de boeuf cru.,Élevé,2026-08-04
40053,"Coeur, boeuf, cuit",Vitamine_E_mg_100g,,0.29,mg,"USDA FoodData Central (SR Legacy) — Beef, variety meats and by-products, heart, cooked, simmered",,Correspondance exacte : coeur de boeuf cuit (mijoté).,Élevé,2026-08-04
40053,"Coeur, boeuf, cuit",Sélénium_µg_100g,,38.9,µg,"USDA FoodData Central (SR Legacy) — Beef, variety meats and by-products, heart, cooked, simmered",,Correspondance exacte : coeur de boeuf cuit (mijoté).,Élevé,2026-08-04
40055,"Coeur, dinde, cru",Vitamine_E_mg_100g,,0.31,mg,"USDA FoodData Central (SR Legacy) — Turkey, all classes, heart, raw",,Correspondance exacte : coeur de dinde cru.,Élevé,2026-08-04
40055,"Coeur, dinde, cru",Sélénium_µg_100g,,35.4,µg,"USDA FoodData Central (SR Legacy) — Turkey, all classes, heart, raw",,Correspondance exacte : coeur de dinde cru.,Élevé,2026-08-04
40057,"Coeur, dinde, cuit",Vitamine_E_mg_100g,,0.13,mg,"USDA FoodData Central (SR Legacy) — Turkey, all classes, heart, cooked, simmered",,Correspondance exacte : coeur de dinde cuit (mijoté).,Élevé,2026-08-04
40057,"Coeur, dinde, cuit",Sélénium_µg_100g,,56.8,µg,"USDA FoodData Central (SR Legacy) — Turkey, all classes, heart, cooked, simmered",,Correspondance exacte : coeur de dinde cuit (mijoté).,Élevé,2026-08-04
40060,"Coeur, porc, cru",Vitamine_E_mg_100g,,0.63,mg,"USDA FoodData Central (SR Legacy) — Pork, fresh, variety meats and by-products, heart, raw",,Correspondance exacte : coeur de porc cru.,Élevé,2026-08-04
40054,"Coeur, poulet, cru",Sélénium_µg_100g,,4.3,µg,"USDA FoodData Central (SR Legacy) — Chicken, heart, all classes, raw",,Correspondance exacte : coeur de poulet cru.,Élevé,2026-08-04
40056,"Coeur, poulet, cuit",Sélénium_µg_100g,,8.0,µg,"USDA FoodData Central (SR Legacy) — Chicken, heart, all classes, cooked, simmered",,Correspondance exacte : coeur de poulet cuit (mijoté).,Élevé,2026-08-04
40115,"Foie, dinde, cru",Vitamine_E_mg_100g,,0.24,mg,"USDA FoodData Central (SR Legacy) — Turkey, all classes, liver, raw",,Correspondance exacte : foie de dinde cru.,Élevé,2026-08-04
40115,"Foie, dinde, cru",Sélénium_µg_100g,,68.7,µg,"USDA FoodData Central (SR Legacy) — Turkey, all classes, liver, raw",,Correspondance exacte : foie de dinde cru.,Élevé,2026-08-04
40118,"Foie, dinde, cuit",Vitamine_E_mg_100g,,0.15,mg,"USDA FoodData Central (SR Legacy) — Turkey, all classes, liver, cooked, simmered",,Correspondance exacte : foie de dinde cuit (mijoté).,Élevé,2026-08-04
40118,"Foie, dinde, cuit",Sélénium_µg_100g,,102.3,µg,"USDA FoodData Central (SR Legacy) — Turkey, all classes, liver, cooked, simmered",,Correspondance exacte : foie de dinde cuit (mijoté).,Élevé,2026-08-04
40104,"Foie, génisse, cru",Vitamine_E_mg_100g,,0.38,mg,"USDA FoodData Central (SR Legacy) — Beef, variety meats and by-products, liver, raw",,"Foie de génisse (jeune vache) ; l'USDA ne distingue pas l'âge/sexe, proxy foie de boeuf générique.",Moyen,2026-08-04
40105,"Foie, génisse, cuit",Vitamine_E_mg_100g,,0.51,mg,"USDA FoodData Central (SR Legacy) — Beef, variety meats and by-products, liver, cooked, braised",,"Même proxy, foie de boeuf cuit (braisé).",Moyen,2026-08-04
40113,"Foie, porc, cuit",Sélénium_µg_100g,,67.5,µg,"USDA FoodData Central (SR Legacy) — Pork, fresh, variety meats and by-products, liver, cooked, braised",,Correspondance exacte : foie de porc cuit (braisé).,Élevé,2026-08-04
40111,"Foie, poulet, cru",Vitamine_E_mg_100g,,0.7,mg,"USDA FoodData Central (SR Legacy) — Chicken, liver, all classes, raw",,Correspondance exacte : foie de poulet cru.,Élevé,2026-08-04
40116,"Foie, poulet, cuit",Vitamine_E_mg_100g,,0.82,mg,"USDA FoodData Central (SR Legacy) — Chicken, liver, all classes, cooked, simmered",,Correspondance exacte : foie de poulet cuit (mijoté).,Élevé,2026-08-04
40116,"Foie, poulet, cuit",Sélénium_µg_100g,,82.4,µg,"USDA FoodData Central (SR Legacy) — Chicken, liver, all classes, cooked, simmered",,Correspondance exacte : foie de poulet cuit (mijoté).,Élevé,2026-08-04
40106,"Foie, veau, cru",Vitamine_E_mg_100g,,0.37,mg,"USDA FoodData Central (SR Legacy) — Veal, variety meats and by-products, liver, raw",,Correspondance exacte : foie de veau cru.,Élevé,2026-08-04
40108,"Foie, volaille, cru",Vitamine_E_mg_100g,,0.7,mg,"USDA FoodData Central (SR Legacy) — Chicken, liver, all classes, raw",,"Foie de volaille, espèce non précisée ; proxy foie de poulet (volaille la plus courante).",Moyen,2026-08-04
40108,"Foie, volaille, cru",Vitamine_K1_µg_100g,,0.0,µg,"USDA FoodData Central (SR Legacy) — Chicken, liver, all classes, raw",,"Foie de volaille, espèce non précisée ; proxy foie de poulet (volaille la plus courante).",Moyen,2026-08-04
40108,"Foie, volaille, cru",Vitamine_B9_µg_100g,,588.0,µg,"USDA FoodData Central (SR Legacy) — Chicken, liver, all classes, raw",,"Foie de volaille, espèce non précisée ; proxy foie de poulet (volaille la plus courante).",Moyen,2026-08-04
40108,"Foie, volaille, cru",Vitamine_D_µg_100g,,0.0,µg,"USDA FoodData Central (SR Legacy) — Chicken, liver, all classes, raw",,"Foie de volaille, espèce non précisée ; proxy foie de poulet (volaille la plus courante).",Moyen,2026-08-04
40108,"Foie, volaille, cru",Vitamine_B12_µg_100g,,16.58,µg,"USDA FoodData Central (SR Legacy) — Chicken, liver, all classes, raw",,"Foie de volaille, espèce non précisée ; proxy foie de poulet (volaille la plus courante).",Moyen,2026-08-04
40108,"Foie, volaille, cru",Sélénium_µg_100g,,54.6,µg,"USDA FoodData Central (SR Legacy) — Chicken, liver, all classes, raw",,"Foie de volaille, espèce non précisée ; proxy foie de poulet (volaille la plus courante).",Moyen,2026-08-04
40108,"Foie, volaille, cru",Beta-Carotène_µg_100g,,56.0,µg,"USDA FoodData Central (SR Legacy) — Chicken, liver, all classes, raw",,"Foie de volaille, espèce non précisée ; proxy foie de poulet (volaille la plus courante).",Moyen,2026-08-04
40109,"Foie, volaille, cuit",Vitamine_E_mg_100g,,0.82,mg,"USDA FoodData Central (SR Legacy) — Chicken, liver, all classes, cooked, simmered",,"Même proxy, cuit.",Moyen,2026-08-04
40109,"Foie, volaille, cuit",Beta-Carotène_µg_100g,,30.0,µg,"USDA FoodData Central (SR Legacy) — Chicken, liver, all classes, cooked, simmered",,"Même proxy, cuit.",Moyen,2026-08-04
40700,"Gésier, poulet, cru",Vitamine_E_mg_100g,,0.33,mg,"USDA FoodData Central (SR Legacy) — Chicken, gizzard, all classes, raw",,Correspondance exacte : gésier de poulet cru.,Élevé,2026-08-04
40700,"Gésier, poulet, cru",Sélénium_µg_100g,,25.5,µg,"USDA FoodData Central (SR Legacy) — Chicken, gizzard, all classes, raw",,Correspondance exacte : gésier de poulet cru.,Élevé,2026-08-04
40207,"Langue, agneau, crue",Vitamine_B9_µg_100g,,4.0,µg,"USDA FoodData Central (SR Legacy) — Lamb, variety meats and by-products, tongue, raw",,Correspondance exacte : langue d'agneau crue.,Élevé,2026-08-04
40203,"Langue, boeuf, cuite",Vitamine_E_mg_100g,,0.3,mg,"USDA FoodData Central (SR Legacy) — Beef, variety meats and by-products, tongue, cooked, simmered",,Correspondance exacte : langue de boeuf cuite (mijotée).,Élevé,2026-08-04
40205,"Langue, porc, crue",Vitamine_E_mg_100g,,0.29,mg,"USDA FoodData Central (SR Legacy) — Pork, fresh, variety meats and by-products, tongue, raw",,Correspondance exacte : langue de porc crue.,Élevé,2026-08-04
40302,"Ris, agneau, cru",Vitamine_E_mg_100g,,0.48,mg,"USDA FoodData Central (SR Legacy) — Lamb, New Zealand, imported, sweetbread, raw",,Correspondance exacte : ris d'agneau (thymus/sweetbread) cru.,Élevé,2026-08-04
40302,"Ris, agneau, cru",Beta-Carotène_µg_100g,,0.0,µg,"USDA FoodData Central (SR Legacy) — Lamb, New Zealand, imported, sweetbread, raw",,Correspondance exacte : ris d'agneau (thymus/sweetbread) cru.,Élevé,2026-08-04
40303,"Ris, agneau, cuit",Vitamine_E_mg_100g,,1.13,mg,"USDA FoodData Central (SR Legacy) — Lamb, New Zealand, imported, sweetbread, cooked, soaked and simmered",,Correspondance exacte : ris d'agneau cuit.,Élevé,2026-08-04
40303,"Ris, agneau, cuit",Vitamine_D_µg_100g,,0.2,µg,"USDA FoodData Central (SR Legacy) — Lamb, New Zealand, imported, sweetbread, cooked, soaked and simmered",,Correspondance exacte : ris d'agneau cuit.,Élevé,2026-08-04
40303,"Ris, agneau, cuit",Sélénium_µg_100g,,14.9,µg,"USDA FoodData Central (SR Legacy) — Lamb, New Zealand, imported, sweetbread, cooked, soaked and simmered",,Correspondance exacte : ris d'agneau cuit.,Élevé,2026-08-04
40303,"Ris, agneau, cuit",Beta-Carotène_µg_100g,,0.0,µg,"USDA FoodData Central (SR Legacy) — Lamb, New Zealand, imported, sweetbread, cooked, soaked and simmered",,Correspondance exacte : ris d'agneau cuit.,Élevé,2026-08-04
40305,"Ris, veau, braisé ou grillé/poêlé",Vitamine_E_mg_100g,,0.09,mg,"USDA FoodData Central (SR Legacy) — Veal, variety meats and by-products, thymus, cooked, braised",,"Correspondance exacte : ris de veau braisé/grillé (thymus, cuit braisé).",Élevé,2026-08-04
40305,"Ris, veau, braisé ou grillé/poêlé",Sélénium_µg_100g,,21.5,µg,"USDA FoodData Central (SR Legacy) — Veal, variety meats and by-products, thymus, cooked, braised",,"Correspondance exacte : ris de veau braisé/grillé (thymus, cuit braisé).",Élevé,2026-08-04
40304,"Ris, veau, cru",Vitamine_E_mg_100g,,0.09,mg,"USDA FoodData Central (SR Legacy) — Veal, variety meats and by-products, thymus, raw",,Correspondance exacte : ris de veau cru (thymus).,Élevé,2026-08-04
40402,"Rognon, boeuf, cru",Vitamine_E_mg_100g,,0.22,mg,"USDA FoodData Central (SR Legacy) — Beef, variety meats and by-products, kidneys, raw",,Correspondance exacte : rognon de boeuf cru.,Élevé,2026-08-04
40403,"Rognon, boeuf, cuit",Vitamine_E_mg_100g,,0.08,mg,"USDA FoodData Central (SR Legacy) — Beef, variety meats and by-products, kidneys, cooked, simmered",,Correspondance exacte : rognon de boeuf cuit (mijoté).,Élevé,2026-08-04
40403,"Rognon, boeuf, cuit",Sélénium_µg_100g,,168.0,µg,"USDA FoodData Central (SR Legacy) — Beef, variety meats and by-products, kidneys, cooked, simmered",,Correspondance exacte : rognon de boeuf cuit (mijoté).,Élevé,2026-08-04
40405,"Rognon, porc, cuit",Sélénium_µg_100g,,311.5,µg,"USDA FoodData Central (SR Legacy) — Pork, fresh, variety meats and by-products, kidneys, cooked, braised",,Correspondance exacte : rognon de porc cuit (braisé).,Élevé,2026-08-04
40502,"Tripes, boeuf, crues",Vitamine_E_mg_100g,,0.09,mg,"USDA FoodData Central (SR Legacy) — Beef, variety meats and by-products, tripe, raw",,Correspondance exacte : tripes de boeuf crues.,Élevé,2026-08-04
40502,"Tripes, boeuf, crues",Sélénium_µg_100g,,12.5,µg,"USDA FoodData Central (SR Legacy) — Beef, variety meats and by-products, tripe, raw",,Correspondance exacte : tripes de boeuf crues.,Élevé,2026-08-04
28104,"Porc, carré cru",Vitamine_E_mg_100g,,0.22,mg,"USDA FoodData Central (SR Legacy) — Pork, fresh, loin, tenderloin, separable lean only, raw",,"Carré de porc cru ; proxy filet de porc maigre cru (morceau non distingué, teneur en matières grasses proche pour un morceau maigre).",Moyen,2026-08-04
28104,"Porc, carré cru",Vitamine_K1_µg_100g,,0.0,µg,"USDA FoodData Central (SR Legacy) — Pork, fresh, loin, tenderloin, separable lean only, raw",,"Carré de porc cru ; proxy filet de porc maigre cru (morceau non distingué, teneur en matières grasses proche pour un morceau maigre).",Moyen,2026-08-04
28104,"Porc, carré cru",Vitamine_B9_µg_100g,,0.0,µg,"USDA FoodData Central (SR Legacy) — Pork, fresh, loin, tenderloin, separable lean only, raw",,"Carré de porc cru ; proxy filet de porc maigre cru (morceau non distingué, teneur en matières grasses proche pour un morceau maigre).",Moyen,2026-08-04
28104,"Porc, carré cru",Vitamine_D_µg_100g,,0.2,µg,"USDA FoodData Central (SR Legacy) — Pork, fresh, loin, tenderloin, separable lean only, raw",,"Carré de porc cru ; proxy filet de porc maigre cru (morceau non distingué, teneur en matières grasses proche pour un morceau maigre).",Moyen,2026-08-04
28104,"Porc, carré cru",Beta-Carotène_µg_100g,,0.0,µg,"USDA FoodData Central (SR Legacy) — Pork, fresh, loin, tenderloin, separable lean only, raw",,"Carré de porc cru ; proxy filet de porc maigre cru (morceau non distingué, teneur en matières grasses proche pour un morceau maigre).",Moyen,2026-08-04
28105,"Porc, carré cuit",Vitamine_E_mg_100g,,0.1,mg,"USDA FoodData Central (SR Legacy) — Pork, fresh, loin, top loin (roasts), boneless, separable lean only, cooked, roasted",,Carré de porc cuit ; proxy longe de porc rôtie maigre.,Moyen,2026-08-04
28105,"Porc, carré cuit",Vitamine_K1_µg_100g,,0.0,µg,"USDA FoodData Central (SR Legacy) — Pork, fresh, loin, top loin (roasts), boneless, separable lean only, cooked, roasted",,Carré de porc cuit ; proxy longe de porc rôtie maigre.,Moyen,2026-08-04
28105,"Porc, carré cuit",Vitamine_B9_µg_100g,,0.0,µg,"USDA FoodData Central (SR Legacy) — Pork, fresh, loin, top loin (roasts), boneless, separable lean only, cooked, roasted",,Carré de porc cuit ; proxy longe de porc rôtie maigre.,Moyen,2026-08-04
28105,"Porc, carré cuit",Vitamine_D_µg_100g,,0.4,µg,"USDA FoodData Central (SR Legacy) — Pork, fresh, loin, top loin (roasts), boneless, separable lean only, cooked, roasted",,Carré de porc cuit ; proxy longe de porc rôtie maigre.,Moyen,2026-08-04
28105,"Porc, carré cuit",Beta-Carotène_µg_100g,,0.0,µg,"USDA FoodData Central (SR Legacy) — Pork, fresh, loin, top loin (roasts), boneless, separable lean only, cooked, roasted",,Carré de porc cuit ; proxy longe de porc rôtie maigre.,Moyen,2026-08-04
28100,"Porc, côte crue",Vitamine_E_mg_100g,,0.22,mg,"USDA FoodData Central (SR Legacy) — Pork, fresh, loin, tenderloin, separable lean only, raw",,Côte de porc crue ; même proxy filet maigre cru.,Moyen,2026-08-04
28302,"Porc, échine crue",Vitamine_E_mg_100g,,0.22,mg,"USDA FoodData Central (SR Legacy) — Pork, fresh, loin, tenderloin, separable lean only, raw",,"Échine de porc crue ; proxy filet maigre cru (l'échine est un morceau plus gras, sous-estimation possible des vitamines liposolubles).",Moyen,2026-08-04
28302,"Porc, échine crue",Vitamine_K1_µg_100g,,0.0,µg,"USDA FoodData Central (SR Legacy) — Pork, fresh, loin, tenderloin, separable lean only, raw",,"Échine de porc crue ; proxy filet maigre cru (l'échine est un morceau plus gras, sous-estimation possible des vitamines liposolubles).",Moyen,2026-08-04
28302,"Porc, échine crue",Vitamine_B9_µg_100g,,0.0,µg,"USDA FoodData Central (SR Legacy) — Pork, fresh, loin, tenderloin, separable lean only, raw",,"Échine de porc crue ; proxy filet maigre cru (l'échine est un morceau plus gras, sous-estimation possible des vitamines liposolubles).",Moyen,2026-08-04
28302,"Porc, échine crue",Beta-Carotène_µg_100g,,0.0,µg,"USDA FoodData Central (SR Legacy) — Pork, fresh, loin, tenderloin, separable lean only, raw",,"Échine de porc crue ; proxy filet maigre cru (l'échine est un morceau plus gras, sous-estimation possible des vitamines liposolubles).",Moyen,2026-08-04
28451,"Porc, échine rôtie/cuite au four",Vitamine_E_mg_100g,,0.1,mg,"USDA FoodData Central (SR Legacy) — Pork, fresh, loin, top loin (roasts), boneless, separable lean only, cooked, roasted",,Échine de porc rôtie ; même proxy longe rôtie maigre.,Moyen,2026-08-04
28010,"Porc, épaule cuite",Vitamine_E_mg_100g,,0.25,mg,"USDA FoodData Central (SR Legacy) — Pork, fresh, shoulder, whole, separable lean only, cooked, roasted",,"Correspondance exacte : épaule de porc, maigre, cuite/rôtie.",Élevé,2026-08-04
28460,"Porc, escalope de jambon crue",Vitamine_E_mg_100g,,0.22,mg,"USDA FoodData Central (SR Legacy) — Pork, fresh, loin, tenderloin, separable lean only, raw",,Escalope de jambon (frais) crue ; proxy filet de porc maigre cru.,Moyen,2026-08-04
28461,"Porc, escalope de jambon cuite",Vitamine_E_mg_100g,,0.1,mg,"USDA FoodData Central (SR Legacy) — Pork, fresh, loin, top loin (roasts), boneless, separable lean only, cooked, roasted",,Escalope de jambon cuite ; même proxy rôti maigre.,Moyen,2026-08-04
28461,"Porc, escalope de jambon cuite",Vitamine_K1_µg_100g,,0.0,µg,"USDA FoodData Central (SR Legacy) — Pork, fresh, loin, top loin (roasts), boneless, separable lean only, cooked, roasted",,Escalope de jambon cuite ; même proxy rôti maigre.,Moyen,2026-08-04
28461,"Porc, escalope de jambon cuite",Vitamine_B9_µg_100g,,0.0,µg,"USDA FoodData Central (SR Legacy) — Pork, fresh, loin, top loin (roasts), boneless, separable lean only, cooked, roasted",,Escalope de jambon cuite ; même proxy rôti maigre.,Moyen,2026-08-04
28461,"Porc, escalope de jambon cuite",Vitamine_D_µg_100g,,0.4,µg,"USDA FoodData Central (SR Legacy) — Pork, fresh, loin, top loin (roasts), boneless, separable lean only, cooked, roasted",,Escalope de jambon cuite ; même proxy rôti maigre.,Moyen,2026-08-04
28461,"Porc, escalope de jambon cuite",Beta-Carotène_µg_100g,,0.0,µg,"USDA FoodData Central (SR Legacy) — Pork, fresh, loin, top loin (roasts), boneless, separable lean only, cooked, roasted",,Escalope de jambon cuite ; même proxy rôti maigre.,Moyen,2026-08-04
28202,"Porc, filet maigre, en rôti, cuit",Vitamine_E_mg_100g,,0.08,mg,"USDA FoodData Central (SR Legacy) — Pork, fresh, loin, tenderloin, separable lean only, cooked, roasted",,"Correspondance exacte : filet de porc maigre en rôti, cuit = ""tenderloin, lean only, cooked, roasted"".",Élevé,2026-08-04
28202,"Porc, filet maigre, en rôti, cuit",Sélénium_µg_100g,,38.2,µg,"USDA FoodData Central (SR Legacy) — Pork, fresh, loin, tenderloin, separable lean only, cooked, roasted",,"Correspondance exacte : filet de porc maigre en rôti, cuit = ""tenderloin, lean only, cooked, roasted"".",Élevé,2026-08-04
28204,"Porc, filet mignon cru",Vitamine_E_mg_100g,,0.22,mg,"USDA FoodData Central (SR Legacy) — Pork, fresh, loin, tenderloin, separable lean only, raw",,"Correspondance exacte : filet mignon de porc cru = ""tenderloin, lean only, raw"".",Élevé,2026-08-04
28472,"Porc, hachage sans jarret, sans bateau, découenné, dégraissé, désossé, cru",Vitamine_E_mg_100g,,0.22,mg,"USDA FoodData Central (SR Legacy) — Pork, fresh, loin, tenderloin, separable lean only, raw",,"Pièce de porc découennée/dégraissée/désossée pour hachage, crue ; proxy filet maigre cru (pièce maigre de transformation).",Moyen,2026-08-04
28472,"Porc, hachage sans jarret, sans bateau, découenné, dégraissé, désossé, cru",Vitamine_K1_µg_100g,,0.0,µg,"USDA FoodData Central (SR Legacy) — Pork, fresh, loin, tenderloin, separable lean only, raw",,"Pièce de porc découennée/dégraissée/désossée pour hachage, crue ; proxy filet maigre cru (pièce maigre de transformation).",Moyen,2026-08-04
28472,"Porc, hachage sans jarret, sans bateau, découenné, dégraissé, désossé, cru",Vitamine_B9_µg_100g,,0.0,µg,"USDA FoodData Central (SR Legacy) — Pork, fresh, loin, tenderloin, separable lean only, raw",,"Pièce de porc découennée/dégraissée/désossée pour hachage, crue ; proxy filet maigre cru (pièce maigre de transformation).",Moyen,2026-08-04
28472,"Porc, hachage sans jarret, sans bateau, découenné, dégraissé, désossé, cru",Vitamine_D_µg_100g,,0.2,µg,"USDA FoodData Central (SR Legacy) — Pork, fresh, loin, tenderloin, separable lean only, raw",,"Pièce de porc découennée/dégraissée/désossée pour hachage, crue ; proxy filet maigre cru (pièce maigre de transformation).",Moyen,2026-08-04
28472,"Porc, hachage sans jarret, sans bateau, découenné, dégraissé, désossé, cru",Vitamine_B12_µg_100g,,0.51,µg,"USDA FoodData Central (SR Legacy) — Pork, fresh, loin, tenderloin, separable lean only, raw",,"Pièce de porc découennée/dégraissée/désossée pour hachage, crue ; proxy filet maigre cru (pièce maigre de transformation).",Moyen,2026-08-04
28472,"Porc, hachage sans jarret, sans bateau, découenné, dégraissé, désossé, cru",Sélénium_µg_100g,,30.8,µg,"USDA FoodData Central (SR Legacy) — Pork, fresh, loin, tenderloin, separable lean only, raw",,"Pièce de porc découennée/dégraissée/désossée pour hachage, crue ; proxy filet maigre cru (pièce maigre de transformation).",Moyen,2026-08-04
28472,"Porc, hachage sans jarret, sans bateau, découenné, dégraissé, désossé, cru",Beta-Carotène_µg_100g,,0.0,µg,"USDA FoodData Central (SR Legacy) — Pork, fresh, loin, tenderloin, separable lean only, raw",,"Pièce de porc découennée/dégraissée/désossée pour hachage, crue ; proxy filet maigre cru (pièce maigre de transformation).",Moyen,2026-08-04
28473,"Porc, jambon sans jarret, sans bateau, découenné, dégraissé, désossé, cru",Vitamine_E_mg_100g,,0.22,mg,"USDA FoodData Central (SR Legacy) — Pork, fresh, loin, tenderloin, separable lean only, raw",,"Jambon (pièce fraîche) découenné/dégraissé/désossé, cru ; même proxy filet maigre.",Moyen,2026-08-04
28473,"Porc, jambon sans jarret, sans bateau, découenné, dégraissé, désossé, cru",Vitamine_K1_µg_100g,,0.0,µg,"USDA FoodData Central (SR Legacy) — Pork, fresh, loin, tenderloin, separable lean only, raw",,"Jambon (pièce fraîche) découenné/dégraissé/désossé, cru ; même proxy filet maigre.",Moyen,2026-08-04
28473,"Porc, jambon sans jarret, sans bateau, découenné, dégraissé, désossé, cru",Vitamine_B9_µg_100g,,0.0,µg,"USDA FoodData Central (SR Legacy) — Pork, fresh, loin, tenderloin, separable lean only, raw",,"Jambon (pièce fraîche) découenné/dégraissé/désossé, cru ; même proxy filet maigre.",Moyen,2026-08-04
28473,"Porc, jambon sans jarret, sans bateau, découenné, dégraissé, désossé, cru",Vitamine_D_µg_100g,,0.2,µg,"USDA FoodData Central (SR Legacy) — Pork, fresh, loin, tenderloin, separable lean only, raw",,"Jambon (pièce fraîche) découenné/dégraissé/désossé, cru ; même proxy filet maigre.",Moyen,2026-08-04
28473,"Porc, jambon sans jarret, sans bateau, découenné, dégraissé, désossé, cru",Vitamine_B12_µg_100g,,0.51,µg,"USDA FoodData Central (SR Legacy) — Pork, fresh, loin, tenderloin, separable lean only, raw",,"Jambon (pièce fraîche) découenné/dégraissé/désossé, cru ; même proxy filet maigre.",Moyen,2026-08-04
28473,"Porc, jambon sans jarret, sans bateau, découenné, dégraissé, désossé, cru",Sélénium_µg_100g,,30.8,µg,"USDA FoodData Central (SR Legacy) — Pork, fresh, loin, tenderloin, separable lean only, raw",,"Jambon (pièce fraîche) découenné/dégraissé/désossé, cru ; même proxy filet maigre.",Moyen,2026-08-04
28473,"Porc, jambon sans jarret, sans bateau, découenné, dégraissé, désossé, cru",Beta-Carotène_µg_100g,,0.0,µg,"USDA FoodData Central (SR Legacy) — Pork, fresh, loin, tenderloin, separable lean only, raw",,"Jambon (pièce fraîche) découenné/dégraissé/désossé, cru ; même proxy filet maigre.",Moyen,2026-08-04
28474,"Porc, jambonneau arrière, découenné, dégraisssé, désossé, cru",Vitamine_B9_µg_100g,,5.0,µg,"USDA FoodData Central (SR Legacy) — Pork, fresh, shoulder, whole, separable lean only, raw",,"Jambonneau arrière découenné/dégraissé/désossé, cru ; proxy épaule de porc maigre crue.",Moyen,2026-08-04
28474,"Porc, jambonneau arrière, découenné, dégraisssé, désossé, cru",Vitamine_B12_µg_100g,,0.84,µg,"USDA FoodData Central (SR Legacy) — Pork, fresh, shoulder, whole, separable lean only, raw",,"Jambonneau arrière découenné/dégraissé/désossé, cru ; proxy épaule de porc maigre crue.",Moyen,2026-08-04
28474,"Porc, jambonneau arrière, découenné, dégraisssé, désossé, cru",Sélénium_µg_100g,,29.5,µg,"USDA FoodData Central (SR Legacy) — Pork, fresh, shoulder, whole, separable lean only, raw",,"Jambonneau arrière découenné/dégraissé/désossé, cru ; proxy épaule de porc maigre crue.",Moyen,2026-08-04
28477,"Porc, palette, découennée, dégraissée, désossée, crue",Vitamine_B9_µg_100g,,5.0,µg,"USDA FoodData Central (SR Legacy) — Pork, fresh, shoulder, whole, separable lean only, raw",,Palette découennée/dégraissée/désossée crue ; même proxy épaule maigre.,Moyen,2026-08-04
28477,"Porc, palette, découennée, dégraissée, désossée, crue",Vitamine_B12_µg_100g,,0.84,µg,"USDA FoodData Central (SR Legacy) — Pork, fresh, shoulder, whole, separable lean only, raw",,Palette découennée/dégraissée/désossée crue ; même proxy épaule maigre.,Moyen,2026-08-04
28477,"Porc, palette, découennée, dégraissée, désossée, crue",Sélénium_µg_100g,,29.5,µg,"USDA FoodData Central (SR Legacy) — Pork, fresh, shoulder, whole, separable lean only, raw",,Palette découennée/dégraissée/désossée crue ; même proxy épaule maigre.,Moyen,2026-08-04
28002,"Porc, poitrine crue",Vitamine_E_mg_100g,,0.39,mg,"USDA FoodData Central (SR Legacy) — Pork, fresh, belly, raw",,"Correspondance exacte : poitrine de porc crue = ""pork, fresh, belly, raw"".",Élevé,2026-08-04
28002,"Porc, poitrine crue",Beta-Carotène_µg_100g,,0.0,µg,"USDA FoodData Central (SR Legacy) — Pork, fresh, belly, raw",,"Correspondance exacte : poitrine de porc crue = ""pork, fresh, belly, raw"".",Élevé,2026-08-04
28479,"Porc, poitrine cutter, sans mouille, crue",Vitamine_E_mg_100g,,0.39,mg,"USDA FoodData Central (SR Legacy) — Pork, fresh, belly, raw",,"Poitrine de porc ""cutter"" sans mouille, crue ; même proxy poitrine fraîche.",Moyen,2026-08-04
28479,"Porc, poitrine cutter, sans mouille, crue",Vitamine_K1_µg_100g,,0.0,µg,"USDA FoodData Central (SR Legacy) — Pork, fresh, belly, raw",,"Poitrine de porc ""cutter"" sans mouille, crue ; même proxy poitrine fraîche.",Moyen,2026-08-04
28479,"Porc, poitrine cutter, sans mouille, crue",Vitamine_B9_µg_100g,,1.0,µg,"USDA FoodData Central (SR Legacy) — Pork, fresh, belly, raw",,"Poitrine de porc ""cutter"" sans mouille, crue ; même proxy poitrine fraîche.",Moyen,2026-08-04
28479,"Porc, poitrine cutter, sans mouille, crue",Vitamine_B12_µg_100g,,0.84,µg,"USDA FoodData Central (SR Legacy) — Pork, fresh, belly, raw",,"Poitrine de porc ""cutter"" sans mouille, crue ; même proxy poitrine fraîche.",Moyen,2026-08-04
28479,"Porc, poitrine cutter, sans mouille, crue",Sélénium_µg_100g,,8.0,µg,"USDA FoodData Central (SR Legacy) — Pork, fresh, belly, raw",,"Poitrine de porc ""cutter"" sans mouille, crue ; même proxy poitrine fraîche.",Moyen,2026-08-04
28479,"Porc, poitrine cutter, sans mouille, crue",Beta-Carotène_µg_100g,,0.0,µg,"USDA FoodData Central (SR Legacy) — Pork, fresh, belly, raw",,"Poitrine de porc ""cutter"" sans mouille, crue ; même proxy poitrine fraîche.",Moyen,2026-08-04
28301,"Porc, rôti cuit",Vitamine_E_mg_100g,,0.1,mg,"USDA FoodData Central (SR Legacy) — Pork, fresh, loin, top loin (roasts), boneless, separable lean only, cooked, roasted",,"Rôti de porc cuit, morceau non précisé ; proxy longe rôtie maigre.",Moyen,2026-08-04
28480,"Porc, rôti filet avec chaînette, cru",Vitamine_E_mg_100g,,0.22,mg,"USDA FoodData Central (SR Legacy) — Pork, fresh, loin, tenderloin, separable lean and fat, raw",,"Rôti filet de porc avec chaînette (graisse conservée), cru ; proxy filet avec gras ""lean and fat"" (plus représentatif que la version maigre seule vu la chaînette de gras conservée).",Moyen,2026-08-04
28480,"Porc, rôti filet avec chaînette, cru",Vitamine_K1_µg_100g,,0.0,µg,"USDA FoodData Central (SR Legacy) — Pork, fresh, loin, tenderloin, separable lean and fat, raw",,"Rôti filet de porc avec chaînette (graisse conservée), cru ; proxy filet avec gras ""lean and fat"" (plus représentatif que la version maigre seule vu la chaînette de gras conservée).",Moyen,2026-08-04
28480,"Porc, rôti filet avec chaînette, cru",Vitamine_B9_µg_100g,,0.0,µg,"USDA FoodData Central (SR Legacy) — Pork, fresh, loin, tenderloin, separable lean and fat, raw",,"Rôti filet de porc avec chaînette (graisse conservée), cru ; proxy filet avec gras ""lean and fat"" (plus représentatif que la version maigre seule vu la chaînette de gras conservée).",Moyen,2026-08-04
28480,"Porc, rôti filet avec chaînette, cru",Vitamine_D_µg_100g,,0.3,µg,"USDA FoodData Central (SR Legacy) — Pork, fresh, loin, tenderloin, separable lean and fat, raw",,"Rôti filet de porc avec chaînette (graisse conservée), cru ; proxy filet avec gras ""lean and fat"" (plus représentatif que la version maigre seule vu la chaînette de gras conservée).",Moyen,2026-08-04
28480,"Porc, rôti filet avec chaînette, cru",Vitamine_B12_µg_100g,,0.52,µg,"USDA FoodData Central (SR Legacy) — Pork, fresh, loin, tenderloin, separable lean and fat, raw",,"Rôti filet de porc avec chaînette (graisse conservée), cru ; proxy filet avec gras ""lean and fat"" (plus représentatif que la version maigre seule vu la chaînette de gras conservée).",Moyen,2026-08-04
28480,"Porc, rôti filet avec chaînette, cru",Sélénium_µg_100g,,30.3,µg,"USDA FoodData Central (SR Legacy) — Pork, fresh, loin, tenderloin, separable lean and fat, raw",,"Rôti filet de porc avec chaînette (graisse conservée), cru ; proxy filet avec gras ""lean and fat"" (plus représentatif que la version maigre seule vu la chaînette de gras conservée).",Moyen,2026-08-04
28480,"Porc, rôti filet avec chaînette, cru",Beta-Carotène_µg_100g,,0.0,µg,"USDA FoodData Central (SR Legacy) — Pork, fresh, loin, tenderloin, separable lean and fat, raw",,"Rôti filet de porc avec chaînette (graisse conservée), cru ; proxy filet avec gras ""lean and fat"" (plus représentatif que la version maigre seule vu la chaînette de gras conservée).",Moyen,2026-08-04
28102,"Porc, rouelle de jambon crue",Vitamine_E_mg_100g,,0.22,mg,"USDA FoodData Central (SR Legacy) — Pork, fresh, loin, tenderloin, separable lean only, raw",,Rouelle de jambon (frais) crue ; proxy filet de porc maigre cru.,Moyen,2026-08-04
28102,"Porc, rouelle de jambon crue",Vitamine_K1_µg_100g,,0.0,µg,"USDA FoodData Central (SR Legacy) — Pork, fresh, loin, tenderloin, separable lean only, raw",,Rouelle de jambon (frais) crue ; proxy filet de porc maigre cru.,Moyen,2026-08-04
28102,"Porc, rouelle de jambon crue",Vitamine_B9_µg_100g,,0.0,µg,"USDA FoodData Central (SR Legacy) — Pork, fresh, loin, tenderloin, separable lean only, raw",,Rouelle de jambon (frais) crue ; proxy filet de porc maigre cru.,Moyen,2026-08-04
28102,"Porc, rouelle de jambon crue",Vitamine_D_µg_100g,,0.2,µg,"USDA FoodData Central (SR Legacy) — Pork, fresh, loin, tenderloin, separable lean only, raw",,Rouelle de jambon (frais) crue ; proxy filet de porc maigre cru.,Moyen,2026-08-04
28102,"Porc, rouelle de jambon crue",Vitamine_B12_µg_100g,,0.51,µg,"USDA FoodData Central (SR Legacy) — Pork, fresh, loin, tenderloin, separable lean only, raw",,Rouelle de jambon (frais) crue ; proxy filet de porc maigre cru.,Moyen,2026-08-04
28102,"Porc, rouelle de jambon crue",Beta-Carotène_µg_100g,,0.0,µg,"USDA FoodData Central (SR Legacy) — Pork, fresh, loin, tenderloin, separable lean only, raw",,Rouelle de jambon (frais) crue ; proxy filet de porc maigre cru.,Moyen,2026-08-04
28103,"Porc, rouelle de jambon cuite",Vitamine_E_mg_100g,,0.1,mg,"USDA FoodData Central (SR Legacy) — Pork, fresh, loin, top loin (roasts), boneless, separable lean only, cooked, roasted",,Rouelle de jambon cuite ; même proxy rôti maigre.,Moyen,2026-08-04
28103,"Porc, rouelle de jambon cuite",Vitamine_K1_µg_100g,,0.0,µg,"USDA FoodData Central (SR Legacy) — Pork, fresh, loin, top loin (roasts), boneless, separable lean only, cooked, roasted",,Rouelle de jambon cuite ; même proxy rôti maigre.,Moyen,2026-08-04
28103,"Porc, rouelle de jambon cuite",Vitamine_B9_µg_100g,,0.0,µg,"USDA FoodData Central (SR Legacy) — Pork, fresh, loin, top loin (roasts), boneless, separable lean only, cooked, roasted",,Rouelle de jambon cuite ; même proxy rôti maigre.,Moyen,2026-08-04
28103,"Porc, rouelle de jambon cuite",Vitamine_D_µg_100g,,0.4,µg,"USDA FoodData Central (SR Legacy) — Pork, fresh, loin, top loin (roasts), boneless, separable lean only, cooked, roasted",,Rouelle de jambon cuite ; même proxy rôti maigre.,Moyen,2026-08-04
28103,"Porc, rouelle de jambon cuite",Vitamine_B12_µg_100g,,0.55,µg,"USDA FoodData Central (SR Legacy) — Pork, fresh, loin, top loin (roasts), boneless, separable lean only, cooked, roasted",,Rouelle de jambon cuite ; même proxy rôti maigre.,Moyen,2026-08-04
28103,"Porc, rouelle de jambon cuite",Beta-Carotène_µg_100g,,0.0,µg,"USDA FoodData Central (SR Legacy) — Pork, fresh, loin, top loin (roasts), boneless, separable lean only, cooked, roasted",,Rouelle de jambon cuite ; même proxy rôti maigre.,Moyen,2026-08-04
28401,"Porc, travers braisé",Vitamine_E_mg_100g,,0.34,mg,"USDA FoodData Central (SR Legacy) — Pork, fresh, spareribs, separable lean and fat, cooked, braised",,"Correspondance exacte : travers de porc braisé = ""spareribs, cooked, braised"".",Élevé,2026-08-04
28400,"Porc, travers cru",Vitamine_E_mg_100g,,0.37,mg,"USDA FoodData Central (SR Legacy) — Pork, fresh, spareribs, separable lean and fat, raw",,"Correspondance exacte : travers de porc cru = ""spareribs, raw"".",Élevé,2026-08-04
28505,"Corned-beef, appertisé",Vitamine_E_mg_100g,,0.15,mg,"USDA FoodData Central (SR Legacy) — Beef, cured, corned beef, canned",,"Correspondance exacte : corned-beef appertisé = ""beef, cured, corned beef, canned"".",Élevé,2026-08-04
28505,"Corned-beef, appertisé",Sélénium_µg_100g,,42.9,µg,"USDA FoodData Central (SR Legacy) — Beef, cured, corned beef, canned",,"Correspondance exacte : corned-beef appertisé = ""beef, cured, corned beef, canned"".",Élevé,2026-08-04
28922,"Dés, allumettes, râpé ou haché de jambon",Vitamine_E_mg_100g,,0.28,mg,"USDA FoodData Central (SR Legacy) — Pork, cured, ham, boneless, extra lean and regular, roasted",,Dés/allumettes/râpé/haché de jambon ; proxy jambon cuit maigre en conserve/rôti (le format de découpe ne modifie pas la composition nutritionnelle).,Moyen,2026-08-04
28922,"Dés, allumettes, râpé ou haché de jambon",Vitamine_K1_µg_100g,,0.0,µg,"USDA FoodData Central (SR Legacy) — Pork, cured, ham, boneless, extra lean and regular, roasted",,Dés/allumettes/râpé/haché de jambon ; proxy jambon cuit maigre en conserve/rôti (le format de découpe ne modifie pas la composition nutritionnelle).,Moyen,2026-08-04
28922,"Dés, allumettes, râpé ou haché de jambon",Vitamine_B9_µg_100g,,3.0,µg,"USDA FoodData Central (SR Legacy) — Pork, cured, ham, boneless, extra lean and regular, roasted",,Dés/allumettes/râpé/haché de jambon ; proxy jambon cuit maigre en conserve/rôti (le format de découpe ne modifie pas la composition nutritionnelle).,Moyen,2026-08-04
28922,"Dés, allumettes, râpé ou haché de jambon",Vitamine_D_µg_100g,,0.8,µg,"USDA FoodData Central (SR Legacy) — Pork, cured, ham, boneless, extra lean and regular, roasted",,Dés/allumettes/râpé/haché de jambon ; proxy jambon cuit maigre en conserve/rôti (le format de découpe ne modifie pas la composition nutritionnelle).,Moyen,2026-08-04
28922,"Dés, allumettes, râpé ou haché de jambon",Vitamine_B12_µg_100g,,0.68,µg,"USDA FoodData Central (SR Legacy) — Pork, cured, ham, boneless, extra lean and regular, roasted",,Dés/allumettes/râpé/haché de jambon ; proxy jambon cuit maigre en conserve/rôti (le format de découpe ne modifie pas la composition nutritionnelle).,Moyen,2026-08-04
28922,"Dés, allumettes, râpé ou haché de jambon",Sélénium_µg_100g,,19.5,µg,"USDA FoodData Central (SR Legacy) — Pork, cured, ham, boneless, extra lean and regular, roasted",,Dés/allumettes/râpé/haché de jambon ; proxy jambon cuit maigre en conserve/rôti (le format de découpe ne modifie pas la composition nutritionnelle).,Moyen,2026-08-04
28922,"Dés, allumettes, râpé ou haché de jambon",Beta-Carotène_µg_100g,,0.0,µg,"USDA FoodData Central (SR Legacy) — Pork, cured, ham, boneless, extra lean and regular, roasted",,Dés/allumettes/râpé/haché de jambon ; proxy jambon cuit maigre en conserve/rôti (le format de découpe ne modifie pas la composition nutritionnelle).,Moyen,2026-08-04
28929,"Dés, allumettes, râpé ou haché de jambon de volaille",Vitamine_E_mg_100g,,0.39,mg,"USDA FoodData Central (SR Legacy) — Ham, turkey, sliced, extra lean, prepackaged or deli",,Dés/allumettes/râpé/haché de jambon de volaille ; proxy jambon de dinde tranché extra-maigre.,Moyen,2026-08-04
28929,"Dés, allumettes, râpé ou haché de jambon de volaille",Vitamine_K1_µg_100g,,0.0,µg,"USDA FoodData Central (SR Legacy) — Ham, turkey, sliced, extra lean, prepackaged or deli",,Dés/allumettes/râpé/haché de jambon de volaille ; proxy jambon de dinde tranché extra-maigre.,Moyen,2026-08-04
28929,"Dés, allumettes, râpé ou haché de jambon de volaille",Vitamine_B9_µg_100g,,6.0,µg,"USDA FoodData Central (SR Legacy) — Ham, turkey, sliced, extra lean, prepackaged or deli",,Dés/allumettes/râpé/haché de jambon de volaille ; proxy jambon de dinde tranché extra-maigre.,Moyen,2026-08-04
28929,"Dés, allumettes, râpé ou haché de jambon de volaille",Vitamine_D_µg_100g,,0.0,µg,"USDA FoodData Central (SR Legacy) — Ham, turkey, sliced, extra lean, prepackaged or deli",,Dés/allumettes/râpé/haché de jambon de volaille ; proxy jambon de dinde tranché extra-maigre.,Moyen,2026-08-04
28929,"Dés, allumettes, râpé ou haché de jambon de volaille",Vitamine_B12_µg_100g,,0.26,µg,"USDA FoodData Central (SR Legacy) — Ham, turkey, sliced, extra lean, prepackaged or deli",,Dés/allumettes/râpé/haché de jambon de volaille ; proxy jambon de dinde tranché extra-maigre.,Moyen,2026-08-04
28929,"Dés, allumettes, râpé ou haché de jambon de volaille",Sélénium_µg_100g,,37.0,µg,"USDA FoodData Central (SR Legacy) — Ham, turkey, sliced, extra lean, prepackaged or deli",,Dés/allumettes/râpé/haché de jambon de volaille ; proxy jambon de dinde tranché extra-maigre.,Moyen,2026-08-04
28929,"Dés, allumettes, râpé ou haché de jambon de volaille",Beta-Carotène_µg_100g,,0.0,µg,"USDA FoodData Central (SR Legacy) — Ham, turkey, sliced, extra lean, prepackaged or deli",,Dés/allumettes/râpé/haché de jambon de volaille ; proxy jambon de dinde tranché extra-maigre.,Moyen,2026-08-04
28911,"Épaule de porc, cuite, choix, découennée dégraissée",Vitamine_E_mg_100g,,0.28,mg,"USDA FoodData Central (SR Legacy) — Pork, cured, ham, boneless, extra lean and regular, roasted",,"Épaule de porc cuite, choix, découennée dégraissée ; proxy jambon cuit désossé extra-maigre.",Moyen,2026-08-04
28911,"Épaule de porc, cuite, choix, découennée dégraissée",Vitamine_K1_µg_100g,,0.0,µg,"USDA FoodData Central (SR Legacy) — Pork, cured, ham, boneless, extra lean and regular, roasted",,"Épaule de porc cuite, choix, découennée dégraissée ; proxy jambon cuit désossé extra-maigre.",Moyen,2026-08-04
28911,"Épaule de porc, cuite, choix, découennée dégraissée",Vitamine_B9_µg_100g,,3.0,µg,"USDA FoodData Central (SR Legacy) — Pork, cured, ham, boneless, extra lean and regular, roasted",,"Épaule de porc cuite, choix, découennée dégraissée ; proxy jambon cuit désossé extra-maigre.",Moyen,2026-08-04
28911,"Épaule de porc, cuite, choix, découennée dégraissée",Vitamine_D_µg_100g,,0.8,µg,"USDA FoodData Central (SR Legacy) — Pork, cured, ham, boneless, extra lean and regular, roasted",,"Épaule de porc cuite, choix, découennée dégraissée ; proxy jambon cuit désossé extra-maigre.",Moyen,2026-08-04
28911,"Épaule de porc, cuite, choix, découennée dégraissée",Vitamine_B12_µg_100g,,0.68,µg,"USDA FoodData Central (SR Legacy) — Pork, cured, ham, boneless, extra lean and regular, roasted",,"Épaule de porc cuite, choix, découennée dégraissée ; proxy jambon cuit désossé extra-maigre.",Moyen,2026-08-04
28911,"Épaule de porc, cuite, choix, découennée dégraissée",Sélénium_µg_100g,,19.5,µg,"USDA FoodData Central (SR Legacy) — Pork, cured, ham, boneless, extra lean and regular, roasted",,"Épaule de porc cuite, choix, découennée dégraissée ; proxy jambon cuit désossé extra-maigre.",Moyen,2026-08-04
28911,"Épaule de porc, cuite, choix, découennée dégraissée",Beta-Carotène_µg_100g,,0.0,µg,"USDA FoodData Central (SR Legacy) — Pork, cured, ham, boneless, extra lean and regular, roasted",,"Épaule de porc cuite, choix, découennée dégraissée ; proxy jambon cuit désossé extra-maigre.",Moyen,2026-08-04
28924,"Épaule de porc, cuite, standard, découennée dégraissée",Vitamine_E_mg_100g,,0.28,mg,"USDA FoodData Central (SR Legacy) — Pork, cured, ham, boneless, extra lean and regular, roasted",,"Épaule de porc cuite, standard, découennée dégraissée ; même proxy jambon cuit désossé.",Moyen,2026-08-04
28924,"Épaule de porc, cuite, standard, découennée dégraissée",Vitamine_K1_µg_100g,,0.0,µg,"USDA FoodData Central (SR Legacy) — Pork, cured, ham, boneless, extra lean and regular, roasted",,"Épaule de porc cuite, standard, découennée dégraissée ; même proxy jambon cuit désossé.",Moyen,2026-08-04
28924,"Épaule de porc, cuite, standard, découennée dégraissée",Vitamine_B9_µg_100g,,3.0,µg,"USDA FoodData Central (SR Legacy) — Pork, cured, ham, boneless, extra lean and regular, roasted",,"Épaule de porc cuite, standard, découennée dégraissée ; même proxy jambon cuit désossé.",Moyen,2026-08-04
28924,"Épaule de porc, cuite, standard, découennée dégraissée",Vitamine_D_µg_100g,,0.8,µg,"USDA FoodData Central (SR Legacy) — Pork, cured, ham, boneless, extra lean and regular, roasted",,"Épaule de porc cuite, standard, découennée dégraissée ; même proxy jambon cuit désossé.",Moyen,2026-08-04
28924,"Épaule de porc, cuite, standard, découennée dégraissée",Vitamine_B12_µg_100g,,0.68,µg,"USDA FoodData Central (SR Legacy) — Pork, cured, ham, boneless, extra lean and regular, roasted",,"Épaule de porc cuite, standard, découennée dégraissée ; même proxy jambon cuit désossé.",Moyen,2026-08-04
28924,"Épaule de porc, cuite, standard, découennée dégraissée",Sélénium_µg_100g,,19.5,µg,"USDA FoodData Central (SR Legacy) — Pork, cured, ham, boneless, extra lean and regular, roasted",,"Épaule de porc cuite, standard, découennée dégraissée ; même proxy jambon cuit désossé.",Moyen,2026-08-04
28924,"Épaule de porc, cuite, standard, découennée dégraissée",Beta-Carotène_µg_100g,,0.0,µg,"USDA FoodData Central (SR Legacy) — Pork, cured, ham, boneless, extra lean and regular, roasted",,"Épaule de porc cuite, standard, découennée dégraissée ; même proxy jambon cuit désossé.",Moyen,2026-08-04
28727,Filet de bacon,Vitamine_E_mg_100g,,0.43,mg,"USDA FoodData Central (SR Legacy) — Pork, cured, bacon, unprepared",,"Correspondance exacte : filet de bacon = ""pork, cured, bacon, unprepared"".",Élevé,2026-08-04
28927,Haché de volaille,Vitamine_E_mg_100g,,0.09,mg,"USDA FoodData Central (SR Legacy) — Turkey, Ground, raw",,Haché de volaille ; proxy dinde hachée crue (espèce de volaille la plus documentée par l'USDA pour le haché).,Moyen,2026-08-04
28927,Haché de volaille,Vitamine_K1_µg_100g,,0.0,µg,"USDA FoodData Central (SR Legacy) — Turkey, Ground, raw",,Haché de volaille ; proxy dinde hachée crue (espèce de volaille la plus documentée par l'USDA pour le haché).,Moyen,2026-08-04
28927,Haché de volaille,Vitamine_B9_µg_100g,,7.0,µg,"USDA FoodData Central (SR Legacy) — Turkey, Ground, raw",,Haché de volaille ; proxy dinde hachée crue (espèce de volaille la plus documentée par l'USDA pour le haché).,Moyen,2026-08-04
28927,Haché de volaille,Vitamine_D_µg_100g,,0.4,µg,"USDA FoodData Central (SR Legacy) — Turkey, Ground, raw",,Haché de volaille ; proxy dinde hachée crue (espèce de volaille la plus documentée par l'USDA pour le haché).,Moyen,2026-08-04
28927,Haché de volaille,Vitamine_B12_µg_100g,,1.0,µg,"USDA FoodData Central (SR Legacy) — Turkey, Ground, raw",,Haché de volaille ; proxy dinde hachée crue (espèce de volaille la plus documentée par l'USDA pour le haché).,Moyen,2026-08-04
28927,Haché de volaille,Sélénium_µg_100g,,21.9,µg,"USDA FoodData Central (SR Legacy) — Turkey, Ground, raw",,Haché de volaille ; proxy dinde hachée crue (espèce de volaille la plus documentée par l'USDA pour le haché).,Moyen,2026-08-04
28927,Haché de volaille,Beta-Carotène_µg_100g,,0.0,µg,"USDA FoodData Central (SR Legacy) — Turkey, Ground, raw",,Haché de volaille ; proxy dinde hachée crue (espèce de volaille la plus documentée par l'USDA pour le haché).,Moyen,2026-08-04
28905,Jambon à l'os braisé,Vitamine_E_mg_100g,,0.28,mg,"USDA FoodData Central (SR Legacy) — Pork, cured, ham, boneless, extra lean and regular, roasted",,Jambon à l'os braisé ; proxy jambon cuit désossé extra-maigre (l'os affecte peu la composition de la partie maigre consommée).,Moyen,2026-08-04
28905,Jambon à l'os braisé,Sélénium_µg_100g,,19.5,µg,"USDA FoodData Central (SR Legacy) — Pork, cured, ham, boneless, extra lean and regular, roasted",,Jambon à l'os braisé ; proxy jambon cuit désossé extra-maigre (l'os affecte peu la composition de la partie maigre consommée).,Moyen,2026-08-04
28801,Jambon cru fumé,Vitamine_E_mg_100g,,0.28,mg,"USDA FoodData Central (SR Legacy) — Pork, cured, ham, center slice, country-style, separable lean only, raw",,"Jambon cru fumé (jambon sec) ; proxy ""pork, cured, ham, center slice, country-style, lean only, raw"" (jambon cru maigre, fumage non distingué par l'USDA).",Moyen,2026-08-04
28801,Jambon cru fumé,Beta-Carotène_µg_100g,,0.0,µg,"USDA FoodData Central (SR Legacy) — Pork, cured, ham, center slice, country-style, separable lean only, raw",,"Jambon cru fumé (jambon sec) ; proxy ""pork, cured, ham, center slice, country-style, lean only, raw"" (jambon cru maigre, fumage non distingué par l'USDA).",Moyen,2026-08-04
28804,"Jambon cru fumé, allégé en matière grasse",Vitamine_E_mg_100g,,0.28,mg,"USDA FoodData Central (SR Legacy) — Pork, cured, ham, center slice, country-style, separable lean only, raw",,Jambon cru fumé allégé en matière grasse ; même proxy jambon cru maigre.,Moyen,2026-08-04
28804,"Jambon cru fumé, allégé en matière grasse",Vitamine_K1_µg_100g,,0.0,µg,"USDA FoodData Central (SR Legacy) — Pork, cured, ham, center slice, country-style, separable lean only, raw",,Jambon cru fumé allégé en matière grasse ; même proxy jambon cru maigre.,Moyen,2026-08-04
28804,"Jambon cru fumé, allégé en matière grasse",Vitamine_B9_µg_100g,,5.0,µg,"USDA FoodData Central (SR Legacy) — Pork, cured, ham, center slice, country-style, separable lean only, raw",,Jambon cru fumé allégé en matière grasse ; même proxy jambon cru maigre.,Moyen,2026-08-04
28804,"Jambon cru fumé, allégé en matière grasse",Vitamine_D_µg_100g,,0.9,µg,"USDA FoodData Central (SR Legacy) — Pork, cured, ham, center slice, country-style, separable lean only, raw",,Jambon cru fumé allégé en matière grasse ; même proxy jambon cru maigre.,Moyen,2026-08-04
28804,"Jambon cru fumé, allégé en matière grasse",Vitamine_B12_µg_100g,,0.88,µg,"USDA FoodData Central (SR Legacy) — Pork, cured, ham, center slice, country-style, separable lean only, raw",,Jambon cru fumé allégé en matière grasse ; même proxy jambon cru maigre.,Moyen,2026-08-04
28804,"Jambon cru fumé, allégé en matière grasse",Sélénium_µg_100g,,25.8,µg,"USDA FoodData Central (SR Legacy) — Pork, cured, ham, center slice, country-style, separable lean only, raw",,Jambon cru fumé allégé en matière grasse ; même proxy jambon cru maigre.,Moyen,2026-08-04
28804,"Jambon cru fumé, allégé en matière grasse",Beta-Carotène_µg_100g,,0.0,µg,"USDA FoodData Central (SR Legacy) — Pork, cured, ham, center slice, country-style, separable lean only, raw",,Jambon cru fumé allégé en matière grasse ; même proxy jambon cru maigre.,Moyen,2026-08-04
28910,"Jambon cuit, choix",Vitamine_E_mg_100g,,0.28,mg,"USDA FoodData Central (SR Legacy) — Pork, cured, ham, boneless, extra lean and regular, roasted",,"Correspondance exacte : jambon cuit, choix = ""pork, cured, ham, boneless, extra lean and regular, roasted"".",Élevé,2026-08-04
28910,"Jambon cuit, choix",Vitamine_K1_µg_100g,,0.0,µg,"USDA FoodData Central (SR Legacy) — Pork, cured, ham, boneless, extra lean and regular, roasted",,"Correspondance exacte : jambon cuit, choix = ""pork, cured, ham, boneless, extra lean and regular, roasted"".",Élevé,2026-08-04
28910,"Jambon cuit, choix",Vitamine_B9_µg_100g,,3.0,µg,"USDA FoodData Central (SR Legacy) — Pork, cured, ham, boneless, extra lean and regular, roasted",,"Correspondance exacte : jambon cuit, choix = ""pork, cured, ham, boneless, extra lean and regular, roasted"".",Élevé,2026-08-04
28910,"Jambon cuit, choix",Vitamine_D_µg_100g,,0.8,µg,"USDA FoodData Central (SR Legacy) — Pork, cured, ham, boneless, extra lean and regular, roasted",,"Correspondance exacte : jambon cuit, choix = ""pork, cured, ham, boneless, extra lean and regular, roasted"".",Élevé,2026-08-04
28910,"Jambon cuit, choix",Vitamine_B12_µg_100g,,0.68,µg,"USDA FoodData Central (SR Legacy) — Pork, cured, ham, boneless, extra lean and regular, roasted",,"Correspondance exacte : jambon cuit, choix = ""pork, cured, ham, boneless, extra lean and regular, roasted"".",Élevé,2026-08-04
28910,"Jambon cuit, choix",Sélénium_µg_100g,,19.5,µg,"USDA FoodData Central (SR Legacy) — Pork, cured, ham, boneless, extra lean and regular, roasted",,"Correspondance exacte : jambon cuit, choix = ""pork, cured, ham, boneless, extra lean and regular, roasted"".",Élevé,2026-08-04
28910,"Jambon cuit, choix",Beta-Carotène_µg_100g,,0.0,µg,"USDA FoodData Central (SR Legacy) — Pork, cured, ham, boneless, extra lean and regular, roasted",,"Correspondance exacte : jambon cuit, choix = ""pork, cured, ham, boneless, extra lean and regular, roasted"".",Élevé,2026-08-04
28912,"Jambon cuit, choix, avec couenne",Vitamine_E_mg_100g,,0.28,mg,"USDA FoodData Central (SR Legacy) — Pork, cured, ham, boneless, extra lean and regular, roasted",,Jambon cuit choix avec couenne ; même proxy (couenne non distinguée par l'USDA).,Moyen,2026-08-04
28912,"Jambon cuit, choix, avec couenne",Vitamine_K1_µg_100g,,0.0,µg,"USDA FoodData Central (SR Legacy) — Pork, cured, ham, boneless, extra lean and regular, roasted",,Jambon cuit choix avec couenne ; même proxy (couenne non distinguée par l'USDA).,Moyen,2026-08-04
28912,"Jambon cuit, choix, avec couenne",Vitamine_B9_µg_100g,,3.0,µg,"USDA FoodData Central (SR Legacy) — Pork, cured, ham, boneless, extra lean and regular, roasted",,Jambon cuit choix avec couenne ; même proxy (couenne non distinguée par l'USDA).,Moyen,2026-08-04
28912,"Jambon cuit, choix, avec couenne",Vitamine_D_µg_100g,,0.8,µg,"USDA FoodData Central (SR Legacy) — Pork, cured, ham, boneless, extra lean and regular, roasted",,Jambon cuit choix avec couenne ; même proxy (couenne non distinguée par l'USDA).,Moyen,2026-08-04
28912,"Jambon cuit, choix, avec couenne",Vitamine_B12_µg_100g,,0.68,µg,"USDA FoodData Central (SR Legacy) — Pork, cured, ham, boneless, extra lean and regular, roasted",,Jambon cuit choix avec couenne ; même proxy (couenne non distinguée par l'USDA).,Moyen,2026-08-04
28912,"Jambon cuit, choix, avec couenne",Sélénium_µg_100g,,19.5,µg,"USDA FoodData Central (SR Legacy) — Pork, cured, ham, boneless, extra lean and regular, roasted",,Jambon cuit choix avec couenne ; même proxy (couenne non distinguée par l'USDA).,Moyen,2026-08-04
28912,"Jambon cuit, choix, avec couenne",Beta-Carotène_µg_100g,,0.0,µg,"USDA FoodData Central (SR Legacy) — Pork, cured, ham, boneless, extra lean and regular, roasted",,Jambon cuit choix avec couenne ; même proxy (couenne non distinguée par l'USDA).,Moyen,2026-08-04
28913,"Jambon cuit, choix, découenné dégraissé",Vitamine_E_mg_100g,,0.25,mg,"USDA FoodData Central (SR Legacy) — Pork, cured, ham, boneless, extra lean (approximately 5% fat), roasted",,"Correspondance exacte : jambon cuit choix découenné dégraissé = ""extra lean (~5% fat), roasted"".",Élevé,2026-08-04
28913,"Jambon cuit, choix, découenné dégraissé",Vitamine_K1_µg_100g,,0.0,µg,"USDA FoodData Central (SR Legacy) — Pork, cured, ham, boneless, extra lean (approximately 5% fat), roasted",,"Correspondance exacte : jambon cuit choix découenné dégraissé = ""extra lean (~5% fat), roasted"".",Élevé,2026-08-04
28913,"Jambon cuit, choix, découenné dégraissé",Vitamine_B9_µg_100g,,3.0,µg,"USDA FoodData Central (SR Legacy) — Pork, cured, ham, boneless, extra lean (approximately 5% fat), roasted",,"Correspondance exacte : jambon cuit choix découenné dégraissé = ""extra lean (~5% fat), roasted"".",Élevé,2026-08-04
28913,"Jambon cuit, choix, découenné dégraissé",Vitamine_D_µg_100g,,0.8,µg,"USDA FoodData Central (SR Legacy) — Pork, cured, ham, boneless, extra lean (approximately 5% fat), roasted",,"Correspondance exacte : jambon cuit choix découenné dégraissé = ""extra lean (~5% fat), roasted"".",Élevé,2026-08-04
28913,"Jambon cuit, choix, découenné dégraissé",Vitamine_B12_µg_100g,,0.65,µg,"USDA FoodData Central (SR Legacy) — Pork, cured, ham, boneless, extra lean (approximately 5% fat), roasted",,"Correspondance exacte : jambon cuit choix découenné dégraissé = ""extra lean (~5% fat), roasted"".",Élevé,2026-08-04
28913,"Jambon cuit, choix, découenné dégraissé",Sélénium_µg_100g,,19.5,µg,"USDA FoodData Central (SR Legacy) — Pork, cured, ham, boneless, extra lean (approximately 5% fat), roasted",,"Correspondance exacte : jambon cuit choix découenné dégraissé = ""extra lean (~5% fat), roasted"".",Élevé,2026-08-04
28913,"Jambon cuit, choix, découenné dégraissé",Beta-Carotène_µg_100g,,0.0,µg,"USDA FoodData Central (SR Legacy) — Pork, cured, ham, boneless, extra lean (approximately 5% fat), roasted",,"Correspondance exacte : jambon cuit choix découenné dégraissé = ""extra lean (~5% fat), roasted"".",Élevé,2026-08-04
28925,"Jambon cuit, de Paris, découenné dégraissé",Vitamine_E_mg_100g,,0.25,mg,"USDA FoodData Central (SR Legacy) — Pork, cured, ham, boneless, extra lean (approximately 5% fat), roasted",,Correspondance exacte : jambon de Paris découenné dégraissé = jambon cuit extra-maigre.,Élevé,2026-08-04
28925,"Jambon cuit, de Paris, découenné dégraissé",Vitamine_K1_µg_100g,,0.0,µg,"USDA FoodData Central (SR Legacy) — Pork, cured, ham, boneless, extra lean (approximately 5% fat), roasted",,Correspondance exacte : jambon de Paris découenné dégraissé = jambon cuit extra-maigre.,Élevé,2026-08-04
28925,"Jambon cuit, de Paris, découenné dégraissé",Vitamine_B9_µg_100g,,3.0,µg,"USDA FoodData Central (SR Legacy) — Pork, cured, ham, boneless, extra lean (approximately 5% fat), roasted",,Correspondance exacte : jambon de Paris découenné dégraissé = jambon cuit extra-maigre.,Élevé,2026-08-04
28925,"Jambon cuit, de Paris, découenné dégraissé",Vitamine_D_µg_100g,,0.8,µg,"USDA FoodData Central (SR Legacy) — Pork, cured, ham, boneless, extra lean (approximately 5% fat), roasted",,Correspondance exacte : jambon de Paris découenné dégraissé = jambon cuit extra-maigre.,Élevé,2026-08-04
28925,"Jambon cuit, de Paris, découenné dégraissé",Vitamine_B12_µg_100g,,0.65,µg,"USDA FoodData Central (SR Legacy) — Pork, cured, ham, boneless, extra lean (approximately 5% fat), roasted",,Correspondance exacte : jambon de Paris découenné dégraissé = jambon cuit extra-maigre.,Élevé,2026-08-04
28925,"Jambon cuit, de Paris, découenné dégraissé",Sélénium_µg_100g,,19.5,µg,"USDA FoodData Central (SR Legacy) — Pork, cured, ham, boneless, extra lean (approximately 5% fat), roasted",,Correspondance exacte : jambon de Paris découenné dégraissé = jambon cuit extra-maigre.,Élevé,2026-08-04
28925,"Jambon cuit, de Paris, découenné dégraissé",Beta-Carotène_µg_100g,,0.0,µg,"USDA FoodData Central (SR Legacy) — Pork, cured, ham, boneless, extra lean (approximately 5% fat), roasted",,Correspondance exacte : jambon de Paris découenné dégraissé = jambon cuit extra-maigre.,Élevé,2026-08-04
28803,"Jambon cuit, fumé",Vitamine_E_mg_100g,,0.28,mg,"USDA FoodData Central (SR Legacy) — Pork, cured, ham, boneless, extra lean and regular, roasted",,Jambon cuit fumé ; proxy jambon cuit extra-maigre standard (fumage non distingué).,Moyen,2026-08-04
28900,"Jambon cuit, supérieur",Vitamine_E_mg_100g,,0.28,mg,"USDA FoodData Central (SR Legacy) — Pork, cured, ham, boneless, extra lean and regular, roasted",,Jambon cuit supérieur ; même proxy.,Moyen,2026-08-04
28901,"Jambon cuit, supérieur, avec couenne",Vitamine_E_mg_100g,,0.28,mg,"USDA FoodData Central (SR Legacy) — Pork, cured, ham, boneless, extra lean and regular, roasted",,Jambon cuit supérieur avec couenne ; même proxy.,Moyen,2026-08-04
28901,"Jambon cuit, supérieur, avec couenne",Vitamine_K1_µg_100g,,0.0,µg,"USDA FoodData Central (SR Legacy) — Pork, cured, ham, boneless, extra lean and regular, roasted",,Jambon cuit supérieur avec couenne ; même proxy.,Moyen,2026-08-04
28901,"Jambon cuit, supérieur, avec couenne",Vitamine_B9_µg_100g,,3.0,µg,"USDA FoodData Central (SR Legacy) — Pork, cured, ham, boneless, extra lean and regular, roasted",,Jambon cuit supérieur avec couenne ; même proxy.,Moyen,2026-08-04
28901,"Jambon cuit, supérieur, avec couenne",Vitamine_D_µg_100g,,0.8,µg,"USDA FoodData Central (SR Legacy) — Pork, cured, ham, boneless, extra lean and regular, roasted",,Jambon cuit supérieur avec couenne ; même proxy.,Moyen,2026-08-04
28901,"Jambon cuit, supérieur, avec couenne",Vitamine_B12_µg_100g,,0.68,µg,"USDA FoodData Central (SR Legacy) — Pork, cured, ham, boneless, extra lean and regular, roasted",,Jambon cuit supérieur avec couenne ; même proxy.,Moyen,2026-08-04
28901,"Jambon cuit, supérieur, avec couenne",Sélénium_µg_100g,,19.5,µg,"USDA FoodData Central (SR Legacy) — Pork, cured, ham, boneless, extra lean and regular, roasted",,Jambon cuit supérieur avec couenne ; même proxy.,Moyen,2026-08-04
28901,"Jambon cuit, supérieur, avec couenne",Beta-Carotène_µg_100g,,0.0,µg,"USDA FoodData Central (SR Legacy) — Pork, cured, ham, boneless, extra lean and regular, roasted",,Jambon cuit supérieur avec couenne ; même proxy.,Moyen,2026-08-04
28907,"Jambon cuit, supérieur, dégraissé découenne, à teneur réduite en sel",Vitamine_E_mg_100g,,0.28,mg,"USDA FoodData Central (SR Legacy) — Pork, cured, ham, boneless, low sodium, extra lean and regular, roasted",,"Correspondance exacte : jambon cuit supérieur dégraissé, teneur réduite en sel = ""low sodium, extra lean, roasted"".",Élevé,2026-08-04
28907,"Jambon cuit, supérieur, dégraissé découenne, à teneur réduite en sel",Vitamine_K1_µg_100g,,0.0,µg,"USDA FoodData Central (SR Legacy) — Pork, cured, ham, boneless, low sodium, extra lean and regular, roasted",,"Correspondance exacte : jambon cuit supérieur dégraissé, teneur réduite en sel = ""low sodium, extra lean, roasted"".",Élevé,2026-08-04
28907,"Jambon cuit, supérieur, dégraissé découenne, à teneur réduite en sel",Vitamine_B9_µg_100g,,3.0,µg,"USDA FoodData Central (SR Legacy) — Pork, cured, ham, boneless, low sodium, extra lean and regular, roasted",,"Correspondance exacte : jambon cuit supérieur dégraissé, teneur réduite en sel = ""low sodium, extra lean, roasted"".",Élevé,2026-08-04
28907,"Jambon cuit, supérieur, dégraissé découenne, à teneur réduite en sel",Vitamine_D_µg_100g,,0.8,µg,"USDA FoodData Central (SR Legacy) — Pork, cured, ham, boneless, low sodium, extra lean and regular, roasted",,"Correspondance exacte : jambon cuit supérieur dégraissé, teneur réduite en sel = ""low sodium, extra lean, roasted"".",Élevé,2026-08-04
28907,"Jambon cuit, supérieur, dégraissé découenne, à teneur réduite en sel",Vitamine_B12_µg_100g,,0.68,µg,"USDA FoodData Central (SR Legacy) — Pork, cured, ham, boneless, low sodium, extra lean and regular, roasted",,"Correspondance exacte : jambon cuit supérieur dégraissé, teneur réduite en sel = ""low sodium, extra lean, roasted"".",Élevé,2026-08-04
28907,"Jambon cuit, supérieur, dégraissé découenne, à teneur réduite en sel",Sélénium_µg_100g,,19.5,µg,"USDA FoodData Central (SR Legacy) — Pork, cured, ham, boneless, low sodium, extra lean and regular, roasted",,"Correspondance exacte : jambon cuit supérieur dégraissé, teneur réduite en sel = ""low sodium, extra lean, roasted"".",Élevé,2026-08-04
28907,"Jambon cuit, supérieur, dégraissé découenne, à teneur réduite en sel",Beta-Carotène_µg_100g,,0.0,µg,"USDA FoodData Central (SR Legacy) — Pork, cured, ham, boneless, low sodium, extra lean and regular, roasted",,"Correspondance exacte : jambon cuit supérieur dégraissé, teneur réduite en sel = ""low sodium, extra lean, roasted"".",Élevé,2026-08-04
28811,Jambon de Bayonne,Vitamine_E_mg_100g,,0.28,mg,"USDA FoodData Central (SR Legacy) — Pork, cured, ham, center slice, country-style, separable lean only, raw",,Jambon de Bayonne (jambon cru IGP) ; proxy jambon cru maigre générique.,Moyen,2026-08-04
28811,Jambon de Bayonne,Vitamine_K1_µg_100g,,0.0,µg,"USDA FoodData Central (SR Legacy) — Pork, cured, ham, center slice, country-style, separable lean only, raw",,Jambon de Bayonne (jambon cru IGP) ; proxy jambon cru maigre générique.,Moyen,2026-08-04
28811,Jambon de Bayonne,Vitamine_B9_µg_100g,,5.0,µg,"USDA FoodData Central (SR Legacy) — Pork, cured, ham, center slice, country-style, separable lean only, raw",,Jambon de Bayonne (jambon cru IGP) ; proxy jambon cru maigre générique.,Moyen,2026-08-04
28811,Jambon de Bayonne,Vitamine_D_µg_100g,,0.9,µg,"USDA FoodData Central (SR Legacy) — Pork, cured, ham, center slice, country-style, separable lean only, raw",,Jambon de Bayonne (jambon cru IGP) ; proxy jambon cru maigre générique.,Moyen,2026-08-04
28811,Jambon de Bayonne,Vitamine_B12_µg_100g,,0.88,µg,"USDA FoodData Central (SR Legacy) — Pork, cured, ham, center slice, country-style, separable lean only, raw",,Jambon de Bayonne (jambon cru IGP) ; proxy jambon cru maigre générique.,Moyen,2026-08-04
28811,Jambon de Bayonne,Sélénium_µg_100g,,25.8,µg,"USDA FoodData Central (SR Legacy) — Pork, cured, ham, center slice, country-style, separable lean only, raw",,Jambon de Bayonne (jambon cru IGP) ; proxy jambon cru maigre générique.,Moyen,2026-08-04
28811,Jambon de Bayonne,Beta-Carotène_µg_100g,,0.0,µg,"USDA FoodData Central (SR Legacy) — Pork, cured, ham, center slice, country-style, separable lean only, raw",,Jambon de Bayonne (jambon cru IGP) ; proxy jambon cru maigre générique.,Moyen,2026-08-04
28964,Jambon de dinde ou blanc de dinde en tranche,Vitamine_E_mg_100g,,0.39,mg,"USDA FoodData Central (SR Legacy) — Ham, turkey, sliced, extra lean, prepackaged or deli",,"Correspondance exacte : jambon de dinde/blanc de dinde en tranche = ""turkey ham, sliced, extra lean"".",Élevé,2026-08-04
28964,Jambon de dinde ou blanc de dinde en tranche,Beta-Carotène_µg_100g,,0.0,µg,"USDA FoodData Central (SR Legacy) — Ham, turkey, sliced, extra lean, prepackaged or deli",,"Correspondance exacte : jambon de dinde/blanc de dinde en tranche = ""turkey ham, sliced, extra lean"".",Élevé,2026-08-04
28700,Jambon de porc à cuire ou jambon à rôtir/cuire au four,Vitamine_E_mg_100g,,0.22,mg,"USDA FoodData Central (SR Legacy) — Pork, fresh, loin, tenderloin, separable lean only, raw",,Jambon de porc frais à cuire/rôtir ; proxy filet de porc maigre cru.,Moyen,2026-08-04
28700,Jambon de porc à cuire ou jambon à rôtir/cuire au four,Sélénium_µg_100g,,30.8,µg,"USDA FoodData Central (SR Legacy) — Pork, fresh, loin, tenderloin, separable lean only, raw",,Jambon de porc frais à cuire/rôtir ; proxy filet de porc maigre cru.,Moyen,2026-08-04
28963,Jambon de poulet ou blanc de poulet en tranche,Vitamine_E_mg_100g,,0.07,mg,"USDA FoodData Central (SR Legacy) — Chicken breast, roll, oven-roasted",,"Jambon de poulet/blanc de poulet en tranche ; proxy ""chicken breast roll, oven-roasted"" (produit charcutier de poulet standard).",Moyen,2026-08-04
28963,Jambon de poulet ou blanc de poulet en tranche,Beta-Carotène_µg_100g,,0.0,µg,"USDA FoodData Central (SR Legacy) — Chicken breast, roll, oven-roasted",,"Jambon de poulet/blanc de poulet en tranche ; proxy ""chicken breast roll, oven-roasted"" (produit charcutier de poulet standard).",Moyen,2026-08-04
28965,"Jambon de volaille ou blanc de volaille, à teneur réduite en sel, en tranche",Vitamine_E_mg_100g,,0.07,mg,"USDA FoodData Central (SR Legacy) — Chicken breast, roll, oven-roasted",,"Jambon de volaille, teneur réduite en sel, en tranche ; même proxy (teneur en sel non distinguée).",Moyen,2026-08-04
28965,"Jambon de volaille ou blanc de volaille, à teneur réduite en sel, en tranche",Vitamine_K1_µg_100g,,0.5,µg,"USDA FoodData Central (SR Legacy) — Chicken breast, roll, oven-roasted",,"Jambon de volaille, teneur réduite en sel, en tranche ; même proxy (teneur en sel non distinguée).",Moyen,2026-08-04
28965,"Jambon de volaille ou blanc de volaille, à teneur réduite en sel, en tranche",Vitamine_B9_µg_100g,,3.0,µg,"USDA FoodData Central (SR Legacy) — Chicken breast, roll, oven-roasted",,"Jambon de volaille, teneur réduite en sel, en tranche ; même proxy (teneur en sel non distinguée).",Moyen,2026-08-04
28965,"Jambon de volaille ou blanc de volaille, à teneur réduite en sel, en tranche",Vitamine_B12_µg_100g,,0.24,µg,"USDA FoodData Central (SR Legacy) — Chicken breast, roll, oven-roasted",,"Jambon de volaille, teneur réduite en sel, en tranche ; même proxy (teneur en sel non distinguée).",Moyen,2026-08-04
28965,"Jambon de volaille ou blanc de volaille, à teneur réduite en sel, en tranche",Sélénium_µg_100g,,11.7,µg,"USDA FoodData Central (SR Legacy) — Chicken breast, roll, oven-roasted",,"Jambon de volaille, teneur réduite en sel, en tranche ; même proxy (teneur en sel non distinguée).",Moyen,2026-08-04
28965,"Jambon de volaille ou blanc de volaille, à teneur réduite en sel, en tranche",Beta-Carotène_µg_100g,,0.0,µg,"USDA FoodData Central (SR Legacy) — Chicken breast, roll, oven-roasted",,"Jambon de volaille, teneur réduite en sel, en tranche ; même proxy (teneur en sel non distinguée).",Moyen,2026-08-04
28812,Jambon sec,Vitamine_E_mg_100g,,0.28,mg,"USDA FoodData Central (SR Legacy) — Pork, cured, ham, center slice, country-style, separable lean only, raw",,"Jambon sec, générique ; proxy jambon cru maigre.",Moyen,2026-08-04
28812,Jambon sec,Vitamine_K1_µg_100g,,0.0,µg,"USDA FoodData Central (SR Legacy) — Pork, cured, ham, center slice, country-style, separable lean only, raw",,"Jambon sec, générique ; proxy jambon cru maigre.",Moyen,2026-08-04
28812,Jambon sec,Vitamine_B9_µg_100g,,5.0,µg,"USDA FoodData Central (SR Legacy) — Pork, cured, ham, center slice, country-style, separable lean only, raw",,"Jambon sec, générique ; proxy jambon cru maigre.",Moyen,2026-08-04
28812,Jambon sec,Vitamine_D_µg_100g,,0.9,µg,"USDA FoodData Central (SR Legacy) — Pork, cured, ham, center slice, country-style, separable lean only, raw",,"Jambon sec, générique ; proxy jambon cru maigre.",Moyen,2026-08-04
28812,Jambon sec,Vitamine_B12_µg_100g,,0.88,µg,"USDA FoodData Central (SR Legacy) — Pork, cured, ham, center slice, country-style, separable lean only, raw",,"Jambon sec, générique ; proxy jambon cru maigre.",Moyen,2026-08-04
28812,Jambon sec,Sélénium_µg_100g,,25.8,µg,"USDA FoodData Central (SR Legacy) — Pork, cured, ham, center slice, country-style, separable lean only, raw",,"Jambon sec, générique ; proxy jambon cru maigre.",Moyen,2026-08-04
28812,Jambon sec,Beta-Carotène_µg_100g,,0.0,µg,"USDA FoodData Central (SR Legacy) — Pork, cured, ham, center slice, country-style, separable lean only, raw",,"Jambon sec, générique ; proxy jambon cru maigre.",Moyen,2026-08-04
28960,"Jambonneau, cuit",Vitamine_E_mg_100g,,0.28,mg,"USDA FoodData Central (SR Legacy) — Pork, cured, ham, boneless, extra lean and regular, roasted",,Jambonneau cuit ; proxy jambon cuit extra-maigre.,Moyen,2026-08-04
28960,"Jambonneau, cuit",Vitamine_K1_µg_100g,,0.0,µg,"USDA FoodData Central (SR Legacy) — Pork, cured, ham, boneless, extra lean and regular, roasted",,Jambonneau cuit ; proxy jambon cuit extra-maigre.,Moyen,2026-08-04
28960,"Jambonneau, cuit",Vitamine_B9_µg_100g,,3.0,µg,"USDA FoodData Central (SR Legacy) — Pork, cured, ham, boneless, extra lean and regular, roasted",,Jambonneau cuit ; proxy jambon cuit extra-maigre.,Moyen,2026-08-04
28960,"Jambonneau, cuit",Vitamine_D_µg_100g,,0.8,µg,"USDA FoodData Central (SR Legacy) — Pork, cured, ham, boneless, extra lean and regular, roasted",,Jambonneau cuit ; proxy jambon cuit extra-maigre.,Moyen,2026-08-04
28960,"Jambonneau, cuit",Sélénium_µg_100g,,19.5,µg,"USDA FoodData Central (SR Legacy) — Pork, cured, ham, boneless, extra lean and regular, roasted",,Jambonneau cuit ; proxy jambon cuit extra-maigre.,Moyen,2026-08-04
28960,"Jambonneau, cuit",Beta-Carotène_µg_100g,,0.0,µg,"USDA FoodData Central (SR Legacy) — Pork, cured, ham, boneless, extra lean and regular, roasted",,Jambonneau cuit ; proxy jambon cuit extra-maigre.,Moyen,2026-08-04
28725,"Lardon fumé, cuit",Vitamine_E_mg_100g,,0.32,mg,"USDA FoodData Central (SR Legacy) — Pork, cured, bacon, cooked, baked",,"Correspondance exacte : lardon fumé cuit = ""bacon, cooked, baked"".",Élevé,2026-08-04
28725,"Lardon fumé, cuit",Sélénium_µg_100g,,59.0,µg,"USDA FoodData Central (SR Legacy) — Pork, cured, bacon, cooked, baked",,"Correspondance exacte : lardon fumé cuit = ""bacon, cooked, baked"".",Élevé,2026-08-04
28501,"Lardon nature, cru",Vitamine_E_mg_100g,,0.43,mg,"USDA FoodData Central (SR Legacy) — Pork, cured, bacon, unprepared",,"Correspondance exacte : lardon nature cru = ""bacon, unprepared"".",Élevé,2026-08-04
28501,"Lardon nature, cru",Beta-Carotène_µg_100g,,0.0,µg,"USDA FoodData Central (SR Legacy) — Pork, cured, bacon, unprepared",,"Correspondance exacte : lardon nature cru = ""bacon, unprepared"".",Élevé,2026-08-04
28504,"Lardon nature, cuit",Vitamine_E_mg_100g,,0.32,mg,"USDA FoodData Central (SR Legacy) — Pork, cured, bacon, cooked, baked",,"Lardon nature cuit ; proxy bacon cuit (le ""nature"" non fumé n'est pas distingué par l'USDA).",Moyen,2026-08-04
28504,"Lardon nature, cuit",Vitamine_K1_µg_100g,,0.1,µg,"USDA FoodData Central (SR Legacy) — Pork, cured, bacon, cooked, baked",,"Lardon nature cuit ; proxy bacon cuit (le ""nature"" non fumé n'est pas distingué par l'USDA).",Moyen,2026-08-04
28723,"Lardon, cru, à teneur réduite en sel",Vitamine_E_mg_100g,,0.43,mg,"USDA FoodData Central (SR Legacy) — Pork, cured, bacon, unprepared",,Lardon cru à teneur réduite en sel ; proxy bacon cru standard (teneur en sel réduite non distinguée).,Moyen,2026-08-04
28723,"Lardon, cru, à teneur réduite en sel",Vitamine_K1_µg_100g,,0.0,µg,"USDA FoodData Central (SR Legacy) — Pork, cured, bacon, unprepared",,Lardon cru à teneur réduite en sel ; proxy bacon cru standard (teneur en sel réduite non distinguée).,Moyen,2026-08-04
28723,"Lardon, cru, à teneur réduite en sel",Vitamine_B9_µg_100g,,0.0,µg,"USDA FoodData Central (SR Legacy) — Pork, cured, bacon, unprepared",,Lardon cru à teneur réduite en sel ; proxy bacon cru standard (teneur en sel réduite non distinguée).,Moyen,2026-08-04
28723,"Lardon, cru, à teneur réduite en sel",Vitamine_D_µg_100g,,0.4,µg,"USDA FoodData Central (SR Legacy) — Pork, cured, bacon, unprepared",,Lardon cru à teneur réduite en sel ; proxy bacon cru standard (teneur en sel réduite non distinguée).,Moyen,2026-08-04
28723,"Lardon, cru, à teneur réduite en sel",Vitamine_B12_µg_100g,,0.5,µg,"USDA FoodData Central (SR Legacy) — Pork, cured, bacon, unprepared",,Lardon cru à teneur réduite en sel ; proxy bacon cru standard (teneur en sel réduite non distinguée).,Moyen,2026-08-04
28723,"Lardon, cru, à teneur réduite en sel",Sélénium_µg_100g,,20.1,µg,"USDA FoodData Central (SR Legacy) — Pork, cured, bacon, unprepared",,Lardon cru à teneur réduite en sel ; proxy bacon cru standard (teneur en sel réduite non distinguée).,Moyen,2026-08-04
28723,"Lardon, cru, à teneur réduite en sel",Beta-Carotène_µg_100g,,0.0,µg,"USDA FoodData Central (SR Legacy) — Pork, cured, bacon, unprepared",,Lardon cru à teneur réduite en sel ; proxy bacon cru standard (teneur en sel réduite non distinguée).,Moyen,2026-08-04
28550,Poitrine de porc demi-sel,Vitamine_E_mg_100g,,0.0,mg,"USDA FoodData Central (SR Legacy) — Pork, cured, salt pork, raw",,"Correspondance exacte : poitrine de porc demi-sel = ""salt pork, raw"".",Élevé,2026-08-04
28550,Poitrine de porc demi-sel,Vitamine_K1_µg_100g,,0.0,µg,"USDA FoodData Central (SR Legacy) — Pork, cured, salt pork, raw",,"Correspondance exacte : poitrine de porc demi-sel = ""salt pork, raw"".",Élevé,2026-08-04
28550,Poitrine de porc demi-sel,Vitamine_D_µg_100g,,0.2,µg,"USDA FoodData Central (SR Legacy) — Pork, cured, salt pork, raw",,"Correspondance exacte : poitrine de porc demi-sel = ""salt pork, raw"".",Élevé,2026-08-04
28550,Poitrine de porc demi-sel,Sélénium_µg_100g,,5.8,µg,"USDA FoodData Central (SR Legacy) — Pork, cured, salt pork, raw",,"Correspondance exacte : poitrine de porc demi-sel = ""salt pork, raw"".",Élevé,2026-08-04
28550,Poitrine de porc demi-sel,Beta-Carotène_µg_100g,,0.0,µg,"USDA FoodData Central (SR Legacy) — Pork, cured, salt pork, raw",,"Correspondance exacte : poitrine de porc demi-sel = ""salt pork, raw"".",Élevé,2026-08-04
28502,"Poitrine de porc en salaison, fumée, crue",Vitamine_E_mg_100g,,0.43,mg,"USDA FoodData Central (SR Legacy) — Pork, cured, bacon, unprepared",,Poitrine de porc en salaison fumée crue ; proxy bacon non préparé (cure + fumage proche).,Moyen,2026-08-04
28502,"Poitrine de porc en salaison, fumée, crue",Vitamine_K1_µg_100g,,0.0,µg,"USDA FoodData Central (SR Legacy) — Pork, cured, bacon, unprepared",,Poitrine de porc en salaison fumée crue ; proxy bacon non préparé (cure + fumage proche).,Moyen,2026-08-04
28502,"Poitrine de porc en salaison, fumée, crue",Vitamine_B9_µg_100g,,0.0,µg,"USDA FoodData Central (SR Legacy) — Pork, cured, bacon, unprepared",,Poitrine de porc en salaison fumée crue ; proxy bacon non préparé (cure + fumage proche).,Moyen,2026-08-04
28502,"Poitrine de porc en salaison, fumée, crue",Vitamine_D_µg_100g,,0.4,µg,"USDA FoodData Central (SR Legacy) — Pork, cured, bacon, unprepared",,Poitrine de porc en salaison fumée crue ; proxy bacon non préparé (cure + fumage proche).,Moyen,2026-08-04
28502,"Poitrine de porc en salaison, fumée, crue",Vitamine_B12_µg_100g,,0.5,µg,"USDA FoodData Central (SR Legacy) — Pork, cured, bacon, unprepared",,Poitrine de porc en salaison fumée crue ; proxy bacon non préparé (cure + fumage proche).,Moyen,2026-08-04
28502,"Poitrine de porc en salaison, fumée, crue",Sélénium_µg_100g,,20.1,µg,"USDA FoodData Central (SR Legacy) — Pork, cured, bacon, unprepared",,Poitrine de porc en salaison fumée crue ; proxy bacon non préparé (cure + fumage proche).,Moyen,2026-08-04
28502,"Poitrine de porc en salaison, fumée, crue",Beta-Carotène_µg_100g,,0.0,µg,"USDA FoodData Central (SR Legacy) — Pork, cured, bacon, unprepared",,Poitrine de porc en salaison fumée crue ; proxy bacon non préparé (cure + fumage proche).,Moyen,2026-08-04
28507,"Poitrine de porc en salaison, nature, crue",Vitamine_E_mg_100g,,0.0,mg,"USDA FoodData Central (SR Legacy) — Pork, cured, salt pork, raw",,"Correspondance exacte : poitrine de porc en salaison nature crue = ""salt pork, raw"".",Élevé,2026-08-04
28507,"Poitrine de porc en salaison, nature, crue",Vitamine_K1_µg_100g,,0.0,µg,"USDA FoodData Central (SR Legacy) — Pork, cured, salt pork, raw",,"Correspondance exacte : poitrine de porc en salaison nature crue = ""salt pork, raw"".",Élevé,2026-08-04
28507,"Poitrine de porc en salaison, nature, crue",Vitamine_B9_µg_100g,,1.0,µg,"USDA FoodData Central (SR Legacy) — Pork, cured, salt pork, raw",,"Correspondance exacte : poitrine de porc en salaison nature crue = ""salt pork, raw"".",Élevé,2026-08-04
28507,"Poitrine de porc en salaison, nature, crue",Vitamine_D_µg_100g,,0.2,µg,"USDA FoodData Central (SR Legacy) — Pork, cured, salt pork, raw",,"Correspondance exacte : poitrine de porc en salaison nature crue = ""salt pork, raw"".",Élevé,2026-08-04
28507,"Poitrine de porc en salaison, nature, crue",Vitamine_B12_µg_100g,,0.29,µg,"USDA FoodData Central (SR Legacy) — Pork, cured, salt pork, raw",,"Correspondance exacte : poitrine de porc en salaison nature crue = ""salt pork, raw"".",Élevé,2026-08-04
28507,"Poitrine de porc en salaison, nature, crue",Sélénium_µg_100g,,5.8,µg,"USDA FoodData Central (SR Legacy) — Pork, cured, salt pork, raw",,"Correspondance exacte : poitrine de porc en salaison nature crue = ""salt pork, raw"".",Élevé,2026-08-04
28507,"Poitrine de porc en salaison, nature, crue",Beta-Carotène_µg_100g,,0.0,µg,"USDA FoodData Central (SR Legacy) — Pork, cured, salt pork, raw",,"Correspondance exacte : poitrine de porc en salaison nature crue = ""salt pork, raw"".",Élevé,2026-08-04
28917,Rond de jambon cuit,Vitamine_E_mg_100g,,0.28,mg,"USDA FoodData Central (SR Legacy) — Pork, cured, ham, boneless, extra lean and regular, roasted",,Rond de jambon cuit ; proxy jambon cuit extra-maigre.,Moyen,2026-08-04
28917,Rond de jambon cuit,Vitamine_K1_µg_100g,,0.0,µg,"USDA FoodData Central (SR Legacy) — Pork, cured, ham, boneless, extra lean and regular, roasted",,Rond de jambon cuit ; proxy jambon cuit extra-maigre.,Moyen,2026-08-04
28917,Rond de jambon cuit,Vitamine_B9_µg_100g,,3.0,µg,"USDA FoodData Central (SR Legacy) — Pork, cured, ham, boneless, extra lean and regular, roasted",,Rond de jambon cuit ; proxy jambon cuit extra-maigre.,Moyen,2026-08-04
28917,Rond de jambon cuit,Vitamine_D_µg_100g,,0.8,µg,"USDA FoodData Central (SR Legacy) — Pork, cured, ham, boneless, extra lean and regular, roasted",,Rond de jambon cuit ; proxy jambon cuit extra-maigre.,Moyen,2026-08-04
28917,Rond de jambon cuit,Vitamine_B12_µg_100g,,0.68,µg,"USDA FoodData Central (SR Legacy) — Pork, cured, ham, boneless, extra lean and regular, roasted",,Rond de jambon cuit ; proxy jambon cuit extra-maigre.,Moyen,2026-08-04
28917,Rond de jambon cuit,Sélénium_µg_100g,,19.5,µg,"USDA FoodData Central (SR Legacy) — Pork, cured, ham, boneless, extra lean and regular, roasted",,Rond de jambon cuit ; proxy jambon cuit extra-maigre.,Moyen,2026-08-04
28917,Rond de jambon cuit,Beta-Carotène_µg_100g,,0.0,µg,"USDA FoodData Central (SR Legacy) — Pork, cured, ham, boneless, extra lean and regular, roasted",,Rond de jambon cuit ; proxy jambon cuit extra-maigre.,Moyen,2026-08-04
28976,"Rôti de volaille en salaison, cuit",Vitamine_E_mg_100g,,0.07,mg,"USDA FoodData Central (SR Legacy) — Chicken breast, roll, oven-roasted",,"Rôti de volaille en salaison cuit ; proxy ""chicken breast roll, oven-roasted"" (produit charcutier de volaille).",Moyen,2026-08-04
28976,"Rôti de volaille en salaison, cuit",Vitamine_K1_µg_100g,,0.5,µg,"USDA FoodData Central (SR Legacy) — Chicken breast, roll, oven-roasted",,"Rôti de volaille en salaison cuit ; proxy ""chicken breast roll, oven-roasted"" (produit charcutier de volaille).",Moyen,2026-08-04
28976,"Rôti de volaille en salaison, cuit",Vitamine_B9_µg_100g,,3.0,µg,"USDA FoodData Central (SR Legacy) — Chicken breast, roll, oven-roasted",,"Rôti de volaille en salaison cuit ; proxy ""chicken breast roll, oven-roasted"" (produit charcutier de volaille).",Moyen,2026-08-04
28976,"Rôti de volaille en salaison, cuit",Vitamine_B12_µg_100g,,0.24,µg,"USDA FoodData Central (SR Legacy) — Chicken breast, roll, oven-roasted",,"Rôti de volaille en salaison cuit ; proxy ""chicken breast roll, oven-roasted"" (produit charcutier de volaille).",Moyen,2026-08-04
28976,"Rôti de volaille en salaison, cuit",Sélénium_µg_100g,,11.7,µg,"USDA FoodData Central (SR Legacy) — Chicken breast, roll, oven-roasted",,"Rôti de volaille en salaison cuit ; proxy ""chicken breast roll, oven-roasted"" (produit charcutier de volaille).",Moyen,2026-08-04
28976,"Rôti de volaille en salaison, cuit",Beta-Carotène_µg_100g,,0.0,µg,"USDA FoodData Central (SR Legacy) — Chicken breast, roll, oven-roasted",,"Rôti de volaille en salaison cuit ; proxy ""chicken breast roll, oven-roasted"" (produit charcutier de volaille).",Moyen,2026-08-04
8500,Andouille,Vitamine_E_mg_100g,,0.25,mg,"USDA FoodData Central (SR Legacy) — Sausage, smoked link sausage, pork",,"Andouille ; l'USDA n'a pas de saucisse de tripes fumée équivalente, proxy ""smoked link sausage, pork"" générique.",Moyen,2026-08-04
8500,Andouille,Vitamine_K1_µg_100g,,0.0,µg,"USDA FoodData Central (SR Legacy) — Sausage, smoked link sausage, pork",,"Andouille ; l'USDA n'a pas de saucisse de tripes fumée équivalente, proxy ""smoked link sausage, pork"" générique.",Moyen,2026-08-04
8500,Andouille,Vitamine_B9_µg_100g,,1.0,µg,"USDA FoodData Central (SR Legacy) — Sausage, smoked link sausage, pork",,"Andouille ; l'USDA n'a pas de saucisse de tripes fumée équivalente, proxy ""smoked link sausage, pork"" générique.",Moyen,2026-08-04
8500,Andouille,Vitamine_D_µg_100g,,1.1,µg,"USDA FoodData Central (SR Legacy) — Sausage, smoked link sausage, pork",,"Andouille ; l'USDA n'a pas de saucisse de tripes fumée équivalente, proxy ""smoked link sausage, pork"" générique.",Moyen,2026-08-04
8500,Andouille,Vitamine_B12_µg_100g,,0.66,µg,"USDA FoodData Central (SR Legacy) — Sausage, smoked link sausage, pork",,"Andouille ; l'USDA n'a pas de saucisse de tripes fumée équivalente, proxy ""smoked link sausage, pork"" générique.",Moyen,2026-08-04
8500,Andouille,Sélénium_µg_100g,,18.3,µg,"USDA FoodData Central (SR Legacy) — Sausage, smoked link sausage, pork",,"Andouille ; l'USDA n'a pas de saucisse de tripes fumée équivalente, proxy ""smoked link sausage, pork"" générique.",Moyen,2026-08-04
8500,Andouille,Beta-Carotène_µg_100g,,0.0,µg,"USDA FoodData Central (SR Legacy) — Sausage, smoked link sausage, pork",,"Andouille ; l'USDA n'a pas de saucisse de tripes fumée équivalente, proxy ""smoked link sausage, pork"" générique.",Moyen,2026-08-04
8501,Andouille de Guéméné,Vitamine_E_mg_100g,,0.25,mg,"USDA FoodData Central (SR Legacy) — Sausage, smoked link sausage, pork",,Andouille de Guémené ; même proxy.,Moyen,2026-08-04
8501,Andouille de Guéméné,Vitamine_K1_µg_100g,,0.0,µg,"USDA FoodData Central (SR Legacy) — Sausage, smoked link sausage, pork",,Andouille de Guémené ; même proxy.,Moyen,2026-08-04
8501,Andouille de Guéméné,Vitamine_B9_µg_100g,,1.0,µg,"USDA FoodData Central (SR Legacy) — Sausage, smoked link sausage, pork",,Andouille de Guémené ; même proxy.,Moyen,2026-08-04
8501,Andouille de Guéméné,Vitamine_D_µg_100g,,1.1,µg,"USDA FoodData Central (SR Legacy) — Sausage, smoked link sausage, pork",,Andouille de Guémené ; même proxy.,Moyen,2026-08-04
8501,Andouille de Guéméné,Vitamine_B12_µg_100g,,0.66,µg,"USDA FoodData Central (SR Legacy) — Sausage, smoked link sausage, pork",,Andouille de Guémené ; même proxy.,Moyen,2026-08-04
8501,Andouille de Guéméné,Sélénium_µg_100g,,18.3,µg,"USDA FoodData Central (SR Legacy) — Sausage, smoked link sausage, pork",,Andouille de Guémené ; même proxy.,Moyen,2026-08-04
8501,Andouille de Guéméné,Beta-Carotène_µg_100g,,0.0,µg,"USDA FoodData Central (SR Legacy) — Sausage, smoked link sausage, pork",,Andouille de Guémené ; même proxy.,Moyen,2026-08-04
8512,Andouille de Vire,Vitamine_E_mg_100g,,0.25,mg,"USDA FoodData Central (SR Legacy) — Sausage, smoked link sausage, pork",,Andouille de Vire ; même proxy.,Moyen,2026-08-04
8512,Andouille de Vire,Vitamine_K1_µg_100g,,0.0,µg,"USDA FoodData Central (SR Legacy) — Sausage, smoked link sausage, pork",,Andouille de Vire ; même proxy.,Moyen,2026-08-04
8512,Andouille de Vire,Vitamine_B9_µg_100g,,1.0,µg,"USDA FoodData Central (SR Legacy) — Sausage, smoked link sausage, pork",,Andouille de Vire ; même proxy.,Moyen,2026-08-04
8512,Andouille de Vire,Vitamine_D_µg_100g,,1.1,µg,"USDA FoodData Central (SR Legacy) — Sausage, smoked link sausage, pork",,Andouille de Vire ; même proxy.,Moyen,2026-08-04
8512,Andouille de Vire,Vitamine_B12_µg_100g,,0.66,µg,"USDA FoodData Central (SR Legacy) — Sausage, smoked link sausage, pork",,Andouille de Vire ; même proxy.,Moyen,2026-08-04
8512,Andouille de Vire,Sélénium_µg_100g,,18.3,µg,"USDA FoodData Central (SR Legacy) — Sausage, smoked link sausage, pork",,Andouille de Vire ; même proxy.,Moyen,2026-08-04
8512,Andouille de Vire,Beta-Carotène_µg_100g,,0.0,µg,"USDA FoodData Central (SR Legacy) — Sausage, smoked link sausage, pork",,Andouille de Vire ; même proxy.,Moyen,2026-08-04
8504,"Andouille, réchauffée à la poêle",Vitamine_E_mg_100g,,0.25,mg,"USDA FoodData Central (SR Legacy) — Sausage, smoked link sausage, pork",,Andouille réchauffée à la poêle ; même proxy (réchauffage sans effet significatif).,Moyen,2026-08-04
8504,"Andouille, réchauffée à la poêle",Vitamine_K1_µg_100g,,0.0,µg,"USDA FoodData Central (SR Legacy) — Sausage, smoked link sausage, pork",,Andouille réchauffée à la poêle ; même proxy (réchauffage sans effet significatif).,Moyen,2026-08-04
8742,"Boudin antillais, à cuire",Vitamine_E_mg_100g,,0.13,mg,USDA FoodData Central (SR Legacy) — Blood sausage,,"Boudin antillais à cuire (boudin créole épicé) ; proxy ""blood sausage"" générique (base à base de sang commune, épices non reflétées).",Moyen,2026-08-04
8742,"Boudin antillais, à cuire",Vitamine_K1_µg_100g,,0.0,µg,USDA FoodData Central (SR Legacy) — Blood sausage,,"Boudin antillais à cuire (boudin créole épicé) ; proxy ""blood sausage"" générique (base à base de sang commune, épices non reflétées).",Moyen,2026-08-04
8742,"Boudin antillais, à cuire",Vitamine_B9_µg_100g,,5.0,µg,USDA FoodData Central (SR Legacy) — Blood sausage,,"Boudin antillais à cuire (boudin créole épicé) ; proxy ""blood sausage"" générique (base à base de sang commune, épices non reflétées).",Moyen,2026-08-04
8742,"Boudin antillais, à cuire",Vitamine_D_µg_100g,,1.3,µg,USDA FoodData Central (SR Legacy) — Blood sausage,,"Boudin antillais à cuire (boudin créole épicé) ; proxy ""blood sausage"" générique (base à base de sang commune, épices non reflétées).",Moyen,2026-08-04
8742,"Boudin antillais, à cuire",Vitamine_B12_µg_100g,,1.0,µg,USDA FoodData Central (SR Legacy) — Blood sausage,,"Boudin antillais à cuire (boudin créole épicé) ; proxy ""blood sausage"" générique (base à base de sang commune, épices non reflétées).",Moyen,2026-08-04
8742,"Boudin antillais, à cuire",Sélénium_µg_100g,,15.5,µg,USDA FoodData Central (SR Legacy) — Blood sausage,,"Boudin antillais à cuire (boudin créole épicé) ; proxy ""blood sausage"" générique (base à base de sang commune, épices non reflétées).",Moyen,2026-08-04
8742,"Boudin antillais, à cuire",Beta-Carotène_µg_100g,,0.0,µg,USDA FoodData Central (SR Legacy) — Blood sausage,,"Boudin antillais à cuire (boudin créole épicé) ; proxy ""blood sausage"" générique (base à base de sang commune, épices non reflétées).",Moyen,2026-08-04
8704,"Boudin noir, grillé/poêlé",Vitamine_E_mg_100g,,0.13,mg,USDA FoodData Central (SR Legacy) — Blood sausage,,"Correspondance exacte : boudin noir = ""blood sausage"".",Élevé,2026-08-04
8111,"Canard, magret fumé",Vitamine_E_mg_100g,,0.7,mg,"USDA FoodData Central (SR Legacy) — Duck, domesticated, meat and skin, raw",,"Magret de canard fumé ; pas d'entrée USDA ""smoked breast"" pour le canard domestique, proxy ""meat and skin, raw"" générique.",Moyen,2026-08-04
8111,"Canard, magret fumé",Vitamine_K1_µg_100g,,5.5,µg,"USDA FoodData Central (SR Legacy) — Duck, domesticated, meat and skin, raw",,"Magret de canard fumé ; pas d'entrée USDA ""smoked breast"" pour le canard domestique, proxy ""meat and skin, raw"" générique.",Moyen,2026-08-04
8111,"Canard, magret fumé",Vitamine_B9_µg_100g,,13.0,µg,"USDA FoodData Central (SR Legacy) — Duck, domesticated, meat and skin, raw",,"Magret de canard fumé ; pas d'entrée USDA ""smoked breast"" pour le canard domestique, proxy ""meat and skin, raw"" générique.",Moyen,2026-08-04
8111,"Canard, magret fumé",Vitamine_D_µg_100g,,0.7,µg,"USDA FoodData Central (SR Legacy) — Duck, domesticated, meat and skin, raw",,"Magret de canard fumé ; pas d'entrée USDA ""smoked breast"" pour le canard domestique, proxy ""meat and skin, raw"" générique.",Moyen,2026-08-04
8111,"Canard, magret fumé",Vitamine_B12_µg_100g,,0.25,µg,"USDA FoodData Central (SR Legacy) — Duck, domesticated, meat and skin, raw",,"Magret de canard fumé ; pas d'entrée USDA ""smoked breast"" pour le canard domestique, proxy ""meat and skin, raw"" générique.",Moyen,2026-08-04
8111,"Canard, magret fumé",Sélénium_µg_100g,,12.4,µg,"USDA FoodData Central (SR Legacy) — Duck, domesticated, meat and skin, raw",,"Magret de canard fumé ; pas d'entrée USDA ""smoked breast"" pour le canard domestique, proxy ""meat and skin, raw"" générique.",Moyen,2026-08-04
8111,"Canard, magret fumé",Beta-Carotène_µg_100g,,0.0,µg,"USDA FoodData Central (SR Legacy) — Duck, domesticated, meat and skin, raw",,"Magret de canard fumé ; pas d'entrée USDA ""smoked breast"" pour le canard domestique, proxy ""meat and skin, raw"" générique.",Moyen,2026-08-04
8324,"Foie gras, canard, bloc, 30% de morceaux",Vitamine_B9_µg_100g,,60.0,µg,"USDA FoodData Central (SR Legacy) — Pate de foie gras, canned (goose liver pate), smoked",,"Foie gras de canard en bloc (30% morceaux) ; l'USDA n'a que du pâté de foie gras d'oie (""goose liver""), proxy par produit le plus proche (même catégorie de foie gras de volaille grasse).",Moyen,2026-08-04
8324,"Foie gras, canard, bloc, 30% de morceaux",Vitamine_B12_µg_100g,,9.4,µg,"USDA FoodData Central (SR Legacy) — Pate de foie gras, canned (goose liver pate), smoked",,"Foie gras de canard en bloc (30% morceaux) ; l'USDA n'a que du pâté de foie gras d'oie (""goose liver""), proxy par produit le plus proche (même catégorie de foie gras de volaille grasse).",Moyen,2026-08-04
8324,"Foie gras, canard, bloc, 30% de morceaux",Sélénium_µg_100g,,44.0,µg,"USDA FoodData Central (SR Legacy) — Pate de foie gras, canned (goose liver pate), smoked",,"Foie gras de canard en bloc (30% morceaux) ; l'USDA n'a que du pâté de foie gras d'oie (""goose liver""), proxy par produit le plus proche (même catégorie de foie gras de volaille grasse).",Moyen,2026-08-04
8325,"Foie gras, canard, bloc, 50% de morceaux",Vitamine_B9_µg_100g,,60.0,µg,"USDA FoodData Central (SR Legacy) — Pate de foie gras, canned (goose liver pate), smoked",,Foie gras de canard en bloc (50% morceaux) ; même proxy.,Moyen,2026-08-04
8325,"Foie gras, canard, bloc, 50% de morceaux",Vitamine_B12_µg_100g,,9.4,µg,"USDA FoodData Central (SR Legacy) — Pate de foie gras, canned (goose liver pate), smoked",,Foie gras de canard en bloc (50% morceaux) ; même proxy.,Moyen,2026-08-04
8325,"Foie gras, canard, bloc, 50% de morceaux",Sélénium_µg_100g,,44.0,µg,"USDA FoodData Central (SR Legacy) — Pate de foie gras, canned (goose liver pate), smoked",,Foie gras de canard en bloc (50% morceaux) ; même proxy.,Moyen,2026-08-04
8321,"Foie gras, canard, entier, cuit",Vitamine_B9_µg_100g,,60.0,µg,"USDA FoodData Central (SR Legacy) — Pate de foie gras, canned (goose liver pate), smoked",,"Foie gras de canard entier cuit ; même proxy pâté de foie gras (préparation ""entier"" vs ""pâté"" non distinguée).",Moyen,2026-08-04
8400,Fromage de tête,Vitamine_E_mg_100g,,0.25,mg,"USDA FoodData Central (SR Legacy) — Headcheese, pork",,"Correspondance exacte : fromage de tête = ""headcheese, pork"".",Élevé,2026-08-04
8312,Mousse de foie de porc supérieure ou crème de foie,Vitamine_B9_µg_100g,,60.0,µg,"USDA FoodData Central (SR Legacy) — Pate, liver, not specified, canned",,"Mousse/crème de foie de porc supérieure ; proxy ""pate, liver, not specified, canned"" (pâté de foie générique).",Moyen,2026-08-04
8312,Mousse de foie de porc supérieure ou crème de foie,Vitamine_B12_µg_100g,,3.2,µg,"USDA FoodData Central (SR Legacy) — Pate, liver, not specified, canned",,"Mousse/crème de foie de porc supérieure ; proxy ""pate, liver, not specified, canned"" (pâté de foie générique).",Moyen,2026-08-04
8312,Mousse de foie de porc supérieure ou crème de foie,Sélénium_µg_100g,,41.6,µg,"USDA FoodData Central (SR Legacy) — Pate, liver, not specified, canned",,"Mousse/crème de foie de porc supérieure ; proxy ""pate, liver, not specified, canned"" (pâté de foie générique).",Moyen,2026-08-04
8201,Pâté au poivre vert,Vitamine_B9_µg_100g,,60.0,µg,"USDA FoodData Central (SR Legacy) — Pate, liver, not specified, canned",,Pâté au poivre vert ; même proxy pâté de foie générique (poivre vert non reflété).,Moyen,2026-08-04
8201,Pâté au poivre vert,Vitamine_B12_µg_100g,,3.2,µg,"USDA FoodData Central (SR Legacy) — Pate, liver, not specified, canned",,Pâté au poivre vert ; même proxy pâté de foie générique (poivre vert non reflété).,Moyen,2026-08-04
8201,Pâté au poivre vert,Sélénium_µg_100g,,41.6,µg,"USDA FoodData Central (SR Legacy) — Pate, liver, not specified, canned",,Pâté au poivre vert ; même proxy pâté de foie générique (poivre vert non reflété).,Moyen,2026-08-04
8326,Pâté de foie d'oie,Sélénium_µg_100g,,44.0,µg,"USDA FoodData Central (SR Legacy) — Pate de foie gras, canned (goose liver pate), smoked",,"Correspondance exacte : pâté de foie d'oie = ""goose liver pate"".",Élevé,2026-08-04
8300,"Pâté de foie de porc, supérieur",Vitamine_B9_µg_100g,,60.0,µg,"USDA FoodData Central (SR Legacy) — Pate, liver, not specified, canned",,Pâté de foie de porc supérieur ; même proxy.,Moyen,2026-08-04
8300,"Pâté de foie de porc, supérieur",Vitamine_B12_µg_100g,,3.2,µg,"USDA FoodData Central (SR Legacy) — Pate, liver, not specified, canned",,Pâté de foie de porc supérieur ; même proxy.,Moyen,2026-08-04
8300,"Pâté de foie de porc, supérieur",Sélénium_µg_100g,,41.6,µg,"USDA FoodData Central (SR Legacy) — Pate, liver, not specified, canned",,Pâté de foie de porc supérieur ; même proxy.,Moyen,2026-08-04
8316,Pâté de foie de volaille,Vitamine_E_mg_100g,,0.98,mg,"USDA FoodData Central (SR Legacy) — Pate, chicken liver, canned",,"Correspondance quasi exacte : pâté de foie de volaille = ""pate, chicken liver, canned"" (volaille la plus courante).",Élevé,2026-08-04
8316,Pâté de foie de volaille,Vitamine_K1_µg_100g,,0.0,µg,"USDA FoodData Central (SR Legacy) — Pate, chicken liver, canned",,"Correspondance quasi exacte : pâté de foie de volaille = ""pate, chicken liver, canned"" (volaille la plus courante).",Élevé,2026-08-04
8316,Pâté de foie de volaille,Vitamine_B9_µg_100g,,321.0,µg,"USDA FoodData Central (SR Legacy) — Pate, chicken liver, canned",,"Correspondance quasi exacte : pâté de foie de volaille = ""pate, chicken liver, canned"" (volaille la plus courante).",Élevé,2026-08-04
8316,Pâté de foie de volaille,Vitamine_B12_µg_100g,,8.07,µg,"USDA FoodData Central (SR Legacy) — Pate, chicken liver, canned",,"Correspondance quasi exacte : pâté de foie de volaille = ""pate, chicken liver, canned"" (volaille la plus courante).",Élevé,2026-08-04
8316,Pâté de foie de volaille,Sélénium_µg_100g,,46.1,µg,"USDA FoodData Central (SR Legacy) — Pate, chicken liver, canned",,"Correspondance quasi exacte : pâté de foie de volaille = ""pate, chicken liver, canned"" (volaille la plus courante).",Élevé,2026-08-04
8316,Pâté de foie de volaille,Beta-Carotène_µg_100g,,0.0,µg,"USDA FoodData Central (SR Legacy) — Pate, chicken liver, canned",,"Correspondance quasi exacte : pâté de foie de volaille = ""pate, chicken liver, canned"" (volaille la plus courante).",Élevé,2026-08-04
8212,"Pâté ou terrine de campagne, à teneur réduite en sel",Vitamine_B9_µg_100g,,60.0,µg,"USDA FoodData Central (SR Legacy) — Pate, liver, not specified, canned",,"Pâté/terrine de campagne, teneur réduite en sel ; proxy pâté de foie générique (texture rustique et sel réduit non reflétés).",Moyen,2026-08-04
8212,"Pâté ou terrine de campagne, à teneur réduite en sel",Vitamine_B12_µg_100g,,3.2,µg,"USDA FoodData Central (SR Legacy) — Pate, liver, not specified, canned",,"Pâté/terrine de campagne, teneur réduite en sel ; proxy pâté de foie générique (texture rustique et sel réduit non reflétés).",Moyen,2026-08-04
8212,"Pâté ou terrine de campagne, à teneur réduite en sel",Sélénium_µg_100g,,41.6,µg,"USDA FoodData Central (SR Legacy) — Pate, liver, not specified, canned",,"Pâté/terrine de campagne, teneur réduite en sel ; proxy pâté de foie générique (texture rustique et sel réduit non reflétés).",Moyen,2026-08-04
30732,"Cervelas à l'ail, pur porc",Vitamine_E_mg_100g,,0.22,mg,"USDA FoodData Central (SR Legacy) — Thuringer, cervelat, summer sausage, beef, pork",,"Correspondance directe : cervelas à l'ail = ""cervelat"" (même nom de produit).",Élevé,2026-08-04
30732,"Cervelas à l'ail, pur porc",Vitamine_K1_µg_100g,,1.3,µg,"USDA FoodData Central (SR Legacy) — Thuringer, cervelat, summer sausage, beef, pork",,"Correspondance directe : cervelas à l'ail = ""cervelat"" (même nom de produit).",Élevé,2026-08-04
30732,"Cervelas à l'ail, pur porc",Vitamine_B9_µg_100g,,2.0,µg,"USDA FoodData Central (SR Legacy) — Thuringer, cervelat, summer sausage, beef, pork",,"Correspondance directe : cervelas à l'ail = ""cervelat"" (même nom de produit).",Élevé,2026-08-04
30732,"Cervelas à l'ail, pur porc",Vitamine_D_µg_100g,,1.1,µg,"USDA FoodData Central (SR Legacy) — Thuringer, cervelat, summer sausage, beef, pork",,"Correspondance directe : cervelas à l'ail = ""cervelat"" (même nom de produit).",Élevé,2026-08-04
30732,"Cervelas à l'ail, pur porc",Vitamine_B12_µg_100g,,5.5,µg,"USDA FoodData Central (SR Legacy) — Thuringer, cervelat, summer sausage, beef, pork",,"Correspondance directe : cervelas à l'ail = ""cervelat"" (même nom de produit).",Élevé,2026-08-04
30732,"Cervelas à l'ail, pur porc",Sélénium_µg_100g,,20.3,µg,"USDA FoodData Central (SR Legacy) — Thuringer, cervelat, summer sausage, beef, pork",,"Correspondance directe : cervelas à l'ail = ""cervelat"" (même nom de produit).",Élevé,2026-08-04
30732,"Cervelas à l'ail, pur porc",Beta-Carotène_µg_100g,,0.0,µg,"USDA FoodData Central (SR Legacy) — Thuringer, cervelat, summer sausage, beef, pork",,"Correspondance directe : cervelas à l'ail = ""cervelat"" (même nom de produit).",Élevé,2026-08-04
30731,Cervelas obernois,Vitamine_E_mg_100g,,0.22,mg,"USDA FoodData Central (SR Legacy) — Thuringer, cervelat, summer sausage, beef, pork",,"Cervelas obernois (variante régionale alsacienne) ; même proxy cervelat, variante non distinguée.",Moyen,2026-08-04
30731,Cervelas obernois,Vitamine_K1_µg_100g,,1.3,µg,"USDA FoodData Central (SR Legacy) — Thuringer, cervelat, summer sausage, beef, pork",,"Cervelas obernois (variante régionale alsacienne) ; même proxy cervelat, variante non distinguée.",Moyen,2026-08-04
30731,Cervelas obernois,Vitamine_B9_µg_100g,,2.0,µg,"USDA FoodData Central (SR Legacy) — Thuringer, cervelat, summer sausage, beef, pork",,"Cervelas obernois (variante régionale alsacienne) ; même proxy cervelat, variante non distinguée.",Moyen,2026-08-04
30731,Cervelas obernois,Vitamine_D_µg_100g,,1.1,µg,"USDA FoodData Central (SR Legacy) — Thuringer, cervelat, summer sausage, beef, pork",,"Cervelas obernois (variante régionale alsacienne) ; même proxy cervelat, variante non distinguée.",Moyen,2026-08-04
30731,Cervelas obernois,Vitamine_B12_µg_100g,,5.5,µg,"USDA FoodData Central (SR Legacy) — Thuringer, cervelat, summer sausage, beef, pork",,"Cervelas obernois (variante régionale alsacienne) ; même proxy cervelat, variante non distinguée.",Moyen,2026-08-04
30731,Cervelas obernois,Sélénium_µg_100g,,20.3,µg,"USDA FoodData Central (SR Legacy) — Thuringer, cervelat, summer sausage, beef, pork",,"Cervelas obernois (variante régionale alsacienne) ; même proxy cervelat, variante non distinguée.",Moyen,2026-08-04
30731,Cervelas obernois,Beta-Carotène_µg_100g,,0.0,µg,"USDA FoodData Central (SR Legacy) — Thuringer, cervelat, summer sausage, beef, pork",,"Cervelas obernois (variante régionale alsacienne) ; même proxy cervelat, variante non distinguée.",Moyen,2026-08-04
30050,Chair à saucisse crue,Vitamine_B9_µg_100g,,5.0,µg,"USDA FoodData Central (SR Legacy) — Pork, fresh, ground, raw",,Chair à saucisse crue ; proxy porc haché cru (assaisonnement non reflété par l'USDA).,Moyen,2026-08-04
30050,Chair à saucisse crue,Vitamine_B12_µg_100g,,0.7,µg,"USDA FoodData Central (SR Legacy) — Pork, fresh, ground, raw",,Chair à saucisse crue ; proxy porc haché cru (assaisonnement non reflété par l'USDA).,Moyen,2026-08-04
30050,Chair à saucisse crue,Sélénium_µg_100g,,24.6,µg,"USDA FoodData Central (SR Legacy) — Pork, fresh, ground, raw",,Chair à saucisse crue ; proxy porc haché cru (assaisonnement non reflété par l'USDA).,Moyen,2026-08-04
30005,Chipolata cuite,Vitamine_E_mg_100g,,0.39,mg,"USDA FoodData Central (SR Legacy) — Sausage, turkey and pork, fresh, bulk, patty or link, cooked",,"Chipolata cuite ; proxy saucisse fraîche porc/dinde cuite (composition proche, chipolata pur porc traditionnellement).",Moyen,2026-08-04
30005,Chipolata cuite,Vitamine_K1_µg_100g,,5.7,µg,"USDA FoodData Central (SR Legacy) — Sausage, turkey and pork, fresh, bulk, patty or link, cooked",,"Chipolata cuite ; proxy saucisse fraîche porc/dinde cuite (composition proche, chipolata pur porc traditionnellement).",Moyen,2026-08-04
30005,Chipolata cuite,Beta-Carotène_µg_100g,,0.0,µg,"USDA FoodData Central (SR Legacy) — Sausage, turkey and pork, fresh, bulk, patty or link, cooked",,"Chipolata cuite ; proxy saucisse fraîche porc/dinde cuite (composition proche, chipolata pur porc traditionnellement).",Moyen,2026-08-04
30315,Chorizo,Vitamine_E_mg_100g,,0.22,mg,"USDA FoodData Central (SR Legacy) — Sausage, pork, chorizo, link or ground, raw",,"Correspondance exacte : chorizo = ""sausage, pork, chorizo, link or ground, raw"".",Élevé,2026-08-04
30315,Chorizo,Vitamine_K1_µg_100g,,0.0,µg,"USDA FoodData Central (SR Legacy) — Sausage, pork, chorizo, link or ground, raw",,"Correspondance exacte : chorizo = ""sausage, pork, chorizo, link or ground, raw"".",Élevé,2026-08-04
30315,Chorizo,Vitamine_B9_µg_100g,,0.0,µg,"USDA FoodData Central (SR Legacy) — Sausage, pork, chorizo, link or ground, raw",,"Correspondance exacte : chorizo = ""sausage, pork, chorizo, link or ground, raw"".",Élevé,2026-08-04
30315,Chorizo,Vitamine_D_µg_100g,,1.5,µg,"USDA FoodData Central (SR Legacy) — Sausage, pork, chorizo, link or ground, raw",,"Correspondance exacte : chorizo = ""sausage, pork, chorizo, link or ground, raw"".",Élevé,2026-08-04
30315,Chorizo,Vitamine_B12_µg_100g,,2.0,µg,"USDA FoodData Central (SR Legacy) — Sausage, pork, chorizo, link or ground, raw",,"Correspondance exacte : chorizo = ""sausage, pork, chorizo, link or ground, raw"".",Élevé,2026-08-04
30315,Chorizo,Sélénium_µg_100g,,18.6,µg,"USDA FoodData Central (SR Legacy) — Sausage, pork, chorizo, link or ground, raw",,"Correspondance exacte : chorizo = ""sausage, pork, chorizo, link or ground, raw"".",Élevé,2026-08-04
30317,"Chorizo supérieur, doux ou fort, type charcuterie en tranches",Vitamine_E_mg_100g,,0.22,mg,"USDA FoodData Central (SR Legacy) — Sausage, pork, chorizo, link or ground, raw",,"Chorizo supérieur en tranches (prêt à consommer) ; même base chorizo, forme tranchée/séchée non distinguée.",Moyen,2026-08-04
30317,"Chorizo supérieur, doux ou fort, type charcuterie en tranches",Vitamine_K1_µg_100g,,0.0,µg,"USDA FoodData Central (SR Legacy) — Sausage, pork, chorizo, link or ground, raw",,"Chorizo supérieur en tranches (prêt à consommer) ; même base chorizo, forme tranchée/séchée non distinguée.",Moyen,2026-08-04
30317,"Chorizo supérieur, doux ou fort, type charcuterie en tranches",Beta-Carotène_µg_100g,,0.0,µg,"USDA FoodData Central (SR Legacy) — Sausage, pork, chorizo, link or ground, raw",,"Chorizo supérieur en tranches (prêt à consommer) ; même base chorizo, forme tranchée/séchée non distinguée.",Moyen,2026-08-04
30316,"Chorizo supérieur, doux ou fort, type saucisse sèche",Vitamine_E_mg_100g,,0.22,mg,"USDA FoodData Central (SR Legacy) — Sausage, pork, chorizo, link or ground, raw",,Chorizo supérieur type saucisse sèche ; même base.,Moyen,2026-08-04
30316,"Chorizo supérieur, doux ou fort, type saucisse sèche",Vitamine_K1_µg_100g,,0.0,µg,"USDA FoodData Central (SR Legacy) — Sausage, pork, chorizo, link or ground, raw",,Chorizo supérieur type saucisse sèche ; même base.,Moyen,2026-08-04
30316,"Chorizo supérieur, doux ou fort, type saucisse sèche",Beta-Carotène_µg_100g,,0.0,µg,"USDA FoodData Central (SR Legacy) — Sausage, pork, chorizo, link or ground, raw",,Chorizo supérieur type saucisse sèche ; même base.,Moyen,2026-08-04
30177,Diot cru,Vitamine_B9_µg_100g,,5.0,µg,"USDA FoodData Central (SR Legacy) — Pork, fresh, ground, raw",,"Diot (saucisse fraîche savoyarde) cru ; proxy porc haché cru, spécialité régionale non distinguée.",Moyen,2026-08-04
30177,Diot cru,Vitamine_B12_µg_100g,,0.7,µg,"USDA FoodData Central (SR Legacy) — Pork, fresh, ground, raw",,"Diot (saucisse fraîche savoyarde) cru ; proxy porc haché cru, spécialité régionale non distinguée.",Moyen,2026-08-04
30177,Diot cru,Sélénium_µg_100g,,24.6,µg,"USDA FoodData Central (SR Legacy) — Pork, fresh, ground, raw",,"Diot (saucisse fraîche savoyarde) cru ; proxy porc haché cru, spécialité régionale non distinguée.",Moyen,2026-08-04
30150,Merguez crue,Vitamine_E_mg_100g,,0.24,mg,"USDA FoodData Central (SR Legacy) — Lamb, New Zealand, imported, ground lamb, raw",,Merguez pure crue ; proxy agneau haché cru (épices et éventuel mélange bœuf non reflétés).,Moyen,2026-08-04
30150,Merguez crue,Vitamine_D_µg_100g,,0.0,µg,"USDA FoodData Central (SR Legacy) — Lamb, New Zealand, imported, ground lamb, raw",,Merguez pure crue ; proxy agneau haché cru (épices et éventuel mélange bœuf non reflétés).,Moyen,2026-08-04
30150,Merguez crue,Vitamine_B12_µg_100g,,1.62,µg,"USDA FoodData Central (SR Legacy) — Lamb, New Zealand, imported, ground lamb, raw",,Merguez pure crue ; proxy agneau haché cru (épices et éventuel mélange bœuf non reflétés).,Moyen,2026-08-04
30150,Merguez crue,Beta-Carotène_µg_100g,,0.0,µg,"USDA FoodData Central (SR Legacy) — Lamb, New Zealand, imported, ground lamb, raw",,Merguez pure crue ; proxy agneau haché cru (épices et éventuel mélange bœuf non reflétés).,Moyen,2026-08-04
30152,"Merguez, pur boeuf, crue",Vitamine_E_mg_100g,,0.17,mg,"USDA FoodData Central (SR Legacy) — Beef, ground, 80% lean meat / 20% fat, raw",,"Merguez pur boeuf crue ; proxy boeuf haché 80/20 cru (épices non reflétées, mais espèce exacte).",Moyen,2026-08-04
30152,"Merguez, pur boeuf, crue",Vitamine_K1_µg_100g,,1.8,µg,"USDA FoodData Central (SR Legacy) — Beef, ground, 80% lean meat / 20% fat, raw",,"Merguez pur boeuf crue ; proxy boeuf haché 80/20 cru (épices non reflétées, mais espèce exacte).",Moyen,2026-08-04
30152,"Merguez, pur boeuf, crue",Vitamine_B9_µg_100g,,7.0,µg,"USDA FoodData Central (SR Legacy) — Beef, ground, 80% lean meat / 20% fat, raw",,"Merguez pur boeuf crue ; proxy boeuf haché 80/20 cru (épices non reflétées, mais espèce exacte).",Moyen,2026-08-04
30152,"Merguez, pur boeuf, crue",Vitamine_D_µg_100g,,0.1,µg,"USDA FoodData Central (SR Legacy) — Beef, ground, 80% lean meat / 20% fat, raw",,"Merguez pur boeuf crue ; proxy boeuf haché 80/20 cru (épices non reflétées, mais espèce exacte).",Moyen,2026-08-04
30152,"Merguez, pur boeuf, crue",Vitamine_B12_µg_100g,,2.14,µg,"USDA FoodData Central (SR Legacy) — Beef, ground, 80% lean meat / 20% fat, raw",,"Merguez pur boeuf crue ; proxy boeuf haché 80/20 cru (épices non reflétées, mais espèce exacte).",Moyen,2026-08-04
30152,"Merguez, pur boeuf, crue",Sélénium_µg_100g,,15.0,µg,"USDA FoodData Central (SR Legacy) — Beef, ground, 80% lean meat / 20% fat, raw",,"Merguez pur boeuf crue ; proxy boeuf haché 80/20 cru (épices non reflétées, mais espèce exacte).",Moyen,2026-08-04
30152,"Merguez, pur boeuf, crue",Beta-Carotène_µg_100g,,0.0,µg,"USDA FoodData Central (SR Legacy) — Beef, ground, 80% lean meat / 20% fat, raw",,"Merguez pur boeuf crue ; proxy boeuf haché 80/20 cru (épices non reflétées, mais espèce exacte).",Moyen,2026-08-04
30797,Mortadelle pistachée pur porc,Vitamine_E_mg_100g,,0.22,mg,"USDA FoodData Central (SR Legacy) — Mortadella, beef, pork",,"Mortadelle pistachée pur porc ; proxy ""mortadella, beef, pork"" (pistaches et composition pur porc non distinguées).",Moyen,2026-08-04
30797,Mortadelle pistachée pur porc,Vitamine_K1_µg_100g,,1.6,µg,"USDA FoodData Central (SR Legacy) — Mortadella, beef, pork",,"Mortadelle pistachée pur porc ; proxy ""mortadella, beef, pork"" (pistaches et composition pur porc non distinguées).",Moyen,2026-08-04
30797,Mortadelle pistachée pur porc,Vitamine_B9_µg_100g,,3.0,µg,"USDA FoodData Central (SR Legacy) — Mortadella, beef, pork",,"Mortadelle pistachée pur porc ; proxy ""mortadella, beef, pork"" (pistaches et composition pur porc non distinguées).",Moyen,2026-08-04
30797,Mortadelle pistachée pur porc,Vitamine_D_µg_100g,,1.0,µg,"USDA FoodData Central (SR Legacy) — Mortadella, beef, pork",,"Mortadelle pistachée pur porc ; proxy ""mortadella, beef, pork"" (pistaches et composition pur porc non distinguées).",Moyen,2026-08-04
30797,Mortadelle pistachée pur porc,Vitamine_B12_µg_100g,,1.48,µg,"USDA FoodData Central (SR Legacy) — Mortadella, beef, pork",,"Mortadelle pistachée pur porc ; proxy ""mortadella, beef, pork"" (pistaches et composition pur porc non distinguées).",Moyen,2026-08-04
30797,Mortadelle pistachée pur porc,Sélénium_µg_100g,,22.6,µg,"USDA FoodData Central (SR Legacy) — Mortadella, beef, pork",,"Mortadelle pistachée pur porc ; proxy ""mortadella, beef, pork"" (pistaches et composition pur porc non distinguées).",Moyen,2026-08-04
30797,Mortadelle pistachée pur porc,Beta-Carotène_µg_100g,,0.0,µg,"USDA FoodData Central (SR Legacy) — Mortadella, beef, pork",,"Mortadelle pistachée pur porc ; proxy ""mortadella, beef, pork"" (pistaches et composition pur porc non distinguées).",Moyen,2026-08-04
30791,"Mortadelle, porc et boeuf",Vitamine_E_mg_100g,,0.22,mg,"USDA FoodData Central (SR Legacy) — Mortadella, beef, pork",,"Correspondance exacte : mortadelle porc et boeuf = ""mortadella, beef, pork"".",Élevé,2026-08-04
30791,"Mortadelle, porc et boeuf",Sélénium_µg_100g,,22.6,µg,"USDA FoodData Central (SR Legacy) — Mortadella, beef, pork",,"Correspondance exacte : mortadelle porc et boeuf = ""mortadella, beef, pork"".",Élevé,2026-08-04
30312,Pavé au poivre (charcuterie),Vitamine_E_mg_100g,,0.22,mg,"USDA FoodData Central (SR Legacy) — Peppered loaf, pork, beef",,"Pavé au poivre (charcuterie) ; proxy ""peppered loaf, pork, beef"" (produit charcutier poivré similaire).",Moyen,2026-08-04
30312,Pavé au poivre (charcuterie),Vitamine_K1_µg_100g,,1.6,µg,"USDA FoodData Central (SR Legacy) — Peppered loaf, pork, beef",,"Pavé au poivre (charcuterie) ; proxy ""peppered loaf, pork, beef"" (produit charcutier poivré similaire).",Moyen,2026-08-04
30312,Pavé au poivre (charcuterie),Vitamine_B9_µg_100g,,2.0,µg,"USDA FoodData Central (SR Legacy) — Peppered loaf, pork, beef",,"Pavé au poivre (charcuterie) ; proxy ""peppered loaf, pork, beef"" (produit charcutier poivré similaire).",Moyen,2026-08-04
30312,Pavé au poivre (charcuterie),Vitamine_D_µg_100g,,0.8,µg,"USDA FoodData Central (SR Legacy) — Peppered loaf, pork, beef",,"Pavé au poivre (charcuterie) ; proxy ""peppered loaf, pork, beef"" (produit charcutier poivré similaire).",Moyen,2026-08-04
30312,Pavé au poivre (charcuterie),Vitamine_B12_µg_100g,,1.96,µg,"USDA FoodData Central (SR Legacy) — Peppered loaf, pork, beef",,"Pavé au poivre (charcuterie) ; proxy ""peppered loaf, pork, beef"" (produit charcutier poivré similaire).",Moyen,2026-08-04
30312,Pavé au poivre (charcuterie),Sélénium_µg_100g,,11.3,µg,"USDA FoodData Central (SR Legacy) — Peppered loaf, pork, beef",,"Pavé au poivre (charcuterie) ; proxy ""peppered loaf, pork, beef"" (produit charcutier poivré similaire).",Moyen,2026-08-04
30312,Pavé au poivre (charcuterie),Beta-Carotène_µg_100g,,0.0,µg,"USDA FoodData Central (SR Legacy) — Peppered loaf, pork, beef",,"Pavé au poivre (charcuterie) ; proxy ""peppered loaf, pork, beef"" (produit charcutier poivré similaire).",Moyen,2026-08-04
30351,Salami pur porc,Sélénium_µg_100g,,25.4,µg,"USDA FoodData Central (SR Legacy) — Salami, Italian, pork",,Correspondance exacte : salami pur porc.,Élevé,2026-08-04
30351,Salami pur porc,Beta-Carotène_µg_100g,,0.0,µg,"USDA FoodData Central (SR Legacy) — Salami, Italian, pork",,Correspondance exacte : salami pur porc.,Élevé,2026-08-04
30366,Salami type danois,Vitamine_E_mg_100g,,0.64,mg,"USDA FoodData Central (SR Legacy) — Salami, dry or hard, pork, beef",,"Salami type danois ; proxy ""salami, dry or hard, pork, beef"" (style danois non distingué).",Moyen,2026-08-04
30366,Salami type danois,Vitamine_K1_µg_100g,,0.0,µg,"USDA FoodData Central (SR Legacy) — Salami, dry or hard, pork, beef",,"Salami type danois ; proxy ""salami, dry or hard, pork, beef"" (style danois non distingué).",Moyen,2026-08-04
30366,Salami type danois,Vitamine_B9_µg_100g,,0.0,µg,"USDA FoodData Central (SR Legacy) — Salami, dry or hard, pork, beef",,"Salami type danois ; proxy ""salami, dry or hard, pork, beef"" (style danois non distingué).",Moyen,2026-08-04
30366,Salami type danois,Vitamine_D_µg_100g,,0.9,µg,"USDA FoodData Central (SR Legacy) — Salami, dry or hard, pork, beef",,"Salami type danois ; proxy ""salami, dry or hard, pork, beef"" (style danois non distingué).",Moyen,2026-08-04
30366,Salami type danois,Vitamine_B12_µg_100g,,1.15,µg,"USDA FoodData Central (SR Legacy) — Salami, dry or hard, pork, beef",,"Salami type danois ; proxy ""salami, dry or hard, pork, beef"" (style danois non distingué).",Moyen,2026-08-04
30366,Salami type danois,Sélénium_µg_100g,,33.6,µg,"USDA FoodData Central (SR Legacy) — Salami, dry or hard, pork, beef",,"Salami type danois ; proxy ""salami, dry or hard, pork, beef"" (style danois non distingué).",Moyen,2026-08-04
30366,Salami type danois,Beta-Carotène_µg_100g,,0.0,µg,"USDA FoodData Central (SR Legacy) — Salami, dry or hard, pork, beef",,"Salami type danois ; proxy ""salami, dry or hard, pork, beef"" (style danois non distingué).",Moyen,2026-08-04
30746,Saucisse cocktail,Vitamine_E_mg_100g,,0.22,mg,"USDA FoodData Central (SR Legacy) — Sausage, Vienna, canned, chicken, beef, pork",,"Correspondance exacte : saucisse cocktail = ""sausage, Vienna, canned"".",Élevé,2026-08-04
30746,Saucisse cocktail,Beta-Carotène_µg_100g,,0.0,µg,"USDA FoodData Central (SR Legacy) — Sausage, Vienna, canned, chicken, beef, pork",,"Correspondance exacte : saucisse cocktail = ""sausage, Vienna, canned"".",Élevé,2026-08-04
30766,Saucisse de bière,Vitamine_B9_µg_100g,,3.0,µg,"USDA FoodData Central (SR Legacy) — Beerwurst, beer salami, pork",,"Correspondance exacte : saucisse de bière = ""beerwurst, beer salami, pork"".",Élevé,2026-08-04
30766,Saucisse de bière,Vitamine_D_µg_100g,,0.9,µg,"USDA FoodData Central (SR Legacy) — Beerwurst, beer salami, pork",,"Correspondance exacte : saucisse de bière = ""beerwurst, beer salami, pork"".",Élevé,2026-08-04
30766,Saucisse de bière,Vitamine_B12_µg_100g,,0.87,µg,"USDA FoodData Central (SR Legacy) — Beerwurst, beer salami, pork",,"Correspondance exacte : saucisse de bière = ""beerwurst, beer salami, pork"".",Élevé,2026-08-04
30766,Saucisse de bière,Sélénium_µg_100g,,20.9,µg,"USDA FoodData Central (SR Legacy) — Beerwurst, beer salami, pork",,"Correspondance exacte : saucisse de bière = ""beerwurst, beer salami, pork"".",Élevé,2026-08-04
30134,Saucisse de Francfort,Beta-Carotène_µg_100g,,0.0,µg,"USDA FoodData Central (SR Legacy) — Frankfurter, pork",,"Correspondance exacte : saucisse de Francfort = ""frankfurter, pork"".",Élevé,2026-08-04
30764,Saucisse de jambon pur porc,Vitamine_E_mg_100g,,0.26,mg,"USDA FoodData Central (SR Legacy) — Bologna, pork",,"Saucisse de jambon pur porc ; proxy ""bologna, pork"" (charcuterie cuite pur porc proche).",Moyen,2026-08-04
30764,Saucisse de jambon pur porc,Vitamine_K1_µg_100g,,0.3,µg,"USDA FoodData Central (SR Legacy) — Bologna, pork",,"Saucisse de jambon pur porc ; proxy ""bologna, pork"" (charcuterie cuite pur porc proche).",Moyen,2026-08-04
30764,Saucisse de jambon pur porc,Vitamine_B9_µg_100g,,5.0,µg,"USDA FoodData Central (SR Legacy) — Bologna, pork",,"Saucisse de jambon pur porc ; proxy ""bologna, pork"" (charcuterie cuite pur porc proche).",Moyen,2026-08-04
30764,Saucisse de jambon pur porc,Vitamine_D_µg_100g,,1.4,µg,"USDA FoodData Central (SR Legacy) — Bologna, pork",,"Saucisse de jambon pur porc ; proxy ""bologna, pork"" (charcuterie cuite pur porc proche).",Moyen,2026-08-04
30764,Saucisse de jambon pur porc,Vitamine_B12_µg_100g,,0.93,µg,"USDA FoodData Central (SR Legacy) — Bologna, pork",,"Saucisse de jambon pur porc ; proxy ""bologna, pork"" (charcuterie cuite pur porc proche).",Moyen,2026-08-04
30764,Saucisse de jambon pur porc,Sélénium_µg_100g,,12.7,µg,"USDA FoodData Central (SR Legacy) — Bologna, pork",,"Saucisse de jambon pur porc ; proxy ""bologna, pork"" (charcuterie cuite pur porc proche).",Moyen,2026-08-04
30764,Saucisse de jambon pur porc,Beta-Carotène_µg_100g,,0.0,µg,"USDA FoodData Central (SR Legacy) — Bologna, pork",,"Saucisse de jambon pur porc ; proxy ""bologna, pork"" (charcuterie cuite pur porc proche).",Moyen,2026-08-04
30104,Saucisse de Morteau,Vitamine_E_mg_100g,,0.25,mg,"USDA FoodData Central (SR Legacy) — Sausage, smoked link sausage, pork",,"Saucisse de Morteau (fumée, à cuire) ; proxy ""smoked link sausage, pork"" générique.",Moyen,2026-08-04
30104,Saucisse de Morteau,Vitamine_K1_µg_100g,,0.0,µg,"USDA FoodData Central (SR Legacy) — Sausage, smoked link sausage, pork",,"Saucisse de Morteau (fumée, à cuire) ; proxy ""smoked link sausage, pork"" générique.",Moyen,2026-08-04
30104,Saucisse de Morteau,Vitamine_B9_µg_100g,,1.0,µg,"USDA FoodData Central (SR Legacy) — Sausage, smoked link sausage, pork",,"Saucisse de Morteau (fumée, à cuire) ; proxy ""smoked link sausage, pork"" générique.",Moyen,2026-08-04
30104,Saucisse de Morteau,Vitamine_D_µg_100g,,1.1,µg,"USDA FoodData Central (SR Legacy) — Sausage, smoked link sausage, pork",,"Saucisse de Morteau (fumée, à cuire) ; proxy ""smoked link sausage, pork"" générique.",Moyen,2026-08-04
30104,Saucisse de Morteau,Vitamine_B12_µg_100g,,0.66,µg,"USDA FoodData Central (SR Legacy) — Sausage, smoked link sausage, pork",,"Saucisse de Morteau (fumée, à cuire) ; proxy ""smoked link sausage, pork"" générique.",Moyen,2026-08-04
30104,Saucisse de Morteau,Sélénium_µg_100g,,18.3,µg,"USDA FoodData Central (SR Legacy) — Sausage, smoked link sausage, pork",,"Saucisse de Morteau (fumée, à cuire) ; proxy ""smoked link sausage, pork"" générique.",Moyen,2026-08-04
30104,Saucisse de Morteau,Beta-Carotène_µg_100g,,0.0,µg,"USDA FoodData Central (SR Legacy) — Sausage, smoked link sausage, pork",,"Saucisse de Morteau (fumée, à cuire) ; proxy ""smoked link sausage, pork"" générique.",Moyen,2026-08-04
30108,Saucisse de Morteau bouillie/cuite à l'eau,Vitamine_E_mg_100g,,0.25,mg,"USDA FoodData Central (SR Legacy) — Sausage, smoked link sausage, pork",,Saucisse de Morteau bouillie/cuite à l'eau ; même proxy.,Moyen,2026-08-04
30108,Saucisse de Morteau bouillie/cuite à l'eau,Vitamine_K1_µg_100g,,0.0,µg,"USDA FoodData Central (SR Legacy) — Sausage, smoked link sausage, pork",,Saucisse de Morteau bouillie/cuite à l'eau ; même proxy.,Moyen,2026-08-04
30743,"Saucisse de Strasbourg ou knack, à teneur réduite en sel, à cuire",Vitamine_B9_µg_100g,,3.0,µg,"USDA FoodData Central (SR Legacy) — Frankfurter, pork",,"Saucisse de Strasbourg/knack, teneur réduite en sel ; proxy frankfurter pur porc (teneur réduite en sel non distinguée).",Moyen,2026-08-04
30743,"Saucisse de Strasbourg ou knack, à teneur réduite en sel, à cuire",Vitamine_B12_µg_100g,,0.49,µg,"USDA FoodData Central (SR Legacy) — Frankfurter, pork",,"Saucisse de Strasbourg/knack, teneur réduite en sel ; proxy frankfurter pur porc (teneur réduite en sel non distinguée).",Moyen,2026-08-04
30743,"Saucisse de Strasbourg ou knack, à teneur réduite en sel, à cuire",Sélénium_µg_100g,,27.8,µg,"USDA FoodData Central (SR Legacy) — Frankfurter, pork",,"Saucisse de Strasbourg/knack, teneur réduite en sel ; proxy frankfurter pur porc (teneur réduite en sel non distinguée).",Moyen,2026-08-04
30743,"Saucisse de Strasbourg ou knack, à teneur réduite en sel, à cuire",Beta-Carotène_µg_100g,,0.0,µg,"USDA FoodData Central (SR Legacy) — Frankfurter, pork",,"Saucisse de Strasbourg/knack, teneur réduite en sel ; proxy frankfurter pur porc (teneur réduite en sel non distinguée).",Moyen,2026-08-04
30110,Saucisse de Toulouse crue,Vitamine_E_mg_100g,,0.22,mg,"USDA FoodData Central (SR Legacy) — Sausage, pork, chorizo, link or ground, raw",,"Saucisse de Toulouse crue ; proxy saucisse fraîche de porc crue catégorisée ""chorizo"" par l'USDA mais nutritionnellement représentative d'une saucisse fraîche pur porc.",Moyen,2026-08-04
30110,Saucisse de Toulouse crue,Vitamine_K1_µg_100g,,0.0,µg,"USDA FoodData Central (SR Legacy) — Sausage, pork, chorizo, link or ground, raw",,"Saucisse de Toulouse crue ; proxy saucisse fraîche de porc crue catégorisée ""chorizo"" par l'USDA mais nutritionnellement représentative d'une saucisse fraîche pur porc.",Moyen,2026-08-04
30110,Saucisse de Toulouse crue,Vitamine_B9_µg_100g,,0.0,µg,"USDA FoodData Central (SR Legacy) — Sausage, pork, chorizo, link or ground, raw",,"Saucisse de Toulouse crue ; proxy saucisse fraîche de porc crue catégorisée ""chorizo"" par l'USDA mais nutritionnellement représentative d'une saucisse fraîche pur porc.",Moyen,2026-08-04
30110,Saucisse de Toulouse crue,Vitamine_D_µg_100g,,1.5,µg,"USDA FoodData Central (SR Legacy) — Sausage, pork, chorizo, link or ground, raw",,"Saucisse de Toulouse crue ; proxy saucisse fraîche de porc crue catégorisée ""chorizo"" par l'USDA mais nutritionnellement représentative d'une saucisse fraîche pur porc.",Moyen,2026-08-04
30110,Saucisse de Toulouse crue,Vitamine_B12_µg_100g,,2.0,µg,"USDA FoodData Central (SR Legacy) — Sausage, pork, chorizo, link or ground, raw",,"Saucisse de Toulouse crue ; proxy saucisse fraîche de porc crue catégorisée ""chorizo"" par l'USDA mais nutritionnellement représentative d'une saucisse fraîche pur porc.",Moyen,2026-08-04
30110,Saucisse de Toulouse crue,Beta-Carotène_µg_100g,,0.0,µg,"USDA FoodData Central (SR Legacy) — Sausage, pork, chorizo, link or ground, raw",,"Saucisse de Toulouse crue ; proxy saucisse fraîche de porc crue catégorisée ""chorizo"" par l'USDA mais nutritionnellement représentative d'une saucisse fraîche pur porc.",Moyen,2026-08-04
30011,Saucisse de Toulouse cuite,Vitamine_E_mg_100g,,0.25,mg,"USDA FoodData Central (SR Legacy) — Sausage, Italian, pork, mild, cooked, pan-fried",,Saucisse de Toulouse cuite ; proxy saucisse fraîche de porc cuite.,Moyen,2026-08-04
30011,Saucisse de Toulouse cuite,Vitamine_K1_µg_100g,,3.4,µg,"USDA FoodData Central (SR Legacy) — Sausage, Italian, pork, mild, cooked, pan-fried",,Saucisse de Toulouse cuite ; proxy saucisse fraîche de porc cuite.,Moyen,2026-08-04
30130,Saucisse de volaille façon charcutière,Vitamine_B9_µg_100g,,6.0,µg,"USDA FoodData Central (SR Legacy) — Sausage, chicken, beef, pork, skinless, smoked",,"Saucisse de volaille façon charcutière ; proxy ""sausage, chicken, beef, pork, skinless, smoked"".",Moyen,2026-08-04
30130,Saucisse de volaille façon charcutière,Vitamine_B12_µg_100g,,1.6,µg,"USDA FoodData Central (SR Legacy) — Sausage, chicken, beef, pork, skinless, smoked",,"Saucisse de volaille façon charcutière ; proxy ""sausage, chicken, beef, pork, skinless, smoked"".",Moyen,2026-08-04
30130,Saucisse de volaille façon charcutière,Sélénium_µg_100g,,20.2,µg,"USDA FoodData Central (SR Legacy) — Sausage, chicken, beef, pork, skinless, smoked",,"Saucisse de volaille façon charcutière ; proxy ""sausage, chicken, beef, pork, skinless, smoked"".",Moyen,2026-08-04
30130,Saucisse de volaille façon charcutière,Beta-Carotène_µg_100g,,0.0,µg,"USDA FoodData Central (SR Legacy) — Sausage, chicken, beef, pork, skinless, smoked",,"Saucisse de volaille façon charcutière ; proxy ""sausage, chicken, beef, pork, skinless, smoked"".",Moyen,2026-08-04
30131,Saucisse de volaille type knack,Vitamine_B9_µg_100g,,6.0,µg,"USDA FoodData Central (SR Legacy) — Sausage, chicken, beef, pork, skinless, smoked",,Saucisse de volaille type knack ; même proxy.,Moyen,2026-08-04
30131,Saucisse de volaille type knack,Vitamine_B12_µg_100g,,1.6,µg,"USDA FoodData Central (SR Legacy) — Sausage, chicken, beef, pork, skinless, smoked",,Saucisse de volaille type knack ; même proxy.,Moyen,2026-08-04
30131,Saucisse de volaille type knack,Sélénium_µg_100g,,20.2,µg,"USDA FoodData Central (SR Legacy) — Sausage, chicken, beef, pork, skinless, smoked",,Saucisse de volaille type knack ; même proxy.,Moyen,2026-08-04
30131,Saucisse de volaille type knack,Beta-Carotène_µg_100g,,0.0,µg,"USDA FoodData Central (SR Legacy) — Sausage, chicken, beef, pork, skinless, smoked",,Saucisse de volaille type knack ; même proxy.,Moyen,2026-08-04
30102,Saucisse fumée à cuire,Vitamine_E_mg_100g,,0.25,mg,"USDA FoodData Central (SR Legacy) — Sausage, smoked link sausage, pork",,"Correspondance directe : saucisse fumée à cuire = ""smoked link sausage, pork"".",Élevé,2026-08-04
30102,Saucisse fumée à cuire,Vitamine_K1_µg_100g,,0.0,µg,"USDA FoodData Central (SR Legacy) — Sausage, smoked link sausage, pork",,"Correspondance directe : saucisse fumée à cuire = ""smoked link sausage, pork"".",Élevé,2026-08-04
30102,Saucisse fumée à cuire,Vitamine_B9_µg_100g,,1.0,µg,"USDA FoodData Central (SR Legacy) — Sausage, smoked link sausage, pork",,"Correspondance directe : saucisse fumée à cuire = ""smoked link sausage, pork"".",Élevé,2026-08-04
30102,Saucisse fumée à cuire,Vitamine_D_µg_100g,,1.1,µg,"USDA FoodData Central (SR Legacy) — Sausage, smoked link sausage, pork",,"Correspondance directe : saucisse fumée à cuire = ""smoked link sausage, pork"".",Élevé,2026-08-04
30102,Saucisse fumée à cuire,Vitamine_B12_µg_100g,,0.66,µg,"USDA FoodData Central (SR Legacy) — Sausage, smoked link sausage, pork",,"Correspondance directe : saucisse fumée à cuire = ""smoked link sausage, pork"".",Élevé,2026-08-04
30102,Saucisse fumée à cuire,Sélénium_µg_100g,,18.3,µg,"USDA FoodData Central (SR Legacy) — Sausage, smoked link sausage, pork",,"Correspondance directe : saucisse fumée à cuire = ""smoked link sausage, pork"".",Élevé,2026-08-04
30102,Saucisse fumée à cuire,Beta-Carotène_µg_100g,,0.0,µg,"USDA FoodData Central (SR Legacy) — Sausage, smoked link sausage, pork",,"Correspondance directe : saucisse fumée à cuire = ""smoked link sausage, pork"".",Élevé,2026-08-04
30309,Saucisse sèche,Vitamine_B9_µg_100g,,2.0,µg,"USDA FoodData Central (SR Legacy) — Salami, dry or hard, pork",,Saucisse sèche ; proxy salami sec/dur pur porc (format proche d'une petite saucisse séchée).,Moyen,2026-08-04
30309,Saucisse sèche,Vitamine_B12_µg_100g,,2.8,µg,"USDA FoodData Central (SR Legacy) — Salami, dry or hard, pork",,Saucisse sèche ; proxy salami sec/dur pur porc (format proche d'une petite saucisse séchée).,Moyen,2026-08-04
30309,Saucisse sèche,Sélénium_µg_100g,,25.4,µg,"USDA FoodData Central (SR Legacy) — Salami, dry or hard, pork",,Saucisse sèche ; proxy salami sec/dur pur porc (format proche d'une petite saucisse séchée).,Moyen,2026-08-04
30750,Saucisse viennoise crue,Vitamine_B12_µg_100g,,1.0,µg,"USDA FoodData Central (SR Legacy) — Sausage, Italian, pork, mild, raw",,"Saucisse viennoise crue ; proxy saucisse fraîche de porc crue (""Italian, pork, mild, raw"").",Moyen,2026-08-04
30750,Saucisse viennoise crue,Sélénium_µg_100g,,11.3,µg,"USDA FoodData Central (SR Legacy) — Sausage, Italian, pork, mild, raw",,"Saucisse viennoise crue ; proxy saucisse fraîche de porc crue (""Italian, pork, mild, raw"").",Moyen,2026-08-04
30750,Saucisse viennoise crue,Beta-Carotène_µg_100g,,0.0,µg,"USDA FoodData Central (SR Legacy) — Sausage, Italian, pork, mild, raw",,"Saucisse viennoise crue ; proxy saucisse fraîche de porc crue (""Italian, pork, mild, raw"").",Moyen,2026-08-04
30700,Saucisson à l'ail,Vitamine_E_mg_100g,,0.26,mg,"USDA FoodData Central (SR Legacy) — Bologna, pork",,"Saucisson à l'ail (cuit, type cervelas) ; proxy ""bologna, pork"" (charcuterie cuite pur porc proche texture/composition).",Moyen,2026-08-04
30700,Saucisson à l'ail,Vitamine_K1_µg_100g,,0.3,µg,"USDA FoodData Central (SR Legacy) — Bologna, pork",,"Saucisson à l'ail (cuit, type cervelas) ; proxy ""bologna, pork"" (charcuterie cuite pur porc proche texture/composition).",Moyen,2026-08-04
30700,Saucisson à l'ail,Vitamine_B9_µg_100g,,5.0,µg,"USDA FoodData Central (SR Legacy) — Bologna, pork",,"Saucisson à l'ail (cuit, type cervelas) ; proxy ""bologna, pork"" (charcuterie cuite pur porc proche texture/composition).",Moyen,2026-08-04
30700,Saucisson à l'ail,Vitamine_D_µg_100g,,1.4,µg,"USDA FoodData Central (SR Legacy) — Bologna, pork",,"Saucisson à l'ail (cuit, type cervelas) ; proxy ""bologna, pork"" (charcuterie cuite pur porc proche texture/composition).",Moyen,2026-08-04
30700,Saucisson à l'ail,Vitamine_B12_µg_100g,,0.93,µg,"USDA FoodData Central (SR Legacy) — Bologna, pork",,"Saucisson à l'ail (cuit, type cervelas) ; proxy ""bologna, pork"" (charcuterie cuite pur porc proche texture/composition).",Moyen,2026-08-04
30700,Saucisson à l'ail,Sélénium_µg_100g,,12.7,µg,"USDA FoodData Central (SR Legacy) — Bologna, pork",,"Saucisson à l'ail (cuit, type cervelas) ; proxy ""bologna, pork"" (charcuterie cuite pur porc proche texture/composition).",Moyen,2026-08-04
30700,Saucisson à l'ail,Beta-Carotène_µg_100g,,0.0,µg,"USDA FoodData Central (SR Legacy) — Bologna, pork",,"Saucisson à l'ail (cuit, type cervelas) ; proxy ""bologna, pork"" (charcuterie cuite pur porc proche texture/composition).",Moyen,2026-08-04
30701,Saucisson pur porc cuit,Vitamine_E_mg_100g,,0.26,mg,"USDA FoodData Central (SR Legacy) — Bologna, pork",,Saucisson pur porc cuit ; même proxy.,Moyen,2026-08-04
30701,Saucisson pur porc cuit,Vitamine_K1_µg_100g,,0.3,µg,"USDA FoodData Central (SR Legacy) — Bologna, pork",,Saucisson pur porc cuit ; même proxy.,Moyen,2026-08-04
30701,Saucisson pur porc cuit,Vitamine_B9_µg_100g,,5.0,µg,"USDA FoodData Central (SR Legacy) — Bologna, pork",,Saucisson pur porc cuit ; même proxy.,Moyen,2026-08-04
30701,Saucisson pur porc cuit,Vitamine_D_µg_100g,,1.4,µg,"USDA FoodData Central (SR Legacy) — Bologna, pork",,Saucisson pur porc cuit ; même proxy.,Moyen,2026-08-04
30701,Saucisson pur porc cuit,Vitamine_B12_µg_100g,,0.93,µg,"USDA FoodData Central (SR Legacy) — Bologna, pork",,Saucisson pur porc cuit ; même proxy.,Moyen,2026-08-04
30701,Saucisson pur porc cuit,Sélénium_µg_100g,,12.7,µg,"USDA FoodData Central (SR Legacy) — Bologna, pork",,Saucisson pur porc cuit ; même proxy.,Moyen,2026-08-04
30701,Saucisson pur porc cuit,Beta-Carotène_µg_100g,,0.0,µg,"USDA FoodData Central (SR Legacy) — Bologna, pork",,Saucisson pur porc cuit ; même proxy.,Moyen,2026-08-04
30314,Saucisson sec allégé en matière grasse,Vitamine_B9_µg_100g,,2.0,µg,"USDA FoodData Central (SR Legacy) — Salami, dry or hard, pork",,Saucisson sec allégé en matière grasse ; même proxy (allègement non reflété par l'USDA).,Moyen,2026-08-04
30314,Saucisson sec allégé en matière grasse,Vitamine_B12_µg_100g,,2.8,µg,"USDA FoodData Central (SR Legacy) — Salami, dry or hard, pork",,Saucisson sec allégé en matière grasse ; même proxy (allègement non reflété par l'USDA).,Moyen,2026-08-04
30314,Saucisson sec allégé en matière grasse,Sélénium_µg_100g,,25.4,µg,"USDA FoodData Central (SR Legacy) — Salami, dry or hard, pork",,Saucisson sec allégé en matière grasse ; même proxy (allègement non reflété par l'USDA).,Moyen,2026-08-04
30308,Saucisson sec de Lyon pur porc,Vitamine_B9_µg_100g,,2.0,µg,"USDA FoodData Central (SR Legacy) — Salami, dry or hard, pork",,Correspondance exacte : saucisson sec de Lyon pur porc.,Élevé,2026-08-04
30308,Saucisson sec de Lyon pur porc,Vitamine_B12_µg_100g,,2.8,µg,"USDA FoodData Central (SR Legacy) — Salami, dry or hard, pork",,Correspondance exacte : saucisson sec de Lyon pur porc.,Élevé,2026-08-04
30308,Saucisson sec de Lyon pur porc,Sélénium_µg_100g,,25.4,µg,"USDA FoodData Central (SR Legacy) — Salami, dry or hard, pork",,Correspondance exacte : saucisson sec de Lyon pur porc.,Élevé,2026-08-04
12112,Abondance,Vitamine_E_mg_100g,,0.28,mg,"USDA FoodData Central (SR Legacy) — Cheese, gruyere",,Abondance (pâte pressée cuite type gruyère de Savoie) ; proxy gruyère (famille de fromages alpins à pâte cuite la plus proche chez l'USDA).,Moyen,2026-08-04
12105,Beaufort,Vitamine_E_mg_100g,,0.28,mg,"USDA FoodData Central (SR Legacy) — Cheese, gruyere",,Beaufort (pâte pressée cuite type gruyère) ; même proxy.,Moyen,2026-08-04
12105,Beaufort,Vitamine_K1_µg_100g,,2.7,µg,"USDA FoodData Central (SR Legacy) — Cheese, gruyere",,Beaufort (pâte pressée cuite type gruyère) ; même proxy.,Moyen,2026-08-04
12105,Beaufort,Vitamine_B9_µg_100g,,10.0,µg,"USDA FoodData Central (SR Legacy) — Cheese, gruyere",,Beaufort (pâte pressée cuite type gruyère) ; même proxy.,Moyen,2026-08-04
12105,Beaufort,Vitamine_D_µg_100g,,0.6,µg,"USDA FoodData Central (SR Legacy) — Cheese, gruyere",,Beaufort (pâte pressée cuite type gruyère) ; même proxy.,Moyen,2026-08-04
12105,Beaufort,Vitamine_B12_µg_100g,,1.6,µg,"USDA FoodData Central (SR Legacy) — Cheese, gruyere",,Beaufort (pâte pressée cuite type gruyère) ; même proxy.,Moyen,2026-08-04
12526,Bleu de Gex ou fromage bleu du Haut-Jura ou bleu de Septmoncel,Vitamine_E_mg_100g,,0.25,mg,"USDA FoodData Central (SR Legacy) — Cheese, blue",,"Bleu de Gex ; correspondance de type ""blue cheese"".",Élevé,2026-08-04
12526,Bleu de Gex ou fromage bleu du Haut-Jura ou bleu de Septmoncel,Vitamine_K1_µg_100g,,2.4,µg,"USDA FoodData Central (SR Legacy) — Cheese, blue",,"Bleu de Gex ; correspondance de type ""blue cheese"".",Élevé,2026-08-04
12526,Bleu de Gex ou fromage bleu du Haut-Jura ou bleu de Septmoncel,Vitamine_B9_µg_100g,,36.0,µg,"USDA FoodData Central (SR Legacy) — Cheese, blue",,"Bleu de Gex ; correspondance de type ""blue cheese"".",Élevé,2026-08-04
12526,Bleu de Gex ou fromage bleu du Haut-Jura ou bleu de Septmoncel,Vitamine_D_µg_100g,,0.5,µg,"USDA FoodData Central (SR Legacy) — Cheese, blue",,"Bleu de Gex ; correspondance de type ""blue cheese"".",Élevé,2026-08-04
12526,Bleu de Gex ou fromage bleu du Haut-Jura ou bleu de Septmoncel,Vitamine_B12_µg_100g,,1.22,µg,"USDA FoodData Central (SR Legacy) — Cheese, blue",,"Bleu de Gex ; correspondance de type ""blue cheese"".",Élevé,2026-08-04
12526,Bleu de Gex ou fromage bleu du Haut-Jura ou bleu de Septmoncel,Sélénium_µg_100g,,14.5,µg,"USDA FoodData Central (SR Legacy) — Cheese, blue",,"Bleu de Gex ; correspondance de type ""blue cheese"".",Élevé,2026-08-04
12526,Bleu de Gex ou fromage bleu du Haut-Jura ou bleu de Septmoncel,Beta-Carotène_µg_100g,,74.0,µg,"USDA FoodData Central (SR Legacy) — Cheese, blue",,"Bleu de Gex ; correspondance de type ""blue cheese"".",Élevé,2026-08-04
12065,"Bouchée apéritive de fromage au lait de vache non affiné, fourrée ou enrobée",Vitamine_E_mg_100g,,0.86,mg,"USDA FoodData Central (SR Legacy) — Cheese, cream",,"Bouchée apéritive de fromage au lait de vache non affiné, fourrée ; proxy fromage frais type cream cheese (produit non affiné).",Moyen,2026-08-04
12065,"Bouchée apéritive de fromage au lait de vache non affiné, fourrée ou enrobée",Vitamine_B9_µg_100g,,9.0,µg,"USDA FoodData Central (SR Legacy) — Cheese, cream",,"Bouchée apéritive de fromage au lait de vache non affiné, fourrée ; proxy fromage frais type cream cheese (produit non affiné).",Moyen,2026-08-04
12064,Boulette d'Avesne,Vitamine_E_mg_100g,,0.23,mg,"USDA FoodData Central (SR Legacy) — Cheese, limburger",,"Boulette d'Avesne (pâte molle croûte lavée, très affinée) ; proxy limburger (fromage à croûte lavée le plus proche chez l'USDA).",Moyen,2026-08-04
12064,Boulette d'Avesne,Beta-Carotène_µg_100g,,15.0,µg,"USDA FoodData Central (SR Legacy) — Cheese, limburger",,"Boulette d'Avesne (pâte molle croûte lavée, très affinée) ; proxy limburger (fromage à croûte lavée le plus proche chez l'USDA).",Moyen,2026-08-04
12021,Brie de Meaux,Vitamine_E_mg_100g,,0.24,mg,"USDA FoodData Central (SR Legacy) — Cheese, brie",,Correspondance exacte : brie de Meaux.,Élevé,2026-08-04
12022,Brie de Melun,Vitamine_E_mg_100g,,0.24,mg,"USDA FoodData Central (SR Legacy) — Cheese, brie",,Correspondance exacte : brie de Melun.,Élevé,2026-08-04
12020,"Brie, sans précision",Vitamine_E_mg_100g,,0.24,mg,"USDA FoodData Central (SR Legacy) — Cheese, brie",,"Correspondance exacte : brie, sans précision.",Élevé,2026-08-04
12059,"Brocciu ou brucciu corse, fromage à base de lactosérum de brebis et/ou de chèvre non affiné",Vitamine_E_mg_100g,,0.11,mg,"USDA FoodData Central (SR Legacy) — Cheese, ricotta, whole milk",,Brocciu corse (fromage de lactosérum non affiné) ; proxy ricotta (même principe de fabrication à base de petit-lait).,Moyen,2026-08-04
12059,"Brocciu ou brucciu corse, fromage à base de lactosérum de brebis et/ou de chèvre non affiné",Vitamine_K1_µg_100g,,1.1,µg,"USDA FoodData Central (SR Legacy) — Cheese, ricotta, whole milk",,Brocciu corse (fromage de lactosérum non affiné) ; proxy ricotta (même principe de fabrication à base de petit-lait).,Moyen,2026-08-04
12059,"Brocciu ou brucciu corse, fromage à base de lactosérum de brebis et/ou de chèvre non affiné",Vitamine_B9_µg_100g,,4.0,µg,"USDA FoodData Central (SR Legacy) — Cheese, ricotta, whole milk",,Brocciu corse (fromage de lactosérum non affiné) ; proxy ricotta (même principe de fabrication à base de petit-lait).,Moyen,2026-08-04
12059,"Brocciu ou brucciu corse, fromage à base de lactosérum de brebis et/ou de chèvre non affiné",Vitamine_D_µg_100g,,0.2,µg,"USDA FoodData Central (SR Legacy) — Cheese, ricotta, whole milk",,Brocciu corse (fromage de lactosérum non affiné) ; proxy ricotta (même principe de fabrication à base de petit-lait).,Moyen,2026-08-04
12059,"Brocciu ou brucciu corse, fromage à base de lactosérum de brebis et/ou de chèvre non affiné",Vitamine_B12_µg_100g,,0.85,µg,"USDA FoodData Central (SR Legacy) — Cheese, ricotta, whole milk",,Brocciu corse (fromage de lactosérum non affiné) ; proxy ricotta (même principe de fabrication à base de petit-lait).,Moyen,2026-08-04
12059,"Brocciu ou brucciu corse, fromage à base de lactosérum de brebis et/ou de chèvre non affiné",Sélénium_µg_100g,,5.9,µg,"USDA FoodData Central (SR Legacy) — Cheese, ricotta, whole milk",,Brocciu corse (fromage de lactosérum non affiné) ; proxy ricotta (même principe de fabrication à base de petit-lait).,Moyen,2026-08-04
12059,"Brocciu ou brucciu corse, fromage à base de lactosérum de brebis et/ou de chèvre non affiné",Beta-Carotène_µg_100g,,33.0,µg,"USDA FoodData Central (SR Legacy) — Cheese, ricotta, whole milk",,Brocciu corse (fromage de lactosérum non affiné) ; proxy ricotta (même principe de fabrication à base de petit-lait).,Moyen,2026-08-04
12071,Brousse (fromage de brebis frais au lactosérum),Vitamine_E_mg_100g,,0.11,mg,"USDA FoodData Central (SR Legacy) — Cheese, ricotta, whole milk",,Brousse (fromage de brebis frais au lactosérum) ; même proxy ricotta.,Moyen,2026-08-04
12071,Brousse (fromage de brebis frais au lactosérum),Vitamine_B9_µg_100g,,4.0,µg,"USDA FoodData Central (SR Legacy) — Cheese, ricotta, whole milk",,Brousse (fromage de brebis frais au lactosérum) ; même proxy ricotta.,Moyen,2026-08-04
12072,Burrata,Vitamine_E_mg_100g,,0.19,mg,"USDA FoodData Central (SR Legacy) — Cheese, mozzarella, whole milk",,Burrata (mozzarella fraîche fourrée de crème) ; proxy mozzarella au lait entier (cœur crémeux non distingué par l'USDA).,Moyen,2026-08-04
12072,Burrata,Vitamine_B9_µg_100g,,7.0,µg,"USDA FoodData Central (SR Legacy) — Cheese, mozzarella, whole milk",,Burrata (mozzarella fraîche fourrée de crème) ; proxy mozzarella au lait entier (cœur crémeux non distingué par l'USDA).,Moyen,2026-08-04
12006,Camembert au lait cru ou thermisé,Vitamine_E_mg_100g,,0.21,mg,"USDA FoodData Central (SR Legacy) — Cheese, camembert",,Correspondance exacte : camembert au lait cru/thermisé.,Élevé,2026-08-04
12007,Camembert au lait pasteurisé,Vitamine_E_mg_100g,,0.21,mg,"USDA FoodData Central (SR Legacy) — Cheese, camembert",,Correspondance exacte : camembert au lait pasteurisé.,Élevé,2026-08-04
12007,Camembert au lait pasteurisé,Vitamine_B9_µg_100g,,62.0,µg,"USDA FoodData Central (SR Legacy) — Cheese, camembert",,Correspondance exacte : camembert au lait pasteurisé.,Élevé,2026-08-04
12001,"Camembert, sans précision sur le type de lait (pasteurisé ou cru)",Vitamine_E_mg_100g,,0.21,mg,"USDA FoodData Central (SR Legacy) — Cheese, camembert",,"Correspondance exacte : camembert, sans précision.",Élevé,2026-08-04
12001,"Camembert, sans précision sur le type de lait (pasteurisé ou cru)",Beta-Carotène_µg_100g,,12.0,µg,"USDA FoodData Central (SR Legacy) — Cheese, camembert",,"Correspondance exacte : camembert, sans précision.",Élevé,2026-08-04
12724,Cantal,Vitamine_E_mg_100g,,0.78,mg,"USDA FoodData Central (SR Legacy) — Cheese, cheddar, sharp, sliced",,Cantal (pâte pressée non cuite) ; proxy cheddar (texture et affinage les plus proches chez l'USDA).,Moyen,2026-08-04
12724,Cantal,Vitamine_K1_µg_100g,,2.4,µg,"USDA FoodData Central (SR Legacy) — Cheese, cheddar, sharp, sliced",,Cantal (pâte pressée non cuite) ; proxy cheddar (texture et affinage les plus proches chez l'USDA).,Moyen,2026-08-04
12724,Cantal,Vitamine_B9_µg_100g,,27.0,µg,"USDA FoodData Central (SR Legacy) — Cheese, cheddar, sharp, sliced",,Cantal (pâte pressée non cuite) ; proxy cheddar (texture et affinage les plus proches chez l'USDA).,Moyen,2026-08-04
12724,Cantal,Vitamine_D_µg_100g,,1.0,µg,"USDA FoodData Central (SR Legacy) — Cheese, cheddar, sharp, sliced",,Cantal (pâte pressée non cuite) ; proxy cheddar (texture et affinage les plus proches chez l'USDA).,Moyen,2026-08-04
12724,Cantal,Vitamine_B12_µg_100g,,0.88,µg,"USDA FoodData Central (SR Legacy) — Cheese, cheddar, sharp, sliced",,Cantal (pâte pressée non cuite) ; proxy cheddar (texture et affinage les plus proches chez l'USDA).,Moyen,2026-08-04
12724,Cantal,Sélénium_µg_100g,,28.3,µg,"USDA FoodData Central (SR Legacy) — Cheese, cheddar, sharp, sliced",,Cantal (pâte pressée non cuite) ; proxy cheddar (texture et affinage les plus proches chez l'USDA).,Moyen,2026-08-04
12724,Cantal,Beta-Carotène_µg_100g,,85.0,µg,"USDA FoodData Central (SR Legacy) — Cheese, cheddar, sharp, sliced",,Cantal (pâte pressée non cuite) ; proxy cheddar (texture et affinage les plus proches chez l'USDA).,Moyen,2026-08-04
12722,Cantal entre-deux,Vitamine_E_mg_100g,,0.78,mg,"USDA FoodData Central (SR Legacy) — Cheese, cheddar, sharp, sliced",,Cantal entre-deux ; même proxy.,Moyen,2026-08-04
12722,Cantal entre-deux,Vitamine_K1_µg_100g,,2.4,µg,"USDA FoodData Central (SR Legacy) — Cheese, cheddar, sharp, sliced",,Cantal entre-deux ; même proxy.,Moyen,2026-08-04
12722,Cantal entre-deux,Vitamine_B9_µg_100g,,27.0,µg,"USDA FoodData Central (SR Legacy) — Cheese, cheddar, sharp, sliced",,Cantal entre-deux ; même proxy.,Moyen,2026-08-04
12722,Cantal entre-deux,Vitamine_D_µg_100g,,1.0,µg,"USDA FoodData Central (SR Legacy) — Cheese, cheddar, sharp, sliced",,Cantal entre-deux ; même proxy.,Moyen,2026-08-04
12722,Cantal entre-deux,Vitamine_B12_µg_100g,,0.88,µg,"USDA FoodData Central (SR Legacy) — Cheese, cheddar, sharp, sliced",,Cantal entre-deux ; même proxy.,Moyen,2026-08-04
12722,Cantal entre-deux,Sélénium_µg_100g,,28.3,µg,"USDA FoodData Central (SR Legacy) — Cheese, cheddar, sharp, sliced",,Cantal entre-deux ; même proxy.,Moyen,2026-08-04
12722,Cantal entre-deux,Beta-Carotène_µg_100g,,85.0,µg,"USDA FoodData Central (SR Legacy) — Cheese, cheddar, sharp, sliced",,Cantal entre-deux ; même proxy.,Moyen,2026-08-04
12109,Cantal jeune,Vitamine_E_mg_100g,,0.78,mg,"USDA FoodData Central (SR Legacy) — Cheese, cheddar, sharp, sliced",,Cantal jeune ; même proxy.,Moyen,2026-08-04
12109,Cantal jeune,Vitamine_B9_µg_100g,,27.0,µg,"USDA FoodData Central (SR Legacy) — Cheese, cheddar, sharp, sliced",,Cantal jeune ; même proxy.,Moyen,2026-08-04
12025,Carré de l'Est,Vitamine_E_mg_100g,,0.26,mg,"USDA FoodData Central (SR Legacy) — Cheese, muenster",,Carré de l'Est (pâte molle croûte lavée) ; proxy muenster (pâte molle américaine la plus proche).,Moyen,2026-08-04
12025,Carré de l'Est,Vitamine_K1_µg_100g,,2.5,µg,"USDA FoodData Central (SR Legacy) — Cheese, muenster",,Carré de l'Est (pâte molle croûte lavée) ; proxy muenster (pâte molle américaine la plus proche).,Moyen,2026-08-04
12025,Carré de l'Est,Vitamine_B9_µg_100g,,12.0,µg,"USDA FoodData Central (SR Legacy) — Cheese, muenster",,Carré de l'Est (pâte molle croûte lavée) ; proxy muenster (pâte molle américaine la plus proche).,Moyen,2026-08-04
12025,Carré de l'Est,Vitamine_D_µg_100g,,0.6,µg,"USDA FoodData Central (SR Legacy) — Cheese, muenster",,Carré de l'Est (pâte molle croûte lavée) ; proxy muenster (pâte molle américaine la plus proche).,Moyen,2026-08-04
12025,Carré de l'Est,Vitamine_B12_µg_100g,,1.47,µg,"USDA FoodData Central (SR Legacy) — Cheese, muenster",,Carré de l'Est (pâte molle croûte lavée) ; proxy muenster (pâte molle américaine la plus proche).,Moyen,2026-08-04
12025,Carré de l'Est,Beta-Carotène_µg_100g,,13.0,µg,"USDA FoodData Central (SR Legacy) — Cheese, muenster",,Carré de l'Est (pâte molle croûte lavée) ; proxy muenster (pâte molle américaine la plus proche).,Moyen,2026-08-04
12830,Chabichou (fromage de chèvre),Vitamine_E_mg_100g,,0.18,mg,"USDA FoodData Central (SR Legacy) — Cheese, goat, soft type",,"Correspondance exacte : chabichou, fromage de chèvre à pâte molle.",Élevé,2026-08-04
12830,Chabichou (fromage de chèvre),Vitamine_K1_µg_100g,,1.8,µg,"USDA FoodData Central (SR Legacy) — Cheese, goat, soft type",,"Correspondance exacte : chabichou, fromage de chèvre à pâte molle.",Élevé,2026-08-04
12830,Chabichou (fromage de chèvre),Vitamine_B12_µg_100g,,0.19,µg,"USDA FoodData Central (SR Legacy) — Cheese, goat, soft type",,"Correspondance exacte : chabichou, fromage de chèvre à pâte molle.",Élevé,2026-08-04
12028,Chaource,Vitamine_E_mg_100g,,0.26,mg,"USDA FoodData Central (SR Legacy) — Cheese, muenster",,Chaource (pâte molle croûte fleurie/lavée crémeuse) ; proxy muenster.,Moyen,2026-08-04
12726,Cheddar,Vitamine_E_mg_100g,,0.78,mg,"USDA FoodData Central (SR Legacy) — Cheese, cheddar, sharp, sliced",,Correspondance exacte : cheddar.,Élevé,2026-08-04
12726,Cheddar,Vitamine_B9_µg_100g,,27.0,µg,"USDA FoodData Central (SR Legacy) — Cheese, cheddar, sharp, sliced",,Correspondance exacte : cheddar.,Élevé,2026-08-04
12846,Chevrot (fromage de chèvre),Vitamine_E_mg_100g,,0.18,mg,"USDA FoodData Central (SR Legacy) — Cheese, goat, soft type",,Chevrot (petit fromage de chèvre à pâte molle) ; proxy fromage de chèvre pâte molle.,Moyen,2026-08-04
12846,Chevrot (fromage de chèvre),Vitamine_K1_µg_100g,,1.8,µg,"USDA FoodData Central (SR Legacy) — Cheese, goat, soft type",,Chevrot (petit fromage de chèvre à pâte molle) ; proxy fromage de chèvre pâte molle.,Moyen,2026-08-04
12846,Chevrot (fromage de chèvre),Vitamine_B12_µg_100g,,0.19,µg,"USDA FoodData Central (SR Legacy) — Cheese, goat, soft type",,Chevrot (petit fromage de chèvre à pâte molle) ; proxy fromage de chèvre pâte molle.,Moyen,2026-08-04
12846,Chevrot (fromage de chèvre),Beta-Carotène_µg_100g,,54.0,µg,"USDA FoodData Central (SR Legacy) — Cheese, goat, soft type",,Chevrot (petit fromage de chèvre à pâte molle) ; proxy fromage de chèvre pâte molle.,Moyen,2026-08-04
12311,Crème de camembert,Vitamine_E_mg_100g,,0.86,mg,"USDA FoodData Central (SR Legacy) — Cheese, cream",,Crème de camembert (fromage fondu crémeux) ; proxy cream cheese.,Moyen,2026-08-04
12311,Crème de camembert,Vitamine_K1_µg_100g,,2.1,µg,"USDA FoodData Central (SR Legacy) — Cheese, cream",,Crème de camembert (fromage fondu crémeux) ; proxy cream cheese.,Moyen,2026-08-04
12311,Crème de camembert,Vitamine_B9_µg_100g,,9.0,µg,"USDA FoodData Central (SR Legacy) — Cheese, cream",,Crème de camembert (fromage fondu crémeux) ; proxy cream cheese.,Moyen,2026-08-04
12311,Crème de camembert,Vitamine_D_µg_100g,,0.0,µg,"USDA FoodData Central (SR Legacy) — Cheese, cream",,Crème de camembert (fromage fondu crémeux) ; proxy cream cheese.,Moyen,2026-08-04
12311,Crème de camembert,Vitamine_B12_µg_100g,,0.22,µg,"USDA FoodData Central (SR Legacy) — Cheese, cream",,Crème de camembert (fromage fondu crémeux) ; proxy cream cheese.,Moyen,2026-08-04
12311,Crème de camembert,Sélénium_µg_100g,,8.6,µg,"USDA FoodData Central (SR Legacy) — Cheese, cream",,Crème de camembert (fromage fondu crémeux) ; proxy cream cheese.,Moyen,2026-08-04
12311,Crème de camembert,Beta-Carotène_µg_100g,,59.0,µg,"USDA FoodData Central (SR Legacy) — Cheese, cream",,Crème de camembert (fromage fondu crémeux) ; proxy cream cheese.,Moyen,2026-08-04
12834,Crottin de Chavignol (fromage de chèvre),Vitamine_E_mg_100g,,0.18,mg,"USDA FoodData Central (SR Legacy) — Cheese, goat, soft type",,"Correspondance exacte : crottin de Chavignol, fromage de chèvre pâte molle.",Élevé,2026-08-04
12834,Crottin de Chavignol (fromage de chèvre),Vitamine_K1_µg_100g,,1.8,µg,"USDA FoodData Central (SR Legacy) — Cheese, goat, soft type",,"Correspondance exacte : crottin de Chavignol, fromage de chèvre pâte molle.",Élevé,2026-08-04
12834,Crottin de Chavignol (fromage de chèvre),Vitamine_B12_µg_100g,,0.19,µg,"USDA FoodData Central (SR Legacy) — Cheese, goat, soft type",,"Correspondance exacte : crottin de Chavignol, fromage de chèvre pâte molle.",Élevé,2026-08-04
12834,Crottin de Chavignol (fromage de chèvre),Beta-Carotène_µg_100g,,54.0,µg,"USDA FoodData Central (SR Legacy) — Cheese, goat, soft type",,"Correspondance exacte : crottin de Chavignol, fromage de chèvre pâte molle.",Élevé,2026-08-04
12832,"Crottin de chèvre, au lait cru",Vitamine_E_mg_100g,,0.18,mg,"USDA FoodData Central (SR Legacy) — Cheese, goat, soft type",,Correspondance exacte : crottin de chèvre au lait cru.,Élevé,2026-08-04
12832,"Crottin de chèvre, au lait cru",Vitamine_K1_µg_100g,,1.8,µg,"USDA FoodData Central (SR Legacy) — Cheese, goat, soft type",,Correspondance exacte : crottin de chèvre au lait cru.,Élevé,2026-08-04
12832,"Crottin de chèvre, au lait cru",Vitamine_B12_µg_100g,,0.19,µg,"USDA FoodData Central (SR Legacy) — Cheese, goat, soft type",,Correspondance exacte : crottin de chèvre au lait cru.,Élevé,2026-08-04
12832,"Crottin de chèvre, au lait cru",Beta-Carotène_µg_100g,,54.0,µg,"USDA FoodData Central (SR Legacy) — Cheese, goat, soft type",,Correspondance exacte : crottin de chèvre au lait cru.,Élevé,2026-08-04
12833,"Crottin de chèvre, sans précision sur le type de lait - pasteurisé ou cru -",Vitamine_E_mg_100g,,0.18,mg,"USDA FoodData Central (SR Legacy) — Cheese, goat, soft type",,"Correspondance exacte : crottin de chèvre, sans précision.",Élevé,2026-08-04
12833,"Crottin de chèvre, sans précision sur le type de lait - pasteurisé ou cru -",Vitamine_K1_µg_100g,,1.8,µg,"USDA FoodData Central (SR Legacy) — Cheese, goat, soft type",,"Correspondance exacte : crottin de chèvre, sans précision.",Élevé,2026-08-04
12833,"Crottin de chèvre, sans précision sur le type de lait - pasteurisé ou cru -",Beta-Carotène_µg_100g,,54.0,µg,"USDA FoodData Central (SR Legacy) — Cheese, goat, soft type",,"Correspondance exacte : crottin de chèvre, sans précision.",Élevé,2026-08-04
12729,Edam,Vitamine_E_mg_100g,,0.24,mg,"USDA FoodData Central (SR Legacy) — Cheese, edam",,Correspondance exacte : edam.,Élevé,2026-08-04
12099,Emmental de Savoie ou emmenthal de Savoie,Vitamine_E_mg_100g,,0.6,mg,"USDA FoodData Central (SR Legacy) — Cheese, swiss",,"Emmental de Savoie ; proxy ""swiss cheese"" (l'emmental est le fromage à trous par excellence, catégorie ""swiss"" chez l'USDA).",Moyen,2026-08-04
12099,Emmental de Savoie ou emmenthal de Savoie,Vitamine_K1_µg_100g,,1.4,µg,"USDA FoodData Central (SR Legacy) — Cheese, swiss",,"Emmental de Savoie ; proxy ""swiss cheese"" (l'emmental est le fromage à trous par excellence, catégorie ""swiss"" chez l'USDA).",Moyen,2026-08-04
12099,Emmental de Savoie ou emmenthal de Savoie,Vitamine_B9_µg_100g,,10.0,µg,"USDA FoodData Central (SR Legacy) — Cheese, swiss",,"Emmental de Savoie ; proxy ""swiss cheese"" (l'emmental est le fromage à trous par excellence, catégorie ""swiss"" chez l'USDA).",Moyen,2026-08-04
12099,Emmental de Savoie ou emmenthal de Savoie,Vitamine_D_µg_100g,,0.0,µg,"USDA FoodData Central (SR Legacy) — Cheese, swiss",,"Emmental de Savoie ; proxy ""swiss cheese"" (l'emmental est le fromage à trous par excellence, catégorie ""swiss"" chez l'USDA).",Moyen,2026-08-04
12099,Emmental de Savoie ou emmenthal de Savoie,Vitamine_B12_µg_100g,,3.06,µg,"USDA FoodData Central (SR Legacy) — Cheese, swiss",,"Emmental de Savoie ; proxy ""swiss cheese"" (l'emmental est le fromage à trous par excellence, catégorie ""swiss"" chez l'USDA).",Moyen,2026-08-04
12099,Emmental de Savoie ou emmenthal de Savoie,Sélénium_µg_100g,,30.0,µg,"USDA FoodData Central (SR Legacy) — Cheese, swiss",,"Emmental de Savoie ; proxy ""swiss cheese"" (l'emmental est le fromage à trous par excellence, catégorie ""swiss"" chez l'USDA).",Moyen,2026-08-04
12099,Emmental de Savoie ou emmenthal de Savoie,Beta-Carotène_µg_100g,,61.0,µg,"USDA FoodData Central (SR Legacy) — Cheese, swiss",,"Emmental de Savoie ; proxy ""swiss cheese"" (l'emmental est le fromage à trous par excellence, catégorie ""swiss"" chez l'USDA).",Moyen,2026-08-04
12115,Emmental ou emmenthal,Vitamine_E_mg_100g,,0.6,mg,"USDA FoodData Central (SR Legacy) — Cheese, swiss",,"Correspondance de type : emmental = ""swiss cheese"".",Élevé,2026-08-04
12118,"Emmental ou emmenthal, râpé",Vitamine_E_mg_100g,,0.6,mg,"USDA FoodData Central (SR Legacy) — Cheese, swiss",,Emmental râpé ; même correspondance (le râpage ne change pas la composition).,Élevé,2026-08-04
12118,"Emmental ou emmenthal, râpé",Vitamine_B9_µg_100g,,10.0,µg,"USDA FoodData Central (SR Legacy) — Cheese, swiss",,Emmental râpé ; même correspondance (le râpage ne change pas la composition).,Élevé,2026-08-04
12038,Époisses,Vitamine_E_mg_100g,,0.23,mg,"USDA FoodData Central (SR Legacy) — Cheese, limburger",,Époisses (pâte molle croûte lavée très affinée) ; proxy limburger.,Moyen,2026-08-04
12038,Époisses,Vitamine_B9_µg_100g,,58.0,µg,"USDA FoodData Central (SR Legacy) — Cheese, limburger",,Époisses (pâte molle croûte lavée très affinée) ; proxy limburger.,Moyen,2026-08-04
12038,Époisses,Beta-Carotène_µg_100g,,15.0,µg,"USDA FoodData Central (SR Legacy) — Cheese, limburger",,Époisses (pâte molle croûte lavée très affinée) ; proxy limburger.,Moyen,2026-08-04
12066,"Feta, au lait de brebis 70% minimum et lait de chèvre 30% maximum",Vitamine_E_mg_100g,,0.18,mg,"USDA FoodData Central (SR Legacy) — Cheese, feta",,Correspondance exacte de type : feta au lait de brebis/chèvre (composition proche de la feta traditionnelle grecque référencée par l'USDA).,Élevé,2026-08-04
12066,"Feta, au lait de brebis 70% minimum et lait de chèvre 30% maximum",Beta-Carotène_µg_100g,,3.0,µg,"USDA FoodData Central (SR Legacy) — Cheese, feta",,Correspondance exacte de type : feta au lait de brebis/chèvre (composition proche de la feta traditionnelle grecque référencée par l'USDA).,Élevé,2026-08-04
12121,Fontina,Vitamine_E_mg_100g,,0.27,mg,"USDA FoodData Central (SR Legacy) — Cheese, fontina",,Correspondance exacte : fontina.,Élevé,2026-08-04
12121,Fontina,Sélénium_µg_100g,,14.5,µg,"USDA FoodData Central (SR Legacy) — Cheese, fontina",,Correspondance exacte : fontina.,Élevé,2026-08-04
12522,Fourme d'Ambert,Vitamine_E_mg_100g,,0.25,mg,"USDA FoodData Central (SR Legacy) — Cheese, blue",,"Fourme d'Ambert ; correspondance de type ""blue cheese"".",Élevé,2026-08-04
12522,Fourme d'Ambert,Vitamine_B9_µg_100g,,36.0,µg,"USDA FoodData Central (SR Legacy) — Cheese, blue",,"Fourme d'Ambert ; correspondance de type ""blue cheese"".",Élevé,2026-08-04
12519,Fourme de Montbrison,Vitamine_E_mg_100g,,0.25,mg,"USDA FoodData Central (SR Legacy) — Cheese, blue",,Fourme de Montbrison ; même correspondance.,Élevé,2026-08-04
12519,Fourme de Montbrison,Vitamine_K1_µg_100g,,2.4,µg,"USDA FoodData Central (SR Legacy) — Cheese, blue",,Fourme de Montbrison ; même correspondance.,Élevé,2026-08-04
12519,Fourme de Montbrison,Vitamine_B9_µg_100g,,36.0,µg,"USDA FoodData Central (SR Legacy) — Cheese, blue",,Fourme de Montbrison ; même correspondance.,Élevé,2026-08-04
12519,Fourme de Montbrison,Vitamine_D_µg_100g,,0.5,µg,"USDA FoodData Central (SR Legacy) — Cheese, blue",,Fourme de Montbrison ; même correspondance.,Élevé,2026-08-04
12519,Fourme de Montbrison,Vitamine_B12_µg_100g,,1.22,µg,"USDA FoodData Central (SR Legacy) — Cheese, blue",,Fourme de Montbrison ; même correspondance.,Élevé,2026-08-04
12519,Fourme de Montbrison,Sélénium_µg_100g,,14.5,µg,"USDA FoodData Central (SR Legacy) — Cheese, blue",,Fourme de Montbrison ; même correspondance.,Élevé,2026-08-04
12519,Fourme de Montbrison,Beta-Carotène_µg_100g,,74.0,µg,"USDA FoodData Central (SR Legacy) — Cheese, blue",,Fourme de Montbrison ; même correspondance.,Élevé,2026-08-04
12111,Fromage à effilocher ou à dérouler,Vitamine_E_mg_100g,,0.19,mg,"USDA FoodData Central (SR Legacy) — Cheese, mozzarella, whole milk",,"Fromage à effilocher ou à dérouler (type string cheese) ; proxy mozzarelle (produit ""string cheese"" est à base de mozzarelle).",Moyen,2026-08-04
12111,Fromage à effilocher ou à dérouler,Vitamine_B9_µg_100g,,7.0,µg,"USDA FoodData Central (SR Legacy) — Cheese, mozzarella, whole milk",,"Fromage à effilocher ou à dérouler (type string cheese) ; proxy mozzarelle (produit ""string cheese"" est à base de mozzarelle).",Moyen,2026-08-04
12008,"Fromage à pâte molle et croûte fleurie, double crème environ 30% MG",Vitamine_E_mg_100g,,0.24,mg,"USDA FoodData Central (SR Legacy) — Cheese, brie",,"Fromage pâte molle croûte fleurie, double crème ~30% MG ; proxy brie (teneur en matière grasse plus élevée, plus proche du brie que du camembert).",Moyen,2026-08-04
12008,"Fromage à pâte molle et croûte fleurie, double crème environ 30% MG",Beta-Carotène_µg_100g,,9.0,µg,"USDA FoodData Central (SR Legacy) — Cheese, brie",,"Fromage pâte molle croûte fleurie, double crème ~30% MG ; proxy brie (teneur en matière grasse plus élevée, plus proche du brie que du camembert).",Moyen,2026-08-04
12003,"Fromage à pâte molle et croûte fleurie, non allégé en matière grasse (type camembert)",Vitamine_E_mg_100g,,0.21,mg,"USDA FoodData Central (SR Legacy) — Cheese, camembert",,Fromage pâte molle croûte fleurie non allégé type camembert ; correspondance directe.,Élevé,2026-08-04
12003,"Fromage à pâte molle et croûte fleurie, non allégé en matière grasse (type camembert)",Vitamine_K1_µg_100g,,2.0,µg,"USDA FoodData Central (SR Legacy) — Cheese, camembert",,Fromage pâte molle croûte fleurie non allégé type camembert ; correspondance directe.,Élevé,2026-08-04
12003,"Fromage à pâte molle et croûte fleurie, non allégé en matière grasse (type camembert)",Vitamine_B9_µg_100g,,62.0,µg,"USDA FoodData Central (SR Legacy) — Cheese, camembert",,Fromage pâte molle croûte fleurie non allégé type camembert ; correspondance directe.,Élevé,2026-08-04
12003,"Fromage à pâte molle et croûte fleurie, non allégé en matière grasse (type camembert)",Vitamine_D_µg_100g,,0.4,µg,"USDA FoodData Central (SR Legacy) — Cheese, camembert",,Fromage pâte molle croûte fleurie non allégé type camembert ; correspondance directe.,Élevé,2026-08-04
12003,"Fromage à pâte molle et croûte fleurie, non allégé en matière grasse (type camembert)",Vitamine_B12_µg_100g,,1.3,µg,"USDA FoodData Central (SR Legacy) — Cheese, camembert",,Fromage pâte molle croûte fleurie non allégé type camembert ; correspondance directe.,Élevé,2026-08-04
12003,"Fromage à pâte molle et croûte fleurie, non allégé en matière grasse (type camembert)",Sélénium_µg_100g,,14.5,µg,"USDA FoodData Central (SR Legacy) — Cheese, camembert",,Fromage pâte molle croûte fleurie non allégé type camembert ; correspondance directe.,Élevé,2026-08-04
12003,"Fromage à pâte molle et croûte fleurie, non allégé en matière grasse (type camembert)",Beta-Carotène_µg_100g,,12.0,µg,"USDA FoodData Central (SR Legacy) — Cheese, camembert",,Fromage pâte molle croûte fleurie non allégé type camembert ; correspondance directe.,Élevé,2026-08-04
12034,Fromage à pâte molle et croûte lavée (aliment moyen),Vitamine_E_mg_100g,,0.23,mg,"USDA FoodData Central (SR Legacy) — Cheese, limburger",,Fromage pâte molle croûte lavée (aliment moyen) ; proxy limburger (catégorie croûte lavée générique).,Moyen,2026-08-04
12035,"Fromage à pâte molle et croûte lavée, allégé en matière grasse",Vitamine_E_mg_100g,,0.23,mg,"USDA FoodData Central (SR Legacy) — Cheese, limburger",,"Fromage pâte molle croûte lavée, allégé ; même proxy (allègement non distingué).",Moyen,2026-08-04
12035,"Fromage à pâte molle et croûte lavée, allégé en matière grasse",Vitamine_K1_µg_100g,,2.3,µg,"USDA FoodData Central (SR Legacy) — Cheese, limburger",,"Fromage pâte molle croûte lavée, allégé ; même proxy (allègement non distingué).",Moyen,2026-08-04
12035,"Fromage à pâte molle et croûte lavée, allégé en matière grasse",Vitamine_B9_µg_100g,,58.0,µg,"USDA FoodData Central (SR Legacy) — Cheese, limburger",,"Fromage pâte molle croûte lavée, allégé ; même proxy (allègement non distingué).",Moyen,2026-08-04
12035,"Fromage à pâte molle et croûte lavée, allégé en matière grasse",Sélénium_µg_100g,,14.5,µg,"USDA FoodData Central (SR Legacy) — Cheese, limburger",,"Fromage pâte molle croûte lavée, allégé ; même proxy (allègement non distingué).",Moyen,2026-08-04
12035,"Fromage à pâte molle et croûte lavée, allégé en matière grasse",Beta-Carotène_µg_100g,,15.0,µg,"USDA FoodData Central (SR Legacy) — Cheese, limburger",,"Fromage pâte molle croûte lavée, allégé ; même proxy (allègement non distingué).",Moyen,2026-08-04
12041,"Fromage à pâte molle et croûte lavée, non allégé en matière grasse",Vitamine_E_mg_100g,,0.23,mg,"USDA FoodData Central (SR Legacy) — Cheese, limburger",,"Fromage pâte molle croûte lavée, non allégé ; même proxy.",Moyen,2026-08-04
12041,"Fromage à pâte molle et croûte lavée, non allégé en matière grasse",Vitamine_K1_µg_100g,,2.3,µg,"USDA FoodData Central (SR Legacy) — Cheese, limburger",,"Fromage pâte molle croûte lavée, non allégé ; même proxy.",Moyen,2026-08-04
12041,"Fromage à pâte molle et croûte lavée, non allégé en matière grasse",Vitamine_B9_µg_100g,,58.0,µg,"USDA FoodData Central (SR Legacy) — Cheese, limburger",,"Fromage pâte molle croûte lavée, non allégé ; même proxy.",Moyen,2026-08-04
12041,"Fromage à pâte molle et croûte lavée, non allégé en matière grasse",Sélénium_µg_100g,,14.5,µg,"USDA FoodData Central (SR Legacy) — Cheese, limburger",,"Fromage pâte molle croûte lavée, non allégé ; même proxy.",Moyen,2026-08-04
12041,"Fromage à pâte molle et croûte lavée, non allégé en matière grasse",Beta-Carotène_µg_100g,,15.0,µg,"USDA FoodData Central (SR Legacy) — Cheese, limburger",,"Fromage pâte molle croûte lavée, non allégé ; même proxy.",Moyen,2026-08-04
12050,Fromage à pâte molle et croûte mixte (lavée et fleurie) colorée,Vitamine_E_mg_100g,,0.26,mg,"USDA FoodData Central (SR Legacy) — Cheese, muenster",,Fromage pâte molle croûte mixte colorée ; proxy muenster.,Moyen,2026-08-04
12050,Fromage à pâte molle et croûte mixte (lavée et fleurie) colorée,Vitamine_K1_µg_100g,,2.5,µg,"USDA FoodData Central (SR Legacy) — Cheese, muenster",,Fromage pâte molle croûte mixte colorée ; proxy muenster.,Moyen,2026-08-04
12050,Fromage à pâte molle et croûte mixte (lavée et fleurie) colorée,Vitamine_D_µg_100g,,0.6,µg,"USDA FoodData Central (SR Legacy) — Cheese, muenster",,Fromage pâte molle croûte mixte colorée ; proxy muenster.,Moyen,2026-08-04
12050,Fromage à pâte molle et croûte mixte (lavée et fleurie) colorée,Sélénium_µg_100g,,14.5,µg,"USDA FoodData Central (SR Legacy) — Cheese, muenster",,Fromage pâte molle croûte mixte colorée ; proxy muenster.,Moyen,2026-08-04
12050,Fromage à pâte molle et croûte mixte (lavée et fleurie) colorée,Beta-Carotène_µg_100g,,13.0,µg,"USDA FoodData Central (SR Legacy) — Cheese, muenster",,Fromage pâte molle croûte mixte colorée ; proxy muenster.,Moyen,2026-08-04
12015,"Fromage à pâte molle type carré ou brique, à croûte fleurie, non allégé en matière grasse",Vitamine_E_mg_100g,,0.24,mg,"USDA FoodData Central (SR Legacy) — Cheese, brie",,Fromage pâte molle type carré/brique croûte fleurie non allégé ; proxy brie.,Moyen,2026-08-04
12015,"Fromage à pâte molle type carré ou brique, à croûte fleurie, non allégé en matière grasse",Vitamine_B9_µg_100g,,65.0,µg,"USDA FoodData Central (SR Legacy) — Cheese, brie",,Fromage pâte molle type carré/brique croûte fleurie non allégé ; proxy brie.,Moyen,2026-08-04
12033,"Fromage à pâte molle, triple crème, environ 38% MG",Vitamine_E_mg_100g,,0.24,mg,"USDA FoodData Central (SR Legacy) — Cheese, brie",,Fromage pâte molle triple crème ~38% MG ; proxy brie (le plus proche en teneur de matière grasse élevée).,Moyen,2026-08-04
12033,"Fromage à pâte molle, triple crème, environ 38% MG",Beta-Carotène_µg_100g,,9.0,µg,"USDA FoodData Central (SR Legacy) — Cheese, brie",,Fromage pâte molle triple crème ~38% MG ; proxy brie (le plus proche en teneur de matière grasse élevée).,Moyen,2026-08-04
12100,Fromage à pâte pressée cuite (aliment moyen),Vitamine_E_mg_100g,,0.6,mg,"USDA FoodData Central (SR Legacy) — Cheese, swiss",,"Fromage pâte pressée cuite (aliment moyen) ; proxy ""swiss cheese"" (catégorie pâte cuite générique).",Moyen,2026-08-04
12100,Fromage à pâte pressée cuite (aliment moyen),Vitamine_K1_µg_100g,,1.4,µg,"USDA FoodData Central (SR Legacy) — Cheese, swiss",,"Fromage pâte pressée cuite (aliment moyen) ; proxy ""swiss cheese"" (catégorie pâte cuite générique).",Moyen,2026-08-04
12100,Fromage à pâte pressée cuite (aliment moyen),Vitamine_D_µg_100g,,0.0,µg,"USDA FoodData Central (SR Legacy) — Cheese, swiss",,"Fromage pâte pressée cuite (aliment moyen) ; proxy ""swiss cheese"" (catégorie pâte cuite générique).",Moyen,2026-08-04
12116,"Fromage à pâte pressée cuite type emmental ou emmenthal, allégé en matière grasse",Vitamine_E_mg_100g,,0.6,mg,"USDA FoodData Central (SR Legacy) — Cheese, swiss",,"Fromage pâte pressée cuite type emmental, allégé ; même proxy (allègement non distingué).",Moyen,2026-08-04
12116,"Fromage à pâte pressée cuite type emmental ou emmenthal, allégé en matière grasse",Vitamine_B9_µg_100g,,10.0,µg,"USDA FoodData Central (SR Legacy) — Cheese, swiss",,"Fromage pâte pressée cuite type emmental, allégé ; même proxy (allègement non distingué).",Moyen,2026-08-04
12816,Fromage à pâte pressée demi-cuite,Vitamine_E_mg_100g,,0.28,mg,"USDA FoodData Central (SR Legacy) — Cheese, gruyere",,Fromage pâte pressée demi-cuite ; proxy gruyère (catégorie pâte pressée la plus proche).,Moyen,2026-08-04
12816,Fromage à pâte pressée demi-cuite,Vitamine_K1_µg_100g,,2.7,µg,"USDA FoodData Central (SR Legacy) — Cheese, gruyere",,Fromage pâte pressée demi-cuite ; proxy gruyère (catégorie pâte pressée la plus proche).,Moyen,2026-08-04
12816,Fromage à pâte pressée demi-cuite,Vitamine_B9_µg_100g,,10.0,µg,"USDA FoodData Central (SR Legacy) — Cheese, gruyere",,Fromage pâte pressée demi-cuite ; proxy gruyère (catégorie pâte pressée la plus proche).,Moyen,2026-08-04
12816,Fromage à pâte pressée demi-cuite,Vitamine_D_µg_100g,,0.6,µg,"USDA FoodData Central (SR Legacy) — Cheese, gruyere",,Fromage pâte pressée demi-cuite ; proxy gruyère (catégorie pâte pressée la plus proche).,Moyen,2026-08-04
12816,Fromage à pâte pressée demi-cuite,Vitamine_B12_µg_100g,,1.6,µg,"USDA FoodData Central (SR Legacy) — Cheese, gruyere",,Fromage pâte pressée demi-cuite ; proxy gruyère (catégorie pâte pressée la plus proche).,Moyen,2026-08-04
12816,Fromage à pâte pressée demi-cuite,Sélénium_µg_100g,,14.5,µg,"USDA FoodData Central (SR Legacy) — Cheese, gruyere",,Fromage pâte pressée demi-cuite ; proxy gruyère (catégorie pâte pressée la plus proche).,Moyen,2026-08-04
12816,Fromage à pâte pressée demi-cuite,Beta-Carotène_µg_100g,,33.0,µg,"USDA FoodData Central (SR Legacy) — Cheese, gruyere",,Fromage pâte pressée demi-cuite ; proxy gruyère (catégorie pâte pressée la plus proche).,Moyen,2026-08-04
12705,"Fromage à pâte pressée non cuite type maasdam, allégé en matière grasse",Vitamine_E_mg_100g,,0.24,mg,"USDA FoodData Central (SR Legacy) — Cheese, gouda",,"Fromage pâte pressée non cuite type maasdam, allégé ; proxy gouda (fromage hollandais de la même famille).",Moyen,2026-08-04
12705,"Fromage à pâte pressée non cuite type maasdam, allégé en matière grasse",Beta-Carotène_µg_100g,,10.0,µg,"USDA FoodData Central (SR Legacy) — Cheese, gouda",,"Fromage pâte pressée non cuite type maasdam, allégé ; proxy gouda (fromage hollandais de la même famille).",Moyen,2026-08-04
12721,"Fromage à pâte pressée non cuite, enrobé de cire, allégé en matière grasse",Vitamine_E_mg_100g,,0.24,mg,"USDA FoodData Central (SR Legacy) — Cheese, edam",,"Fromage pâte pressée non cuite enrobé de cire, allégé ; proxy edam (fromage traditionnellement enrobé de cire).",Moyen,2026-08-04
12721,"Fromage à pâte pressée non cuite, enrobé de cire, allégé en matière grasse",Vitamine_K1_µg_100g,,2.3,µg,"USDA FoodData Central (SR Legacy) — Cheese, edam",,"Fromage pâte pressée non cuite enrobé de cire, allégé ; proxy edam (fromage traditionnellement enrobé de cire).",Moyen,2026-08-04
12721,"Fromage à pâte pressée non cuite, enrobé de cire, allégé en matière grasse",Vitamine_B9_µg_100g,,16.0,µg,"USDA FoodData Central (SR Legacy) — Cheese, edam",,"Fromage pâte pressée non cuite enrobé de cire, allégé ; proxy edam (fromage traditionnellement enrobé de cire).",Moyen,2026-08-04
12721,"Fromage à pâte pressée non cuite, enrobé de cire, allégé en matière grasse",Vitamine_D_µg_100g,,0.5,µg,"USDA FoodData Central (SR Legacy) — Cheese, edam",,"Fromage pâte pressée non cuite enrobé de cire, allégé ; proxy edam (fromage traditionnellement enrobé de cire).",Moyen,2026-08-04
12721,"Fromage à pâte pressée non cuite, enrobé de cire, allégé en matière grasse",Vitamine_B12_µg_100g,,1.54,µg,"USDA FoodData Central (SR Legacy) — Cheese, edam",,"Fromage pâte pressée non cuite enrobé de cire, allégé ; proxy edam (fromage traditionnellement enrobé de cire).",Moyen,2026-08-04
12721,"Fromage à pâte pressée non cuite, enrobé de cire, allégé en matière grasse",Sélénium_µg_100g,,14.5,µg,"USDA FoodData Central (SR Legacy) — Cheese, edam",,"Fromage pâte pressée non cuite enrobé de cire, allégé ; proxy edam (fromage traditionnellement enrobé de cire).",Moyen,2026-08-04
12721,"Fromage à pâte pressée non cuite, enrobé de cire, allégé en matière grasse",Beta-Carotène_µg_100g,,11.0,µg,"USDA FoodData Central (SR Legacy) — Cheese, edam",,"Fromage pâte pressée non cuite enrobé de cire, allégé ; proxy edam (fromage traditionnellement enrobé de cire).",Moyen,2026-08-04
12720,"Fromage à pâte pressée non cuite, enrobé de cire, non allégé en matière grasse",Vitamine_E_mg_100g,,0.24,mg,"USDA FoodData Central (SR Legacy) — Cheese, edam",,"Fromage pâte pressée non cuite enrobé de cire, non allégé ; même proxy edam.",Moyen,2026-08-04
12720,"Fromage à pâte pressée non cuite, enrobé de cire, non allégé en matière grasse",Vitamine_B9_µg_100g,,16.0,µg,"USDA FoodData Central (SR Legacy) — Cheese, edam",,"Fromage pâte pressée non cuite enrobé de cire, non allégé ; même proxy edam.",Moyen,2026-08-04
12307,"Fromage blanc fondu en portion (carré ou bâtonnet), enrichi en vitamines",Vitamine_E_mg_100g,,0.19,mg,"USDA FoodData Central (SR Legacy) — Cheese spread, pasteurized process, American",,"Fromage blanc fondu en portion, enrichi en vitamines ; proxy fromage fondu américain.",Moyen,2026-08-04
12307,"Fromage blanc fondu en portion (carré ou bâtonnet), enrichi en vitamines",Vitamine_B9_µg_100g,,7.0,µg,"USDA FoodData Central (SR Legacy) — Cheese spread, pasteurized process, American",,"Fromage blanc fondu en portion, enrichi en vitamines ; proxy fromage fondu américain.",Moyen,2026-08-04
12306,"Fromage blanc fondu en portion (carré), non enrichi en vitamines",Vitamine_E_mg_100g,,0.19,mg,"USDA FoodData Central (SR Legacy) — Cheese spread, pasteurized process, American",,"Fromage blanc fondu en portion, non enrichi ; même proxy.",Moyen,2026-08-04
12306,"Fromage blanc fondu en portion (carré), non enrichi en vitamines",Vitamine_B9_µg_100g,,7.0,µg,"USDA FoodData Central (SR Legacy) — Cheese spread, pasteurized process, American",,"Fromage blanc fondu en portion, non enrichi ; même proxy.",Moyen,2026-08-04
12528,"Fromage bleu au lait de vache, allegé en matière grasse",Vitamine_E_mg_100g,,0.25,mg,"USDA FoodData Central (SR Legacy) — Cheese, blue",,Fromage bleu allégé ; proxy blue cheese standard (allègement non distingué).,Moyen,2026-08-04
12528,"Fromage bleu au lait de vache, allegé en matière grasse",Vitamine_K1_µg_100g,,2.4,µg,"USDA FoodData Central (SR Legacy) — Cheese, blue",,Fromage bleu allégé ; proxy blue cheese standard (allègement non distingué).,Moyen,2026-08-04
12528,"Fromage bleu au lait de vache, allegé en matière grasse",Vitamine_B9_µg_100g,,36.0,µg,"USDA FoodData Central (SR Legacy) — Cheese, blue",,Fromage bleu allégé ; proxy blue cheese standard (allègement non distingué).,Moyen,2026-08-04
12528,"Fromage bleu au lait de vache, allegé en matière grasse",Vitamine_D_µg_100g,,0.5,µg,"USDA FoodData Central (SR Legacy) — Cheese, blue",,Fromage bleu allégé ; proxy blue cheese standard (allègement non distingué).,Moyen,2026-08-04
12528,"Fromage bleu au lait de vache, allegé en matière grasse",Sélénium_µg_100g,,14.5,µg,"USDA FoodData Central (SR Legacy) — Cheese, blue",,Fromage bleu allégé ; proxy blue cheese standard (allègement non distingué).,Moyen,2026-08-04
12528,"Fromage bleu au lait de vache, allegé en matière grasse",Beta-Carotène_µg_100g,,74.0,µg,"USDA FoodData Central (SR Legacy) — Cheese, blue",,Fromage bleu allégé ; proxy blue cheese standard (allègement non distingué).,Moyen,2026-08-04
12520,"Fromage bleu au lait de vache, non allégé en matière grasse",Vitamine_E_mg_100g,,0.25,mg,"USDA FoodData Central (SR Legacy) — Cheese, blue",,Correspondance exacte : fromage bleu non allégé.,Élevé,2026-08-04
12521,Fromage bleu d'Auvergne,Vitamine_E_mg_100g,,0.25,mg,"USDA FoodData Central (SR Legacy) — Cheese, blue",,"Bleu d'Auvergne ; correspondance de type ""blue cheese"".",Élevé,2026-08-04
12521,Fromage bleu d'Auvergne,Vitamine_K1_µg_100g,,2.4,µg,"USDA FoodData Central (SR Legacy) — Cheese, blue",,"Bleu d'Auvergne ; correspondance de type ""blue cheese"".",Élevé,2026-08-04
12521,Fromage bleu d'Auvergne,Vitamine_D_µg_100g,,0.5,µg,"USDA FoodData Central (SR Legacy) — Cheese, blue",,"Bleu d'Auvergne ; correspondance de type ""blue cheese"".",Élevé,2026-08-04
12521,Fromage bleu d'Auvergne,Beta-Carotène_µg_100g,,74.0,µg,"USDA FoodData Central (SR Legacy) — Cheese, blue",,"Bleu d'Auvergne ; correspondance de type ""blue cheese"".",Élevé,2026-08-04
12523,Fromage bleu des Causses,Vitamine_E_mg_100g,,0.25,mg,"USDA FoodData Central (SR Legacy) — Cheese, blue",,Bleu des Causses ; même correspondance.,Élevé,2026-08-04
12523,Fromage bleu des Causses,Vitamine_K1_µg_100g,,2.4,µg,"USDA FoodData Central (SR Legacy) — Cheese, blue",,Bleu des Causses ; même correspondance.,Élevé,2026-08-04
12523,Fromage bleu des Causses,Vitamine_D_µg_100g,,0.5,µg,"USDA FoodData Central (SR Legacy) — Cheese, blue",,Bleu des Causses ; même correspondance.,Élevé,2026-08-04
12523,Fromage bleu des Causses,Vitamine_B12_µg_100g,,1.22,µg,"USDA FoodData Central (SR Legacy) — Cheese, blue",,Bleu des Causses ; même correspondance.,Élevé,2026-08-04
12523,Fromage bleu des Causses,Sélénium_µg_100g,,14.5,µg,"USDA FoodData Central (SR Legacy) — Cheese, blue",,Bleu des Causses ; même correspondance.,Élevé,2026-08-04
12523,Fromage bleu des Causses,Beta-Carotène_µg_100g,,74.0,µg,"USDA FoodData Central (SR Legacy) — Cheese, blue",,Bleu des Causses ; même correspondance.,Élevé,2026-08-04
12824,Fromage de brebis à pâte molle et croûte fleurie,Vitamine_E_mg_100g,,0.18,mg,"USDA FoodData Central (SR Legacy) — Cheese, goat, soft type",,"Fromage de brebis pâte molle croûte fleurie ; proxy fromage de chèvre pâte molle (l'USDA n'a pas de fromage de brebis pâte molle spécifique, texture proche).",Moyen,2026-08-04
12824,Fromage de brebis à pâte molle et croûte fleurie,Vitamine_K1_µg_100g,,1.8,µg,"USDA FoodData Central (SR Legacy) — Cheese, goat, soft type",,"Fromage de brebis pâte molle croûte fleurie ; proxy fromage de chèvre pâte molle (l'USDA n'a pas de fromage de brebis pâte molle spécifique, texture proche).",Moyen,2026-08-04
12824,Fromage de brebis à pâte molle et croûte fleurie,Vitamine_B9_µg_100g,,12.0,µg,"USDA FoodData Central (SR Legacy) — Cheese, goat, soft type",,"Fromage de brebis pâte molle croûte fleurie ; proxy fromage de chèvre pâte molle (l'USDA n'a pas de fromage de brebis pâte molle spécifique, texture proche).",Moyen,2026-08-04
12824,Fromage de brebis à pâte molle et croûte fleurie,Vitamine_D_µg_100g,,0.4,µg,"USDA FoodData Central (SR Legacy) — Cheese, goat, soft type",,"Fromage de brebis pâte molle croûte fleurie ; proxy fromage de chèvre pâte molle (l'USDA n'a pas de fromage de brebis pâte molle spécifique, texture proche).",Moyen,2026-08-04
12824,Fromage de brebis à pâte molle et croûte fleurie,Sélénium_µg_100g,,2.8,µg,"USDA FoodData Central (SR Legacy) — Cheese, goat, soft type",,"Fromage de brebis pâte molle croûte fleurie ; proxy fromage de chèvre pâte molle (l'USDA n'a pas de fromage de brebis pâte molle spécifique, texture proche).",Moyen,2026-08-04
12824,Fromage de brebis à pâte molle et croûte fleurie,Beta-Carotène_µg_100g,,54.0,µg,"USDA FoodData Central (SR Legacy) — Cheese, goat, soft type",,"Fromage de brebis pâte molle croûte fleurie ; proxy fromage de chèvre pâte molle (l'USDA n'a pas de fromage de brebis pâte molle spécifique, texture proche).",Moyen,2026-08-04
12820,"Fromage de chèvre à pâte molle et croûte fleurie (type camembert, cabécou)",Vitamine_E_mg_100g,,0.18,mg,"USDA FoodData Central (SR Legacy) — Cheese, goat, soft type",,Correspondance exacte : fromage de chèvre pâte molle croûte fleurie type camembert/cabécou.,Élevé,2026-08-04
12820,"Fromage de chèvre à pâte molle et croûte fleurie (type camembert, cabécou)",Vitamine_K1_µg_100g,,1.8,µg,"USDA FoodData Central (SR Legacy) — Cheese, goat, soft type",,Correspondance exacte : fromage de chèvre pâte molle croûte fleurie type camembert/cabécou.,Élevé,2026-08-04
12820,"Fromage de chèvre à pâte molle et croûte fleurie (type camembert, cabécou)",Beta-Carotène_µg_100g,,54.0,µg,"USDA FoodData Central (SR Legacy) — Cheese, goat, soft type",,Correspondance exacte : fromage de chèvre pâte molle croûte fleurie type camembert/cabécou.,Élevé,2026-08-04
12814,Fromage de chèvre à pâte molle non pressée non cuite et croûte naturelle,Vitamine_E_mg_100g,,0.18,mg,"USDA FoodData Central (SR Legacy) — Cheese, goat, soft type",,"Correspondance exacte : fromage de chèvre pâte molle non pressée non cuite, croûte naturelle.",Élevé,2026-08-04
12814,Fromage de chèvre à pâte molle non pressée non cuite et croûte naturelle,Vitamine_K1_µg_100g,,1.8,µg,"USDA FoodData Central (SR Legacy) — Cheese, goat, soft type",,"Correspondance exacte : fromage de chèvre pâte molle non pressée non cuite, croûte naturelle.",Élevé,2026-08-04
12814,Fromage de chèvre à pâte molle non pressée non cuite et croûte naturelle,Vitamine_B9_µg_100g,,12.0,µg,"USDA FoodData Central (SR Legacy) — Cheese, goat, soft type",,"Correspondance exacte : fromage de chèvre pâte molle non pressée non cuite, croûte naturelle.",Élevé,2026-08-04
12814,Fromage de chèvre à pâte molle non pressée non cuite et croûte naturelle,Vitamine_D_µg_100g,,0.4,µg,"USDA FoodData Central (SR Legacy) — Cheese, goat, soft type",,"Correspondance exacte : fromage de chèvre pâte molle non pressée non cuite, croûte naturelle.",Élevé,2026-08-04
12814,Fromage de chèvre à pâte molle non pressée non cuite et croûte naturelle,Vitamine_B12_µg_100g,,0.19,µg,"USDA FoodData Central (SR Legacy) — Cheese, goat, soft type",,"Correspondance exacte : fromage de chèvre pâte molle non pressée non cuite, croûte naturelle.",Élevé,2026-08-04
12814,Fromage de chèvre à pâte molle non pressée non cuite et croûte naturelle,Sélénium_µg_100g,,2.8,µg,"USDA FoodData Central (SR Legacy) — Cheese, goat, soft type",,"Correspondance exacte : fromage de chèvre pâte molle non pressée non cuite, croûte naturelle.",Élevé,2026-08-04
12814,Fromage de chèvre à pâte molle non pressée non cuite et croûte naturelle,Beta-Carotène_µg_100g,,54.0,µg,"USDA FoodData Central (SR Legacy) — Cheese, goat, soft type",,"Correspondance exacte : fromage de chèvre pâte molle non pressée non cuite, croûte naturelle.",Élevé,2026-08-04
12850,"Fromage de chèvre à pâte pressée non cuite, type tomme ou tome ou gouda de chèvre",Vitamine_E_mg_100g,,0.31,mg,"USDA FoodData Central (SR Legacy) — Cheese, goat, hard type",,Fromage de chèvre pâte pressée non cuite type tomme/gouda de chèvre ; proxy fromage de chèvre pâte dure.,Moyen,2026-08-04
12850,"Fromage de chèvre à pâte pressée non cuite, type tomme ou tome ou gouda de chèvre",Vitamine_K1_µg_100g,,3.0,µg,"USDA FoodData Central (SR Legacy) — Cheese, goat, hard type",,Fromage de chèvre pâte pressée non cuite type tomme/gouda de chèvre ; proxy fromage de chèvre pâte dure.,Moyen,2026-08-04
12850,"Fromage de chèvre à pâte pressée non cuite, type tomme ou tome ou gouda de chèvre",Vitamine_B9_µg_100g,,4.0,µg,"USDA FoodData Central (SR Legacy) — Cheese, goat, hard type",,Fromage de chèvre pâte pressée non cuite type tomme/gouda de chèvre ; proxy fromage de chèvre pâte dure.,Moyen,2026-08-04
12850,"Fromage de chèvre à pâte pressée non cuite, type tomme ou tome ou gouda de chèvre",Vitamine_D_µg_100g,,0.7,µg,"USDA FoodData Central (SR Legacy) — Cheese, goat, hard type",,Fromage de chèvre pâte pressée non cuite type tomme/gouda de chèvre ; proxy fromage de chèvre pâte dure.,Moyen,2026-08-04
12850,"Fromage de chèvre à pâte pressée non cuite, type tomme ou tome ou gouda de chèvre",Vitamine_B12_µg_100g,,0.12,µg,"USDA FoodData Central (SR Legacy) — Cheese, goat, hard type",,Fromage de chèvre pâte pressée non cuite type tomme/gouda de chèvre ; proxy fromage de chèvre pâte dure.,Moyen,2026-08-04
12850,"Fromage de chèvre à pâte pressée non cuite, type tomme ou tome ou gouda de chèvre",Sélénium_µg_100g,,5.5,µg,"USDA FoodData Central (SR Legacy) — Cheese, goat, hard type",,Fromage de chèvre pâte pressée non cuite type tomme/gouda de chèvre ; proxy fromage de chèvre pâte dure.,Moyen,2026-08-04
12850,"Fromage de chèvre à pâte pressée non cuite, type tomme ou tome ou gouda de chèvre",Beta-Carotène_µg_100g,,91.0,µg,"USDA FoodData Central (SR Legacy) — Cheese, goat, hard type",,Fromage de chèvre pâte pressée non cuite type tomme/gouda de chèvre ; proxy fromage de chèvre pâte dure.,Moyen,2026-08-04
12819,"Fromage de chèvre à tartiner, nature",Vitamine_E_mg_100g,,0.18,mg,"USDA FoodData Central (SR Legacy) — Cheese, goat, soft type",,"Correspondance exacte : fromage de chèvre à tartiner, nature (type pâte molle/fraîche).",Élevé,2026-08-04
12819,"Fromage de chèvre à tartiner, nature",Vitamine_K1_µg_100g,,1.8,µg,"USDA FoodData Central (SR Legacy) — Cheese, goat, soft type",,"Correspondance exacte : fromage de chèvre à tartiner, nature (type pâte molle/fraîche).",Élevé,2026-08-04
12819,"Fromage de chèvre à tartiner, nature",Beta-Carotène_µg_100g,,54.0,µg,"USDA FoodData Central (SR Legacy) — Cheese, goat, soft type",,"Correspondance exacte : fromage de chèvre à tartiner, nature (type pâte molle/fraîche).",Élevé,2026-08-04
12812,Fromage de chèvre bûche,Vitamine_E_mg_100g,,0.18,mg,"USDA FoodData Central (SR Legacy) — Cheese, goat, soft type",,Correspondance exacte : fromage de chèvre bûche.,Élevé,2026-08-04
12812,Fromage de chèvre bûche,Vitamine_K1_µg_100g,,1.8,µg,"USDA FoodData Central (SR Legacy) — Cheese, goat, soft type",,Correspondance exacte : fromage de chèvre bûche.,Élevé,2026-08-04
12812,Fromage de chèvre bûche,Vitamine_B12_µg_100g,,0.19,µg,"USDA FoodData Central (SR Legacy) — Cheese, goat, soft type",,Correspondance exacte : fromage de chèvre bûche.,Élevé,2026-08-04
12812,Fromage de chèvre bûche,Beta-Carotène_µg_100g,,54.0,µg,"USDA FoodData Central (SR Legacy) — Cheese, goat, soft type",,Correspondance exacte : fromage de chèvre bûche.,Élevé,2026-08-04
12813,"Fromage de chèvre bûche, allégé en matière grasse",Vitamine_E_mg_100g,,0.18,mg,"USDA FoodData Central (SR Legacy) — Cheese, goat, soft type",,"Fromage de chèvre bûche, allégé ; même proxy (allègement non distingué).",Moyen,2026-08-04
12813,"Fromage de chèvre bûche, allégé en matière grasse",Vitamine_K1_µg_100g,,1.8,µg,"USDA FoodData Central (SR Legacy) — Cheese, goat, soft type",,"Fromage de chèvre bûche, allégé ; même proxy (allègement non distingué).",Moyen,2026-08-04
12813,"Fromage de chèvre bûche, allégé en matière grasse",Vitamine_B9_µg_100g,,12.0,µg,"USDA FoodData Central (SR Legacy) — Cheese, goat, soft type",,"Fromage de chèvre bûche, allégé ; même proxy (allègement non distingué).",Moyen,2026-08-04
12813,"Fromage de chèvre bûche, allégé en matière grasse",Vitamine_D_µg_100g,,0.4,µg,"USDA FoodData Central (SR Legacy) — Cheese, goat, soft type",,"Fromage de chèvre bûche, allégé ; même proxy (allègement non distingué).",Moyen,2026-08-04
12813,"Fromage de chèvre bûche, allégé en matière grasse",Vitamine_B12_µg_100g,,0.19,µg,"USDA FoodData Central (SR Legacy) — Cheese, goat, soft type",,"Fromage de chèvre bûche, allégé ; même proxy (allègement non distingué).",Moyen,2026-08-04
12813,"Fromage de chèvre bûche, allégé en matière grasse",Sélénium_µg_100g,,2.8,µg,"USDA FoodData Central (SR Legacy) — Cheese, goat, soft type",,"Fromage de chèvre bûche, allégé ; même proxy (allègement non distingué).",Moyen,2026-08-04
12813,"Fromage de chèvre bûche, allégé en matière grasse",Beta-Carotène_µg_100g,,54.0,µg,"USDA FoodData Central (SR Legacy) — Cheese, goat, soft type",,"Fromage de chèvre bûche, allégé ; même proxy (allègement non distingué).",Moyen,2026-08-04
12810,Fromage de chèvre demi-sec,Vitamine_E_mg_100g,,0.26,mg,"USDA FoodData Central (SR Legacy) — Cheese, goat, semisoft type",,"Correspondance exacte : fromage de chèvre demi-sec = ""goat, semisoft type"".",Élevé,2026-08-04
12803,"Fromage de chèvre lactique affiné, type palet, crottin ou bûchette",Vitamine_E_mg_100g,,0.18,mg,"USDA FoodData Central (SR Legacy) — Cheese, goat, soft type",,"Correspondance exacte : fromage de chèvre lactique affiné, type palet/crottin/bûchette.",Élevé,2026-08-04
12803,"Fromage de chèvre lactique affiné, type palet, crottin ou bûchette",Vitamine_K1_µg_100g,,1.8,µg,"USDA FoodData Central (SR Legacy) — Cheese, goat, soft type",,"Correspondance exacte : fromage de chèvre lactique affiné, type palet/crottin/bûchette.",Élevé,2026-08-04
12803,"Fromage de chèvre lactique affiné, type palet, crottin ou bûchette",Vitamine_B12_µg_100g,,0.19,µg,"USDA FoodData Central (SR Legacy) — Cheese, goat, soft type",,"Correspondance exacte : fromage de chèvre lactique affiné, type palet/crottin/bûchette.",Élevé,2026-08-04
12803,"Fromage de chèvre lactique affiné, type palet, crottin ou bûchette",Beta-Carotène_µg_100g,,54.0,µg,"USDA FoodData Central (SR Legacy) — Cheese, goat, soft type",,"Correspondance exacte : fromage de chèvre lactique affiné, type palet/crottin/bûchette.",Élevé,2026-08-04
12815,Fromage de chèvre sec,Vitamine_E_mg_100g,,0.31,mg,"USDA FoodData Central (SR Legacy) — Cheese, goat, hard type",,"Correspondance exacte : fromage de chèvre sec = ""goat, hard type"".",Élevé,2026-08-04
12815,Fromage de chèvre sec,Sélénium_µg_100g,,5.5,µg,"USDA FoodData Central (SR Legacy) — Cheese, goat, hard type",,"Correspondance exacte : fromage de chèvre sec = ""goat, hard type"".",Élevé,2026-08-04
12828,Fromage de lactosérum de brebis,Vitamine_E_mg_100g,,0.11,mg,"USDA FoodData Central (SR Legacy) — Cheese, ricotta, whole milk",,Fromage de lactosérum de brebis ; proxy ricotta (fabrication à base de petit-lait).,Moyen,2026-08-04
12828,Fromage de lactosérum de brebis,Vitamine_K1_µg_100g,,1.1,µg,"USDA FoodData Central (SR Legacy) — Cheese, ricotta, whole milk",,Fromage de lactosérum de brebis ; proxy ricotta (fabrication à base de petit-lait).,Moyen,2026-08-04
12828,Fromage de lactosérum de brebis,Vitamine_D_µg_100g,,0.2,µg,"USDA FoodData Central (SR Legacy) — Cheese, ricotta, whole milk",,Fromage de lactosérum de brebis ; proxy ricotta (fabrication à base de petit-lait).,Moyen,2026-08-04
12828,Fromage de lactosérum de brebis,Sélénium_µg_100g,,5.9,µg,"USDA FoodData Central (SR Legacy) — Cheese, ricotta, whole milk",,Fromage de lactosérum de brebis ; proxy ricotta (fabrication à base de petit-lait).,Moyen,2026-08-04
12828,Fromage de lactosérum de brebis,Beta-Carotène_µg_100g,,33.0,µg,"USDA FoodData Central (SR Legacy) — Cheese, ricotta, whole milk",,Fromage de lactosérum de brebis ; proxy ricotta (fabrication à base de petit-lait).,Moyen,2026-08-04
12304,"Fromage fondu en portion (triangle), enrichi en vitamines",Vitamine_E_mg_100g,,0.19,mg,"USDA FoodData Central (SR Legacy) — Cheese spread, pasteurized process, American",,"Fromage fondu en portion (triangle), enrichi ; proxy fromage fondu américain.",Moyen,2026-08-04
12304,"Fromage fondu en portion (triangle), enrichi en vitamines",Vitamine_B9_µg_100g,,7.0,µg,"USDA FoodData Central (SR Legacy) — Cheese spread, pasteurized process, American",,"Fromage fondu en portion (triangle), enrichi ; proxy fromage fondu américain.",Moyen,2026-08-04
12303,"Fromage fondu en portion (triangle), non enrichi",Vitamine_E_mg_100g,,0.19,mg,"USDA FoodData Central (SR Legacy) — Cheese spread, pasteurized process, American",,"Fromage fondu en portion (triangle), non enrichi ; même proxy.",Moyen,2026-08-04
12303,"Fromage fondu en portion (triangle), non enrichi",Vitamine_B9_µg_100g,,7.0,µg,"USDA FoodData Central (SR Legacy) — Cheese spread, pasteurized process, American",,"Fromage fondu en portion (triangle), non enrichi ; même proxy.",Moyen,2026-08-04
12300,Fromage fondu en tranchettes,Vitamine_E_mg_100g,,0.19,mg,"USDA FoodData Central (SR Legacy) — Cheese spread, pasteurized process, American",,"Fromage fondu en tranchettes ; correspondance directe avec ""cheese, pasteurized process, American"".",Élevé,2026-08-04
12300,Fromage fondu en tranchettes,Vitamine_B9_µg_100g,,7.0,µg,"USDA FoodData Central (SR Legacy) — Cheese spread, pasteurized process, American",,"Fromage fondu en tranchettes ; correspondance directe avec ""cheese, pasteurized process, American"".",Élevé,2026-08-04
12300,Fromage fondu en tranchettes,Beta-Carotène_µg_100g,,55.0,µg,"USDA FoodData Central (SR Legacy) — Cheese spread, pasteurized process, American",,"Fromage fondu en tranchettes ; correspondance directe avec ""cheese, pasteurized process, American"".",Élevé,2026-08-04
12305,"Fromage fondu, allégé en matière grasse",Vitamine_E_mg_100g,,0.19,mg,"USDA FoodData Central (SR Legacy) — Cheese spread, pasteurized process, American",,Fromage fondu allégé ; même proxy (allègement non distingué).,Moyen,2026-08-04
12305,"Fromage fondu, allégé en matière grasse",Vitamine_K1_µg_100g,,1.8,µg,"USDA FoodData Central (SR Legacy) — Cheese spread, pasteurized process, American",,Fromage fondu allégé ; même proxy (allègement non distingué).,Moyen,2026-08-04
12305,"Fromage fondu, allégé en matière grasse",Vitamine_B9_µg_100g,,7.0,µg,"USDA FoodData Central (SR Legacy) — Cheese spread, pasteurized process, American",,Fromage fondu allégé ; même proxy (allègement non distingué).,Moyen,2026-08-04
12305,"Fromage fondu, allégé en matière grasse",Vitamine_D_µg_100g,,0.4,µg,"USDA FoodData Central (SR Legacy) — Cheese spread, pasteurized process, American",,Fromage fondu allégé ; même proxy (allègement non distingué).,Moyen,2026-08-04
12305,"Fromage fondu, allégé en matière grasse",Sélénium_µg_100g,,11.3,µg,"USDA FoodData Central (SR Legacy) — Cheese spread, pasteurized process, American",,Fromage fondu allégé ; même proxy (allègement non distingué).,Moyen,2026-08-04
12305,"Fromage fondu, allégé en matière grasse",Beta-Carotène_µg_100g,,55.0,µg,"USDA FoodData Central (SR Legacy) — Cheese spread, pasteurized process, American",,Fromage fondu allégé ; même proxy (allègement non distingué).,Moyen,2026-08-04
12342,"Fromage frais ou spécialité fromagère non affinée, ail et fines herbes, à tartiner, allégée en matière grasse",Vitamine_E_mg_100g,,0.86,mg,"USDA FoodData Central (SR Legacy) — Cheese, cream",,"Fromage frais à tartiner ail et fines herbes, allégé ; proxy cream cheese (herbes non reflétées).",Moyen,2026-08-04
12342,"Fromage frais ou spécialité fromagère non affinée, ail et fines herbes, à tartiner, allégée en matière grasse",Vitamine_K1_µg_100g,,2.1,µg,"USDA FoodData Central (SR Legacy) — Cheese, cream",,"Fromage frais à tartiner ail et fines herbes, allégé ; proxy cream cheese (herbes non reflétées).",Moyen,2026-08-04
12342,"Fromage frais ou spécialité fromagère non affinée, ail et fines herbes, à tartiner, allégée en matière grasse",Vitamine_B9_µg_100g,,9.0,µg,"USDA FoodData Central (SR Legacy) — Cheese, cream",,"Fromage frais à tartiner ail et fines herbes, allégé ; proxy cream cheese (herbes non reflétées).",Moyen,2026-08-04
12342,"Fromage frais ou spécialité fromagère non affinée, ail et fines herbes, à tartiner, allégée en matière grasse",Vitamine_D_µg_100g,,0.0,µg,"USDA FoodData Central (SR Legacy) — Cheese, cream",,"Fromage frais à tartiner ail et fines herbes, allégé ; proxy cream cheese (herbes non reflétées).",Moyen,2026-08-04
12342,"Fromage frais ou spécialité fromagère non affinée, ail et fines herbes, à tartiner, allégée en matière grasse",Vitamine_B12_µg_100g,,0.22,µg,"USDA FoodData Central (SR Legacy) — Cheese, cream",,"Fromage frais à tartiner ail et fines herbes, allégé ; proxy cream cheese (herbes non reflétées).",Moyen,2026-08-04
12342,"Fromage frais ou spécialité fromagère non affinée, ail et fines herbes, à tartiner, allégée en matière grasse",Sélénium_µg_100g,,8.6,µg,"USDA FoodData Central (SR Legacy) — Cheese, cream",,"Fromage frais à tartiner ail et fines herbes, allégé ; proxy cream cheese (herbes non reflétées).",Moyen,2026-08-04
12342,"Fromage frais ou spécialité fromagère non affinée, ail et fines herbes, à tartiner, allégée en matière grasse",Beta-Carotène_µg_100g,,59.0,µg,"USDA FoodData Central (SR Legacy) — Cheese, cream",,"Fromage frais à tartiner ail et fines herbes, allégé ; proxy cream cheese (herbes non reflétées).",Moyen,2026-08-04
12070,"Fromage frais ou spécialité fromagère non affinée, ail et fines herbes, à tartiner, non allégée en matière grasse",Vitamine_E_mg_100g,,0.86,mg,"USDA FoodData Central (SR Legacy) — Cheese, cream",,"Fromage frais à tartiner ail et fines herbes, non allégé ; même proxy.",Moyen,2026-08-04
12070,"Fromage frais ou spécialité fromagère non affinée, ail et fines herbes, à tartiner, non allégée en matière grasse",Vitamine_B9_µg_100g,,9.0,µg,"USDA FoodData Central (SR Legacy) — Cheese, cream",,"Fromage frais à tartiner ail et fines herbes, non allégé ; même proxy.",Moyen,2026-08-04
12069,"Fromage frais ou spécialité fromagère non affinée, nature, à tartiner, en barquette, allégée en matière grasse",Vitamine_E_mg_100g,,0.86,mg,"USDA FoodData Central (SR Legacy) — Cheese, cream",,"Fromage frais à tartiner nature en barquette, allégé ; proxy cream cheese.",Moyen,2026-08-04
12069,"Fromage frais ou spécialité fromagère non affinée, nature, à tartiner, en barquette, allégée en matière grasse",Vitamine_B9_µg_100g,,9.0,µg,"USDA FoodData Central (SR Legacy) — Cheese, cream",,"Fromage frais à tartiner nature en barquette, allégé ; proxy cream cheese.",Moyen,2026-08-04
12068,"Fromage frais ou spécialité fromagère non affinée, nature, à tartiner, en barquette, non allégée en matière grasse",Vitamine_E_mg_100g,,0.86,mg,"USDA FoodData Central (SR Legacy) — Cheese, cream",,"Fromage frais à tartiner nature en barquette, non allégé ; même proxy.",Moyen,2026-08-04
12068,"Fromage frais ou spécialité fromagère non affinée, nature, à tartiner, en barquette, non allégée en matière grasse",Vitamine_B9_µg_100g,,9.0,µg,"USDA FoodData Central (SR Legacy) — Cheese, cream",,"Fromage frais à tartiner nature en barquette, non allégé ; même proxy.",Moyen,2026-08-04
12073,"Fromage frais ou spécialité fromagère non affinée, olives, figues et noix, etc (autre que ail et fines herbes), à tartiner, non allégée en matière grasse",Vitamine_E_mg_100g,,0.86,mg,"USDA FoodData Central (SR Legacy) — Cheese, cream",,Fromage frais à tartiner olives/figues/noix ; proxy cream cheese (garniture non reflétée).,Moyen,2026-08-04
12073,"Fromage frais ou spécialité fromagère non affinée, olives, figues et noix, etc (autre que ail et fines herbes), à tartiner, non allégée en matière grasse",Vitamine_K1_µg_100g,,2.1,µg,"USDA FoodData Central (SR Legacy) — Cheese, cream",,Fromage frais à tartiner olives/figues/noix ; proxy cream cheese (garniture non reflétée).,Moyen,2026-08-04
12073,"Fromage frais ou spécialité fromagère non affinée, olives, figues et noix, etc (autre que ail et fines herbes), à tartiner, non allégée en matière grasse",Vitamine_B9_µg_100g,,9.0,µg,"USDA FoodData Central (SR Legacy) — Cheese, cream",,Fromage frais à tartiner olives/figues/noix ; proxy cream cheese (garniture non reflétée).,Moyen,2026-08-04
12073,"Fromage frais ou spécialité fromagère non affinée, olives, figues et noix, etc (autre que ail et fines herbes), à tartiner, non allégée en matière grasse",Vitamine_D_µg_100g,,0.0,µg,"USDA FoodData Central (SR Legacy) — Cheese, cream",,Fromage frais à tartiner olives/figues/noix ; proxy cream cheese (garniture non reflétée).,Moyen,2026-08-04
12073,"Fromage frais ou spécialité fromagère non affinée, olives, figues et noix, etc (autre que ail et fines herbes), à tartiner, non allégée en matière grasse",Vitamine_B12_µg_100g,,0.22,µg,"USDA FoodData Central (SR Legacy) — Cheese, cream",,Fromage frais à tartiner olives/figues/noix ; proxy cream cheese (garniture non reflétée).,Moyen,2026-08-04
12073,"Fromage frais ou spécialité fromagère non affinée, olives, figues et noix, etc (autre que ail et fines herbes), à tartiner, non allégée en matière grasse",Sélénium_µg_100g,,8.6,µg,"USDA FoodData Central (SR Legacy) — Cheese, cream",,Fromage frais à tartiner olives/figues/noix ; proxy cream cheese (garniture non reflétée).,Moyen,2026-08-04
12073,"Fromage frais ou spécialité fromagère non affinée, olives, figues et noix, etc (autre que ail et fines herbes), à tartiner, non allégée en matière grasse",Beta-Carotène_µg_100g,,59.0,µg,"USDA FoodData Central (SR Legacy) — Cheese, cream",,Fromage frais à tartiner olives/figues/noix ; proxy cream cheese (garniture non reflétée).,Moyen,2026-08-04
12053,Fromage pour tartiflette (pâte molle et croûte mixte),Vitamine_E_mg_100g,,0.26,mg,"USDA FoodData Central (SR Legacy) — Cheese, muenster",,"Fromage pour tartiflette (pâte molle croûte mixte, type Reblochon) ; proxy muenster.",Moyen,2026-08-04
12053,Fromage pour tartiflette (pâte molle et croûte mixte),Vitamine_K1_µg_100g,,2.5,µg,"USDA FoodData Central (SR Legacy) — Cheese, muenster",,"Fromage pour tartiflette (pâte molle croûte mixte, type Reblochon) ; proxy muenster.",Moyen,2026-08-04
12053,Fromage pour tartiflette (pâte molle et croûte mixte),Vitamine_B9_µg_100g,,12.0,µg,"USDA FoodData Central (SR Legacy) — Cheese, muenster",,"Fromage pour tartiflette (pâte molle croûte mixte, type Reblochon) ; proxy muenster.",Moyen,2026-08-04
12053,Fromage pour tartiflette (pâte molle et croûte mixte),Vitamine_D_µg_100g,,0.6,µg,"USDA FoodData Central (SR Legacy) — Cheese, muenster",,"Fromage pour tartiflette (pâte molle croûte mixte, type Reblochon) ; proxy muenster.",Moyen,2026-08-04
12053,Fromage pour tartiflette (pâte molle et croûte mixte),Vitamine_B12_µg_100g,,1.47,µg,"USDA FoodData Central (SR Legacy) — Cheese, muenster",,"Fromage pour tartiflette (pâte molle croûte mixte, type Reblochon) ; proxy muenster.",Moyen,2026-08-04
12053,Fromage pour tartiflette (pâte molle et croûte mixte),Sélénium_µg_100g,,14.5,µg,"USDA FoodData Central (SR Legacy) — Cheese, muenster",,"Fromage pour tartiflette (pâte molle croûte mixte, type Reblochon) ; proxy muenster.",Moyen,2026-08-04
12053,Fromage pour tartiflette (pâte molle et croûte mixte),Beta-Carotène_µg_100g,,13.0,µg,"USDA FoodData Central (SR Legacy) — Cheese, muenster",,"Fromage pour tartiflette (pâte molle croûte mixte, type Reblochon) ; proxy muenster.",Moyen,2026-08-04
12061,"Fromage type feta, au lait de brebis 100%",Vitamine_E_mg_100g,,0.18,mg,"USDA FoodData Central (SR Legacy) — Cheese, feta",,Correspondance exacte : feta au lait de brebis 100%.,Élevé,2026-08-04
12061,"Fromage type feta, au lait de brebis 100%",Vitamine_K1_µg_100g,,1.8,µg,"USDA FoodData Central (SR Legacy) — Cheese, feta",,Correspondance exacte : feta au lait de brebis 100%.,Élevé,2026-08-04
12061,"Fromage type feta, au lait de brebis 100%",Vitamine_D_µg_100g,,0.4,µg,"USDA FoodData Central (SR Legacy) — Cheese, feta",,Correspondance exacte : feta au lait de brebis 100%.,Élevé,2026-08-04
12061,"Fromage type feta, au lait de brebis 100%",Sélénium_µg_100g,,15.0,µg,"USDA FoodData Central (SR Legacy) — Cheese, feta",,Correspondance exacte : feta au lait de brebis 100%.,Élevé,2026-08-04
12768,"Fromage type feta, au lait de brebis 100%, à l'huile et aux aromates, égoutté",Vitamine_E_mg_100g,,0.18,mg,"USDA FoodData Central (SR Legacy) — Cheese, feta",,"Feta au lait de brebis, à l'huile et aux aromates, égouttée ; proxy feta standard (huile/aromates non reflétés).",Moyen,2026-08-04
12768,"Fromage type feta, au lait de brebis 100%, à l'huile et aux aromates, égoutté",Vitamine_K1_µg_100g,,1.8,µg,"USDA FoodData Central (SR Legacy) — Cheese, feta",,"Feta au lait de brebis, à l'huile et aux aromates, égouttée ; proxy feta standard (huile/aromates non reflétés).",Moyen,2026-08-04
12768,"Fromage type feta, au lait de brebis 100%, à l'huile et aux aromates, égoutté",Vitamine_B9_µg_100g,,32.0,µg,"USDA FoodData Central (SR Legacy) — Cheese, feta",,"Feta au lait de brebis, à l'huile et aux aromates, égouttée ; proxy feta standard (huile/aromates non reflétés).",Moyen,2026-08-04
12768,"Fromage type feta, au lait de brebis 100%, à l'huile et aux aromates, égoutté",Vitamine_D_µg_100g,,0.4,µg,"USDA FoodData Central (SR Legacy) — Cheese, feta",,"Feta au lait de brebis, à l'huile et aux aromates, égouttée ; proxy feta standard (huile/aromates non reflétés).",Moyen,2026-08-04
12768,"Fromage type feta, au lait de brebis 100%, à l'huile et aux aromates, égoutté",Vitamine_B12_µg_100g,,1.69,µg,"USDA FoodData Central (SR Legacy) — Cheese, feta",,"Feta au lait de brebis, à l'huile et aux aromates, égouttée ; proxy feta standard (huile/aromates non reflétés).",Moyen,2026-08-04
12768,"Fromage type feta, au lait de brebis 100%, à l'huile et aux aromates, égoutté",Sélénium_µg_100g,,15.0,µg,"USDA FoodData Central (SR Legacy) — Cheese, feta",,"Feta au lait de brebis, à l'huile et aux aromates, égouttée ; proxy feta standard (huile/aromates non reflétés).",Moyen,2026-08-04
12768,"Fromage type feta, au lait de brebis 100%, à l'huile et aux aromates, égoutté",Beta-Carotène_µg_100g,,3.0,µg,"USDA FoodData Central (SR Legacy) — Cheese, feta",,"Feta au lait de brebis, à l'huile et aux aromates, égouttée ; proxy feta standard (huile/aromates non reflétés).",Moyen,2026-08-04
12060,"Fromage type feta, au lait de vache 100%",Vitamine_E_mg_100g,,0.18,mg,"USDA FoodData Central (SR Legacy) — Cheese, feta",,Feta au lait de vache 100% ; proxy feta standard (l'USDA ne distingue pas l'espèce laitière).,Moyen,2026-08-04
12060,"Fromage type feta, au lait de vache 100%",Vitamine_B9_µg_100g,,32.0,µg,"USDA FoodData Central (SR Legacy) — Cheese, feta",,Feta au lait de vache 100% ; proxy feta standard (l'USDA ne distingue pas l'espèce laitière).,Moyen,2026-08-04
12063,"Fromage type feta, au lait de vache 100%, à l'huile et aux aromates",Vitamine_E_mg_100g,,0.18,mg,"USDA FoodData Central (SR Legacy) — Cheese, feta",,"Feta au lait de vache, à l'huile et aux aromates ; même proxy.",Moyen,2026-08-04
12063,"Fromage type feta, au lait de vache 100%, à l'huile et aux aromates",Beta-Carotène_µg_100g,,3.0,µg,"USDA FoodData Central (SR Legacy) — Cheese, feta",,"Feta au lait de vache, à l'huile et aux aromates ; même proxy.",Moyen,2026-08-04
12067,"Fromage type feta, au lait de vache 100%, à l'huile et aux aromates, égoutté",Vitamine_E_mg_100g,,0.18,mg,"USDA FoodData Central (SR Legacy) — Cheese, feta",,"Feta au lait de vache, à l'huile et aromates, égouttée ; même proxy.",Moyen,2026-08-04
12067,"Fromage type feta, au lait de vache 100%, à l'huile et aux aromates, égoutté",Vitamine_K1_µg_100g,,1.8,µg,"USDA FoodData Central (SR Legacy) — Cheese, feta",,"Feta au lait de vache, à l'huile et aromates, égouttée ; même proxy.",Moyen,2026-08-04
12067,"Fromage type feta, au lait de vache 100%, à l'huile et aux aromates, égoutté",Vitamine_B9_µg_100g,,32.0,µg,"USDA FoodData Central (SR Legacy) — Cheese, feta",,"Feta au lait de vache, à l'huile et aromates, égouttée ; même proxy.",Moyen,2026-08-04
12067,"Fromage type feta, au lait de vache 100%, à l'huile et aux aromates, égoutté",Vitamine_D_µg_100g,,0.4,µg,"USDA FoodData Central (SR Legacy) — Cheese, feta",,"Feta au lait de vache, à l'huile et aromates, égouttée ; même proxy.",Moyen,2026-08-04
12067,"Fromage type feta, au lait de vache 100%, à l'huile et aux aromates, égoutté",Vitamine_B12_µg_100g,,1.69,µg,"USDA FoodData Central (SR Legacy) — Cheese, feta",,"Feta au lait de vache, à l'huile et aromates, égouttée ; même proxy.",Moyen,2026-08-04
12067,"Fromage type feta, au lait de vache 100%, à l'huile et aux aromates, égoutté",Sélénium_µg_100g,,15.0,µg,"USDA FoodData Central (SR Legacy) — Cheese, feta",,"Feta au lait de vache, à l'huile et aromates, égouttée ; même proxy.",Moyen,2026-08-04
12067,"Fromage type feta, au lait de vache 100%, à l'huile et aux aromates, égoutté",Beta-Carotène_µg_100g,,3.0,µg,"USDA FoodData Central (SR Legacy) — Cheese, feta",,"Feta au lait de vache, à l'huile et aromates, égouttée ; même proxy.",Moyen,2026-08-04
12524,Gorgonzola,Vitamine_E_mg_100g,,0.25,mg,"USDA FoodData Central (SR Legacy) — Cheese, blue",,"Gorgonzola ; pas d'entrée USDA spécifique, proxy ""blue cheese"" (même famille de fromages persillés).",Moyen,2026-08-04
12736,Gouda,Vitamine_E_mg_100g,,0.24,mg,"USDA FoodData Central (SR Legacy) — Cheese, gouda",,Correspondance exacte : gouda.,Élevé,2026-08-04
12767,Gouda au cumin,Vitamine_E_mg_100g,,0.24,mg,"USDA FoodData Central (SR Legacy) — Cheese, gouda",,Gouda au cumin ; proxy gouda standard (cumin non reflété).,Moyen,2026-08-04
12767,Gouda au cumin,Vitamine_K1_µg_100g,,2.3,µg,"USDA FoodData Central (SR Legacy) — Cheese, gouda",,Gouda au cumin ; proxy gouda standard (cumin non reflété).,Moyen,2026-08-04
12767,Gouda au cumin,Vitamine_B9_µg_100g,,21.0,µg,"USDA FoodData Central (SR Legacy) — Cheese, gouda",,Gouda au cumin ; proxy gouda standard (cumin non reflété).,Moyen,2026-08-04
12767,Gouda au cumin,Vitamine_D_µg_100g,,0.5,µg,"USDA FoodData Central (SR Legacy) — Cheese, gouda",,Gouda au cumin ; proxy gouda standard (cumin non reflété).,Moyen,2026-08-04
12767,Gouda au cumin,Vitamine_B12_µg_100g,,1.54,µg,"USDA FoodData Central (SR Legacy) — Cheese, gouda",,Gouda au cumin ; proxy gouda standard (cumin non reflété).,Moyen,2026-08-04
12767,Gouda au cumin,Sélénium_µg_100g,,14.5,µg,"USDA FoodData Central (SR Legacy) — Cheese, gouda",,Gouda au cumin ; proxy gouda standard (cumin non reflété).,Moyen,2026-08-04
12767,Gouda au cumin,Beta-Carotène_µg_100g,,10.0,µg,"USDA FoodData Central (SR Legacy) — Cheese, gouda",,Gouda au cumin ; proxy gouda standard (cumin non reflété).,Moyen,2026-08-04
12123,Grana Padano,Vitamine_E_mg_100g,,0.53,mg,"USDA FoodData Central (SR Legacy) — Cheese, parmesan, grated",,"Grana Padano ; pas d'entrée USDA spécifique, proxy parmesan (même famille de pâte pressée cuite italienne longuement affinée).",Moyen,2026-08-04
12123,Grana Padano,Vitamine_B9_µg_100g,,6.0,µg,"USDA FoodData Central (SR Legacy) — Cheese, parmesan, grated",,"Grana Padano ; pas d'entrée USDA spécifique, proxy parmesan (même famille de pâte pressée cuite italienne longuement affinée).",Moyen,2026-08-04
12113,Gruyère IGP France,Vitamine_E_mg_100g,,0.28,mg,"USDA FoodData Central (SR Legacy) — Cheese, gruyere",,Correspondance exacte : gruyère IGP France.,Élevé,2026-08-04
12113,Gruyère IGP France,Vitamine_B9_µg_100g,,10.0,µg,"USDA FoodData Central (SR Legacy) — Cheese, gruyere",,Correspondance exacte : gruyère IGP France.,Élevé,2026-08-04
12114,"Gruyère, sans précision (origine France ou Suisse)",Vitamine_E_mg_100g,,0.28,mg,"USDA FoodData Central (SR Legacy) — Cheese, gruyere",,"Correspondance exacte : gruyère, sans précision.",Élevé,2026-08-04
12040,Langres,Vitamine_E_mg_100g,,0.23,mg,"USDA FoodData Central (SR Legacy) — Cheese, limburger",,Langres (pâte molle croûte lavée) ; proxy limburger.,Moyen,2026-08-04
12037,Livarot,Vitamine_E_mg_100g,,0.23,mg,"USDA FoodData Central (SR Legacy) — Cheese, limburger",,Livarot (pâte molle croûte lavée forte) ; même proxy.,Moyen,2026-08-04
12030,"Maroilles, fermier",Vitamine_E_mg_100g,,0.23,mg,"USDA FoodData Central (SR Legacy) — Cheese, limburger",,Maroilles fermier (pâte molle croûte lavée) ; même proxy.,Moyen,2026-08-04
12030,"Maroilles, fermier",Vitamine_K1_µg_100g,,2.3,µg,"USDA FoodData Central (SR Legacy) — Cheese, limburger",,Maroilles fermier (pâte molle croûte lavée) ; même proxy.,Moyen,2026-08-04
12030,"Maroilles, fermier",Vitamine_B9_µg_100g,,58.0,µg,"USDA FoodData Central (SR Legacy) — Cheese, limburger",,Maroilles fermier (pâte molle croûte lavée) ; même proxy.,Moyen,2026-08-04
12030,"Maroilles, fermier",Vitamine_D_µg_100g,,0.5,µg,"USDA FoodData Central (SR Legacy) — Cheese, limburger",,Maroilles fermier (pâte molle croûte lavée) ; même proxy.,Moyen,2026-08-04
12030,"Maroilles, fermier",Vitamine_B12_µg_100g,,1.04,µg,"USDA FoodData Central (SR Legacy) — Cheese, limburger",,Maroilles fermier (pâte molle croûte lavée) ; même proxy.,Moyen,2026-08-04
12030,"Maroilles, fermier",Sélénium_µg_100g,,14.5,µg,"USDA FoodData Central (SR Legacy) — Cheese, limburger",,Maroilles fermier (pâte molle croûte lavée) ; même proxy.,Moyen,2026-08-04
12030,"Maroilles, fermier",Beta-Carotène_µg_100g,,15.0,µg,"USDA FoodData Central (SR Legacy) — Cheese, limburger",,Maroilles fermier (pâte molle croûte lavée) ; même proxy.,Moyen,2026-08-04
12029,"Maroilles, laitier",Vitamine_E_mg_100g,,0.23,mg,"USDA FoodData Central (SR Legacy) — Cheese, limburger",,Maroilles laitier ; même proxy.,Moyen,2026-08-04
12029,"Maroilles, laitier",Vitamine_K1_µg_100g,,2.3,µg,"USDA FoodData Central (SR Legacy) — Cheese, limburger",,Maroilles laitier ; même proxy.,Moyen,2026-08-04
12029,"Maroilles, laitier",Vitamine_B9_µg_100g,,58.0,µg,"USDA FoodData Central (SR Legacy) — Cheese, limburger",,Maroilles laitier ; même proxy.,Moyen,2026-08-04
12029,"Maroilles, laitier",Vitamine_D_µg_100g,,0.5,µg,"USDA FoodData Central (SR Legacy) — Cheese, limburger",,Maroilles laitier ; même proxy.,Moyen,2026-08-04
12029,"Maroilles, laitier",Vitamine_B12_µg_100g,,1.04,µg,"USDA FoodData Central (SR Legacy) — Cheese, limburger",,Maroilles laitier ; même proxy.,Moyen,2026-08-04
12029,"Maroilles, laitier",Sélénium_µg_100g,,14.5,µg,"USDA FoodData Central (SR Legacy) — Cheese, limburger",,Maroilles laitier ; même proxy.,Moyen,2026-08-04
12029,"Maroilles, laitier",Beta-Carotène_µg_100g,,15.0,µg,"USDA FoodData Central (SR Legacy) — Cheese, limburger",,Maroilles laitier ; même proxy.,Moyen,2026-08-04
12036,"Maroilles, sans précision",Vitamine_E_mg_100g,,0.23,mg,"USDA FoodData Central (SR Legacy) — Cheese, limburger",,"Maroilles, sans précision ; même proxy.",Moyen,2026-08-04
12775,"Mélange de fromages râpés (ex : spécial gratins, spécial pâtes, spécial pizzas…)",Vitamine_E_mg_100g,,0.78,mg,"USDA FoodData Central (SR Legacy) — Cheese, cheddar, sharp, sliced",,Mélange de fromages râpés (gratins/pâtes/pizzas) ; proxy cheddar (fromage à râper le plus représentatif).,Moyen,2026-08-04
12775,"Mélange de fromages râpés (ex : spécial gratins, spécial pâtes, spécial pizzas…)",Vitamine_K1_µg_100g,,2.4,µg,"USDA FoodData Central (SR Legacy) — Cheese, cheddar, sharp, sliced",,Mélange de fromages râpés (gratins/pâtes/pizzas) ; proxy cheddar (fromage à râper le plus représentatif).,Moyen,2026-08-04
12775,"Mélange de fromages râpés (ex : spécial gratins, spécial pâtes, spécial pizzas…)",Vitamine_B9_µg_100g,,27.0,µg,"USDA FoodData Central (SR Legacy) — Cheese, cheddar, sharp, sliced",,Mélange de fromages râpés (gratins/pâtes/pizzas) ; proxy cheddar (fromage à râper le plus représentatif).,Moyen,2026-08-04
12775,"Mélange de fromages râpés (ex : spécial gratins, spécial pâtes, spécial pizzas…)",Vitamine_D_µg_100g,,1.0,µg,"USDA FoodData Central (SR Legacy) — Cheese, cheddar, sharp, sliced",,Mélange de fromages râpés (gratins/pâtes/pizzas) ; proxy cheddar (fromage à râper le plus représentatif).,Moyen,2026-08-04
12775,"Mélange de fromages râpés (ex : spécial gratins, spécial pâtes, spécial pizzas…)",Vitamine_B12_µg_100g,,0.88,µg,"USDA FoodData Central (SR Legacy) — Cheese, cheddar, sharp, sliced",,Mélange de fromages râpés (gratins/pâtes/pizzas) ; proxy cheddar (fromage à râper le plus représentatif).,Moyen,2026-08-04
12775,"Mélange de fromages râpés (ex : spécial gratins, spécial pâtes, spécial pizzas…)",Sélénium_µg_100g,,28.3,µg,"USDA FoodData Central (SR Legacy) — Cheese, cheddar, sharp, sliced",,Mélange de fromages râpés (gratins/pâtes/pizzas) ; proxy cheddar (fromage à râper le plus représentatif).,Moyen,2026-08-04
12775,"Mélange de fromages râpés (ex : spécial gratins, spécial pâtes, spécial pizzas…)",Beta-Carotène_µg_100g,,85.0,µg,"USDA FoodData Central (SR Legacy) — Cheese, cheddar, sharp, sliced",,Mélange de fromages râpés (gratins/pâtes/pizzas) ; proxy cheddar (fromage à râper le plus représentatif).,Moyen,2026-08-04
12737,Mimolette demi-vieille (6 mois d'affinage minimum),Vitamine_E_mg_100g,,0.24,mg,"USDA FoodData Central (SR Legacy) — Cheese, edam",,Mimolette demi-vieille ; proxy edam (la mimolette est historiquement dérivée de l'édam).,Moyen,2026-08-04
12737,Mimolette demi-vieille (6 mois d'affinage minimum),Vitamine_K1_µg_100g,,2.3,µg,"USDA FoodData Central (SR Legacy) — Cheese, edam",,Mimolette demi-vieille ; proxy edam (la mimolette est historiquement dérivée de l'édam).,Moyen,2026-08-04
12737,Mimolette demi-vieille (6 mois d'affinage minimum),Vitamine_B9_µg_100g,,16.0,µg,"USDA FoodData Central (SR Legacy) — Cheese, edam",,Mimolette demi-vieille ; proxy edam (la mimolette est historiquement dérivée de l'édam).,Moyen,2026-08-04
12737,Mimolette demi-vieille (6 mois d'affinage minimum),Vitamine_D_µg_100g,,0.5,µg,"USDA FoodData Central (SR Legacy) — Cheese, edam",,Mimolette demi-vieille ; proxy edam (la mimolette est historiquement dérivée de l'édam).,Moyen,2026-08-04
12737,Mimolette demi-vieille (6 mois d'affinage minimum),Vitamine_B12_µg_100g,,1.54,µg,"USDA FoodData Central (SR Legacy) — Cheese, edam",,Mimolette demi-vieille ; proxy edam (la mimolette est historiquement dérivée de l'édam).,Moyen,2026-08-04
12737,Mimolette demi-vieille (6 mois d'affinage minimum),Sélénium_µg_100g,,14.5,µg,"USDA FoodData Central (SR Legacy) — Cheese, edam",,Mimolette demi-vieille ; proxy edam (la mimolette est historiquement dérivée de l'édam).,Moyen,2026-08-04
12737,Mimolette demi-vieille (6 mois d'affinage minimum),Beta-Carotène_µg_100g,,11.0,µg,"USDA FoodData Central (SR Legacy) — Cheese, edam",,Mimolette demi-vieille ; proxy edam (la mimolette est historiquement dérivée de l'édam).,Moyen,2026-08-04
12742,Mimolette extra-vieille (18 mois d'affinage minimum),Vitamine_E_mg_100g,,0.24,mg,"USDA FoodData Central (SR Legacy) — Cheese, edam",,Mimolette extra-vieille ; même proxy (affinage prolongé non distingué).,Moyen,2026-08-04
12742,Mimolette extra-vieille (18 mois d'affinage minimum),Vitamine_K1_µg_100g,,2.3,µg,"USDA FoodData Central (SR Legacy) — Cheese, edam",,Mimolette extra-vieille ; même proxy (affinage prolongé non distingué).,Moyen,2026-08-04
12742,Mimolette extra-vieille (18 mois d'affinage minimum),Vitamine_B9_µg_100g,,16.0,µg,"USDA FoodData Central (SR Legacy) — Cheese, edam",,Mimolette extra-vieille ; même proxy (affinage prolongé non distingué).,Moyen,2026-08-04
12742,Mimolette extra-vieille (18 mois d'affinage minimum),Vitamine_D_µg_100g,,0.5,µg,"USDA FoodData Central (SR Legacy) — Cheese, edam",,Mimolette extra-vieille ; même proxy (affinage prolongé non distingué).,Moyen,2026-08-04
12742,Mimolette extra-vieille (18 mois d'affinage minimum),Vitamine_B12_µg_100g,,1.54,µg,"USDA FoodData Central (SR Legacy) — Cheese, edam",,Mimolette extra-vieille ; même proxy (affinage prolongé non distingué).,Moyen,2026-08-04
12742,Mimolette extra-vieille (18 mois d'affinage minimum),Sélénium_µg_100g,,14.5,µg,"USDA FoodData Central (SR Legacy) — Cheese, edam",,Mimolette extra-vieille ; même proxy (affinage prolongé non distingué).,Moyen,2026-08-04
12742,Mimolette extra-vieille (18 mois d'affinage minimum),Beta-Carotène_µg_100g,,11.0,µg,"USDA FoodData Central (SR Legacy) — Cheese, edam",,Mimolette extra-vieille ; même proxy (affinage prolongé non distingué).,Moyen,2026-08-04
12735,Mimolette jeune (moins de 6 mois d'affinage),Vitamine_E_mg_100g,,0.24,mg,"USDA FoodData Central (SR Legacy) — Cheese, edam",,Mimolette jeune ; même proxy.,Moyen,2026-08-04
12735,Mimolette jeune (moins de 6 mois d'affinage),Vitamine_K1_µg_100g,,2.3,µg,"USDA FoodData Central (SR Legacy) — Cheese, edam",,Mimolette jeune ; même proxy.,Moyen,2026-08-04
12735,Mimolette jeune (moins de 6 mois d'affinage),Vitamine_B9_µg_100g,,16.0,µg,"USDA FoodData Central (SR Legacy) — Cheese, edam",,Mimolette jeune ; même proxy.,Moyen,2026-08-04
12735,Mimolette jeune (moins de 6 mois d'affinage),Vitamine_D_µg_100g,,0.5,µg,"USDA FoodData Central (SR Legacy) — Cheese, edam",,Mimolette jeune ; même proxy.,Moyen,2026-08-04
12735,Mimolette jeune (moins de 6 mois d'affinage),Vitamine_B12_µg_100g,,1.54,µg,"USDA FoodData Central (SR Legacy) — Cheese, edam",,Mimolette jeune ; même proxy.,Moyen,2026-08-04
12735,Mimolette jeune (moins de 6 mois d'affinage),Sélénium_µg_100g,,14.5,µg,"USDA FoodData Central (SR Legacy) — Cheese, edam",,Mimolette jeune ; même proxy.,Moyen,2026-08-04
12735,Mimolette jeune (moins de 6 mois d'affinage),Beta-Carotène_µg_100g,,11.0,µg,"USDA FoodData Central (SR Legacy) — Cheese, edam",,Mimolette jeune ; même proxy.,Moyen,2026-08-04
12738,Mimolette vieille (12 mois d'affinage minimum),Vitamine_E_mg_100g,,0.24,mg,"USDA FoodData Central (SR Legacy) — Cheese, edam",,Mimolette vieille ; même proxy.,Moyen,2026-08-04
12740,"Mimolette, sans précision",Vitamine_E_mg_100g,,0.24,mg,"USDA FoodData Central (SR Legacy) — Cheese, edam",,"Mimolette, sans précision ; même proxy.",Moyen,2026-08-04
12740,"Mimolette, sans précision",Vitamine_K1_µg_100g,,2.3,µg,"USDA FoodData Central (SR Legacy) — Cheese, edam",,"Mimolette, sans précision ; même proxy.",Moyen,2026-08-04
12051,Mont d'or ou vacherin du Haut-Doubs (produit en France) ou vacherin-Mont d'Or (produit en Suisse),Vitamine_E_mg_100g,,0.23,mg,"USDA FoodData Central (SR Legacy) — Cheese, limburger",,Mont d'or/vacherin du Haut-Doubs (pâte molle croûte lavée) ; proxy limburger.,Moyen,2026-08-04
12051,Mont d'or ou vacherin du Haut-Doubs (produit en France) ou vacherin-Mont d'Or (produit en Suisse),Vitamine_K1_µg_100g,,2.3,µg,"USDA FoodData Central (SR Legacy) — Cheese, limburger",,Mont d'or/vacherin du Haut-Doubs (pâte molle croûte lavée) ; proxy limburger.,Moyen,2026-08-04
12051,Mont d'or ou vacherin du Haut-Doubs (produit en France) ou vacherin-Mont d'Or (produit en Suisse),Vitamine_B9_µg_100g,,58.0,µg,"USDA FoodData Central (SR Legacy) — Cheese, limburger",,Mont d'or/vacherin du Haut-Doubs (pâte molle croûte lavée) ; proxy limburger.,Moyen,2026-08-04
12051,Mont d'or ou vacherin du Haut-Doubs (produit en France) ou vacherin-Mont d'Or (produit en Suisse),Vitamine_D_µg_100g,,0.5,µg,"USDA FoodData Central (SR Legacy) — Cheese, limburger",,Mont d'or/vacherin du Haut-Doubs (pâte molle croûte lavée) ; proxy limburger.,Moyen,2026-08-04
12051,Mont d'or ou vacherin du Haut-Doubs (produit en France) ou vacherin-Mont d'Or (produit en Suisse),Vitamine_B12_µg_100g,,1.04,µg,"USDA FoodData Central (SR Legacy) — Cheese, limburger",,Mont d'or/vacherin du Haut-Doubs (pâte molle croûte lavée) ; proxy limburger.,Moyen,2026-08-04
12743,Morbier,Vitamine_E_mg_100g,,0.26,mg,"USDA FoodData Central (SR Legacy) — Cheese, muenster",,Morbier (pâte pressée non cuite demi-molle) ; proxy muenster.,Moyen,2026-08-04
12743,Morbier,Beta-Carotène_µg_100g,,13.0,µg,"USDA FoodData Central (SR Legacy) — Cheese, muenster",,Morbier (pâte pressée non cuite demi-molle) ; proxy muenster.,Moyen,2026-08-04
12039,Munster,Vitamine_E_mg_100g,,0.26,mg,"USDA FoodData Central (SR Legacy) — Cheese, muenster",,"Munster ; correspondance directe de nom avec ""muenster"" (origine étymologique commune).",Élevé,2026-08-04
12031,Neufchâtel,Vitamine_E_mg_100g,,0.4,mg,"USDA FoodData Central (SR Legacy) — Cheese, neufchatel",,Correspondance exacte : neufchâtel.,Élevé,2026-08-04
12120,Parmesan,Vitamine_E_mg_100g,,0.53,mg,"USDA FoodData Central (SR Legacy) — Cheese, parmesan, grated",,Correspondance exacte : parmesan.,Élevé,2026-08-04
12831,Pélardon (fromage de chèvre),Vitamine_E_mg_100g,,0.18,mg,"USDA FoodData Central (SR Legacy) — Cheese, goat, soft type",,"Correspondance exacte : pélardon, fromage de chèvre pâte molle.",Élevé,2026-08-04
12831,Pélardon (fromage de chèvre),Vitamine_K1_µg_100g,,1.8,µg,"USDA FoodData Central (SR Legacy) — Cheese, goat, soft type",,"Correspondance exacte : pélardon, fromage de chèvre pâte molle.",Élevé,2026-08-04
12831,Pélardon (fromage de chèvre),Vitamine_B12_µg_100g,,0.19,µg,"USDA FoodData Central (SR Legacy) — Cheese, goat, soft type",,"Correspondance exacte : pélardon, fromage de chèvre pâte molle.",Élevé,2026-08-04
12831,Pélardon (fromage de chèvre),Beta-Carotène_µg_100g,,54.0,µg,"USDA FoodData Central (SR Legacy) — Cheese, goat, soft type",,"Correspondance exacte : pélardon, fromage de chèvre pâte molle.",Élevé,2026-08-04
12836,Picodon (fromage de chèvre),Vitamine_E_mg_100g,,0.18,mg,"USDA FoodData Central (SR Legacy) — Cheese, goat, soft type",,"Correspondance exacte : picodon, fromage de chèvre pâte molle.",Élevé,2026-08-04
12836,Picodon (fromage de chèvre),Vitamine_K1_µg_100g,,1.8,µg,"USDA FoodData Central (SR Legacy) — Cheese, goat, soft type",,"Correspondance exacte : picodon, fromage de chèvre pâte molle.",Élevé,2026-08-04
12836,Picodon (fromage de chèvre),Vitamine_B12_µg_100g,,0.19,µg,"USDA FoodData Central (SR Legacy) — Cheese, goat, soft type",,"Correspondance exacte : picodon, fromage de chèvre pâte molle.",Élevé,2026-08-04
12836,Picodon (fromage de chèvre),Beta-Carotène_µg_100g,,54.0,µg,"USDA FoodData Central (SR Legacy) — Cheese, goat, soft type",,"Correspondance exacte : picodon, fromage de chèvre pâte molle.",Élevé,2026-08-04
12042,Pont l'Évêque,Vitamine_E_mg_100g,,0.23,mg,"USDA FoodData Central (SR Legacy) — Cheese, limburger",,Pont-l'Évêque (pâte molle croûte lavée) ; proxy limburger.,Moyen,2026-08-04
12839,Pouligny Saint-Pierre (fromage de chèvre),Vitamine_E_mg_100g,,0.18,mg,"USDA FoodData Central (SR Legacy) — Cheese, goat, soft type",,"Correspondance exacte : pouligny-Saint-Pierre, fromage de chèvre pâte molle.",Élevé,2026-08-04
12839,Pouligny Saint-Pierre (fromage de chèvre),Vitamine_K1_µg_100g,,1.8,µg,"USDA FoodData Central (SR Legacy) — Cheese, goat, soft type",,"Correspondance exacte : pouligny-Saint-Pierre, fromage de chèvre pâte molle.",Élevé,2026-08-04
12839,Pouligny Saint-Pierre (fromage de chèvre),Vitamine_B12_µg_100g,,0.19,µg,"USDA FoodData Central (SR Legacy) — Cheese, goat, soft type",,"Correspondance exacte : pouligny-Saint-Pierre, fromage de chèvre pâte molle.",Élevé,2026-08-04
12839,Pouligny Saint-Pierre (fromage de chèvre),Beta-Carotène_µg_100g,,54.0,µg,"USDA FoodData Central (SR Legacy) — Cheese, goat, soft type",,"Correspondance exacte : pouligny-Saint-Pierre, fromage de chèvre pâte molle.",Élevé,2026-08-04
12716,Provolone,Vitamine_E_mg_100g,,0.23,mg,"USDA FoodData Central (SR Legacy) — Cheese, provolone",,Correspondance exacte : provolone.,Élevé,2026-08-04
12716,Provolone,Sélénium_µg_100g,,14.5,µg,"USDA FoodData Central (SR Legacy) — Cheese, provolone",,Correspondance exacte : provolone.,Élevé,2026-08-04
12765,Raclette (fromage) fumée,Vitamine_E_mg_100g,,0.28,mg,"USDA FoodData Central (SR Legacy) — Cheese, gruyere",,Raclette fumée (pâte pressée mi-dure) ; proxy gruyère (fromage à raclette proche des pâtes pressées alpines).,Moyen,2026-08-04
12765,Raclette (fromage) fumée,Vitamine_K1_µg_100g,,2.7,µg,"USDA FoodData Central (SR Legacy) — Cheese, gruyere",,Raclette fumée (pâte pressée mi-dure) ; proxy gruyère (fromage à raclette proche des pâtes pressées alpines).,Moyen,2026-08-04
12765,Raclette (fromage) fumée,Vitamine_B9_µg_100g,,10.0,µg,"USDA FoodData Central (SR Legacy) — Cheese, gruyere",,Raclette fumée (pâte pressée mi-dure) ; proxy gruyère (fromage à raclette proche des pâtes pressées alpines).,Moyen,2026-08-04
12765,Raclette (fromage) fumée,Vitamine_D_µg_100g,,0.6,µg,"USDA FoodData Central (SR Legacy) — Cheese, gruyere",,Raclette fumée (pâte pressée mi-dure) ; proxy gruyère (fromage à raclette proche des pâtes pressées alpines).,Moyen,2026-08-04
12765,Raclette (fromage) fumée,Vitamine_B12_µg_100g,,1.6,µg,"USDA FoodData Central (SR Legacy) — Cheese, gruyere",,Raclette fumée (pâte pressée mi-dure) ; proxy gruyère (fromage à raclette proche des pâtes pressées alpines).,Moyen,2026-08-04
12765,Raclette (fromage) fumée,Sélénium_µg_100g,,14.5,µg,"USDA FoodData Central (SR Legacy) — Cheese, gruyere",,Raclette fumée (pâte pressée mi-dure) ; proxy gruyère (fromage à raclette proche des pâtes pressées alpines).,Moyen,2026-08-04
12765,Raclette (fromage) fumée,Beta-Carotène_µg_100g,,33.0,µg,"USDA FoodData Central (SR Legacy) — Cheese, gruyere",,Raclette fumée (pâte pressée mi-dure) ; proxy gruyère (fromage à raclette proche des pâtes pressées alpines).,Moyen,2026-08-04
12766,"Raclette (fromage), au poivre",Vitamine_E_mg_100g,,0.28,mg,"USDA FoodData Central (SR Legacy) — Cheese, gruyere",,Raclette au poivre ; même proxy (poivre non reflété).,Moyen,2026-08-04
12766,"Raclette (fromage), au poivre",Vitamine_K1_µg_100g,,2.7,µg,"USDA FoodData Central (SR Legacy) — Cheese, gruyere",,Raclette au poivre ; même proxy (poivre non reflété).,Moyen,2026-08-04
12766,"Raclette (fromage), au poivre",Vitamine_B9_µg_100g,,10.0,µg,"USDA FoodData Central (SR Legacy) — Cheese, gruyere",,Raclette au poivre ; même proxy (poivre non reflété).,Moyen,2026-08-04
12766,"Raclette (fromage), au poivre",Vitamine_D_µg_100g,,0.6,µg,"USDA FoodData Central (SR Legacy) — Cheese, gruyere",,Raclette au poivre ; même proxy (poivre non reflété).,Moyen,2026-08-04
12766,"Raclette (fromage), au poivre",Vitamine_B12_µg_100g,,1.6,µg,"USDA FoodData Central (SR Legacy) — Cheese, gruyere",,Raclette au poivre ; même proxy (poivre non reflété).,Moyen,2026-08-04
12766,"Raclette (fromage), au poivre",Sélénium_µg_100g,,14.5,µg,"USDA FoodData Central (SR Legacy) — Cheese, gruyere",,Raclette au poivre ; même proxy (poivre non reflété).,Moyen,2026-08-04
12766,"Raclette (fromage), au poivre",Beta-Carotène_µg_100g,,33.0,µg,"USDA FoodData Central (SR Legacy) — Cheese, gruyere",,Raclette au poivre ; même proxy (poivre non reflété).,Moyen,2026-08-04
12776,Raclette de Savoie (fromage),Vitamine_E_mg_100g,,0.28,mg,"USDA FoodData Central (SR Legacy) — Cheese, gruyere",,Raclette de Savoie ; même proxy.,Moyen,2026-08-04
12776,Raclette de Savoie (fromage),Vitamine_K1_µg_100g,,2.7,µg,"USDA FoodData Central (SR Legacy) — Cheese, gruyere",,Raclette de Savoie ; même proxy.,Moyen,2026-08-04
12776,Raclette de Savoie (fromage),Vitamine_B9_µg_100g,,10.0,µg,"USDA FoodData Central (SR Legacy) — Cheese, gruyere",,Raclette de Savoie ; même proxy.,Moyen,2026-08-04
12776,Raclette de Savoie (fromage),Vitamine_D_µg_100g,,0.6,µg,"USDA FoodData Central (SR Legacy) — Cheese, gruyere",,Raclette de Savoie ; même proxy.,Moyen,2026-08-04
12776,Raclette de Savoie (fromage),Vitamine_B12_µg_100g,,1.6,µg,"USDA FoodData Central (SR Legacy) — Cheese, gruyere",,Raclette de Savoie ; même proxy.,Moyen,2026-08-04
12776,Raclette de Savoie (fromage),Sélénium_µg_100g,,14.5,µg,"USDA FoodData Central (SR Legacy) — Cheese, gruyere",,Raclette de Savoie ; même proxy.,Moyen,2026-08-04
12776,Raclette de Savoie (fromage),Beta-Carotène_µg_100g,,33.0,µg,"USDA FoodData Central (SR Legacy) — Cheese, gruyere",,Raclette de Savoie ; même proxy.,Moyen,2026-08-04
12045,Reblochon,Vitamine_E_mg_100g,,0.23,mg,"USDA FoodData Central (SR Legacy) — Cheese, limburger",,Reblochon (pâte molle croûte lavée) ; proxy limburger.,Moyen,2026-08-04
12045,Reblochon,Vitamine_K1_µg_100g,,2.3,µg,"USDA FoodData Central (SR Legacy) — Cheese, limburger",,Reblochon (pâte molle croûte lavée) ; proxy limburger.,Moyen,2026-08-04
12045,Reblochon,Vitamine_D_µg_100g,,0.5,µg,"USDA FoodData Central (SR Legacy) — Cheese, limburger",,Reblochon (pâte molle croûte lavée) ; proxy limburger.,Moyen,2026-08-04
12045,Reblochon,Vitamine_B12_µg_100g,,1.04,µg,"USDA FoodData Central (SR Legacy) — Cheese, limburger",,Reblochon (pâte molle croûte lavée) ; proxy limburger.,Moyen,2026-08-04
12045,Reblochon,Beta-Carotène_µg_100g,,15.0,µg,"USDA FoodData Central (SR Legacy) — Cheese, limburger",,Reblochon (pâte molle croûte lavée) ; proxy limburger.,Moyen,2026-08-04
12847,Rocamadour (fromage de chèvre),Vitamine_E_mg_100g,,0.18,mg,"USDA FoodData Central (SR Legacy) — Cheese, goat, soft type",,"Correspondance exacte : rocamadour, fromage de chèvre pâte molle.",Élevé,2026-08-04
12847,Rocamadour (fromage de chèvre),Vitamine_K1_µg_100g,,1.8,µg,"USDA FoodData Central (SR Legacy) — Cheese, goat, soft type",,"Correspondance exacte : rocamadour, fromage de chèvre pâte molle.",Élevé,2026-08-04
12847,Rocamadour (fromage de chèvre),Vitamine_B12_µg_100g,,0.19,µg,"USDA FoodData Central (SR Legacy) — Cheese, goat, soft type",,"Correspondance exacte : rocamadour, fromage de chèvre pâte molle.",Élevé,2026-08-04
12052,Saint-Félicien,Vitamine_E_mg_100g,,0.26,mg,"USDA FoodData Central (SR Legacy) — Cheese, muenster",,Saint-Félicien (pâte molle crémeuse) ; proxy muenster.,Moyen,2026-08-04
12049,Saint-Marcellin,Vitamine_E_mg_100g,,0.26,mg,"USDA FoodData Central (SR Legacy) — Cheese, muenster",,Saint-Marcellin (pâte molle) ; proxy muenster.,Moyen,2026-08-04
12751,"Saint-Nectaire, fermier",Vitamine_E_mg_100g,,0.24,mg,"USDA FoodData Central (SR Legacy) — Cheese, gouda",,Saint-Nectaire fermier (pâte pressée non cuite) ; proxy gouda.,Moyen,2026-08-04
12751,"Saint-Nectaire, fermier",Vitamine_K1_µg_100g,,2.3,µg,"USDA FoodData Central (SR Legacy) — Cheese, gouda",,Saint-Nectaire fermier (pâte pressée non cuite) ; proxy gouda.,Moyen,2026-08-04
12751,"Saint-Nectaire, fermier",Vitamine_B9_µg_100g,,21.0,µg,"USDA FoodData Central (SR Legacy) — Cheese, gouda",,Saint-Nectaire fermier (pâte pressée non cuite) ; proxy gouda.,Moyen,2026-08-04
12751,"Saint-Nectaire, fermier",Vitamine_D_µg_100g,,0.5,µg,"USDA FoodData Central (SR Legacy) — Cheese, gouda",,Saint-Nectaire fermier (pâte pressée non cuite) ; proxy gouda.,Moyen,2026-08-04
12751,"Saint-Nectaire, fermier",Vitamine_B12_µg_100g,,1.54,µg,"USDA FoodData Central (SR Legacy) — Cheese, gouda",,Saint-Nectaire fermier (pâte pressée non cuite) ; proxy gouda.,Moyen,2026-08-04
12751,"Saint-Nectaire, fermier",Sélénium_µg_100g,,14.5,µg,"USDA FoodData Central (SR Legacy) — Cheese, gouda",,Saint-Nectaire fermier (pâte pressée non cuite) ; proxy gouda.,Moyen,2026-08-04
12751,"Saint-Nectaire, fermier",Beta-Carotène_µg_100g,,10.0,µg,"USDA FoodData Central (SR Legacy) — Cheese, gouda",,Saint-Nectaire fermier (pâte pressée non cuite) ; proxy gouda.,Moyen,2026-08-04
12748,"Saint-Nectaire, laitier",Vitamine_E_mg_100g,,0.24,mg,"USDA FoodData Central (SR Legacy) — Cheese, gouda",,Saint-Nectaire laitier ; même proxy.,Moyen,2026-08-04
12748,"Saint-Nectaire, laitier",Vitamine_K1_µg_100g,,2.3,µg,"USDA FoodData Central (SR Legacy) — Cheese, gouda",,Saint-Nectaire laitier ; même proxy.,Moyen,2026-08-04
12748,"Saint-Nectaire, laitier",Vitamine_B9_µg_100g,,21.0,µg,"USDA FoodData Central (SR Legacy) — Cheese, gouda",,Saint-Nectaire laitier ; même proxy.,Moyen,2026-08-04
12748,"Saint-Nectaire, laitier",Vitamine_D_µg_100g,,0.5,µg,"USDA FoodData Central (SR Legacy) — Cheese, gouda",,Saint-Nectaire laitier ; même proxy.,Moyen,2026-08-04
12748,"Saint-Nectaire, laitier",Vitamine_B12_µg_100g,,1.54,µg,"USDA FoodData Central (SR Legacy) — Cheese, gouda",,Saint-Nectaire laitier ; même proxy.,Moyen,2026-08-04
12748,"Saint-Nectaire, laitier",Sélénium_µg_100g,,14.5,µg,"USDA FoodData Central (SR Legacy) — Cheese, gouda",,Saint-Nectaire laitier ; même proxy.,Moyen,2026-08-04
12748,"Saint-Nectaire, laitier",Beta-Carotène_µg_100g,,10.0,µg,"USDA FoodData Central (SR Legacy) — Cheese, gouda",,Saint-Nectaire laitier ; même proxy.,Moyen,2026-08-04
12752,"Saint-Nectaire, sans précision",Vitamine_E_mg_100g,,0.24,mg,"USDA FoodData Central (SR Legacy) — Cheese, gouda",,"Saint-Nectaire, sans précision ; même proxy.",Moyen,2026-08-04
12752,"Saint-Nectaire, sans précision",Vitamine_K1_µg_100g,,2.3,µg,"USDA FoodData Central (SR Legacy) — Cheese, gouda",,"Saint-Nectaire, sans précision ; même proxy.",Moyen,2026-08-04
12752,"Saint-Nectaire, sans précision",Vitamine_B9_µg_100g,,21.0,µg,"USDA FoodData Central (SR Legacy) — Cheese, gouda",,"Saint-Nectaire, sans précision ; même proxy.",Moyen,2026-08-04
12752,"Saint-Nectaire, sans précision",Vitamine_D_µg_100g,,0.5,µg,"USDA FoodData Central (SR Legacy) — Cheese, gouda",,"Saint-Nectaire, sans précision ; même proxy.",Moyen,2026-08-04
12752,"Saint-Nectaire, sans précision",Beta-Carotène_µg_100g,,10.0,µg,"USDA FoodData Central (SR Legacy) — Cheese, gouda",,"Saint-Nectaire, sans précision ; même proxy.",Moyen,2026-08-04
12755,Saint-Paulin (fromage à pâte pressée non cuite demi-ferme),Vitamine_E_mg_100g,,0.24,mg,"USDA FoodData Central (SR Legacy) — Cheese, port de salut",,"Correspondance directe : Saint-Paulin = ""port de salut"" (même famille de pâte pressée non cuite demi-ferme, origine commune).",Élevé,2026-08-04
12755,Saint-Paulin (fromage à pâte pressée non cuite demi-ferme),Beta-Carotène_µg_100g,,29.0,µg,"USDA FoodData Central (SR Legacy) — Cheese, port de salut",,"Correspondance directe : Saint-Paulin = ""port de salut"" (même famille de pâte pressée non cuite demi-ferme, origine commune).",Élevé,2026-08-04
12807,Sainte-Maure de Touraine (fromage de chèvre),Vitamine_E_mg_100g,,0.18,mg,"USDA FoodData Central (SR Legacy) — Cheese, goat, soft type",,"Correspondance exacte : sainte-Maure de Touraine, fromage de chèvre pâte molle.",Élevé,2026-08-04
12807,Sainte-Maure de Touraine (fromage de chèvre),Vitamine_K1_µg_100g,,1.8,µg,"USDA FoodData Central (SR Legacy) — Cheese, goat, soft type",,"Correspondance exacte : sainte-Maure de Touraine, fromage de chèvre pâte molle.",Élevé,2026-08-04
12807,Sainte-Maure de Touraine (fromage de chèvre),Vitamine_B12_µg_100g,,0.19,µg,"USDA FoodData Central (SR Legacy) — Cheese, goat, soft type",,"Correspondance exacte : sainte-Maure de Touraine, fromage de chèvre pâte molle.",Élevé,2026-08-04
12807,Sainte-Maure de Touraine (fromage de chèvre),Beta-Carotène_µg_100g,,54.0,µg,"USDA FoodData Central (SR Legacy) — Cheese, goat, soft type",,"Correspondance exacte : sainte-Maure de Touraine, fromage de chèvre pâte molle.",Élevé,2026-08-04
12725,Salers,Vitamine_E_mg_100g,,0.78,mg,"USDA FoodData Central (SR Legacy) — Cheese, cheddar, sharp, sliced",,Salers (pâte pressée non cuite type cantal) ; proxy cheddar.,Moyen,2026-08-04
12302,Spécialité fromagère fondue aromatisée en cubes pour l’apéritif (cubes de fromage fondu au lait de vache),Vitamine_E_mg_100g,,0.19,mg,"USDA FoodData Central (SR Legacy) — Cheese spread, pasteurized process, American",,Spécialité fromagère fondue en cubes pour apéritif ; proxy fromage fondu américain.,Moyen,2026-08-04
12302,Spécialité fromagère fondue aromatisée en cubes pour l’apéritif (cubes de fromage fondu au lait de vache),Vitamine_B9_µg_100g,,7.0,µg,"USDA FoodData Central (SR Legacy) — Cheese spread, pasteurized process, American",,Spécialité fromagère fondue en cubes pour apéritif ; proxy fromage fondu américain.,Moyen,2026-08-04
12054,"Spécialité fromagère non affinée en coque, enrichie en vitamines",Vitamine_E_mg_100g,,0.86,mg,"USDA FoodData Central (SR Legacy) — Cheese, cream",,"Spécialité fromagère non affinée en coque, enrichie en vitamines ; proxy cream cheese.",Moyen,2026-08-04
12054,"Spécialité fromagère non affinée en coque, enrichie en vitamines",Vitamine_K1_µg_100g,,2.1,µg,"USDA FoodData Central (SR Legacy) — Cheese, cream",,"Spécialité fromagère non affinée en coque, enrichie en vitamines ; proxy cream cheese.",Moyen,2026-08-04
12054,"Spécialité fromagère non affinée en coque, enrichie en vitamines",Vitamine_B9_µg_100g,,9.0,µg,"USDA FoodData Central (SR Legacy) — Cheese, cream",,"Spécialité fromagère non affinée en coque, enrichie en vitamines ; proxy cream cheese.",Moyen,2026-08-04
12054,"Spécialité fromagère non affinée en coque, enrichie en vitamines",Vitamine_B12_µg_100g,,0.22,µg,"USDA FoodData Central (SR Legacy) — Cheese, cream",,"Spécialité fromagère non affinée en coque, enrichie en vitamines ; proxy cream cheese.",Moyen,2026-08-04
12054,"Spécialité fromagère non affinée en coque, enrichie en vitamines",Sélénium_µg_100g,,8.6,µg,"USDA FoodData Central (SR Legacy) — Cheese, cream",,"Spécialité fromagère non affinée en coque, enrichie en vitamines ; proxy cream cheese.",Moyen,2026-08-04
12054,"Spécialité fromagère non affinée en coque, enrichie en vitamines",Beta-Carotène_µg_100g,,59.0,µg,"USDA FoodData Central (SR Legacy) — Cheese, cream",,"Spécialité fromagère non affinée en coque, enrichie en vitamines ; proxy cream cheese.",Moyen,2026-08-04
12764,Tête de moine,Vitamine_E_mg_100g,,0.28,mg,"USDA FoodData Central (SR Legacy) — Cheese, gruyere",,Tête de moine (pâte mi-dure type gruyère) ; proxy gruyère.,Moyen,2026-08-04
12764,Tête de moine,Vitamine_K1_µg_100g,,2.7,µg,"USDA FoodData Central (SR Legacy) — Cheese, gruyere",,Tête de moine (pâte mi-dure type gruyère) ; proxy gruyère.,Moyen,2026-08-04
12764,Tête de moine,Vitamine_B9_µg_100g,,10.0,µg,"USDA FoodData Central (SR Legacy) — Cheese, gruyere",,Tête de moine (pâte mi-dure type gruyère) ; proxy gruyère.,Moyen,2026-08-04
12764,Tête de moine,Vitamine_D_µg_100g,,0.6,µg,"USDA FoodData Central (SR Legacy) — Cheese, gruyere",,Tête de moine (pâte mi-dure type gruyère) ; proxy gruyère.,Moyen,2026-08-04
12764,Tête de moine,Vitamine_B12_µg_100g,,1.6,µg,"USDA FoodData Central (SR Legacy) — Cheese, gruyere",,Tête de moine (pâte mi-dure type gruyère) ; proxy gruyère.,Moyen,2026-08-04
12764,Tête de moine,Sélénium_µg_100g,,14.5,µg,"USDA FoodData Central (SR Legacy) — Cheese, gruyere",,Tête de moine (pâte mi-dure type gruyère) ; proxy gruyère.,Moyen,2026-08-04
12764,Tête de moine,Beta-Carotène_µg_100g,,33.0,µg,"USDA FoodData Central (SR Legacy) — Cheese, gruyere",,Tête de moine (pâte mi-dure type gruyère) ; proxy gruyère.,Moyen,2026-08-04
12763,Tome des Bauges,Vitamine_E_mg_100g,,0.28,mg,"USDA FoodData Central (SR Legacy) — Cheese, gruyere",,Tomme des Bauges (pâte pressée non cuite alpine) ; proxy gruyère (famille alpine la plus proche pour la teneur en vitamines liposolubles).,Moyen,2026-08-04
12763,Tome des Bauges,Vitamine_K1_µg_100g,,2.7,µg,"USDA FoodData Central (SR Legacy) — Cheese, gruyere",,Tomme des Bauges (pâte pressée non cuite alpine) ; proxy gruyère (famille alpine la plus proche pour la teneur en vitamines liposolubles).,Moyen,2026-08-04
12763,Tome des Bauges,Vitamine_B9_µg_100g,,10.0,µg,"USDA FoodData Central (SR Legacy) — Cheese, gruyere",,Tomme des Bauges (pâte pressée non cuite alpine) ; proxy gruyère (famille alpine la plus proche pour la teneur en vitamines liposolubles).,Moyen,2026-08-04
12763,Tome des Bauges,Vitamine_D_µg_100g,,0.6,µg,"USDA FoodData Central (SR Legacy) — Cheese, gruyere",,Tomme des Bauges (pâte pressée non cuite alpine) ; proxy gruyère (famille alpine la plus proche pour la teneur en vitamines liposolubles).,Moyen,2026-08-04
12763,Tome des Bauges,Vitamine_B12_µg_100g,,1.6,µg,"USDA FoodData Central (SR Legacy) — Cheese, gruyere",,Tomme des Bauges (pâte pressée non cuite alpine) ; proxy gruyère (famille alpine la plus proche pour la teneur en vitamines liposolubles).,Moyen,2026-08-04
12763,Tome des Bauges,Sélénium_µg_100g,,14.5,µg,"USDA FoodData Central (SR Legacy) — Cheese, gruyere",,Tomme des Bauges (pâte pressée non cuite alpine) ; proxy gruyère (famille alpine la plus proche pour la teneur en vitamines liposolubles).,Moyen,2026-08-04
12763,Tome des Bauges,Beta-Carotène_µg_100g,,33.0,µg,"USDA FoodData Central (SR Legacy) — Cheese, gruyere",,Tomme des Bauges (pâte pressée non cuite alpine) ; proxy gruyère (famille alpine la plus proche pour la teneur en vitamines liposolubles).,Moyen,2026-08-04
12771,Tomme ou tome de Savoie,Vitamine_E_mg_100g,,0.24,mg,"USDA FoodData Central (SR Legacy) — Cheese, gouda",,Tomme/tome de Savoie (pâte pressée non cuite) ; proxy gouda.,Moyen,2026-08-04
12758,Tomme ou tome de vache,Vitamine_E_mg_100g,,0.24,mg,"USDA FoodData Central (SR Legacy) — Cheese, gouda",,Tomme/tome de vache ; même proxy.,Moyen,2026-08-04
12758,Tomme ou tome de vache,Vitamine_K1_µg_100g,,2.3,µg,"USDA FoodData Central (SR Legacy) — Cheese, gouda",,Tomme/tome de vache ; même proxy.,Moyen,2026-08-04
12758,Tomme ou tome de vache,Vitamine_B9_µg_100g,,21.0,µg,"USDA FoodData Central (SR Legacy) — Cheese, gouda",,Tomme/tome de vache ; même proxy.,Moyen,2026-08-04
12758,Tomme ou tome de vache,Vitamine_D_µg_100g,,0.5,µg,"USDA FoodData Central (SR Legacy) — Cheese, gouda",,Tomme/tome de vache ; même proxy.,Moyen,2026-08-04
12758,Tomme ou tome de vache,Vitamine_B12_µg_100g,,1.54,µg,"USDA FoodData Central (SR Legacy) — Cheese, gouda",,Tomme/tome de vache ; même proxy.,Moyen,2026-08-04
12758,Tomme ou tome de vache,Beta-Carotène_µg_100g,,10.0,µg,"USDA FoodData Central (SR Legacy) — Cheese, gouda",,Tomme/tome de vache ; même proxy.,Moyen,2026-08-04
12773,Tomme ou tome des Pyrénées,Vitamine_E_mg_100g,,0.24,mg,"USDA FoodData Central (SR Legacy) — Cheese, gouda",,Tomme/tome des Pyrénées ; même proxy.,Moyen,2026-08-04
12773,Tomme ou tome des Pyrénées,Vitamine_K1_µg_100g,,2.3,µg,"USDA FoodData Central (SR Legacy) — Cheese, gouda",,Tomme/tome des Pyrénées ; même proxy.,Moyen,2026-08-04
12773,Tomme ou tome des Pyrénées,Vitamine_B9_µg_100g,,21.0,µg,"USDA FoodData Central (SR Legacy) — Cheese, gouda",,Tomme/tome des Pyrénées ; même proxy.,Moyen,2026-08-04
12773,Tomme ou tome des Pyrénées,Vitamine_D_µg_100g,,0.5,µg,"USDA FoodData Central (SR Legacy) — Cheese, gouda",,Tomme/tome des Pyrénées ; même proxy.,Moyen,2026-08-04
12773,Tomme ou tome des Pyrénées,Vitamine_B12_µg_100g,,1.54,µg,"USDA FoodData Central (SR Legacy) — Cheese, gouda",,Tomme/tome des Pyrénées ; même proxy.,Moyen,2026-08-04
12773,Tomme ou tome des Pyrénées,Sélénium_µg_100g,,14.5,µg,"USDA FoodData Central (SR Legacy) — Cheese, gouda",,Tomme/tome des Pyrénées ; même proxy.,Moyen,2026-08-04
12773,Tomme ou tome des Pyrénées,Beta-Carotène_µg_100g,,10.0,µg,"USDA FoodData Central (SR Legacy) — Cheese, gouda",,Tomme/tome des Pyrénées ; même proxy.,Moyen,2026-08-04
12760,"Tomme ou tome, allégée en matière grasse",Vitamine_E_mg_100g,,0.24,mg,"USDA FoodData Central (SR Legacy) — Cheese, gouda",,Tomme/tome allégée ; même proxy (allègement non distingué).,Moyen,2026-08-04
12760,"Tomme ou tome, allégée en matière grasse",Vitamine_K1_µg_100g,,2.3,µg,"USDA FoodData Central (SR Legacy) — Cheese, gouda",,Tomme/tome allégée ; même proxy (allègement non distingué).,Moyen,2026-08-04
12760,"Tomme ou tome, allégée en matière grasse",Vitamine_B9_µg_100g,,21.0,µg,"USDA FoodData Central (SR Legacy) — Cheese, gouda",,Tomme/tome allégée ; même proxy (allègement non distingué).,Moyen,2026-08-04
12760,"Tomme ou tome, allégée en matière grasse",Vitamine_D_µg_100g,,0.5,µg,"USDA FoodData Central (SR Legacy) — Cheese, gouda",,Tomme/tome allégée ; même proxy (allègement non distingué).,Moyen,2026-08-04
12760,"Tomme ou tome, allégée en matière grasse",Vitamine_B12_µg_100g,,1.54,µg,"USDA FoodData Central (SR Legacy) — Cheese, gouda",,Tomme/tome allégée ; même proxy (allègement non distingué).,Moyen,2026-08-04
12760,"Tomme ou tome, allégée en matière grasse",Sélénium_µg_100g,,14.5,µg,"USDA FoodData Central (SR Legacy) — Cheese, gouda",,Tomme/tome allégée ; même proxy (allègement non distingué).,Moyen,2026-08-04
12760,"Tomme ou tome, allégée en matière grasse",Beta-Carotène_µg_100g,,10.0,µg,"USDA FoodData Central (SR Legacy) — Cheese, gouda",,Tomme/tome allégée ; même proxy (allègement non distingué).,Moyen,2026-08-04
12848,Valençay (fromage de chèvre),Vitamine_E_mg_100g,,0.18,mg,"USDA FoodData Central (SR Legacy) — Cheese, goat, soft type",,"Correspondance exacte : valençay, fromage de chèvre pâte molle.",Élevé,2026-08-04
12848,Valençay (fromage de chèvre),Vitamine_K1_µg_100g,,1.8,µg,"USDA FoodData Central (SR Legacy) — Cheese, goat, soft type",,"Correspondance exacte : valençay, fromage de chèvre pâte molle.",Élevé,2026-08-04
12848,Valençay (fromage de chèvre),Vitamine_B12_µg_100g,,0.19,µg,"USDA FoodData Central (SR Legacy) — Cheese, goat, soft type",,"Correspondance exacte : valençay, fromage de chèvre pâte molle.",Élevé,2026-08-04
12848,Valençay (fromage de chèvre),Beta-Carotène_µg_100g,,54.0,µg,"USDA FoodData Central (SR Legacy) — Cheese, goat, soft type",,"Correspondance exacte : valençay, fromage de chèvre pâte molle.",Élevé,2026-08-04
19120,"Boisson lactée aromatisée (sans précision sur l'arôme), sucrée, au lait partiellement écrémé, enrichie et/ou restaurée en vitamine(s) et/ou minéraux (aliment moyen)",Vitamine_E_mg_100g,,0.03,mg,"USDA FoodData Central (SR Legacy) — Milk, reduced fat, fluid, 2% milkfat, with added vitamin A and vitamin D",,"Boisson lactée aromatisée sucrée, lait partiellement écrémé, enrichie (aliment moyen) ; proxy lait demi-écrémé (arôme, sucre et enrichissement non reflétés par l'USDA).",Moyen,2026-08-04
19120,"Boisson lactée aromatisée (sans précision sur l'arôme), sucrée, au lait partiellement écrémé, enrichie et/ou restaurée en vitamine(s) et/ou minéraux (aliment moyen)",Vitamine_K1_µg_100g,,0.2,µg,"USDA FoodData Central (SR Legacy) — Milk, reduced fat, fluid, 2% milkfat, with added vitamin A and vitamin D",,"Boisson lactée aromatisée sucrée, lait partiellement écrémé, enrichie (aliment moyen) ; proxy lait demi-écrémé (arôme, sucre et enrichissement non reflétés par l'USDA).",Moyen,2026-08-04
19127,"Boisson lactée aromatisée à la fraise, sucrée, au lait partiellement écrémé, enrichie en vitamine D",Vitamine_E_mg_100g,,0.03,mg,"USDA FoodData Central (SR Legacy) — Milk, reduced fat, fluid, 2% milkfat, with added vitamin A and vitamin D",,Boisson lactée fraise sucrée enrichie vitamine D ; même proxy.,Moyen,2026-08-04
19127,"Boisson lactée aromatisée à la fraise, sucrée, au lait partiellement écrémé, enrichie en vitamine D",Vitamine_K1_µg_100g,,0.2,µg,"USDA FoodData Central (SR Legacy) — Milk, reduced fat, fluid, 2% milkfat, with added vitamin A and vitamin D",,Boisson lactée fraise sucrée enrichie vitamine D ; même proxy.,Moyen,2026-08-04
19116,"Boisson lactée aromatisée au café, sucrée, au lait partiellement écrémé, enrichie en vitamine(s) et/ou minéraux",Vitamine_E_mg_100g,,0.03,mg,"USDA FoodData Central (SR Legacy) — Milk, reduced fat, fluid, 2% milkfat, with added vitamin A and vitamin D",,Boisson lactée café sucrée enrichie ; même proxy.,Moyen,2026-08-04
19116,"Boisson lactée aromatisée au café, sucrée, au lait partiellement écrémé, enrichie en vitamine(s) et/ou minéraux",Vitamine_K1_µg_100g,,0.2,µg,"USDA FoodData Central (SR Legacy) — Milk, reduced fat, fluid, 2% milkfat, with added vitamin A and vitamin D",,Boisson lactée café sucrée enrichie ; même proxy.,Moyen,2026-08-04
19116,"Boisson lactée aromatisée au café, sucrée, au lait partiellement écrémé, enrichie en vitamine(s) et/ou minéraux",Vitamine_B9_µg_100g,,5.0,µg,"USDA FoodData Central (SR Legacy) — Milk, reduced fat, fluid, 2% milkfat, with added vitamin A and vitamin D",,Boisson lactée café sucrée enrichie ; même proxy.,Moyen,2026-08-04
19116,"Boisson lactée aromatisée au café, sucrée, au lait partiellement écrémé, enrichie en vitamine(s) et/ou minéraux",Vitamine_D_µg_100g,,1.2,µg,"USDA FoodData Central (SR Legacy) — Milk, reduced fat, fluid, 2% milkfat, with added vitamin A and vitamin D",,Boisson lactée café sucrée enrichie ; même proxy.,Moyen,2026-08-04
19116,"Boisson lactée aromatisée au café, sucrée, au lait partiellement écrémé, enrichie en vitamine(s) et/ou minéraux",Vitamine_B12_µg_100g,,0.53,µg,"USDA FoodData Central (SR Legacy) — Milk, reduced fat, fluid, 2% milkfat, with added vitamin A and vitamin D",,Boisson lactée café sucrée enrichie ; même proxy.,Moyen,2026-08-04
19116,"Boisson lactée aromatisée au café, sucrée, au lait partiellement écrémé, enrichie en vitamine(s) et/ou minéraux",Sélénium_µg_100g,,2.5,µg,"USDA FoodData Central (SR Legacy) — Milk, reduced fat, fluid, 2% milkfat, with added vitamin A and vitamin D",,Boisson lactée café sucrée enrichie ; même proxy.,Moyen,2026-08-04
19116,"Boisson lactée aromatisée au café, sucrée, au lait partiellement écrémé, enrichie en vitamine(s) et/ou minéraux",Beta-Carotène_µg_100g,,4.0,µg,"USDA FoodData Central (SR Legacy) — Milk, reduced fat, fluid, 2% milkfat, with added vitamin A and vitamin D",,Boisson lactée café sucrée enrichie ; même proxy.,Moyen,2026-08-04
19117,"Boisson lactée aromatisée au café, sucrée, au lait partiellement écrémé, non enrichie",Vitamine_E_mg_100g,,0.03,mg,"USDA FoodData Central (SR Legacy) — Milk, reduced fat, fluid, 2% milkfat, with added vitamin A and vitamin D",,Boisson lactée café sucrée non enrichie ; même proxy.,Moyen,2026-08-04
19117,"Boisson lactée aromatisée au café, sucrée, au lait partiellement écrémé, non enrichie",Vitamine_K1_µg_100g,,0.2,µg,"USDA FoodData Central (SR Legacy) — Milk, reduced fat, fluid, 2% milkfat, with added vitamin A and vitamin D",,Boisson lactée café sucrée non enrichie ; même proxy.,Moyen,2026-08-04
19117,"Boisson lactée aromatisée au café, sucrée, au lait partiellement écrémé, non enrichie",Vitamine_B9_µg_100g,,5.0,µg,"USDA FoodData Central (SR Legacy) — Milk, reduced fat, fluid, 2% milkfat, with added vitamin A and vitamin D",,Boisson lactée café sucrée non enrichie ; même proxy.,Moyen,2026-08-04
19117,"Boisson lactée aromatisée au café, sucrée, au lait partiellement écrémé, non enrichie",Vitamine_D_µg_100g,,1.2,µg,"USDA FoodData Central (SR Legacy) — Milk, reduced fat, fluid, 2% milkfat, with added vitamin A and vitamin D",,Boisson lactée café sucrée non enrichie ; même proxy.,Moyen,2026-08-04
19117,"Boisson lactée aromatisée au café, sucrée, au lait partiellement écrémé, non enrichie",Vitamine_B12_µg_100g,,0.53,µg,"USDA FoodData Central (SR Legacy) — Milk, reduced fat, fluid, 2% milkfat, with added vitamin A and vitamin D",,Boisson lactée café sucrée non enrichie ; même proxy.,Moyen,2026-08-04
19117,"Boisson lactée aromatisée au café, sucrée, au lait partiellement écrémé, non enrichie",Sélénium_µg_100g,,2.5,µg,"USDA FoodData Central (SR Legacy) — Milk, reduced fat, fluid, 2% milkfat, with added vitamin A and vitamin D",,Boisson lactée café sucrée non enrichie ; même proxy.,Moyen,2026-08-04
19117,"Boisson lactée aromatisée au café, sucrée, au lait partiellement écrémé, non enrichie",Beta-Carotène_µg_100g,,4.0,µg,"USDA FoodData Central (SR Legacy) — Milk, reduced fat, fluid, 2% milkfat, with added vitamin A and vitamin D",,Boisson lactée café sucrée non enrichie ; même proxy.,Moyen,2026-08-04
19118,"Boisson lactée aromatisée au chocolat, sucrée, au lait partiellement écrémé, non enrichie",Vitamine_E_mg_100g,,0.03,mg,"USDA FoodData Central (SR Legacy) — Milk, reduced fat, fluid, 2% milkfat, with added vitamin A and vitamin D",,Boisson lactée chocolat sucrée non enrichie ; même proxy.,Moyen,2026-08-04
19118,"Boisson lactée aromatisée au chocolat, sucrée, au lait partiellement écrémé, non enrichie",Vitamine_K1_µg_100g,,0.2,µg,"USDA FoodData Central (SR Legacy) — Milk, reduced fat, fluid, 2% milkfat, with added vitamin A and vitamin D",,Boisson lactée chocolat sucrée non enrichie ; même proxy.,Moyen,2026-08-04
19118,"Boisson lactée aromatisée au chocolat, sucrée, au lait partiellement écrémé, non enrichie",Beta-Carotène_µg_100g,,4.0,µg,"USDA FoodData Central (SR Legacy) — Milk, reduced fat, fluid, 2% milkfat, with added vitamin A and vitamin D",,Boisson lactée chocolat sucrée non enrichie ; même proxy.,Moyen,2026-08-04
19436,"Crème 12 à 20% MG, légère, fluide, rayon frais",Vitamine_E_mg_100g,,0.12,mg,"USDA FoodData Central (SR Legacy) — Cream, fluid, light (coffee cream or table cream)",,"Crème légère 12-20% MG fluide ; proxy ""light cream"" (~18% MG, gamme la plus proche chez l'USDA).",Moyen,2026-08-04
19436,"Crème 12 à 20% MG, légère, fluide, rayon frais",Vitamine_K1_µg_100g,,1.7,µg,"USDA FoodData Central (SR Legacy) — Cream, fluid, light (coffee cream or table cream)",,"Crème légère 12-20% MG fluide ; proxy ""light cream"" (~18% MG, gamme la plus proche chez l'USDA).",Moyen,2026-08-04
19436,"Crème 12 à 20% MG, légère, fluide, rayon frais",Vitamine_B9_µg_100g,,2.0,µg,"USDA FoodData Central (SR Legacy) — Cream, fluid, light (coffee cream or table cream)",,"Crème légère 12-20% MG fluide ; proxy ""light cream"" (~18% MG, gamme la plus proche chez l'USDA).",Moyen,2026-08-04
19436,"Crème 12 à 20% MG, légère, fluide, rayon frais",Vitamine_D_µg_100g,,1.1,µg,"USDA FoodData Central (SR Legacy) — Cream, fluid, light (coffee cream or table cream)",,"Crème légère 12-20% MG fluide ; proxy ""light cream"" (~18% MG, gamme la plus proche chez l'USDA).",Moyen,2026-08-04
19436,"Crème 12 à 20% MG, légère, fluide, rayon frais",Vitamine_B12_µg_100g,,0.14,µg,"USDA FoodData Central (SR Legacy) — Cream, fluid, light (coffee cream or table cream)",,"Crème légère 12-20% MG fluide ; proxy ""light cream"" (~18% MG, gamme la plus proche chez l'USDA).",Moyen,2026-08-04
19436,"Crème 12 à 20% MG, légère, fluide, rayon frais",Sélénium_µg_100g,,4.6,µg,"USDA FoodData Central (SR Legacy) — Cream, fluid, light (coffee cream or table cream)",,"Crème légère 12-20% MG fluide ; proxy ""light cream"" (~18% MG, gamme la plus proche chez l'USDA).",Moyen,2026-08-04
19436,"Crème 12 à 20% MG, légère, fluide, rayon frais",Beta-Carotène_µg_100g,,37.0,µg,"USDA FoodData Central (SR Legacy) — Cream, fluid, light (coffee cream or table cream)",,"Crème légère 12-20% MG fluide ; proxy ""light cream"" (~18% MG, gamme la plus proche chez l'USDA).",Moyen,2026-08-04
19431,"Crème 12 à 25% MG, légère, épaisse, rayon frais",Vitamine_E_mg_100g,,0.12,mg,"USDA FoodData Central (SR Legacy) — Cream, fluid, light (coffee cream or table cream)",,Crème légère 12-25% MG épaisse ; même proxy.,Moyen,2026-08-04
19431,"Crème 12 à 25% MG, légère, épaisse, rayon frais",Vitamine_B9_µg_100g,,2.0,µg,"USDA FoodData Central (SR Legacy) — Cream, fluid, light (coffee cream or table cream)",,Crème légère 12-25% MG épaisse ; même proxy.,Moyen,2026-08-04
19430,"Crème 12 à 25% MG, légère, semi-épaisse, UHT",Vitamine_E_mg_100g,,0.12,mg,"USDA FoodData Central (SR Legacy) — Cream, fluid, light (coffee cream or table cream)",,Crème légère 12-25% MG semi-épaisse UHT ; même proxy.,Moyen,2026-08-04
19430,"Crème 12 à 25% MG, légère, semi-épaisse, UHT",Vitamine_B9_µg_100g,,2.0,µg,"USDA FoodData Central (SR Legacy) — Cream, fluid, light (coffee cream or table cream)",,Crème légère 12-25% MG semi-épaisse UHT ; même proxy.,Moyen,2026-08-04
19410,"Crème 30% MG, épaisse, rayon frais",Vitamine_E_mg_100g,,0.92,mg,"USDA FoodData Central (SR Legacy) — Cream, fluid, heavy whipping",,"Crème 30% MG épaisse ; proxy ""heavy whipping cream"" (catégorie de crème entière la plus proche).",Moyen,2026-08-04
19410,"Crème 30% MG, épaisse, rayon frais",Vitamine_B9_µg_100g,,4.0,µg,"USDA FoodData Central (SR Legacy) — Cream, fluid, heavy whipping",,"Crème 30% MG épaisse ; proxy ""heavy whipping cream"" (catégorie de crème entière la plus proche).",Moyen,2026-08-04
19417,"Crème 30% MG, fluide, UHT",Vitamine_E_mg_100g,,0.92,mg,"USDA FoodData Central (SR Legacy) — Cream, fluid, heavy whipping",,Crème 30% MG fluide UHT ; même proxy.,Moyen,2026-08-04
19417,"Crème 30% MG, fluide, UHT",Vitamine_K1_µg_100g,,3.2,µg,"USDA FoodData Central (SR Legacy) — Cream, fluid, heavy whipping",,Crème 30% MG fluide UHT ; même proxy.,Moyen,2026-08-04
19417,"Crème 30% MG, fluide, UHT",Vitamine_B9_µg_100g,,4.0,µg,"USDA FoodData Central (SR Legacy) — Cream, fluid, heavy whipping",,Crème 30% MG fluide UHT ; même proxy.,Moyen,2026-08-04
19415,"Crème 30% MG, semi-épaisse, UHT",Vitamine_E_mg_100g,,0.92,mg,"USDA FoodData Central (SR Legacy) — Cream, fluid, heavy whipping",,Crème 30% MG semi-épaisse UHT ; même proxy.,Moyen,2026-08-04
19420,"Crème chantilly, sous pression, UHT",Vitamine_E_mg_100g,,0.64,mg,"USDA FoodData Central (SR Legacy) — Cream, whipped, cream topping, pressurized",,"Correspondance exacte : crème chantilly sous pression = ""whipped cream topping, pressurized"".",Élevé,2026-08-04
19420,"Crème chantilly, sous pression, UHT",Sélénium_µg_100g,,1.4,µg,"USDA FoodData Central (SR Legacy) — Cream, whipped, cream topping, pressurized",,"Correspondance exacte : crème chantilly sous pression = ""whipped cream topping, pressurized"".",Élevé,2026-08-04
19411,"Crème d'Isigny, >= 35% MG",Vitamine_E_mg_100g,,0.92,mg,"USDA FoodData Central (SR Legacy) — Cream, fluid, heavy whipping",,"Crème d'Isigny >=35% MG ; correspondance de gamme avec ""heavy whipping cream"".",Élevé,2026-08-04
19411,"Crème d'Isigny, >= 35% MG",Vitamine_K1_µg_100g,,3.2,µg,"USDA FoodData Central (SR Legacy) — Cream, fluid, heavy whipping",,"Crème d'Isigny >=35% MG ; correspondance de gamme avec ""heavy whipping cream"".",Élevé,2026-08-04
19411,"Crème d'Isigny, >= 35% MG",Vitamine_B9_µg_100g,,4.0,µg,"USDA FoodData Central (SR Legacy) — Cream, fluid, heavy whipping",,"Crème d'Isigny >=35% MG ; correspondance de gamme avec ""heavy whipping cream"".",Élevé,2026-08-04
19411,"Crème d'Isigny, >= 35% MG",Vitamine_D_µg_100g,,1.6,µg,"USDA FoodData Central (SR Legacy) — Cream, fluid, heavy whipping",,"Crème d'Isigny >=35% MG ; correspondance de gamme avec ""heavy whipping cream"".",Élevé,2026-08-04
19411,"Crème d'Isigny, >= 35% MG",Vitamine_B12_µg_100g,,0.16,µg,"USDA FoodData Central (SR Legacy) — Cream, fluid, heavy whipping",,"Crème d'Isigny >=35% MG ; correspondance de gamme avec ""heavy whipping cream"".",Élevé,2026-08-04
19411,"Crème d'Isigny, >= 35% MG",Sélénium_µg_100g,,3.0,µg,"USDA FoodData Central (SR Legacy) — Cream, fluid, heavy whipping",,"Crème d'Isigny >=35% MG ; correspondance de gamme avec ""heavy whipping cream"".",Élevé,2026-08-04
19411,"Crème d'Isigny, >= 35% MG",Beta-Carotène_µg_100g,,72.0,µg,"USDA FoodData Central (SR Legacy) — Cream, fluid, heavy whipping",,"Crème d'Isigny >=35% MG ; correspondance de gamme avec ""heavy whipping cream"".",Élevé,2026-08-04
19638,Faisselle au coulis de fruits,Vitamine_E_mg_100g,,0.08,mg,"USDA FoodData Central (SR Legacy) — Cheese, cottage, creamed, large or small curd",,Faisselle au coulis de fruits ; proxy cottage cheese (coulis de fruits non reflété).,Moyen,2026-08-04
19638,Faisselle au coulis de fruits,Vitamine_K1_µg_100g,,0.0,µg,"USDA FoodData Central (SR Legacy) — Cheese, cottage, creamed, large or small curd",,Faisselle au coulis de fruits ; proxy cottage cheese (coulis de fruits non reflété).,Moyen,2026-08-04
19638,Faisselle au coulis de fruits,Vitamine_B9_µg_100g,,12.0,µg,"USDA FoodData Central (SR Legacy) — Cheese, cottage, creamed, large or small curd",,Faisselle au coulis de fruits ; proxy cottage cheese (coulis de fruits non reflété).,Moyen,2026-08-04
19638,Faisselle au coulis de fruits,Vitamine_D_µg_100g,,0.1,µg,"USDA FoodData Central (SR Legacy) — Cheese, cottage, creamed, large or small curd",,Faisselle au coulis de fruits ; proxy cottage cheese (coulis de fruits non reflété).,Moyen,2026-08-04
19638,Faisselle au coulis de fruits,Vitamine_B12_µg_100g,,0.43,µg,"USDA FoodData Central (SR Legacy) — Cheese, cottage, creamed, large or small curd",,Faisselle au coulis de fruits ; proxy cottage cheese (coulis de fruits non reflété).,Moyen,2026-08-04
19638,Faisselle au coulis de fruits,Sélénium_µg_100g,,9.7,µg,"USDA FoodData Central (SR Legacy) — Cheese, cottage, creamed, large or small curd",,Faisselle au coulis de fruits ; proxy cottage cheese (coulis de fruits non reflété).,Moyen,2026-08-04
19638,Faisselle au coulis de fruits,Beta-Carotène_µg_100g,,12.0,µg,"USDA FoodData Central (SR Legacy) — Cheese, cottage, creamed, large or small curd",,Faisselle au coulis de fruits ; proxy cottage cheese (coulis de fruits non reflété).,Moyen,2026-08-04
19639,"Faisselle, 0% MG",Vitamine_E_mg_100g,,0.01,mg,"USDA FoodData Central (SR Legacy) — Cheese, cottage, nonfat, uncreamed, dry, large or small curd",,Faisselle 0% MG ; proxy cottage cheese non crémeux (texture égouttée proche).,Moyen,2026-08-04
19639,"Faisselle, 0% MG",Vitamine_K1_µg_100g,,0.0,µg,"USDA FoodData Central (SR Legacy) — Cheese, cottage, nonfat, uncreamed, dry, large or small curd",,Faisselle 0% MG ; proxy cottage cheese non crémeux (texture égouttée proche).,Moyen,2026-08-04
19639,"Faisselle, 0% MG",Vitamine_B9_µg_100g,,9.0,µg,"USDA FoodData Central (SR Legacy) — Cheese, cottage, nonfat, uncreamed, dry, large or small curd",,Faisselle 0% MG ; proxy cottage cheese non crémeux (texture égouttée proche).,Moyen,2026-08-04
19639,"Faisselle, 0% MG",Vitamine_D_µg_100g,,0.0,µg,"USDA FoodData Central (SR Legacy) — Cheese, cottage, nonfat, uncreamed, dry, large or small curd",,Faisselle 0% MG ; proxy cottage cheese non crémeux (texture égouttée proche).,Moyen,2026-08-04
19639,"Faisselle, 0% MG",Sélénium_µg_100g,,9.4,µg,"USDA FoodData Central (SR Legacy) — Cheese, cottage, nonfat, uncreamed, dry, large or small curd",,Faisselle 0% MG ; proxy cottage cheese non crémeux (texture égouttée proche).,Moyen,2026-08-04
19639,"Faisselle, 0% MG",Beta-Carotène_µg_100g,,0.0,µg,"USDA FoodData Central (SR Legacy) — Cheese, cottage, nonfat, uncreamed, dry, large or small curd",,Faisselle 0% MG ; proxy cottage cheese non crémeux (texture égouttée proche).,Moyen,2026-08-04
19641,"Faisselle, 6% MG environ",Vitamine_E_mg_100g,,0.08,mg,"USDA FoodData Central (SR Legacy) — Cheese, cottage, creamed, large or small curd",,Faisselle 6% MG environ ; proxy cottage cheese standard.,Moyen,2026-08-04
19674,"Flan aux oeufs, rayon frais",Vitamine_E_mg_100g,,0.22,mg,"USDA FoodData Central (SR Legacy) — Desserts, egg custard, baked, prepared-from-recipe",,"Correspondance exacte : flan aux œufs = ""egg custard, baked"".",Élevé,2026-08-04
19674,"Flan aux oeufs, rayon frais",Vitamine_K1_µg_100g,,0.2,µg,"USDA FoodData Central (SR Legacy) — Desserts, egg custard, baked, prepared-from-recipe",,"Correspondance exacte : flan aux œufs = ""egg custard, baked"".",Élevé,2026-08-04
19674,"Flan aux oeufs, rayon frais",Vitamine_B9_µg_100g,,10.0,µg,"USDA FoodData Central (SR Legacy) — Desserts, egg custard, baked, prepared-from-recipe",,"Correspondance exacte : flan aux œufs = ""egg custard, baked"".",Élevé,2026-08-04
19674,"Flan aux oeufs, rayon frais",Vitamine_B12_µg_100g,,0.39,µg,"USDA FoodData Central (SR Legacy) — Desserts, egg custard, baked, prepared-from-recipe",,"Correspondance exacte : flan aux œufs = ""egg custard, baked"".",Élevé,2026-08-04
19674,"Flan aux oeufs, rayon frais",Beta-Carotène_µg_100g,,6.0,µg,"USDA FoodData Central (SR Legacy) — Desserts, egg custard, baked, prepared-from-recipe",,"Correspondance exacte : flan aux œufs = ""egg custard, baked"".",Élevé,2026-08-04
19650,"Fromage blanc et crème fouettée, nature",Vitamine_E_mg_100g,,0.08,mg,"USDA FoodData Central (SR Legacy) — Cheese, cottage, creamed, large or small curd",,"Fromage blanc et crème fouettée, nature ; proxy cottage cheese (crème fouettée non reflétée).",Moyen,2026-08-04
19650,"Fromage blanc et crème fouettée, nature",Vitamine_K1_µg_100g,,0.0,µg,"USDA FoodData Central (SR Legacy) — Cheese, cottage, creamed, large or small curd",,"Fromage blanc et crème fouettée, nature ; proxy cottage cheese (crème fouettée non reflétée).",Moyen,2026-08-04
19650,"Fromage blanc et crème fouettée, nature",Vitamine_B9_µg_100g,,12.0,µg,"USDA FoodData Central (SR Legacy) — Cheese, cottage, creamed, large or small curd",,"Fromage blanc et crème fouettée, nature ; proxy cottage cheese (crème fouettée non reflétée).",Moyen,2026-08-04
19650,"Fromage blanc et crème fouettée, nature",Beta-Carotène_µg_100g,,12.0,µg,"USDA FoodData Central (SR Legacy) — Cheese, cottage, creamed, large or small curd",,"Fromage blanc et crème fouettée, nature ; proxy cottage cheese (crème fouettée non reflétée).",Moyen,2026-08-04
19643,"Fromage blanc et crème fouettée, sur lit de fruits, sucré",Vitamine_E_mg_100g,,0.08,mg,"USDA FoodData Central (SR Legacy) — Cheese, cottage, creamed, large or small curd",,Fromage blanc et crème fouettée sur lit de fruits ; même proxy.,Moyen,2026-08-04
19643,"Fromage blanc et crème fouettée, sur lit de fruits, sucré",Vitamine_K1_µg_100g,,0.0,µg,"USDA FoodData Central (SR Legacy) — Cheese, cottage, creamed, large or small curd",,Fromage blanc et crème fouettée sur lit de fruits ; même proxy.,Moyen,2026-08-04
19643,"Fromage blanc et crème fouettée, sur lit de fruits, sucré",Vitamine_B12_µg_100g,,0.43,µg,"USDA FoodData Central (SR Legacy) — Cheese, cottage, creamed, large or small curd",,Fromage blanc et crème fouettée sur lit de fruits ; même proxy.,Moyen,2026-08-04
19643,"Fromage blanc et crème fouettée, sur lit de fruits, sucré",Beta-Carotène_µg_100g,,12.0,µg,"USDA FoodData Central (SR Legacy) — Cheese, cottage, creamed, large or small curd",,Fromage blanc et crème fouettée sur lit de fruits ; même proxy.,Moyen,2026-08-04
19709,"Fromage blanc ou spécialité laitière, aromatisé, 0% MG, avec édulcorants, sans sucres ajoutés",Vitamine_E_mg_100g,,0.08,mg,"USDA FoodData Central (SR Legacy) — Cheese, cottage, creamed, large or small curd",,Fromage blanc aromatisé 0% MG édulcorants sans sucres ; proxy cottage cheese.,Moyen,2026-08-04
19709,"Fromage blanc ou spécialité laitière, aromatisé, 0% MG, avec édulcorants, sans sucres ajoutés",Vitamine_K1_µg_100g,,0.0,µg,"USDA FoodData Central (SR Legacy) — Cheese, cottage, creamed, large or small curd",,Fromage blanc aromatisé 0% MG édulcorants sans sucres ; proxy cottage cheese.,Moyen,2026-08-04
19709,"Fromage blanc ou spécialité laitière, aromatisé, 0% MG, avec édulcorants, sans sucres ajoutés",Vitamine_B9_µg_100g,,12.0,µg,"USDA FoodData Central (SR Legacy) — Cheese, cottage, creamed, large or small curd",,Fromage blanc aromatisé 0% MG édulcorants sans sucres ; proxy cottage cheese.,Moyen,2026-08-04
19709,"Fromage blanc ou spécialité laitière, aromatisé, 0% MG, avec édulcorants, sans sucres ajoutés",Vitamine_D_µg_100g,,0.1,µg,"USDA FoodData Central (SR Legacy) — Cheese, cottage, creamed, large or small curd",,Fromage blanc aromatisé 0% MG édulcorants sans sucres ; proxy cottage cheese.,Moyen,2026-08-04
19709,"Fromage blanc ou spécialité laitière, aromatisé, 0% MG, avec édulcorants, sans sucres ajoutés",Vitamine_B12_µg_100g,,0.43,µg,"USDA FoodData Central (SR Legacy) — Cheese, cottage, creamed, large or small curd",,Fromage blanc aromatisé 0% MG édulcorants sans sucres ; proxy cottage cheese.,Moyen,2026-08-04
19709,"Fromage blanc ou spécialité laitière, aromatisé, 0% MG, avec édulcorants, sans sucres ajoutés",Sélénium_µg_100g,,9.7,µg,"USDA FoodData Central (SR Legacy) — Cheese, cottage, creamed, large or small curd",,Fromage blanc aromatisé 0% MG édulcorants sans sucres ; proxy cottage cheese.,Moyen,2026-08-04
19709,"Fromage blanc ou spécialité laitière, aromatisé, 0% MG, avec édulcorants, sans sucres ajoutés",Beta-Carotène_µg_100g,,12.0,µg,"USDA FoodData Central (SR Legacy) — Cheese, cottage, creamed, large or small curd",,Fromage blanc aromatisé 0% MG édulcorants sans sucres ; proxy cottage cheese.,Moyen,2026-08-04
19705,"Fromage blanc ou spécialité laitière, aromatisé, 0% MG, avec édulcorants, sucré",Vitamine_E_mg_100g,,0.08,mg,"USDA FoodData Central (SR Legacy) — Cheese, cottage, creamed, large or small curd",,Fromage blanc aromatisé 0% MG édulcorants sucré ; même proxy.,Moyen,2026-08-04
19705,"Fromage blanc ou spécialité laitière, aromatisé, 0% MG, avec édulcorants, sucré",Vitamine_K1_µg_100g,,0.0,µg,"USDA FoodData Central (SR Legacy) — Cheese, cottage, creamed, large or small curd",,Fromage blanc aromatisé 0% MG édulcorants sucré ; même proxy.,Moyen,2026-08-04
19705,"Fromage blanc ou spécialité laitière, aromatisé, 0% MG, avec édulcorants, sucré",Vitamine_B9_µg_100g,,12.0,µg,"USDA FoodData Central (SR Legacy) — Cheese, cottage, creamed, large or small curd",,Fromage blanc aromatisé 0% MG édulcorants sucré ; même proxy.,Moyen,2026-08-04
19705,"Fromage blanc ou spécialité laitière, aromatisé, 0% MG, avec édulcorants, sucré",Vitamine_D_µg_100g,,0.1,µg,"USDA FoodData Central (SR Legacy) — Cheese, cottage, creamed, large or small curd",,Fromage blanc aromatisé 0% MG édulcorants sucré ; même proxy.,Moyen,2026-08-04
19705,"Fromage blanc ou spécialité laitière, aromatisé, 0% MG, avec édulcorants, sucré",Vitamine_B12_µg_100g,,0.43,µg,"USDA FoodData Central (SR Legacy) — Cheese, cottage, creamed, large or small curd",,Fromage blanc aromatisé 0% MG édulcorants sucré ; même proxy.,Moyen,2026-08-04
19705,"Fromage blanc ou spécialité laitière, aromatisé, 0% MG, avec édulcorants, sucré",Sélénium_µg_100g,,9.7,µg,"USDA FoodData Central (SR Legacy) — Cheese, cottage, creamed, large or small curd",,Fromage blanc aromatisé 0% MG édulcorants sucré ; même proxy.,Moyen,2026-08-04
19705,"Fromage blanc ou spécialité laitière, aromatisé, 0% MG, avec édulcorants, sucré",Beta-Carotène_µg_100g,,12.0,µg,"USDA FoodData Central (SR Legacy) — Cheese, cottage, creamed, large or small curd",,Fromage blanc aromatisé 0% MG édulcorants sucré ; même proxy.,Moyen,2026-08-04
19697,"Fromage blanc ou spécialité laitière, aromatisé, 0% MG, avec édulcorants, sucré, enrichi en vitamine D",Vitamine_E_mg_100g,,0.08,mg,"USDA FoodData Central (SR Legacy) — Cheese, cottage, creamed, large or small curd",,Fromage blanc aromatisé 0% MG édulcorants sucré enrichi vitD ; même proxy.,Moyen,2026-08-04
19697,"Fromage blanc ou spécialité laitière, aromatisé, 0% MG, avec édulcorants, sucré, enrichi en vitamine D",Vitamine_K1_µg_100g,,0.0,µg,"USDA FoodData Central (SR Legacy) — Cheese, cottage, creamed, large or small curd",,Fromage blanc aromatisé 0% MG édulcorants sucré enrichi vitD ; même proxy.,Moyen,2026-08-04
19697,"Fromage blanc ou spécialité laitière, aromatisé, 0% MG, avec édulcorants, sucré, enrichi en vitamine D",Vitamine_B9_µg_100g,,12.0,µg,"USDA FoodData Central (SR Legacy) — Cheese, cottage, creamed, large or small curd",,Fromage blanc aromatisé 0% MG édulcorants sucré enrichi vitD ; même proxy.,Moyen,2026-08-04
19697,"Fromage blanc ou spécialité laitière, aromatisé, 0% MG, avec édulcorants, sucré, enrichi en vitamine D",Vitamine_B12_µg_100g,,0.43,µg,"USDA FoodData Central (SR Legacy) — Cheese, cottage, creamed, large or small curd",,Fromage blanc aromatisé 0% MG édulcorants sucré enrichi vitD ; même proxy.,Moyen,2026-08-04
19697,"Fromage blanc ou spécialité laitière, aromatisé, 0% MG, avec édulcorants, sucré, enrichi en vitamine D",Sélénium_µg_100g,,9.7,µg,"USDA FoodData Central (SR Legacy) — Cheese, cottage, creamed, large or small curd",,Fromage blanc aromatisé 0% MG édulcorants sucré enrichi vitD ; même proxy.,Moyen,2026-08-04
19697,"Fromage blanc ou spécialité laitière, aromatisé, 0% MG, avec édulcorants, sucré, enrichi en vitamine D",Beta-Carotène_µg_100g,,12.0,µg,"USDA FoodData Central (SR Legacy) — Cheese, cottage, creamed, large or small curd",,Fromage blanc aromatisé 0% MG édulcorants sucré enrichi vitD ; même proxy.,Moyen,2026-08-04
19714,"Fromage blanc ou spécialité laitière, aromatisé, 0% MG, sucré",Vitamine_E_mg_100g,,0.08,mg,"USDA FoodData Central (SR Legacy) — Cheese, cottage, creamed, large or small curd",,Fromage blanc aromatisé 0% MG sucré ; même proxy.,Moyen,2026-08-04
19714,"Fromage blanc ou spécialité laitière, aromatisé, 0% MG, sucré",Vitamine_K1_µg_100g,,0.0,µg,"USDA FoodData Central (SR Legacy) — Cheese, cottage, creamed, large or small curd",,Fromage blanc aromatisé 0% MG sucré ; même proxy.,Moyen,2026-08-04
19714,"Fromage blanc ou spécialité laitière, aromatisé, 0% MG, sucré",Vitamine_B9_µg_100g,,12.0,µg,"USDA FoodData Central (SR Legacy) — Cheese, cottage, creamed, large or small curd",,Fromage blanc aromatisé 0% MG sucré ; même proxy.,Moyen,2026-08-04
19714,"Fromage blanc ou spécialité laitière, aromatisé, 0% MG, sucré",Vitamine_D_µg_100g,,0.1,µg,"USDA FoodData Central (SR Legacy) — Cheese, cottage, creamed, large or small curd",,Fromage blanc aromatisé 0% MG sucré ; même proxy.,Moyen,2026-08-04
19714,"Fromage blanc ou spécialité laitière, aromatisé, 0% MG, sucré",Vitamine_B12_µg_100g,,0.43,µg,"USDA FoodData Central (SR Legacy) — Cheese, cottage, creamed, large or small curd",,Fromage blanc aromatisé 0% MG sucré ; même proxy.,Moyen,2026-08-04
19714,"Fromage blanc ou spécialité laitière, aromatisé, 0% MG, sucré",Sélénium_µg_100g,,9.7,µg,"USDA FoodData Central (SR Legacy) — Cheese, cottage, creamed, large or small curd",,Fromage blanc aromatisé 0% MG sucré ; même proxy.,Moyen,2026-08-04
19714,"Fromage blanc ou spécialité laitière, aromatisé, 0% MG, sucré",Beta-Carotène_µg_100g,,12.0,µg,"USDA FoodData Central (SR Legacy) — Cheese, cottage, creamed, large or small curd",,Fromage blanc aromatisé 0% MG sucré ; même proxy.,Moyen,2026-08-04
19715,"Fromage blanc ou spécialité laitière, aromatisé, 2-3% MG, sucré",Vitamine_E_mg_100g,,0.08,mg,"USDA FoodData Central (SR Legacy) — Cheese, cottage, creamed, large or small curd",,Fromage blanc aromatisé 2-3% MG sucré ; même proxy.,Moyen,2026-08-04
19715,"Fromage blanc ou spécialité laitière, aromatisé, 2-3% MG, sucré",Vitamine_K1_µg_100g,,0.0,µg,"USDA FoodData Central (SR Legacy) — Cheese, cottage, creamed, large or small curd",,Fromage blanc aromatisé 2-3% MG sucré ; même proxy.,Moyen,2026-08-04
19715,"Fromage blanc ou spécialité laitière, aromatisé, 2-3% MG, sucré",Vitamine_B9_µg_100g,,12.0,µg,"USDA FoodData Central (SR Legacy) — Cheese, cottage, creamed, large or small curd",,Fromage blanc aromatisé 2-3% MG sucré ; même proxy.,Moyen,2026-08-04
19715,"Fromage blanc ou spécialité laitière, aromatisé, 2-3% MG, sucré",Vitamine_D_µg_100g,,0.1,µg,"USDA FoodData Central (SR Legacy) — Cheese, cottage, creamed, large or small curd",,Fromage blanc aromatisé 2-3% MG sucré ; même proxy.,Moyen,2026-08-04
19715,"Fromage blanc ou spécialité laitière, aromatisé, 2-3% MG, sucré",Vitamine_B12_µg_100g,,0.43,µg,"USDA FoodData Central (SR Legacy) — Cheese, cottage, creamed, large or small curd",,Fromage blanc aromatisé 2-3% MG sucré ; même proxy.,Moyen,2026-08-04
19715,"Fromage blanc ou spécialité laitière, aromatisé, 2-3% MG, sucré",Sélénium_µg_100g,,9.7,µg,"USDA FoodData Central (SR Legacy) — Cheese, cottage, creamed, large or small curd",,Fromage blanc aromatisé 2-3% MG sucré ; même proxy.,Moyen,2026-08-04
19715,"Fromage blanc ou spécialité laitière, aromatisé, 2-3% MG, sucré",Beta-Carotène_µg_100g,,12.0,µg,"USDA FoodData Central (SR Legacy) — Cheese, cottage, creamed, large or small curd",,Fromage blanc aromatisé 2-3% MG sucré ; même proxy.,Moyen,2026-08-04
19718,"Fromage blanc ou spécialité laitière, aromatisé, 7-8% MG, sucré",Vitamine_E_mg_100g,,0.08,mg,"USDA FoodData Central (SR Legacy) — Cheese, cottage, creamed, large or small curd",,Fromage blanc aromatisé 7-8% MG sucré ; même proxy.,Moyen,2026-08-04
19718,"Fromage blanc ou spécialité laitière, aromatisé, 7-8% MG, sucré",Vitamine_K1_µg_100g,,0.0,µg,"USDA FoodData Central (SR Legacy) — Cheese, cottage, creamed, large or small curd",,Fromage blanc aromatisé 7-8% MG sucré ; même proxy.,Moyen,2026-08-04
19718,"Fromage blanc ou spécialité laitière, aromatisé, 7-8% MG, sucré",Vitamine_B9_µg_100g,,12.0,µg,"USDA FoodData Central (SR Legacy) — Cheese, cottage, creamed, large or small curd",,Fromage blanc aromatisé 7-8% MG sucré ; même proxy.,Moyen,2026-08-04
19718,"Fromage blanc ou spécialité laitière, aromatisé, 7-8% MG, sucré",Vitamine_D_µg_100g,,0.1,µg,"USDA FoodData Central (SR Legacy) — Cheese, cottage, creamed, large or small curd",,Fromage blanc aromatisé 7-8% MG sucré ; même proxy.,Moyen,2026-08-04
19718,"Fromage blanc ou spécialité laitière, aromatisé, 7-8% MG, sucré",Vitamine_B12_µg_100g,,0.43,µg,"USDA FoodData Central (SR Legacy) — Cheese, cottage, creamed, large or small curd",,Fromage blanc aromatisé 7-8% MG sucré ; même proxy.,Moyen,2026-08-04
19718,"Fromage blanc ou spécialité laitière, aromatisé, 7-8% MG, sucré",Sélénium_µg_100g,,9.7,µg,"USDA FoodData Central (SR Legacy) — Cheese, cottage, creamed, large or small curd",,Fromage blanc aromatisé 7-8% MG sucré ; même proxy.,Moyen,2026-08-04
19718,"Fromage blanc ou spécialité laitière, aromatisé, 7-8% MG, sucré",Beta-Carotène_µg_100g,,12.0,µg,"USDA FoodData Central (SR Legacy) — Cheese, cottage, creamed, large or small curd",,Fromage blanc aromatisé 7-8% MG sucré ; même proxy.,Moyen,2026-08-04
19654,"Fromage blanc ou spécialité laitière, aux copeaux de chocolat, 7-8% MG, sucré",Vitamine_E_mg_100g,,0.08,mg,"USDA FoodData Central (SR Legacy) — Cheese, cottage, creamed, large or small curd",,Fromage blanc copeaux de chocolat 7-8% MG sucré ; même proxy.,Moyen,2026-08-04
19654,"Fromage blanc ou spécialité laitière, aux copeaux de chocolat, 7-8% MG, sucré",Vitamine_K1_µg_100g,,0.0,µg,"USDA FoodData Central (SR Legacy) — Cheese, cottage, creamed, large or small curd",,Fromage blanc copeaux de chocolat 7-8% MG sucré ; même proxy.,Moyen,2026-08-04
19654,"Fromage blanc ou spécialité laitière, aux copeaux de chocolat, 7-8% MG, sucré",Vitamine_B9_µg_100g,,12.0,µg,"USDA FoodData Central (SR Legacy) — Cheese, cottage, creamed, large or small curd",,Fromage blanc copeaux de chocolat 7-8% MG sucré ; même proxy.,Moyen,2026-08-04
19654,"Fromage blanc ou spécialité laitière, aux copeaux de chocolat, 7-8% MG, sucré",Vitamine_D_µg_100g,,0.1,µg,"USDA FoodData Central (SR Legacy) — Cheese, cottage, creamed, large or small curd",,Fromage blanc copeaux de chocolat 7-8% MG sucré ; même proxy.,Moyen,2026-08-04
19654,"Fromage blanc ou spécialité laitière, aux copeaux de chocolat, 7-8% MG, sucré",Vitamine_B12_µg_100g,,0.43,µg,"USDA FoodData Central (SR Legacy) — Cheese, cottage, creamed, large or small curd",,Fromage blanc copeaux de chocolat 7-8% MG sucré ; même proxy.,Moyen,2026-08-04
19654,"Fromage blanc ou spécialité laitière, aux copeaux de chocolat, 7-8% MG, sucré",Sélénium_µg_100g,,9.7,µg,"USDA FoodData Central (SR Legacy) — Cheese, cottage, creamed, large or small curd",,Fromage blanc copeaux de chocolat 7-8% MG sucré ; même proxy.,Moyen,2026-08-04
19654,"Fromage blanc ou spécialité laitière, aux copeaux de chocolat, 7-8% MG, sucré",Beta-Carotène_µg_100g,,12.0,µg,"USDA FoodData Central (SR Legacy) — Cheese, cottage, creamed, large or small curd",,Fromage blanc copeaux de chocolat 7-8% MG sucré ; même proxy.,Moyen,2026-08-04
19691,"Fromage blanc ou spécialité laitière, aux fruits, 0% MG, avec édulcorants, sucré, enrichi en vitamine D",Vitamine_E_mg_100g,,0.08,mg,"USDA FoodData Central (SR Legacy) — Cheese, cottage, creamed, large or small curd",,Fromage blanc aux fruits 0% MG édulcorants sucré enrichi vitD ; même proxy.,Moyen,2026-08-04
19691,"Fromage blanc ou spécialité laitière, aux fruits, 0% MG, avec édulcorants, sucré, enrichi en vitamine D",Vitamine_K1_µg_100g,,0.0,µg,"USDA FoodData Central (SR Legacy) — Cheese, cottage, creamed, large or small curd",,Fromage blanc aux fruits 0% MG édulcorants sucré enrichi vitD ; même proxy.,Moyen,2026-08-04
19691,"Fromage blanc ou spécialité laitière, aux fruits, 0% MG, avec édulcorants, sucré, enrichi en vitamine D",Vitamine_B9_µg_100g,,12.0,µg,"USDA FoodData Central (SR Legacy) — Cheese, cottage, creamed, large or small curd",,Fromage blanc aux fruits 0% MG édulcorants sucré enrichi vitD ; même proxy.,Moyen,2026-08-04
19691,"Fromage blanc ou spécialité laitière, aux fruits, 0% MG, avec édulcorants, sucré, enrichi en vitamine D",Vitamine_B12_µg_100g,,0.43,µg,"USDA FoodData Central (SR Legacy) — Cheese, cottage, creamed, large or small curd",,Fromage blanc aux fruits 0% MG édulcorants sucré enrichi vitD ; même proxy.,Moyen,2026-08-04
19691,"Fromage blanc ou spécialité laitière, aux fruits, 0% MG, avec édulcorants, sucré, enrichi en vitamine D",Sélénium_µg_100g,,9.7,µg,"USDA FoodData Central (SR Legacy) — Cheese, cottage, creamed, large or small curd",,Fromage blanc aux fruits 0% MG édulcorants sucré enrichi vitD ; même proxy.,Moyen,2026-08-04
19691,"Fromage blanc ou spécialité laitière, aux fruits, 0% MG, avec édulcorants, sucré, enrichi en vitamine D",Beta-Carotène_µg_100g,,12.0,µg,"USDA FoodData Central (SR Legacy) — Cheese, cottage, creamed, large or small curd",,Fromage blanc aux fruits 0% MG édulcorants sucré enrichi vitD ; même proxy.,Moyen,2026-08-04
19656,"Fromage blanc ou spécialité laitière, aux fruits, 0% MG, sucré",Vitamine_E_mg_100g,,0.08,mg,"USDA FoodData Central (SR Legacy) — Cheese, cottage, creamed, large or small curd",,Fromage blanc aux fruits 0% MG sucré ; même proxy.,Moyen,2026-08-04
19656,"Fromage blanc ou spécialité laitière, aux fruits, 0% MG, sucré",Vitamine_K1_µg_100g,,0.0,µg,"USDA FoodData Central (SR Legacy) — Cheese, cottage, creamed, large or small curd",,Fromage blanc aux fruits 0% MG sucré ; même proxy.,Moyen,2026-08-04
19656,"Fromage blanc ou spécialité laitière, aux fruits, 0% MG, sucré",Vitamine_B9_µg_100g,,12.0,µg,"USDA FoodData Central (SR Legacy) — Cheese, cottage, creamed, large or small curd",,Fromage blanc aux fruits 0% MG sucré ; même proxy.,Moyen,2026-08-04
19656,"Fromage blanc ou spécialité laitière, aux fruits, 0% MG, sucré",Vitamine_D_µg_100g,,0.1,µg,"USDA FoodData Central (SR Legacy) — Cheese, cottage, creamed, large or small curd",,Fromage blanc aux fruits 0% MG sucré ; même proxy.,Moyen,2026-08-04
19656,"Fromage blanc ou spécialité laitière, aux fruits, 0% MG, sucré",Vitamine_B12_µg_100g,,0.43,µg,"USDA FoodData Central (SR Legacy) — Cheese, cottage, creamed, large or small curd",,Fromage blanc aux fruits 0% MG sucré ; même proxy.,Moyen,2026-08-04
19656,"Fromage blanc ou spécialité laitière, aux fruits, 0% MG, sucré",Sélénium_µg_100g,,9.7,µg,"USDA FoodData Central (SR Legacy) — Cheese, cottage, creamed, large or small curd",,Fromage blanc aux fruits 0% MG sucré ; même proxy.,Moyen,2026-08-04
19656,"Fromage blanc ou spécialité laitière, aux fruits, 0% MG, sucré",Beta-Carotène_µg_100g,,12.0,µg,"USDA FoodData Central (SR Legacy) — Cheese, cottage, creamed, large or small curd",,Fromage blanc aux fruits 0% MG sucré ; même proxy.,Moyen,2026-08-04
19657,"Fromage blanc ou spécialité laitière, aux fruits, 2-3% MG, sucré",Vitamine_E_mg_100g,,0.08,mg,"USDA FoodData Central (SR Legacy) — Cheese, cottage, creamed, large or small curd",,Fromage blanc aux fruits 2-3% MG sucré ; même proxy.,Moyen,2026-08-04
19657,"Fromage blanc ou spécialité laitière, aux fruits, 2-3% MG, sucré",Vitamine_K1_µg_100g,,0.0,µg,"USDA FoodData Central (SR Legacy) — Cheese, cottage, creamed, large or small curd",,Fromage blanc aux fruits 2-3% MG sucré ; même proxy.,Moyen,2026-08-04
19657,"Fromage blanc ou spécialité laitière, aux fruits, 2-3% MG, sucré",Vitamine_B9_µg_100g,,12.0,µg,"USDA FoodData Central (SR Legacy) — Cheese, cottage, creamed, large or small curd",,Fromage blanc aux fruits 2-3% MG sucré ; même proxy.,Moyen,2026-08-04
19657,"Fromage blanc ou spécialité laitière, aux fruits, 2-3% MG, sucré",Vitamine_B12_µg_100g,,0.43,µg,"USDA FoodData Central (SR Legacy) — Cheese, cottage, creamed, large or small curd",,Fromage blanc aux fruits 2-3% MG sucré ; même proxy.,Moyen,2026-08-04
19657,"Fromage blanc ou spécialité laitière, aux fruits, 2-3% MG, sucré",Sélénium_µg_100g,,9.7,µg,"USDA FoodData Central (SR Legacy) — Cheese, cottage, creamed, large or small curd",,Fromage blanc aux fruits 2-3% MG sucré ; même proxy.,Moyen,2026-08-04
19657,"Fromage blanc ou spécialité laitière, aux fruits, 2-3% MG, sucré",Beta-Carotène_µg_100g,,12.0,µg,"USDA FoodData Central (SR Legacy) — Cheese, cottage, creamed, large or small curd",,Fromage blanc aux fruits 2-3% MG sucré ; même proxy.,Moyen,2026-08-04
19659,"Fromage blanc ou spécialité laitière, aux fruits, 6-7% MG, sucré",Vitamine_E_mg_100g,,0.08,mg,"USDA FoodData Central (SR Legacy) — Cheese, cottage, creamed, large or small curd",,Fromage blanc aux fruits 6-7% MG sucré ; même proxy.,Moyen,2026-08-04
19659,"Fromage blanc ou spécialité laitière, aux fruits, 6-7% MG, sucré",Vitamine_K1_µg_100g,,0.0,µg,"USDA FoodData Central (SR Legacy) — Cheese, cottage, creamed, large or small curd",,Fromage blanc aux fruits 6-7% MG sucré ; même proxy.,Moyen,2026-08-04
19659,"Fromage blanc ou spécialité laitière, aux fruits, 6-7% MG, sucré",Vitamine_D_µg_100g,,0.1,µg,"USDA FoodData Central (SR Legacy) — Cheese, cottage, creamed, large or small curd",,Fromage blanc aux fruits 6-7% MG sucré ; même proxy.,Moyen,2026-08-04
19659,"Fromage blanc ou spécialité laitière, aux fruits, 6-7% MG, sucré",Sélénium_µg_100g,,9.7,µg,"USDA FoodData Central (SR Legacy) — Cheese, cottage, creamed, large or small curd",,Fromage blanc aux fruits 6-7% MG sucré ; même proxy.,Moyen,2026-08-04
19708,"Fromage blanc ou spécialité laitière, sur lit de fruits, 0% MG, avec édulcorants, sans sucres ajoutés, enrichi en vitamine D",Vitamine_E_mg_100g,,0.08,mg,"USDA FoodData Central (SR Legacy) — Cheese, cottage, creamed, large or small curd",,Fromage blanc sur lit de fruits 0% MG édulcorants sans sucres enrichi vitD ; même proxy.,Moyen,2026-08-04
19708,"Fromage blanc ou spécialité laitière, sur lit de fruits, 0% MG, avec édulcorants, sans sucres ajoutés, enrichi en vitamine D",Vitamine_K1_µg_100g,,0.0,µg,"USDA FoodData Central (SR Legacy) — Cheese, cottage, creamed, large or small curd",,Fromage blanc sur lit de fruits 0% MG édulcorants sans sucres enrichi vitD ; même proxy.,Moyen,2026-08-04
19708,"Fromage blanc ou spécialité laitière, sur lit de fruits, 0% MG, avec édulcorants, sans sucres ajoutés, enrichi en vitamine D",Vitamine_B9_µg_100g,,12.0,µg,"USDA FoodData Central (SR Legacy) — Cheese, cottage, creamed, large or small curd",,Fromage blanc sur lit de fruits 0% MG édulcorants sans sucres enrichi vitD ; même proxy.,Moyen,2026-08-04
19708,"Fromage blanc ou spécialité laitière, sur lit de fruits, 0% MG, avec édulcorants, sans sucres ajoutés, enrichi en vitamine D",Vitamine_B12_µg_100g,,0.43,µg,"USDA FoodData Central (SR Legacy) — Cheese, cottage, creamed, large or small curd",,Fromage blanc sur lit de fruits 0% MG édulcorants sans sucres enrichi vitD ; même proxy.,Moyen,2026-08-04
19708,"Fromage blanc ou spécialité laitière, sur lit de fruits, 0% MG, avec édulcorants, sans sucres ajoutés, enrichi en vitamine D",Sélénium_µg_100g,,9.7,µg,"USDA FoodData Central (SR Legacy) — Cheese, cottage, creamed, large or small curd",,Fromage blanc sur lit de fruits 0% MG édulcorants sans sucres enrichi vitD ; même proxy.,Moyen,2026-08-04
19708,"Fromage blanc ou spécialité laitière, sur lit de fruits, 0% MG, avec édulcorants, sans sucres ajoutés, enrichi en vitamine D",Beta-Carotène_µg_100g,,12.0,µg,"USDA FoodData Central (SR Legacy) — Cheese, cottage, creamed, large or small curd",,Fromage blanc sur lit de fruits 0% MG édulcorants sans sucres enrichi vitD ; même proxy.,Moyen,2026-08-04
19707,"Fromage blanc ou spécialité laitière, sur lit de fruits, 0% MG, avec édulcorants, sucré, enrichi en vitamine D",Vitamine_E_mg_100g,,0.08,mg,"USDA FoodData Central (SR Legacy) — Cheese, cottage, creamed, large or small curd",,Fromage blanc sur lit de fruits 0% MG édulcorants sucré enrichi vitD ; même proxy.,Moyen,2026-08-04
19707,"Fromage blanc ou spécialité laitière, sur lit de fruits, 0% MG, avec édulcorants, sucré, enrichi en vitamine D",Vitamine_K1_µg_100g,,0.0,µg,"USDA FoodData Central (SR Legacy) — Cheese, cottage, creamed, large or small curd",,Fromage blanc sur lit de fruits 0% MG édulcorants sucré enrichi vitD ; même proxy.,Moyen,2026-08-04
19707,"Fromage blanc ou spécialité laitière, sur lit de fruits, 0% MG, avec édulcorants, sucré, enrichi en vitamine D",Vitamine_B9_µg_100g,,12.0,µg,"USDA FoodData Central (SR Legacy) — Cheese, cottage, creamed, large or small curd",,Fromage blanc sur lit de fruits 0% MG édulcorants sucré enrichi vitD ; même proxy.,Moyen,2026-08-04
19707,"Fromage blanc ou spécialité laitière, sur lit de fruits, 0% MG, avec édulcorants, sucré, enrichi en vitamine D",Vitamine_B12_µg_100g,,0.43,µg,"USDA FoodData Central (SR Legacy) — Cheese, cottage, creamed, large or small curd",,Fromage blanc sur lit de fruits 0% MG édulcorants sucré enrichi vitD ; même proxy.,Moyen,2026-08-04
19707,"Fromage blanc ou spécialité laitière, sur lit de fruits, 0% MG, avec édulcorants, sucré, enrichi en vitamine D",Sélénium_µg_100g,,9.7,µg,"USDA FoodData Central (SR Legacy) — Cheese, cottage, creamed, large or small curd",,Fromage blanc sur lit de fruits 0% MG édulcorants sucré enrichi vitD ; même proxy.,Moyen,2026-08-04
19707,"Fromage blanc ou spécialité laitière, sur lit de fruits, 0% MG, avec édulcorants, sucré, enrichi en vitamine D",Beta-Carotène_µg_100g,,12.0,µg,"USDA FoodData Central (SR Legacy) — Cheese, cottage, creamed, large or small curd",,Fromage blanc sur lit de fruits 0% MG édulcorants sucré enrichi vitD ; même proxy.,Moyen,2026-08-04
19725,"Fromage blanc ou spécialité laitière, sur lit de fruits, 0% MG, sucré",Vitamine_E_mg_100g,,0.08,mg,"USDA FoodData Central (SR Legacy) — Cheese, cottage, creamed, large or small curd",,Fromage blanc sur lit de fruits 0% MG sucré ; même proxy.,Moyen,2026-08-04
19725,"Fromage blanc ou spécialité laitière, sur lit de fruits, 0% MG, sucré",Vitamine_K1_µg_100g,,0.0,µg,"USDA FoodData Central (SR Legacy) — Cheese, cottage, creamed, large or small curd",,Fromage blanc sur lit de fruits 0% MG sucré ; même proxy.,Moyen,2026-08-04
19725,"Fromage blanc ou spécialité laitière, sur lit de fruits, 0% MG, sucré",Vitamine_B9_µg_100g,,12.0,µg,"USDA FoodData Central (SR Legacy) — Cheese, cottage, creamed, large or small curd",,Fromage blanc sur lit de fruits 0% MG sucré ; même proxy.,Moyen,2026-08-04
19725,"Fromage blanc ou spécialité laitière, sur lit de fruits, 0% MG, sucré",Vitamine_D_µg_100g,,0.1,µg,"USDA FoodData Central (SR Legacy) — Cheese, cottage, creamed, large or small curd",,Fromage blanc sur lit de fruits 0% MG sucré ; même proxy.,Moyen,2026-08-04
19725,"Fromage blanc ou spécialité laitière, sur lit de fruits, 0% MG, sucré",Vitamine_B12_µg_100g,,0.43,µg,"USDA FoodData Central (SR Legacy) — Cheese, cottage, creamed, large or small curd",,Fromage blanc sur lit de fruits 0% MG sucré ; même proxy.,Moyen,2026-08-04
19725,"Fromage blanc ou spécialité laitière, sur lit de fruits, 0% MG, sucré",Sélénium_µg_100g,,9.7,µg,"USDA FoodData Central (SR Legacy) — Cheese, cottage, creamed, large or small curd",,Fromage blanc sur lit de fruits 0% MG sucré ; même proxy.,Moyen,2026-08-04
19725,"Fromage blanc ou spécialité laitière, sur lit de fruits, 0% MG, sucré",Beta-Carotène_µg_100g,,12.0,µg,"USDA FoodData Central (SR Legacy) — Cheese, cottage, creamed, large or small curd",,Fromage blanc sur lit de fruits 0% MG sucré ; même proxy.,Moyen,2026-08-04
19660,"Fromage blanc ou spécialité laitière, sur lit de fruits, 7-8% MG, sucré",Vitamine_E_mg_100g,,0.08,mg,"USDA FoodData Central (SR Legacy) — Cheese, cottage, creamed, large or small curd",,Fromage blanc sur lit de fruits 7-8% MG sucré ; même proxy.,Moyen,2026-08-04
19660,"Fromage blanc ou spécialité laitière, sur lit de fruits, 7-8% MG, sucré",Vitamine_K1_µg_100g,,0.0,µg,"USDA FoodData Central (SR Legacy) — Cheese, cottage, creamed, large or small curd",,Fromage blanc sur lit de fruits 7-8% MG sucré ; même proxy.,Moyen,2026-08-04
19660,"Fromage blanc ou spécialité laitière, sur lit de fruits, 7-8% MG, sucré",Vitamine_B9_µg_100g,,12.0,µg,"USDA FoodData Central (SR Legacy) — Cheese, cottage, creamed, large or small curd",,Fromage blanc sur lit de fruits 7-8% MG sucré ; même proxy.,Moyen,2026-08-04
19660,"Fromage blanc ou spécialité laitière, sur lit de fruits, 7-8% MG, sucré",Vitamine_D_µg_100g,,0.1,µg,"USDA FoodData Central (SR Legacy) — Cheese, cottage, creamed, large or small curd",,Fromage blanc sur lit de fruits 7-8% MG sucré ; même proxy.,Moyen,2026-08-04
19660,"Fromage blanc ou spécialité laitière, sur lit de fruits, 7-8% MG, sucré",Vitamine_B12_µg_100g,,0.43,µg,"USDA FoodData Central (SR Legacy) — Cheese, cottage, creamed, large or small curd",,Fromage blanc sur lit de fruits 7-8% MG sucré ; même proxy.,Moyen,2026-08-04
19660,"Fromage blanc ou spécialité laitière, sur lit de fruits, 7-8% MG, sucré",Sélénium_µg_100g,,9.7,µg,"USDA FoodData Central (SR Legacy) — Cheese, cottage, creamed, large or small curd",,Fromage blanc sur lit de fruits 7-8% MG sucré ; même proxy.,Moyen,2026-08-04
19660,"Fromage blanc ou spécialité laitière, sur lit de fruits, 7-8% MG, sucré",Beta-Carotène_µg_100g,,12.0,µg,"USDA FoodData Central (SR Legacy) — Cheese, cottage, creamed, large or small curd",,Fromage blanc sur lit de fruits 7-8% MG sucré ; même proxy.,Moyen,2026-08-04
19644,"Fromage blanc, nature, 0% MG",Vitamine_E_mg_100g,,0.08,mg,"USDA FoodData Central (SR Legacy) — Cheese, cottage, creamed, large or small curd",,Fromage blanc nature 0% MG ; proxy cottage cheese.,Moyen,2026-08-04
19644,"Fromage blanc, nature, 0% MG",Vitamine_K1_µg_100g,,0.0,µg,"USDA FoodData Central (SR Legacy) — Cheese, cottage, creamed, large or small curd",,Fromage blanc nature 0% MG ; proxy cottage cheese.,Moyen,2026-08-04
19644,"Fromage blanc, nature, 0% MG",Vitamine_B9_µg_100g,,12.0,µg,"USDA FoodData Central (SR Legacy) — Cheese, cottage, creamed, large or small curd",,Fromage blanc nature 0% MG ; proxy cottage cheese.,Moyen,2026-08-04
19645,"Fromage blanc, nature, 0% MG, enrichi en vitamine D",Vitamine_E_mg_100g,,0.08,mg,"USDA FoodData Central (SR Legacy) — Cheese, cottage, creamed, large or small curd",,Fromage blanc nature 0% MG enrichi vitD ; même proxy.,Moyen,2026-08-04
19645,"Fromage blanc, nature, 0% MG, enrichi en vitamine D",Vitamine_K1_µg_100g,,0.0,µg,"USDA FoodData Central (SR Legacy) — Cheese, cottage, creamed, large or small curd",,Fromage blanc nature 0% MG enrichi vitD ; même proxy.,Moyen,2026-08-04
19645,"Fromage blanc, nature, 0% MG, enrichi en vitamine D",Vitamine_B9_µg_100g,,12.0,µg,"USDA FoodData Central (SR Legacy) — Cheese, cottage, creamed, large or small curd",,Fromage blanc nature 0% MG enrichi vitD ; même proxy.,Moyen,2026-08-04
19645,"Fromage blanc, nature, 0% MG, enrichi en vitamine D",Vitamine_B12_µg_100g,,0.43,µg,"USDA FoodData Central (SR Legacy) — Cheese, cottage, creamed, large or small curd",,Fromage blanc nature 0% MG enrichi vitD ; même proxy.,Moyen,2026-08-04
19645,"Fromage blanc, nature, 0% MG, enrichi en vitamine D",Sélénium_µg_100g,,9.7,µg,"USDA FoodData Central (SR Legacy) — Cheese, cottage, creamed, large or small curd",,Fromage blanc nature 0% MG enrichi vitD ; même proxy.,Moyen,2026-08-04
19645,"Fromage blanc, nature, 0% MG, enrichi en vitamine D",Beta-Carotène_µg_100g,,12.0,µg,"USDA FoodData Central (SR Legacy) — Cheese, cottage, creamed, large or small curd",,Fromage blanc nature 0% MG enrichi vitD ; même proxy.,Moyen,2026-08-04
19646,"Fromage blanc, nature, 2-3% MG",Vitamine_E_mg_100g,,0.08,mg,"USDA FoodData Central (SR Legacy) — Cheese, cottage, creamed, large or small curd",,Fromage blanc nature 2-3% MG ; même proxy.,Moyen,2026-08-04
19646,"Fromage blanc, nature, 2-3% MG",Vitamine_B9_µg_100g,,12.0,µg,"USDA FoodData Central (SR Legacy) — Cheese, cottage, creamed, large or small curd",,Fromage blanc nature 2-3% MG ; même proxy.,Moyen,2026-08-04
19648,"Fromage blanc, nature, 2-3% MG, enrichi en vitamine D",Vitamine_E_mg_100g,,0.08,mg,"USDA FoodData Central (SR Legacy) — Cheese, cottage, creamed, large or small curd",,Fromage blanc nature 2-3% MG enrichi vitD ; même proxy.,Moyen,2026-08-04
19648,"Fromage blanc, nature, 2-3% MG, enrichi en vitamine D",Vitamine_K1_µg_100g,,0.0,µg,"USDA FoodData Central (SR Legacy) — Cheese, cottage, creamed, large or small curd",,Fromage blanc nature 2-3% MG enrichi vitD ; même proxy.,Moyen,2026-08-04
19648,"Fromage blanc, nature, 2-3% MG, enrichi en vitamine D",Vitamine_B9_µg_100g,,12.0,µg,"USDA FoodData Central (SR Legacy) — Cheese, cottage, creamed, large or small curd",,Fromage blanc nature 2-3% MG enrichi vitD ; même proxy.,Moyen,2026-08-04
19648,"Fromage blanc, nature, 2-3% MG, enrichi en vitamine D",Beta-Carotène_µg_100g,,12.0,µg,"USDA FoodData Central (SR Legacy) — Cheese, cottage, creamed, large or small curd",,Fromage blanc nature 2-3% MG enrichi vitD ; même proxy.,Moyen,2026-08-04
19716,"Fromage blanc, nature, 2-3% MG, sucré",Vitamine_E_mg_100g,,0.08,mg,"USDA FoodData Central (SR Legacy) — Cheese, cottage, creamed, large or small curd",,Fromage blanc nature 2-3% MG sucré ; même proxy.,Moyen,2026-08-04
19716,"Fromage blanc, nature, 2-3% MG, sucré",Vitamine_K1_µg_100g,,0.0,µg,"USDA FoodData Central (SR Legacy) — Cheese, cottage, creamed, large or small curd",,Fromage blanc nature 2-3% MG sucré ; même proxy.,Moyen,2026-08-04
19716,"Fromage blanc, nature, 2-3% MG, sucré",Vitamine_B9_µg_100g,,12.0,µg,"USDA FoodData Central (SR Legacy) — Cheese, cottage, creamed, large or small curd",,Fromage blanc nature 2-3% MG sucré ; même proxy.,Moyen,2026-08-04
19716,"Fromage blanc, nature, 2-3% MG, sucré",Vitamine_D_µg_100g,,0.1,µg,"USDA FoodData Central (SR Legacy) — Cheese, cottage, creamed, large or small curd",,Fromage blanc nature 2-3% MG sucré ; même proxy.,Moyen,2026-08-04
19716,"Fromage blanc, nature, 2-3% MG, sucré",Vitamine_B12_µg_100g,,0.43,µg,"USDA FoodData Central (SR Legacy) — Cheese, cottage, creamed, large or small curd",,Fromage blanc nature 2-3% MG sucré ; même proxy.,Moyen,2026-08-04
19716,"Fromage blanc, nature, 2-3% MG, sucré",Sélénium_µg_100g,,9.7,µg,"USDA FoodData Central (SR Legacy) — Cheese, cottage, creamed, large or small curd",,Fromage blanc nature 2-3% MG sucré ; même proxy.,Moyen,2026-08-04
19716,"Fromage blanc, nature, 2-3% MG, sucré",Beta-Carotène_µg_100g,,12.0,µg,"USDA FoodData Central (SR Legacy) — Cheese, cottage, creamed, large or small curd",,Fromage blanc nature 2-3% MG sucré ; même proxy.,Moyen,2026-08-04
19711,"Fromage blanc, nature, 7-8% MG",Vitamine_E_mg_100g,,0.08,mg,"USDA FoodData Central (SR Legacy) — Cheese, cottage, creamed, large or small curd",,Fromage blanc nature 7-8% MG ; même proxy.,Moyen,2026-08-04
19711,"Fromage blanc, nature, 7-8% MG",Vitamine_K1_µg_100g,,0.0,µg,"USDA FoodData Central (SR Legacy) — Cheese, cottage, creamed, large or small curd",,Fromage blanc nature 7-8% MG ; même proxy.,Moyen,2026-08-04
19712,"Fromage blanc, nature, au lait de brebis, 5% MG environ",Vitamine_E_mg_100g,,0.08,mg,"USDA FoodData Central (SR Legacy) — Cheese, cottage, creamed, large or small curd",,Fromage blanc nature au lait de brebis 5% MG ; proxy cottage cheese (espèce laitière non distinguée).,Moyen,2026-08-04
19712,"Fromage blanc, nature, au lait de brebis, 5% MG environ",Vitamine_K1_µg_100g,,0.0,µg,"USDA FoodData Central (SR Legacy) — Cheese, cottage, creamed, large or small curd",,Fromage blanc nature au lait de brebis 5% MG ; proxy cottage cheese (espèce laitière non distinguée).,Moyen,2026-08-04
19712,"Fromage blanc, nature, au lait de brebis, 5% MG environ",Vitamine_B9_µg_100g,,12.0,µg,"USDA FoodData Central (SR Legacy) — Cheese, cottage, creamed, large or small curd",,Fromage blanc nature au lait de brebis 5% MG ; proxy cottage cheese (espèce laitière non distinguée).,Moyen,2026-08-04
19712,"Fromage blanc, nature, au lait de brebis, 5% MG environ",Vitamine_B12_µg_100g,,0.43,µg,"USDA FoodData Central (SR Legacy) — Cheese, cottage, creamed, large or small curd",,Fromage blanc nature au lait de brebis 5% MG ; proxy cottage cheese (espèce laitière non distinguée).,Moyen,2026-08-04
19712,"Fromage blanc, nature, au lait de brebis, 5% MG environ",Sélénium_µg_100g,,9.7,µg,"USDA FoodData Central (SR Legacy) — Cheese, cottage, creamed, large or small curd",,Fromage blanc nature au lait de brebis 5% MG ; proxy cottage cheese (espèce laitière non distinguée).,Moyen,2026-08-04
19712,"Fromage blanc, nature, au lait de brebis, 5% MG environ",Beta-Carotène_µg_100g,,12.0,µg,"USDA FoodData Central (SR Legacy) — Cheese, cottage, creamed, large or small curd",,Fromage blanc nature au lait de brebis 5% MG ; proxy cottage cheese (espèce laitière non distinguée).,Moyen,2026-08-04
19713,"Fromage blanc, nature, au lait de chèvre, 7% MG environ",Vitamine_E_mg_100g,,0.18,mg,"USDA FoodData Central (SR Legacy) — Cheese, goat, soft type",,Fromage blanc nature au lait de chèvre 7% MG ; proxy fromage de chèvre frais (espèce et texture fraîche toutes deux respectées).,Moyen,2026-08-04
19713,"Fromage blanc, nature, au lait de chèvre, 7% MG environ",Vitamine_K1_µg_100g,,1.8,µg,"USDA FoodData Central (SR Legacy) — Cheese, goat, soft type",,Fromage blanc nature au lait de chèvre 7% MG ; proxy fromage de chèvre frais (espèce et texture fraîche toutes deux respectées).,Moyen,2026-08-04
19713,"Fromage blanc, nature, au lait de chèvre, 7% MG environ",Vitamine_B9_µg_100g,,12.0,µg,"USDA FoodData Central (SR Legacy) — Cheese, goat, soft type",,Fromage blanc nature au lait de chèvre 7% MG ; proxy fromage de chèvre frais (espèce et texture fraîche toutes deux respectées).,Moyen,2026-08-04
19713,"Fromage blanc, nature, au lait de chèvre, 7% MG environ",Vitamine_D_µg_100g,,0.4,µg,"USDA FoodData Central (SR Legacy) — Cheese, goat, soft type",,Fromage blanc nature au lait de chèvre 7% MG ; proxy fromage de chèvre frais (espèce et texture fraîche toutes deux respectées).,Moyen,2026-08-04
19713,"Fromage blanc, nature, au lait de chèvre, 7% MG environ",Vitamine_B12_µg_100g,,0.19,µg,"USDA FoodData Central (SR Legacy) — Cheese, goat, soft type",,Fromage blanc nature au lait de chèvre 7% MG ; proxy fromage de chèvre frais (espèce et texture fraîche toutes deux respectées).,Moyen,2026-08-04
19713,"Fromage blanc, nature, au lait de chèvre, 7% MG environ",Sélénium_µg_100g,,2.8,µg,"USDA FoodData Central (SR Legacy) — Cheese, goat, soft type",,Fromage blanc nature au lait de chèvre 7% MG ; proxy fromage de chèvre frais (espèce et texture fraîche toutes deux respectées).,Moyen,2026-08-04
19713,"Fromage blanc, nature, au lait de chèvre, 7% MG environ",Beta-Carotène_µg_100g,,54.0,µg,"USDA FoodData Central (SR Legacy) — Cheese, goat, soft type",,Fromage blanc nature au lait de chèvre 7% MG ; proxy fromage de chèvre frais (espèce et texture fraîche toutes deux respectées).,Moyen,2026-08-04
19572,"Fromage frais type petit suisse, aromatisé chocolat, sucré",Vitamine_E_mg_100g,,0.08,mg,"USDA FoodData Central (SR Legacy) — Cheese, cottage, creamed, large or small curd",,Petit suisse aromatisé chocolat sucré ; proxy cottage cheese.,Moyen,2026-08-04
19572,"Fromage frais type petit suisse, aromatisé chocolat, sucré",Vitamine_K1_µg_100g,,0.0,µg,"USDA FoodData Central (SR Legacy) — Cheese, cottage, creamed, large or small curd",,Petit suisse aromatisé chocolat sucré ; proxy cottage cheese.,Moyen,2026-08-04
19572,"Fromage frais type petit suisse, aromatisé chocolat, sucré",Vitamine_B9_µg_100g,,12.0,µg,"USDA FoodData Central (SR Legacy) — Cheese, cottage, creamed, large or small curd",,Petit suisse aromatisé chocolat sucré ; proxy cottage cheese.,Moyen,2026-08-04
19572,"Fromage frais type petit suisse, aromatisé chocolat, sucré",Vitamine_D_µg_100g,,0.1,µg,"USDA FoodData Central (SR Legacy) — Cheese, cottage, creamed, large or small curd",,Petit suisse aromatisé chocolat sucré ; proxy cottage cheese.,Moyen,2026-08-04
19572,"Fromage frais type petit suisse, aromatisé chocolat, sucré",Vitamine_B12_µg_100g,,0.43,µg,"USDA FoodData Central (SR Legacy) — Cheese, cottage, creamed, large or small curd",,Petit suisse aromatisé chocolat sucré ; proxy cottage cheese.,Moyen,2026-08-04
19572,"Fromage frais type petit suisse, aromatisé chocolat, sucré",Sélénium_µg_100g,,9.7,µg,"USDA FoodData Central (SR Legacy) — Cheese, cottage, creamed, large or small curd",,Petit suisse aromatisé chocolat sucré ; proxy cottage cheese.,Moyen,2026-08-04
19572,"Fromage frais type petit suisse, aromatisé chocolat, sucré",Beta-Carotène_µg_100g,,12.0,µg,"USDA FoodData Central (SR Legacy) — Cheese, cottage, creamed, large or small curd",,Petit suisse aromatisé chocolat sucré ; proxy cottage cheese.,Moyen,2026-08-04
19721,"Fromage frais type petit suisse, aromatisé, 2-3% MG, sucré",Vitamine_E_mg_100g,,0.08,mg,"USDA FoodData Central (SR Legacy) — Cheese, cottage, creamed, large or small curd",,Petit suisse aromatisé 2-3% MG sucré ; même proxy.,Moyen,2026-08-04
19721,"Fromage frais type petit suisse, aromatisé, 2-3% MG, sucré",Vitamine_K1_µg_100g,,0.0,µg,"USDA FoodData Central (SR Legacy) — Cheese, cottage, creamed, large or small curd",,Petit suisse aromatisé 2-3% MG sucré ; même proxy.,Moyen,2026-08-04
19721,"Fromage frais type petit suisse, aromatisé, 2-3% MG, sucré",Vitamine_B9_µg_100g,,12.0,µg,"USDA FoodData Central (SR Legacy) — Cheese, cottage, creamed, large or small curd",,Petit suisse aromatisé 2-3% MG sucré ; même proxy.,Moyen,2026-08-04
19721,"Fromage frais type petit suisse, aromatisé, 2-3% MG, sucré",Vitamine_B12_µg_100g,,0.43,µg,"USDA FoodData Central (SR Legacy) — Cheese, cottage, creamed, large or small curd",,Petit suisse aromatisé 2-3% MG sucré ; même proxy.,Moyen,2026-08-04
19721,"Fromage frais type petit suisse, aromatisé, 2-3% MG, sucré",Sélénium_µg_100g,,9.7,µg,"USDA FoodData Central (SR Legacy) — Cheese, cottage, creamed, large or small curd",,Petit suisse aromatisé 2-3% MG sucré ; même proxy.,Moyen,2026-08-04
19721,"Fromage frais type petit suisse, aromatisé, 2-3% MG, sucré",Beta-Carotène_µg_100g,,12.0,µg,"USDA FoodData Central (SR Legacy) — Cheese, cottage, creamed, large or small curd",,Petit suisse aromatisé 2-3% MG sucré ; même proxy.,Moyen,2026-08-04
19722,"Fromage frais type petit suisse, aromatisé, 2-3% MG, sucré, enrichi en vitamine D",Vitamine_E_mg_100g,,0.08,mg,"USDA FoodData Central (SR Legacy) — Cheese, cottage, creamed, large or small curd",,Petit suisse aromatisé 2-3% MG sucré enrichi vitD ; même proxy.,Moyen,2026-08-04
19722,"Fromage frais type petit suisse, aromatisé, 2-3% MG, sucré, enrichi en vitamine D",Vitamine_K1_µg_100g,,0.0,µg,"USDA FoodData Central (SR Legacy) — Cheese, cottage, creamed, large or small curd",,Petit suisse aromatisé 2-3% MG sucré enrichi vitD ; même proxy.,Moyen,2026-08-04
19722,"Fromage frais type petit suisse, aromatisé, 2-3% MG, sucré, enrichi en vitamine D",Vitamine_B9_µg_100g,,12.0,µg,"USDA FoodData Central (SR Legacy) — Cheese, cottage, creamed, large or small curd",,Petit suisse aromatisé 2-3% MG sucré enrichi vitD ; même proxy.,Moyen,2026-08-04
19722,"Fromage frais type petit suisse, aromatisé, 2-3% MG, sucré, enrichi en vitamine D",Vitamine_B12_µg_100g,,0.43,µg,"USDA FoodData Central (SR Legacy) — Cheese, cottage, creamed, large or small curd",,Petit suisse aromatisé 2-3% MG sucré enrichi vitD ; même proxy.,Moyen,2026-08-04
19722,"Fromage frais type petit suisse, aromatisé, 2-3% MG, sucré, enrichi en vitamine D",Sélénium_µg_100g,,9.7,µg,"USDA FoodData Central (SR Legacy) — Cheese, cottage, creamed, large or small curd",,Petit suisse aromatisé 2-3% MG sucré enrichi vitD ; même proxy.,Moyen,2026-08-04
19722,"Fromage frais type petit suisse, aromatisé, 2-3% MG, sucré, enrichi en vitamine D",Beta-Carotène_µg_100g,,12.0,µg,"USDA FoodData Central (SR Legacy) — Cheese, cottage, creamed, large or small curd",,Petit suisse aromatisé 2-3% MG sucré enrichi vitD ; même proxy.,Moyen,2026-08-04
19719,"Fromage frais type petit suisse, aux fruits, 2-3% MG, sucré",Vitamine_E_mg_100g,,0.08,mg,"USDA FoodData Central (SR Legacy) — Cheese, cottage, creamed, large or small curd",,Petit suisse aux fruits 2-3% MG sucré ; même proxy.,Moyen,2026-08-04
19719,"Fromage frais type petit suisse, aux fruits, 2-3% MG, sucré",Vitamine_K1_µg_100g,,0.0,µg,"USDA FoodData Central (SR Legacy) — Cheese, cottage, creamed, large or small curd",,Petit suisse aux fruits 2-3% MG sucré ; même proxy.,Moyen,2026-08-04
19719,"Fromage frais type petit suisse, aux fruits, 2-3% MG, sucré",Vitamine_B9_µg_100g,,12.0,µg,"USDA FoodData Central (SR Legacy) — Cheese, cottage, creamed, large or small curd",,Petit suisse aux fruits 2-3% MG sucré ; même proxy.,Moyen,2026-08-04
19719,"Fromage frais type petit suisse, aux fruits, 2-3% MG, sucré",Beta-Carotène_µg_100g,,12.0,µg,"USDA FoodData Central (SR Legacy) — Cheese, cottage, creamed, large or small curd",,Petit suisse aux fruits 2-3% MG sucré ; même proxy.,Moyen,2026-08-04
19720,"Fromage frais type petit suisse, aux fruits, 2-3% MG, sucré, enrichi en vitamine D",Vitamine_E_mg_100g,,0.08,mg,"USDA FoodData Central (SR Legacy) — Cheese, cottage, creamed, large or small curd",,Petit suisse aux fruits 2-3% MG sucré enrichi vitD ; même proxy.,Moyen,2026-08-04
19720,"Fromage frais type petit suisse, aux fruits, 2-3% MG, sucré, enrichi en vitamine D",Vitamine_B9_µg_100g,,12.0,µg,"USDA FoodData Central (SR Legacy) — Cheese, cottage, creamed, large or small curd",,Petit suisse aux fruits 2-3% MG sucré enrichi vitD ; même proxy.,Moyen,2026-08-04
19663,"Fromage frais type petit suisse, nature, 0% MG",Vitamine_E_mg_100g,,0.01,mg,"USDA FoodData Central (SR Legacy) — Cheese, cottage, nonfat, uncreamed, dry, large or small curd",,Petit suisse nature 0% MG ; proxy cottage cheese non crémeux.,Moyen,2026-08-04
19663,"Fromage frais type petit suisse, nature, 0% MG",Vitamine_K1_µg_100g,,0.0,µg,"USDA FoodData Central (SR Legacy) — Cheese, cottage, nonfat, uncreamed, dry, large or small curd",,Petit suisse nature 0% MG ; proxy cottage cheese non crémeux.,Moyen,2026-08-04
19666,"Fromage frais type petit suisse, nature, 10% MG environ",Vitamine_E_mg_100g,,0.08,mg,"USDA FoodData Central (SR Legacy) — Cheese, cottage, creamed, large or small curd",,Petit suisse nature 10% MG environ ; proxy cottage cheese standard.,Moyen,2026-08-04
19666,"Fromage frais type petit suisse, nature, 10% MG environ",Vitamine_B9_µg_100g,,12.0,µg,"USDA FoodData Central (SR Legacy) — Cheese, cottage, creamed, large or small curd",,Petit suisse nature 10% MG environ ; proxy cottage cheese standard.,Moyen,2026-08-04
19666,"Fromage frais type petit suisse, nature, 10% MG environ",Beta-Carotène_µg_100g,,12.0,µg,"USDA FoodData Central (SR Legacy) — Cheese, cottage, creamed, large or small curd",,Petit suisse nature 10% MG environ ; proxy cottage cheese standard.,Moyen,2026-08-04
19664,"Fromage frais type petit suisse, nature, 4% MG environ",Vitamine_E_mg_100g,,0.08,mg,"USDA FoodData Central (SR Legacy) — Cheese, cottage, creamed, large or small curd",,Petit suisse nature 4% MG environ ; même proxy.,Moyen,2026-08-04
19664,"Fromage frais type petit suisse, nature, 4% MG environ",Vitamine_K1_µg_100g,,0.0,µg,"USDA FoodData Central (SR Legacy) — Cheese, cottage, creamed, large or small curd",,Petit suisse nature 4% MG environ ; même proxy.,Moyen,2026-08-04
19664,"Fromage frais type petit suisse, nature, 4% MG environ",Vitamine_B9_µg_100g,,12.0,µg,"USDA FoodData Central (SR Legacy) — Cheese, cottage, creamed, large or small curd",,Petit suisse nature 4% MG environ ; même proxy.,Moyen,2026-08-04
19664,"Fromage frais type petit suisse, nature, 4% MG environ",Vitamine_D_µg_100g,,0.1,µg,"USDA FoodData Central (SR Legacy) — Cheese, cottage, creamed, large or small curd",,Petit suisse nature 4% MG environ ; même proxy.,Moyen,2026-08-04
19664,"Fromage frais type petit suisse, nature, 4% MG environ",Beta-Carotène_µg_100g,,12.0,µg,"USDA FoodData Central (SR Legacy) — Cheese, cottage, creamed, large or small curd",,Petit suisse nature 4% MG environ ; même proxy.,Moyen,2026-08-04
19865,Kéfir de lait,Vitamine_E_mg_100g,,0.02,mg,"USDA FoodData Central (SR Legacy) — Kefir, lowfat, plain, LIFEWAY",,Correspondance exacte : kéfir de lait.,Élevé,2026-08-04
19865,Kéfir de lait,Beta-Carotène_µg_100g,,0.0,µg,"USDA FoodData Central (SR Legacy) — Kefir, lowfat, plain, LIFEWAY",,Correspondance exacte : kéfir de lait.,Élevé,2026-08-04
19038,"Lait à 1,2% MG, UHT, enrichi en vitamines",Vitamine_E_mg_100g,,0.01,mg,"USDA FoodData Central (SR Legacy) — Milk, lowfat, fluid, 1% milkfat, with added vitamin A and vitamin D",,"Lait 1,2% MG UHT enrichi ; proxy lait 1% MG (gamme la plus proche).",Moyen,2026-08-04
19038,"Lait à 1,2% MG, UHT, enrichi en vitamines",Beta-Carotène_µg_100g,,2.0,µg,"USDA FoodData Central (SR Legacy) — Milk, lowfat, fluid, 1% milkfat, with added vitamin A and vitamin D",,"Lait 1,2% MG UHT enrichi ; proxy lait 1% MG (gamme la plus proche).",Moyen,2026-08-04
19027,"Lait concentré sucré, entier",Vitamine_E_mg_100g,,0.16,mg,"USDA FoodData Central (SR Legacy) — Milk, canned, condensed, sweetened",,"Correspondance exacte : lait concentré sucré = ""sweetened condensed milk"".",Élevé,2026-08-04
19201,"Lait de chèvre, demi-écrémé, UHT",Vitamine_E_mg_100g,,0.07,mg,"USDA FoodData Central (SR Legacy) — Milk, goat, fluid, with added vitamin D",,Lait de chèvre demi-écrémé UHT ; proxy lait de chèvre entier (teneur réduite en matière grasse non distinguée par l'USDA).,Moyen,2026-08-04
19202,"Lait de chèvre, entier, cru",Vitamine_E_mg_100g,,0.07,mg,"USDA FoodData Central (SR Legacy) — Milk, goat, fluid, with added vitamin D",,Correspondance exacte : lait de chèvre entier cru.,Élevé,2026-08-04
19202,"Lait de chèvre, entier, cru",Vitamine_K1_µg_100g,,0.3,µg,"USDA FoodData Central (SR Legacy) — Milk, goat, fluid, with added vitamin D",,Correspondance exacte : lait de chèvre entier cru.,Élevé,2026-08-04
19202,"Lait de chèvre, entier, cru",Vitamine_B12_µg_100g,,0.07,µg,"USDA FoodData Central (SR Legacy) — Milk, goat, fluid, with added vitamin D",,Correspondance exacte : lait de chèvre entier cru.,Élevé,2026-08-04
19202,"Lait de chèvre, entier, cru",Beta-Carotène_µg_100g,,7.0,µg,"USDA FoodData Central (SR Legacy) — Milk, goat, fluid, with added vitamin D",,Correspondance exacte : lait de chèvre entier cru.,Élevé,2026-08-04
19033,Lait demi-écrémé (aliment moyen),Vitamine_E_mg_100g,,0.03,mg,"USDA FoodData Central (SR Legacy) — Milk, reduced fat, fluid, 2% milkfat, with added vitamin A and vitamin D",,"Lait demi-écrémé (aliment moyen) ; catégorie de matière grasse bien définie (~1,5-1,8% MG), proxy lait ""reduced fat 2%"" (équivalence standard).",Moyen,2026-08-04
19033,Lait demi-écrémé (aliment moyen),Vitamine_B9_µg_100g,,5.0,µg,"USDA FoodData Central (SR Legacy) — Milk, reduced fat, fluid, 2% milkfat, with added vitamin A and vitamin D",,"Lait demi-écrémé (aliment moyen) ; catégorie de matière grasse bien définie (~1,5-1,8% MG), proxy lait ""reduced fat 2%"" (équivalence standard).",Moyen,2026-08-04
19060,"Lait demi-écrémé (ou à teneur en matière grasse légèrement inférieure), UHT,  à teneur réduite en lactose",Vitamine_E_mg_100g,,0.03,mg,"USDA FoodData Central (SR Legacy) — Milk, reduced fat, fluid, 2% milkfat, with added vitamin A and vitamin D",,Lait demi-écrémé à teneur réduite en lactose UHT ; même proxy (lactose non distingué).,Moyen,2026-08-04
19060,"Lait demi-écrémé (ou à teneur en matière grasse légèrement inférieure), UHT,  à teneur réduite en lactose",Vitamine_K1_µg_100g,,0.2,µg,"USDA FoodData Central (SR Legacy) — Milk, reduced fat, fluid, 2% milkfat, with added vitamin A and vitamin D",,Lait demi-écrémé à teneur réduite en lactose UHT ; même proxy (lactose non distingué).,Moyen,2026-08-04
19060,"Lait demi-écrémé (ou à teneur en matière grasse légèrement inférieure), UHT,  à teneur réduite en lactose",Vitamine_B9_µg_100g,,5.0,µg,"USDA FoodData Central (SR Legacy) — Milk, reduced fat, fluid, 2% milkfat, with added vitamin A and vitamin D",,Lait demi-écrémé à teneur réduite en lactose UHT ; même proxy (lactose non distingué).,Moyen,2026-08-04
19060,"Lait demi-écrémé (ou à teneur en matière grasse légèrement inférieure), UHT,  à teneur réduite en lactose",Vitamine_D_µg_100g,,1.2,µg,"USDA FoodData Central (SR Legacy) — Milk, reduced fat, fluid, 2% milkfat, with added vitamin A and vitamin D",,Lait demi-écrémé à teneur réduite en lactose UHT ; même proxy (lactose non distingué).,Moyen,2026-08-04
19060,"Lait demi-écrémé (ou à teneur en matière grasse légèrement inférieure), UHT,  à teneur réduite en lactose",Vitamine_B12_µg_100g,,0.53,µg,"USDA FoodData Central (SR Legacy) — Milk, reduced fat, fluid, 2% milkfat, with added vitamin A and vitamin D",,Lait demi-écrémé à teneur réduite en lactose UHT ; même proxy (lactose non distingué).,Moyen,2026-08-04
19060,"Lait demi-écrémé (ou à teneur en matière grasse légèrement inférieure), UHT,  à teneur réduite en lactose",Sélénium_µg_100g,,2.5,µg,"USDA FoodData Central (SR Legacy) — Milk, reduced fat, fluid, 2% milkfat, with added vitamin A and vitamin D",,Lait demi-écrémé à teneur réduite en lactose UHT ; même proxy (lactose non distingué).,Moyen,2026-08-04
19060,"Lait demi-écrémé (ou à teneur en matière grasse légèrement inférieure), UHT,  à teneur réduite en lactose",Beta-Carotène_µg_100g,,4.0,µg,"USDA FoodData Central (SR Legacy) — Milk, reduced fat, fluid, 2% milkfat, with added vitamin A and vitamin D",,Lait demi-écrémé à teneur réduite en lactose UHT ; même proxy (lactose non distingué).,Moyen,2026-08-04
19042,"Lait demi-écrémé, pasteurisé",Vitamine_E_mg_100g,,0.03,mg,"USDA FoodData Central (SR Legacy) — Milk, reduced fat, fluid, 2% milkfat, with added vitamin A and vitamin D",,"Lait demi-écrémé pasteurisé ; correspondance de gamme avec lait ""reduced fat 2%"".",Élevé,2026-08-04
19041,"Lait demi-écrémé, UHT",Vitamine_E_mg_100g,,0.03,mg,"USDA FoodData Central (SR Legacy) — Milk, reduced fat, fluid, 2% milkfat, with added vitamin A and vitamin D",,Lait demi-écrémé UHT ; même correspondance.,Élevé,2026-08-04
19041,"Lait demi-écrémé, UHT",Vitamine_B9_µg_100g,,5.0,µg,"USDA FoodData Central (SR Legacy) — Milk, reduced fat, fluid, 2% milkfat, with added vitamin A and vitamin D",,Lait demi-écrémé UHT ; même correspondance.,Élevé,2026-08-04
19037,"Lait demi-écrémé, UHT, enrichi en vitamine D",Vitamine_E_mg_100g,,0.03,mg,"USDA FoodData Central (SR Legacy) — Milk, reduced fat, fluid, 2% milkfat, with added vitamin A and vitamin D",,Lait demi-écrémé UHT enrichi vitamine D ; même correspondance (lait USDA déjà enrichi en vitamine D par défaut).,Élevé,2026-08-04
19037,"Lait demi-écrémé, UHT, enrichi en vitamine D",Beta-Carotène_µg_100g,,4.0,µg,"USDA FoodData Central (SR Legacy) — Milk, reduced fat, fluid, 2% milkfat, with added vitamin A and vitamin D",,Lait demi-écrémé UHT enrichi vitamine D ; même correspondance (lait USDA déjà enrichi en vitamine D par défaut).,Élevé,2026-08-04
19051,"Lait écrémé, pasteurisé",Vitamine_E_mg_100g,,0.01,mg,"USDA FoodData Central (SR Legacy) — Milk, nonfat, fluid, with added nonfat milk solids, vitamin A and vitamin D (fat free or skim)",,Correspondance exacte : lait écrémé pasteurisé.,Élevé,2026-08-04
19050,"Lait écrémé, UHT",Vitamine_E_mg_100g,,0.01,mg,"USDA FoodData Central (SR Legacy) — Milk, nonfat, fluid, with added nonfat milk solids, vitamin A and vitamin D (fat free or skim)",,Correspondance exacte : lait écrémé UHT.,Élevé,2026-08-04
19050,"Lait écrémé, UHT",Vitamine_B9_µg_100g,,5.0,µg,"USDA FoodData Central (SR Legacy) — Milk, nonfat, fluid, with added nonfat milk solids, vitamin A and vitamin D (fat free or skim)",,Correspondance exacte : lait écrémé UHT.,Élevé,2026-08-04
19044,"Lait en poudre, demi-écrémé",Vitamine_E_mg_100g,,0.0,mg,"USDA FoodData Central (SR Legacy) — Milk, dry, nonfat, regular, with added vitamin A and vitamin D",,"Lait en poudre demi-écrémé ; l'USDA n'a que lait en poudre entier ou écrémé, proxy écrémé (plus proche pour un lait demi-écrémé français, généralement peu gras).",Moyen,2026-08-04
19044,"Lait en poudre, demi-écrémé",Vitamine_K1_µg_100g,,0.1,µg,"USDA FoodData Central (SR Legacy) — Milk, dry, nonfat, regular, with added vitamin A and vitamin D",,"Lait en poudre demi-écrémé ; l'USDA n'a que lait en poudre entier ou écrémé, proxy écrémé (plus proche pour un lait demi-écrémé français, généralement peu gras).",Moyen,2026-08-04
19044,"Lait en poudre, demi-écrémé",Vitamine_D_µg_100g,,11.0,µg,"USDA FoodData Central (SR Legacy) — Milk, dry, nonfat, regular, with added vitamin A and vitamin D",,"Lait en poudre demi-écrémé ; l'USDA n'a que lait en poudre entier ou écrémé, proxy écrémé (plus proche pour un lait demi-écrémé français, généralement peu gras).",Moyen,2026-08-04
19044,"Lait en poudre, demi-écrémé",Sélénium_µg_100g,,27.3,µg,"USDA FoodData Central (SR Legacy) — Milk, dry, nonfat, regular, with added vitamin A and vitamin D",,"Lait en poudre demi-écrémé ; l'USDA n'a que lait en poudre entier ou écrémé, proxy écrémé (plus proche pour un lait demi-écrémé français, généralement peu gras).",Moyen,2026-08-04
19044,"Lait en poudre, demi-écrémé",Beta-Carotène_µg_100g,,1.0,µg,"USDA FoodData Central (SR Legacy) — Milk, dry, nonfat, regular, with added vitamin A and vitamin D",,"Lait en poudre demi-écrémé ; l'USDA n'a que lait en poudre entier ou écrémé, proxy écrémé (plus proche pour un lait demi-écrémé français, généralement peu gras).",Moyen,2026-08-04
19054,"Lait en poudre, écrémé",Vitamine_E_mg_100g,,0.0,mg,"USDA FoodData Central (SR Legacy) — Milk, dry, nonfat, regular, with added vitamin A and vitamin D",,Correspondance exacte : lait en poudre écrémé.,Élevé,2026-08-04
19021,"Lait en poudre, entier",Vitamine_E_mg_100g,,0.58,mg,"USDA FoodData Central (SR Legacy) — Milk, dry, whole, with added vitamin D",,Correspondance exacte : lait en poudre entier.,Élevé,2026-08-04
19021,"Lait en poudre, entier",Vitamine_K1_µg_100g,,2.2,µg,"USDA FoodData Central (SR Legacy) — Milk, dry, whole, with added vitamin D",,Correspondance exacte : lait en poudre entier.,Élevé,2026-08-04
19016,Lait entier (aliment moyen),Vitamine_E_mg_100g,,0.07,mg,"USDA FoodData Central (SR Legacy) — Milk, whole, 3.25% milkfat, with added vitamin D",,"Lait entier (aliment moyen) ; catégorie de matière grasse bien définie, proxy lait entier standard.",Moyen,2026-08-04
19016,Lait entier (aliment moyen),Vitamine_B9_µg_100g,,5.0,µg,"USDA FoodData Central (SR Legacy) — Milk, whole, 3.25% milkfat, with added vitamin D",,"Lait entier (aliment moyen) ; catégorie de matière grasse bien définie, proxy lait entier standard.",Moyen,2026-08-04
19024,"Lait entier, pasteurisé",Vitamine_E_mg_100g,,0.07,mg,"USDA FoodData Central (SR Legacy) — Milk, whole, 3.25% milkfat, with added vitamin D",,Correspondance exacte : lait entier pasteurisé.,Élevé,2026-08-04
19023,"Lait entier, UHT",Vitamine_E_mg_100g,,0.07,mg,"USDA FoodData Central (SR Legacy) — Milk, whole, 3.25% milkfat, with added vitamin D",,Correspondance exacte : lait entier UHT.,Élevé,2026-08-04
19023,"Lait entier, UHT",Vitamine_B9_µg_100g,,5.0,µg,"USDA FoodData Central (SR Legacy) — Milk, whole, 3.25% milkfat, with added vitamin D",,Correspondance exacte : lait entier UHT.,Élevé,2026-08-04
19805,"Lait fermenté à boire ou lait ribot, nature, au lait entier",Vitamine_E_mg_100g,,0.05,mg,"USDA FoodData Central (SR Legacy) — Milk, buttermilk, fluid, cultured, lowfat",,"Lait fermenté à boire/lait ribot nature au lait entier ; proxy ""buttermilk"" (produit le plus proche, bien que la référence USDA soit à teneur réduite en matière grasse).",Moyen,2026-08-04
19805,"Lait fermenté à boire ou lait ribot, nature, au lait entier",Beta-Carotène_µg_100g,,1.0,µg,"USDA FoodData Central (SR Legacy) — Milk, buttermilk, fluid, cultured, lowfat",,"Lait fermenté à boire/lait ribot nature au lait entier ; proxy ""buttermilk"" (produit le plus proche, bien que la référence USDA soit à teneur réduite en matière grasse).",Moyen,2026-08-04
19801,"Lait fermenté à boire ou lait ribot, nature, maigre",Vitamine_E_mg_100g,,0.05,mg,"USDA FoodData Central (SR Legacy) — Milk, buttermilk, fluid, cultured, lowfat",,"Lait fermenté à boire/lait ribot nature maigre ; correspondance de gamme avec ""buttermilk"" à teneur réduite en matière grasse.",Élevé,2026-08-04
19500,"Lait fermenté à boire, aromatisé, avec édulcorants, allégé en sucres, 0% MG, au L Casei",Vitamine_E_mg_100g,,0.0,mg,"USDA FoodData Central (SR Legacy) — Yogurt, plain, skim milk",,Lait fermenté à boire aromatisé édulcorants allégé 0% MG au L. Casei ; proxy yaourt nature écrémé (probiotique spécifique et arôme non reflétés).,Moyen,2026-08-04
19500,"Lait fermenté à boire, aromatisé, avec édulcorants, allégé en sucres, 0% MG, au L Casei",Vitamine_K1_µg_100g,,0.2,µg,"USDA FoodData Central (SR Legacy) — Yogurt, plain, skim milk",,Lait fermenté à boire aromatisé édulcorants allégé 0% MG au L. Casei ; proxy yaourt nature écrémé (probiotique spécifique et arôme non reflétés).,Moyen,2026-08-04
19500,"Lait fermenté à boire, aromatisé, avec édulcorants, allégé en sucres, 0% MG, au L Casei",Vitamine_B9_µg_100g,,12.0,µg,"USDA FoodData Central (SR Legacy) — Yogurt, plain, skim milk",,Lait fermenté à boire aromatisé édulcorants allégé 0% MG au L. Casei ; proxy yaourt nature écrémé (probiotique spécifique et arôme non reflétés).,Moyen,2026-08-04
19500,"Lait fermenté à boire, aromatisé, avec édulcorants, allégé en sucres, 0% MG, au L Casei",Vitamine_B12_µg_100g,,0.61,µg,"USDA FoodData Central (SR Legacy) — Yogurt, plain, skim milk",,Lait fermenté à boire aromatisé édulcorants allégé 0% MG au L. Casei ; proxy yaourt nature écrémé (probiotique spécifique et arôme non reflétés).,Moyen,2026-08-04
19500,"Lait fermenté à boire, aromatisé, avec édulcorants, allégé en sucres, 0% MG, au L Casei",Sélénium_µg_100g,,3.6,µg,"USDA FoodData Central (SR Legacy) — Yogurt, plain, skim milk",,Lait fermenté à boire aromatisé édulcorants allégé 0% MG au L. Casei ; proxy yaourt nature écrémé (probiotique spécifique et arôme non reflétés).,Moyen,2026-08-04
19500,"Lait fermenté à boire, aromatisé, avec édulcorants, allégé en sucres, 0% MG, au L Casei",Beta-Carotène_µg_100g,,0.0,µg,"USDA FoodData Central (SR Legacy) — Yogurt, plain, skim milk",,Lait fermenté à boire aromatisé édulcorants allégé 0% MG au L. Casei ; proxy yaourt nature écrémé (probiotique spécifique et arôme non reflétés).,Moyen,2026-08-04
19551,"Lait fermenté à boire, aromatisé, sucré,  enrichi en vitamine D, au L Casei",Vitamine_E_mg_100g,,0.03,mg,"USDA FoodData Central (SR Legacy) — Yogurt, plain, low fat",,Lait fermenté à boire aromatisé sucré enrichi vitD au L. Casei ; proxy yaourt nature allégé.,Moyen,2026-08-04
19551,"Lait fermenté à boire, aromatisé, sucré,  enrichi en vitamine D, au L Casei",Vitamine_K1_µg_100g,,0.2,µg,"USDA FoodData Central (SR Legacy) — Yogurt, plain, low fat",,Lait fermenté à boire aromatisé sucré enrichi vitD au L. Casei ; proxy yaourt nature allégé.,Moyen,2026-08-04
19551,"Lait fermenté à boire, aromatisé, sucré,  enrichi en vitamine D, au L Casei",Vitamine_B9_µg_100g,,11.0,µg,"USDA FoodData Central (SR Legacy) — Yogurt, plain, low fat",,Lait fermenté à boire aromatisé sucré enrichi vitD au L. Casei ; proxy yaourt nature allégé.,Moyen,2026-08-04
19551,"Lait fermenté à boire, aromatisé, sucré,  enrichi en vitamine D, au L Casei",Vitamine_B12_µg_100g,,0.56,µg,"USDA FoodData Central (SR Legacy) — Yogurt, plain, low fat",,Lait fermenté à boire aromatisé sucré enrichi vitD au L. Casei ; proxy yaourt nature allégé.,Moyen,2026-08-04
19551,"Lait fermenté à boire, aromatisé, sucré,  enrichi en vitamine D, au L Casei",Sélénium_µg_100g,,3.3,µg,"USDA FoodData Central (SR Legacy) — Yogurt, plain, low fat",,Lait fermenté à boire aromatisé sucré enrichi vitD au L. Casei ; proxy yaourt nature allégé.,Moyen,2026-08-04
19551,"Lait fermenté à boire, aromatisé, sucré,  enrichi en vitamine D, au L Casei",Beta-Carotène_µg_100g,,2.0,µg,"USDA FoodData Central (SR Legacy) — Yogurt, plain, low fat",,Lait fermenté à boire aromatisé sucré enrichi vitD au L. Casei ; proxy yaourt nature allégé.,Moyen,2026-08-04
19516,"Lait fermenté à boire, aromatisé, sucré, au L Casei",Vitamine_E_mg_100g,,0.03,mg,"USDA FoodData Central (SR Legacy) — Yogurt, plain, low fat",,Lait fermenté à boire aromatisé sucré au L. Casei ; même proxy.,Moyen,2026-08-04
19516,"Lait fermenté à boire, aromatisé, sucré, au L Casei",Vitamine_K1_µg_100g,,0.2,µg,"USDA FoodData Central (SR Legacy) — Yogurt, plain, low fat",,Lait fermenté à boire aromatisé sucré au L. Casei ; même proxy.,Moyen,2026-08-04
19516,"Lait fermenté à boire, aromatisé, sucré, au L Casei",Vitamine_B9_µg_100g,,11.0,µg,"USDA FoodData Central (SR Legacy) — Yogurt, plain, low fat",,Lait fermenté à boire aromatisé sucré au L. Casei ; même proxy.,Moyen,2026-08-04
19516,"Lait fermenté à boire, aromatisé, sucré, au L Casei",Vitamine_B12_µg_100g,,0.56,µg,"USDA FoodData Central (SR Legacy) — Yogurt, plain, low fat",,Lait fermenté à boire aromatisé sucré au L. Casei ; même proxy.,Moyen,2026-08-04
19516,"Lait fermenté à boire, aromatisé, sucré, au L Casei",Sélénium_µg_100g,,3.3,µg,"USDA FoodData Central (SR Legacy) — Yogurt, plain, low fat",,Lait fermenté à boire aromatisé sucré au L. Casei ; même proxy.,Moyen,2026-08-04
19516,"Lait fermenté à boire, aromatisé, sucré, au L Casei",Beta-Carotène_µg_100g,,2.0,µg,"USDA FoodData Central (SR Legacy) — Yogurt, plain, low fat",,Lait fermenté à boire aromatisé sucré au L. Casei ; même proxy.,Moyen,2026-08-04
19508,"Lait fermenté ou yaourt à boire, aromatisé, sucré",Vitamine_E_mg_100g,,0.06,mg,"USDA FoodData Central (SR Legacy) — Yogurt, fruit, lowfat, with low calorie sweetener",,Lait fermenté ou yaourt à boire aromatisé sucré ; proxy yaourt aux fruits allégé.,Moyen,2026-08-04
19508,"Lait fermenté ou yaourt à boire, aromatisé, sucré",Vitamine_B9_µg_100g,,10.0,µg,"USDA FoodData Central (SR Legacy) — Yogurt, fruit, lowfat, with low calorie sweetener",,Lait fermenté ou yaourt à boire aromatisé sucré ; proxy yaourt aux fruits allégé.,Moyen,2026-08-04
19534,"Lait fermenté ou yaourt à boire, aromatisé, sucré, enrichi en vitamine D",Vitamine_E_mg_100g,,0.06,mg,"USDA FoodData Central (SR Legacy) — Yogurt, fruit, lowfat, with low calorie sweetener",,Lait fermenté ou yaourt à boire aromatisé sucré enrichi vitD ; même proxy.,Moyen,2026-08-04
19534,"Lait fermenté ou yaourt à boire, aromatisé, sucré, enrichi en vitamine D",Vitamine_K1_µg_100g,,1.2,µg,"USDA FoodData Central (SR Legacy) — Yogurt, fruit, lowfat, with low calorie sweetener",,Lait fermenté ou yaourt à boire aromatisé sucré enrichi vitD ; même proxy.,Moyen,2026-08-04
19534,"Lait fermenté ou yaourt à boire, aromatisé, sucré, enrichi en vitamine D",Vitamine_B9_µg_100g,,10.0,µg,"USDA FoodData Central (SR Legacy) — Yogurt, fruit, lowfat, with low calorie sweetener",,Lait fermenté ou yaourt à boire aromatisé sucré enrichi vitD ; même proxy.,Moyen,2026-08-04
19534,"Lait fermenté ou yaourt à boire, aromatisé, sucré, enrichi en vitamine D",Sélénium_µg_100g,,3.1,µg,"USDA FoodData Central (SR Legacy) — Yogurt, fruit, lowfat, with low calorie sweetener",,Lait fermenté ou yaourt à boire aromatisé sucré enrichi vitD ; même proxy.,Moyen,2026-08-04
19534,"Lait fermenté ou yaourt à boire, aromatisé, sucré, enrichi en vitamine D",Beta-Carotène_µg_100g,,4.0,µg,"USDA FoodData Central (SR Legacy) — Yogurt, fruit, lowfat, with low calorie sweetener",,Lait fermenté ou yaourt à boire aromatisé sucré enrichi vitD ; même proxy.,Moyen,2026-08-04
19536,"Lait fermenté ou yaourt à boire, aux fruits, sucré, enrichi en vitamine D",Vitamine_E_mg_100g,,0.06,mg,"USDA FoodData Central (SR Legacy) — Yogurt, fruit, lowfat, with low calorie sweetener",,Lait fermenté ou yaourt à boire aux fruits sucré enrichi vitD ; même proxy.,Moyen,2026-08-04
19536,"Lait fermenté ou yaourt à boire, aux fruits, sucré, enrichi en vitamine D",Vitamine_K1_µg_100g,,1.2,µg,"USDA FoodData Central (SR Legacy) — Yogurt, fruit, lowfat, with low calorie sweetener",,Lait fermenté ou yaourt à boire aux fruits sucré enrichi vitD ; même proxy.,Moyen,2026-08-04
19536,"Lait fermenté ou yaourt à boire, aux fruits, sucré, enrichi en vitamine D",Vitamine_B9_µg_100g,,10.0,µg,"USDA FoodData Central (SR Legacy) — Yogurt, fruit, lowfat, with low calorie sweetener",,Lait fermenté ou yaourt à boire aux fruits sucré enrichi vitD ; même proxy.,Moyen,2026-08-04
19536,"Lait fermenté ou yaourt à boire, aux fruits, sucré, enrichi en vitamine D",Sélénium_µg_100g,,3.1,µg,"USDA FoodData Central (SR Legacy) — Yogurt, fruit, lowfat, with low calorie sweetener",,Lait fermenté ou yaourt à boire aux fruits sucré enrichi vitD ; même proxy.,Moyen,2026-08-04
19536,"Lait fermenté ou yaourt à boire, aux fruits, sucré, enrichi en vitamine D",Beta-Carotène_µg_100g,,4.0,µg,"USDA FoodData Central (SR Legacy) — Yogurt, fruit, lowfat, with low calorie sweetener",,Lait fermenté ou yaourt à boire aux fruits sucré enrichi vitD ; même proxy.,Moyen,2026-08-04
19539,"Lait fermenté type yaourt au bifidus, aromatisé, sucré",Vitamine_E_mg_100g,,0.06,mg,"USDA FoodData Central (SR Legacy) — Yogurt, plain, whole milk",,"Lait fermenté type yaourt au bifidus aromatisé sucré ; proxy yaourt nature au lait entier (ferment bifidus non distingué, cohérent avec le proxy déjà retenu pour ce type d'aliment lors de l'audit vitamine E).",Moyen,2026-08-04
19539,"Lait fermenté type yaourt au bifidus, aromatisé, sucré",Vitamine_K1_µg_100g,,0.2,µg,"USDA FoodData Central (SR Legacy) — Yogurt, plain, whole milk",,"Lait fermenté type yaourt au bifidus aromatisé sucré ; proxy yaourt nature au lait entier (ferment bifidus non distingué, cohérent avec le proxy déjà retenu pour ce type d'aliment lors de l'audit vitamine E).",Moyen,2026-08-04
19539,"Lait fermenté type yaourt au bifidus, aromatisé, sucré",Vitamine_B9_µg_100g,,7.0,µg,"USDA FoodData Central (SR Legacy) — Yogurt, plain, whole milk",,"Lait fermenté type yaourt au bifidus aromatisé sucré ; proxy yaourt nature au lait entier (ferment bifidus non distingué, cohérent avec le proxy déjà retenu pour ce type d'aliment lors de l'audit vitamine E).",Moyen,2026-08-04
19541,"Lait fermenté type yaourt au bifidus, aux fruits, 0% MG, avec édulcorants",Vitamine_E_mg_100g,,0.0,mg,"USDA FoodData Central (SR Legacy) — Yogurt, plain, skim milk",,Lait fermenté type yaourt au bifidus aux fruits 0% MG édulcorants ; proxy yaourt nature écrémé.,Moyen,2026-08-04
19541,"Lait fermenté type yaourt au bifidus, aux fruits, 0% MG, avec édulcorants",Vitamine_K1_µg_100g,,0.2,µg,"USDA FoodData Central (SR Legacy) — Yogurt, plain, skim milk",,Lait fermenté type yaourt au bifidus aux fruits 0% MG édulcorants ; proxy yaourt nature écrémé.,Moyen,2026-08-04
19541,"Lait fermenté type yaourt au bifidus, aux fruits, 0% MG, avec édulcorants",Vitamine_B9_µg_100g,,12.0,µg,"USDA FoodData Central (SR Legacy) — Yogurt, plain, skim milk",,Lait fermenté type yaourt au bifidus aux fruits 0% MG édulcorants ; proxy yaourt nature écrémé.,Moyen,2026-08-04
19541,"Lait fermenté type yaourt au bifidus, aux fruits, 0% MG, avec édulcorants",Vitamine_D_µg_100g,,0.0,µg,"USDA FoodData Central (SR Legacy) — Yogurt, plain, skim milk",,Lait fermenté type yaourt au bifidus aux fruits 0% MG édulcorants ; proxy yaourt nature écrémé.,Moyen,2026-08-04
19541,"Lait fermenté type yaourt au bifidus, aux fruits, 0% MG, avec édulcorants",Sélénium_µg_100g,,3.6,µg,"USDA FoodData Central (SR Legacy) — Yogurt, plain, skim milk",,Lait fermenté type yaourt au bifidus aux fruits 0% MG édulcorants ; proxy yaourt nature écrémé.,Moyen,2026-08-04
19541,"Lait fermenté type yaourt au bifidus, aux fruits, 0% MG, avec édulcorants",Beta-Carotène_µg_100g,,0.0,µg,"USDA FoodData Central (SR Legacy) — Yogurt, plain, skim milk",,Lait fermenté type yaourt au bifidus aux fruits 0% MG édulcorants ; proxy yaourt nature écrémé.,Moyen,2026-08-04
19542,"Lait fermenté type yaourt au bifidus, aux fruits, sucré",Vitamine_E_mg_100g,,0.06,mg,"USDA FoodData Central (SR Legacy) — Yogurt, fruit, lowfat, with low calorie sweetener",,Lait fermenté type yaourt au bifidus aux fruits sucré ; proxy yaourt aux fruits allégé.,Moyen,2026-08-04
19542,"Lait fermenté type yaourt au bifidus, aux fruits, sucré",Vitamine_K1_µg_100g,,1.2,µg,"USDA FoodData Central (SR Legacy) — Yogurt, fruit, lowfat, with low calorie sweetener",,Lait fermenté type yaourt au bifidus aux fruits sucré ; proxy yaourt aux fruits allégé.,Moyen,2026-08-04
19542,"Lait fermenté type yaourt au bifidus, aux fruits, sucré",Vitamine_B9_µg_100g,,10.0,µg,"USDA FoodData Central (SR Legacy) — Yogurt, fruit, lowfat, with low calorie sweetener",,Lait fermenté type yaourt au bifidus aux fruits sucré ; proxy yaourt aux fruits allégé.,Moyen,2026-08-04
19544,"Lait fermenté type yaourt au bifidus, nature, 0% MG",Vitamine_E_mg_100g,,0.0,mg,"USDA FoodData Central (SR Legacy) — Yogurt, plain, skim milk",,Lait fermenté type yaourt au bifidus nature 0% MG ; proxy yaourt nature écrémé.,Moyen,2026-08-04
19544,"Lait fermenté type yaourt au bifidus, nature, 0% MG",Vitamine_K1_µg_100g,,0.2,µg,"USDA FoodData Central (SR Legacy) — Yogurt, plain, skim milk",,Lait fermenté type yaourt au bifidus nature 0% MG ; proxy yaourt nature écrémé.,Moyen,2026-08-04
19544,"Lait fermenté type yaourt au bifidus, nature, 0% MG",Vitamine_B9_µg_100g,,12.0,µg,"USDA FoodData Central (SR Legacy) — Yogurt, plain, skim milk",,Lait fermenté type yaourt au bifidus nature 0% MG ; proxy yaourt nature écrémé.,Moyen,2026-08-04
19544,"Lait fermenté type yaourt au bifidus, nature, 0% MG",Vitamine_D_µg_100g,,0.0,µg,"USDA FoodData Central (SR Legacy) — Yogurt, plain, skim milk",,Lait fermenté type yaourt au bifidus nature 0% MG ; proxy yaourt nature écrémé.,Moyen,2026-08-04
19544,"Lait fermenté type yaourt au bifidus, nature, 0% MG",Vitamine_B12_µg_100g,,0.61,µg,"USDA FoodData Central (SR Legacy) — Yogurt, plain, skim milk",,Lait fermenté type yaourt au bifidus nature 0% MG ; proxy yaourt nature écrémé.,Moyen,2026-08-04
19544,"Lait fermenté type yaourt au bifidus, nature, 0% MG",Sélénium_µg_100g,,3.6,µg,"USDA FoodData Central (SR Legacy) — Yogurt, plain, skim milk",,Lait fermenté type yaourt au bifidus nature 0% MG ; proxy yaourt nature écrémé.,Moyen,2026-08-04
19544,"Lait fermenté type yaourt au bifidus, nature, 0% MG",Beta-Carotène_µg_100g,,0.0,µg,"USDA FoodData Central (SR Legacy) — Yogurt, plain, skim milk",,Lait fermenté type yaourt au bifidus nature 0% MG ; proxy yaourt nature écrémé.,Moyen,2026-08-04
19543,"Lait fermenté type yaourt aux esters de stérol, aux fruits, 0% MG, avec édulcorants",Vitamine_E_mg_100g,,0.0,mg,"USDA FoodData Central (SR Legacy) — Yogurt, plain, skim milk",,"Lait fermenté type yaourt aux esters de stérol aux fruits 0% MG édulcorants ; proxy yaourt nature écrémé (esters de stérols non reflétés, additif fonctionnel).",Moyen,2026-08-04
19543,"Lait fermenté type yaourt aux esters de stérol, aux fruits, 0% MG, avec édulcorants",Vitamine_K1_µg_100g,,0.2,µg,"USDA FoodData Central (SR Legacy) — Yogurt, plain, skim milk",,"Lait fermenté type yaourt aux esters de stérol aux fruits 0% MG édulcorants ; proxy yaourt nature écrémé (esters de stérols non reflétés, additif fonctionnel).",Moyen,2026-08-04
19543,"Lait fermenté type yaourt aux esters de stérol, aux fruits, 0% MG, avec édulcorants",Vitamine_B9_µg_100g,,12.0,µg,"USDA FoodData Central (SR Legacy) — Yogurt, plain, skim milk",,"Lait fermenté type yaourt aux esters de stérol aux fruits 0% MG édulcorants ; proxy yaourt nature écrémé (esters de stérols non reflétés, additif fonctionnel).",Moyen,2026-08-04
19543,"Lait fermenté type yaourt aux esters de stérol, aux fruits, 0% MG, avec édulcorants",Vitamine_D_µg_100g,,0.0,µg,"USDA FoodData Central (SR Legacy) — Yogurt, plain, skim milk",,"Lait fermenté type yaourt aux esters de stérol aux fruits 0% MG édulcorants ; proxy yaourt nature écrémé (esters de stérols non reflétés, additif fonctionnel).",Moyen,2026-08-04
19543,"Lait fermenté type yaourt aux esters de stérol, aux fruits, 0% MG, avec édulcorants",Vitamine_B12_µg_100g,,0.61,µg,"USDA FoodData Central (SR Legacy) — Yogurt, plain, skim milk",,"Lait fermenté type yaourt aux esters de stérol aux fruits 0% MG édulcorants ; proxy yaourt nature écrémé (esters de stérols non reflétés, additif fonctionnel).",Moyen,2026-08-04
19543,"Lait fermenté type yaourt aux esters de stérol, aux fruits, 0% MG, avec édulcorants",Sélénium_µg_100g,,3.6,µg,"USDA FoodData Central (SR Legacy) — Yogurt, plain, skim milk",,"Lait fermenté type yaourt aux esters de stérol aux fruits 0% MG édulcorants ; proxy yaourt nature écrémé (esters de stérols non reflétés, additif fonctionnel).",Moyen,2026-08-04
19543,"Lait fermenté type yaourt aux esters de stérol, aux fruits, 0% MG, avec édulcorants",Beta-Carotène_µg_100g,,0.0,µg,"USDA FoodData Central (SR Legacy) — Yogurt, plain, skim milk",,"Lait fermenté type yaourt aux esters de stérol aux fruits 0% MG édulcorants ; proxy yaourt nature écrémé (esters de stérols non reflétés, additif fonctionnel).",Moyen,2026-08-04
19039,"Lait, sans précision sur la teneur en matière grasse, UHT (aliment moyen)",Vitamine_E_mg_100g,,0.07,mg,"USDA FoodData Central (SR Legacy) — Milk, whole, 3.25% milkfat, with added vitamin D",,Lait sans précision UHT (aliment moyen) ; proxy lait entier par défaut.,Moyen,2026-08-04
19039,"Lait, sans précision sur la teneur en matière grasse, UHT (aliment moyen)",Vitamine_B9_µg_100g,,5.0,µg,"USDA FoodData Central (SR Legacy) — Milk, whole, 3.25% milkfat, with added vitamin D",,Lait sans précision UHT (aliment moyen) ; proxy lait entier par défaut.,Moyen,2026-08-04
19665,"Mousse de fromage blanc sur lit de fruits, 0% MG, avec édulcorants, enrichie en calcium et vitamine D",Vitamine_E_mg_100g,,0.08,mg,"USDA FoodData Central (SR Legacy) — Cheese, cottage, creamed, large or small curd",,Mousse de fromage blanc sur lit de fruits 0% MG édulcorants enrichie ; proxy cottage cheese.,Moyen,2026-08-04
19665,"Mousse de fromage blanc sur lit de fruits, 0% MG, avec édulcorants, enrichie en calcium et vitamine D",Vitamine_K1_µg_100g,,0.0,µg,"USDA FoodData Central (SR Legacy) — Cheese, cottage, creamed, large or small curd",,Mousse de fromage blanc sur lit de fruits 0% MG édulcorants enrichie ; proxy cottage cheese.,Moyen,2026-08-04
19665,"Mousse de fromage blanc sur lit de fruits, 0% MG, avec édulcorants, enrichie en calcium et vitamine D",Vitamine_B9_µg_100g,,12.0,µg,"USDA FoodData Central (SR Legacy) — Cheese, cottage, creamed, large or small curd",,Mousse de fromage blanc sur lit de fruits 0% MG édulcorants enrichie ; proxy cottage cheese.,Moyen,2026-08-04
19665,"Mousse de fromage blanc sur lit de fruits, 0% MG, avec édulcorants, enrichie en calcium et vitamine D",Vitamine_B12_µg_100g,,0.43,µg,"USDA FoodData Central (SR Legacy) — Cheese, cottage, creamed, large or small curd",,Mousse de fromage blanc sur lit de fruits 0% MG édulcorants enrichie ; proxy cottage cheese.,Moyen,2026-08-04
19665,"Mousse de fromage blanc sur lit de fruits, 0% MG, avec édulcorants, enrichie en calcium et vitamine D",Sélénium_µg_100g,,9.7,µg,"USDA FoodData Central (SR Legacy) — Cheese, cottage, creamed, large or small curd",,Mousse de fromage blanc sur lit de fruits 0% MG édulcorants enrichie ; proxy cottage cheese.,Moyen,2026-08-04
19665,"Mousse de fromage blanc sur lit de fruits, 0% MG, avec édulcorants, enrichie en calcium et vitamine D",Beta-Carotène_µg_100g,,12.0,µg,"USDA FoodData Central (SR Legacy) — Cheese, cottage, creamed, large or small curd",,Mousse de fromage blanc sur lit de fruits 0% MG édulcorants enrichie ; proxy cottage cheese.,Moyen,2026-08-04
19591,"Mozzarella au lait de bufflonne ou buflesse (""di bufala"")",Vitamine_E_mg_100g,,0.19,mg,"USDA FoodData Central (SR Legacy) — Cheese, mozzarella, whole milk",,Mozzarella au lait de bufflonne ; proxy mozzarelle au lait de vache (espèce laitière bufflonne non distinguée par l'USDA).,Moyen,2026-08-04
19590,Mozzarella au lait de vache,Vitamine_E_mg_100g,,0.19,mg,"USDA FoodData Central (SR Legacy) — Cheese, mozzarella, whole milk",,Correspondance exacte : mozzarelle au lait de vache.,Élevé,2026-08-04
19684,"Oeufs au lait, rayon frais",Vitamine_E_mg_100g,,0.22,mg,"USDA FoodData Central (SR Legacy) — Desserts, egg custard, baked, prepared-from-recipe",,"Correspondance exacte : œufs au lait = ""egg custard, baked"".",Élevé,2026-08-04
19684,"Oeufs au lait, rayon frais",Vitamine_K1_µg_100g,,0.2,µg,"USDA FoodData Central (SR Legacy) — Desserts, egg custard, baked, prepared-from-recipe",,"Correspondance exacte : œufs au lait = ""egg custard, baked"".",Élevé,2026-08-04
19684,"Oeufs au lait, rayon frais",Vitamine_B9_µg_100g,,10.0,µg,"USDA FoodData Central (SR Legacy) — Desserts, egg custard, baked, prepared-from-recipe",,"Correspondance exacte : œufs au lait = ""egg custard, baked"".",Élevé,2026-08-04
19684,"Oeufs au lait, rayon frais",Vitamine_B12_µg_100g,,0.39,µg,"USDA FoodData Central (SR Legacy) — Desserts, egg custard, baked, prepared-from-recipe",,"Correspondance exacte : œufs au lait = ""egg custard, baked"".",Élevé,2026-08-04
19684,"Oeufs au lait, rayon frais",Sélénium_µg_100g,,8.8,µg,"USDA FoodData Central (SR Legacy) — Desserts, egg custard, baked, prepared-from-recipe",,"Correspondance exacte : œufs au lait = ""egg custard, baked"".",Élevé,2026-08-04
19684,"Oeufs au lait, rayon frais",Beta-Carotène_µg_100g,,6.0,µg,"USDA FoodData Central (SR Legacy) — Desserts, egg custard, baked, prepared-from-recipe",,"Correspondance exacte : œufs au lait = ""egg custard, baked"".",Élevé,2026-08-04
19585,Ricotta,Vitamine_E_mg_100g,,0.11,mg,"USDA FoodData Central (SR Legacy) — Cheese, ricotta, whole milk",,Correspondance exacte : ricotta.,Élevé,2026-08-04
19585,Ricotta,Sélénium_µg_100g,,5.9,µg,"USDA FoodData Central (SR Legacy) — Cheese, ricotta, whole milk",,Correspondance exacte : ricotta.,Élevé,2026-08-04
19434,"Spécialité culinaire à base de crème et d'aromates 19% MG, à cuisiner",Vitamine_E_mg_100g,,0.12,mg,"USDA FoodData Central (SR Legacy) — Cream, fluid, light (coffee cream or table cream)",,"Spécialité culinaire à base de crème et aromates 19% MG à cuisiner ; proxy ""light cream"" (gamme de matière grasse proche, aromates non reflétés).",Moyen,2026-08-04
19434,"Spécialité culinaire à base de crème et d'aromates 19% MG, à cuisiner",Vitamine_K1_µg_100g,,1.7,µg,"USDA FoodData Central (SR Legacy) — Cream, fluid, light (coffee cream or table cream)",,"Spécialité culinaire à base de crème et aromates 19% MG à cuisiner ; proxy ""light cream"" (gamme de matière grasse proche, aromates non reflétés).",Moyen,2026-08-04
19434,"Spécialité culinaire à base de crème et d'aromates 19% MG, à cuisiner",Vitamine_B9_µg_100g,,2.0,µg,"USDA FoodData Central (SR Legacy) — Cream, fluid, light (coffee cream or table cream)",,"Spécialité culinaire à base de crème et aromates 19% MG à cuisiner ; proxy ""light cream"" (gamme de matière grasse proche, aromates non reflétés).",Moyen,2026-08-04
19434,"Spécialité culinaire à base de crème et d'aromates 19% MG, à cuisiner",Vitamine_D_µg_100g,,1.1,µg,"USDA FoodData Central (SR Legacy) — Cream, fluid, light (coffee cream or table cream)",,"Spécialité culinaire à base de crème et aromates 19% MG à cuisiner ; proxy ""light cream"" (gamme de matière grasse proche, aromates non reflétés).",Moyen,2026-08-04
19434,"Spécialité culinaire à base de crème et d'aromates 19% MG, à cuisiner",Vitamine_B12_µg_100g,,0.14,µg,"USDA FoodData Central (SR Legacy) — Cream, fluid, light (coffee cream or table cream)",,"Spécialité culinaire à base de crème et aromates 19% MG à cuisiner ; proxy ""light cream"" (gamme de matière grasse proche, aromates non reflétés).",Moyen,2026-08-04
19434,"Spécialité culinaire à base de crème et d'aromates 19% MG, à cuisiner",Sélénium_µg_100g,,4.6,µg,"USDA FoodData Central (SR Legacy) — Cream, fluid, light (coffee cream or table cream)",,"Spécialité culinaire à base de crème et aromates 19% MG à cuisiner ; proxy ""light cream"" (gamme de matière grasse proche, aromates non reflétés).",Moyen,2026-08-04
19434,"Spécialité culinaire à base de crème et d'aromates 19% MG, à cuisiner",Beta-Carotène_µg_100g,,37.0,µg,"USDA FoodData Central (SR Legacy) — Cream, fluid, light (coffee cream or table cream)",,"Spécialité culinaire à base de crème et aromates 19% MG à cuisiner ; proxy ""light cream"" (gamme de matière grasse proche, aromates non reflétés).",Moyen,2026-08-04
19435,"Spécialité culinaire à base de crème légère et d'aromates 12% MG, à cuisiner",Vitamine_E_mg_100g,,0.12,mg,"USDA FoodData Central (SR Legacy) — Cream, fluid, light (coffee cream or table cream)",,Spécialité culinaire à base de crème légère et aromates 12% MG à cuisiner ; même proxy.,Moyen,2026-08-04
19435,"Spécialité culinaire à base de crème légère et d'aromates 12% MG, à cuisiner",Vitamine_K1_µg_100g,,1.7,µg,"USDA FoodData Central (SR Legacy) — Cream, fluid, light (coffee cream or table cream)",,Spécialité culinaire à base de crème légère et aromates 12% MG à cuisiner ; même proxy.,Moyen,2026-08-04
19435,"Spécialité culinaire à base de crème légère et d'aromates 12% MG, à cuisiner",Vitamine_B9_µg_100g,,2.0,µg,"USDA FoodData Central (SR Legacy) — Cream, fluid, light (coffee cream or table cream)",,Spécialité culinaire à base de crème légère et aromates 12% MG à cuisiner ; même proxy.,Moyen,2026-08-04
19435,"Spécialité culinaire à base de crème légère et d'aromates 12% MG, à cuisiner",Vitamine_D_µg_100g,,1.1,µg,"USDA FoodData Central (SR Legacy) — Cream, fluid, light (coffee cream or table cream)",,Spécialité culinaire à base de crème légère et aromates 12% MG à cuisiner ; même proxy.,Moyen,2026-08-04
19435,"Spécialité culinaire à base de crème légère et d'aromates 12% MG, à cuisiner",Vitamine_B12_µg_100g,,0.14,µg,"USDA FoodData Central (SR Legacy) — Cream, fluid, light (coffee cream or table cream)",,Spécialité culinaire à base de crème légère et aromates 12% MG à cuisiner ; même proxy.,Moyen,2026-08-04
19435,"Spécialité culinaire à base de crème légère et d'aromates 12% MG, à cuisiner",Sélénium_µg_100g,,4.6,µg,"USDA FoodData Central (SR Legacy) — Cream, fluid, light (coffee cream or table cream)",,Spécialité culinaire à base de crème légère et aromates 12% MG à cuisiner ; même proxy.,Moyen,2026-08-04
19435,"Spécialité culinaire à base de crème légère et d'aromates 12% MG, à cuisiner",Beta-Carotène_µg_100g,,37.0,µg,"USDA FoodData Central (SR Legacy) — Cream, fluid, light (coffee cream or table cream)",,Spécialité culinaire à base de crème légère et aromates 12% MG à cuisiner ; même proxy.,Moyen,2026-08-04
19724,"Spécialité laitière riche en protéines, nature",Vitamine_E_mg_100g,,0.01,mg,"USDA FoodData Central (SR Legacy) — Yogurt, Greek, plain, nonfat (Includes foods for USDA's Food Distribution Program)",,Spécialité laitière riche en protéines nature ; proxy yaourt grec nature écrémé (produit riche en protéines le plus proche).,Moyen,2026-08-04
19724,"Spécialité laitière riche en protéines, nature",Vitamine_K1_µg_100g,,0.0,µg,"USDA FoodData Central (SR Legacy) — Yogurt, Greek, plain, nonfat (Includes foods for USDA's Food Distribution Program)",,Spécialité laitière riche en protéines nature ; proxy yaourt grec nature écrémé (produit riche en protéines le plus proche).,Moyen,2026-08-04
19724,"Spécialité laitière riche en protéines, nature",Vitamine_B9_µg_100g,,7.0,µg,"USDA FoodData Central (SR Legacy) — Yogurt, Greek, plain, nonfat (Includes foods for USDA's Food Distribution Program)",,Spécialité laitière riche en protéines nature ; proxy yaourt grec nature écrémé (produit riche en protéines le plus proche).,Moyen,2026-08-04
19724,"Spécialité laitière riche en protéines, nature",Vitamine_D_µg_100g,,0.0,µg,"USDA FoodData Central (SR Legacy) — Yogurt, Greek, plain, nonfat (Includes foods for USDA's Food Distribution Program)",,Spécialité laitière riche en protéines nature ; proxy yaourt grec nature écrémé (produit riche en protéines le plus proche).,Moyen,2026-08-04
19724,"Spécialité laitière riche en protéines, nature",Vitamine_B12_µg_100g,,0.75,µg,"USDA FoodData Central (SR Legacy) — Yogurt, Greek, plain, nonfat (Includes foods for USDA's Food Distribution Program)",,Spécialité laitière riche en protéines nature ; proxy yaourt grec nature écrémé (produit riche en protéines le plus proche).,Moyen,2026-08-04
19724,"Spécialité laitière riche en protéines, nature",Sélénium_µg_100g,,9.7,µg,"USDA FoodData Central (SR Legacy) — Yogurt, Greek, plain, nonfat (Includes foods for USDA's Food Distribution Program)",,Spécialité laitière riche en protéines nature ; proxy yaourt grec nature écrémé (produit riche en protéines le plus proche).,Moyen,2026-08-04
19724,"Spécialité laitière riche en protéines, nature",Beta-Carotène_µg_100g,,0.0,µg,"USDA FoodData Central (SR Legacy) — Yogurt, Greek, plain, nonfat (Includes foods for USDA's Food Distribution Program)",,Spécialité laitière riche en protéines nature ; proxy yaourt grec nature écrémé (produit riche en protéines le plus proche).,Moyen,2026-08-04
19669,"Spécialité laitière riche en protéines, sur lit de fruits, sucrée",Vitamine_E_mg_100g,,0.07,mg,"USDA FoodData Central (SR Legacy) — Yogurt, Greek, fruit, whole milk",,Spécialité laitière riche en protéines sur lit de fruits sucrée ; proxy yaourt grec aux fruits.,Moyen,2026-08-04
19862,"Yaourt à la grecque aromatisé, sucré",Vitamine_E_mg_100g,,0.07,mg,"USDA FoodData Central (SR Legacy) — Yogurt, Greek, fruit, whole milk",,Yaourt à la grecque aromatisé sucré ; proxy yaourt grec aux fruits (arôme non distingué).,Moyen,2026-08-04
19862,"Yaourt à la grecque aromatisé, sucré",Vitamine_K1_µg_100g,,0.3,µg,"USDA FoodData Central (SR Legacy) — Yogurt, Greek, fruit, whole milk",,Yaourt à la grecque aromatisé sucré ; proxy yaourt grec aux fruits (arôme non distingué).,Moyen,2026-08-04
19862,"Yaourt à la grecque aromatisé, sucré",Vitamine_B9_µg_100g,,5.0,µg,"USDA FoodData Central (SR Legacy) — Yogurt, Greek, fruit, whole milk",,Yaourt à la grecque aromatisé sucré ; proxy yaourt grec aux fruits (arôme non distingué).,Moyen,2026-08-04
19862,"Yaourt à la grecque aromatisé, sucré",Vitamine_D_µg_100g,,0.0,µg,"USDA FoodData Central (SR Legacy) — Yogurt, Greek, fruit, whole milk",,Yaourt à la grecque aromatisé sucré ; proxy yaourt grec aux fruits (arôme non distingué).,Moyen,2026-08-04
19862,"Yaourt à la grecque aromatisé, sucré",Vitamine_B12_µg_100g,,0.5,µg,"USDA FoodData Central (SR Legacy) — Yogurt, Greek, fruit, whole milk",,Yaourt à la grecque aromatisé sucré ; proxy yaourt grec aux fruits (arôme non distingué).,Moyen,2026-08-04
19862,"Yaourt à la grecque aromatisé, sucré",Sélénium_µg_100g,,9.6,µg,"USDA FoodData Central (SR Legacy) — Yogurt, Greek, fruit, whole milk",,Yaourt à la grecque aromatisé sucré ; proxy yaourt grec aux fruits (arôme non distingué).,Moyen,2026-08-04
19862,"Yaourt à la grecque aromatisé, sucré",Beta-Carotène_µg_100g,,7.0,µg,"USDA FoodData Central (SR Legacy) — Yogurt, Greek, fruit, whole milk",,Yaourt à la grecque aromatisé sucré ; proxy yaourt grec aux fruits (arôme non distingué).,Moyen,2026-08-04
19860,Yaourt à la grecque nature,Vitamine_E_mg_100g,,0.01,mg,"USDA FoodData Central (SR Legacy) — Yogurt, Greek, plain, whole milk",,"Correspondance exacte : yaourt à la grecque nature = ""Greek yogurt, plain, whole milk"".",Élevé,2026-08-04
19860,Yaourt à la grecque nature,Vitamine_K1_µg_100g,,0.0,µg,"USDA FoodData Central (SR Legacy) — Yogurt, Greek, plain, whole milk",,"Correspondance exacte : yaourt à la grecque nature = ""Greek yogurt, plain, whole milk"".",Élevé,2026-08-04
19860,Yaourt à la grecque nature,Vitamine_B9_µg_100g,,5.0,µg,"USDA FoodData Central (SR Legacy) — Yogurt, Greek, plain, whole milk",,"Correspondance exacte : yaourt à la grecque nature = ""Greek yogurt, plain, whole milk"".",Élevé,2026-08-04
19860,Yaourt à la grecque nature,Beta-Carotène_µg_100g,,7.0,µg,"USDA FoodData Central (SR Legacy) — Yogurt, Greek, plain, whole milk",,"Correspondance exacte : yaourt à la grecque nature = ""Greek yogurt, plain, whole milk"".",Élevé,2026-08-04
19552,"Yaourt à la grecque sur lit de fruits, sucré",Vitamine_E_mg_100g,,0.07,mg,"USDA FoodData Central (SR Legacy) — Yogurt, Greek, fruit, whole milk",,"Correspondance exacte : yaourt à la grecque sur lit de fruits, sucré.",Élevé,2026-08-04
19552,"Yaourt à la grecque sur lit de fruits, sucré",Vitamine_D_µg_100g,,0.0,µg,"USDA FoodData Central (SR Legacy) — Yogurt, Greek, fruit, whole milk",,"Correspondance exacte : yaourt à la grecque sur lit de fruits, sucré.",Élevé,2026-08-04
19882,"Yaourt au lait de brebis, nature, 6% MG environ",Vitamine_B9_µg_100g,,7.0,µg,"USDA FoodData Central (SR Legacy) — Milk, sheep, fluid",,Yaourt au lait de brebis nature 6% MG environ ; même proxy.,Moyen,2026-08-04
19882,"Yaourt au lait de brebis, nature, 6% MG environ",Vitamine_B12_µg_100g,,0.71,µg,"USDA FoodData Central (SR Legacy) — Milk, sheep, fluid",,Yaourt au lait de brebis nature 6% MG environ ; même proxy.,Moyen,2026-08-04
19882,"Yaourt au lait de brebis, nature, 6% MG environ",Sélénium_µg_100g,,1.7,µg,"USDA FoodData Central (SR Legacy) — Milk, sheep, fluid",,Yaourt au lait de brebis nature 6% MG environ ; même proxy.,Moyen,2026-08-04
19555,"Yaourt au lait de brebis, sur lit de fruits, sucré",Vitamine_B9_µg_100g,,7.0,µg,"USDA FoodData Central (SR Legacy) — Milk, sheep, fluid",,Yaourt au lait de brebis sur lit de fruits sucré ; même proxy.,Moyen,2026-08-04
19555,"Yaourt au lait de brebis, sur lit de fruits, sucré",Vitamine_B12_µg_100g,,0.71,µg,"USDA FoodData Central (SR Legacy) — Milk, sheep, fluid",,Yaourt au lait de brebis sur lit de fruits sucré ; même proxy.,Moyen,2026-08-04
19555,"Yaourt au lait de brebis, sur lit de fruits, sucré",Sélénium_µg_100g,,1.7,µg,"USDA FoodData Central (SR Legacy) — Milk, sheep, fluid",,Yaourt au lait de brebis sur lit de fruits sucré ; même proxy.,Moyen,2026-08-04
19727,"Yaourt au lait de chèvre, aux fruits, sucré",Vitamine_E_mg_100g,,0.07,mg,"USDA FoodData Central (SR Legacy) — Milk, goat, fluid, with added vitamin D",,"Yaourt au lait de chèvre aux fruits sucré ; pas d'entrée USDA ""yaourt de chèvre"", proxy lait de chèvre cru.",Moyen,2026-08-04
19727,"Yaourt au lait de chèvre, aux fruits, sucré",Vitamine_K1_µg_100g,,0.3,µg,"USDA FoodData Central (SR Legacy) — Milk, goat, fluid, with added vitamin D",,"Yaourt au lait de chèvre aux fruits sucré ; pas d'entrée USDA ""yaourt de chèvre"", proxy lait de chèvre cru.",Moyen,2026-08-04
19727,"Yaourt au lait de chèvre, aux fruits, sucré",Vitamine_B9_µg_100g,,1.0,µg,"USDA FoodData Central (SR Legacy) — Milk, goat, fluid, with added vitamin D",,"Yaourt au lait de chèvre aux fruits sucré ; pas d'entrée USDA ""yaourt de chèvre"", proxy lait de chèvre cru.",Moyen,2026-08-04
19727,"Yaourt au lait de chèvre, aux fruits, sucré",Vitamine_D_µg_100g,,1.3,µg,"USDA FoodData Central (SR Legacy) — Milk, goat, fluid, with added vitamin D",,"Yaourt au lait de chèvre aux fruits sucré ; pas d'entrée USDA ""yaourt de chèvre"", proxy lait de chèvre cru.",Moyen,2026-08-04
19727,"Yaourt au lait de chèvre, aux fruits, sucré",Vitamine_B12_µg_100g,,0.07,µg,"USDA FoodData Central (SR Legacy) — Milk, goat, fluid, with added vitamin D",,"Yaourt au lait de chèvre aux fruits sucré ; pas d'entrée USDA ""yaourt de chèvre"", proxy lait de chèvre cru.",Moyen,2026-08-04
19727,"Yaourt au lait de chèvre, aux fruits, sucré",Sélénium_µg_100g,,1.4,µg,"USDA FoodData Central (SR Legacy) — Milk, goat, fluid, with added vitamin D",,"Yaourt au lait de chèvre aux fruits sucré ; pas d'entrée USDA ""yaourt de chèvre"", proxy lait de chèvre cru.",Moyen,2026-08-04
19727,"Yaourt au lait de chèvre, aux fruits, sucré",Beta-Carotène_µg_100g,,7.0,µg,"USDA FoodData Central (SR Legacy) — Milk, goat, fluid, with added vitamin D",,"Yaourt au lait de chèvre aux fruits sucré ; pas d'entrée USDA ""yaourt de chèvre"", proxy lait de chèvre cru.",Moyen,2026-08-04
19728,"Yaourt au lait de chèvre, sur lit de fruits, sucré",Vitamine_E_mg_100g,,0.07,mg,"USDA FoodData Central (SR Legacy) — Milk, goat, fluid, with added vitamin D",,Yaourt au lait de chèvre sur lit de fruits sucré ; même proxy.,Moyen,2026-08-04
19728,"Yaourt au lait de chèvre, sur lit de fruits, sucré",Vitamine_K1_µg_100g,,0.3,µg,"USDA FoodData Central (SR Legacy) — Milk, goat, fluid, with added vitamin D",,Yaourt au lait de chèvre sur lit de fruits sucré ; même proxy.,Moyen,2026-08-04
19728,"Yaourt au lait de chèvre, sur lit de fruits, sucré",Vitamine_B9_µg_100g,,1.0,µg,"USDA FoodData Central (SR Legacy) — Milk, goat, fluid, with added vitamin D",,Yaourt au lait de chèvre sur lit de fruits sucré ; même proxy.,Moyen,2026-08-04
19728,"Yaourt au lait de chèvre, sur lit de fruits, sucré",Vitamine_D_µg_100g,,1.3,µg,"USDA FoodData Central (SR Legacy) — Milk, goat, fluid, with added vitamin D",,Yaourt au lait de chèvre sur lit de fruits sucré ; même proxy.,Moyen,2026-08-04
19728,"Yaourt au lait de chèvre, sur lit de fruits, sucré",Vitamine_B12_µg_100g,,0.07,µg,"USDA FoodData Central (SR Legacy) — Milk, goat, fluid, with added vitamin D",,Yaourt au lait de chèvre sur lit de fruits sucré ; même proxy.,Moyen,2026-08-04
19728,"Yaourt au lait de chèvre, sur lit de fruits, sucré",Sélénium_µg_100g,,1.4,µg,"USDA FoodData Central (SR Legacy) — Milk, goat, fluid, with added vitamin D",,Yaourt au lait de chèvre sur lit de fruits sucré ; même proxy.,Moyen,2026-08-04
19728,"Yaourt au lait de chèvre, sur lit de fruits, sucré",Beta-Carotène_µg_100g,,7.0,µg,"USDA FoodData Central (SR Legacy) — Milk, goat, fluid, with added vitamin D",,Yaourt au lait de chèvre sur lit de fruits sucré ; même proxy.,Moyen,2026-08-04
19559,"Yaourt ou lait fermenté, aromatisé, 0% MG, avec édulcorants",Vitamine_E_mg_100g,,0.0,mg,"USDA FoodData Central (SR Legacy) — Yogurt, plain, skim milk",,Yaourt ou lait fermenté aromatisé 0% MG édulcorants ; proxy yaourt nature écrémé.,Moyen,2026-08-04
19559,"Yaourt ou lait fermenté, aromatisé, 0% MG, avec édulcorants",Vitamine_K1_µg_100g,,0.2,µg,"USDA FoodData Central (SR Legacy) — Yogurt, plain, skim milk",,Yaourt ou lait fermenté aromatisé 0% MG édulcorants ; proxy yaourt nature écrémé.,Moyen,2026-08-04
19559,"Yaourt ou lait fermenté, aromatisé, 0% MG, avec édulcorants",Vitamine_B9_µg_100g,,12.0,µg,"USDA FoodData Central (SR Legacy) — Yogurt, plain, skim milk",,Yaourt ou lait fermenté aromatisé 0% MG édulcorants ; proxy yaourt nature écrémé.,Moyen,2026-08-04
19559,"Yaourt ou lait fermenté, aromatisé, 0% MG, avec édulcorants",Vitamine_B12_µg_100g,,0.61,µg,"USDA FoodData Central (SR Legacy) — Yogurt, plain, skim milk",,Yaourt ou lait fermenté aromatisé 0% MG édulcorants ; proxy yaourt nature écrémé.,Moyen,2026-08-04
19574,"Yaourt ou lait fermenté, aromatisé, 0% MG, avec édulcorants, enrichi en vitamine D",Vitamine_E_mg_100g,,0.0,mg,"USDA FoodData Central (SR Legacy) — Yogurt, plain, skim milk",,Yaourt ou lait fermenté aromatisé 0% MG édulcorants enrichi vitD ; même proxy.,Moyen,2026-08-04
19574,"Yaourt ou lait fermenté, aromatisé, 0% MG, avec édulcorants, enrichi en vitamine D",Vitamine_K1_µg_100g,,0.2,µg,"USDA FoodData Central (SR Legacy) — Yogurt, plain, skim milk",,Yaourt ou lait fermenté aromatisé 0% MG édulcorants enrichi vitD ; même proxy.,Moyen,2026-08-04
19574,"Yaourt ou lait fermenté, aromatisé, 0% MG, avec édulcorants, enrichi en vitamine D",Vitamine_B9_µg_100g,,12.0,µg,"USDA FoodData Central (SR Legacy) — Yogurt, plain, skim milk",,Yaourt ou lait fermenté aromatisé 0% MG édulcorants enrichi vitD ; même proxy.,Moyen,2026-08-04
19574,"Yaourt ou lait fermenté, aromatisé, 0% MG, avec édulcorants, enrichi en vitamine D",Vitamine_B12_µg_100g,,0.61,µg,"USDA FoodData Central (SR Legacy) — Yogurt, plain, skim milk",,Yaourt ou lait fermenté aromatisé 0% MG édulcorants enrichi vitD ; même proxy.,Moyen,2026-08-04
19574,"Yaourt ou lait fermenté, aromatisé, 0% MG, avec édulcorants, enrichi en vitamine D",Sélénium_µg_100g,,3.6,µg,"USDA FoodData Central (SR Legacy) — Yogurt, plain, skim milk",,Yaourt ou lait fermenté aromatisé 0% MG édulcorants enrichi vitD ; même proxy.,Moyen,2026-08-04
19574,"Yaourt ou lait fermenté, aromatisé, 0% MG, avec édulcorants, enrichi en vitamine D",Beta-Carotène_µg_100g,,0.0,µg,"USDA FoodData Central (SR Legacy) — Yogurt, plain, skim milk",,Yaourt ou lait fermenté aromatisé 0% MG édulcorants enrichi vitD ; même proxy.,Moyen,2026-08-04
19577,"Yaourt ou lait fermenté, aromatisé, à la crème, sucré",Vitamine_E_mg_100g,,0.06,mg,"USDA FoodData Central (SR Legacy) — Yogurt, plain, whole milk",,"Yaourt ou lait fermenté aromatisé à la crème sucré ; proxy yaourt nature au lait entier (version ""à la crème"" plus riche).",Moyen,2026-08-04
19575,"Yaourt ou lait fermenté, aromatisé, sucré",Vitamine_E_mg_100g,,0.03,mg,"USDA FoodData Central (SR Legacy) — Yogurt, plain, low fat",,Yaourt ou lait fermenté aromatisé sucré ; proxy yaourt nature allégé.,Moyen,2026-08-04
19575,"Yaourt ou lait fermenté, aromatisé, sucré",Vitamine_B9_µg_100g,,11.0,µg,"USDA FoodData Central (SR Legacy) — Yogurt, plain, low fat",,Yaourt ou lait fermenté aromatisé sucré ; proxy yaourt nature allégé.,Moyen,2026-08-04
19578,"Yaourt ou lait fermenté, aromatisé, sucré, enrichi en vitamine D",Vitamine_E_mg_100g,,0.03,mg,"USDA FoodData Central (SR Legacy) — Yogurt, plain, low fat",,Yaourt ou lait fermenté aromatisé sucré enrichi vitD ; même proxy.,Moyen,2026-08-04
19578,"Yaourt ou lait fermenté, aromatisé, sucré, enrichi en vitamine D",Vitamine_K1_µg_100g,,0.2,µg,"USDA FoodData Central (SR Legacy) — Yogurt, plain, low fat",,Yaourt ou lait fermenté aromatisé sucré enrichi vitD ; même proxy.,Moyen,2026-08-04
19578,"Yaourt ou lait fermenté, aromatisé, sucré, enrichi en vitamine D",Vitamine_B9_µg_100g,,11.0,µg,"USDA FoodData Central (SR Legacy) — Yogurt, plain, low fat",,Yaourt ou lait fermenté aromatisé sucré enrichi vitD ; même proxy.,Moyen,2026-08-04
19581,"Yaourt ou lait fermenté, aux fruits, 0% MG, avec édulcorants",Vitamine_E_mg_100g,,0.0,mg,"USDA FoodData Central (SR Legacy) — Yogurt, plain, skim milk",,Yaourt ou lait fermenté aux fruits 0% MG édulcorants ; proxy yaourt nature écrémé.,Moyen,2026-08-04
19581,"Yaourt ou lait fermenté, aux fruits, 0% MG, avec édulcorants",Vitamine_K1_µg_100g,,0.2,µg,"USDA FoodData Central (SR Legacy) — Yogurt, plain, skim milk",,Yaourt ou lait fermenté aux fruits 0% MG édulcorants ; proxy yaourt nature écrémé.,Moyen,2026-08-04
19581,"Yaourt ou lait fermenté, aux fruits, 0% MG, avec édulcorants",Vitamine_B9_µg_100g,,12.0,µg,"USDA FoodData Central (SR Legacy) — Yogurt, plain, skim milk",,Yaourt ou lait fermenté aux fruits 0% MG édulcorants ; proxy yaourt nature écrémé.,Moyen,2026-08-04
19582,"Yaourt ou lait fermenté, aux fruits, 0% MG, avec édulcorants, enrichi en vitamine D",Vitamine_E_mg_100g,,0.0,mg,"USDA FoodData Central (SR Legacy) — Yogurt, plain, skim milk",,Yaourt ou lait fermenté aux fruits 0% MG édulcorants enrichi vitD ; même proxy.,Moyen,2026-08-04
19582,"Yaourt ou lait fermenté, aux fruits, 0% MG, avec édulcorants, enrichi en vitamine D",Vitamine_B9_µg_100g,,12.0,µg,"USDA FoodData Central (SR Legacy) — Yogurt, plain, skim milk",,Yaourt ou lait fermenté aux fruits 0% MG édulcorants enrichi vitD ; même proxy.,Moyen,2026-08-04
19589,"Yaourt ou lait fermenté, aux fruits, à la crème, sucré",Vitamine_E_mg_100g,,0.07,mg,"USDA FoodData Central (SR Legacy) — Yogurt, Greek, fruit, whole milk",,Yaourt ou lait fermenté aux fruits à la crème sucré ; proxy yaourt grec aux fruits (version riche).,Moyen,2026-08-04
19587,"Yaourt ou lait fermenté, aux fruits, sucré",Vitamine_E_mg_100g,,0.06,mg,"USDA FoodData Central (SR Legacy) — Yogurt, fruit, lowfat, with low calorie sweetener",,"Correspondance exacte : yaourt ou lait fermenté aux fruits, sucré.",Élevé,2026-08-04
19587,"Yaourt ou lait fermenté, aux fruits, sucré",Vitamine_B9_µg_100g,,10.0,µg,"USDA FoodData Central (SR Legacy) — Yogurt, fruit, lowfat, with low calorie sweetener",,"Correspondance exacte : yaourt ou lait fermenté aux fruits, sucré.",Élevé,2026-08-04
19592,"Yaourt ou lait fermenté, aux fruits, sucré, enrichi en vitamine D",Vitamine_E_mg_100g,,0.06,mg,"USDA FoodData Central (SR Legacy) — Yogurt, fruit, lowfat, with low calorie sweetener",,"Même correspondance, enrichi en vitamine D.",Élevé,2026-08-04
19592,"Yaourt ou lait fermenté, aux fruits, sucré, enrichi en vitamine D",Vitamine_B9_µg_100g,,10.0,µg,"USDA FoodData Central (SR Legacy) — Yogurt, fruit, lowfat, with low calorie sweetener",,"Même correspondance, enrichi en vitamine D.",Élevé,2026-08-04
19593,"Yaourt ou lait fermenté, nature",Vitamine_E_mg_100g,,0.03,mg,"USDA FoodData Central (SR Legacy) — Yogurt, plain, low fat",,"Correspondance exacte : yaourt ou lait fermenté nature = ""yogurt, plain, low fat"".",Élevé,2026-08-04
19593,"Yaourt ou lait fermenté, nature",Vitamine_B9_µg_100g,,11.0,µg,"USDA FoodData Central (SR Legacy) — Yogurt, plain, low fat",,"Correspondance exacte : yaourt ou lait fermenté nature = ""yogurt, plain, low fat"".",Élevé,2026-08-04
19594,"Yaourt ou lait fermenté, nature, 0% MG",Vitamine_E_mg_100g,,0.0,mg,"USDA FoodData Central (SR Legacy) — Yogurt, plain, skim milk",,"Correspondance exacte : yaourt nature 0% MG = ""yogurt, plain, skim milk"".",Élevé,2026-08-04
19594,"Yaourt ou lait fermenté, nature, 0% MG",Vitamine_B9_µg_100g,,12.0,µg,"USDA FoodData Central (SR Legacy) — Yogurt, plain, skim milk",,"Correspondance exacte : yaourt nature 0% MG = ""yogurt, plain, skim milk"".",Élevé,2026-08-04
19596,"Yaourt ou lait fermenté, nature, 0% MG, enrichi en vitamine D",Vitamine_E_mg_100g,,0.0,mg,"USDA FoodData Central (SR Legacy) — Yogurt, plain, skim milk",,"Même correspondance, enrichi en vitamine D.",Élevé,2026-08-04
19596,"Yaourt ou lait fermenté, nature, 0% MG, enrichi en vitamine D",Vitamine_K1_µg_100g,,0.2,µg,"USDA FoodData Central (SR Legacy) — Yogurt, plain, skim milk",,"Même correspondance, enrichi en vitamine D.",Élevé,2026-08-04
19596,"Yaourt ou lait fermenté, nature, 0% MG, enrichi en vitamine D",Vitamine_B9_µg_100g,,12.0,µg,"USDA FoodData Central (SR Legacy) — Yogurt, plain, skim milk",,"Même correspondance, enrichi en vitamine D.",Élevé,2026-08-04
19596,"Yaourt ou lait fermenté, nature, 0% MG, enrichi en vitamine D",Vitamine_B12_µg_100g,,0.61,µg,"USDA FoodData Central (SR Legacy) — Yogurt, plain, skim milk",,"Même correspondance, enrichi en vitamine D.",Élevé,2026-08-04
19596,"Yaourt ou lait fermenté, nature, 0% MG, enrichi en vitamine D",Sélénium_µg_100g,,3.6,µg,"USDA FoodData Central (SR Legacy) — Yogurt, plain, skim milk",,"Même correspondance, enrichi en vitamine D.",Élevé,2026-08-04
19596,"Yaourt ou lait fermenté, nature, 0% MG, enrichi en vitamine D",Beta-Carotène_µg_100g,,0.0,µg,"USDA FoodData Central (SR Legacy) — Yogurt, plain, skim milk",,"Même correspondance, enrichi en vitamine D.",Élevé,2026-08-04
19598,"Yaourt ou lait fermenté, nature, à la crème",Vitamine_E_mg_100g,,0.06,mg,"USDA FoodData Central (SR Legacy) — Yogurt, plain, whole milk",,"Correspondance exacte : yaourt nature à la crème = ""yogurt, plain, whole milk"".",Élevé,2026-08-04
19598,"Yaourt ou lait fermenté, nature, à la crème",Vitamine_B9_µg_100g,,7.0,µg,"USDA FoodData Central (SR Legacy) — Yogurt, plain, whole milk",,"Correspondance exacte : yaourt nature à la crème = ""yogurt, plain, whole milk"".",Élevé,2026-08-04
19723,"Yaourt ou lait fermenté, nature, enrichi en vitamine D",Vitamine_E_mg_100g,,0.03,mg,"USDA FoodData Central (SR Legacy) — Yogurt, plain, low fat",,Yaourt nature enrichi vitamine D ; correspondance avec yaourt nature allégé.,Élevé,2026-08-04
19723,"Yaourt ou lait fermenté, nature, enrichi en vitamine D",Vitamine_K1_µg_100g,,0.2,µg,"USDA FoodData Central (SR Legacy) — Yogurt, plain, low fat",,Yaourt nature enrichi vitamine D ; correspondance avec yaourt nature allégé.,Élevé,2026-08-04
19723,"Yaourt ou lait fermenté, nature, enrichi en vitamine D",Vitamine_B9_µg_100g,,11.0,µg,"USDA FoodData Central (SR Legacy) — Yogurt, plain, low fat",,Yaourt nature enrichi vitamine D ; correspondance avec yaourt nature allégé.,Élevé,2026-08-04
19599,"Yaourt ou lait fermenté, nature, sucré",Vitamine_E_mg_100g,,0.03,mg,"USDA FoodData Central (SR Legacy) — Yogurt, plain, low fat",,Yaourt nature sucré ; proxy yaourt nature allégé (sucre ajouté non reflété).,Moyen,2026-08-04
19599,"Yaourt ou lait fermenté, nature, sucré",Vitamine_K1_µg_100g,,0.2,µg,"USDA FoodData Central (SR Legacy) — Yogurt, plain, low fat",,Yaourt nature sucré ; proxy yaourt nature allégé (sucre ajouté non reflété).,Moyen,2026-08-04
19599,"Yaourt ou lait fermenté, nature, sucré",Vitamine_B9_µg_100g,,11.0,µg,"USDA FoodData Central (SR Legacy) — Yogurt, plain, low fat",,Yaourt nature sucré ; proxy yaourt nature allégé (sucre ajouté non reflété).,Moyen,2026-08-04
19726,"Yaourt ou lait fermenté, nature, sucré, enrichi en vitamine D",Vitamine_E_mg_100g,,0.03,mg,"USDA FoodData Central (SR Legacy) — Yogurt, plain, low fat",,Yaourt nature sucré enrichi vitamine D ; même proxy.,Moyen,2026-08-04
19726,"Yaourt ou lait fermenté, nature, sucré, enrichi en vitamine D",Vitamine_K1_µg_100g,,0.2,µg,"USDA FoodData Central (SR Legacy) — Yogurt, plain, low fat",,Yaourt nature sucré enrichi vitamine D ; même proxy.,Moyen,2026-08-04
19726,"Yaourt ou lait fermenté, nature, sucré, enrichi en vitamine D",Vitamine_B9_µg_100g,,11.0,µg,"USDA FoodData Central (SR Legacy) — Yogurt, plain, low fat",,Yaourt nature sucré enrichi vitamine D ; même proxy.,Moyen,2026-08-04
19733,"Yaourt ou lait fermenté, sur lit de fruits, à la crème, sucré",Vitamine_E_mg_100g,,0.07,mg,"USDA FoodData Central (SR Legacy) — Yogurt, Greek, fruit, whole milk",,Yaourt sur lit de fruits à la crème sucré ; proxy yaourt grec aux fruits.,Moyen,2026-08-04
19733,"Yaourt ou lait fermenté, sur lit de fruits, à la crème, sucré",Vitamine_K1_µg_100g,,0.3,µg,"USDA FoodData Central (SR Legacy) — Yogurt, Greek, fruit, whole milk",,Yaourt sur lit de fruits à la crème sucré ; proxy yaourt grec aux fruits.,Moyen,2026-08-04
19733,"Yaourt ou lait fermenté, sur lit de fruits, à la crème, sucré",Vitamine_B9_µg_100g,,5.0,µg,"USDA FoodData Central (SR Legacy) — Yogurt, Greek, fruit, whole milk",,Yaourt sur lit de fruits à la crème sucré ; proxy yaourt grec aux fruits.,Moyen,2026-08-04
19733,"Yaourt ou lait fermenté, sur lit de fruits, à la crème, sucré",Vitamine_D_µg_100g,,0.0,µg,"USDA FoodData Central (SR Legacy) — Yogurt, Greek, fruit, whole milk",,Yaourt sur lit de fruits à la crème sucré ; proxy yaourt grec aux fruits.,Moyen,2026-08-04
19733,"Yaourt ou lait fermenté, sur lit de fruits, à la crème, sucré",Vitamine_B12_µg_100g,,0.5,µg,"USDA FoodData Central (SR Legacy) — Yogurt, Greek, fruit, whole milk",,Yaourt sur lit de fruits à la crème sucré ; proxy yaourt grec aux fruits.,Moyen,2026-08-04
19733,"Yaourt ou lait fermenté, sur lit de fruits, à la crème, sucré",Sélénium_µg_100g,,9.6,µg,"USDA FoodData Central (SR Legacy) — Yogurt, Greek, fruit, whole milk",,Yaourt sur lit de fruits à la crème sucré ; proxy yaourt grec aux fruits.,Moyen,2026-08-04
19733,"Yaourt ou lait fermenté, sur lit de fruits, à la crème, sucré",Beta-Carotène_µg_100g,,7.0,µg,"USDA FoodData Central (SR Legacy) — Yogurt, Greek, fruit, whole milk",,Yaourt sur lit de fruits à la crème sucré ; proxy yaourt grec aux fruits.,Moyen,2026-08-04
19557,"Yaourt ou lait fermenté, sur lit de fruits, sucré",Vitamine_E_mg_100g,,0.06,mg,"USDA FoodData Central (SR Legacy) — Yogurt, fruit, lowfat, with low calorie sweetener",,"Correspondance exacte : yaourt sur lit de fruits, sucré.",Élevé,2026-08-04
19557,"Yaourt ou lait fermenté, sur lit de fruits, sucré",Vitamine_K1_µg_100g,,1.2,µg,"USDA FoodData Central (SR Legacy) — Yogurt, fruit, lowfat, with low calorie sweetener",,"Correspondance exacte : yaourt sur lit de fruits, sucré.",Élevé,2026-08-04
19557,"Yaourt ou lait fermenté, sur lit de fruits, sucré",Vitamine_B9_µg_100g,,10.0,µg,"USDA FoodData Central (SR Legacy) — Yogurt, fruit, lowfat, with low calorie sweetener",,"Correspondance exacte : yaourt sur lit de fruits, sucré.",Élevé,2026-08-04
19557,"Yaourt ou lait fermenté, sur lit de fruits, sucré",Vitamine_D_µg_100g,,0.0,µg,"USDA FoodData Central (SR Legacy) — Yogurt, fruit, lowfat, with low calorie sweetener",,"Correspondance exacte : yaourt sur lit de fruits, sucré.",Élevé,2026-08-04
19557,"Yaourt ou lait fermenté, sur lit de fruits, sucré",Vitamine_B12_µg_100g,,0.52,µg,"USDA FoodData Central (SR Legacy) — Yogurt, fruit, lowfat, with low calorie sweetener",,"Correspondance exacte : yaourt sur lit de fruits, sucré.",Élevé,2026-08-04
19557,"Yaourt ou lait fermenté, sur lit de fruits, sucré",Sélénium_µg_100g,,3.1,µg,"USDA FoodData Central (SR Legacy) — Yogurt, fruit, lowfat, with low calorie sweetener",,"Correspondance exacte : yaourt sur lit de fruits, sucré.",Élevé,2026-08-04
19557,"Yaourt ou lait fermenté, sur lit de fruits, sucré",Beta-Carotène_µg_100g,,4.0,µg,"USDA FoodData Central (SR Legacy) — Yogurt, fruit, lowfat, with low calorie sweetener",,"Correspondance exacte : yaourt sur lit de fruits, sucré.",Élevé,2026-08-04
17030,Huile d'amande,Vitamine_E_mg_100g,,39.2,mg,"USDA FoodData Central (SR Legacy) — Oil, almond",,Correspondance exacte : huile d'amande.,Élevé,2026-08-04
17030,Huile d'amande,Vitamine_B9_µg_100g,,0.0,µg,"USDA FoodData Central (SR Legacy) — Oil, almond",,Correspondance exacte : huile d'amande.,Élevé,2026-08-04
17030,Huile d'amande,Sélénium_µg_100g,,0.0,µg,"USDA FoodData Central (SR Legacy) — Oil, almond",,Correspondance exacte : huile d'amande.,Élevé,2026-08-04
17040,Huile d'arachide,Vitamine_E_mg_100g,,15.69,mg,"USDA FoodData Central (SR Legacy) — Oil, peanut, salad or cooking",,Correspondance exacte : huile d'arachide.,Élevé,2026-08-04
17040,Huile d'arachide,Vitamine_B9_µg_100g,,0.0,µg,"USDA FoodData Central (SR Legacy) — Oil, peanut, salad or cooking",,Correspondance exacte : huile d'arachide.,Élevé,2026-08-04
17100,Huile d'avocat,Vitamine_B9_µg_100g,,0.0,µg,"USDA FoodData Central (SR Legacy) — Oil, avocado",,Correspondance exacte : huile d'avocat.,Élevé,2026-08-04
17100,Huile d'avocat,Sélénium_µg_100g,,0.0,µg,"USDA FoodData Central (SR Legacy) — Oil, avocado",,Correspondance exacte : huile d'avocat.,Élevé,2026-08-04
17170,Huile de coton,Vitamine_E_mg_100g,,35.3,mg,"USDA FoodData Central (SR Legacy) — Oil, cottonseed, salad or cooking",,Correspondance exacte : huile de coton.,Élevé,2026-08-04
17170,Huile de coton,Vitamine_B9_µg_100g,,0.0,µg,"USDA FoodData Central (SR Legacy) — Oil, cottonseed, salad or cooking",,Correspondance exacte : huile de coton.,Élevé,2026-08-04
17110,Huile de germe de blé,Vitamine_E_mg_100g,,149.4,mg,"USDA FoodData Central (SR Legacy) — Oil, wheat germ",,Correspondance exacte : huile de germe de blé.,Élevé,2026-08-04
17110,Huile de germe de blé,Vitamine_B9_µg_100g,,0.0,µg,"USDA FoodData Central (SR Legacy) — Oil, wheat germ",,Correspondance exacte : huile de germe de blé.,Élevé,2026-08-04
17110,Huile de germe de blé,Sélénium_µg_100g,,0.0,µg,"USDA FoodData Central (SR Legacy) — Oil, wheat germ",,Correspondance exacte : huile de germe de blé.,Élevé,2026-08-04
17650,Huile de hareng,Sélénium_µg_100g,,0.0,µg,"USDA FoodData Central (SR Legacy) — Fish oil, herring",,Correspondance exacte : huile de hareng.,Élevé,2026-08-04
17180,Huile de lin,Vitamine_E_mg_100g,,0.47,mg,"USDA FoodData Central (SR Legacy) — Oil, flaxseed, cold pressed",,Correspondance exacte : huile de lin (pression à froid).,Élevé,2026-08-04
17180,Huile de lin,Vitamine_B9_µg_100g,,0.0,µg,"USDA FoodData Central (SR Legacy) — Oil, flaxseed, cold pressed",,Correspondance exacte : huile de lin (pression à froid).,Élevé,2026-08-04
17180,Huile de lin,Sélénium_µg_100g,,0.0,µg,"USDA FoodData Central (SR Legacy) — Oil, flaxseed, cold pressed",,Correspondance exacte : huile de lin (pression à froid).,Élevé,2026-08-04
17190,Huile de maïs,Vitamine_E_mg_100g,,22.6,mg,"USDA FoodData Central (Foundation) — Oil, corn",,Correspondance exacte : huile de maïs.,Élevé,2026-08-04
17210,Huile de noisette,Vitamine_E_mg_100g,,47.2,mg,"USDA FoodData Central (SR Legacy) — Oil, hazelnut",,Correspondance exacte : huile de noisette.,Élevé,2026-08-04
17210,Huile de noisette,Vitamine_B9_µg_100g,,0.0,µg,"USDA FoodData Central (SR Legacy) — Oil, hazelnut",,Correspondance exacte : huile de noisette.,Élevé,2026-08-04
17020,Huile de noyaux d'abricot,Vitamine_E_mg_100g,,4.0,mg,"USDA FoodData Central (SR Legacy) — Oil, apricot kernel",,Correspondance exacte : huile de noyaux d'abricot.,Élevé,2026-08-04
17020,Huile de noyaux d'abricot,Vitamine_B9_µg_100g,,0.0,µg,"USDA FoodData Central (SR Legacy) — Oil, apricot kernel",,Correspondance exacte : huile de noyaux d'abricot.,Élevé,2026-08-04
17020,Huile de noyaux d'abricot,Sélénium_µg_100g,,0.0,µg,"USDA FoodData Central (SR Legacy) — Oil, apricot kernel",,Correspondance exacte : huile de noyaux d'abricot.,Élevé,2026-08-04
17325,Huile de pavot,Vitamine_E_mg_100g,,11.4,mg,"USDA FoodData Central (SR Legacy) — Oil, poppyseed",,Correspondance exacte : huile de pavot.,Élevé,2026-08-04
17325,Huile de pavot,Vitamine_B9_µg_100g,,0.0,µg,"USDA FoodData Central (SR Legacy) — Oil, poppyseed",,Correspondance exacte : huile de pavot.,Élevé,2026-08-04
17325,Huile de pavot,Sélénium_µg_100g,,0.0,µg,"USDA FoodData Central (SR Legacy) — Oil, poppyseed",,Correspondance exacte : huile de pavot.,Élevé,2026-08-04
17350,Huile de pépins de raisin,Vitamine_E_mg_100g,,28.8,mg,"USDA FoodData Central (SR Legacy) — Oil, grapeseed",,Correspondance exacte : huile de pépins de raisin.,Élevé,2026-08-04
17350,Huile de pépins de raisin,Vitamine_B9_µg_100g,,0.0,µg,"USDA FoodData Central (SR Legacy) — Oil, grapeseed",,Correspondance exacte : huile de pépins de raisin.,Élevé,2026-08-04
17640,Huile de sardine,Sélénium_µg_100g,,0.0,µg,"USDA FoodData Central (SR Legacy) — Fish oil, sardine",,Correspondance exacte : huile de sardine.,Élevé,2026-08-04
17645,Huile de saumon,Sélénium_µg_100g,,0.0,µg,"USDA FoodData Central (SR Legacy) — Fish oil, salmon",,Correspondance exacte : huile de saumon.,Élevé,2026-08-04
17400,Huile de sésame,Vitamine_E_mg_100g,,1.4,mg,"USDA FoodData Central (SR Legacy) — Oil, sesame, salad or cooking",,Correspondance exacte : huile de sésame.,Élevé,2026-08-04
17400,Huile de sésame,Vitamine_B9_µg_100g,,0.0,µg,"USDA FoodData Central (SR Legacy) — Oil, sesame, salad or cooking",,Correspondance exacte : huile de sésame.,Élevé,2026-08-04
17400,Huile de sésame,Sélénium_µg_100g,,0.0,µg,"USDA FoodData Central (SR Legacy) — Oil, sesame, salad or cooking",,Correspondance exacte : huile de sésame.,Élevé,2026-08-04
17390,Huile de son de riz,Vitamine_E_mg_100g,,32.3,mg,"USDA FoodData Central (SR Legacy) — Oil, rice bran",,Correspondance exacte : huile de son de riz.,Élevé,2026-08-04
17390,Huile de son de riz,Vitamine_B9_µg_100g,,0.0,µg,"USDA FoodData Central (SR Legacy) — Oil, rice bran",,Correspondance exacte : huile de son de riz.,Élevé,2026-08-04
17390,Huile de son de riz,Sélénium_µg_100g,,0.0,µg,"USDA FoodData Central (SR Legacy) — Oil, rice bran",,Correspondance exacte : huile de son de riz.,Élevé,2026-08-04
17440,Huile de tournesol,Vitamine_E_mg_100g,,41.08,mg,"USDA FoodData Central (SR Legacy) — Oil, sunflower, linoleic, (approx. 65%)",,"Correspondance exacte : huile de tournesol (linoléique, type standard le plus courant).",Élevé,2026-08-04
17440,Huile de tournesol,Vitamine_B9_µg_100g,,0.0,µg,"USDA FoodData Central (SR Legacy) — Oil, sunflower, linoleic, (approx. 65%)",,"Correspondance exacte : huile de tournesol (linoléique, type standard le plus courant).",Élevé,2026-08-04
90001,"Whey (protéine de lactosérum), isolat, poudre, enrichie en vitamines et minéraux",AJOUT_LIGNE_COMPLETE,,,,"USDA FoodData Central (SR Legacy) — Beverages, Whey protein powder isolate (fdcId 173177)",,"Nouvel aliment hors CIQUAL (compléments protéinés absents de la base d'origine, demandé par Alex pour remplacer le ""lait en poudre"" dans les recettes sportives/protéinées). Identifiant ciqual_code attribué dans la plage 90xxx, totalement inutilisée par CIQUAL, pour ne jamais entrer en collision avec un futur ajout officiel. Toutes les colonnes non renseignées ci-dessus correspondent à des nutriments non rapportés par cette fiche USDA — laissées vides plutôt qu'estimées.",Élevé,2026-08-04
90002,"Whey (protéine de lactosérum), poudre, boisson protéinée",AJOUT_LIGNE_COMPLETE,,,,"USDA FoodData Central (SR Legacy) — Beverages, Protein powder whey based (fdcId 173180)",,"Nouvel aliment hors CIQUAL, plage ciqual_code 90xxx dédiée. Variante moins fortifiée que 90001 (profil vitaminique différent, réellement rapporté par l'USDA, non harmonisé artificiellement).",Élevé,2026-08-04
90003,"Protéine de soja, isolat, poudre, nature",AJOUT_LIGNE_COMPLETE,,,,USDA FoodData Central (SR Legacy) — Soy protein isolate (fdcId 174276),,"Nouvel aliment hors CIQUAL, plage ciqual_code 90xxx dédiée. Option végétalienne pure (isolat non aromatisé, sans vitamines ajoutées — profil brut).",Élevé,2026-08-04
90004,"Protéine de soja, poudre, boisson protéinée aromatisée",AJOUT_LIGNE_COMPLETE,,,,"USDA FoodData Central (SR Legacy) — Beverages, Protein powder soy based (fdcId 173181)",,"Nouvel aliment hors CIQUAL, plage ciqual_code 90xxx dédiée. Option végétalienne aromatisée/sucrée (mix boisson protéinée), utile pour les recettes type shake/smoothie.",Élevé,2026-08-04
90005,"Blanc d'oeuf, déshydraté, poudre",AJOUT_LIGNE_COMPLETE,,,,"USDA FoodData Central (Foundation) — Egg, white, dried (fdcId 323793)",,"Nouvel aliment hors CIQUAL, plage ciqual_code 90xxx dédiée. Option protéinée sans lactose ni soja (végétarienne, non vegan).",Élevé,2026-08-04
15000,"Amande, avec peau, sans sel ajouté",Vitamine_E_mg_100g,,25.63,mg,"USDA FoodData Central (SR Legacy) — Nuts, almonds (fdcId 170567)",,"Fiche USDA identifiée par correspondance directe nom/forme (crue/grillée/salée/décortiquée), revue manuelle un par un.",Élevé,2026-08-05
15041,"Amande, émondée, sans sel ajouté",Vitamine_E_mg_100g,,23.75,mg,"USDA FoodData Central (SR Legacy) — Nuts, almonds, blanched (fdcId 170568)",,"Fiche USDA identifiée par correspondance directe nom/forme (crue/grillée/salée/décortiquée), revue manuelle un par un.",Élevé,2026-08-05
15042,"Amande, grillée, salée",Vitamine_E_mg_100g,,23.9,mg,"USDA FoodData Central (SR Legacy) — Nuts, almonds, dry roasted, with salt added (fdcId 168596)",,"Fiche USDA identifiée par correspondance directe nom/forme (crue/grillée/salée/décortiquée), revue manuelle un par un.",Élevé,2026-08-05
15062,"Amande, grillée, salée, goût fumé",Vitamine_E_mg_100g,,23.9,mg,"USDA FoodData Central (SR Legacy) — Nuts, almonds, dry roasted, with salt added (fdcId 168596)",,"Proxy : arôme fumé non distingué par l'USDA, sans impact attendu sur la Vitamine E (liposoluble, non liée à l'arôme).",Moyen,2026-08-05
15004,"Noisette, sans sel ajouté",Vitamine_E_mg_100g,,15.03,mg,"USDA FoodData Central (SR Legacy) — Nuts, hazelnuts or filberts (fdcId 170581)",,"Fiche USDA identifiée par correspondance directe nom/forme (crue/grillée/salée/décortiquée), revue manuelle un par un.",Élevé,2026-08-05
15033,"Noisette grillée, sans sel ajouté",Vitamine_E_mg_100g,,15.28,mg,"USDA FoodData Central (SR Legacy) — Nuts, hazelnuts or filberts, dry roasted, without salt added (fdcId 170583)",,"Fiche USDA identifiée par correspondance directe nom/forme (crue/grillée/salée/décortiquée), revue manuelle un par un.",Élevé,2026-08-05
15050,"Noisette grillée, salée",Vitamine_E_mg_100g,,15.28,mg,"USDA FoodData Central (SR Legacy) — Nuts, hazelnuts or filberts, dry roasted, without salt added (fdcId 170583)",,Proxy : aucune variante salée chez l'USDA ; le sel n'affecte pas la Vitamine E (liposoluble).,Moyen,2026-08-05
15054,"Noix de cajou, grillée, sans sel ajouté",Vitamine_E_mg_100g,,0.92,mg,"USDA FoodData Central (SR Legacy) — Nuts, cashew nuts, dry roasted, without salt added (fdcId 170571)",,"Fiche USDA identifiée par correspondance directe nom/forme (crue/grillée/salée/décortiquée), revue manuelle un par un.",Élevé,2026-08-05
15055,"Noix de cajou, grillée à sec, sans sel ajouté",Vitamine_E_mg_100g,,0.92,mg,"USDA FoodData Central (SR Legacy) — Nuts, cashew nuts, dry roasted, without salt added (fdcId 170571)",,"Fiche USDA identifiée par correspondance directe nom/forme (crue/grillée/salée/décortiquée), revue manuelle un par un.",Élevé,2026-08-05
15026,"Noix de pécan, sans sel ajouté",Vitamine_E_mg_100g,,1.4,mg,"USDA FoodData Central (SR Legacy) — Nuts, pecans (fdcId 170182)",,"Fiche USDA identifiée par correspondance directe nom/forme (crue/grillée/salée/décortiquée), revue manuelle un par un.",Élevé,2026-08-05
15046,"Noix de pécan, salées",Vitamine_E_mg_100g,,1.3,mg,"USDA FoodData Central (SR Legacy) — Nuts, pecans, dry roasted, with salt added (fdcId 169424)",,"Fiche USDA identifiée par correspondance directe nom/forme (crue/grillée/salée/décortiquée), revue manuelle un par un.",Élevé,2026-08-05
15027,"Noix de macadamia, sans sel ajouté",Vitamine_E_mg_100g,,0.54,mg,"USDA FoodData Central (SR Legacy) — Nuts, macadamia nuts, raw (fdcId 170178)",,"Fiche USDA identifiée par correspondance directe nom/forme (crue/grillée/salée/décortiquée), revue manuelle un par un.",Élevé,2026-08-05
15043,"Noix de macadamia, grillée, salée",Vitamine_E_mg_100g,,0.57,mg,"USDA FoodData Central (SR Legacy) — Nuts, macadamia nuts, dry roasted, with salt added (fdcId 168598)",,"Fiche USDA identifiée par correspondance directe nom/forme (crue/grillée/salée/décortiquée), revue manuelle un par un.",Élevé,2026-08-05
15008,"Noix du Brésil ou noix d'Amazonie, sans sel ajouté",Vitamine_E_mg_100g,,5.65,mg,"USDA FoodData Central (SR Legacy) — Nuts, brazilnuts, dried, unblanched (fdcId 170569)",,"Fiche USDA identifiée par correspondance directe nom/forme (crue/grillée/salée/décortiquée), revue manuelle un par un.",Élevé,2026-08-05
15044,"Pistache, grillée, sans sel ajouté",Vitamine_E_mg_100g,,2.17,mg,"USDA FoodData Central (SR Legacy) — Nuts, pistachio nuts, dry roasted, without salt added (fdcId 170185)",,"Fiche USDA identifiée par correspondance directe nom/forme (crue/grillée/salée/décortiquée), revue manuelle un par un.",Élevé,2026-08-05
15034,"Lin, graine",Vitamine_E_mg_100g,,0.31,mg,"USDA FoodData Central (SR Legacy) — Seeds, flaxseed (fdcId 169414)",,"Fiche USDA identifiée par correspondance directe nom/forme (crue/grillée/salée/décortiquée), revue manuelle un par un.",Élevé,2026-08-05
15052,"Lin, brun, graine",Vitamine_E_mg_100g,,0.31,mg,"USDA FoodData Central (SR Legacy) — Seeds, flaxseed (fdcId 169414)",,"Proxy : variété ""brune"" non distinguée par l'USDA.",Moyen,2026-08-05
15035,"Sésame, graine décortiquée",Vitamine_E_mg_100g,,1.68,mg,"USDA FoodData Central (SR Legacy) — Seeds, sesame seed kernels, dried (decorticated) (fdcId 169412)",,"Fiche USDA identifiée par correspondance directe nom/forme (crue/grillée/salée/décortiquée), revue manuelle un par un.",Élevé,2026-08-05
15038,"Sésame, grillé, graine décortiquée",Vitamine_E_mg_100g,,0.25,mg,"USDA FoodData Central (SR Legacy) — Seeds, sesame seed kernels, toasted, without salt added (decorticated) (fdcId 170152)",,"Fiche USDA identifiée par correspondance directe nom/forme (crue/grillée/salée/décortiquée), revue manuelle un par un.",Élevé,2026-08-05
15045,"Tournesol, graine, grillé, salé",Vitamine_E_mg_100g,,26.1,mg,"USDA FoodData Central (SR Legacy) — Seeds, sunflower seed kernels, dry roasted, with salt added (fdcId 169418)",,"Fiche USDA identifiée par correspondance directe nom/forme (crue/grillée/salée/décortiquée), revue manuelle un par un.",Élevé,2026-08-05
15063,"Chanvre ou chènevis, graine décortiquée",Vitamine_E_mg_100g,,0.8,mg,"USDA FoodData Central (SR Legacy) — Seeds, hemp seed, hulled (fdcId 170148)",,"Fiche USDA identifiée par correspondance directe nom/forme (crue/grillée/salée/décortiquée), revue manuelle un par un.",Élevé,2026-08-05
15006,"Noix de coco, chair, fraîche",Vitamine_E_mg_100g,,0.24,mg,"USDA FoodData Central (SR Legacy) — Nuts, coconut meat, raw (fdcId 170169)",,"Fiche USDA identifiée par correspondance directe nom/forme (crue/grillée/salée/décortiquée), revue manuelle un par un.",Élevé,2026-08-05
15007,"Noix de coco, chair, sèche",Vitamine_E_mg_100g,,0.44,mg,"USDA FoodData Central (SR Legacy) — Nuts, coconut meat, dried (desiccated), not sweetened (fdcId 170170)",,"Fiche USDA identifiée par correspondance directe nom/forme (crue/grillée/salée/décortiquée), revue manuelle un par un.",Élevé,2026-08-05
15021,"Châtaigne, grillée",Vitamine_E_mg_100g,,0.5,mg,"USDA FoodData Central (SR Legacy) — Nuts, chestnuts, european, roasted (fdcId 170190)",,"Fiche USDA identifiée par correspondance directe nom/forme (crue/grillée/salée/décortiquée), revue manuelle un par un.",Élevé,2026-08-05
15037,"Cacahuète, grillée à sec, salée",Vitamine_E_mg_100g,,4.93,mg,"USDA FoodData Central (SR Legacy) — Peanuts, all types, dry-roasted, with salt (fdcId 174262)",,"Fiche USDA identifiée par correspondance directe nom/forme (crue/grillée/salée/décortiquée), revue manuelle un par un.",Élevé,2026-08-05
15053,"Cacahuète, grillée, sans sel ajouté",Vitamine_E_mg_100g,,4.93,mg,"USDA FoodData Central (SR Legacy) — Peanuts, all types, dry-roasted, without salt (fdcId 173806)",,"Fiche USDA identifiée par correspondance directe nom/forme (crue/grillée/salée/décortiquée), revue manuelle un par un.",Élevé,2026-08-05
15001,"Cacahuète, sans sel ajouté",Vitamine_E_mg_100g,,8.33,mg,"USDA FoodData Central (SR Legacy) — Peanuts, all types, raw (fdcId 172430)",,"Fiche USDA identifiée par correspondance directe nom/forme (crue/grillée/salée/décortiquée), revue manuelle un par un.",Élevé,2026-08-05
15057,"Cacahuète, grillée, aromatisée",Vitamine_E_mg_100g,,4.93,mg,"USDA FoodData Central (SR Legacy) — Peanuts, all types, dry-roasted, without salt (fdcId 173806)",,Proxy : arôme/enrobage non distingué par l'USDA.,Moyen,2026-08-05
15202,Beurre de cacahuète ou pâte d'arachide,Vitamine_E_mg_100g,,9.1,mg,"USDA FoodData Central (SR Legacy) — Peanut butter, smooth style, without salt (fdcId 172470)",,"Fiche USDA identifiée par correspondance directe nom/forme (crue/grillée/salée/décortiquée), revue manuelle un par un.",Élevé,2026-08-05
15203,Tahin ou purée de sésame,Vitamine_E_mg_100g,,0.25,mg,"USDA FoodData Central (SR Legacy) — Seeds, sesame butter, tahini, from roasted and toasted kernels (fdcId 170189)",,"Fiche USDA identifiée par correspondance directe nom/forme (crue/grillée/salée/décortiquée), revue manuelle un par un.",Élevé,2026-08-05
15027,"Noix de macadamia, sans sel ajouté",Acide_oléique_W9_g_100g,,43.76,g,"USDA FoodData Central (SR Legacy) — Nuts, macadamia nuts, raw (fdcId 170178), nutriment MUFA 18:1",,"Correspondance directe nom/forme sur fiche USDA, revue manuelle.",Élevé,2026-08-05
15043,"Noix de macadamia, grillée, salée",Acide_oléique_W9_g_100g,,44.38,g,"USDA FoodData Central (SR Legacy) — Nuts, macadamia nuts, dry roasted, with salt added (fdcId 168598), nutriment MUFA 18:1",,"Correspondance directe nom/forme sur fiche USDA, revue manuelle.",Élevé,2026-08-05
22014,Oeuf à la coque,Vitamine_K1_µg_100g,,0.3,µg,"USDA FoodData Central (SR Legacy) — Egg, whole, cooked, poached (fdcId 172186)",,"Proxy : aucune fiche USDA ""à la coque""/soft-boiled ; l'oeuf poché est la cuisson la plus proche (même degré de cuisson, jaune coulant, pas de matière grasse ajoutée).",Moyen,2026-08-05
22014,Oeuf à la coque,Vitamine_K2_µg_100g,,0.3,µg,"USDA FoodData Central (SR Legacy) — Egg, whole, cooked, poached (fdcId 172186)",,"Proxy : aucune fiche USDA ""à la coque""/soft-boiled ; l'oeuf poché est la cuisson la plus proche (même degré de cuisson, jaune coulant, pas de matière grasse ajoutée).",Moyen,2026-08-05
22011,Oeuf poché,Vitamine_K2_µg_100g,,0.3,µg,"USDA FoodData Central (SR Legacy) — Egg, whole, cooked, poached (fdcId 172186)",,"Correspondance directe nom/forme sur fiche USDA, revue manuelle.",Élevé,2026-08-05
22009,"Oeuf, jaune (jaune d'oeuf), cuit",Vitamine_K1_µg_100g,,0.7,µg,Report de la valeur CIQUAL du jaune cru (id 22002),,"La vitamine K est liposoluble et thermostable : la cuisson ne modifie pas significativement sa teneur, contrairement à la vitamine C par exemple. Valeur reportée depuis le jaune cru en l'absence de fiche USDA ""jaune cuit isolé"".",Moyen,2026-08-05
22009,"Oeuf, jaune (jaune d'oeuf), cuit",Vitamine_K2_µg_100g,,23.8,µg,Report de la valeur CIQUAL du jaune cru (id 22002),,"La vitamine K est liposoluble et thermostable : la cuisson ne modifie pas significativement sa teneur, contrairement à la vitamine C par exemple. Valeur reportée depuis le jaune cru en l'absence de fiche USDA ""jaune cuit isolé"".",Moyen,2026-08-05
22008,"Oeuf, blanc (blanc d'oeuf), cuit",Vitamine_K1_µg_100g,,0.0,µg,Report de la valeur CIQUAL du blanc cru (id 22001),,"Vitamine liposoluble et thermostable, non affectée par la cuisson. Valeur reportée depuis le blanc cru en l'absence de fiche USDA ""blanc cuit isolé"".",Moyen,2026-08-05
22008,"Oeuf, blanc (blanc d'oeuf), cuit",Vitamine_K2_µg_100g,,0.65,µg,Report de la valeur CIQUAL du blanc cru (id 22001),,"Vitamine liposoluble et thermostable, non affectée par la cuisson. Valeur reportée depuis le blanc cru en l'absence de fiche USDA ""blanc cuit isolé"".",Moyen,2026-08-05
22505,"Oeuf au plat, sans matière grasse",Vitamine_K1_µg_100g,,5.6,µg,"USDA FoodData Central (SR Legacy) — Egg, whole, cooked, fried (fdcId 173423)",,"Correspondance directe nom/forme sur fiche USDA, revue manuelle.",Élevé,2026-08-05
90006,Natto (soja fermenté),AJOUT_LIGNE_COMPLETE,,,,USDA FoodData Central (SR Legacy) — Natto (fdcId 172443),,"Aliment absent de CIQUAL, ajouté hors nomenclature (plage ciqual_code 90xxx dédiée) car cité explicitement comme source de référence dans la fiche ""Vitamine K"" (""le natto, soja fermenté, champion absolu"") sans être présent dans la base — incohérence signalée par Alex. Vitamine_K2 volontairement laissée vide : l'USDA ne fournit que la phylloquinone (K1 = 23,1 µg/100g) pour cet aliment, pas de mesure des ménaquinones (K2/MK-7) qui font la réputation du natto — aucune source fiable pour combler cette cellule sans l'inventer.",Élevé,2026-08-05
22505,"Oeuf au plat, sans matière grasse",Vitamine_B9_µg_100g,,51,µg,"USDA FoodData Central (SR Legacy) — Egg, whole, cooked, fried (fdcId 173423)",,"Correspondance directe nom/forme sur fiche USDA, revue manuelle.",Élevé,2026-08-05
22070,"Oeuf d'oie, cru",Sélénium_µg_100g,,36.9,µg,"USDA FoodData Central (SR Legacy) — Egg, goose, whole, fresh, raw (fdcId 172190)",,"Correspondance directe nom/forme sur fiche USDA, revue manuelle.",Élevé,2026-08-05
22050,"Oeuf de caille, cru",Sélénium_µg_100g,,32.0,µg,"USDA FoodData Central (SR Legacy) — Egg, quail, whole, fresh, raw (fdcId 172191)",,"Correspondance directe nom/forme sur fiche USDA, revue manuelle.",Élevé,2026-08-05
22060,"Oeuf de cane, cru",Sélénium_µg_100g,,36.4,µg,"USDA FoodData Central (SR Legacy) — Egg, duck, whole, fresh, raw (fdcId 172189)",,"Correspondance directe nom/forme sur fiche USDA, revue manuelle.",Élevé,2026-08-05
22080,"Oeuf de dinde, cru",Sélénium_µg_100g,,34.3,µg,"USDA FoodData Central (SR Legacy) — Egg, turkey, whole, fresh, raw (fdcId 172192)",,"Correspondance directe nom/forme sur fiche USDA, revue manuelle.",Élevé,2026-08-05
22004,"Oeuf, blanc (blanc d'oeuf), en poudre",Sélénium_µg_100g,,125.1,µg,"USDA FoodData Central (Foundation) — Egg, white, dried (fdcId 323793)",,"Correspondance directe nom/forme sur fiche USDA, revue manuelle.",Élevé,2026-08-05
22003,"Oeuf, jaune (jaune d'oeuf), en poudre",Sélénium_µg_100g,,139.3,µg,"USDA FoodData Central (SR Legacy) — Egg, yolk, dried (fdcId 173428)",,"Correspondance directe nom/forme sur fiche USDA, revue manuelle.",Élevé,2026-08-05
36007,"Poulet blanc, viande et peau crues",Vitamine_B6_mg_100g,,0.35,mg,"USDA FoodData Central (SR Legacy) — Chicken, broilers or fryers, meat and skin, raw (fdcId 171447)",,"Fiche USDA générique ""broiler/fryer"" appliquée à cette découpe spécifique (pas de variante ""blanc"" séparée chez l'USDA pour ce nutriment).",Moyen,2026-08-05
36008,"Poulet fermier, viande et peau crues",Vitamine_B6_mg_100g,,0.35,mg,"USDA FoodData Central (SR Legacy) — Chicken, broilers or fryers, meat and skin, raw (fdcId 171447)",,"Fiche USDA générique ""broiler/fryer"" appliquée en l'absence de distinction ""fermier"" chez l'USDA pour ce nutriment.",Moyen,2026-08-05
6003,"Boeuf, basse-côte crue",Vitamine_B3_mg_100g,,5.727,mg,"USDA FoodData Central (SR Legacy) — Beef, composite of trimmed retail cuts, lean only, all grades, raw (fdcId 174760)",,"Proxy générique bœuf cru toutes découpes confondues (composite USDA), pas de correspondance USDA par découpe française précise.",Moyen,2026-08-05
6240,"Boeuf, collier cru",Vitamine_B3_mg_100g,,5.727,mg,"USDA FoodData Central (SR Legacy) — Beef, composite of trimmed retail cuts, lean only, all grades, raw (fdcId 174760)",,Proxy générique bœuf cru.,Moyen,2026-08-05
6116,"Boeuf, filet cru",Vitamine_B3_mg_100g,,5.727,mg,"USDA FoodData Central (SR Legacy) — Beef, composite of trimmed retail cuts, lean only, all grades, raw (fdcId 174760)",,Proxy générique bœuf cru.,Moyen,2026-08-05
6204,"Boeuf, onglet cru",Vitamine_B3_mg_100g,,5.727,mg,"USDA FoodData Central (SR Legacy) — Beef, composite of trimmed retail cuts, lean only, all grades, raw (fdcId 174760)",,Proxy générique bœuf cru.,Moyen,2026-08-05
6311,"Boeuf, queue crue",Vitamine_B3_mg_100g,,5.727,mg,"USDA FoodData Central (SR Legacy) — Beef, composite of trimmed retail cuts, lean only, all grades, raw (fdcId 174760)",,Proxy générique bœuf cru.,Moyen,2026-08-05
6106,"Boeuf, rond de gîte cru",Vitamine_B3_mg_100g,,5.727,mg,"USDA FoodData Central (SR Legacy) — Beef, composite of trimmed retail cuts, lean only, all grades, raw (fdcId 174760)",,Proxy générique bœuf cru.,Moyen,2026-08-05
6150,"Boeuf, jarret cru",Vitamine_B3_mg_100g,,5.727,mg,"USDA FoodData Central (SR Legacy) — Beef, composite of trimmed retail cuts, lean only, all grades, raw (fdcId 174760)",,Proxy générique bœuf cru.,Moyen,2026-08-05
6150,"Boeuf, jarret cru",Zinc_mg_100g,,4.86,mg,"USDA FoodData Central (SR Legacy) — Beef, composite of trimmed retail cuts, lean only, all grades, raw (fdcId 174760)",,Proxy générique bœuf cru.,Moyen,2026-08-05
6101,Boeuf braisé,Vitamine_B3_mg_100g,,5.787,mg,"USDA FoodData Central (SR Legacy) — Beef, composite of trimmed retail cuts, lean only, all grades, cooked (fdcId 170208)",,Proxy générique bœuf cuit toutes découpes confondues.,Moyen,2026-08-05
6104,"Boeuf, gîte à la noix cuit",Vitamine_B3_mg_100g,,5.787,mg,"USDA FoodData Central (SR Legacy) — Beef, composite of trimmed retail cuts, lean only, all grades, cooked (fdcId 170208)",,Proxy générique bœuf cuit.,Moyen,2026-08-05
6104,"Boeuf, gîte à la noix cuit",Zinc_mg_100g,,6.91,mg,"USDA FoodData Central (SR Legacy) — Beef, composite of trimmed retail cuts, lean only, all grades, cooked (fdcId 170208)",,Proxy générique bœuf cuit.,Moyen,2026-08-05
6001,"Boeuf, côte crue",Zinc_mg_100g,,4.86,mg,"USDA FoodData Central (SR Legacy) — Beef, composite of trimmed retail cuts, lean only, all grades, raw (fdcId 174760)",,Proxy générique bœuf cru.,Moyen,2026-08-05
28502,"Poitrine de porc en salaison, fumée, crue",Vitamine_B1_mg_100g,,0.642,mg,"USDA FoodData Central (SR Legacy) — Pork, fresh, composite of trimmed retail cuts (leg, loin, shoulder), lean only, raw (fdcId 168220)",,"Proxy générique porc cru toutes découpes confondues (composite USDA), pas de correspondance USDA par découpe française précise.",Moyen,2026-08-05
28507,"Poitrine de porc en salaison, nature, crue",Vitamine_B1_mg_100g,,0.642,mg,"USDA FoodData Central (SR Legacy) — Pork, fresh, composite of trimmed retail cuts (leg, loin, shoulder), lean only, raw (fdcId 168220)",,"Proxy générique porc cru toutes découpes confondues (composite USDA), pas de correspondance USDA par découpe française précise.",Moyen,2026-08-05
28470,"Porc, bardière découennée crue",Vitamine_B1_mg_100g,,0.642,mg,"USDA FoodData Central (SR Legacy) — Pork, fresh, composite of trimmed retail cuts (leg, loin, shoulder), lean only, raw (fdcId 168220)",,"Proxy générique porc cru toutes découpes confondues (composite USDA), pas de correspondance USDA par découpe française précise.",Moyen,2026-08-05
28471,"Porc, gorge découennée crue",Vitamine_B1_mg_100g,,0.642,mg,"USDA FoodData Central (SR Legacy) — Pork, fresh, composite of trimmed retail cuts (leg, loin, shoulder), lean only, raw (fdcId 168220)",,"Proxy générique porc cru toutes découpes confondues (composite USDA), pas de correspondance USDA par découpe française précise.",Moyen,2026-08-05
28472,"Porc, hachage sans jarret, sans bateau, découenné, dégraissé, désossé, cru",Vitamine_B1_mg_100g,,0.642,mg,"USDA FoodData Central (SR Legacy) — Pork, fresh, composite of trimmed retail cuts (leg, loin, shoulder), lean only, raw (fdcId 168220)",,"Proxy générique porc cru toutes découpes confondues (composite USDA), pas de correspondance USDA par découpe française précise.",Moyen,2026-08-05
28473,"Porc, jambon sans jarret, sans bateau, découenné, dégraissé, désossé, cru",Vitamine_B1_mg_100g,,0.642,mg,"USDA FoodData Central (SR Legacy) — Pork, fresh, composite of trimmed retail cuts (leg, loin, shoulder), lean only, raw (fdcId 168220)",,"Proxy générique porc cru toutes découpes confondues (composite USDA), pas de correspondance USDA par découpe française précise.",Moyen,2026-08-05
28474,"Porc, jambonneau arrière, découenné, dégraisssé, désossé, cru",Vitamine_B1_mg_100g,,0.642,mg,"USDA FoodData Central (SR Legacy) — Pork, fresh, composite of trimmed retail cuts (leg, loin, shoulder), lean only, raw (fdcId 168220)",,"Proxy générique porc cru toutes découpes confondues (composite USDA), pas de correspondance USDA par découpe française précise.",Moyen,2026-08-05
28476,"Porc, maigre 80/20 cru",Vitamine_B1_mg_100g,,0.642,mg,"USDA FoodData Central (SR Legacy) — Pork, fresh, composite of trimmed retail cuts (leg, loin, shoulder), lean only, raw (fdcId 168220)",,"Proxy générique porc cru toutes découpes confondues (composite USDA), pas de correspondance USDA par découpe française précise.",Moyen,2026-08-05
28475,"Porc, maigre 90/10 cru",Vitamine_B1_mg_100g,,0.642,mg,"USDA FoodData Central (SR Legacy) — Pork, fresh, composite of trimmed retail cuts (leg, loin, shoulder), lean only, raw (fdcId 168220)",,"Proxy générique porc cru toutes découpes confondues (composite USDA), pas de correspondance USDA par découpe française précise.",Moyen,2026-08-05
28477,"Porc, palette, découennée, dégraissée, désossée, crue",Vitamine_B1_mg_100g,,0.642,mg,"USDA FoodData Central (SR Legacy) — Pork, fresh, composite of trimmed retail cuts (leg, loin, shoulder), lean only, raw (fdcId 168220)",,"Proxy générique porc cru toutes découpes confondues (composite USDA), pas de correspondance USDA par découpe française précise.",Moyen,2026-08-05
28479,"Porc, poitrine cutter, sans mouille, crue",Vitamine_B1_mg_100g,,0.642,mg,"USDA FoodData Central (SR Legacy) — Pork, fresh, composite of trimmed retail cuts (leg, loin, shoulder), lean only, raw (fdcId 168220)",,"Proxy générique porc cru toutes découpes confondues (composite USDA), pas de correspondance USDA par découpe française précise.",Moyen,2026-08-05
28480,"Porc, rôti filet avec chaînette, cru",Vitamine_B1_mg_100g,,0.642,mg,"USDA FoodData Central (SR Legacy) — Pork, fresh, composite of trimmed retail cuts (leg, loin, shoulder), lean only, raw (fdcId 168220)",,"Proxy générique porc cru toutes découpes confondues (composite USDA), pas de correspondance USDA par découpe française précise.",Moyen,2026-08-05
28102,"Porc, rouelle de jambon crue",Vitamine_B1_mg_100g,,0.642,mg,"USDA FoodData Central (SR Legacy) — Pork, fresh, composite of trimmed retail cuts (leg, loin, shoulder), lean only, raw (fdcId 168220)",,"Proxy générique porc cru toutes découpes confondues (composite USDA), pas de correspondance USDA par découpe française précise.",Moyen,2026-08-05
28911,"Épaule de porc, cuite, choix, découennée dégraissée",Vitamine_B1_mg_100g,,0.672,mg,"USDA FoodData Central (SR Legacy) — Pork, fresh, composite of trimmed retail cuts (leg, loin, shoulder), lean only, cooked (fdcId 167855)",,Proxy générique porc cuit toutes découpes confondues.,Moyen,2026-08-05
28924,"Épaule de porc, cuite, standard, découennée dégraissée",Vitamine_B1_mg_100g,,0.672,mg,"USDA FoodData Central (SR Legacy) — Pork, fresh, composite of trimmed retail cuts (leg, loin, shoulder), lean only, cooked (fdcId 167855)",,Proxy générique porc cuit toutes découpes confondues.,Moyen,2026-08-05
28103,"Porc, rouelle de jambon cuite",Vitamine_B1_mg_100g,,0.672,mg,"USDA FoodData Central (SR Legacy) — Pork, fresh, composite of trimmed retail cuts (leg, loin, shoulder), lean only, cooked (fdcId 167855)",,Proxy générique porc cuit toutes découpes confondues.,Moyen,2026-08-05
20228,"Champignon de Paris ou champignon de couche, surgelé, cru",Vitamine_B2_mg_100g,,0.402,mg,"USDA FoodData Central (SR Legacy) — Mushrooms, white, raw (fdcId 169251)",,"Correspondance directe nom/forme sur fiche USDA, revue manuelle.",Élevé,2026-08-05
20228,"Champignon de Paris ou champignon de couche, surgelé, cru",Vitamine_B3_mg_100g,,3.607,mg,"USDA FoodData Central (SR Legacy) — Mushrooms, white, raw (fdcId 169251)",,"Correspondance directe nom/forme sur fiche USDA, revue manuelle.",Élevé,2026-08-05
20228,"Champignon de Paris ou champignon de couche, surgelé, cru",Vitamine_B5_mg_100g,,1.497,mg,"USDA FoodData Central (SR Legacy) — Mushrooms, white, raw (fdcId 169251)",,"Correspondance directe nom/forme sur fiche USDA, revue manuelle.",Élevé,2026-08-05
20202,"Champignon noir, séché",Vitamine_B2_mg_100g,,0.844,mg,"USDA FoodData Central (SR Legacy) — Fungi, Cloud ears, dried (fdcId 168581)",,Proxy : le cloud ear est l'espèce la plus proche du champignon noir chez l'USDA (Auricularia).,Moyen,2026-08-05
20202,"Champignon noir, séché",Vitamine_B3_mg_100g,,6.267,mg,"USDA FoodData Central (SR Legacy) — Fungi, Cloud ears, dried (fdcId 168581)",,Proxy : le cloud ear est l'espèce la plus proche du champignon noir chez l'USDA (Auricularia).,Moyen,2026-08-05
20202,"Champignon noir, séché",Vitamine_B5_mg_100g,,0.481,mg,"USDA FoodData Central (SR Legacy) — Fungi, Cloud ears, dried (fdcId 168581)",,Proxy : le cloud ear est l'espèce la plus proche du champignon noir chez l'USDA (Auricularia).,Moyen,2026-08-05
26136,"Sardine,  grillée/poêlée",EPA_g_100g,,0.473,g,"USDA FoodData Central (SR Legacy) — Fish, sardine, Atlantic, canned in oil, drained solids (fdcId 175139)",,"Proxy : pas de fiche USDA sardine fraîche, conserve à l'huile égouttée utilisée comme référence la plus proche.",Moyen,2026-08-05
26136,"Sardine,  grillée/poêlée",DHA_g_100g,,0.509,g,"USDA FoodData Central (SR Legacy) — Fish, sardine, Atlantic, canned in oil, drained solids (fdcId 175139)",,"Proxy : pas de fiche USDA sardine fraîche, conserve à l'huile égouttée utilisée comme référence la plus proche.",Moyen,2026-08-05
26697,"Sardine, à l'huile d'arachide, appertisée, égouttée",EPA_g_100g,,0.473,g,"USDA FoodData Central (SR Legacy) — Fish, sardine, Atlantic, canned in oil, drained solids (fdcId 175139)",,"Correspondance directe nom/forme sur fiche USDA, revue manuelle.",Élevé,2026-08-05
26697,"Sardine, à l'huile d'arachide, appertisée, égouttée",DHA_g_100g,,0.509,g,"USDA FoodData Central (SR Legacy) — Fish, sardine, Atlantic, canned in oil, drained solids (fdcId 175139)",,"Correspondance directe nom/forme sur fiche USDA, revue manuelle.",Élevé,2026-08-05
26697,"Sardine, à l'huile d'arachide, appertisée, égouttée",Calcium_mg_100g,,382.0,mg,"USDA FoodData Central (SR Legacy) — Fish, sardine, Atlantic, canned in oil, drained solids (fdcId 175139)",,"Correspondance directe nom/forme sur fiche USDA, revue manuelle.",Élevé,2026-08-05
26697,"Sardine, à l'huile d'arachide, appertisée, égouttée",Phosphore_mg_100g,,490.0,mg,"USDA FoodData Central (SR Legacy) — Fish, sardine, Atlantic, canned in oil, drained solids (fdcId 175139)",,"Correspondance directe nom/forme sur fiche USDA, revue manuelle.",Élevé,2026-08-05
26698,"Sardine, à l'huile de tournesol, appertisée, égouttée",EPA_g_100g,,0.473,g,"USDA FoodData Central (SR Legacy) — Fish, sardine, Atlantic, canned in oil, drained solids (fdcId 175139)",,"Correspondance directe nom/forme sur fiche USDA, revue manuelle.",Élevé,2026-08-05
26698,"Sardine, à l'huile de tournesol, appertisée, égouttée",DHA_g_100g,,0.509,g,"USDA FoodData Central (SR Legacy) — Fish, sardine, Atlantic, canned in oil, drained solids (fdcId 175139)",,"Correspondance directe nom/forme sur fiche USDA, revue manuelle.",Élevé,2026-08-05
26698,"Sardine, à l'huile de tournesol, appertisée, égouttée",Calcium_mg_100g,,382.0,mg,"USDA FoodData Central (SR Legacy) — Fish, sardine, Atlantic, canned in oil, drained solids (fdcId 175139)",,"Correspondance directe nom/forme sur fiche USDA, revue manuelle.",Élevé,2026-08-05
26698,"Sardine, à l'huile de tournesol, appertisée, égouttée",Phosphore_mg_100g,,490.0,mg,"USDA FoodData Central (SR Legacy) — Fish, sardine, Atlantic, canned in oil, drained solids (fdcId 175139)",,"Correspondance directe nom/forme sur fiche USDA, revue manuelle.",Élevé,2026-08-05
26186,"Maquereau, mariné",EPA_g_100g,,0.898,g,"USDA FoodData Central (SR Legacy) — Fish, mackerel, Atlantic, raw (fdcId 175119)",,"Proxy : marinade non distinguée par l'USDA, poisson cru utilisé comme référence la plus proche.",Moyen,2026-08-05
26186,"Maquereau, mariné",DHA_g_100g,,1.401,g,"USDA FoodData Central (SR Legacy) — Fish, mackerel, Atlantic, raw (fdcId 175119)",,"Proxy : marinade non distinguée par l'USDA, poisson cru utilisé comme référence la plus proche.",Moyen,2026-08-05
26077,"Thon germon ou thon blanc, cuit à la vapeur sous pression",Sélénium_µg_100g,,65.7,µg,"USDA FoodData Central (SR Legacy) — Fish, tuna, white, canned in water, without salt, drained solids (fdcId 171988)",,"Proxy : pas de fiche USDA thon blanc frais cuit vapeur, conserve au naturel égouttée utilisée comme référence la plus proche.",Moyen,2026-08-05
20005,"Bette ou blette, côte (sans feuille), cuite",Vitamine_K1_µg_100g,,327.3,µg,"USDA FoodData Central (SR Legacy) — Chard, swiss, cooked, boiled, drained, with salt (fdcId 169343)",,"Fiche USDA blette entière (côte+feuille) appliquée à la côte seule, en l'absence de fiche USDA distinguant la partie consommée. Vitamine K2 non mesurée par l'USDA pour les végétaux, laissée vide.",Moyen,2026-08-05
20800,"Banane jaune, chair sans peau, cuite à la vapeur, prélevée à la Martinique",Vitamine_B6_mg_100g,,0.367,mg,"USDA FoodData Central (SR Legacy) — Bananas, raw (fdcId 173944)",,"Proxy : banane crue, la cuisson vapeur ne modifie pas significativement ces nutriments.",Moyen,2026-08-05
20800,"Banane jaune, chair sans peau, cuite à la vapeur, prélevée à la Martinique",Magnésium_mg_100g,,27.0,mg,"USDA FoodData Central (SR Legacy) — Bananas, raw (fdcId 173944)",,"Proxy : banane crue, la cuisson vapeur ne modifie pas significativement ces nutriments.",Moyen,2026-08-05
20800,"Banane jaune, chair sans peau, cuite à la vapeur, prélevée à la Martinique",Potassium_mg_100g,,358.0,mg,"USDA FoodData Central (SR Legacy) — Bananas, raw (fdcId 173944)",,"Proxy : banane crue, la cuisson vapeur ne modifie pas significativement ces nutriments.",Moyen,2026-08-05
13431,"Orange (variété locale), chair sans peau, sans pépins, prélevée à la Martinique",Vitamine_B9_µg_100g,,34.0,µg,"USDA FoodData Central (SR Legacy) — Oranges, raw, navels (fdcId 169917)",,"Proxy : variété locale non distinguée par l'USDA, orange navel générique utilisée.",Moyen,2026-08-05
13432,"Orange amère, chair sans peau, sans pépins, crue, prélevée à la Martinique",Vitamine_B9_µg_100g,,34.0,µg,"USDA FoodData Central (SR Legacy) — Oranges, raw, navels (fdcId 169917)",,"Proxy : orange amère non distinguée par l'USDA, orange douce générique utilisée (teneur en folates peu variable entre variétés d'agrumes).",Moyen,2026-08-05
20134,"Courge hokkaïdo, chair sans peau, crue",Beta-Carotène_µg_100g,,4226.0,µg,"USDA FoodData Central (SR Legacy) — Squash, winter, butternut, raw (fdcId 169295)",,"Proxy : variété non distinguée par l'USDA, courge d'hiver butternut utilisée comme référence de la famille.",Moyen,2026-08-05
20136,"Courge melonnette, chair sans peau, crue",Beta-Carotène_µg_100g,,4226.0,µg,"USDA FoodData Central (SR Legacy) — Squash, winter, butternut, raw (fdcId 169295)",,"Proxy : variété non distinguée par l'USDA, courge d'hiver butternut utilisée comme référence de la famille.",Moyen,2026-08-05
20128,"Courge musquée, chair sans peau, crue",Beta-Carotène_µg_100g,,4226.0,µg,"USDA FoodData Central (SR Legacy) — Squash, winter, butternut, raw (fdcId 169295)",,Butternut est le nom anglais exact de la courge musquée.,Élevé,2026-08-05
13401,"Abricot pays, chair et peau, sans noyau, cru, prélevé à la Martinique",Beta-Carotène_µg_100g,,1094.0,µg,"USDA FoodData Central (SR Legacy) — Apricots, raw (fdcId 171697)",,"Proxy : abricot pays (variété antillaise) non distingué par l'USDA, abricot européen générique utilisé.",Moyen,2026-08-05
13402,"Ananas, chair sans peau, cru , prélevé à la Martinique",Manganèse_mg_100g,,0.927,mg,"USDA FoodData Central (SR Legacy) — Pineapple, raw, all varieties (fdcId 169124)",,"Correspondance directe nom/forme sur fiche USDA, revue manuelle.",Élevé,2026-08-05
15050,"Noisette grillée, salée",Acide_oléique_W9_g_100g,,46.35,g,"USDA FoodData Central (SR Legacy) — Nuts, hazelnuts or filberts, dry roasted, without salt added (fdcId 170583)",,Le sel n'affecte pas la teneur en acide oléique.,Élevé,2026-08-05
15033,"Noisette grillée, sans sel ajouté",Acide_oléique_W9_g_100g,,46.35,g,"USDA FoodData Central (SR Legacy) — Nuts, hazelnuts or filberts, dry roasted, without salt added (fdcId 170583)",,"Correspondance directe nom/forme sur fiche USDA, revue manuelle.",Élevé,2026-08-05
15041,"Amande, émondée, sans sel ajouté",Acide_oléique_W9_g_100g,,33.11,g,"USDA FoodData Central (SR Legacy) — Nuts, almonds, blanched (fdcId 170568)",,"Correspondance directe nom/forme sur fiche USDA, revue manuelle.",Élevé,2026-08-05
15062,"Amande, grillée, salée, goût fumé",Acide_oléique_W9_g_100g,,32.75,g,"USDA FoodData Central (SR Legacy) — Nuts, almonds, dry roasted, with salt added (fdcId 168596)",,Proxy : arôme fumé non distingué par l'USDA.,Moyen,2026-08-05
26000,"Anchois, filets, marinés à l'huile, semi-conserve, égouttés",EPA_g_100g,,0.763,g,"USDA FoodData Central (SR Legacy) — Fish, anchovy, european, canned in oil, drained solids (fdcId 174183)",,"Correspondance directe nom/forme sur fiche USDA, revue manuelle.",Élevé,2026-08-05
26694,"Anchois, filets, salés, à l'huile d'olive, semi-conserve, égouttés",EPA_g_100g,,0.763,g,"USDA FoodData Central (SR Legacy) — Fish, anchovy, european, canned in oil, drained solids (fdcId 174183)",,"Correspondance directe nom/forme sur fiche USDA, revue manuelle.",Élevé,2026-08-05
26693,"Anchois, filets, salés, à l'huile de tournesol, semi-conserve, égouttés",EPA_g_100g,,0.763,g,"USDA FoodData Central (SR Legacy) — Fish, anchovy, european, canned in oil, drained solids (fdcId 174183)",,"Correspondance directe nom/forme sur fiche USDA, revue manuelle.",Élevé,2026-08-05
26177,"Anchois, filets, salés, à l'huile, semi-conserve, égouttés",EPA_g_100g,,0.763,g,"USDA FoodData Central (SR Legacy) — Fish, anchovy, european, canned in oil, drained solids (fdcId 174183)",,"Correspondance directe nom/forme sur fiche USDA, revue manuelle.",Élevé,2026-08-05
15037,"Cacahuète, grillée à sec, salée",Vitamine_B3_mg_100g,,14.355,mg,"USDA FoodData Central (SR Legacy) — Peanuts, all types, dry-roasted, with salt (fdcId 174262)",,"Correspondance directe nom/forme sur fiche USDA, revue manuelle.",Élevé,2026-08-05
15057,"Cacahuète, grillée, aromatisée",Vitamine_B3_mg_100g,,14.355,mg,"USDA FoodData Central (SR Legacy) — Peanuts, all types, dry-roasted, without salt (fdcId 173806)",,Proxy : arôme non distingué par l'USDA.,Moyen,2026-08-05
