ciqual_code,nom,Énergie_kcal_100g,Lipides_g_100g,AG_saturés_g_100g,Acide_oléique_W9_g_100g,Acide_linoléique_W6_LA_g_100g,Acide_alpha-linolénique_W3_ALA_g_100g,EPA_g_100g,DHA_g_100g,Cholestérol_mg_100g,Glucides_g_100g,Sucres_g_100g,Fibres_g_100g,Protéines_g_100g,Sel_g_100g,Calcium_mg_100g,Cuivre_mg_100g,Fer_mg_100g,Iode_µg_100g,Magnésium_mg_100g,Manganèse_mg_100g,Phosphore_mg_100g,Potassium_mg_100g,Sélénium_µg_100g,Sodium_mg_100g,Zinc_mg_100g,Rétinol_µg_100g,Beta-Carotène_µg_100g,Vitamine_D_µg_100g,Vitamine_E_mg_100g,Vitamine_K1_µg_100g,Vitamine_K2_µg_100g,Vitamine_C_mg_100g,Vitamine_B1_mg_100g,Vitamine_B2_mg_100g,Vitamine_B3_mg_100g,Vitamine_B5_mg_100g,Vitamine_B6_mg_100g,Vitamine_B9_µg_100g,Vitamine_B12_µg_100g,Eau_g_100g,Fructose_g_100g,Galactose_g_100g,Glucose_g_100g,Lactose_g_100g,Maltose_g_100g,Saccharose_g_100g,Amidon_g_100g,Polyols_g_100g,Alcool_g_100g
40601,"Abat, cuit (aliment moyen)",159.0,4.58,1.54,0.99,0.21,0.012,0.0028,0.0077,322.0,2.18,0.12,0.45,27.4,0.97,9.21,3.3,7.85,18.2,18.9,0.12,236.0,261.0,29.7,396.0,4.88,2630.0,30.7,0.6,,,,8.85,0.19,1.08,7.86,2.33,0.43,168.0,22.7,64.1,,,,,,,0.45,0.0,0.0
12112,Abondance,393.0,31.6,20.1,6.41,0.53,0.27,0.02,0.01,106.0,0.0,0.2,0.083,27.1,1.73,760.0,0.49,0.09,20.0,28.0,0.02,570.0,120.0,20.0,690.0,3.5,261.0,149.0,0.25,0.28,2.25,,0.5,0.015,0.27,0.1,0.34,0.092,39.6,2.19,37.2,0.2,,0.2,0.2,0.2,0.2,0.0,0.0,0.0
13704,"Abricot au sirop (sans précision sur léger ou classique), appertisé, égoutté (aliment moyen)",67.9,0.5,,,,,0.0,0.0,0.0,15.5,14.9,1.4,0.59,0.029,16.4,0.04,0.13,20.0,5.22,0.022,10.2,132.0,20.0,11.6,0.06,0.0,187.0,,,0.8,,0.63,0.7,0.01,0.097,0.081,0.019,,,81.4,5.78,,6.5,0.2,0.2,2.59,,0.41,0.0
13712,"Abricot au sirop léger, appertisé, égoutté",61.1,0.5,,,,,0.0,0.0,0.0,13.5,13.1,1.4,0.94,0.024,18.0,0.04,0.12,20.0,4.9,0.03,11.0,140.0,20.0,9.7,0.06,0.0,925.0,,,0.8,,2.19,0.7,0.01,0.1,0.12,0.017,,,83.0,3.65,,4.02,0.2,0.2,5.42,,0.39,0.0
13713,"Abricot au sirop léger, appertisé, non égoutté",62.5,0.043,0.003,,,,0.0,0.0,0.0,14.0,14.0,0.83,0.81,0.025,14.3,0.036,0.1,20.0,4.74,0.026,9.25,136.0,20.0,9.86,0.06,0.0,551.0,0.0,,0.8,,2.28,0.68,0.01,0.1,0.11,0.017,,0.0,83.5,3.71,,4.21,0.2,0.2,6.05,,,0.0
13714,"Abricot au sirop, appertisé, égoutté",69.6,0.5,,,,,0.0,0.0,0.0,16.0,15.3,1.4,0.5,0.03,16.0,0.04,0.13,20.0,5.3,0.02,10.0,130.0,20.0,12.0,0.06,0.0,7.98,,,0.8,,0.5,0.7,0.01,0.11,0.071,0.02,,,81.0,6.3,,7.1,0.2,0.2,1.9,,0.42,0.0
13715,"Abricot au sirop, appertisé, non égoutté",69.7,0.5,,,,,0.0,0.0,0.0,16.3,15.1,0.81,0.29,0.03,11.3,0.036,0.11,20.0,4.8,0.02,8.66,114.0,20.0,12.0,0.035,0.0,114.0,,,0.8,,0.5,,0.01,0.12,0.073,0.036,,,81.4,6.13,,7.06,0.2,0.084,1.8,,,0.0
13400,"Abricot pays, chair et peau, sans noyau, au sirop, appertisé, non égoutté, prélevé à la Martinique",55.2,0.1,,,,,0.0,0.0,0.0,13.3,7.3,1.8,0.28,,,,,,,,,,,,,0.0,25.2,,,,,0.0,,,,,,,,84.5,1.33,,1.2,,,4.77,,,0.0
13401,"Abricot pays, chair et peau, sans noyau, cru, prélevé à la Martinique",45.6,0.05,,,,,0.0,0.0,0.0,10.8,3.7,3.1,0.48,,,0.095,0.0,,,,,,,,,0.0,1094.0,,,,,,,,,,,,,85.4,1.4,,1.5,,,0.8,,,0.0
13000,"Abricot, dénoyauté, cru",44.1,0.5,0.01,0.01,0.01,0.01,0.01,0.01,0.0,9.01,6.7,1.7,0.81,0.013,15.0,0.06,0.19,20.0,8.4,0.07,22.0,260.0,20.0,5.0,0.09,0.0,2350.0,0.0,0.89,0.8,,2.55,0.03,0.013,0.1,0.19,0.054,9.0,0.0,87.1,1.3,0.0,2.0,0.2,0.2,3.4,0.35,0.5,0.0
13001,"Abricot, dénoyauté, sec",239.0,0.5,0.19,0.12,0.09,0.06,0.01,0.01,0.0,59.1,34.3,8.3,2.88,0.013,71.0,0.45,1.4,20.0,41.0,0.27,79.0,1400.0,20.0,5.0,0.35,0.0,46.7,0.25,4.33,0.8,,0.5,0.015,0.01,1.12,0.69,0.48,10.0,0.0,24.7,10.6,0.2,16.0,0.2,0.2,7.7,0.35,22.6,0.0
13623,"Abricot, dénoyauté, sec, moelleux (réhydraté à 35-45%)",200.0,0.4,0.16,0.11,0.05,0.03,0.01,0.01,0.0,51.1,29.9,3.5,2.31,0.013,53.0,0.29,0.86,20.0,32.0,0.19,59.0,980.0,20.0,5.0,0.3,0.0,21.7,0.25,1.53,0.8,,0.5,0.015,0.01,0.46,0.43,0.51,3.0,0.0,39.3,10.3,0.2,14.9,0.2,0.2,4.7,0.35,17.6,0.0
25433,"Accra de poisson, préemballé",275.0,17.6,2.3,4.4,0.92,0.014,0.0045,0.009,68.8,15.1,2.55,3.0,12.4,1.24,55.3,0.1,1.1,20.0,18.0,0.3,110.0,216.0,18.0,583.0,0.8,7.5,,0.5,4.84,,,0.5,0.064,0.1,1.1,0.35,0.19,33.0,0.43,49.5,0.3,,0.2,0.2,1.1,0.4,12.6,0.0,0.0
11084,"Agar (algue), frais, cru",28.4,0.03,0.006,,,,0.008,0.0,0.0,6.25,0.28,0.5,0.54,0.023,54.0,0.061,1.86,,67.0,0.37,5.0,226.0,,9.0,0.58,0.0,0.0,0.0,,2.3,,0.0,0.005,0.022,0.055,0.3,0.032,85.0,0.0,91.3,,,,,,,,0.0,0.0
11085,"Agar (algue), séché",27.5,0.3,0.061,,,,,0.0,0.0,,2.97,,6.21,0.26,625.0,0.61,21.4,36000.0,770.0,4.3,52.0,1130.0,0.0,102.0,5.8,0.0,0.0,0.0,,24.4,,0.0,0.01,0.22,0.2,3.02,0.3,580.0,0.0,8.68,,,,,,,,0.0,0.0
21508,"Agneau, collier braisé ou bouilli",365.0,25.6,,,,,,,93.0,0.0,0.0,0.0,33.6,,,,0.66,,,,,,13.9,,7.14,,,,0.36,,,,0.1,,4.26,0.69,0.095,,2.06,40.6,,,,,,,0.0,0.0,0.0
21514,"Agneau, collier cru",195.0,13.7,5.79,3.98,0.5,0.091,,,,0.0,0.0,0.0,18.0,0.2,,,1.14,,,,,,7.41,80.1,3.82,,,,,,,,,,4.27,,0.16,21.0,2.18,68.2,,,,,,,0.0,0.0,0.0
21525,"Agneau, côte découverte crue",205.0,15.0,5.69,5.35,0.48,0.08,0.005,0.0,,1.38,0.5,0.0,16.3,0.21,,,1.58,,,,,,7.5,82.0,3.77,,,,,,,,,,,,,21.0,1.77,66.5,,,,,,,0.0,0.0,0.0
21516,"Agneau, côte filet crue",232.0,18.0,7.75,5.04,0.69,0.12,,,,0.0,0.0,0.0,17.6,0.18,9.0,,1.15,,,,,,5.7,69.6,2.08,,,,,,,,,,5.51,,0.23,21.0,1.47,64.0,,,,,,,0.0,0.0,0.0
21509,"Agneau, côte filet grillée/poêlée",157.0,5.78,2.21,1.58,0.28,0.038,,0.0057,86.0,0.0,0.0,0.0,26.3,,,,1.27,,,,,,10.1,,3.55,,,,0.16,,,,0.1,,6.72,0.62,0.3,,1.22,67.7,,,,,,,0.0,0.0,0.0
21521,"Agneau, côte ou côtelette, crue (aliment moyen)",262.0,21.5,9.37,6.47,0.66,0.2,,,,0.35,0.13,0.0,16.6,0.19,8.77,,1.39,,,,,,5.18,75.1,2.55,,,,,,,,,,4.98,,0.25,,1.52,60.6,,,,,,,0.0,0.0,0.0
21522,"Agneau, côte ou côtelette, cuite (aliment moyen)",157.0,5.78,2.21,1.58,0.28,0.038,,0.0057,86.0,0.0,0.0,0.0,26.3,,,,1.27,,,,,,10.1,,3.55,,,,0.16,,,,0.1,,6.72,0.62,0.3,,1.22,67.7,,,,,,,0.0,0.0,0.0
21524,"Agneau, côte ou côtelette, grillée/poêlée (aliment moyen)",157.0,5.78,2.21,1.58,0.28,0.038,,0.0057,86.0,0.0,0.0,0.0,26.3,,,,1.27,,,,,,10.1,,3.55,,,,0.16,,,,0.1,,6.72,0.62,0.3,,1.22,67.7,,,,,,,0.0,0.0,0.0
21517,"Agneau, côte première crue",276.0,23.1,10.0,6.53,0.87,0.15,,,,0.0,0.0,0.0,16.9,0.2,8.0,,1.12,,,,,,4.81,81.2,1.84,,,,,,,,,,5.14,,0.21,21.0,1.64,59.3,,,,,,,0.0,0.0,0.0
21512,"Agneau, côte première grillée/poêlée",185.0,9.01,3.67,2.58,0.39,0.06,,0.004,90.0,0.0,0.0,0.0,26.1,0.18,22.0,0.12,1.27,,20.0,0.019,166.0,271.0,9.36,73.0,3.43,0.0,0.0,0.1,0.13,4.9,,0.0,0.1,0.21,6.64,0.7,0.28,15.0,1.38,64.1,,,,,,,0.0,0.0,0.0
21500,"Agneau, côtelette crue",333.0,30.1,14.0,8.95,0.62,0.45,0.009,0.0072,79.8,0.0,0.0,0.0,15.4,0.17,9.32,0.12,1.73,2.97,15.5,0.015,144.0,279.0,2.7,67.4,2.53,45.0,0.0,0.43,,0.0,,1.0,0.15,0.21,4.3,0.55,0.32,6.8,1.2,52.7,0.0,,0.0,0.0,0.0,0.0,0.0,0.0,0.0
21501,"Agneau, côtelette grillée/poêlée",240.0,15.2,6.65,4.33,0.37,0.11,0.013,0.0074,48.9,0.0,0.0,0.0,25.7,0.31,19.7,0.077,,5.0,20.1,0.0079,184.0,,9.97,,3.5,5.5,0.0,0.1,0.13,4.9,,,,,7.45,,,1.0,2.8,58.0,,,,,,,0.0,0.0,0.0
21504,"Agneau, épaule crue",170.0,10.6,3.87,4.04,0.34,0.057,0.005,0.0,72.0,0.45,0.5,0.0,18.3,0.2,16.0,0.097,1.63,1.85,21.0,0.019,158.0,230.0,7.53,78.8,3.43,0.0,0.0,0.4,,3.4,,0.0,0.11,0.21,5.66,0.68,0.13,19.0,1.65,70.2,0.0,,0.0,0.0,0.0,0.0,0.0,0.0,0.0
21505,"Agneau, épaule maigre crue",139.0,6.76,2.42,,,,0.0,0.0,66.0,0.0,0.0,0.0,19.6,0.18,15.0,0.11,1.66,,24.0,0.024,184.0,274.0,21.9,70.0,4.77,0.0,0.0,0.1,,3.4,,0.0,0.12,0.22,5.45,0.71,0.16,23.0,2.78,73.0,,,,,,,0.0,0.0,0.0
21507,"Agneau, épaule maigre rôtie/cuite au four",197.0,10.8,4.08,,,,0.0,0.0,87.0,0.0,0.0,0.0,24.9,0.17,19.0,0.11,2.13,5.0,25.0,0.026,200.0,265.0,6.0,68.0,6.04,0.0,0.0,0.1,,4.5,,0.0,0.09,0.26,5.76,0.73,0.15,25.0,2.7,63.3,,,,,,,0.0,0.0,0.0
21506,"Agneau, épaule rôtie/cuite au four",252.0,14.5,5.26,,,,,,99.8,0.0,0.0,0.0,30.5,0.24,8.8,0.2,2.2,8.6,25.4,0.1,231.0,376.0,5.0,95.5,4.7,7.5,0.0,0.5,,4.6,,6.9,0.064,0.3,7.2,0.3,0.21,24.2,2.72,53.7,,,,,,,0.0,0.0,0.0
21519,"Agneau, gigot braisé",222.0,9.03,3.46,2.6,0.45,0.067,,0.012,,0.0,0.0,0.0,35.2,,,,0.97,,,,,,13.6,,5.28,,,,0.15,,,,,,6.52,,0.16,18.0,1.88,55.2,,,,,,,0.0,0.0,0.0
21502,"Agneau, gigot cru",128.0,5.13,1.97,1.48,0.25,0.038,0.056,0.014,72.0,0.48,0.0,0.0,20.0,0.12,10.0,0.11,1.51,1.85,22.0,0.019,159.0,231.0,7.73,48.7,3.0,45.0,,0.4,,0.0,,0.0,0.12,0.23,6.52,0.7,0.26,18.0,2.17,74.5,0.0,,0.0,0.0,0.0,0.0,0.0,0.0,0.0
21518,"Agneau, gigot grillé/poêlé",174.0,7.08,2.63,1.98,0.34,0.051,,0.009,,0.0,0.0,0.0,27.6,,,,1.51,,,,,,10.7,,4.15,,,,0.16,,,,,,6.52,,0.23,22.0,1.88,64.8,,,,,,,0.0,0.0,0.0
21503,"Agneau, gigot rôti/cuit au four",169.0,6.85,2.63,1.98,0.34,0.051,0.0076,0.009,97.6,0.0,0.0,0.0,26.8,0.19,21.8,0.12,1.4,5.0,30.7,0.015,183.0,301.0,10.3,75.5,4.01,0.0,0.0,,,,,0.0,0.1,0.28,6.52,0.83,0.24,17.0,1.88,65.9,,,,,,,0.0,0.0,0.0
21515,"Agneau, selle crue",236.0,18.4,7.95,5.16,0.71,0.12,,,74.0,0.0,0.0,0.0,17.5,0.14,15.0,0.11,1.16,0.7,21.0,0.018,152.0,214.0,5.73,55.0,2.11,0.0,,0.4,,0.0,,0.0,0.11,0.21,5.41,0.63,0.22,17.0,1.73,63.8,,,,,,,0.0,0.0,0.0
21520,"Agneau, selle, partie maigre grillée/poêlée",153.0,5.45,2.05,1.52,0.29,0.039,,0.0081,,0.0,0.0,0.0,26.1,,,,1.28,,,,,,10.3,,3.67,,0.0,0.1,0.13,4.9,,,,,6.67,,0.29,1.0,1.53,68.3,,,,,,,0.0,0.0,0.0
21513,"Agneau, selle, partie maigre rôtie/cuite au four",153.0,5.45,2.01,1.49,0.28,0.039,0.0,0.008,91.0,0.0,0.0,0.0,26.1,0.16,18.0,0.12,1.21,,23.0,0.02,180.0,246.0,10.3,64.0,3.67,0.0,0.0,0.1,,4.7,,0.0,0.1,0.24,6.67,0.83,0.27,19.0,1.53,68.3,,,,,,,0.0,0.0,0.0
21523,"Agneau, viande, cuite (aliment moyen)",193.0,8.78,3.14,1.95,0.34,0.05,,0.0088,,0.0,0.0,0.0,28.5,,,,1.56,,,,,,9.2,,4.33,,,,,,,,,,6.63,,0.23,,2.0,62.1,,,,,,,0.0,0.0,0.0
11023,"Ail séché, poudre",346.0,0.73,0.25,0.11,0.17,0.0056,0.0,0.0,0.0,63.7,2.43,9.0,16.6,0.15,79.0,0.53,5.65,,77.0,0.98,414.0,1190.0,,60.0,2.99,0.0,0.0,0.0,,0.4,,1.2,0.44,0.14,0.8,0.74,1.65,,0.0,6.45,0.31,0.0,0.07,0.0,0.0,2.05,,0.0,0.0
11000,"Ail, cru",109.0,0.5,0.01,0.01,0.01,0.01,0.01,0.01,0.0,18.6,1.2,5.8,5.31,0.023,11.0,0.19,0.63,20.0,20.0,0.2,130.0,530.0,20.0,9.0,0.75,0.0,5.0,0.25,,0.8,,0.5,0.2,0.01,0.1,0.36,1.1,,0.0,67.8,0.3,,0.2,0.2,0.2,0.7,0.35,0.5,0.0
11307,"Ail, grillé/poêlé, sans matière grasse",130.0,0.4,0.2,0.04,0.1,0.01,0.01,0.01,0.0,22.0,1.0,5.8,6.0,0.013,12.0,0.17,0.77,20.0,22.0,0.23,150.0,580.0,20.0,5.0,0.96,0.0,5.6,,,0.8,,4.09,0.14,0.032,0.75,0.3,0.94,,,63.5,0.4,0.2,0.2,0.2,0.2,0.6,0.35,0.5,0.0
11306,"Ail, rôti/cuit au four",125.0,0.5,0.01,0.01,0.01,0.01,0.01,0.01,0.0,23.8,1.4,2.7,5.56,0.013,11.0,0.18,0.64,20.0,21.0,0.22,140.0,490.0,20.0,5.0,0.73,0.0,5.0,0.25,,0.8,,0.5,0.16,0.043,0.1,0.34,1.37,,,65.4,0.2,,0.2,0.2,0.2,1.2,0.35,0.5,0.0
5219,"Alcool fort (type rhum), cuisiné (alcool évaporé)",0.0019,0.0,0.0,0.0,0.0,0.0,0.0,0.0,0.0,0.00049,0.0,0.0,0.0,0.0039,0.0,0.093,0.13,1.58,0.0,0.028,7.1,3.15,,1.58,0.068,0.0,0.0,0.0,0.0,0.0,,0.0,0.011,0.0063,0.021,0.0,0.0016,0.0,0.0,100.0,,,,,,,0.0,0.0,0.0
1014,Alcool pur,660.0,0.0,0.0,,,,,,0.0,0.0,0.0,0.0,0.0,0.0,0.0,,0.0,1.0,0.0,,0.0,0.0,,0.0,0.0,0.0,0.0,0.0,0.0,,,0.0,0.0,0.0,0.0,,0.0,0.0,0.0,,,,,,,,0.0,0.0,94.3
4041,"Aligot (purée de pomme de terre à la tomme fraîche), préemballé",195.0,13.3,8.25,2.67,0.21,0.11,0.01,0.01,,9.5,0.57,1.3,8.06,1.0,,,,,,,,,,398.0,,,,,,,,,,,,,,,,65.1,0.1,0.18,0.1,0.21,0.1,0.18,,0.0,0.0
15000,"Amande, avec peau, sans sel ajouté",615.0,51.3,4.11,33.3,10.5,0.01,0.01,0.01,0.0,9.51,4.2,12.5,18.8,0.013,260.0,0.96,3.4,20.0,270.0,1.9,510.0,800.0,20.0,5.0,3.5,0.0,7.33,0.25,25.63,0.8,,0.5,0.15,0.29,1.97,0.62,0.07,,0.0,4.8,0.2,0.2,0.2,0.2,0.2,4.0,0.35,,0.0
15041,"Amande, émondée, sans sel ajouté",631.0,52.5,3.95,33.11,,,0.0,0.0,0.0,8.76,4.63,9.9,21.4,0.048,236.0,1.03,3.28,,268.0,1.84,481.0,659.0,,19.0,2.97,0.0,4.0,0.0,23.75,0.0,,0.0,0.19,0.71,3.5,0.31,0.12,,0.0,4.51,0.0,0.0,0.03,0.0,0.14,4.46,1.0,,0.0
15042,"Amande, grillée, salée",647.0,53.9,5.68,32.7,12.9,0.006,0.0,0.0,0.0,12.2,3.94,8.46,20.0,0.95,268.0,1.1,3.73,,279.0,2.23,471.0,713.0,,380.0,3.31,0.0,1.0,0.0,23.9,0.0,,0.0,0.077,1.2,3.64,0.32,0.14,,0.0,2.41,0.0081,0.0,0.0081,0.0,0.073,3.85,0.73,,0.0
15062,"Amande, grillée, salée, goût fumé",629.0,54.0,4.31,32.75,,,0.0,0.0,0.0,9.01,4.56,8.25,18.6,1.23,,,,,,,,,,480.0,,0.0,,,23.9,,,,,,,,,,,,,,,,,,,,0.0
9345,"Amarante, crue",369.0,7.02,1.46,1.43,2.74,0.041,0.0,0.0,0.0,58.6,1.68,6.7,13.5,0.01,159.0,0.53,7.61,,248.0,3.33,557.0,508.0,,4.0,2.87,0.0,1.0,0.0,,0.0,0.0,4.2,0.12,0.2,0.92,1.46,0.59,,0.0,11.3,0.0099,0.0,0.27,0.0,0.0099,1.39,56.9,0.0,0.0
9510,Amidon de maïs ou fécule de maïs,365.0,0.05,0.009,,0.0,,0.0,0.0,0.0,90.4,0.0,0.9,0.26,0.023,2.0,0.05,0.47,0.6,3.0,0.053,13.0,3.0,2.8,9.0,0.06,0.0,0.0,0.0,,0.0,,0.0,0.0,0.0,0.0,0.0,0.0,,0.0,8.32,0.0,,0.0,0.0,0.0,0.0,87.0,0.0,0.0
96781,Amidon de riz,343.0,0.0,,,,,0.0,0.0,0.0,85.0,,0.0,0.6,,,,,,,,,,,,,0.0,,0.0,0.0,,,,,,,,,,,14.2,,,,,,,,0.0,0.0
13716,"Ananas au jus d'ananas, appertisé, égoutté",56.0,0.5,,,,,0.0,0.0,0.0,12.9,12.8,1.4,0.25,0.0025,11.0,0.04,0.19,20.0,12.0,1.2,7.8,130.0,20.0,1.0,0.11,0.0,24.2,0.0,0.02,0.8,,4.99,0.063,0.01,2.2,0.067,0.076,5.0,0.0,84.5,3.97,,4.07,0.2,0.2,4.76,,,0.0
13717,"Ananas au jus d'ananas, appertisé, non égoutté",55.0,0.5,,,,,0.0,0.0,0.0,12.9,12.6,0.92,0.25,0.00049,10.3,0.033,0.19,20.0,11.7,1.13,7.14,127.0,20.0,0.2,0.11,0.0,15.9,0.0,0.01,0.8,,4.98,0.063,0.01,1.44,0.061,0.064,5.0,0.0,84.9,3.85,,4.03,0.2,0.2,4.71,,,0.0
13718,"Ananas au sirop léger, appertisé, égoutté",65.8,0.5,,,,,0.0,0.0,0.0,15.3,15.3,1.6,0.25,0.0048,6.4,0.04,0.13,20.0,11.0,1.2,4.8,95.0,20.0,1.9,0.05,0.0,19.7,,,0.8,,5.22,0.034,0.01,0.1,0.04,0.046,,,82.0,5.66,,5.56,0.2,0.2,4.05,,,0.0
13719,"Ananas au sirop léger, appertisé, non égoutté",66.5,0.078,0.009,,,,0.0,0.0,0.0,15.6,15.6,1.01,0.25,0.0047,5.77,0.033,0.12,20.0,11.4,1.16,4.06,101.0,20.0,1.86,0.031,0.0,12.4,0.0,0.01,0.8,,5.11,0.037,0.01,0.1,0.03,0.029,5.0,0.0,82.4,5.71,,5.72,0.2,0.2,4.14,,,0.0
13201,"Ananas Victoria ou Queen Victoria, chair sans peau, crue, prélevé à La Réunion",69.8,0.3,0.01,0.01,0.01,0.01,0.01,0.01,0.0,15.1,14.9,2.4,0.94,0.013,6.3,0.07,0.17,20.0,15.0,0.2,9.6,130.0,20.0,5.0,0.11,0.0,21.2,,,0.8,,18.3,0.084,0.022,0.23,0.19,0.055,,,81.3,2.8,0.2,2.5,0.2,0.2,9.6,0.35,0.0,0.0
13002,"Ananas, chair sans peau, cru",51.6,0.5,0.01,0.01,0.01,0.01,0.01,0.01,0.0,11.7,10.5,1.2,0.25,0.013,8.0,0.06,0.17,20.0,15.0,0.84,8.1,140.0,20.0,5.0,0.08,0.0,66.9,0.0,0.02,0.8,,46.1,0.056,0.033,0.31,0.17,0.052,18.0,0.0,85.5,2.3,0.0,1.8,0.2,0.2,6.4,0.35,0.5,0.0
13402,"Ananas, chair sans peau, cru , prélevé à la Martinique",2.2,0.0,,,,,0.0,0.0,0.0,,,,0.56,,,,,,,0.927,,,,,,0.0,,,,,,38.3,,,,,,,,83.4,,,,,,,,,0.0
26079,"Anchois, cru",129.0,6.07,1.64,0.89,0.17,0.073,0.48,0.93,124.0,0.0,0.0,0.0,18.6,0.18,86.5,0.38,2.63,55.0,22.3,0.23,162.0,294.0,21.3,73.0,1.86,65.7,0.0,11.0,0.57,0.1,,0.0,0.061,0.32,12.7,0.65,0.14,9.0,0.62,71.8,,,,,,,0.0,0.0,0.0
26000,"Anchois, filets, marinés à l'huile, semi-conserve, égouttés",167.0,9.08,1.69,,,,0.763,,,0.47,0.0,0.5,20.6,2.52,,,,,,,,,68.1,1008.0,,,0.0,1.7,3.33,12.1,,,,,,,,13.0,0.88,,0.3,,0.3,0.3,0.3,0.3,0.0,0.0,0.0
26692,"Anchois, filets, marinés à l'orientale (huile, piments…), semi-conserve, égouttés",165.0,9.19,1.62,0.57,0.33,0.026,0.35,0.54,105.0,0.48,,1.09,19.6,2.4,120.0,0.17,2.8,8.0,102.0,0.14,148.0,159.0,46.0,2230.0,1.95,11.0,,2.4,1.1,,,,0.04,0.2,2.75,0.41,0.18,37.0,15.3,60.2,,,,,,,,0.0,0.0
26700,"Anchois, filets, marinés, semi-conserve, égouttés (aliment moyen)",186.0,11.3,2.01,1.8,0.87,0.061,0.29,0.58,96.6,0.48,,0.73,20.3,4.15,141.0,0.19,2.46,11.6,120.0,0.11,146.0,177.0,40.9,3070.0,1.93,9.71,,2.38,,,,,0.031,0.23,2.93,0.36,0.16,,12.8,54.5,,,,,,,,0.0,0.0
25999,"Anchois, filets, roulés aux câpres, salés, à l'huile, semi-conserve, égouttés",195.0,10.6,1.5,,3.78,0.028,0.0073,0.026,,1.56,,0.98,22.9,13.9,,,,,,,,,,,,,,,,,,,,,,,,,,,,,,,,,,0.0,0.0
26694,"Anchois, filets, salés, à l'huile d'olive, semi-conserve, égouttés",197.0,9.9,1.67,,,,0.763,,,1.36,,1.1,25.0,13.6,,,,,,,,,68.1,,,,0.0,1.7,3.33,12.1,,,,,,,,13.0,0.88,,,,,,,,,0.0,0.0
26693,"Anchois, filets, salés, à l'huile de tournesol, semi-conserve, égouttés",211.0,12.3,1.58,,,,0.763,,,0.54,,1.5,24.5,15.2,,,,,,,,,68.1,,,,0.0,1.7,3.33,12.1,,,,,,,,13.0,0.88,,,,,,,,,0.0,0.0
26177,"Anchois, filets, salés, à l'huile, semi-conserve, égouttés",199.0,11.0,1.64,,,,0.763,,70.0,0.0,0.0,0.0,24.9,14.4,,,6.9,,,,481.0,215.0,,3600.0,1.7,55.0,0.0,4.6,0.29,,,0.0,0.06,0.26,14.0,,0.14,8.0,,,,,,,,,0.0,0.0,0.0
8500,Andouille,211.0,15.1,,,,,0.0,,,0.3,,0.0,18.4,2.08,,,,2.0,,,,,18.3,820.0,,,0.0,1.1,0.25,0.0,,,,,,,,1.0,0.66,60.5,,,,,,,,0.0,0.0
8501,Andouille de Guéméné,234.0,18.0,,,,,0.0,,,0.0,,0.0,18.0,,,,,,,,,,18.3,,,,0.0,1.1,0.25,0.0,,,,,,,,1.0,0.66,,,,,,,,,0.0,0.0
8512,Andouille de Vire,238.0,18.0,,,,,0.0,,,0.0,,0.0,19.0,,,,,,,,,,18.3,,,,0.0,1.1,0.25,0.0,,,,,,,,1.0,0.66,,,,,,,,,0.0,0.0
8504,"Andouille, réchauffée à la poêle",270.0,20.0,9.29,7.25,1.37,0.087,0.0,,330.0,0.0,0.2,1.0,22.5,2.82,18.0,0.2,2.4,24.0,12.2,0.1,150.0,104.0,24.0,1130.0,3.4,11.0,16.0,0.5,0.25,0.0,,1.0,0.056,0.28,1.55,0.48,0.12,20.0,1.35,55.5,,,,,,,1.0,0.0,0.0
8552,"Andouillette de Troyes, à cuire",256.0,19.0,7.91,,1.75,0.12,0.0,,310.0,1.0,0.5,0.9,19.7,1.97,26.1,0.2,2.8,,9.4,0.2,110.0,58.4,22.0,830.0,2.6,,,0.25,0.55,,,,0.02,,0.8,,0.1,2.0,0.5,59.9,,,,,,,,0.0,0.0
8550,"Andouillette, à cuire",225.0,16.3,6.94,,1.26,0.12,0.0,,284.0,0.5,0.5,0.71,18.8,1.46,34.1,0.28,1.67,2.0,12.5,0.16,112.0,55.6,18.3,584.0,2.6,,0.0,0.25,0.39,,,,0.028,0.15,0.81,,0.1,1.2,0.49,63.0,,,,,,,0.33,0.0,0.0
8551,"Andouillette, grillée/poêlée",301.0,22.3,11.1,7.76,2.27,0.2,0.0,,344.0,0.54,0.2,1.0,24.5,2.73,35.6,0.2,2.3,15.0,9.6,0.1,98.3,64.0,19.0,1090.0,4.3,52.0,30.0,0.5,,,,1.0,0.035,0.15,0.96,0.24,0.09,20.0,0.91,48.7,,,,,,,1.0,0.0,0.0
11093,"Aneth, frais",48.2,1.1,0.34,0.68,0.07,0.011,0.0,0.0,0.0,3.9,1.2,3.5,3.93,0.15,202.0,0.22,5.5,3.9,28.0,2.7,51.9,647.0,2.7,27.0,1.8,0.0,,0.0,,,,70.0,0.19,0.43,2.4,0.3,0.3,,0.0,86.0,,,,,,,,0.0,0.0
11063,"Aneth, séché",315.0,4.36,0.23,,,,,,0.0,42.2,,13.6,20.0,0.52,1780.0,0.49,48.8,,451.0,3.95,543.0,3310.0,,208.0,3.3,0.0,,0.0,,,,50.0,0.42,0.28,2.81,,1.71,,0.0,7.3,,,,,,,,0.0,0.0
27001,"Anguille, bouillie/cuite à l'eau",197.0,12.7,3.28,,,,0.24,0.47,,0.0,0.0,0.0,20.5,,,0.029,,8.0,,0.04,,,28.0,,2.08,,0.0,,5.1,,,,,,,,,,,62.0,0.0,,0.0,0.0,0.0,0.0,0.0,0.0,0.0
27016,"Anguille, crue",240.0,18.6,4.25,6.18,0.66,0.2,0.49,0.68,120.0,2.06,0.0,0.0,16.1,0.16,23.6,0.041,0.71,36.3,18.0,0.078,285.0,260.0,28.7,65.5,2.27,1280.0,0.0,16.0,,1.25,1.7,1.6,0.17,0.24,3.16,0.17,0.21,13.8,2.8,62.1,0.0,,0.0,0.0,0.0,0.0,0.0,0.0,0.0
26999,"Anguille, cuite (aliment moyen)",213.0,13.8,3.15,,,,0.2,0.37,,0.0,0.0,0.0,22.1,,,0.029,,8.0,,0.04,,,,,2.08,,0.0,,,,,,,,,,,,,60.7,0.0,,0.0,0.0,0.0,0.0,0.0,0.0,0.0
27000,"Anguille, rôtie/cuite au four",229.0,15.0,3.02,,,,0.17,0.28,161.0,0.0,0.0,0.0,23.6,0.16,26.0,0.029,0.64,8.0,26.0,0.04,277.0,349.0,,65.0,2.08,1140.0,0.0,,,,,1.8,0.18,0.051,4.49,0.28,0.077,17.0,2.89,59.3,0.0,,0.0,0.0,0.0,0.0,0.0,0.0,0.0
13056,"Anone ou chérimole, chair sans peau, crue",80.0,0.68,0.23,0.021,0.028,0.16,0.0,0.0,0.0,15.4,12.9,3.0,1.57,0.018,10.0,0.069,0.27,0.4,17.0,0.093,26.0,287.0,,7.0,0.16,0.0,2.0,0.0,0.27,,,12.6,0.1,0.13,0.64,0.35,0.26,23.0,0.0,79.4,6.28,0.0,5.93,0.0,0.0,0.66,0.0,,0.0
20995,"Ao-nori (Ulva sp., ex Enteromorpha sp.), séchée ou déshydratée",225.0,2.5,0.55,,,,,,0.0,19.5,1.35,35.1,13.6,10.2,1550.0,1.16,205.0,9900.0,2260.0,16.5,860.0,1810.0,15.4,4090.0,5.54,0.0,1380.0,0.0,8.54,7.91,,48.8,0.29,1.1,4.75,,,27.3,,7.98,,,,,,,,0.0,0.0
1007,Apéritif à base de vin ou vermouth,137.0,0.0,0.0,,,,,,0.0,11.3,11.1,0.0,0.054,0.038,7.37,0.1,0.44,1.2,7.0,0.0,6.25,48.0,0.0,15.0,0.035,0.0,0.0,0.0,0.0,,,,0.0,0.0,0.045,,0.0075,0.0,0.0033,75.3,,,,,,,0.0,0.0,13.1
1011,"Apéritif anisé sans alcool, à diluer",6.0,0.0,0.0,,,,0.0,0.0,0.0,1.0,0.03,1.0,0.0,0.038,1.83,,0.0,1.2,0.33,0.004,0.0,3.9,0.0,15.0,0.03,0.0,0.0,,0.0,,,0.0,0.0,0.0,0.0,0.0,0.0,0.0,,,,,,,,,0.0,0.0,0.0
10057,"Araignée de mer, bouillie/cuite à l'eau",108.0,3.8,1.14,0.44,0.03,0.01,0.52,0.35,115.0,0.16,0.0,0.0,18.3,0.96,230.0,0.91,2.0,80.0,64.0,0.07,250.0,260.0,110.0,385.0,5.9,21.0,0.0,0.25,1.84,0.8,,0.5,0.015,1.25,1.43,0.79,0.12,95.1,9.13,75.3,,,,,,,0.0,0.0,0.0
20067,"Artichaut, appertisé, égoutté",39.8,0.2,0.0,,,,0.0,0.0,,6.5,1.5,3.0,1.5,0.8,,,,,,,,,,320.0,,0.0,,,,,,,,,,,,,,89.9,,,,,,,,,0.0
20155,"Artichaut, coeur, appertisé, égoutté",24.2,0.5,0.01,0.01,0.01,0.01,0.01,0.01,,2.31,1.2,3.2,1.8,0.78,25.0,0.07,0.4,20.0,18.0,0.13,34.0,150.0,20.0,310.0,0.28,0.0,24.6,0.25,,6.29,,12.2,0.021,0.03,0.39,0.13,0.026,,,90.5,0.6,,0.6,0.2,0.2,0.2,0.35,0.5,0.0
20052,"Artichaut, cru",45.4,0.15,0.036,,,,0.0,0.0,0.0,4.84,0.99,5.4,3.27,0.24,44.0,0.23,1.28,1.08,60.0,0.26,90.0,370.0,0.23,94.0,0.49,0.0,8.0,0.0,,14.8,,11.7,0.072,0.066,1.05,0.34,0.12,,0.0,84.9,,,,,,,0.6,,0.0
20000,"Artichaut, cuit",33.2,0.28,0.069,0.0029,0.11,0.025,0.0,0.0,0.0,0.99,0.99,8.3,2.53,0.15,42.9,0.082,0.67,5.0,44.6,0.14,73.0,427.0,10.0,60.0,0.29,0.0,8.0,0.0,0.19,14.8,,9.1,0.05,0.089,1.11,0.24,0.081,89.0,0.0,85.8,0.02,0.0,0.24,0.0,0.0,0.73,0.0,,0.0
20074,"Artichaut, cuit à la vapeur sous pression",46.4,0.3,0.01,0.01,0.01,0.01,0.01,0.01,,3.24,1.9,10.9,2.63,0.068,42.0,0.05,0.7,20.0,41.0,0.17,56.0,480.0,20.0,27.0,0.27,0.0,43.4,,0.19,1.47,,0.5,0.03,0.023,0.82,0.35,0.086,,,81.4,0.7,,0.2,0.2,0.2,1.2,0.35,0.5,0.0
20156,"Artichaut, fond, appertisé, égoutté",23.4,0.5,0.01,0.01,0.01,0.01,0.01,0.01,,3.02,0.8,2.6,1.2,0.73,36.0,0.06,0.36,20.0,20.0,0.05,26.0,140.0,20.0,293.0,0.2,0.0,10.7,0.25,,1.57,,18.0,0.041,0.01,0.2,0.09,0.22,,,91.3,0.8,,0.2,0.2,0.2,0.2,0.35,0.5,0.0
20232,"Artichaut, fond, surgelé, cru",54.5,0.42,0.1,,,,0.0,0.0,0.0,7.02,1.89,7.54,1.89,0.18,,,,,,,,,,45.0,,0.0,,,,,,,,,,,,,,85.9,,,,,,,,,0.0
20998,"Ascophylle noueux ou goémon noir (Ascophyllum nodosum), séché ou déshydraté",206.0,2.7,0.11,,,,,,0.0,16.3,,43.6,7.4,7.18,1600.0,0.7,19.3,68500.0,831.0,2.3,94.0,2140.0,5.7,2870.0,6.0,0.0,3700.0,1.0,14.0,1020.0,,89.4,0.3,0.7,1.9,0.02,,22.7,,10.7,,,,,,,,0.0,0.0
12761,Asiago,356.0,25.6,15.9,,,,,,90.0,0.0,0.0,0.0,32.1,1.9,770.0,,0.7,,,,530.0,97.0,,760.0,2.2,175.0,150.0,0.19,0.48,,,0.0,0.03,0.35,0.1,,0.09,40.0,,,,,,,,,0.0,0.0,0.0
20277,"Asperge blanche, bouillie/cuite à l'eau",17.3,0.3,0.1,0.08,0.08,0.01,0.01,0.01,,1.63,1.2,1.3,1.44,0.013,15.0,0.09,0.26,20.0,7.1,0.07,29.0,120.0,20.0,5.0,0.3,0.0,19.1,0.0,1.5,0.8,,5.16,0.04,0.018,0.15,0.1,0.029,149.0,0.0,94.9,0.8,,0.4,0.2,0.2,0.2,0.35,0.5,0.0
20299,"Asperge verte, bouillie/cuite à l'eau",25.3,0.3,0.07,0.01,0.13,0.06,0.01,0.01,,1.73,1.3,2.2,2.69,0.013,21.0,0.11,0.64,20.0,10.0,0.13,49.0,220.0,20.0,5.0,0.49,0.0,438.0,0.0,1.5,12.5,,4.73,0.067,0.056,0.7,0.24,0.046,149.0,0.0,92.7,0.8,,0.3,0.2,0.2,0.2,0.35,0.5,0.0
20076,"Asperge, appertisée, égouttée",20.3,0.65,0.15,0.002,0.05,0.004,0.0,0.0,0.0,1.2,1.03,1.55,1.57,0.72,16.0,0.096,1.83,0.53,10.0,0.17,43.0,172.0,0.97,287.0,0.4,0.0,493.0,0.0,1.22,41.3,,18.4,0.061,0.1,0.95,0.14,0.11,96.0,0.0,94.0,0.53,,0.38,0.0,0.15,0.12,,,0.0
20282,"Asperge, blanche ou violette, pelée, crue",21.0,0.12,0.04,0.0045,0.046,0.0042,0.0,0.0,0.0,1.62,1.62,2.1,2.2,0.005,24.0,0.19,2.14,1.91,14.0,0.16,52.0,202.0,1.33,2.0,0.54,0.0,449.0,0.0,1.13,41.6,,5.6,0.14,0.14,0.98,0.27,0.091,52.0,0.0,93.2,0.86,0.0,0.56,0.0,0.0,0.2,,,0.0
20349,"Asperge, bouillie/cuite à l'eau (aliment moyen)",20.7,0.3,0.087,0.048,0.1,0.029,0.01,0.01,,1.67,1.24,1.69,1.97,0.0098,17.6,0.099,0.42,20.0,8.35,0.096,37.6,163.0,20.0,3.93,0.38,0.0,199.0,0.0,1.5,5.6,,4.98,0.052,0.034,0.38,0.16,0.036,149.0,0.0,94.0,0.8,,0.36,0.2,0.2,0.14,0.35,0.5,0.0
20279,"Asperge, verte, crue",24.7,0.27,0.069,0.005,0.15,0.013,0.0,0.0,0.0,2.03,1.5,2.15,2.46,0.014,22.4,,1.0,,12.2,,85.5,267.0,2.3,3.85,,0.0,449.0,0.0,1.13,41.6,,15.5,,,,,0.15,52.0,0.0,92.5,,,,,,,,,0.0
20300,"Aubergine, chair et peau, rôtie/cuite au four",31.1,0.3,0.01,0.01,0.01,0.01,0.01,0.01,,3.83,3.4,1.9,1.31,0.013,13.0,0.08,0.59,20.0,20.0,0.15,31.0,310.0,20.0,5.0,0.14,0.0,60.2,,,0.8,,0.5,0.015,0.01,0.42,0.52,0.053,,,91.0,1.4,0.2,1.8,0.2,0.2,0.2,0.35,0.5,0.0
20053,"Aubergine, crue",22.9,0.18,0.034,0.011,0.067,0.0091,0.0,0.0,0.0,2.7,2.7,3.0,0.98,0.005,9.0,0.081,0.23,0.48,14.0,0.23,24.0,229.0,0.4,2.0,0.16,0.0,14.0,0.0,0.3,3.5,,2.2,0.039,0.037,0.65,0.28,0.084,22.0,0.0,92.3,1.23,,1.26,,,0.21,,,0.0
20002,"Aubergine, cuite",27.1,0.23,0.044,0.012,0.084,0.0094,0.0,0.0,0.0,4.17,3.2,2.5,0.83,0.0025,20.1,0.058,0.25,1.0,15.0,0.12,15.0,123.0,3.35,1.0,0.098,0.0,22.0,0.0,0.41,2.9,,1.3,0.076,0.02,0.6,0.075,0.086,14.0,0.0,89.7,1.15,,1.4,,0.3,0.3,,,0.0
36800,"Autruche, viande crue",159.0,8.7,,,,,,,71.0,0.0,0.0,0.0,20.2,0.18,7.0,0.13,2.91,,20.0,0.017,199.0,291.0,33.0,72.0,3.51,0.0,0.0,,0.24,,,0.0,0.18,0.27,4.38,1.08,0.48,7.0,4.61,71.1,,,,,,,,0.0,0.0
36801,"Autruche, viande cuite",168.0,7.07,,,,,,,83.0,0.0,0.0,0.0,26.2,0.2,8.0,0.14,3.43,,23.0,0.017,224.0,323.0,36.5,80.0,4.33,0.0,0.0,0.1,0.22,3.5,,0.0,0.21,0.27,6.56,1.21,0.5,14.0,5.74,67.1,,,,,,,,0.0,0.0
13004,"Avocat, chair sans peau, sans noyau, cru",203.0,20.6,4.51,8.72,2.68,0.15,0.01,0.01,0.5,0.0,0.4,3.6,1.56,0.015,9.4,0.18,0.34,20.0,21.0,0.2,38.0,430.0,20.0,6.0,0.43,0.0,5.0,0.0,1.97,14.5,,0.5,0.052,0.037,1.56,1.07,0.17,89.0,0.0,70.3,0.16,0.073,0.16,0.2,0.2,0.2,0.35,0.5,0.0
9310,"Avoine, crue",378.0,6.9,1.22,2.17,1.65,0.073,0.0,0.0,0.0,55.7,1.2,10.6,16.9,0.005,54.0,0.63,4.72,,177.0,4.92,523.0,429.0,9.0,2.0,3.97,0.0,,0.0,,,,0.0,0.76,0.14,0.96,1.35,0.12,,0.0,8.22,,,,,,,52.6,0.0,0.0
23021,"Baba au rhum, artisanal",243.3,9.9,6.42,2.08,0.26,0.05,0.01,0.01,47.0,36.3,29.9,0.8,2.25,0.22,24.0,0.04,0.7,10.0,6.7,0.07,41.0,60.0,20.0,87.0,0.23,76.5,34.1,0.25,,1.88,,0.82,0.015,0.1,0.1,0.26,0.016,6.37,0.14,50.1,2.82,0.1,3.22,0.73,0.83,22.3,5.4,0.0,
19688,"Baba au rhum, rayon frais",174.0,2.35,1.8,,0.097,0.0078,,,,28.3,28.3,0.76,2.8,0.33,,,,,,,,,,96.5,,,,,,,,,,,,,,,,64.3,1.75,,,,0.63,13.3,,0.0,3.8
13183,"Baie de goji, séchée",300.0,2.9,0.75,0.4,1.04,0.1,0.002,0.002,2.2,49.0,48.4,11.8,12.1,0.91,56.5,0.73,4.9,2.5,89.2,0.79,205.0,1600.0,2.17,362.0,1.0,16.0,527.0,0.0,,14.9,,13.2,0.21,0.15,2.37,0.68,0.14,,,18.4,22.8,,23.5,0.5,0.5,2.1,1.2,0.01,0.0
23300,Baklava ou baklawa (pâtisserie orientale aux amandes et sirop),459.0,24.5,4.7,13.8,5.26,0.077,,,37.0,49.2,39.6,1.0,10.4,0.075,98.3,0.4,1.5,20.0,95.0,0.9,125.0,255.0,5.0,29.8,1.12,92.0,26.0,0.18,6.55,,,0.4,0.062,0.3,1.2,0.16,0.18,24.0,0.02,13.5,13.5,,14.9,0.2,0.2,11.2,9.6,0.0,0.0
20198,"Bambou, pousse, crue",29.1,0.3,0.069,,,,0.0,0.0,0.0,2.57,2.57,2.2,2.6,0.01,13.0,0.19,0.5,,3.0,0.26,59.0,533.0,0.8,4.0,1.1,0.0,12.0,0.0,1.0,0.0,,4.0,0.15,0.07,0.6,0.16,0.24,7.0,0.0,91.0,,,,,,,,0.0,0.0
20188,"Bambou, pousses, appertisées, égouttées",19.3,0.31,0.072,,,,0.0,0.0,0.0,1.9,1.89,1.2,1.63,0.19,10.0,0.098,0.28,,3.5,0.14,22.5,307.0,0.5,74.1,0.56,0.0,8.0,0.0,0.63,0.0,,1.1,0.023,0.038,0.22,0.079,0.12,3.0,0.0,95.1,0.3,,0.28,,0.3,0.3,,,0.0
20800,"Banane jaune, chair sans peau, cuite à la vapeur, prélevée à la Martinique",4.8,0.057,,,,,0.0,0.0,0.0,,,,1.06,,,,,,27.0,,,358.0,,,,0.0,,,,,,6.07,,,,,0.367,,,64.1,,,,,,,18.2,,0.0
53100,"Banane plantain, crue",132.0,0.37,0.14,,,,0.0,0.0,0.0,29.6,,2.3,1.3,0.01,3.0,0.081,0.6,2.5,37.0,0.0,34.0,499.0,,4.0,0.14,0.0,457.0,0.0,,0.7,,18.4,0.052,0.054,0.69,0.26,0.3,,0.0,65.3,,,,,,,23.7,,0.0
53101,"Banane plantain, cuite",125.0,0.18,0.069,,,,0.0,0.0,0.0,28.9,14.0,2.3,0.79,0.013,2.0,0.066,0.58,,32.0,,28.0,465.0,,5.0,0.13,0.0,369.0,0.0,,0.7,,10.9,0.046,0.052,0.76,0.23,0.24,,0.0,67.3,,,,,,,,0.0,0.0
13005,"Banane, chair sans peau, crue",87.6,0.5,0.01,0.01,0.01,0.01,0.01,0.01,0.0,19.7,15.6,2.7,1.06,0.013,5.1,0.06,0.2,20.0,28.0,0.36,29.0,320.0,20.0,5.0,0.14,0.0,28.5,0.0,0.1,0.8,,7.16,0.054,0.01,0.39,0.31,0.18,20.0,0.0,75.8,3.8,0.0,3.9,0.2,0.2,7.9,3.8,0.5,0.0
13089,"Banane, chair sans peau, sèche",365.0,1.81,0.7,,,,0.0,0.0,0.0,78.4,47.3,9.9,3.89,0.0075,22.0,0.39,1.15,3.0,108.0,0.57,74.0,1490.0,3.9,3.0,0.61,0.0,101.0,0.0,0.39,2.0,,7.0,0.18,0.24,2.8,,0.44,14.0,0.0,3.0,,,,,,,,,0.0
26206,"Bar commun ou loup (Méditerranée), élevage, cru",124.0,4.25,1.04,0.57,0.24,0.038,0.4,0.54,56.8,0.0,0.0,0.0,21.4,0.12,5.6,0.1,0.39,9.36,32.3,0.1,209.0,430.0,7.57,46.6,0.41,14.7,0.0063,2.31,0.84,0.1,,,0.18,0.09,6.79,0.53,0.39,5.0,4.33,72.8,,,,,,,0.0,0.0,0.0
26205,"Bar commun ou loup (Méditerranée), sauvage, cru",97.9,1.94,0.49,0.26,0.015,0.008,0.13,0.28,58.1,0.0,0.0,0.0,20.1,0.18,1.56,0.1,0.4,23.3,28.3,0.1,191.0,371.0,25.4,71.4,0.43,5.6,0.0,3.65,0.84,0.1,,,0.064,0.098,3.72,0.33,0.39,5.0,4.16,76.8,,,,,,,0.0,0.0,0.0
26072,"Bar commun ou loup, cru",86.1,0.7,0.2,0.14,0.02,0.01,0.04,0.12,47.6,0.9,0.0,0.0,19.1,0.23,10.0,0.04,0.26,21.9,27.0,0.01,207.0,390.0,30.0,92.3,0.3,21.0,0.0,5.59,0.84,0.8,,0.66,0.025,0.058,3.67,0.55,0.34,22.2,3.12,78.1,0.2,,0.2,0.2,0.2,0.2,0.0,0.0,0.0
27030,"Bar commun ou loup, rôti/cuit au four",151.0,6.51,1.27,1.45,0.56,0.15,0.35,0.5,63.3,1.02,0.0,0.0,22.2,0.17,11.0,0.05,0.28,13.4,30.3,0.01,183.0,410.0,50.0,68.8,0.42,21.0,,4.15,,0.8,,,0.17,0.08,3.49,0.53,0.26,12.6,3.7,69.1,,,,,,,0.0,0.0,0.0
26001,"Bar rayé ou bar d'Amérique, cru",113.0,3.58,0.76,,,,0.24,0.47,78.3,0.0,0.0,0.0,20.3,0.19,66.0,0.081,1.41,60.0,36.0,,218.0,356.0,36.5,76.3,0.63,30.7,,,,,,2.05,0.087,0.065,1.62,0.79,0.19,13.7,2.71,74.6,,,,,,,0.0,0.0,0.0
31002,"Barre à la noix de coco, enrobée de chocolat",475.0,23.8,19.6,3.75,0.47,0.022,,,5.5,60.2,53.0,3.0,3.88,0.5,78.8,0.3,1.8,11.0,46.8,0.6,103.0,331.0,1.0,200.0,0.8,8.0,11.0,0.5,0.18,,,0.5,0.042,0.18,0.47,0.27,0.21,25.0,0.17,7.83,0.2,,3.31,3.8,3.41,42.5,0.2,0.81,0.0
31102,"Barre céréalière ""équilibre"" au chocolat, enrichie en vitamines et minéraux",407.0,10.9,6.65,,,,,0.0,,70.3,32.3,3.7,5.99,0.7,607.0,,6.94,,35.0,,105.0,180.0,,277.0,1.0,0.0,0.0,1.1,10.0,,,56.7,0.91,1.07,12.1,4.8,1.26,140.0,1.01,4.48,2.86,,4.1,0.8,2.76,20.9,36.2,1.75,0.0
31101,"Barre céréalière ""équilibre"" aux fruits, enrichie en vitamines et minéraux",382.0,6.53,3.5,,,,,0.0,0.0,73.3,30.4,4.13,6.13,0.75,511.0,,8.05,20.0,20.0,,85.0,140.0,15.0,297.0,0.85,0.0,,0.0,2.8,,,50.0,1.07,1.25,14.4,5.1,1.45,169.0,1.47,8.45,,,,,,,40.9,1.99,0.0
31106,Barre céréalière au chocolat,451.0,14.9,7.37,3.39,0.88,0.1,0.0,0.0,3.3,73.0,32.9,4.5,6.55,0.51,260.0,0.28,3.1,4.0,45.0,0.6,280.0,217.0,5.0,201.0,1.0,6.0,11.0,0.62,,16.4,,0.5,0.58,0.56,6.8,0.33,0.81,74.0,0.2,2.54,2.1,0.0,6.19,2.06,5.82,16.6,33.5,6.6,0.0
31115,Barre céréalière au chocolat et aux fruits,419.0,11.8,7.45,,0.71,0.029,0.015,0.015,,70.4,34.8,4.04,5.7,0.56,,,,,,,,,,221.0,,,,,,,,41.2,0.6,0.75,8.3,,0.9,99.5,0.43,,3.93,,11.1,,6.0,6.8,29.7,0.0,0.0
31114,Barre céréalière aux amandes ou noisettes,444.0,18.2,4.03,10.2,2.74,0.12,0.01,0.01,,60.6,20.4,4.6,8.69,0.45,37.0,0.32,1.7,7.0,73.0,1.8,190.0,240.0,20.0,179.0,1.4,0.0,8.59,0.25,,2.17,,0.5,0.11,0.015,0.43,0.52,0.074,25.4,0.7,6.5,1.18,0.1,5.7,0.1,10.6,2.89,26.3,3.9,0.0
31113,Barre céréalière aux fruits,379.0,7.07,3.44,1.57,1.14,0.14,5.3e-05,0.0036,0.0,74.1,29.6,3.8,5.49,0.63,84.0,0.38,2.18,20.0,91.0,1.2,241.0,392.0,,249.0,1.6,0.0,,0.0,2.5,,,0.0,0.19,0.19,2.61,0.43,0.12,30.0,0.24,8.68,4.38,,11.6,0.16,8.81,2.91,37.1,6.45,0.0
31104,Barre céréalière diététique hypocalorique,391.0,11.2,9.6,,0.2,,,0.0,0.0,71.0,8.5,5.8,5.9,0.75,281.0,0.57,6.55,43.0,95.1,0.58,354.0,763.0,25.5,300.0,5.54,,,2.3,4.04,,,22.4,0.55,0.73,8.18,2.01,0.79,73.0,0.65,6.84,,,,,,,28.0,18.3,0.0
31100,"Barre céréalière pour petit déjeuner au lait, au chocolat ou non, enrichie en vitamines et minéraux",382.0,3.2,1.74,0.89,0.33,0.02,0.01,0.01,,79.5,28.1,4.5,7.06,0.54,752.0,,9.65,7.0,30.0,,150.0,320.0,,217.0,0.97,0.0,0.0,0.0,,,,,0.99,1.11,12.4,4.2,1.4,138.0,0.69,2.7,0.64,0.1,1.07,0.44,1.29,24.7,38.0,1.5,0.0
31098,Barre chocolat au lait avec nougat,532.0,29.0,17.4,8.51,1.01,0.09,0.01,0.01,25.3,60.5,60.1,2.9,5.8,0.11,150.0,0.28,2.3,20.0,50.0,0.36,160.0,260.0,20.0,45.3,0.97,55.6,31.5,0.5,,3.32,,0.5,0.073,0.21,0.11,0.71,0.07,19.2,0.37,0.6,1.95,,1.75,5.84,0.2,50.6,0.39,0.0,0.0
31071,Barre chocolatée aux fruits secs,494.0,26.0,9.53,5.76,0.92,0.057,0.0,0.0,5.55,57.6,45.1,1.53,7.23,0.38,122.0,0.4,1.3,4.96,13.6,,198.0,47.3,2.8,151.0,0.64,1.0,,0.03,,,,0.0,0.036,0.19,0.084,0.47,0.035,0.11,0.3,4.42,1.37,,6.35,6.77,3.88,26.7,10.9,1.69,0.0
31000,Barre chocolatée biscuitée,492.0,24.1,14.0,7.38,1.33,0.051,0.013,0.013,9.0,61.4,43.3,3.7,5.56,0.33,126.0,0.22,3.2,21.4,42.3,0.36,152.0,322.0,2.22,132.0,0.84,16.0,30.0,0.0,,3.0,,2.0,0.07,0.26,1.23,0.71,0.04,,0.25,3.8,0.32,0.32,3.98,6.28,2.16,30.9,17.7,0.46,0.0
31001,Barre chocolatée non biscuitée enrobée,496.0,24.1,14.0,6.98,1.45,0.053,0.0013,0.0056,24.6,66.4,47.0,0.6,3.7,0.5,99.8,0.15,2.49,15.6,50.9,0.13,148.0,171.0,2.2,200.0,0.56,100.0,,0.089,4.87,,,0.54,0.066,0.2,0.23,0.45,0.076,5.24,0.16,3.83,0.13,,5.45,5.71,5.32,30.4,5.0,1.63,0.0
31035,Barre glacée chocolatée,354.0,20.5,13.0,4.25,1.26,0.07,0.0,0.0,8.8,37.0,28.8,1.36,4.79,0.23,145.0,0.2,1.1,16.0,40.3,0.2,48.0,251.0,5.0,100.0,1.1,58.0,42.0,0.5,,,,1.0,0.067,0.32,0.82,0.56,0.13,0.87,0.26,35.2,0.23,,2.53,4.52,1.46,19.6,8.17,0.016,0.0
31012,Barre ou confiserie chocolatée au lait,551.0,34.2,16.6,13.4,2.08,0.08,0.01,0.01,18.4,50.9,43.3,1.7,8.75,0.23,262.0,,0.63,9.33,91.0,,231.0,282.0,,90.0,5.26,115.0,,0.045,3.18,,,1.01,0.08,0.42,0.32,0.71,0.077,6.8,0.78,2.3,0.32,0.1,0.94,9.4,1.26,31.4,4.74,0.0,0.0
23082,"Barre pâtissière, préemballée",378.0,14.9,1.59,8.14,2.73,0.94,0.01,0.01,48.6,54.7,26.8,1.4,5.38,1.28,15.0,0.05,0.52,,10.0,0.21,190.0,140.0,20.0,512.0,0.37,21.0,51.6,0.25,,18.2,,0.5,0.035,0.039,0.26,0.39,0.015,10.1,0.16,21.8,0.1,0.1,0.18,0.17,0.21,26.2,21.9,0.0,0.0
37000,"Base de pizza (pâte et sauce à la crème), crue",261.0,2.6,0.8,,,,,,,51.1,1.8,1.0,7.7,1.75,9.0,,,,,,,,,700.0,,,,,,,,,,,,,,,,,,,,,,,,0.0,0.0
37002,"Base de pizza (pâte et sauce à la tomate), crue",232.0,2.7,0.8,,,,,,,44.6,1.5,1.0,6.9,1.75,12.0,,,,,,,,,700.0,,0.0,,,,,,,,,,,,,,,,,,,,,,,0.0
11033,"Basilic, frais",35.2,0.64,0.041,,,,0.0,0.0,0.0,3.4,0.3,1.6,3.15,0.01,177.0,0.39,3.17,,64.0,1.15,56.0,295.0,,4.0,0.81,0.0,3140.0,0.0,,415.0,,18.0,0.034,0.076,0.9,0.21,0.16,,0.0,92.1,0.019,0.26,0.019,0.0,0.0,0.0,0.0,0.0,0.0
11032,"Basilic, séché",244.0,4.07,2.16,1.07,,0.3,0.0,0.0,0.0,10.1,1.71,37.7,23.0,0.19,2240.0,2.1,89.8,,711.0,9.8,274.0,2630.0,,76.0,7.1,0.0,378.0,0.0,,1710.0,,0.8,0.08,1.2,4.9,0.84,1.34,,0.0,10.4,0.75,0.19,0.75,0.0,0.0,0.02,,0.0,0.0
20123,"Batavia, crue",14.9,0.5,0.01,0.01,0.01,0.01,0.01,0.01,0.0,1.78,1.1,2.1,1.25,0.015,26.0,0.04,0.39,20.0,8.7,0.28,17.0,200.0,20.0,6.0,0.16,0.0,891.0,0.0,0.22,20.6,,4.38,0.042,0.01,0.2,0.079,0.051,38.0,0.0,95.6,0.6,,0.5,0.2,0.2,0.2,0.35,0.5,0.0
25229,"Bâtonnet pané soja et blé (convient aux véganes ou végétaliens), préemballée",245.0,10.0,1.1,4.59,3.61,0.08,0.01,0.01,,18.8,0.0,5.41,16.9,1.13,70.0,0.32,2.5,20.0,59.0,1.0,170.0,350.0,20.0,452.0,1.3,,8.16,0.25,,2.64,,0.5,0.099,0.026,0.4,0.3,0.075,30.3,,46.2,0.1,0.1,0.1,0.1,0.1,0.1,15.5,0.0,0.0
26208,"Baudroie rousse ou Lotte, crue",70.2,0.37,0.084,0.03,0.003,0.00087,0.018,0.084,44.1,0.0,0.0,0.0,16.7,0.32,1.02,0.1,0.26,41.2,28.7,0.1,149.0,339.0,414.0,127.0,0.44,27.5,,0.33,,,,,0.025,0.026,2.43,0.17,0.14,7.0,0.46,81.5,,,,,,,0.0,0.0,0.0
12105,Beaufort,404.0,33.0,21.4,5.84,0.61,0.33,0.024,,,0.72,0.1,0.063,26.7,1.06,845.0,0.09,0.24,37.3,,0.03,788.0,118.0,7.22,440.0,4.75,,100.0,0.6,0.28,2.7,,,,,,,,10.0,1.6,34.3,,,,,,,0.0,0.0,0.0
10023,Beignet de crevette,260.0,10.0,0.5,,,,0.06,0.051,,35.5,11.0,1.0,6.5,1.9,77.0,,1.0,22.0,18.1,,,102.0,41.7,770.0,0.5,0.0,,,,,,,,,,,,,,44.6,2.15,,2.35,0.1,0.2,0.55,,0.0,0.0
25556,Beignet de légumes,140.0,8.0,0.91,,,,,,34.0,12.1,4.5,2.0,4.0,0.54,52.4,0.078,0.72,6.62,17.7,0.18,68.1,209.0,2.55,214.0,0.4,20.1,197.0,0.16,2.86,,,13.2,0.058,0.14,0.42,0.39,0.12,43.0,0.14,69.9,,,,,,,,0.0,0.0
25551,"Beignet de viande, volaille ou poisson, fait maison, cuit",238.0,13.5,2.88,,,,0.037,0.12,85.2,10.0,0.92,0.41,18.7,0.71,36.6,0.073,1.23,34.3,25.4,0.082,180.0,272.0,13.9,285.0,1.61,22.3,2.48,0.29,2.91,,,0.27,0.1,0.18,3.43,0.62,0.24,15.8,1.13,55.9,,,,,,,9.05,0.0,0.0
23881,"Beignet ou donut fourré aux fruits (fourrage type confiture), préemballé",391.0,19.0,3.1,,,,0.008,0.01,26.0,49.5,19.0,0.9,5.1,0.9,30.8,0.081,1.76,15.0,12.7,0.31,85.0,79.0,2.2,283.0,0.53,16.0,8.0,0.0,,7.1,,0.0,0.31,0.14,2.14,0.88,0.1,17.0,0.22,27.4,,,3.6,,,9.2,27.3,0.0,0.0
23885,"Beignet ou donut fourré ou nappé goût chocolat ou chocolat noisette, préemballé",407.0,21.0,4.2,9.47,4.8,0.75,0.01,0.01,45.2,48.0,20.0,2.6,5.3,0.83,80.0,0.19,2.0,20.0,32.0,0.44,110.0,180.0,20.0,280.0,0.83,21.0,49.5,0.25,,10.4,,0.5,0.15,0.075,0.4,0.49,0.048,24.5,0.28,20.3,1.0,,1.6,0.6,1.8,13.7,22.7,0.0,0.0
23880,"Beignet ou donut rond moelleux, sans fourrage, saupoudré de sucre",404.0,23.7,9.46,9.12,3.5,0.21,0.01,0.01,19.0,39.4,10.7,2.0,7.25,1.11,24.0,0.09,0.68,20.0,18.0,0.31,140.0,93.0,20.0,444.0,0.62,21.0,55.5,0.25,,5.43,,0.0,0.14,0.01,0.1,0.42,0.043,30.4,0.089,26.0,1.09,,2.38,0.3,0.79,6.14,26.3,0.0,0.0
20004,"Bette ou blette, côte (sans feuille), crue",12.8,0.5,0.01,0.01,0.01,0.01,0.01,0.01,0.0,1.63,1.2,1.8,1.0,0.57,25.0,0.03,0.85,20.0,17.0,0.16,10.0,300.0,20.0,,0.07,0.0,25.9,0.25,1.89,0.8,,3.08,0.015,0.015,0.1,0.2,0.036,14.0,0.0,95.4,0.5,,0.7,0.2,0.2,0.2,0.35,0.5,0.0
20005,"Bette ou blette, côte (sans feuille), cuite",11.2,0.5,0.01,0.01,0.01,0.01,0.01,0.01,,1.23,0.8,2.5,0.7,0.25,56.0,0.04,0.35,20.0,18.0,0.16,11.0,240.0,20.0,99.6,0.08,0.0,89.2,0.25,1.89,327.3,,0.5,0.015,0.01,0.1,0.17,0.024,9.0,0.0,95.3,0.3,,0.5,0.2,0.2,0.2,0.35,0.5,0.0
20301,"Bette ou blette, côte et feuille, bouillie/cuite à l'eau",15.6,0.3,0.1,0.07,0.04,0.06,0.01,0.01,,1.43,1.0,2.5,0.88,0.19,60.0,0.04,0.52,20.0,10.0,0.34,18.0,160.0,20.0,77.0,0.11,0.0,1260.0,0.0,1.89,8.29,,0.5,0.015,0.01,0.1,0.1,0.098,9.0,0.0,95.2,0.3,,0.7,0.2,0.2,0.2,0.35,0.5,0.0
20091,"Betterave rouge, crue",40.2,0.17,0.027,0.026,0.05,0.01,0.0,0.0,0.0,6.34,6.34,2.8,1.61,0.2,16.0,0.075,0.8,0.45,23.0,0.33,40.0,325.0,0.2,78.0,0.35,0.0,20.0,0.0,,0.2,,4.9,0.031,0.04,0.33,0.16,0.067,,0.0,87.6,0.2,,0.25,0.0,0.0,5.88,,,0.0
20003,"Betterave rouge, cuite",41.5,0.4,0.15,0.13,0.07,0.01,0.01,0.01,0.0,7.13,6.7,2.5,1.44,0.23,24.0,0.07,0.29,20.0,17.0,0.31,18.0,320.0,20.0,90.0,0.29,0.0,5.0,0.0,0.04,0.8,,0.5,0.015,0.01,0.1,0.14,0.031,80.0,0.0,88.3,0.6,,0.8,0.2,0.2,5.3,0.35,0.5,0.0
16416,"Beurre à 39-41% MG, léger, demi-sel",376.0,40.0,26.0,,,,,,,4.0,1.5,0.0,0.0,1.38,23.0,,0.1,2.0,8.0,,,80.0,,550.0,,,,0.0,2.98,,,,,,,,0.0,,,51.0,,,,,,,0.0,0.0,0.0
16415,"Beurre à 39-41% MG, léger, doux",390.0,41.7,26.2,9.04,0.61,0.24,0.02,0.01,84.5,3.6,1.26,0.0,0.26,0.45,,,0.1,2.0,,,,,,178.0,,,,,1.22,,,,,,,,,,,54.1,0.1,0.1,0.1,1.26,0.1,0.1,,0.0,0.0
16411,"Beurre à 60-62% MG, à teneur réduite en matière grasse, demi-sel",555.0,61.0,39.6,,,,0.0,0.0,106.0,0.5,0.5,0.0,0.92,1.13,48.0,0.0,1.09,2.0,5.0,,34.0,71.0,1.0,450.0,0.26,456.0,107.0,1.0,1.58,4.8,,0.0,0.01,0.07,0.02,,0.01,1.0,0.13,37.0,,,,,,,0.0,0.0,0.0
16410,"Beurre à 60-62% MG, à teneur réduite en matière grasse, doux",550.0,60.6,40.1,11.8,0.91,0.33,0.03,0.01,181.0,0.7,0.2,0.0,0.56,0.045,18.0,0.01,0.05,20.0,1.8,0.01,20.0,27.0,20.0,18.0,0.13,660.0,304.0,0.25,1.58,4.8,,1.0,0.015,0.01,0.1,0.091,0.01,5.0,0.1,37.7,0.2,,0.2,0.2,0.2,0.2,0.0,0.0,0.0
16400,"Beurre à 80% MG minimum, doux",753.0,83.0,60.0,16.2,1.24,0.35,0.043,0.043,235.0,0.71,0.71,0.0,0.64,0.035,19.8,0.04,0.5,13.0,2.63,0.04,23.8,36.1,2.0,14.0,1.0,900.0,329.0,1.0,2.32,5.7,15.0,0.0,0.02,0.03,0.2,0.09,0.04,3.0,0.1,15.4,0.1,0.1,0.1,0.71,0.1,0.1,0.0,0.0,0.0
16404,"Beurre à 80% MG minimum, doux, tendre",755.0,83.4,,,,,,,,0.5,,0.0,0.7,0.055,,,,,,,,,1.0,,,,158.0,0.0,2.32,7.0,,,,,,,,3.0,0.17,15.6,,,,,,,,0.0,0.0
16402,"Beurre à 80% MG, demi-sel",725.0,80.0,56.5,18.6,1.61,0.45,0.0,0.0,223.0,0.5,0.5,0.0,0.75,1.9,17.8,0.0092,0.13,1.75,4.94,0.0047,23.7,39.0,10.0,762.0,0.052,731.0,264.0,1.13,2.32,7.0,,0.0,0.0073,0.033,0.061,0.11,0.003,3.0,0.17,15.5,0.13,,0.05,0.5,0.13,0.13,,0.0,0.0
16403,"Beurre à 80% MG, salé",732.0,80.8,52.9,16.7,1.16,0.4,0.04,0.01,245.0,0.68,0.0,0.0,0.5,2.52,24.0,0.01,0.23,20.0,7.4,0.01,24.0,35.0,20.0,1010.0,0.17,887.0,158.0,0.25,2.32,6.11,,0.5,0.015,0.01,0.1,0.05,0.01,5.0,0.076,15.7,0.2,0.2,0.2,0.2,0.2,0.2,,0.0,0.0
15202,Beurre de cacahuète ou pâte d'arachide,643.0,51.4,10.1,24.8,12.2,0.027,0.0,0.0,0.0,17.3,10.5,5.0,22.2,1.07,49.0,0.42,1.74,1.25,168.0,1.67,335.0,558.0,7.2,426.0,2.51,0.0,0.0,0.0,9.1,0.3,,0.0,0.15,0.19,13.1,1.14,0.44,,0.0,1.23,0.12,0.0,0.13,0.0,0.0,10.2,3.56,,0.0
16412,"Beurre ou assimilé allégé (léger ou à teneur réduite en matière grasse), doux (aliment moyen)",367.0,39.1,25.2,8.04,0.58,0.22,0.019,0.01,103.0,3.7,1.04,1.04,0.34,0.4,20.6,0.56,0.22,5.26,2.08,0.56,17.2,38.7,7.67,159.0,0.34,542.0,542.0,0.44,1.58,4.8,,1.0,0.034,0.032,0.072,0.085,0.032,5.0,0.1,56.3,0.13,0.1,0.13,1.04,0.13,0.13,2.39,0.0,0.0
16414,"Beurre ou assimilé sans précision sur la teneur en matière grasse, doux (aliment moyen)",731.0,80.5,58.0,15.7,1.21,0.34,0.021,0.041,227.0,0.88,0.73,0.06,0.63,0.056,19.8,0.059,0.25,6.43,2.61,0.059,23.6,36.2,1.25,22.3,0.49,887.0,337.0,0.5,2.32,5.7,15.0,0.037,0.021,0.029,0.2,0.09,0.04,3.0,0.1,17.7,0.1,0.1,0.1,0.73,0.1,0.1,0.088,0.0,0.0
16413,"Beurre sans précision sur la teneur en matière grasse (allégé ou non), demi-sel (aliment moyen)",712.0,78.6,55.3,18.6,1.61,0.45,0.0,0.0,216.0,0.53,0.51,0.0,0.75,1.85,19.6,0.0086,0.19,1.77,4.97,0.0047,24.3,41.1,10.0,742.0,0.064,715.0,255.0,1.11,2.32,6.87,,0.0,0.0075,0.035,0.058,0.11,0.0034,2.88,0.17,17.1,0.13,,0.05,0.5,0.13,0.13,,0.0,0.0
11507,Bicarbonate de soude,0.4,0.0,0.0,,,,0.0,0.0,0.0,0.0,0.0,0.0,0.1,,0.0,0.0,0.0,,0.0,0.0,0.0,0.0,,27400.0,0.0,0.0,0.0,0.0,,0.0,,0.0,0.0,0.0,0.0,0.0,0.0,0.0,0.0,0.2,,,,,,,,0.0,0.0
5001,"Bière ""coeur de marché"" (4-5° alcool)",39.0,0.0,0.0,0.0,0.0,0.0,0.0,0.0,0.0,3.12,0.05,0.0,0.39,0.0047,6.05,0.003,0.01,1.88,7.2,0.0057,14.0,36.6,2.2,1.88,0.0,0.0,0.0,0.0,,0.0,,0.0,0.005,0.025,0.74,0.041,0.05,5.64,0.02,92.0,0.0,0.0,0.0,0.0,0.04,0.01,0.0,,3.57
5011,"Bière ""de spécialités"" ou d'abbaye, régionales ou d'une brasserie (degré d'alcool variable)",47.1,0.0,0.0,0.0,0.0,0.0,0.0,0.0,0.0,3.2,0.25,0.0,0.51,0.0093,4.9,0.006,0.012,1.5,7.9,0.008,21.5,41.6,0.11,3.7,0.018,0.0,,0.0,,0.0,,0.0,0.006,0.019,0.65,0.14,0.045,2.6,0.02,91.3,0.12,,0.07,,0.03,0.03,0.0,,4.6
5010,"Bière ""spéciale"" (5-6° alcool)",56.0,0.05,0.0,0.0,0.0,0.0,0.0,0.0,0.0,4.55,0.0,0.0,0.48,0.0048,5.89,0.004,0.006,1.9,9.84,0.005,25.0,48.8,0.9,1.92,0.0,0.0,0.0,0.0,0.0,,,0.0,0.04,0.3,0.8,1.0,0.05,7.98,,90.8,0.0,,0.0,,0.0,0.0,0.0,,5.13
5009,Bière blanche,60.9,0.5,0.0,0.0,0.0,0.0,0.0,0.0,0.0,7.55,0.0,1.0,0.5,0.0075,6.18,0.02,0.25,1.0,8.28,0.027,25.2,58.4,0.83,3.0,0.5,0.0,30.0,0.1,,0.1,,2.0,0.02,0.02,0.2,0.05,0.06,,0.052,86.9,0.3,,0.3,0.3,0.3,0.3,0.1,0.01,4.09
5000,Bière brune,40.5,0.0,0.0,0.0,0.0,0.0,0.0,0.0,0.0,4.1,4.1,0.0,0.43,0.029,6.91,0.07,0.02,4.1,9.55,0.0,14.0,45.0,0.0,11.6,0.17,0.0,0.0,0.0,0.0,,,0.0,0.005,0.03,0.59,0.11,0.03,8.5,,92.7,,,,,,,0.0,,3.19
5008,Bière faiblement alcoolisée (3° alcool),35.3,0.05,0.0,0.0,0.0,0.0,0.0,0.0,0.0,4.62,1.33,0.0,0.31,0.0048,7.08,0.004,0.007,1.13,5.97,0.006,12.0,34.1,0.13,1.9,0.0,0.0,0.0,0.0,,0.0,,0.0,0.005,0.015,0.74,0.03,0.05,5.64,0.02,94.9,0.07,0.0,0.08,0.0,1.17,0.01,0.0,,2.23
5002,Bière forte (>8° alcool),62.5,0.0,0.0,0.0,0.0,0.0,0.0,0.0,0.0,4.6,,0.0,0.51,0.017,4.3,0.009,0.02,1.75,9.0,0.018,18.4,64.2,0.11,6.8,0.013,0.0,,0.0,,0.0,,0.0,0.007,0.03,0.47,0.085,0.045,2.6,0.02,88.8,,,,,,,0.0,,6.0
5030,"Bière sans alcool (<1,2° alcool) et sans sucres ajoutés, aromatisée ou non",29.4,0.053,0.0078,0.0,0.0,0.0,0.0,0.0,0.0,6.08,3.27,0.5,0.2,0.0053,4.75,0.003,0.011,1.0,6.2,0.0075,9.85,29.3,2.2,1.53,0.0,0.0,0.0,0.0,0.0,,,,0.0028,0.013,0.65,0.047,0.04,5.0,0.0089,94.0,0.13,,0.17,0.2,2.25,0.0,0.0,0.01,0.62
5029,"Bière sans alcool, sucrée, aromatisée ou au jus de fruits",30.6,0.041,0.016,0.0,0.0,0.0,0.0,0.0,0.0,7.36,5.5,0.19,0.2,0.0049,,,,,,,,,,,,0.0,,,,,,,,,,,,,,,,,,,,,0.0,,0.0
10074,"Bigorneau, cru",16.6,1.84,0.59,0.15,,0.057,0.2,0.093,,0.0,0.0,0.0,,,,,,67.0,,,,,,,,,,4.3,,,,,,,,,,,,,,,,,,,0.0,0.0,0.0
10000,"Bigorneau, cuit",109.0,3.5,0.26,1.91,0.61,0.29,0.01,0.03,106.0,3.01,0.0,0.0,16.3,0.48,0.2,0.01,0.01,570.0,310.0,0.01,0.3,0.3,20.0,193.0,0.05,21.0,0.0,0.25,,2.59,,0.5,0.034,0.061,1.3,0.28,0.014,32.7,60.7,74.9,0.0,,0.0,0.0,0.0,0.0,0.0,0.0,0.0
7340,Biscotte au blé complet,389.0,5.9,1.14,3.17,1.26,0.068,0.004,0.004,1.0,66.0,4.96,11.0,11.3,1.23,40.8,0.29,2.7,2.5,80.8,2.2,255.0,339.0,5.1,492.0,1.8,16.0,30.0,0.0,,1.4,,2.0,0.2,0.1,0.89,0.35,0.07,3.4,0.1,3.5,1.23,0.08,0.72,0.08,2.5,0.38,56.4,0.0,0.0
7302,Biscotte au germe de blé,386.0,5.4,0.97,3.01,1.06,0.08,0.004,0.004,1.0,69.9,5.1,6.6,10.1,1.28,25.5,0.19,1.3,2.5,39.5,1.1,160.0,207.0,5.0,513.0,1.3,16.0,30.0,0.0,,0.53,0.0,2.0,0.23,0.1,0.76,0.28,0.04,7.7,0.1,6.2,1.54,0.08,0.82,0.08,2.74,0.08,59.9,0.0,0.0
7330,Biscotte aux céréales,404.0,7.3,1.02,3.37,1.86,0.63,0.005,0.005,1.0,68.1,4.81,7.6,11.5,1.79,39.2,0.27,1.8,2.5,61.6,1.2,187.0,255.0,5.0,716.0,1.4,16.0,30.0,0.0,,1.8,0.0,2.0,0.22,0.1,0.81,0.27,0.1,5.2,0.1,2.9,1.59,0.08,1.17,0.08,1.58,0.47,60.2,0.0,0.0
7301,Biscotte briochée,440.0,11.3,5.04,3.98,1.38,0.18,0.007,0.007,7.6,72.1,9.87,5.7,8.61,1.15,56.0,0.12,0.87,27.0,23.4,0.51,114.0,243.0,3.0,460.0,0.67,16.0,51.0,0.0,,3.0,0.0,2.0,0.12,0.12,0.68,0.37,0.03,4.9,0.1,0.3,4.07,0.16,3.11,1.48,0.91,0.3,58.4,0.0,0.0
7300,Biscotte classique,394.0,5.43,1.29,2.61,0.85,0.07,0.01,0.01,0.0,73.2,6.92,4.32,10.0,1.36,29.0,0.16,1.1,20.0,24.0,0.62,100.0,160.0,20.0,509.0,0.79,53.0,0.0,0.25,0.43,2.22,,0.0,0.12,0.01,0.7,0.52,0.081,22.3,0.0,2.8,2.6,0.2,1.7,0.2,2.5,0.2,66.3,0.0,0.0
7310,"Biscotte, sans sel ajouté",402.0,5.1,0.98,2.83,0.93,0.11,0.004,0.004,1.0,74.7,6.91,5.6,10.6,0.0075,25.1,0.18,1.4,2.5,30.1,0.67,110.0,186.0,3.0,3.0,0.94,16.0,30.0,0.0,,0.63,0.0,2.0,0.21,0.1,0.64,0.31,0.03,1.0,0.1,3.3,2.7,0.16,1.85,0.16,2.36,0.16,64.9,0.0,0.0
24686,"Biscuit (génoise), fourré aux fruits (ex : orange, cerise…), nappé de chocolat",395.0,11.7,5.75,3.79,0.8,0.16,0.007,0.007,28.2,66.6,45.2,3.2,3.88,0.31,23.8,0.25,2.9,13.0,33.3,0.39,78.8,148.0,3.15,122.0,0.58,16.0,30.0,0.0,,4.8,,2.0,0.04,0.06,0.56,0.18,0.03,,0.1,13.3,3.48,0.16,9.31,0.16,5.93,26.2,20.9,0.29,0.0
24678,"Biscuit (génoise), nappé aux fruits, type barquette",341.0,2.1,0.75,0.76,0.34,0.01,0.01,0.01,70.9,74.4,51.1,2.8,4.44,0.12,19.0,0.04,0.7,5.0,11.0,0.23,66.0,110.0,20.0,48.0,0.38,21.0,24.4,0.5,,1.51,,1.61,0.037,0.055,0.15,0.5,0.013,10.4,0.19,15.5,8.24,0.1,12.6,0.1,6.2,24.1,16.3,0.0,0.0
24051,"Biscuit (génoise), nappé de chocolat, type barquette",489.0,23.9,3.01,12.9,3.84,1.27,0.012,0.012,60.3,59.5,42.4,3.1,7.38,0.31,83.0,0.29,3.9,15.5,42.9,0.78,162.0,297.0,5.3,122.0,0.95,16.0,30.0,0.0,,26.9,,2.0,0.07,0.16,0.56,0.45,0.11,,0.24,5.0,1.04,0.16,1.3,2.0,0.82,37.2,17.1,0.0,0.0
38408,"Biscuit apéritif, crêpe dentelle fourrée, préemballée",555.0,35.6,23.3,,,,,,33.6,48.8,14.2,1.25,9.3,1.73,,,,,,,,,,692.0,,,,,,,,,,,,,,,,,,,,,,,33.7,0.0,0.0
38109,"Biscuit apéritif, mini-chou fourré, préemballé",651.0,54.7,41.9,,,,,,,28.2,5.54,1.44,9.75,1.49,,,,,,,,,,595.0,,,,,,,,,,,,,,,,,,,,,,,,0.0,0.0
24224,"Biscuit au chocolat fourré (""sandwiché"") parfum vanille, rond, noir et blanc",480.0,19.6,5.88,8.95,2.76,0.56,0.011,0.011,1.0,69.2,35.7,3.2,5.06,0.65,21.2,0.24,2.3,2.5,33.6,0.42,79.1,226.0,2.0,261.0,0.59,16.0,30.0,0.0,,11.2,,2.0,0.04,0.04,0.25,0.12,0.03,,0.1,1.8,0.37,0.32,0.64,0.48,0.42,33.8,28.1,0.0,0.0
23050,Biscuit de Savoie,260.0,0.8,0.12,,,,,,0.0,56.3,,1.5,5.9,1.87,140.0,0.078,0.52,25.0,12.0,0.085,324.0,93.0,,749.0,0.07,0.0,20.0,,,,,0.0,0.1,0.49,0.88,0.2,0.031,3.0,0.06,33.2,,,,,,,,0.0,0.0
24061,"Biscuit meringué fourré (chocolat, noisette, noix de coco…), nappé ou sur base de chocolat",540.0,31.5,20.0,,,,,,,54.5,45.9,3.95,7.65,0.24,,,,,,,,,,,,,,,,,,,,,,,,,,,,,,,,,,0.0,0.0
24680,Biscuit moelleux fourré à l'orange et enrobé de sucre glace,359.0,2.1,0.4,0.54,0.26,0.049,,,18.4,80.0,47.0,1.7,4.1,0.01,,0.11,0.7,11.0,10.1,0.25,55.0,81.0,5.0,5.9,0.4,2.0,30.0,0.5,,,,1.0,0.096,0.051,0.59,0.28,0.52,26.0,0.08,13.3,6.51,,12.8,0.2,9.28,18.5,25.9,0.0,0.0
38399,Biscuit ou cracker apéritif (aliment moyen),480.0,20.9,10.6,5.41,1.83,0.058,0.0008,0.0008,2.62,61.2,4.41,3.34,10.2,2.59,28.2,,2.52,8.32,30.0,,94.6,153.0,,1030.0,0.79,,,,3.02,,,0.0,0.38,0.044,1.08,,0.52,,,1.46,0.15,,0.37,0.1,1.69,2.18,56.8,0.0,0.0
38411,"Biscuit ou cracker apéritif, à base de blé, assortiment",501.0,25.3,5.76,,,,,,,58.2,6.87,2.78,8.88,1.88,,,,,,,,,,751.0,,,,,,,,,,,,,,,,,,,,,,,,0.0,0.0
38401,"Biscuit ou cracker apéritif, à base de blé, au fromage",519.0,29.4,13.8,8.1,2.29,0.074,0.0018,0.0058,0.0,47.0,4.36,3.86,14.8,1.88,236.0,,3.3,8.0,26.5,,,148.0,,750.0,1.4,40.0,20.0,0.0,4.0,,,,0.62,,,,0.62,100.0,,2.35,0.23,,0.25,0.52,1.26,1.9,41.8,0.0,0.0
38402,"Biscuit ou cracker apéritif, à base de blé, nature ou aromatisé",499.0,23.8,12.2,5.85,1.92,0.061,0.0,0.0,0.0,59.1,5.45,3.12,10.4,2.32,28.0,,2.75,8.0,30.5,,89.0,152.0,,923.0,0.8,,,,3.0,,,0.0,0.42,0.05,1.0,,0.6,,,0.89,0.16,,0.39,0.2,1.82,3.08,53.7,0.0,0.0
38403,"Biscuit ou cracker apéritif, à base de blé, nature, allégé en matière grasse",410.0,9.33,4.67,3.52,1.11,0.038,0.0,0.0,0.0,73.1,3.97,3.67,6.53,3.0,72.0,0.2,2.9,8.0,29.0,0.7,108.0,152.0,,1200.0,0.75,0.0,0.0,0.0,3.5,,,0.0,0.52,,3.5,,0.61,100.0,0.0,4.05,,,,,,,67.0,0.0,0.0
38416,"Biscuit ou cracker apéritif, à base de riz et cacahuètes enrobées, mélange japonais",409.0,8.27,1.91,,,,,,,72.0,10.1,1.94,10.8,1.0,,,,,,,,,,401.0,,,,,,,,,,,,,,,,,,,,,,,,0.0,0.0
38410,"Biscuit ou cracker apéritif, feuilleté (flûtes, torsades, palmiers…), au fromage",524.0,29.6,19.1,,,,,,,50.2,2.14,2.2,13.1,2.53,,,,,,,,,,1010.0,,,,,,,,,,,,,,,,2.3,0.075,,0.1,0.1,1.85,0.1,47.3,0.0,0.0
38407,"Biscuit ou cracker apéritif, feuilleté (flûtes, torsades, palmiers…), sans fromage",476.0,20.7,13.1,,1.12,0.08,,,,59.7,1.74,3.68,10.9,2.55,,,,,,,,,,1020.0,,,,,,,,,,,,,,,,2.5,0.2,,0.11,0.11,1.35,0.17,58.0,0.0,0.0
38413,"Biscuit ou cracker apéritif, gaufrette fourrée",585.0,42.4,37.4,,,,,,,39.6,9.44,2.19,10.4,1.86,,,,,,,,,,738.0,,,,,,,,,,,,,,,,2.51,0.15,,0.53,3.4,0.1,0.2,30.1,0.0,0.0
38107,"Biscuit ou cracker apéritif, mini bretzel ou sticks",376.0,3.13,1.4,1.38,0.32,0.018,0.01,0.01,0.0,73.7,2.0,4.32,11.2,4.43,21.0,0.16,1.3,20.0,28.0,0.83,120.0,160.0,20.0,1770.0,0.77,,,,,0.88,,,0.18,0.013,1.03,0.51,0.11,44.0,0.038,2.9,0.2,,0.2,0.2,1.6,0.03,71.7,0.0,0.0
38419,"Biscuit ou cracker apéritif, soufflé, goût bacon",513.0,25.9,8.55,6.33,5.42,0.034,0.0056,0.0021,,62.2,1.55,2.45,6.5,2.2,,,,,,,,490.0,,880.0,,,,,,,,,,,,,,,,,,,,,,,55.9,0.0,0.0
38404,"Biscuit ou cracker apéritif, soufflé, goût cacahuète",487.0,22.9,5.94,7.81,4.7,0.053,0.0076,0.0015,,54.8,3.13,3.99,13.3,1.88,,,,,,,,,,749.0,,,,,,,,,,,,,,,,2.33,,,,,,,51.6,0.0,0.0
38421,"Biscuit ou cracker apéritif, soufflé, goût fromage",510.0,27.3,12.8,,,,,,,57.6,3.26,2.64,7.29,2.24,,,,,,,,,,890.0,,,,,,,,,,,,,,,,2.17,,,,,,,54.4,0.0,0.0
38106,"Biscuit ou cracker apéritif, soufflé, goût pomme de terre",475.0,23.0,6.49,8.6,2.2,0.087,,,,60.6,1.39,3.74,4.59,3.08,33.8,0.18,1.37,0.0,40.2,0.27,129.0,710.0,0.95,1230.0,0.69,,,,,,,,0.25,0.082,2.8,0.53,0.33,69.0,,3.53,,,,,,,59.2,0.0,0.0
38420,"Biscuit ou cracker apéritif, soufflé, nature",464.0,19.2,7.84,3.71,1.75,0.084,0.0,0.0,,64.0,3.74,3.53,7.17,2.67,,,,6.0,,,,500.0,,1070.0,,,,,,,,,,,,,,,,2.97,,,0.2,,0.2,0.3,57.5,0.0,0.0
38422,"Biscuit ou cracker apéritif, soufflé, sans précision (aliment moyen)",535.0,32.6,27.3,,,,,,,48.8,9.63,2.12,10.5,1.61,,,,,,,,,,642.0,,,,,,,,,,,,,,,,2.51,0.15,,0.53,3.4,0.1,0.2,30.1,0.0,0.0
38405,"Biscuit ou cracker apéritif, tuile, à base de pomme de terre",521.0,28.8,9.02,10.0,5.34,0.088,,,37.7,59.1,2.86,3.31,4.63,1.62,,,,,,,,,,651.0,,,,,,,,,,,,,,,,1.85,0.2,,1.1,0.2,1.0,0.5,56.2,0.0,0.0
24689,Biscuit pour bébé,439.0,12.3,4.35,5.24,1.45,0.29,0.01,0.01,23.5,73.3,24.8,2.4,7.5,0.36,145.0,0.16,3.39,20.0,31.5,0.44,47.0,227.0,6.3,145.0,0.78,21.0,10.0,0.5,,,,0.5,0.63,0.62,5.9,4.69,0.66,31.1,0.28,3.0,0.62,0.1,0.32,1.08,0.22,22.6,39.1,0.0,0.0
24052,"Biscuit sec (tartelette), nappé au chocolat, préemballé",504.0,25.6,15.2,6.8,1.61,0.09,0.01,0.01,21.0,59.7,31.5,3.71,6.58,0.51,58.0,0.29,0.15,20.0,59.0,0.88,160.0,360.0,20.0,166.0,1.0,25.1,7.66,0.25,,4.2,,0.5,0.098,0.083,0.32,0.35,0.046,39.1,0.15,2.7,0.2,,0.2,1.8,1.8,26.4,25.9,0.0,0.0
24679,"Biscuit sec (tartelette), nappé aux fruits, préemballé",424.0,13.0,6.75,4.33,1.29,0.038,0.005,0.005,,71.3,34.5,1.94,4.63,0.43,,,,,,,,70.0,,157.0,,,,,,,,,,,,,,,,6.84,5.74,,9.37,0.2,7.99,11.4,30.1,0.0,0.0
24070,Biscuit sec à la noix de coco,493.0,22.1,13.1,3.83,0.61,0.03,0.005,0.005,,65.4,25.3,3.51,6.32,0.71,,,,,,,,,,345.0,,,,,,,,,,,,,,,,2.72,0.3,,0.3,,0.3,25.3,,0.0,0.0
24002,Biscuit sec à teneur garantie en vitamines,457.0,14.2,6.07,3.95,3.02,0.25,,,15.5,72.3,23.3,0.75,9.63,0.16,,0.28,2.0,13.0,54.0,1.59,149.0,275.0,6.0,62.3,1.5,2.0,30.0,0.55,,,,3.0,2.6,1.8,20.1,0.82,3.35,212.0,0.08,1.8,,,,,,,49.0,0.0,0.0
24003,Biscuit sec à teneur garantie en vitamines et minéraux,472.0,19.8,8.44,6.71,3.16,0.12,,,1.7,61.1,22.1,3.5,10.8,0.44,,0.35,6.4,11.0,195.0,5.69,213.0,256.0,8.0,177.0,1.9,0.68,30.0,0.5,,,,1.0,1.7,1.95,2.1,0.61,3.7,157.0,0.08,1.28,3.2,,4.22,0.2,1.79,12.9,39.0,0.0,0.0
24042,"Biscuit sec au chocolat, enrichi en vitamines et minéraux",461.0,18.3,3.78,,,,,,,61.9,20.1,6.54,8.96,0.6,236.0,,7.0,,172.0,,,,,,,,,0.92,,,,26.0,0.36,,3.1,1.0,0.37,27.9,,,,,,,,,,0.0,0.0
24036,"Biscuit sec au chocolat, non enrichi",507.0,25.6,9.7,11.8,2.71,0.16,0.014,0.014,5.0,59.5,44.2,3.9,7.75,0.39,112.0,0.46,3.3,14.0,63.2,1.2,176.0,422.0,3.27,154.0,1.3,16.0,30.0,0.0,,5.8,,5.4,0.05,0.01,0.74,0.45,0.06,,0.32,1.7,0.32,0.32,0.32,3.54,0.3,40.7,14.5,0.0,0.0
24012,"Biscuit sec au chocolat, sans sucres ajoutés, avec édulcorants, enrichi en vitamines",448.0,21.8,8.99,,,,,,,64.6,1.72,3.71,6.78,0.57,,,,,65.0,,,,,,,,,3.2,,,,,0.57,0.52,13.0,4.6,0.95,60.7,1.4,,,,,,,,,25.7,0.0
24029,"Biscuit sec au sésame, enrichi en vitamines et minéraux",485.0,21.0,2.05,,,,,,,60.0,18.5,4.9,11.5,0.68,350.0,,7.0,,179.0,,,,,,,,,,,,,,0.33,,3.6,,0.57,41.9,,,,,,,,,,0.0,0.0
24028,"Biscuit sec au sésame, non enrichi",496.0,23.3,6.27,,,,,,,60.0,21.0,4.84,9.19,0.55,,,2.3,,73.5,,195.0,,,,1.9,,,,,,,,,,,,,2.3,,,,,,,,,,0.0,0.0
24006,"Biscuit sec au soja, enrichi en vitamines et minéraux",444.0,16.1,2.22,8.11,3.64,0.88,0.006,0.006,,60.3,20.3,6.6,10.9,0.71,179.0,0.36,3.0,2.5,149.0,2.1,316.0,423.0,6.0,285.0,2.4,,30.0,,,16.2,,3.0,0.46,0.29,2.98,0.77,0.73,,,3.4,1.5,,0.9,0.3,0.3,17.9,37.9,0.01,0.0
24020,Biscuit sec aux céréales complètes,462.0,18.4,4.97,7.16,2.82,0.75,0.01,0.013,33.7,63.0,19.5,6.6,7.75,0.37,44.5,0.2,1.8,18.0,60.8,1.4,188.0,205.0,5.9,146.0,1.4,36.4,30.0,0.0,,9.4,,2.0,0.15,0.1,0.21,0.29,0.07,13.0,0.2,3.1,0.31,0.16,0.26,0.16,0.2,18.7,38.0,0.0,0.0
24004,"Biscuit sec aux fruits, hyposodé ou à teneur réduite en sel",448.0,16.0,1.45,7.64,3.42,1.0,0.008,0.008,1.0,64.0,17.9,5.4,8.88,0.02,43.8,0.22,1.5,2.5,34.4,0.84,118.0,427.0,2.72,8.0,0.82,16.0,30.0,0.0,,24.3,,2.0,0.13,0.05,0.21,0.21,0.05,,0.1,4.1,3.04,0.16,2.88,0.16,1.0,10.9,42.7,0.14,0.0
24430,Biscuit sec aux oeufs à la cuillère (cuiller) ou boudoir,366.0,3.4,1.17,1.24,0.74,0.05,0.003,0.013,101.0,74.5,48.8,2.9,7.75,0.3,25.3,0.069,0.96,13.0,12.6,0.26,91.9,117.0,7.9,120.0,1.0,25.8,30.0,0.0,,1.0,,2.0,0.07,0.14,0.2,0.44,0.03,,0.26,10.8,0.35,0.32,0.66,0.32,0.42,47.3,24.2,0.0,0.0
24016,Biscuit sec avec tablette de chocolat,485.0,20.0,11.3,6.34,1.4,0.16,0.011,0.011,5.9,68.8,40.8,3.5,5.56,0.35,59.4,0.2,3.1,13.0,33.0,0.46,102.0,198.0,2.81,139.0,0.67,16.0,30.0,0.0,,3.4,,2.0,0.09,0.1,0.39,0.27,0.03,,0.2,1.2,0.16,0.16,0.16,2.16,0.15,38.5,22.9,0.0,0.0
24014,Biscuit sec avec tablette de chocolat et fourrage au lait,512.0,25.6,14.9,7.72,1.72,0.18,0.014,0.014,9.7,62.3,35.6,2.7,6.75,0.45,89.6,0.2,3.0,15.0,38.0,,,253.0,2.48,180.0,0.81,72.4,30.0,0.0,,4.7,,2.0,0.09,0.22,,0.48,0.04,,0.26,1.4,0.16,0.16,0.2,5.31,0.46,29.6,19.2,0.0,0.0
24614,Biscuit sec croquant aux amandes (ex. canistrelli),454.0,15.4,2.94,,,,,,,68.2,37.6,3.2,9.04,0.27,,,,,,,,,,134.0,,,,,,,,,,,,,,2.9,,,,,,,,,,0.0,0.0
24660,"Biscuit sec feuilleté, type palmier ou autres, artisanal",499.0,30.4,14.4,7.84,0.78,0.25,0.0,,28.0,47.8,21.8,5.3,5.93,1.16,15.6,1.0,0.58,10.0,11.5,1.0,54.0,83.5,10.7,463.0,1.0,47.0,50.0,0.2,,,,0.0,0.05,0.05,0.2,0.32,0.08,11.5,0.43,6.12,0.5,,0.8,0.2,0.6,19.9,24.7,0.0,0.0
24658,"Biscuit sec feuilleté, type palmier ou autres, nappé de chocolat",532.0,29.4,16.6,,,,,,,59.7,30.3,2.33,5.93,1.02,,,,,,,,,,,,,,,,,,,,,,,,,,,,,,,,,,0.0,0.0
24659,"Biscuit sec feuilleté, type palmier ou autres, préemballé",528.0,30.0,15.4,8.78,2.39,0.17,0.015,0.015,19.2,56.8,18.8,3.4,6.06,1.15,16.6,0.098,0.88,2.5,15.1,0.4,60.1,94.4,21.8,460.0,0.5,90.3,249.0,0.0,,4.2,,2.0,0.07,0.05,0.25,0.14,0.03,,0.1,2.4,0.2,0.08,0.44,0.08,0.55,17.6,35.2,0.0,0.0
24615,"Biscuit sec fin ou tuile, aux amandes",471.0,18.1,5.65,8.07,2.19,0.05,0.01,0.01,43.6,68.0,49.1,2.1,7.8,0.21,49.0,0.14,0.81,10.5,40.0,0.46,120.0,170.0,20.0,82.0,0.67,43.9,44.3,0.5,,1.02,,0.5,0.061,0.041,0.23,0.47,0.044,15.3,0.084,3.2,,,0.27,,0.2,38.1,,0.0,0.0
24616,"Biscuit sec fin ou tuile, saveur citron ou orange",419.0,9.73,4.17,2.97,0.93,0.068,0.0039,0.0039,,69.7,31.6,13.6,6.37,0.55,,,,,,,,,,207.0,,,,,,,,,,,,,,,,,,,,,,,,0.0,0.0
24037,Biscuit sec fourré à la pâte ou purée de fruits (ex : figue),421.0,12.3,5.19,4.15,0.76,0.083,0.005,0.005,3.8,71.6,27.2,2.0,4.93,0.38,64.0,0.1,1.0,12.0,294.0,0.3,37.0,269.0,5.0,151.0,0.3,2.0,7.0,0.0,,5.8,,0.5,0.091,0.055,0.63,0.28,0.31,21.0,0.08,11.1,4.4,,8.1,0.2,3.5,11.2,21.5,0.0,0.0
24008,"Biscuit sec fourré aux fruits, allégé en matière grasse",391.0,7.2,2.82,2.8,,0.14,0.0,,13.0,75.3,39.9,3.0,4.69,0.58,59.0,1.0,1.0,10.0,15.6,1.0,94.0,152.0,3.0,230.0,1.0,2.0,50.0,0.2,,,,,0.2,0.05,0.05,0.45,0.05,49.6,0.35,8.8,7.66,,8.74,0.5,0.88,22.6,35.4,0.0,0.0
24001,Biscuit sec nature,438.0,11.5,5.31,4.14,1.39,0.05,0.007,0.007,1.0,74.9,25.4,3.3,7.13,0.74,25.0,0.097,0.86,2.5,17.0,0.41,92.2,139.0,4.19,294.0,0.5,16.0,30.0,0.0,,1.0,,2.0,0.08,0.02,0.2,0.22,0.03,,0.1,2.2,0.33,0.16,0.54,0.49,0.31,23.7,46.6,0.0,0.0
24655,Biscuit sec ou galette à l'avoine,491.0,22.9,11.7,,,,,,,63.9,34.6,3.41,5.64,0.74,,,,,,,,,,,,,,,,,,,,,,,,,,,,,,,,,,0.0,0.0
24654,"Biscuit sec ou galette à l'avoine, nappée de chocolat",509.0,26.0,14.6,,,,,,,61.3,39.6,3.58,5.73,0.59,,,,,,,,,,,,,,,,,,,,,,,,,,,,,,,,,,0.0,0.0
24015,Biscuit sec petit beurre,450.0,13.3,8.61,2.37,0.53,0.07,0.01,0.01,40.0,73.4,22.0,2.54,7.78,1.04,34.0,0.12,0.82,20.0,18.0,0.5,100.0,150.0,20.0,462.0,0.52,107.0,,0.25,,1.09,,0.5,0.082,0.035,0.1,0.48,0.026,19.1,0.092,1.4,0.2,0.2,0.2,0.4,0.2,21.1,45.0,0.0,0.0
24021,Biscuit sec petit beurre au blé complet,439.0,13.4,2.01,6.1,2.75,0.8,0.007,0.007,3.3,66.6,18.8,7.2,9.25,0.37,31.9,0.28,2.2,13.0,71.8,2.3,231.0,280.0,2.92,149.0,2.0,16.0,30.0,0.0,,11.3,,2.0,0.18,0.1,0.35,0.33,0.08,3.9,0.15,2.2,0.16,0.16,0.16,0.16,0.39,18.4,41.7,0.0,0.0
24017,Biscuit sec petit beurre au chocolat (tablette ou pépites),496.0,22.8,14.2,5.68,0.84,0.076,0.012,0.012,24.6,63.8,35.4,4.0,6.88,0.59,91.8,0.29,4.6,16.5,45.7,0.51,180.0,288.0,3.04,236.0,0.89,16.0,54.0,0.0,,4.2,,2.0,0.08,0.19,1.0,0.44,0.04,,0.1,1.0,0.16,0.16,0.16,4.62,0.15,30.7,28.4,0.0,0.0
24035,"Biscuit sec pour petit déjeuner, allégé en sucres",444.0,15.0,5.0,,,,,,,66.2,19.5,6.7,7.78,0.69,200.0,,4.2,,112.0,,200.0,,,270.0,,,,,4.17,,,,0.33,,,,,3.6,,,,,,,,,45.9,,0.0
24040,"Biscuit sec pour petit déjeuner, au chocolat, non enrichi",447.0,16.4,6.15,7.47,1.64,0.062,0.009,0.009,1.0,62.9,27.3,7.6,8.06,0.86,53.2,0.39,6.4,2.5,74.1,1.4,311.0,377.0,2.53,343.0,1.5,16.0,30.0,0.7,,3.1,,2.0,0.16,0.1,1.53,0.26,0.03,,0.1,3.1,0.19,0.16,0.16,0.59,0.27,26.2,31.1,0.0,0.0
24034,"Biscuit sec pour petit déjeuner, sans chocolat, non enrichi",452.0,16.3,2.83,8.21,3.02,0.87,0.01,0.01,2.91,65.8,21.0,5.5,7.81,1.19,250.0,0.16,4.0,,140.0,1.1,240.0,190.0,20.0,477.0,0.94,21.0,5.0,0.25,,16.9,,0.5,0.13,0.01,0.3,0.72,0.071,13.9,0.033,2.1,0.17,0.1,0.21,0.3,0.1,20.3,40.4,0.0,0.0
24041,"Biscuit sec pour petit déjeuner, tous parfums, enrichi en vitamines et minéraux",454.0,16.1,6.21,5.97,1.96,0.28,0.009,0.009,1.0,67.3,27.2,5.8,7.06,0.53,136.0,0.29,5.9,2.5,76.4,1.2,220.0,254.0,2.86,210.0,1.3,16.0,30.0,0.7,,7.1,,2.0,0.28,0.09,3.13,0.87,0.03,,0.1,2.2,0.16,0.16,0.34,0.2,0.33,26.3,36.0,0.0,0.0
24031,"Biscuit sec sans chocolat, allégé en matière grasse",388.0,6.0,2.5,2.59,,0.1,0.0,,40.0,71.0,35.0,13.0,6.0,0.34,199.0,1.0,1.0,10.0,25.5,1.0,239.0,211.0,3.0,311.0,1.0,2.0,50.0,0.2,2.07,,,,0.17,0.11,0.05,0.67,0.05,11.7,0.97,1.5,0.5,,0.5,0.5,0.5,29.4,24.4,0.0,0.0
24019,"Biscuit sec sans gluten, au chocolat",504.0,24.7,12.2,,,,,,,64.0,27.5,2.95,5.04,0.5,,,,,,,,,,,,,,,,,,,,,,,,,,,,,,,,,,0.0,0.0
24018,"Biscuit sec sans gluten, petit beurre",460.0,14.0,8.5,,,,,,,79.3,21.0,0.9,3.8,1.1,,,,,,,,,,,,,,,,,,,,,,,,,,,,,,,,,,0.0,0.0
24011,"Biscuit sec, assortiment",515.0,26.4,6.21,13.9,2.98,0.34,,,20.1,61.4,39.4,2.9,6.44,0.46,55.0,0.24,2.6,,35.0,0.42,110.0,200.0,20.0,185.0,0.66,27.2,14.6,0.25,,4.26,,0.5,0.1,0.14,1.14,0.45,0.031,48.7,0.21,1.6,0.2,0.1,0.38,2.66,0.2,36.0,20.8,0.0,0.0
24010,"Biscuit sec, avec matière grasse végétale",436.0,11.7,5.4,,,,,,,74.0,23.4,3.1,7.23,0.75,57.7,0.16,2.16,6.0,34.5,0.9,142.0,89.7,,301.0,0.92,,,,,,,,,,,,,,,1.4,,,,,,,50.5,0.0,0.0
24057,"Biscuit sec, sablé, fourré aux fruits type lunette de Romans",449.0,16.0,9.47,2.77,0.49,0.07,,0.01,,69.2,31.9,2.04,6.06,0.2,,,,,,,,,,112.0,,,,,,,,,,,,,,2.0,,6.0,,,4.33,,4.27,23.2,,0.0,0.0
24049,"Biscuit sec, sablé, galette ou palet, au beurre",481.0,20.0,12.0,3.34,0.79,0.11,0.01,0.01,61.3,66.8,22.2,3.2,6.81,0.96,22.2,0.096,0.85,13.0,17.2,0.44,102.0,117.0,3.59,382.0,0.52,172.0,70.0,0.0,,2.1,,2.0,0.09,0.06,0.2,0.21,0.03,,0.1,2.0,0.16,0.16,0.16,0.18,0.15,22.0,39.8,0.0,0.0
24050,"Biscuit sec, sablé, galette ou palet, au beurre, au chocolat",499.0,23.7,11.9,5.79,4.39,0.37,0.005,0.005,,63.5,33.6,3.11,6.33,0.5,,,,,,,,,,378.0,,,,,,,,,,,,,,,,3.61,,,0.25,,0.5,27.6,,0.0,0.0
24048,"Biscuit sec, sablé, galette ou palet, autre que pur beurre",495.0,23.1,10.9,,,,,,,64.5,25.8,3.34,5.71,0.72,,,,,,,,,,,,,,,,,,,,,,,,,,,,,,,,,,0.0,0.0
24054,"Biscuit sec, sablé, galette ou palet, aux fruits",482.0,21.0,12.2,6.34,1.96,0.07,0.01,0.01,25.5,66.3,30.9,2.37,5.8,0.56,35.0,0.19,1.0,20.0,32.0,0.71,130.0,210.0,20.0,169.0,0.66,25.4,10.8,0.25,,1.99,,0.5,0.12,0.036,0.18,0.23,0.056,19.6,0.41,3.3,1.0,,1.3,0.3,0.2,25.4,27.8,0.0,0.0
24038,"Biscuit sec, sablé, nappé de chocolat",495.0,22.9,12.4,8.01,1.89,0.12,0.013,0.013,4.3,63.5,27.7,4.1,6.56,0.74,64.7,0.22,3.0,13.0,35.9,0.52,121.0,221.0,2.4,295.0,0.72,70.8,30.0,0.0,,3.5,,2.0,0.09,0.13,0.6,0.35,0.03,,0.15,1.6,0.16,0.16,0.23,2.48,0.32,24.6,29.9,0.0,0.0
24000,"Biscuit sec, sans précision",433.0,13.8,3.46,6.41,1.55,0.33,0.0,0.0,0.0,67.8,25.0,3.0,7.83,1.02,10.0,0.1,0.4,4.15,14.0,0.9,190.0,157.0,,407.0,0.6,,,0.0,,5.9,,0.0,0.35,0.33,3.47,0.38,0.022,14.0,0.05,2.83,0.0,,0.037,0.15,0.0,24.9,42.7,0.0,0.0
24013,"Biscuit sec, sans sucres ajoutés, avec édulcorant",429.0,15.7,3.3,,,,,,,72.1,0.11,3.93,6.23,0.79,,,2.3,,,,,,,,,,,,,,,,,,,,,,,,,,,,,,,21.3,0.0
24657,"Biscuit sec, type batonnet, stick, vrille ou torsade, nappé de chocolat",510.0,25.1,14.1,7.94,1.71,0.056,0.005,0.005,,63.1,34.6,2.42,6.86,0.42,,,,,,,,,,110.0,,,,,,,,,,,,,,,,1.62,0.2,,0.18,2.98,0.18,31.3,21.0,0.0,0.0
24441,"Biscuit sec, type langue de chat ou cigarette russe",475.0,17.8,9.45,3.5,1.11,0.069,0.0,0.005,67.0,72.7,39.7,1.55,5.27,0.49,21.8,0.12,0.6,2.0,15.4,0.4,84.0,135.0,2.0,207.0,0.3,2.0,8.0,0.5,1.1,,,0.5,0.11,0.092,0.99,0.31,0.14,41.0,0.08,2.98,0.2,,0.39,1.28,0.2,38.0,33.0,0.0,0.0
25001,"Blanquette de veau, préemballée",113.0,4.0,2.03,1.18,0.21,0.02,0.01,0.01,56.6,3.1,0.3,0.8,15.4,0.74,15.0,0.07,0.92,20.0,12.0,0.04,110.0,190.0,20.0,295.0,3.2,21.0,,0.25,,2.55,,0.5,0.062,0.047,1.77,0.33,0.074,23.3,1.59,75.1,0.2,,0.2,0.2,0.2,0.3,1.9,0.0,0.0
9003,"Blé de Khorasan, cru",342.0,2.13,0.2,,,0.048,0.0,0.0,0.0,59.5,7.74,11.1,14.5,0.013,22.0,0.51,3.77,,130.0,2.74,364.0,403.0,,5.0,3.68,0.0,5.0,,,1.8,0.0,0.0,0.57,0.18,6.38,0.95,0.26,,,11.1,0.11,0.0,0.61,0.0,6.48,0.54,51.7,0.0,0.0
9081,"Blé dur (grains entiers), précuit, cuit, sans sel ajouté",153.0,1.1,0.19,0.074,0.34,0.026,0.001,0.001,1.0,28.2,0.18,3.5,5.36,0.043,16.2,0.12,0.43,13.0,16.9,0.51,71.3,86.7,2.06,17.0,0.5,0.0,30.0,0.0,,,,2.0,0.079,0.1,0.35,0.16,0.03,,0.0,61.5,0.08,0.08,0.08,0.08,0.08,0.18,25.6,0.0,0.0
9060,"Blé dur complet, cru",342.0,2.47,0.45,0.22,0.86,0.06,0.0,0.0,0.0,59.3,1.8,11.8,13.7,0.005,34.0,0.55,3.52,2.7,144.0,3.01,508.0,431.0,4.1,2.0,4.16,0.0,0.0,0.0,,,,0.0,0.42,0.12,6.74,0.94,0.42,,0.0,10.9,0.0,,0.0,,0.0,0.54,57.5,0.0,0.0
9080,"Blé dur complet, précuit, à cuire",359.0,1.83,0.37,,,,0.0,0.0,0.37,67.7,0.83,6.67,13.7,0.01,55.0,0.4,0.0,0.0,50.0,3.4,238.0,950.0,,4.0,0.0,0.0,0.0,0.0,,,,0.0,1.11,0.0,8.4,0.6,0.3,,0.0,8.81,0.0,,0.0,0.0,0.0,0.0,,0.0,0.0
9082,"Blé dur précuit, cuisiné, en sachet micro-ondable",188.0,4.84,1.11,,,,,,,29.6,2.21,2.58,4.86,1.16,,,,,,,,,,463.0,,,,0.0,,,,40.0,0.72,0.016,3.0,0.0,0.12,118.0,0.0,57.0,,,,,,,,0.0,0.0
32130,Blé khorasan complet soufflé,378.0,1.96,0.52,0.54,0.48,0.024,0.0,0.0,,80.5,23.4,4.4,6.68,0.027,,,,,,,,,,10.8,,0.0,,,,,,,,,,,,,,5.13,0.2,,0.2,0.2,0.7,22.5,,0.0,0.0
12526,Bleu de Gex ou fromage bleu du Haut-Jura ou bleu de Septmoncel,364.0,30.7,20.2,,,,,,,0.0,0.0,0.0,22.5,1.44,600.0,,,,,,,,14.5,575.0,,,74.0,0.5,0.25,2.4,,,,,,,,36.0,1.22,43.6,,,,,,,0.0,0.0,0.0
23805,Blinis,270.0,11.5,1.51,2.89,0.95,0.06,,0.01,24.7,34.6,4.57,2.23,5.94,1.26,38.9,0.1,0.6,30.0,14.2,0.3,116.0,137.0,5.0,360.0,0.45,23.0,,0.5,2.4,,,0.0,0.11,0.12,0.73,0.35,0.07,33.0,0.28,45.9,0.2,,0.2,1.4,0.6,0.2,29.3,0.0,0.0
25065,"Boeuf aux carottes, préemballé",95.0,3.15,1.21,1.47,0.39,0.02,,,47.0,2.91,,1.1,13.2,0.58,15.9,0.1,0.9,4.0,11.3,0.1,,119.0,,231.0,3.5,,,,,,,,,,,,,,,78.5,,,,,,,2.7,0.0,0.0
25033,"Boeuf bourguignon, préemballé",84.3,2.61,0.88,0.71,0.22,0.022,,0.01,64.0,4.17,2.0,1.5,10.3,0.88,16.9,0.053,1.75,3.8,13.3,0.054,215.0,230.0,2.58,354.0,2.91,10.0,,0.5,0.6,,,0.8,0.07,0.1,2.3,0.3,0.23,11.0,0.6,78.4,,,,,,,1.3,0.0,0.0
6101,Boeuf braisé,240.0,12.4,5.72,,0.31,0.015,,,,0.0,0.0,0.0,32.1,0.15,,,5.9,6.0,24.3,,,,34.6,,10.5,,0.0,0.1,0.11,1.6,,,,,5.787,,,8.0,2.73,55.7,,,,,,,0.0,0.0,0.0
6231,"Boeuf, à bourguignon ou pot-au-feu, cru",164.0,7.5,2.7,,,,,,,0.0,0.0,0.0,24.0,0.1,18.0,,2.1,,,,,,25.5,41.8,,,0.0,0.1,0.33,1.3,,,,,,,,13.0,1.19,,,,,,,,0.0,0.0,0.0
6230,"Boeuf, à bourguignon ou pot-au-feu, cuit",172.0,4.05,2.77,,0.1,0.016,0.0025,0.0078,75.0,0.0,0.0,0.0,34.0,0.15,,,4.3,6.0,,,171.0,,4.1,,9.7,,0.0,,0.51,,,,0.04,,2.6,0.5,0.24,4.5,1.2,59.4,,,,,,,0.0,0.0,0.0
6003,"Boeuf, basse-côte crue",201.0,13.2,5.94,4.54,0.14,0.05,0.0017,0.0,,1.45,0.5,0.0,19.0,0.17,,,2.75,,,,,,8.68,68.0,5.97,,0.0,0.1,0.33,1.3,,,,,5.727,,,13.0,1.22,65.8,,,,,,,0.0,0.0,0.0
6212,"Boeuf, bavette d'aloyau crue",133.0,5.67,2.2,1.72,0.13,0.028,0.0,0.0,65.0,0.0,0.0,0.0,20.4,0.085,25.0,0.072,3.31,,22.0,0.012,195.0,328.0,11.0,34.4,6.8,0.0,0.0,0.1,0.33,1.2,,0.0,0.066,0.1,4.17,0.61,0.26,11.0,3.12,73.7,,,,,,,0.0,0.0,0.0
6211,"Boeuf, bavette d'aloyau grillée/poêlée",162.0,6.94,2.73,2.14,0.17,0.035,,0.0015,53.0,0.0,0.0,0.0,25.0,,,,3.38,,24.8,,,,13.5,,8.33,,,,0.54,,,,0.06,,4.17,0.38,0.26,,3.12,67.8,,,,,,,0.0,0.0,0.0
6202,"Boeuf, boule de macreuse crue",118.0,3.36,1.23,0.95,0.094,0.018,,,59.0,0.0,0.0,0.0,21.8,0.097,6.0,0.09,2.86,,22.0,,192.0,354.0,10.7,37.9,4.59,0.0,0.0,0.1,0.33,1.3,,0.0,0.12,0.19,4.43,,0.44,7.0,1.89,74.5,,,,,,,0.0,0.0,0.0
6208,"Boeuf, boule de macreuse grillée/poêlée",144.0,4.11,1.53,1.19,0.12,0.023,,0.0028,,0.0,0.0,0.0,26.7,,,,2.86,,,,,,13.0,,5.62,,0.0,,0.4,1.4,,,,,4.42,,0.44,10.0,1.89,68.8,,,,,,,0.0,0.0,0.0
6214,"Boeuf, boule de macreuse rôtie/cuite au four",147.0,4.2,1.59,1.23,0.12,0.024,,0.0029,,0.0,0.0,0.0,27.3,,,,3.03,,,,,,13.3,,5.74,,0.0,0.1,0.25,1.6,,,,,4.42,,0.44,7.0,1.89,68.2,,,,,,,0.0,0.0,0.0
6241,"Boeuf, collier braisé",184.0,5.8,1.97,1.64,0.3,0.015,0.0054,0.00039,59.0,0.0,0.0,0.0,33.0,,,,4.5,,,,,,5.9,,9.3,,,,0.62,,,,0.04,,3.9,1.2,0.28,,1.9,,,,,,,,0.0,0.0,0.0
6240,"Boeuf, collier cru",198.0,12.7,5.41,4.87,0.16,0.072,0.006,0.0,,0.78,0.5,0.0,20.1,0.17,,,2.42,,,,,,6.64,67.5,6.06,,0.0,0.1,0.33,1.3,,,,,5.727,,,13.0,1.3,66.7,,,,,,,0.0,0.0,0.0
6001,"Boeuf, côte crue",251.0,19.6,,,,,,,,0.0,0.0,0.0,18.7,0.16,11.0,,2.8,2.4,18.0,,188.0,355.0,25.5,65.0,4.86,,0.0,0.1,0.33,1.3,,0.0,0.08,0.17,4.5,,0.42,6.9,1.4,,,,,,,,0.0,0.0,0.0
6103,"Boeuf, entrecôte crue",231.0,17.1,8.07,5.02,0.19,0.053,0.0,0.0,68.0,0.0,0.0,0.0,19.4,0.075,8.0,0.07,2.21,3.55,20.0,0.011,137.0,246.0,8.13,29.8,4.25,4.0,0.0,0.1,0.33,1.5,,0.0,0.099,0.24,3.91,0.6,0.29,3.0,1.85,62.5,0.0,,0.0,0.0,0.0,0.0,0.0,0.0,0.0
6100,"Boeuf, entrecôte, partie maigre grillée/poêlée",198.0,10.7,4.75,3.22,0.16,0.037,0.001,0.00018,45.0,0.0,0.0,0.0,25.5,0.15,12.0,0.085,2.55,6.0,23.0,,200.0,279.0,12.3,58.0,6.34,7.0,0.0,0.1,0.58,1.6,,0.0,0.07,0.15,4.4,0.22,0.34,6.0,1.85,62.3,,,,,,,0.0,0.0,0.0
6002,"Boeuf, épaule crue",130.0,4.97,1.96,1.92,0.25,0.003,0.001,0.0,66.0,0.0,0.0,0.0,21.4,0.18,12.0,0.073,2.62,1.43,25.0,0.013,234.0,395.0,7.25,72.0,6.78,3.0,0.0,0.55,0.33,1.5,,0.0,0.09,0.21,4.58,0.79,0.58,3.0,2.73,72.6,0.0,,0.0,0.0,0.0,0.0,0.0,0.0,0.0
6111,"Boeuf, faux-filet cru",152.0,6.74,,,,,,,75.0,0.6,0.0,0.0,22.3,0.082,24.0,0.069,2.26,2.6,21.0,0.011,187.0,315.0,10.6,32.2,3.26,0.0,0.0,0.55,0.33,1.4,,0.0,0.063,0.098,5.77,0.58,0.48,11.0,1.19,70.5,0.0,,0.0,0.0,0.0,0.0,0.0,0.0,0.0
6110,"Boeuf, faux-filet grillé/poêlé",182.0,8.17,3.39,2.59,0.12,0.03,0.003,0.0013,60.0,0.0,0.0,0.0,27.1,0.14,20.0,0.081,2.26,6.0,22.0,0.009,209.0,336.0,12.9,56.0,3.95,0.0,0.0,0.2,0.4,1.6,,0.0,0.04,0.13,5.77,0.3,0.48,8.0,1.19,64.3,,,,,,,0.0,0.0,0.0
6105,"Boeuf, faux-filet rôti/cuit au four",194.0,8.71,3.62,2.76,0.13,0.032,,0.0013,,0.0,0.0,0.0,28.8,,,,2.41,,,,,,13.8,,4.21,,0.0,0.1,0.25,1.6,,,,,5.77,,0.47,7.0,1.19,62.0,,,,,,,0.0,0.0,0.0
6116,"Boeuf, filet cru",132.0,4.95,2.06,1.7,0.12,0.022,0.005,0.0,,0.22,0.5,0.0,21.6,0.15,,,2.57,,,,,,8.83,61.8,3.22,,0.0,0.1,0.33,1.3,,,,,5.727,,,13.0,1.73,72.8,,,,,,,0.0,0.0,0.0
6102,"Boeuf, gîte à la noix cru",187.0,11.5,4.54,2.57,0.12,0.079,0.0,0.0,73.0,0.0,0.0,0.0,20.7,0.14,20.0,0.091,1.74,2.41,22.0,0.013,199.0,327.0,5.24,56.0,3.82,0.0,0.0,0.4,0.33,1.4,,0.0,0.082,0.13,6.18,0.6,0.61,11.0,1.49,66.9,0.0,,0.0,0.0,0.0,0.0,0.0,0.0,0.0
6104,"Boeuf, gîte à la noix cuit",102.0,1.9,0.8,,,,,,,0.2,0.0,0.0,21.0,,,,,,,,,,34.6,,6.91,,0.0,0.1,0.11,1.6,,,,,5.787,,,8.0,2.73,,,,,,,,0.0,0.0,0.0
6130,"Boeuf, hampe crue",154.0,8.63,3.91,2.42,0.19,0.039,0.005,0.002,71.0,0.0,0.0,0.0,19.0,0.15,6.0,0.17,3.68,,19.0,0.17,142.0,242.0,11.8,59.3,4.51,4.0,0.0,0.1,0.33,1.5,,0.0,0.1,0.56,3.97,1.13,0.29,3.0,4.61,71.5,,,,,,,0.0,0.0,0.0
6131,"Boeuf, hampe grillée/poêlée",174.0,9.76,4.36,2.7,0.21,0.043,,0.0026,,0.0,0.0,0.0,21.6,,,,3.79,,,,,,13.4,,5.11,,0.0,,0.4,1.4,,,,,3.93,,0.28,10.0,4.6,67.6,,,,,,,0.0,0.0,0.0
6151,"Boeuf, jarret bouilli/cuit à l'eau",161.0,4.1,1.13,,,,,,50.0,0.0,0.0,0.0,31.0,,,,3.9,,,,,,2.8,,11.0,,,,0.53,,,,0.03,,3.2,0.4,0.21,,1.2,,,,,,,,0.0,0.0,0.0
6150,"Boeuf, jarret cru",38.2,4.25,1.22,,,,,,,0.0,0.0,0.0,,,,,,,,,,,25.5,,4.86,,0.0,0.1,0.33,1.3,,,,,5.727,,,13.0,1.19,,,,,,,,0.0,0.0,0.0
6140,"Boeuf, joue crue",136.0,5.02,1.81,1.35,0.23,0.04,,,,0.4,0.0,0.0,22.3,0.18,,,3.18,,,,,,14.4,71.0,2.7,,0.0,0.1,0.33,1.3,,,,,4.67,,0.15,13.0,7.24,73.2,,,,,,,0.0,0.0,0.0
6141,"Boeuf, joue, braisée ou bouillie/cuite à l'eau",236.0,8.82,3.19,2.38,0.41,0.071,,0.0099,,0.0,0.0,0.0,39.2,,,,2.04,,,,,,25.3,,4.75,,0.0,0.1,0.11,1.6,,,,,4.67,,0.096,8.0,7.23,52.9,,,,,,,0.0,0.0,0.0
6204,"Boeuf, onglet cru",138.0,6.18,2.76,2.11,0.12,0.03,0.0033,0.0,,0.62,0.5,0.0,19.9,0.18,,,3.63,,,,,,8.12,70.9,4.67,,0.0,0.1,0.33,1.3,,,,,5.727,,,13.0,3.6,72.4,,,,,,,0.0,0.0,0.0
6205,"Boeuf, onglet grillé/poêlé",171.0,8.8,,,,,,,76.0,0.0,0.0,0.0,23.0,,,,4.0,,,,,,4.1,,6.0,,,,0.53,,,,0.09,,4.8,1.4,0.43,,3.9,,,,,,,,0.0,0.0,0.0
6270,"Boeuf, paleron cru",144.0,6.54,2.59,2.05,0.13,0.031,0.0,0.0,67.0,0.0,0.0,0.0,21.2,0.12,11.0,0.087,2.5,,25.0,0.012,223.0,343.0,10.2,49.0,5.51,3.0,0.0,0.1,0.33,1.5,,0.0,0.08,0.21,3.67,0.86,0.27,3.0,2.77,72.3,,,,,,,0.0,0.0,0.0
6271,"Boeuf, paleron, braisé ou bouilli/cuit à l'eau",251.0,11.4,4.5,3.57,0.23,0.054,0.004,0.0014,113.0,0.2,0.0,0.0,36.8,0.17,14.0,0.14,1.63,,22.0,0.025,230.0,298.0,17.7,67.0,9.57,7.0,0.0,0.1,0.11,1.6,,0.0,0.083,0.28,3.67,0.91,0.15,8.0,2.77,51.8,,,,,,,0.0,0.0,0.0
6123,"Boeuf, plat de côtes braisé ou bouilli/cuit à l'eau",269.0,13.3,5.58,4.06,0.19,0.044,0.003,0.0011,66.0,0.0,0.0,0.0,37.3,0.13,12.0,0.099,1.41,,15.0,0.013,162.0,224.0,18.4,50.0,8.02,0.0,0.0,0.7,0.11,2.4,,0.0,0.03,0.15,4.87,1.0,0.23,5.0,2.57,48.9,,,,,,,0.0,0.0,0.0
6122,"Boeuf, plat de côtes cru",287.0,23.7,10.6,7.28,0.22,0.06,0.0,0.0,76.0,0.0,0.0,0.0,18.4,0.12,9.0,0.053,1.9,,14.0,0.011,137.0,232.0,6.68,49.0,3.08,0.0,0.0,0.1,0.33,1.3,,0.0,0.071,0.12,3.72,0.24,0.25,5.0,2.57,58.2,,,,,,,0.0,0.0,0.0
6310,"Boeuf, queue bouillie/cuite à l'eau",196.0,9.3,3.72,,,,,,82.0,0.0,0.0,0.0,28.0,,,,2.9,,,,,,,,8.0,,,,0.16,,,,0.02,,2.1,0.23,0.15,,1.1,,,,,,,,0.0,0.0,0.0
6311,"Boeuf, queue crue",203.0,12.9,4.41,5.47,0.15,0.042,0.005,0.0,,0.23,0.5,0.0,21.5,0.28,,,2.55,,,,,,5.45,111.0,4.52,,,,,,,,,,5.727,,,,1.47,65.0,,,,,,,0.0,0.0,0.0
6106,"Boeuf, rond de gîte cru",111.0,2.02,0.73,0.69,0.045,0.017,0.01,0.0,,0.38,0.5,0.0,22.9,0.15,,,2.08,,,,,,6.9,60.2,3.28,,0.0,0.1,0.33,1.3,,,,,5.727,,,13.0,0.93,74.0,,,,,,,0.0,0.0,0.0
6210,"Boeuf, rosbif rôti/cuit au four",126.0,3.16,0.62,0.67,0.09,0.023,,0.0,18.1,0.3,0.0,0.0,24.1,0.1,10.1,0.1,3.1,5.0,32.0,0.012,203.0,369.0,16.1,70.4,5.43,0.0,0.0,0.0,0.25,1.6,,,0.1,0.12,6.1,1.8,0.66,11.7,1.3,71.1,,,,,,,0.0,0.0,0.0
6206,"Boeuf, rumsteck cru",118.0,2.5,0.78,0.86,0.092,0.0032,0.0013,0.00064,62.0,0.4,0.0,0.0,23.5,0.14,13.0,0.048,2.33,0.9,12.0,0.004,219.0,312.0,9.3,54.0,3.68,3.0,0.0,0.5,0.33,1.5,,0.0,0.064,0.24,6.43,0.36,0.63,4.0,1.64,72.6,0.0,,0.0,0.0,0.0,0.0,0.0,0.0,0.0
6207,"Boeuf, rumsteck grillé/poêlé",138.0,2.1,0.81,0.67,0.14,0.021,0.01,0.006,68.0,0.0,0.0,0.0,29.0,0.16,5.83,0.085,2.6,2.5,27.7,0.02,219.0,406.0,16.6,63.0,4.8,16.0,0.0,0.0,0.4,1.4,11.4,2.0,0.1,0.15,1.3,0.24,0.39,10.0,1.8,67.9,0.1,,,0.1,0.1,0.1,0.0,0.0,0.0
6252,"Boeuf, steak haché 10% MG cru",170.0,10.0,3.93,,0.17,0.036,0.0,0.0,65.0,0.0,0.0,0.0,20.0,0.17,12.0,0.072,2.24,6.8,20.0,0.01,184.0,321.0,13.9,66.0,4.79,4.0,0.0,0.1,0.17,0.8,7.4,0.0,0.042,0.15,5.07,0.6,0.37,6.0,2.21,69.5,,,,,,,0.0,0.0,0.0
6253,"Boeuf, steak haché 10% MG cuit",210.0,11.8,4.63,,,0.045,0.0,0.0,88.0,0.0,0.0,0.0,26.1,0.17,13.0,0.09,2.71,6.1,22.0,0.013,202.0,333.0,21.5,68.0,6.37,3.0,0.0,0.0,0.12,1.1,7.2,0.0,0.044,0.18,5.66,0.66,0.4,8.0,2.56,61.2,,,,,,,0.0,0.0,0.0
6254,"Boeuf, steak haché 15% MG cru",215.0,14.8,6.86,5.55,0.17,0.069,0.002,0.001,68.0,0.47,0.0,0.0,20.2,0.1,15.0,0.067,2.64,3.9,18.0,0.01,171.0,295.0,6.78,41.7,4.8,4.0,0.0,0.1,,1.3,7.4,0.0,0.042,0.15,4.1,0.55,0.2,6.0,1.9,65.4,0.0,,0.0,0.0,0.0,0.0,0.0,0.0,0.0
6255,"Boeuf, steak haché 15% MG cuit",239.0,16.1,5.9,5.35,0.43,0.032,0.0022,0.00073,76.3,0.0,0.0,0.0,23.6,0.21,15.0,0.078,2.6,6.1,29.5,0.06,198.0,318.0,5.0,84.3,4.9,3.0,0.0,0.0,0.12,1.2,5.1,0.0,0.046,0.18,5.2,0.66,0.29,9.0,2.3,59.1,,,,,,,0.0,0.0,0.0
6256,"Boeuf, steak haché 20% MG cru",249.0,20.0,7.58,,,0.051,0.0,0.0,71.0,0.0,0.0,0.0,17.2,0.17,18.0,0.061,1.94,6.8,17.0,0.01,158.0,270.0,12.7,66.0,4.18,4.0,0.0,0.1,0.17,1.8,,0.0,0.043,0.15,4.23,0.5,0.32,7.0,2.14,61.9,,,,,,,0.0,0.0,0.0
6257,"Boeuf, steak haché 20% MG cuit",265.0,19.2,8.14,7.49,0.27,0.073,0.0,0.0,76.4,0.0,0.0,0.0,23.0,0.19,24.0,0.08,2.48,6.1,20.0,0.011,115.0,304.0,19.4,75.0,4.3,3.0,0.0,0.0,0.12,1.6,,0.0,0.047,0.18,5.18,0.66,0.27,27.4,3.31,56.7,,,,,,,0.0,0.0,0.0
6250,"Boeuf, steak haché 5% MG cru",130.0,4.59,1.64,1.44,0.11,0.024,0.0,0.0,62.0,0.3,0.0,0.0,21.9,0.097,9.0,0.078,2.65,3.8,22.0,0.01,198.0,346.0,6.72,37.8,4.54,4.0,0.0,0.1,0.17,0.3,4.9,0.0,0.041,0.15,4.7,0.65,0.34,5.0,2.12,74.0,0.0,,0.0,0.0,0.0,0.0,0.0,0.0,0.0
6251,"Boeuf, steak haché 5% MG cuit",155.0,5.85,2.89,2.27,0.18,0.042,0.0,0.0,88.0,0.0,0.0,0.0,25.5,0.16,7.0,0.096,2.83,6.1,22.0,0.014,180.0,347.0,22.3,65.0,6.43,3.0,0.0,0.0,0.12,1.3,1.7,0.0,0.042,0.18,5.94,0.66,0.41,7.0,2.47,68.9,,,,,,,0.0,0.0,0.0
6259,"Boeuf, steak haché, cuit (aliment moyen)",229.0,14.9,5.57,5.02,0.4,0.034,0.0019,0.00062,77.8,0.0,0.0,0.0,23.8,0.2,14.2,0.08,2.63,6.1,28.3,0.053,195.0,321.0,2.82,81.7,5.08,3.0,0.0,0.0,,1.22,4.72,0.0,0.046,0.18,5.29,0.66,0.31,9.06,2.34,60.2,,,,,,,0.0,0.0,0.0
6201,"Boeuf, steak ou bifteck cru",229.0,17.2,6.91,5.87,0.33,0.14,0.0,0.0,66.0,0.06,0.0,0.0,18.7,0.15,7.0,0.071,1.91,4.95,19.0,0.013,177.0,306.0,5.62,58.7,3.75,17.5,0.0,0.6,0.33,0.0,,0.0,0.1,0.16,3.23,0.32,0.39,6.0,2.95,62.0,0.0,,0.0,0.0,0.0,0.0,0.0,0.0,0.0
6200,"Boeuf, steak ou bifteck grillé/poêlé",128.0,1.95,0.98,0.91,0.056,0.0038,,,91.3,0.0,0.0,0.0,27.6,0.16,7.07,0.076,2.21,6.0,28.9,0.012,,371.0,10.0,63.9,5.39,,0.0,,0.4,1.4,,,,,5.15,,0.46,10.0,2.7,69.1,,,,,,,0.0,0.0,0.0
6160,"Boeuf, tende de tranche crue",116.0,2.34,0.8,0.64,0.068,0.014,0.004,0.002,60.0,0.57,0.0,0.0,23.1,0.078,13.0,0.042,2.75,0.9,12.0,0.001,221.0,317.0,10.1,31.1,3.46,3.0,0.0,0.4,0.33,1.5,,0.0,0.063,0.18,5.21,0.35,0.51,4.0,1.16,74.8,0.0,,0.0,0.0,0.0,0.0,0.0,0.0,0.0
6161,"Boeuf, tende de tranche grillée/poêlée",141.0,2.92,0.98,0.79,0.083,0.017,,0.0025,,0.0,0.0,0.0,28.7,,,,2.75,,,,,,12.6,,4.32,,0.0,,0.4,1.4,,,,,5.21,,0.51,10.0,1.16,68.5,,,,,,,0.0,0.0,0.0
6162,"Boeuf, tende de tranche rôtie/cuite au four",146.0,3.03,1.03,0.83,0.088,0.018,,0.0027,,0.0,0.0,0.0,29.8,,,,2.93,,,,,,13.0,,4.48,,0.0,0.1,0.25,1.6,,,,,5.21,,0.5,7.0,1.16,67.4,,,,,,,0.0,0.0,0.0
26100,"Bogue, crue",92.1,2.03,,,,,,,38.0,0.53,0.0,0.0,17.9,0.28,52.5,0.33,2.3,60.0,22.5,0.12,230.0,309.0,,110.0,0.96,0.0,,0.0,0.0,,,0.0,0.08,0.1,5.4,0.21,0.46,,2.0,78.5,0.0,,0.0,0.0,0.0,0.0,0.0,0.0,0.0
13160,Boisson à base de plantes pour bébé,23.2,0.5,0.0002,0.0002,0.0002,0.0002,0.0002,0.0002,700.0,5.8,4.97,0.5,0.25,0.0017,6.61,0.0045,0.0083,20.0,2.55,0.0055,2.8,4.38,1.0,0.67,0.005,21.0,10.0,0.5,,,,0.5,0.01,0.01,0.18,0.74,0.01,5.0,0.012,94.2,2.58,,1.89,0.15,0.15,0.5,0.35,0.0,0.0
18306,"Boisson à l'aloe vera, sucrée",32.9,0.0,0.0,,,,0.0,0.0,,8.11,6.4,0.069,0.094,0.02,,,,,,,,,,,,0.0,,,,,,,,,,,,,,,,,,,,,,0.0,0.0
18107,"Boisson à l'amande, nature, sans sucres ajoutés, non enrichie, préemballée",35.8,3.2,0.31,2.0,0.62,0.01,0.01,0.01,0.0,0.68,0.0,0.5,1.06,0.051,12.0,0.05,0.1,20.0,8.3,0.05,16.0,31.0,20.0,20.5,0.11,0.0,5.0,0.25,,0.8,,0.5,0.015,0.016,0.16,0.028,0.01,5.0,,94.6,0.1,0.1,0.1,0.1,0.1,0.1,0.3,0.0,0.0
18111,"Boisson à l'amande, préemballée (aliment moyen)",35.8,3.2,0.31,2.0,0.62,0.01,0.01,0.01,0.0,0.68,0.0,0.5,1.06,0.051,12.0,0.05,0.1,20.0,8.3,0.05,16.0,31.0,20.0,20.5,0.11,0.0,5.0,0.25,,0.8,,0.5,0.015,0.016,0.16,0.028,0.01,5.0,,94.6,0.05,0.1,0.1,0.1,0.1,0.05,0.15,0.0,0.0
18110,"Boisson à l'amande, sucrée, enrichie en calcium, préemballée",43.9,2.8,0.58,1.52,0.49,0.01,0.01,0.01,0.0,3.96,3.44,0.5,0.69,0.095,54.0,0.04,0.35,20.0,12.0,0.05,20.0,32.0,20.0,38.1,0.12,,5.0,0.25,,0.8,,0.5,0.015,0.012,0.11,0.02,0.01,5.0,,92.0,0.68,0.1,0.1,0.1,0.1,2.76,0.4,0.0,0.0
18899,"Boisson à l'avoine, nature, sans sucres ajoutés, non enrichie, préemballée",41.0,1.1,0.2,0.36,0.5,0.01,0.01,0.01,0.0,7.78,5.0,0.5,0.25,0.066,1.0,0.01,0.02,20.0,2.3,0.04,11.0,32.0,20.0,26.4,0.05,0.0,5.0,0.5,,0.8,,0.5,0.029,0.01,0.1,0.079,0.01,6.39,,90.5,0.2,,3.4,0.2,1.5,0.2,0.35,0.0,0.0
18326,"Boisson à l'eau minérale ou de source, aromatisée, sans précision sur la teneur en sucres et édulcorants (aliment moyen)",1.88,4.6e-05,4e-05,,,,0.0,0.0,0.0,0.47,0.45,0.087,9.7e-05,0.014,,,,,4.57,,,2.57,,6.14,,0.0,,,,,,,,,,,,,,,,,,,,,,0.0,0.0
18030,"Boisson à l'eau minérale ou de source, aromatisée, sans sucres ajoutés, avec édulcorants",0.0017,0.0001,0.0001,,,,0.0,0.0,0.0,0.0001,0.0001,0.5,0.0001,0.0001,,,,,,,,,,4.67,,0.0,,,,,,,,,,,,,,,,,,,,,,0.0,0.0
18028,"Boisson à l'eau minérale ou de source, aromatisée, sans sucres ajoutés, sans édulcorants",0.096,2.6e-05,1.6e-05,,,,0.0,0.0,0.0,0.026,0.0091,2.9e-05,2.6e-05,0.024,,,,,5.0,,,3.0,,7.17,,0.0,,,,,,,,,,,,,,,,,,,,,,0.0,0.0
18012,"Boisson à l'eau minérale ou de source, aromatisée, sucrée",16.2,0.0,0.0,,,,0.0,0.0,0.0,4.05,3.96,0.11,0.00046,0.0039,11.7,0.005,0.0,1.0,2.3,0.0,0.001,0.33,0.5,4.74,0.0,0.0,0.0,0.0,2.0,,,0.0,0.0,0.0,0.0,0.0,0.0,0.0,0.0,,0.89,,1.14,0.2,0.2,1.93,0.0,0.0,0.0
18906,"Boisson à la châtaigne, nature, préemballée",67.9,1.4,0.18,0.45,0.67,0.01,0.01,0.01,0.0,13.5,9.01,0.61,0.21,0.077,77.0,0.02,0.22,20.0,9.3,0.17,11.0,42.0,20.0,30.6,0.12,0.0,5.0,0.25,,0.8,,0.5,0.016,0.01,0.25,0.16,0.01,5.0,,83.9,0.17,0.1,5.72,0.1,2.7,0.42,0.3,0.0,0.0
18907,"Boisson à la noix de coco, nature, préemballée",29.9,2.1,1.87,0.12,0.04,0.01,0.01,0.01,0.0,2.75,2.46,0.5,0.21,0.089,2.7,0.02,0.05,20.0,2.1,0.03,3.9,14.0,20.0,35.6,0.05,0.0,5.0,0.25,,0.8,,0.5,0.015,0.01,0.1,0.007,0.01,5.0,,94.6,0.69,0.1,0.096,0.1,0.1,1.68,0.29,0.0,0.0
18347,Boisson à la sève de bouleau,2.8,0.063,0.013,,,,0.0,0.0,0.0,0.7,0.63,0.0,0.063,0.01,,,,,,,,,,,,0.0,,,,,,,,,,,,,,,,,,,,,,0.0,0.0
18904,"Boisson au riz, nature, préemballée",52.2,1.0,0.11,0.27,0.56,0.01,0.01,0.01,0.0,10.8,5.6,0.5,0.23,0.074,5.0,0.01,0.01,20.0,3.3,0.03,10.0,16.0,20.0,29.5,0.05,0.0,5.0,0.5,,0.8,,0.5,0.015,0.01,0.18,0.15,0.01,5.0,,87.6,0.2,,3.6,0.2,2.0,0.2,0.35,0.0,0.0
29209,"Boisson au soja et jus de fruits concentrés, préemballée",56.2,1.0,,,,,0.0,0.0,0.5,9.5,5.8,0.0,2.3,0.22,,,,,,,,,,87.0,,0.0,,,,,,,,,,,,,,,,,,0.0,,,,0.0,0.0
18903,"Boisson au soja, aromatisée, sucrée, enrichie en calcium, préemballée",43.2,1.8,0.28,0.34,0.89,0.13,0.01,0.01,0.0,2.89,2.7,1.1,3.01,0.12,53.0,0.1,0.4,20.0,21.0,0.1,48.0,137.0,20.0,47.9,0.2,,8.91,0.5,,2.52,,0.5,0.015,0.055,0.12,0.11,0.064,7.31,,90.6,0.68,,0.29,0.2,0.2,1.74,0.35,0.5,0.0
18902,"Boisson au soja, aromatisée, sucrée, non enrichie, préemballée",61.9,1.8,0.3,0.36,0.9,0.13,0.006,0.006,0.7,7.54,5.98,0.73,3.08,0.11,23.2,0.14,0.54,5.0,20.7,0.21,48.7,170.0,1.12,42.0,0.5,21.0,30.0,1.0,,4.4,,2.0,0.06,0.02,0.2,0.1,0.06,,0.014,86.3,0.3,,0.3,0.3,0.3,5.98,0.27,0.0,0.0
18901,"Boisson au soja, nature, enrichie en calcium, préemballée",44.2,2.05,0.26,0.36,0.88,0.12,0.00082,0.00082,0.7,2.18,2.18,1.0,3.42,0.097,98.0,0.09,0.45,20.0,13.0,0.17,81.0,86.0,50.0,38.8,0.24,21.0,,1.16,,3.55,,,0.025,0.01,0.1,0.033,0.022,22.3,,90.8,0.2,,0.2,0.2,0.2,2.18,0.0,0.0,0.0
18900,"Boisson au soja, nature, non enrichie, préemballée",42.4,2.1,0.28,0.42,0.99,0.14,0.006,0.006,0.7,1.87,0.53,0.71,3.19,0.053,16.8,0.15,0.55,2.5,19.3,0.2,46.9,160.0,2.0,21.0,0.5,21.0,30.0,0.5,,5.8,,2.0,0.04,0.02,0.2,0.1,0.05,,0.0,91.5,0.3,,0.3,0.3,0.3,0.53,0.1,0.01,0.0
18113,"Boisson au soja, préemballée (aliment moyen)",46.1,2.04,0.28,0.4,0.96,0.14,0.0052,0.0052,0.7,2.93,1.75,0.76,3.21,0.069,30.4,0.14,0.53,5.64,18.6,0.2,52.5,150.0,4.71,27.5,0.25,21.0,15.0,0.43,,5.21,,2.0,0.041,0.018,0.092,0.09,0.047,,0.0029,90.5,0.14,,0.14,0.28,0.28,1.75,0.081,0.0033,0.0
18064,"Boisson au thé, aromatisée, à teneur réduite en sucres",14.9,1.1e-05,1e-05,,,,0.0,0.0,,3.75,3.6,0.063,1e-05,0.011,,,,,,,,,,,,0.0,,,,,,,,,,,,,,,,,,,,,,0.0,0.0
18062,"Boisson au thé, aromatisée, sans précision sur la teneur en sucres et édulcorants (aliment moyen)",21.1,0.0023,0.00029,,,,0.0,0.0,0.0,5.26,5.13,0.12,0.017,0.023,1.89,0.0026,0.0093,0.38,1.26,0.068,0.0,12.2,9.44,23.7,0.014,0.0,0.0,0.0,0.0,,,21.2,0.0,0.0,0.0,0.0,0.0,0.0,0.0,93.5,0.17,,0.52,0.2,0.2,4.95,0.0,0.0,0.0
18065,"Boisson au thé, aromatisée, sans sucres ajoutés, avec édulcorants",0.53,1.5e-05,1.5e-05,,,,0.0,0.0,0.0,0.22,0.055,0.083,2.5e-05,0.034,0.0,0.0,0.0,0.0,2.3,0.0,0.0,0.0,0.0,40.3,0.0,0.0,0.0,0.0,0.0,,,0.0,0.0,0.0,0.0,0.0,0.0,0.0,0.0,99.5,,,,,,,0.0,0.0,0.0
18075,"Boisson au thé, aromatisée, sucrée",23.2,0.0027,0.00034,,,,0.0,0.0,0.0,5.78,5.65,0.13,0.02,0.024,2.0,0.0027,0.0099,0.4,1.2,0.072,0.0,12.9,10.0,22.8,0.015,0.0,0.0,0.0,0.0,,,22.4,0.0,0.0,0.0,0.0,0.0,0.0,0.0,93.1,0.17,,0.52,0.2,0.2,4.96,0.0,0.0,0.0
18015,"Boisson au thé, aromatisée, sucrée, avec édulcorants",17.1,0.022,0.0043,,,,0.0,0.0,,4.25,4.16,0.083,0.027,0.025,,,,,,,,,,0.0,,0.0,,,,,,,,,,,,,,,0.37,,0.37,0.2,0.2,3.42,,0.0,0.0
18343,Boisson au(x) fruit(s) et au lait,47.7,0.041,0.0031,0.038,0.01,0.01,0.01,0.01,0.5,10.7,9.89,0.53,0.68,0.0016,60.0,0.1,0.2,1.0,8.1,0.1,19.0,68.4,,12.0,0.1,2.0,,0.4,0.26,,,9.12,0.01,0.035,0.11,0.085,0.04,9.2,0.08,87.5,0.47,0.1,0.57,0.7,0.1,8.15,0.0,0.0,0.0
18300,"Boisson aux fruits avec de la purée de fruits type smoothie (teneur en fruits >= 50%), sans sucres ajoutés, rayon frais",67.5,1.45,1.13,,,,0.0,0.0,0.0,12.1,11.8,1.4,0.8,0.0025,,,,,,,,,,,,0.0,,,,,,,,,,,,,,,,,,,,,,0.0,0.0
18296,"Boisson aux fruits avec de la purée de fruits type smoothie (teneur en fruits >=50%), enrichie en vitamine(s)",51.3,0.45,0.41,,,,0.0,0.0,,11.5,9.95,0.54,0.52,0.0071,,,,,,,,,,,,,,,1.92,,,19.3,0.17,0.21,3.45,,0.22,,,,,,,,,,,0.0,0.0
13159,Boisson aux fruits pour bébé dès 4/6mois,35.1,0.5,0.0002,0.0002,0.0002,0.0002,0.0002,0.0002,700.0,8.57,8.23,0.5,0.25,0.0017,6.94,0.031,0.063,20.0,5.34,0.077,5.9,70.3,1.0,0.67,0.026,21.0,13.1,0.5,,0.8,,26.8,0.025,0.01,0.17,0.029,0.01,11.4,0.01,90.2,4.2,,2.5,0.15,0.15,1.5,0.35,0.0,0.0
18059,"Boisson concentrée à diluer, sans sucres ajoutés, avec édulcorants, type ""sirop 0%""",19.5,0.5,0.0,,,,0.0,0.0,0.0,3.79,0.66,0.7,0.25,0.028,6.6,0.01,0.04,20.0,2.0,0.02,2.2,57.0,20.0,11.0,0.05,0.0,5.0,,,0.8,,0.5,0.027,0.01,0.49,0.17,0.01,5.0,,93.8,0.29,,0.37,0.15,0.15,0.1,,0.0,0.0
18324,"Boisson énergisante, sans précision sur la teneur en sucres et édulcorants (aliment moyen)",35.2,0.0016,1e-05,,,,0.0,0.0,0.0,8.77,8.69,0.11,0.097,0.093,0.0,0.0,0.0,0.0,0.0,0.0,0.0,0.0,0.0,50.0,0.0,0.0,0.0,0.0,2.19,,,30.4,0.38,0.36,5.67,2.03,0.81,46.5,1.22,88.0,,,,,,,0.0,0.0,0.0
18353,"Boisson énergisante, sans sucres ajoutés, avec édulcorants, enrichie en vitamines",8.57,0.0091,1.8e-05,,,,0.0,0.0,0.0,2.06,1.74,0.13,0.11,0.08,,,,,,,,,,68.3,,,,,4.0,,,23.0,0.57,0.58,6.82,2.89,0.86,124.0,1.57,,,,,,,,,0.0,0.0
18352,"Boisson énergisante, sucrée",40.9,0.0,0.0,,,,0.0,0.0,0.0,10.2,10.2,0.11,0.095,0.095,0.0,0.0,0.0,0.0,0.0,0.0,0.0,0.0,0.0,46.2,0.0,0.0,0.0,0.0,1.8,,,32.0,0.34,0.32,5.43,1.85,0.8,30.0,1.14,88.0,,,,,,,0.0,0.0,0.0
18354,"Boisson énergisante, sucrée, avec édulcorants",27.6,4.6e-05,4.6e-05,,,,0.0,0.0,,6.86,6.22,0.13,0.042,0.1,,,,,,,,,,,,,,,,,,25.0,,0.55,6.22,135.0,0.61,30.0,1.47,,,,,,,,,0.0,0.0
18341,"Boisson gazeuse à la pomme (teneur en fruits >= 50%), sans sucres ajoutés",30.0,0.0,0.0,,,,0.0,0.0,0.0,7.5,6.5,0.0,0.0,0.01,2.92,0.01,0.1,0.7,1.94,,3.0,60.3,0.05,0.1,0.01,0.0,2.0,0.0,0.0,,,0.0,0.01,0.006,0.01,0.02,0.01,4.0,0.0,,,,,,,,0.0,0.0,0.0
18329,"Boisson gazeuse aromatisée, sans fruit, sans précision sur la teneur en sucres et édulcorants (aliment moyen)",27.6,0.0071,0.0017,,,,0.0,0.0,0.0,6.87,6.82,0.035,0.0067,0.0091,2.4,0.0056,0.093,0.87,2.02,0.0015,9.06,3.24,1.2,8.97,0.011,0.0,0.0,0.0,,0.0,,0.0,0.0014,0.0063,0.0,0.0,0.0,0.0,0.0,93.1,2.27,,2.2,0.09,0.09,2.5,0.0,0.0,0.0
18001,"Boisson gazeuse aromatisée, sans fruit, sans sucres ajoutés, avec édulcorants",0.23,2.2e-05,2.1e-05,0.0,0.0,0.0,0.0,0.0,0.0,0.063,0.054,0.1,2.2e-05,0.013,,0.005,0.05,0.9,0.0,0.002,3.0,6.0,0.001,12.5,0.013,0.0,,0.0,,0.0,,0.0,0.0,0.0,0.0,0.0,0.0,0.0,0.0,99.5,0.0,,0.0,0.0,0.0,0.0,,0.0,0.0
18026,"Boisson gazeuse aromatisée, sans fruit, sucrée",34.5,0.043,0.013,0.0,0.0,0.0,0.0,0.0,0.0,8.28,8.28,0.017,0.0016,0.0067,3.0,0.018,0.18,1.85,1.0,0.013,0.0,1.0,0.029,36.4,0.05,0.0,0.0,0.0,,0.0,,0.0,0.0,0.0,0.0,0.0,0.0,0.0,0.0,91.2,3.52,,2.95,0.2,0.2,1.81,0.0,0.0,0.0
18078,"Boisson gazeuse aromatisée, sans fruit, sucrée, avec édulcorants",22.4,1.5e-05,1.4e-05,,,,0.0,0.0,,5.58,5.57,0.13,0.0072,0.015,,,,,,,,,,0.0,,0.0,,,,,,,,,,,,,,,,,,,,,,0.0,0.0
18050,"Boisson gazeuse aux fruits (teneur en fruits < 10%), à teneur réduite en sucres",28.7,0.1,0.01,,,,0.0,0.0,,7.15,7.06,0.02,0.0067,0.0085,,,,,,,,,,,,0.0,,,,,,,,,,,,,,,,,,,,,,0.0,0.0
18340,"Boisson gazeuse aux fruits (teneur en fruits < 10%), sans sucres ajoutés, avec édulcorants",2.06,0.0,0.0,,,,0.0,0.0,0.0,0.45,0.43,0.0,0.063,0.022,0.0,0.0,0.0,0.0,0.0,0.0,0.0,8.3,0.0,10.0,0.0,0.0,0.0,0.0,0.0,,,0.0,0.0,0.0,0.0,0.0,0.0,0.0,0.0,99.2,0.13,,0.13,0.2,0.2,0.16,0.0,0.0,0.0
18345,"Boisson gazeuse aux fruits (teneur en fruits < 10%), sans sucres ajoutés, sans édulcorants",16.7,0.0,0.0,,,,0.0,0.0,0.0,4.17,4.0,0.0,0.0,0.002,,,,,,,,,,5.0,,0.0,,,,,,,,,,,,,,,,,,,,,,0.0,0.0
18049,"Boisson gazeuse aux fruits (teneur en fruits < 10%), sucrée",33.6,0.015,0.00049,,,,0.0,0.0,,8.36,8.25,5e-05,0.011,0.0077,,,,,2.0,,,,,9.73,,0.0,,,,,,,,,,,,,,90.5,2.26,,2.69,0.2,0.2,3.3,,0.0,0.0
18033,"Boisson gazeuse aux fruits (teneur en fruits < 10%), sucrée, avec édulcorants",27.2,0.00049,0.00049,,,,0.0,0.0,,6.79,6.71,0.0051,0.0016,0.0099,,,,,,,,,,3.0,,0.0,,,,,,,,,,,,,,,0.6,,0.5,0.2,0.2,3.8,,0.0,0.0
18051,"Boisson gazeuse aux fruits (teneur en fruits >= 10% et < 50%), sans sucres ajoutés, avec édulcorants",3.69,0.02,4.7e-05,,,,0.0,0.0,0.0,0.91,0.84,0.43,0.027,0.0061,6.37,,,,1.99,,,63.7,,6.28,,0.0,,,,,,3.89,0.01,,0.03,,0.04,,0.0,98.0,0.27,,0.27,0.11,0.11,0.3,0.0,0.0,0.0
18019,"Boisson gazeuse aux fruits (teneur en fruits >= 10% et < 50%), sucrée",46.4,0.0097,0.0097,,,,0.0,0.0,0.0,11.3,9.47,0.043,0.028,0.008,4.63,0.0065,0.025,0.4,2.67,0.0043,1.0,26.5,10.0,13.5,0.014,0.0,10.0,0.0,0.0,,,12.0,0.0,0.0,0.0,0.0,0.0,0.0,0.0,88.2,1.26,,1.21,0.082,0.082,6.99,0.0,0.0,0.0
18034,"Boisson gazeuse aux fruits (teneur en fruits >= 10% et < 50%), sucrée, avec édulcorants",28.1,1.3e-05,1.3e-05,,,,0.0,0.0,,6.92,6.74,0.15,0.022,0.0073,,,,,,,,,,23.4,,0.0,,,,,,12.0,,,,,,,,,,,,,,,,0.0,0.0
18048,"Boisson gazeuse aux fruits (teneur en jus non spécifiée), sucrée (aliment moyen)",44.6,0.01,0.0084,,,,0.0,0.0,0.0,10.9,9.28,0.037,0.025,0.008,4.63,0.0065,0.025,0.4,2.58,0.0043,1.0,26.5,10.0,12.9,0.014,0.0,10.0,0.0,0.0,,,12.0,0.0,0.0,0.0,0.0,0.0,0.0,0.0,88.5,1.38,,1.4,0.098,0.098,6.49,0.0,0.0,0.0
13182,Boisson infantile céréales lactées (aliment moyen),86.0,2.78,1.19,0.94,0.46,0.048,0.00039,0.00039,,12.6,4.72,1.11,2.22,0.066,63.3,0.23,5.43,,53.9,0.39,48.0,256.0,1.64,26.4,0.73,,,1.51,0.85,,,9.57,0.12,0.14,0.89,,0.12,15.1,0.28,81.0,0.16,,0.17,3.09,0.15,1.58,,0.0,0.0
13162,Boisson infantile céréales lactées aux fruits pour le goûter dès 4/6 mois,67.6,3.0,1.23,1.05,0.51,0.063,0.0002,0.0002,2.04,7.7,6.8,1.5,1.75,0.096,70.5,0.055,0.87,20.0,7.64,0.021,49.0,119.0,2.1,38.4,0.63,66.3,10.0,1.21,,,,3.92,0.089,0.14,0.85,0.44,0.066,11.8,0.14,85.8,0.8,,1.1,4.07,0.3,0.8,0.7,0.0,0.0
13172,Boisson infantile céréales lactées aux légumes pour diner dès 12 mois,174.8,8.93,,,,,,,,23.6,16.2,1.45,,0.094,68.6,0.035,0.63,,8.27,0.041,203.0,122.0,1.2,37.6,0.41,,,3.4,6.77,,,27.0,0.28,0.39,1.87,,0.25,33.3,0.69,,,,,,,1.78,,0.0,0.0
13161,Boisson infantile céréales lactées aux légumes pour dîner dès 4/6 mois,82.1,2.83,1.42,0.92,0.3,0.029,0.0002,0.0002,1.36,11.6,3.71,0.9,2.14,0.09,93.5,,1.22,20.0,6.5,,52.0,,,35.9,0.58,59.6,496.0,1.38,,9.06,,6.28,0.081,0.18,1.13,0.55,0.085,34.6,0.34,82.2,0.16,,0.18,2.82,0.17,0.38,2.6,0.0,0.0
13173,Boisson infantile céréales lactées pour le petit déjeuner,85.5,2.89,1.23,0.97,0.49,0.052,0.0002,0.0002,1.28,12.7,4.7,0.6,1.9,0.083,71.0,,1.2,20.0,6.5,,52.0,,,33.0,0.7,53.1,12.8,1.53,,,,5.19,0.092,0.18,1.22,0.54,0.11,34.9,0.44,81.6,0.3,,0.3,3.3,0.3,1.4,2.7,0.0,0.0
13170,Boisson infantile céréales lactées pour le petit déjeuner dès 12 mois,86.3,2.78,1.19,0.94,0.46,0.048,0.0002,0.0002,,12.6,4.7,1.1,2.23,0.066,63.3,0.24,5.51,,54.9,0.4,48.0,259.0,1.63,26.5,0.73,,,1.51,0.86,,,9.56,0.12,0.14,0.89,,0.12,15.1,0.28,81.0,0.3,,0.3,3.1,0.3,1.6,,0.0,0.0
13163,Boisson infantile céréales lactées pour le petit déjeuner dès 4/6 mois,80.7,2.7,1.26,0.87,0.33,0.029,0.01,0.01,,12.1,5.7,3.0,1.98,0.08,49.7,0.086,5.85,,18.1,0.4,55.5,115.0,1.53,32.0,0.55,,,1.53,0.86,,,10.8,0.12,0.15,0.79,,0.12,14.3,0.26,81.2,0.1,0.1,0.1,3.54,0.27,1.79,,0.0,0.0
13169,Boisson infantile céréales lactées pour le petit déjeuner dès 8/9 mois,81.2,2.8,1.26,0.92,0.41,0.03,0.01,0.01,,11.6,5.57,3.0,2.36,0.083,127.0,0.067,2.37,,9.68,0.077,48.0,84.1,1.0,33.0,0.93,,,1.6,0.74,,,16.0,0.12,0.16,0.74,,0.085,12.0,0.12,81.3,0.1,0.1,0.1,3.55,0.26,1.66,,0.0,0.0
13171,Boisson infantile lactées aux fruits pour le goûter dès 4/6 mois (sans céréales),72.5,2.6,1.15,0.89,0.36,0.039,0.01,0.01,,10.4,5.78,3.0,1.85,0.048,63.7,0.049,0.75,,6.53,0.021,,95.0,2.25,19.0,0.58,,,,,,,,,,,,,,,83.1,0.75,0.1,1.47,2.57,0.33,0.66,,0.0,0.0
19120,"Boisson lactée aromatisée (sans précision sur l'arôme), sucrée, au lait partiellement écrémé, enrichie et/ou restaurée en vitamine(s) et/ou minéraux (aliment moyen)",61.0,0.84,0.56,,,,,,2.7,10.7,10.4,0.2,2.65,0.11,103.0,0.06,0.33,66.0,9.2,0.05,82.3,133.0,1.9,51.1,0.33,11.6,50.0,0.75,0.03,0.2,,0.96,0.078,0.18,0.88,0.74,0.081,11.0,0.29,86.9,1.45,,0.48,3.04,0.5,4.07,0.0,0.0,0.0
19127,"Boisson lactée aromatisée à la fraise, sucrée, au lait partiellement écrémé, enrichie en vitamine D",58.8,0.72,0.5,,,,,,2.7,10.7,10.4,0.033,2.53,0.1,102.0,0.06,1.0,66.0,9.3,0.05,72.0,125.0,1.9,56.0,0.4,2.0,50.0,0.75,0.03,0.2,,0.96,0.04,0.16,0.16,0.71,0.05,5.0,0.25,86.9,1.45,,0.48,4.36,0.5,4.07,0.0,0.0,0.0
19114,"Boisson lactée aromatisée à la vanille, sucrée, au lait partiellement écrémé, enrichie en vitamine D",57.4,0.6,0.4,,,,,,,11.0,11.0,0.0,2.04,0.1,80.0,,0.03,,,,65.0,138.0,,40.0,0.2,,,0.75,0.12,,,0.96,0.04,0.17,,0.35,0.03,6.0,0.33,,,,,,,,,0.0,0.0
19116,"Boisson lactée aromatisée au café, sucrée, au lait partiellement écrémé, enrichie en vitamine(s) et/ou minéraux",50.6,0.38,0.24,,,,,,,8.9,8.9,0.0,2.96,0.19,101.0,,,,,,72.0,,2.5,,,,4.0,1.2,0.03,0.2,,,,,,,,5.0,0.53,,,,,,,,,0.0,0.0
19117,"Boisson lactée aromatisée au café, sucrée, au lait partiellement écrémé, non enrichie",70.3,2.33,1.51,,,,,,,8.84,8.6,0.88,3.12,0.13,,,,,,,,,2.5,,,,4.0,1.2,0.03,0.2,,,,,,,,5.0,0.53,,,,,,,,,0.0,0.0
19119,"Boisson lactée aromatisée au chocolat, sucrée, au lait partiellement écrémé, enrichie en vitamine(s) et/ou minéraux",66.5,1.15,0.71,,,,,,,10.8,10.3,0.58,3.02,0.12,110.0,,0.03,,9.0,,108.0,149.0,,43.0,0.2,34.0,,0.75,1.8,,,0.96,0.17,0.21,2.4,0.9,0.21,30.0,0.38,,,,,0.5,,,,0.0,0.0
19118,"Boisson lactée aromatisée au chocolat, sucrée, au lait partiellement écrémé, non enrichie",72.8,1.58,1.0,0.24,0.02,0.005,0.005,0.005,7.0,11.0,10.5,0.5,3.49,0.12,114.0,0.15,0.35,15.4,20.1,0.01,96.3,160.0,1.62,38.1,0.49,14.9,4.0,0.083,0.03,0.2,,0.0,0.037,0.16,0.15,0.34,0.03,3.2,0.08,84.7,0.35,0.05,0.13,4.36,0.002,4.57,0.1,0.0,0.0
18315,Boisson plate au(x) fruits et au(x) légume(s),42.9,0.12,0.014,,,,0.0,0.0,,10.0,9.11,0.67,0.31,0.053,14.0,,,,8.0,,,250.0,,240.0,,0.0,,,2.62,,,21.8,0.21,0.26,2.75,,0.27,,,91.4,,,,,,,,0.0,0.0
18294,"Boisson plate aux fruits  (teneur en fruits < 10%), sucrée, rayon frais, enrichie en vitamine(s)",33.7,0.0,0.0,,,,0.0,0.0,,8.42,8.34,0.0,0.0,0.006,,,,,,,,,,,,,,,2.0,,,38.0,,,1.2,0.5,0.1,,,,,,,,,,,0.0,0.0
18295,"Boisson plate aux fruits  (teneur en fruits >= 10% et < 50%), sucrée, enrichie en vitamine(s)",38.0,2e-05,1.9e-05,,,,0.0,0.0,,9.49,9.25,0.18,2e-05,0.0058,,,,,,,,,,,,,,,2.63,,,16.3,0.17,0.22,2.54,1.05,0.23,30.0,0.41,,,,,,,,,0.0,0.0
18021,"Boisson plate aux fruits (teneur en fruits < 10%), sans sucres ajoutés, avec édulcorants",4.07,0.0,0.0,,,,0.0,0.0,0.0,0.96,0.96,0.0,0.06,0.05,,,,,,,,,,19.9,,0.0,,,,,,,,,,,,,,,,,,,,,,0.0,0.0
18023,"Boisson plate aux fruits (teneur en fruits < 10%), sucrée",25.6,0.11,0.0091,,,,0.0,0.0,,6.39,6.1,0.004,0.13,0.012,,,,,,,,,,6.86,,0.0,,,,,,,,,,,,,,,,,,,,,,0.0,0.0
18304,"Boisson plate aux fruits (teneur en fruits >= 10% et < 50%), à teneur réduite en sucres",18.8,0.22,0.0,,,,0.0,0.0,0.0,4.71,4.66,0.0,0.22,0.0083,0.0,0.0,0.0,0.0,0.0,0.0,0.0,1.6,0.0,7.45,0.0,0.0,0.0,0.0,0.0,,,0.0,0.0,0.0,0.0,0.0,0.0,0.0,0.0,94.5,,,,,,,0.0,0.0,0.0
18305,"Boisson plate aux fruits (teneur en fruits >= 10% et < 50%), sans sucres ajoutés",13.0,0.0067,1.6e-05,,,,0.0,0.0,0.0,3.18,3.06,2.5e-05,0.052,0.015,,,,,,,,,,13.3,,0.0,,,,,,,,,,,,,,,,,,,,,,0.0,0.0
18339,"Boisson plate aux fruits (teneur en fruits >= 10% et < 50%), sucrée",41.1,0.14,0.027,,,,0.0,0.0,0.0,9.92,8.87,0.19,0.13,0.012,5.98,0.1,0.55,1.0,3.21,0.1,2.3,33.8,2.2,100.0,0.1,0.0,2.0,0.0,1.8,,,13.1,0.093,0.21,2.4,0.9,0.21,30.0,0.0,89.3,2.63,,2.62,0.2,0.2,3.62,0.0,0.0,0.0
18024,"Boisson plate aux fruits (teneur en fruits >= 10% et < 50%), sucrée, avec édulcorants",23.3,0.06,0.013,,,,0.0,0.0,,5.83,5.4,0.5,0.06,0.0095,,,,,,,,,,13.3,,0.0,,,,,,8.27,,,,,,,,,,,,,,,,0.0,0.0
18298,"Boisson plate aux fruits (teneur en fruits >= 50%), rayon ambiant",41.7,0.11,0.035,,,,0.0,0.0,,10.0,9.38,0.43,0.19,0.013,,,,,,,,,,,,0.0,,,1.8,,,12.0,,,,,,,,,,,,,,,,0.0,0.0
18297,"Boisson plate aux fruits (teneur en fruits >= 50%), rayon ambiant, enrichie en vitamine(s)",45.1,6.7e-05,6.7e-05,,,,0.0,0.0,,10.9,10.3,0.71,0.22,0.0084,,,,,,,,,,,,,,,1.8,,,16.0,0.17,0.21,2.4,,0.16,,,,,,,,,,,0.0,0.0
18325,"Boisson plate aux fruits (teneur en fruits non spécifiée), sans précision sur la teneur en sucres et édulcorants ni sur l'enrichissement (aliment moyen)",39.3,0.13,0.031,,,,0.00041,0.00041,0.026,9.38,8.49,0.22,0.18,0.012,9.3,0.049,0.49,1.76,4.23,0.069,4.33,47.6,1.84,35.6,0.054,0.087,22.3,0.022,1.65,,,13.3,0.086,0.18,2.05,0.76,0.18,28.2,0.013,88.7,2.71,,2.56,0.13,0.19,3.85,0.029,0.0,0.0
18309,"Boisson plate aux fruits (teneur en fruits non spécifiée), sucrée",45.8,0.07,0.0,,,,0.0,0.0,0.0,11.2,10.6,0.0,0.1,0.0018,13.0,0.02,0.1,1.0,4.6,0.007,,48.0,0.0,0.7,0.06,0.0,0.0,0.0,0.0,,,4.33,0.043,0.01,0.9,0.0,0.055,10.0,0.0,88.3,2.09,,2.05,0.2,0.2,6.25,0.0,0.0,0.0
18348,"Boisson pour le sport, sucrée",21.7,1.3e-05,1.3e-05,,,,0.0,0.0,0.0,5.41,5.04,0.0,1.3e-05,0.076,31.0,0.0,0.0,0.0,16.5,0.16,0.0,6.24,8.0,50.2,0.95,0.0,0.0,1.5,1.9,,,16.0,0.06,0.0,1.83,0.66,0.18,30.0,0.31,94.4,,,,,,,0.0,0.0,0.0
18349,"Boisson pour le sport, sucrée, avec édulcorants",19.3,2.3e-05,2.3e-05,,,,0.0,0.0,,4.82,3.74,0.0,2.5e-05,0.1,,,,,30.0,,,40.0,,,0.8,,,,1.26,,,,,,1.89,0.56,0.15,30.0,0.38,,,,,,,,,0.0,0.0
18057,"Boisson préparée à partir de boisson concentrée à diluer type menthe, fraise, etc, sans sucres ajoutés, avec édulcorants, type ""sirop 0%"", diluée dans l'eau",6.0,0.0,,,,,0.0,0.0,0.0,1.5,1.0,0.0,0.25,0.025,,,,,,,,61.3,,10.0,,0.0,,,,,,,,,,,,,,93.4,,,0.17,,0.5,0.25,,0.0,0.0
18058,"Boisson préparée à partir de sirop à diluer type menthe, fraise, etc, sucré, dilué dans l'eau",31.2,0.0,0.0,,,,0.0,0.0,0.0,7.7,7.7,0.0,0.055,0.012,7.55,0.004,0.025,0.0,2.71,0.001,0.5,5.06,0.0,4.94,0.01,0.0,2.0,0.0,0.0,,,1.3,0.001,0.0011,0.0071,0.0033,0.0025,1.51,0.0,92.2,1.71,,2.67,,0.69,2.63,0.0,0.0,0.0
18328,"Boisson préparée à partir de sirop ou de boisson concentrée à diluer type menthe, fraise, etc, diluée dans l'eau, sans précision sur la teneur en sucres et édulcorants (aliment moyen)",29.2,0.0,0.0,,,,0.0,0.0,0.0,7.21,7.17,0.0,0.071,0.013,7.55,0.004,0.025,0.0,2.71,0.001,0.5,9.52,0.0,5.34,0.01,0.0,2.0,0.0,0.0,,,1.3,0.001,0.0011,0.0071,0.0033,0.0025,1.51,0.0,92.3,1.71,,2.47,,0.65,2.43,0.0,0.0,0.0
18029,Boisson rafraîchissante sans alcool (aliment moyen),27.9,0.023,0.0082,,,,4.4e-05,4.4e-05,0.012,6.86,6.64,0.06,0.06,0.013,5.49,0.0095,0.1,0.92,2.56,0.017,5.04,12.6,1.51,12.9,0.021,0.07,3.37,0.012,,,,4.88,0.012,0.024,0.26,0.099,0.025,3.82,0.01,92.2,1.85,,2.07,,0.25,3.07,0.0016,0.0,0.0
18112,"Boisson végétale, préemballée (aliment moyen)",43.6,2.33,0.29,0.8,0.87,0.1,0.0064,0.0064,0.53,2.38,1.32,0.63,2.68,0.064,25.9,0.12,0.43,9.2,16.0,0.16,43.4,121.0,6.03,25.7,0.21,15.8,11.5,0.36,,4.01,,1.58,0.033,0.018,0.11,0.075,0.037,,0.0029,91.5,0.12,,0.12,0.24,0.12,1.33,0.098,0.0025,0.0
31028,Bonbon dragéifié,378.0,1.94,0.98,,,,,0.0,,89.9,71.9,0.13,0.53,0.096,,,,,,,,,,12.1,,,,,,,,,,,,,,,,,,,,,,,,0.0,0.0
31059,Bonbon dur et sucette,384.0,0.18,0.087,,,0.1,0.0,0.0,0.0,95.3,70.4,0.91,0.16,0.091,3.0,0.029,0.3,0.3,3.0,0.01,3.0,5.0,,34.0,0.01,0.0,0.0,0.0,,0.0,,0.0,0.004,0.003,0.007,0.008,0.003,0.0,0.0,1.3,0.95,,1.86,,24.6,43.0,,0.0,0.0
31128,"Bonbon dur et sucette, sans sucres",235.0,0.44,0.3,,,,,0.0,,96.0,0.067,1.9e-05,0.081,0.073,,,,,,,,,,,,,,,,,,,,,,,,,,,,,,,,,,95.6,0.0
31124,"Bonbon dur type collier, sifflet, sucette, pastille, au dextrose",376.0,1.35,1.18,,,,,0.0,,91.1,85.6,0.0,0.018,0.3,,,,,,,,,,,,,,,,,,,,,,,,,,,,,,,,,,0.0,0.0
31094,"Bonbon dur, au caramel",416.0,7.09,4.77,,,0.1,,0.0,0.0,86.6,72.7,0.13,1.33,0.87,,,0.0,,,,0.0,,,229.0,0.0,0.0,0.0,0.0,0.0,,,0.0,0.0,0.0,0.0,,0.0,0.0,,2.7,,,1.85,,17.5,49.8,0.0,0.0,0.0
31060,Bonbon gélifié,339.0,0.53,0.25,0.11,0.042,0.002,0.01,0.01,,76.9,58.4,1.5,4.88,0.02,5.0,0.029,0.25,2.5,1.08,0.02,6.72,13.0,0.83,8.0,0.5,,30.0,0.0,,,,2.0,0.05,0.02,0.2,0.05,0.04,,0.1,14.9,2.9,,14.8,0.5,14.8,25.9,5.0,0.0,0.0
31112,"Bonbon gélifié à la réglisse, type rouleau ou batonnet",347.0,1.55,0.73,,,,,0.0,,75.6,46.3,8.18,3.62,1.05,,,,,,,,,,,,,,,,,,,,,,,,,,,1.0,,2.2,,7.9,31.2,,0.0,0.0
31097,Bonbon tendre,392.0,5.1,2.99,1.28,0.29,0.012,0.005,0.03,,84.3,66.5,1.5,0.94,0.063,5.0,0.02,0.25,2.5,1.0,0.02,11.8,6.62,0.83,25.0,0.5,,30.0,,,,,2.0,0.02,0.02,0.2,0.05,0.04,,0.1,7.3,1.85,,5.12,0.5,16.8,42.7,0.1,0.0,0.0
31081,"Bonbon tendre, au caramel",415.0,9.98,5.63,1.39,0.17,0.013,,0.01,9.1,79.1,59.8,0.19,2.23,0.56,95.6,0.1,0.55,22.2,17.4,0.1,77.4,154.0,5.0,182.0,0.3,,,0.5,0.23,,,0.5,0.04,0.14,0.15,0.23,0.16,31.8,0.08,1.42,0.6,,3.6,2.4,13.7,32.5,,0.0,0.0
31122,"Bonbon tendre, au caramel enrobé de chocolat",446.0,16.8,11.1,,,,,0.0,,69.6,55.5,1.8,3.29,0.4,,,,,,,,,,160.0,,,,,,,,,,,,,,,,6.0,,,,,,,,0.0,0.0
26101,"Bonite ou bonite à dos rayé, crue",161.0,8.01,2.35,4.58,0.29,0.2,0.5,0.097,,0.0,0.0,0.0,22.3,1.35,16.0,0.26,2.08,,10.0,0.1,,35.0,36.5,540.0,0.68,,,,,,,,,,,,,9.0,1.9,70.0,,,,,,,0.0,0.0,0.0
25412,"Bouchée à la reine, à la viande/volaille/quenelle",296.0,18.9,9.66,5.7,1.46,0.22,0.01,0.01,36.3,24.5,2.6,1.65,6.12,1.27,40.0,0.06,0.42,20.0,12.0,0.19,86.0,170.0,20.0,498.0,0.54,48.2,108.0,0.5,,3.14,,0.5,0.09,0.087,0.79,0.39,0.044,7.4,0.19,46.8,0.2,,0.16,1.06,1.38,0.2,18.2,0.0,0.0
25503,"Bouchée à la reine, au poisson et fruits de mer, faite maison",208.0,13.8,7.41,,,,0.1,0.21,44.1,13.7,2.44,1.05,6.72,1.13,70.1,0.13,1.2,28.3,18.8,0.08,91.2,144.0,4.95,451.0,0.78,80.3,21.3,0.77,1.12,,,0.9,0.068,0.11,1.14,0.38,0.079,10.5,1.25,63.1,,,,,,,11.0,0.0,0.0
25580,"Bouchée à la reine, garnie (aliment moyen)",252.0,16.3,8.53,,,,0.054,0.11,40.2,19.1,2.52,1.35,6.42,1.2,55.1,0.093,0.81,19.2,15.4,0.14,88.6,157.0,7.48,475.0,0.66,64.2,64.7,0.51,,,,0.58,0.079,0.097,0.97,0.39,0.062,8.95,0.72,55.0,,,,,,,14.6,0.0,0.0
12065,"Bouchée apéritive de fromage au lait de vache non affiné, fourrée ou enrobée",274.0,24.0,16.3,,0.47,0.14,0.012,0.06,84.5,2.92,1.7,0.0,11.3,1.63,69.8,0.05,0.36,13.0,11.8,0.049,146.0,184.0,5.4,652.0,1.2,207.0,83.0,0.6,0.86,4.5,20.0,,0.13,0.16,0.55,0.25,0.11,9.0,0.45,58.9,0.063,0.021,0.12,1.43,0.01,0.065,,0.0,0.0
31063,Bouchée chocolat fourrage fruits à coques et/ou praliné,558.0,34.7,13.6,,,,,,,51.5,46.2,2.1,9.1,0.34,275.0,,,,52.0,,262.0,,,130.0,,,,,,,,,,,,,,,,,,,,,,,,,0.0
31091,Bouchée/bonbon au chocolat fourrage gaufrettes ou biscuit,521.0,29.4,17.8,,,,,,2.81,55.1,42.9,4.92,6.5,0.32,40.0,,3.6,,,,,,,128.0,,,,,,,,1.0,,,,,,,,,,,,,,,,,0.0
25224,"Bouchées ou émincé au soja et blé  (ne convient pas aux véganes ou végétaliens), préemballé",185.0,7.0,0.55,3.68,1.7,0.38,0.01,0.01,2.0,8.19,2.07,5.24,17.6,1.24,74.0,0.2,1.8,20.0,59.0,0.73,190.0,570.0,20.0,494.0,0.94,21.0,5.0,0.5,,6.32,,2.86,0.15,0.11,1.12,0.37,0.095,45.6,0.13,58.9,0.48,0.1,0.36,0.1,1.04,0.19,3.1,0.0,0.0
25223,"Bouchées ou émincé végétal au soja et blé (convient aux véganes ou végétaliens), préemballé",157.0,3.7,0.66,1.11,1.47,0.17,0.01,0.01,,6.76,2.57,4.86,19.5,1.68,72.0,0.54,2.8,20.0,84.0,1.0,220.0,680.0,20.0,670.0,2.0,,5.0,0.25,,6.74,,0.5,0.1,0.066,0.79,0.86,0.12,48.7,,61.2,0.1,0.1,0.1,0.1,0.35,2.22,0.5,0.0,0.0
8742,"Boudin antillais, à cuire",231.0,16.5,6.9,,,,0.0,,,9.2,5.1,0.0,11.5,1.22,,,,,,,,,15.5,544.0,,,0.0,1.3,0.13,0.0,,,,,,,,5.0,1.0,63.9,,,,,,,,0.0,0.0
8803,"Boudin blanc truffé, à cuire",247.0,18.4,7.4,,,,0.0,,,9.01,1.7,1.4,10.6,1.63,54.0,,1.9,,15.1,,,142.0,,711.0,1.3,,,,,,,,,,,,,,,58.8,,,,,,,,0.0,0.0
8801,"Boudin blanc, à cuire",244.0,21.0,7.89,,,,0.0,,,3.64,3.64,0.0,10.0,1.42,,,,,,,,,,523.0,,,,,,,,,,,,,,,,64.2,,,,,,,,0.0,0.0
8800,"Boudin blanc, grillé/poêlé",220.0,17.1,6.52,8.46,1.99,0.12,0.0,0.019,61.4,6.6,2.0,0.0,9.89,1.64,43.8,0.1,0.45,35.1,10.9,0.1,134.0,160.0,5.0,655.0,0.9,14.0,0.0,0.61,0.46,,,0.5,0.16,0.14,1.87,0.38,0.11,20.7,0.54,60.1,,,,,,,,0.0,0.0
8703,"Boudin noir, à cuire",297.0,27.1,9.57,,2.92,0.22,0.0,,82.5,0.29,0.2,1.42,12.2,1.29,22.4,0.3,17.4,5.0,6.84,0.2,137.0,162.0,8.0,574.0,0.37,,,0.25,0.12,,,,0.034,0.13,0.41,,0.1,2.22,0.19,57.2,,,,0.2,,,0.098,0.0,0.0
8704,"Boudin noir, grillé/poêlé",246.0,20.3,7.46,7.87,2.19,0.29,0.01,0.01,73.8,3.78,2.86,0.0,11.9,1.31,27.2,0.1,22.8,40.0,8.5,0.1,27.2,155.0,11.0,525.0,0.7,7.0,80.0,0.75,0.13,0.0,,0.0,0.052,0.062,0.53,0.16,0.094,25.4,0.2,61.8,0.82,0.1,0.88,0.14,0.1,1.02,0.5,0.0,0.0
8705,"Boudin, grillé/poêlé (aliment moyen)",238.0,19.4,7.19,8.04,2.13,0.24,0.0071,0.0092,70.2,4.59,2.61,0.0,11.3,1.41,32.0,0.1,16.3,38.6,9.19,0.1,58.0,157.0,8.54,563.0,0.76,9.03,56.8,0.71,,0.0,,0.14,0.083,0.085,0.92,0.17,0.097,24.0,0.3,61.3,0.82,0.1,0.88,0.14,0.1,1.02,0.5,0.0,0.0
11001,"Bouillon de boeuf, déshydraté",232.0,13.3,7.03,2.6,0.96,0.038,0.0,0.0,4.8,18.0,2.0,0.0,10.2,33.0,32.7,0.12,0.35,5.0,21.9,0.1,127.0,344.0,4.6,13200.0,0.32,0.0,,0.0,,,,0.0,1.38,0.23,2.09,0.48,0.29,76.3,0.34,2.6,0.16,,0.14,,0.3,1.7,,0.0,0.0
25930,"Bouillon de boeuf, déshydraté reconstitué",6.14,0.15,0.057,0.075,0.0081,0.0,0.0,0.0,0.0,0.36,0.0,0.0,0.85,0.33,5.5,0.041,0.17,,2.0,0.027,0.01,0.01,0.0,290.0,0.048,0.0,0.0,0.0,,0.0,,0.0,0.0029,0.017,0.63,0.016,0.0088,1.75,0.065,97.6,,,,,,,0.0,0.0,0.0
11041,"Bouillon de légumes, déshydraté",287.0,16.0,7.79,5.82,1.51,0.031,,,3.2,26.0,,0.5,9.66,47.7,51.1,0.1,1.0,5.0,27.0,0.2,212.0,557.0,2.57,19100.0,0.8,2.0,,13.8,2.77,,,0.5,3.69,0.64,4.94,0.93,0.57,180.0,0.1,1.65,,,,,,,,0.0,0.0
25948,"Bouillon de légumes, déshydraté reconstitué",4.78,0.16,0.14,,,,,,0.0,0.51,0.19,0.0,0.34,0.61,1.0,0.0,0.1,,2.0,0.01,0.0,8.0,,240.0,,0.0,2.0,,,,,0.0,0.11,0.01,0.1,,0.0,1.0,0.0,98.0,,,,,,,0.2,0.0,0.0
25971,"Bouillon de viande et légumes type pot-au-feu, dégraissé, déshydraté",197.0,3.1,1.08,1.58,0.25,0.01,0.01,0.01,12.8,30.9,2.2,0.0,10.8,48.2,34.0,0.02,0.29,20.0,16.0,0.07,140.0,600.0,20.0,19300.0,0.21,21.0,44.7,0.25,,11.8,,,0.98,0.92,2.49,0.42,0.017,30.2,0.63,2.5,0.2,,0.2,0.2,0.7,1.2,3.8,0.0,0.0
25970,"Bouillon de viande et légumes type pot-au-feu, non dégraissé, déshydraté",212.0,5.4,1.4,2.68,0.96,0.01,0.01,0.01,4.55,28.9,2.8,0.0,11.6,48.4,23.0,0.02,0.33,20.0,15.0,0.08,100.0,300.0,20.0,19400.0,0.17,21.0,42.7,0.25,,9.07,,,0.015,0.053,2.41,0.33,0.018,20.4,0.47,2.4,0.2,,0.2,0.2,0.6,2.2,3.3,0.0,0.0
25909,"Bouillon de viande et légumes type pot-au-feu, prêt à consommer",5.76,0.3,0.13,,,,,,0.0,0.24,0.0,0.0,0.53,0.82,1.0,0.0,0.1,,2.0,0.01,1.0,15.0,0.0,326.0,,0.0,,,,,,0.0,0.06,0.01,0.0,0.02,0.01,12.0,0.05,98.1,,,,,,,0.1,0.0,0.0
11174,"Bouillon de volaille, déshydraté",193.0,8.0,5.0,1.76,0.34,0.022,0.0,0.0016,,17.0,4.0,0.5,13.0,56.4,,,,,,,,,,22500.0,,,,,,,,,,,,,,,,8.14,,,,,,,,0.0,0.0
25947,"Bouillon de volaille, déshydraté reconstitué",7.19,0.13,0.13,,,,,,0.0,0.28,0.0,0.0001,1.23,0.51,5.0,0.0,0.05,,1.0,0.01,0.0,10.0,0.0,312.0,0.01,1.0,0.0,,,,,0.0,0.005,0.01,0.1,0.02,0.0,1.0,0.01,97.4,,,,,,,0.0,0.0,0.0
32133,"Boules de maïs soufflées au miel, enrichies en vitamines et minéraux",384.0,0.9,0.24,0.19,0.44,0.022,0.01,0.01,1.0,86.6,22.9,3.2,5.63,0.89,10.0,0.046,7.7,2.5,17.3,0.13,57.5,104.0,0.83,357.0,1.0,16.0,68.0,5.8,,1.0,,2.0,0.99,0.85,20.6,0.06,1.24,,1.2,2.3,0.78,0.1,1.08,0.01,0.6,20.4,58.5,0.0,0.0
32129,"Boules de maïs soufflées au miel, non enrichies en vitamines et minéraux",389.0,1.41,0.19,1.08,0.14,0.01,0.01,0.01,0.89,87.3,26.3,2.01,5.84,0.65,86.0,0.06,2.6,20.0,21.0,0.18,73.0,110.0,20.0,320.0,0.48,21.0,59.1,0.5,,0.8,,0.5,0.59,0.8,7.3,1.64,0.56,57.9,2.31,2.3,1.9,,2.0,0.2,0.9,21.5,56.1,0.0,0.0
12064,Boulette d'Avesne,355.0,30.0,19.8,5.87,0.53,0.18,0.02,0.01,83.1,0.0,0.0,0.0,20.9,1.99,600.0,0.07,0.47,20.0,26.0,0.1,460.0,150.0,20.0,797.0,2.9,277.0,15.0,0.25,0.23,8.25,,,0.015,0.38,0.1,1.08,0.36,103.0,1.31,44.1,0.2,0.2,0.2,0.2,0.2,0.2,0.0,0.0,0.0
25589,"Boulette végétale au soja et/ou blé, préemballée",211.0,10.6,1.11,4.29,4.21,0.24,0.01,0.01,5.19,7.98,3.47,5.45,17.6,1.51,73.0,0.22,2.4,20.0,64.0,0.85,170.0,620.0,20.0,605.0,1.0,21.0,56.0,0.5,,12.9,,0.5,0.048,0.086,0.25,0.22,0.057,27.8,0.078,54.7,0.42,0.1,1.03,0.1,0.7,1.32,3.2,0.0,0.0
25194,"Boulettes au boeuf et à l'agneau (type kefta), préemballées, crues",220.0,13.3,6.8,,,,,,,9.7,5.0,0.8,14.9,1.08,,,,,,,,,,,,,,,,,,,,,,,,,,,,,,,,,,0.0,0.0
25221,"Boulettes au boeuf et à l'agneau (type kefta), préemballées, cuites",235.0,15.7,5.81,6.55,0.92,0.34,0.01,0.01,56.2,7.5,1.2,0.0,15.7,1.03,24.0,0.1,2.4,20.0,26.0,0.33,150.0,330.0,20.0,413.0,3.1,21.0,72.6,0.25,,13.5,,,0.015,0.01,3.12,0.43,0.13,56.6,1.75,55.5,0.2,,0.3,0.2,0.3,0.4,6.3,0.0,0.0
25211,"Boulettes au boeuf, à la sauce tomate, préemballées",117.0,6.5,,,,,,,,5.5,,0.0,9.0,,,,,,,,,,,,,,,,,,,,,,,,,,,,,,,,,,,0.0,0.0
25163,"Boulettes au boeuf, cuites",217.0,13.3,4.8,4.31,0.24,0.043,,,37.0,5.65,2.0,0.63,18.5,1.13,29.0,0.083,2.2,9.01,26.9,0.15,172.0,326.0,5.66,452.0,2.88,19.3,160.0,0.2,0.38,,,6.94,0.072,0.1,2.8,0.48,0.23,25.8,1.23,62.0,0.2,,0.2,,0.2,0.2,1.1,0.0,0.0
25186,"Boulettes au porc et au boeuf (à la suédoise), préemballées, crues",254.0,18.2,7.5,,,,,,,4.8,1.5,0.8,17.4,1.05,,,,,,,,,,,,,,,,,,,,,,,,,,,,,,,,,,0.0,0.0
25222,"Boulettes au porc et au boeuf (à la suédoise), préemballées, cuites",258.0,18.6,6.99,7.36,1.66,0.28,0.01,0.01,55.3,7.7,0.8,0.0,14.4,1.51,12.0,0.06,1.2,20.0,16.0,0.18,130.0,250.0,20.0,603.0,2.1,21.0,6.95,0.25,,3.65,,,0.026,0.01,3.65,0.46,0.15,19.2,1.25,55.6,0.2,,0.3,0.2,0.3,0.2,6.9,0.0,0.0
9690,"Boulgour de blé, cru",347.0,1.42,0.23,0.17,0.5,0.035,0.0,0.0,0.0,65.8,0.41,10.5,11.7,0.043,35.0,0.34,2.46,2.7,164.0,3.05,300.0,410.0,3.2,17.0,1.93,0.0,5.0,0.0,,1.9,,0.0,0.23,0.12,5.11,1.05,0.34,,0.0,9.0,0.0,,0.0,,0.0,0.41,60.0,0.0,0.0
9691,"Boulgour de blé, cuit, sans sel ajouté",131.0,1.0,0.16,0.11,0.36,0.028,0.001,0.001,1.0,24.1,0.0,3.7,4.31,0.033,30.9,0.16,0.67,13.0,28.5,0.44,81.7,67.1,2.0,13.0,0.82,0.0,30.0,0.0,,0.5,,2.0,0.079,0.1,0.29,0.11,0.03,,0.0,66.5,0.08,0.08,0.08,0.08,0.08,0.08,18.8,0.0,0.0
20296,"Brèdes chou de Chine ou bok choy ou pak choï, tiges et feuilles, cuites à la vapeur, prélevées à La Réunion (Brassica rapa subsp. Chinensis)",16.4,0.3,0.01,0.01,0.01,0.01,0.01,0.01,,1.7,0.4,1.3,1.69,0.038,88.0,0.04,0.93,20.0,17.0,0.25,28.0,330.0,20.0,15.0,0.28,0.0,1760.0,,0.09,53.8,,9.54,0.026,0.061,0.36,0.18,0.073,,,94.1,0.2,0.2,0.4,0.2,0.2,0.2,0.35,0.0,0.0
26170,"Brème, cru",108.0,4.0,0.78,,0.076,0.094,,,66.0,1.03,0.0,0.0,16.9,0.11,63.0,0.028,0.44,7.0,26.0,0.087,210.0,350.0,24.0,43.0,0.42,14.0,,5.5,,0.0,,0.0,0.07,0.07,4.0,,,15.0,2.0,77.0,,,,0.0,,0.0,0.0,0.0,0.0
28503,Bresaola,172.0,4.3,2.05,,,,0.0,,65.0,0.49,0.0,0.0,32.8,5.15,35.0,,7.1,,,,200.0,323.0,,2060.0,4.1,,0.0,0.5,0.13,,,0.0,0.12,0.6,2.4,,0.53,19.0,,56.7,,,,,,,0.0,0.0,0.0
7263,"Bretzel, pain frais",330.0,7.1,0.95,3.62,1.41,0.45,0.01,0.01,,54.6,3.58,3.8,9.18,3.35,53.0,0.13,0.84,,25.0,0.55,170.0,170.0,20.0,1340.0,0.88,,5.0,,,5.54,,0.5,0.15,0.038,0.68,0.6,0.075,26.4,,21.5,0.66,0.1,0.52,0.41,1.99,0.1,44.8,0.0,0.0
25557,"Brick à l'oeuf, fait maison, cuit",255.0,18.1,,,,,,,264.0,12.3,1.6,0.5,10.4,1.35,70.7,0.05,1.4,31.0,13.8,0.08,141.0,132.0,9.6,538.0,0.83,122.0,100.0,1.24,7.0,,,3.6,0.06,0.38,0.32,1.09,0.1,92.0,0.81,56.2,,,,,,,7.5,0.0,0.0
25559,"Brick à la pomme de terre, fait maison, cuit",215.0,13.4,,,,,,,31.0,19.6,1.5,1.7,3.25,1.0,26.4,0.07,0.6,5.9,13.8,0.11,54.0,252.0,1.5,400.0,0.26,14.0,45.0,0.14,7.7,,,8.8,0.08,0.06,1.06,0.49,0.19,21.0,0.09,60.2,,,,,,,15.9,0.0,0.0
12021,Brie de Meaux,276.0,20.7,14.5,3.46,0.33,0.08,0.01,0.01,83.6,1.17,0.2,0.13,21.4,2.02,310.0,0.01,0.15,50.0,15.0,0.02,310.0,120.0,20.0,806.0,2.3,153.0,42.1,0.25,0.24,0.8,,0.5,0.015,0.58,,0.36,0.094,115.0,1.28,53.4,0.2,0.2,0.2,0.2,0.2,0.2,0.0,0.0,0.0
12022,Brie de Melun,288.0,22.2,15.2,4.21,0.32,0.05,0.01,0.01,88.9,0.0,0.2,0.0,22.0,1.89,180.0,0.03,0.08,70.0,17.0,0.02,280.0,210.0,20.0,755.0,0.84,218.0,71.4,0.25,0.24,1.91,,0.5,0.029,0.57,,0.66,0.26,140.0,1.89,52.1,0.2,,0.2,0.2,0.2,0.2,0.0,0.0,0.0
12020,"Brie, sans précision",345.0,30.4,21.5,4.54,0.41,0.18,0.017,0.0,193.0,0.68,0.15,0.056,17.6,1.43,420.0,0.041,0.42,18.9,18.4,0.1,274.0,142.0,4.54,655.0,2.35,241.0,9.0,0.39,0.24,2.3,,0.0,0.058,0.45,0.39,0.58,0.22,69.6,0.76,51.4,0.2,0.2,0.2,0.2,0.2,0.3,0.0,0.0,0.0
7735,"Brioche (ou briochettes) aux pépites de chocolat ou fourrée au chocolat, préemballée",352.0,12.1,3.08,7.16,1.83,0.01,0.01,0.01,42.8,51.1,17.4,2.98,8.17,0.91,52.0,0.21,3.5,,31.0,0.5,110.0,170.0,20.0,376.0,0.84,21.0,78.1,0.25,,8.88,,0.5,0.1,0.062,0.7,0.39,0.029,22.3,0.16,24.0,2.73,0.1,2.17,0.1,2.55,9.51,29.0,0.0,0.0
7738,"Brioche fourrée aux fruits, préemballée",326.0,9.0,2.15,4.2,1.27,0.39,0.005,0.005,24.4,52.4,24.4,5.5,5.81,0.99,19.6,0.078,0.68,2.5,12.9,0.31,75.7,108.0,4.0,395.0,0.6,16.0,30.0,0.0,,6.7,1.1,2.0,0.25,0.1,0.3,0.2,0.03,7.8,0.1,25.8,5.13,0.16,7.11,0.16,3.9,8.3,27.3,0.0,0.0
7739,"Brioche fourrée crème pâtissière (type ""chinois""), préemballée",267.0,6.0,1.9,2.45,0.92,0.29,0.004,0.004,18.2,45.7,20.3,3.4,5.81,0.83,56.0,0.068,0.55,13.0,14.5,0.31,74.1,137.0,3.0,330.0,0.52,16.0,179.0,0.0,,2.9,1.14,2.0,0.13,0.1,0.2,0.32,0.03,8.7,0.1,37.7,2.47,0.16,2.4,1.26,1.76,12.4,23.7,0.0,0.0
7742,"Brioche nature, artisanale",420.0,19.1,8.51,3.18,0.73,0.16,,,109.0,50.7,5.7,0.5,11.3,1.47,30.0,0.082,1.15,31.8,25.5,0.35,138.0,188.0,10.0,590.0,0.68,83.5,58.0,0.5,,,,0.5,0.11,0.2,1.42,0.92,0.12,53.0,0.32,20.1,3.0,,1.7,0.6,1.0,0.2,32.2,0.0,0.0
7740,"Brioche nature, préemballée",356.0,12.1,4.68,3.88,1.33,0.4,0.01,0.01,59.3,52.7,14.5,2.09,7.99,0.98,32.0,0.11,0.94,20.0,18.0,0.39,91.0,120.0,20.0,401.0,0.74,57.9,158.0,0.25,,6.97,,0.5,0.14,0.053,0.6,0.34,0.032,23.9,0.21,23.7,3.4,0.2,3.4,0.2,1.7,4.2,31.1,0.0,0.0
7745,"Brioche pur beurre (ex : gâche vendéenne) nature, préemballée",361.0,13.3,8.71,2.84,0.74,0.09,0.01,0.01,105.0,51.1,13.0,2.03,8.21,0.99,30.0,0.08,0.85,20.0,19.0,0.41,96.0,110.0,20.0,384.0,0.72,105.0,132.0,0.25,,1.52,,0.5,0.14,0.068,0.1,0.43,0.052,48.4,0.22,24.0,2.13,,1.84,0.2,1.35,7.64,26.2,0.0,0.0
7746,"Brioche, sans précision (aliment moyen)",363.0,13.0,5.09,4.11,1.28,0.32,0.0098,0.0049,64.4,52.1,13.9,1.94,8.41,1.04,34.0,0.12,1.24,13.6,20.5,0.39,100.0,136.0,9.03,423.0,0.74,55.5,132.0,0.28,,7.13,,0.54,0.13,0.077,0.73,0.44,0.045,27.9,0.21,23.5,3.28,0.19,3.04,0.14,1.71,4.31,30.9,0.0,0.0
12059,"Brocciu ou brucciu corse, fromage à base de lactosérum de brebis et/ou de chèvre non affiné",173.8,13.0,9.2,,,,,,,4.0,2.0,0.0,10.2,0.88,,,,,,,,,5.9,400.0,,,33.0,0.2,0.11,1.1,,,,,,,,4.0,0.85,,,,,,,,,0.0,0.0
27011,"Brochet, cru",87.7,0.94,0.26,,0.033,0.011,0.033,0.074,43.8,1.0,0.0,0.0,18.8,0.13,33.0,0.09,0.9,15.3,21.0,0.15,176.0,228.0,12.7,51.9,0.97,21.0,0.0,4.33,,0.1,,3.6,0.076,0.058,1.83,0.75,0.13,15.0,2.0,79.1,,,,0.0,,0.0,0.0,0.0,0.0
27002,"Brochet, rôti/cuit au four",100.0,0.88,0.15,,,,0.088,0.18,50.0,0.0,0.0,0.0,23.1,0.12,73.0,0.058,0.71,12.0,40.0,0.28,282.0,331.0,,49.0,0.77,24.0,0.0,2.7,,,,3.8,0.067,0.077,2.8,0.81,0.14,16.0,2.15,74.7,,,,,,,0.0,0.0,0.0
25541,Brochette d'agneau,137.0,7.93,3.03,,,,,,39.6,2.54,1.57,1.29,13.2,0.38,15.8,0.061,1.34,2.59,19.5,0.042,109.0,240.0,1.37,161.0,0.87,0.0,135.0,0.0,0.5,,,11.7,0.079,0.15,3.71,0.43,0.18,8.61,0.93,72.8,,,,,,,0.9,0.0,0.0
25505,"Brochette de boeuf, crue",80.0,,2.2,,,,,,,0.0,0.0,0.0,20.0,0.36,,,,,,,,,,50.0,,,,,,,,,,,,,,,,,,,,,,,,0.0,0.0
25585,"Brochette de boeuf, cuite",136.0,5.2,1.8,2.03,0.51,0.12,0.01,0.01,60.2,0.33,,3.0,21.9,0.86,23.0,0.1,2.4,20.0,25.0,0.08,200.0,430.0,20.0,345.0,4.4,21.0,,0.25,,3.71,,10.8,0.041,0.14,4.72,0.54,0.31,19.8,1.94,69.2,,,,,,,,0.0,0.0
25540,Brochette de crevettes,140.0,7.38,0.93,,,,0.05,0.084,120.0,1.6,0.81,0.7,16.4,1.92,81.2,0.01,1.85,31.5,36.8,0.085,153.0,169.0,4.92,384.0,0.51,7.22,71.5,0.21,1.96,,,8.33,0.034,0.038,1.79,0.25,0.11,10.1,1.14,74.3,,,,,,,0.13,0.0,0.0
25539,Brochette de poisson,127.0,5.71,0.98,,,,0.11,0.23,43.5,0.86,0.85,0.29,18.0,0.56,26.5,0.026,0.72,65.5,28.4,0.049,190.0,320.0,11.7,223.0,0.25,18.4,59.8,1.41,1.02,,,6.33,0.074,0.067,2.84,0.29,0.26,12.0,2.03,73.8,,,,,,,0.012,0.0,0.0
25566,"Brochette de porc, crue",131.0,6.5,2.4,,,,,,,2.1,1.1,1.0,15.6,0.81,,,,,,,,,,324.0,,,,,,,,,,,,,,,,,,,,,,,,0.0,0.0
25504,"Brochette de volaille, crue",75.2,,2.0,,,,,,,0.8,0.0,0.0,18.0,0.29,,,,,,,,,,114.0,,,,,,,,,,,,,,,,,,,,,,,,0.0,0.0
25586,"Brochette de volaille, cuite",134.0,4.0,1.02,1.48,0.87,0.09,0.01,0.01,76.9,1.39,,3.0,23.1,0.75,13.0,0.05,0.61,20.0,33.0,0.1,230.0,520.0,20.0,299.0,1.1,21.0,,0.25,,2.41,,8.49,0.071,0.07,8.91,1.71,0.47,88.3,0.7,68.0,,,,,,,,0.0,0.0
25506,Brochette mixte de viande,208.0,13.8,2.51,,,,,,49.6,1.02,1.01,0.33,19.7,0.61,10.9,0.052,1.4,4.32,21.4,0.022,162.0,273.0,8.36,247.0,1.01,1.03,76.5,0.03,0.65,,,9.46,0.058,0.17,4.09,0.49,0.32,11.5,0.98,63.4,,,,,,,0.0099,0.0,0.0
20350,"Brocoli, bouilli/cuit à l'eau (aliment moyen)",21.8,0.5,0.14,0.12,0.06,0.12,0.01,0.01,,1.03,0.6,3.0,2.19,0.033,43.0,0.15,0.33,20.0,11.0,0.17,39.0,90.0,20.0,13.0,0.18,0.0,576.0,0.0,1.45,49.6,,18.1,0.015,0.01,0.1,0.25,0.048,108.0,0.0,93.8,0.3,0.2,0.3,0.2,0.2,0.2,0.35,0.5,0.0
20302,"Brocoli, bouilli/cuit à l'eau, croquant",22.2,0.4,0.1,0.06,0.06,0.14,0.01,0.01,,1.23,0.8,2.6,2.5,0.043,42.0,0.11,0.41,20.0,12.0,0.18,44.0,110.0,20.0,17.0,0.23,0.0,663.0,0.0,1.45,23.3,,22.7,0.015,0.01,0.1,0.27,0.06,108.0,0.0,92.9,0.4,0.2,0.4,0.2,0.2,0.2,0.35,0.5,0.0
20303,"Brocoli, bouilli/cuit à l'eau, fondant",21.8,0.5,0.14,0.12,0.06,0.12,0.01,0.01,,1.03,0.6,3.0,2.19,0.033,43.0,0.15,0.33,20.0,11.0,0.17,39.0,90.0,20.0,13.0,0.18,0.0,576.0,0.0,1.45,49.6,,18.1,0.015,0.01,0.1,0.25,0.048,108.0,0.0,93.8,0.3,0.2,0.3,0.2,0.2,0.2,0.35,0.5,0.0
20057,"Brocoli, cru",31.9,0.36,0.047,,,,0.0,0.0,0.0,2.15,1.7,2.6,2.9,0.075,47.5,0.047,0.81,3.63,23.0,0.22,66.0,321.0,1.21,30.0,0.41,0.0,361.0,0.0,,102.0,,91.2,0.068,0.12,0.64,0.55,0.17,,0.0,90.0,0.68,0.0,0.49,0.21,0.21,0.1,0.0,,0.0
20351,"Brocoli, cuit (aliment moyen)",30.0,0.6,0.2,0.15,0.065,0.12,0.01,0.01,,1.79,1.06,2.59,3.17,0.036,39.4,0.094,0.46,20.0,17.1,0.23,55.8,217.0,20.0,14.5,0.36,0.0,571.0,0.0,1.45,36.2,,19.4,0.034,0.056,0.43,0.51,0.1,108.0,0.0,91.6,0.55,0.2,0.5,0.2,0.2,0.2,0.35,0.5,0.0
20304,"Brocoli, cuit à la vapeur",38.0,0.7,0.25,0.18,0.07,0.12,0.01,0.01,,2.53,1.5,2.2,4.13,0.04,36.0,0.04,0.58,20.0,23.0,0.28,72.0,340.0,20.0,16.0,0.53,0.0,567.0,0.0,1.45,23.2,,20.7,0.059,0.11,0.81,0.77,0.16,108.0,0.0,89.4,0.8,0.2,0.7,0.2,0.2,0.2,0.35,0.5,0.0
20259,"Brocoli, purée",29.0,0.38,,,,,0.0,0.0,,2.75,1.65,2.39,2.5,0.02,87.0,,0.9,,,,,,,7.93,,0.0,,,,,,,,,,,,,,91.7,0.69,,0.85,,0.3,0.3,,,0.0
20204,"Brocoli, surgelé, cru",26.4,0.42,0.076,0.001,0.001,0.005,0.0,0.0,0.0,1.5,1.24,2.75,2.78,0.046,41.0,0.036,0.72,,16.0,0.26,59.0,250.0,2.8,18.5,0.34,0.0,675.0,0.0,,101.0,,68.3,0.072,0.11,0.46,0.24,0.18,,0.0,90.6,0.52,,0.49,,0.3,0.23,,,0.0
12071,Brousse (fromage de brebis frais au lactosérum),142.0,9.36,5.7,,0.17,0.066,0.06,0.06,83.8,4.81,4.81,0.0,9.38,0.76,260.0,0.029,0.25,43.9,22.8,0.02,175.0,168.0,5.2,303.0,0.83,86.5,30.0,0.6,0.11,0.9,20.0,,0.05,0.22,0.2,0.29,0.04,4.0,0.19,74.3,0.01,0.01,0.01,4.81,0.01,0.01,,0.0,0.0
23031,"Brownie au chocolat et aux fruits à coques, préemballé",466.0,27.7,6.71,11.1,2.37,0.61,0.005,0.005,,45.9,32.0,3.18,6.58,0.47,60.3,0.33,,,39.3,0.32,,,2.2,148.0,0.79,,,,,,,,,,,,,,,12.6,,,0.2,,0.2,32.0,,0.0,0.0
23032,"Brownie au chocolat, préemballé",458.0,25.4,7.32,11.5,3.33,1.12,0.01,0.01,67.6,50.6,35.1,3.4,5.94,0.35,42.0,0.36,5.0,12.0,47.0,0.49,140.0,330.0,20.0,138.0,0.9,29.9,8.84,0.25,,27.9,,0.5,0.044,0.071,0.19,0.44,0.051,10.8,0.28,12.8,0.33,0.1,0.97,0.34,0.75,32.7,8.2,2.9,0.0
23030,Bûche de Noël pâtissière,363.0,20.4,11.1,4.58,0.9,0.11,0.01,0.011,104.0,39.8,31.8,1.0,4.25,0.24,32.3,0.14,2.7,13.0,21.3,0.24,96.7,141.0,4.7,95.0,0.51,159.0,49.0,0.6,,3.1,5.73,2.0,0.02,0.12,0.25,0.31,0.05,,0.13,33.7,1.2,,1.54,0.56,0.62,27.9,7.46,0.0,0.1
39533,Bûche glacée,219.0,9.61,6.43,,,,,,,29.8,25.6,1.04,2.8,0.16,,,,,,,,,,41.1,,,,,,,,,,,,,,,,,,,,,,,,0.0,0.0
10019,"Bulot ou buccin, cru",131.0,0.57,0.16,0.09,,0.0059,0.004,0.006,65.0,7.61,0.0,0.0,23.8,0.52,57.0,1.03,5.02,,86.0,0.45,141.0,347.0,44.8,206.0,1.62,26.0,0.0,0.0,0.13,0.1,,4.0,0.028,0.11,1.08,0.21,0.34,6.0,9.07,66.0,,,,,,,0.0,0.0,0.0
10020,"Bulot ou buccin, cuit",97.7,0.47,0.072,0.02,0.005,0.002,0.056,0.023,127.0,2.69,0.0,0.0,20.7,0.97,64.5,0.27,0.64,114.0,144.0,0.1,108.0,173.0,31.4,387.0,1.58,2.0,0.0,0.5,,,,3.4,0.04,0.096,1.44,0.41,0.083,7.67,4.61,74.1,0.0,,0.0,0.0,0.0,0.0,0.0,0.0,0.0
25416,"Burger au poisson, de restauration rapide",263.0,11.5,4.92,2.58,2.96,0.03,0.01,0.01,26.0,26.7,3.9,1.5,12.2,1.1,55.0,0.06,0.49,20.0,22.0,0.25,140.0,210.0,20.0,440.0,0.59,21.0,,0.81,,9.23,,0.5,0.049,0.01,0.63,0.33,0.066,23.3,0.83,46.1,1.2,,1.3,0.2,0.7,0.4,21.8,0.0,0.0
25502,"Burger au poulet, de restauration rapide",249.0,11.0,1.88,5.45,2.21,0.45,0.01,0.01,27.7,23.8,2.9,1.2,12.7,1.16,66.0,0.07,0.6,20.0,22.0,0.25,170.0,220.0,20.0,463.0,0.71,21.0,,0.25,,9.45,,0.5,0.1,0.051,3.67,0.79,0.16,33.4,0.3,49.0,1.16,,1.16,0.2,0.58,0.2,18.4,0.0,0.0
25643,"Burger au poulet, préemballé",230.0,8.43,3.57,,,,,,,25.2,3.33,1.98,12.4,1.55,,,,,,,,,,,,,,,,,,,,,,,,,,,,,,,,,,0.0,0.0
12072,Burrata,259.0,23.4,15.4,,0.5,0.074,0.06,0.06,89.2,0.93,0.55,0.0,10.8,0.53,208.0,0.02,0.25,36.5,9.55,0.02,175.0,35.3,7.6,213.0,1.7,238.0,30.0,0.6,0.19,3.4,20.0,,0.02,0.12,0.2,0.09,0.04,7.0,0.39,63.2,0.01,0.13,0.01,0.41,0.01,0.01,,0.0,0.0
25459,Burritos au boeuf,170.0,8.5,4.33,2.97,0.73,0.12,0.0045,0.0045,29.1,14.3,1.9,1.9,8.0,0.75,88.0,0.07,1.1,20.0,20.0,0.14,170.0,260.0,50.0,299.0,1.8,21.0,470.0,1.0,,8.0,,6.5,0.098,0.07,1.7,0.26,0.11,14.9,1.36,62.5,0.76,,0.86,0.2,0.29,0.4,6.8,0.0,0.0
26125,"Cabillaud ou morue du Pacifique, cru",64.8,0.41,0.085,0.039,0.015,0.001,0.034,0.096,47.0,0.0,0.0,0.0,15.3,0.76,8.0,0.019,0.16,,20.0,0.012,281.0,235.0,33.1,303.0,0.31,2.0,0.0,0.5,0.64,0.0,0.0,0.0,0.033,0.045,1.1,0.29,0.12,7.0,1.98,84.0,0.0,0.0,0.0,0.0,0.0,,0.0,0.0,0.0
26043,"Cabillaud, cru",77.4,0.57,0.1,0.03,0.003,0.001,0.05,0.13,43.9,0.0,0.0,0.2,18.1,0.23,4.43,0.1,0.49,101.0,25.6,0.1,163.0,357.0,136.0,65.2,0.39,2.0,0.0,0.9,0.64,0.1,,1.0,0.04,0.049,2.18,0.14,0.16,21.2,1.32,79.8,0.1,,0.1,0.0,0.1,0.1,0.0,0.0,0.0
26025,"Cabillaud, cuit à la vapeur",106.0,0.95,0.16,0.06,0.0092,0.0017,0.11,0.16,46.5,0.0,0.0,0.0,24.5,0.16,10.0,0.02,0.1,110.0,21.0,0.01,240.0,360.0,29.1,65.0,0.5,2.0,0.0,0.0,0.81,0.0,,0.0,0.025,0.04,1.55,0.23,0.19,13.0,2.0,73.4,0.0,,0.0,0.0,0.0,0.0,0.0,0.0,0.0
25997,"Cabillaud, cuit, sans précision (aliment moyen)",100.0,0.76,0.17,0.074,0.01,0.0017,0.08,0.18,51.2,0.0,0.0,0.0,23.3,0.2,14.4,0.018,0.2,121.0,25.4,0.013,200.0,327.0,25.6,78.4,0.5,5.16,0.0,0.63,,0.053,,0.53,0.043,0.053,2.0,0.22,0.21,11.4,1.75,74.8,0.0,,0.0,0.0,0.0,0.0,0.0,0.0,0.0
26023,"Cabillaud, rôti/cuit au four",94.6,0.6,0.19,0.087,0.012,0.0017,0.057,0.19,55.5,0.0,0.0,0.0,22.3,0.23,18.4,0.017,0.3,130.0,29.4,0.016,164.0,297.0,22.4,90.5,0.5,8.0,0.0,1.2,0.81,0.1,,1.0,0.059,0.065,2.41,0.22,0.24,10.0,1.53,76.0,0.0,,0.0,0.0,0.0,0.0,0.0,0.0,0.0
15058,Cacahuète caramélisée ou chouchou,544.0,29.7,3.95,,,,,0.0,,51.4,44.7,6.1,12.9,0.013,,,,,,,,,,5.0,,,,,,,,,,,,,,,,,,,,,,,,0.0,0.0
38406,"Cacahuète enrobée d'un biscuit salé ou aromatisé, pour apéritif",518.0,29.7,7.8,,,,,,,45.4,4.51,3.18,15.8,2.82,,,,,,,,,,1120.0,,,,,,,,,,,,,,,,,,,,,,,39.3,0.0,0.0
31042,Cacahuète enrobée de chocolat dragéifiée,499.0,25.0,9.87,12.2,1.19,0.05,0.01,0.01,,55.9,50.5,5.9,9.5,0.12,100.0,0.52,2.9,20.0,95.0,0.7,230.0,500.0,20.0,47.0,1.4,,10.6,0.75,,2.07,,,0.34,0.17,2.29,0.78,0.034,80.4,,1.7,0.2,,0.2,6.2,0.2,44.3,3.4,0.5,0.0
15037,"Cacahuète, grillée à sec, salée",615.0,47.7,7.0,,5.35,0.047,0.0,0.0,1.77,17.9,3.7,7.4,21.6,1.8,,,,,,,,,,700.0,,0.0,,,4.93,,,,,,14.355,,,,,2.3,,,0.1,,0.1,3.7,12.1,,0.0
15057,"Cacahuète, grillée, aromatisée",598.0,46.6,8.73,,,,0.0,0.0,0.0,14.6,3.62,7.8,22.8,1.92,,,,,,,,,,769.0,,0.0,,,4.93,,,,,,14.355,,,,,,,,,,,,11.0,,0.0
15002,"Cacahuète, grillée, salée",635.0,50.8,8.63,25.4,9.69,0.025,0.0,0.0,0.0,14.2,4.25,8.08,22.9,1.26,47.4,0.68,1.2,5.7,169.0,1.19,244.0,531.0,4.8,501.0,2.92,0.0,0.0,0.0,2.5,0.0,0.0,0.5,0.14,0.069,12.4,1.17,0.43,,0.0,1.22,0.073,0.0,0.073,0.0,0.0,4.1,8.65,,0.0
15053,"Cacahuète, grillée, sans sel ajouté",644.0,51.9,6.01,38.3,2.86,0.04,0.016,0.016,0.0,14.4,6.01,5.7,23.5,2.0,52.4,0.8,1.7,2.5,176.0,1.7,368.0,656.0,8.3,2.0,2.9,0.0,30.0,0.25,4.93,0.3,0.0,2.0,0.06,0.04,10.4,0.75,0.17,,0.0,2.1,0.3,0.0,0.3,0.3,0.3,6.01,5.04,,0.0
15001,"Cacahuète, sans sel ajouté",623.0,49.1,8.4,24.7,12.9,0.04,0.01,0.01,0.0,14.8,5.9,8.6,22.8,0.022,57.0,0.46,1.6,20.0,190.0,1.4,400.0,700.0,30.0,8.6,3.0,0.0,5.0,0.0,8.33,0.8,,0.5,0.43,0.024,10.6,1.76,0.4,,0.0,2.2,0.2,,0.2,0.2,0.2,5.9,5.0,,0.0
18100,"Cacao, sans sucres ajoutés, poudre soluble",387.0,20.6,12.4,6.5,0.58,0.04,0.01,0.01,0.0,11.6,0.9,29.5,22.4,0.11,140.0,3.9,48.5,20.0,500.0,4.1,690.0,3900.0,20.0,45.0,6.4,0.0,5.0,2.73,,3.9,,0.5,0.076,0.12,1.15,0.82,0.01,107.0,0.0,3.5,0.2,,0.2,0.2,0.2,0.9,8.5,0.5,0.0
18163,"Café au lait ou cappuccino au chocolat, poudre soluble",384.0,9.0,8.11,,,,0.0,0.0,,63.0,59.0,3.5,11.2,1.25,,,,,,,,,,500.0,,,,,,,,,,,,,,,,,,,0.13,,0.5,44.9,,0.0,0.0
18160,"Café au lait ou cappuccino, poudre soluble",416.0,8.8,7.47,0.66,0.19,0.01,0.01,0.01,,70.1,52.0,3.3,12.2,0.79,,,,,,,,,,316.0,,,,,,,,,,,,,,,,1.0,0.1,0.1,0.32,17.8,1.34,32.5,,0.0,0.0
18151,"Café au lait, café crème ou cappuccino, instantané ou non, sans sucres ajoutés, prêt à boire",21.5,0.76,0.49,0.17,0.021,0.0038,,,2.5,2.31,2.31,0.0,1.39,0.059,62.2,0.007,0.13,5.6,8.52,0.016,42.6,109.0,0.6,23.4,0.22,9.5,,0.025,0.02,,,,0.032,0.12,0.15,0.31,0.015,2.81,0.03,95.3,,,,2.31,,,0.0,0.0,0.0
18072,"Café décaféiné, instantané, sans sucres ajoutés, prêt à boire",2.1,0.002,0.001,0.0,0.0,0.0,0.0,0.0,0.0,0.4,0.0,0.0,0.12,0.01,4.0,0.01,0.04,1.0,4.0,0.012,3.0,36.0,,4.0,0.01,0.0,0.0,0.0,,0.0,,0.0,0.0,0.014,0.28,0.001,0.0,0.0,0.0,98.9,,,,,,,0.0,0.0,0.0
18070,"Café décaféiné, non instantané, sans sucres ajoutés, prêt à boire",4.42,0.18,0.047,0.015,,0.0,0.0,0.0,0.0,0.6,0.0,0.0,0.1,0.02,2.0,0.029,0.09,1.0,42.5,0.039,4.0,84.5,,8.0,0.035,0.0,0.0,0.0,,0.1,,0.0,0.001,0.18,2.71,0.015,0.0,1.0,0.0,98.6,0.0,0.0,0.0,0.0,0.0,0.0,0.0,0.0,0.0
18071,"Café expresso, non instantané, sans sucres ajoutés, prêt à boire",6.54,0.2,0.092,0.015,,0.0,0.0,0.0,0.0,1.16,0.0,0.5,0.25,0.0071,3.5,0.01,0.05,20.0,7.9,0.05,6.9,150.0,20.0,2.82,0.05,0.0,5.0,0.25,,0.8,,0.5,0.015,0.01,1.73,0.028,0.74,5.0,0.0,97.8,0.1,0.1,0.1,0.1,0.1,0.1,0.3,0.5,0.0
18069,"Café, décaféiné, poudre soluble",352.0,0.2,0.091,0.015,0.067,0.006,0.0,0.0,0.0,76.0,0.0,0.0,11.6,0.058,140.0,0.069,3.8,,311.0,1.22,286.0,3500.0,17.3,23.0,0.11,0.0,0.0,0.0,,1.9,,0.0,0.0,1.36,28.1,0.097,0.0,0.0,0.0,3.2,,,,,,,,0.0,0.0
18073,"Café, instantané, sans sucres ajoutés, prêt à boire",1.64,0.004,0.002,0.0,0.0,0.0,0.0,0.0,0.0,0.3,0.0,0.0,0.1,0.01,4.0,0.011,0.04,1.0,4.0,0.015,3.0,30.0,0.03,4.0,0.01,0.0,0.0,0.0,,0.0,,0.0,0.0,0.001,0.24,0.001,0.0,0.0,0.0,99.1,,,,,,,0.0,0.0,0.0
18003,"Café, moulu",341.0,13.9,,,,,0.0,0.0,0.29,20.3,,39.7,13.9,0.097,116.0,1.92,9.26,3.6,212.0,2.13,159.0,2050.0,7.24,38.8,0.77,0.0,,0.0,,0.0,,0.0,0.07,0.2,15.0,0.23,0.001,22.0,0.0,3.47,,,,,,,,0.0,0.0
18004,"Café, non instantané, sans sucres ajoutés, prêt à boire",5.78,0.018,0.002,0.015,,0.0,0.0,0.0,0.0,1.35,0.0,0.5,0.25,0.0067,4.3,0.01,0.05,20.0,9.2,0.07,7.4,150.0,20.0,2.7,0.05,0.0,5.0,0.25,,0.8,,0.5,0.015,0.01,1.26,0.013,0.73,5.0,0.0,97.8,0.1,0.1,0.1,0.1,0.1,0.1,0.3,0.5,0.0
18005,"Café, poudre soluble",291.0,1.1,0.2,,,,0.0,0.0,0.015,41.9,0.0,20.0,18.5,0.2,148.0,0.12,4.75,0.5,391.0,1.71,337.0,3710.0,10.7,80.2,0.67,0.0,0.0,0.0,,1.9,,0.0,0.024,0.15,26.4,0.25,0.026,12.0,0.0,4.42,,,,,,,0.0,0.0,0.0
36101,"Caille, viande crue",128.0,4.53,1.32,,,,0.01,0.0,70.0,0.0,0.0,0.0,21.8,0.13,13.0,0.59,4.51,1.5,25.0,0.019,307.0,237.0,17.4,51.0,2.7,17.0,,,,,,7.2,0.28,0.29,8.2,0.79,0.53,7.0,0.47,70.0,,,,,,,,0.0,0.0
36100,"Caille, viande et peau crues",140.0,6.8,1.91,,,,,,76.0,0.0,0.0,0.0,19.6,0.13,13.0,0.51,3.97,1.5,23.0,0.019,275.0,216.0,,53.0,2.42,73.0,0.0,0.5,0.05,,,6.1,0.24,0.26,7.54,0.77,0.6,8.0,0.43,69.7,,,,,,,0.0,0.0,0.0
36102,"Caille, viande et peau cuites",206.0,10.9,3.51,4.34,2.77,0.23,0.012,0.0,86.0,0.0,0.0,0.0,26.8,0.13,15.0,0.59,4.43,3.0,22.0,,279.0,216.0,21.8,52.0,3.1,70.0,0.0,0.2,0.7,4.2,,2.3,0.22,0.3,7.92,,0.62,6.0,0.36,60.5,,,,,,,0.0,0.0,0.0
13403,"Caïmite (ou pomme étoile ou pomme de lait), chair sans peau, cru, prélevé à la Martinique",27.1,2.87,,,,,0.0,0.0,0.0,,,,0.31,,,,,,,,,,,,,0.0,,,,,,5.6,,,,,,,,80.3,,,,,,,,,0.0
23909,"Cake aux fruits (confits et/ou raisins secs), préemballé",360.0,12.6,1.6,6.56,2.27,0.9,0.01,0.01,60.8,55.2,35.8,2.1,4.19,0.59,42.0,0.1,0.84,11.0,13.0,0.2,92.0,190.0,20.0,234.0,0.38,21.0,5.0,1.27,,17.9,,0.5,0.038,0.05,0.12,0.3,0.042,5.0,0.21,23.5,8.52,0.1,10.7,0.1,4.13,12.4,11.5,2.8,1.21
7814,"Cake salé (garniture : fromage, légumes, viande, poisson, volaille, etc.), préemballé",321.0,18.4,4.68,7.4,4.0,0.53,0.01,0.02,76.3,25.6,2.68,2.3,11.6,1.64,170.0,0.1,1.3,,16.1,0.1,,165.0,,657.0,1.4,,,,,,,,,,,,,,,42.2,0.29,0.1,0.38,0.59,0.82,0.6,22.9,0.0,0.0
31092,Calisson d'Aix en Provence,440.0,18.0,1.74,11.7,3.5,0.01,0.01,0.01,,59.8,49.6,3.1,7.97,0.032,81.0,0.32,,20.0,67.0,0.35,160.0,210.0,20.0,12.0,6.4,,249.0,0.25,,1.46,,0.5,0.039,0.047,0.1,0.13,0.012,29.0,,10.0,2.77,,9.5,0.2,13.1,24.3,1.1,0.5,0.0
10002,"Calmar ou calamar ou encornet, à la romaine (beignet), préemballé",229.0,9.5,1.0,3.45,4.04,0.036,0.048,0.089,90.0,26.7,2.5,1.0,8.69,2.13,32.1,0.1,1.0,18.8,20.4,0.11,236.0,88.8,3.0,852.0,1.0,2.0,50.0,0.2,,,,0.0,0.05,1.1,0.56,0.3,0.05,11.5,1.2,51.5,0.15,,0.15,,0.87,0.16,18.6,0.0,0.0
10037,"Calmar ou calamar ou encornet, bouilli/cuit à l'eau",149.0,1.4,0.24,,,,0.078,0.13,224.0,1.64,0.0,0.0,32.5,1.86,180.0,1.0,5.77,,60.0,0.21,,637.0,,744.0,3.46,203.0,,,,,,8.5,0.017,1.73,2.19,0.9,0.27,24.0,5.4,61.1,,,,,,,0.0,0.0,0.0
10001,"Calmar ou calamar ou encornet, cru",77.0,1.19,0.28,0.034,0.0024,0.0017,0.12,0.27,247.0,2.17,0.0,0.0,14.4,0.61,17.5,0.15,0.2,12.8,44.2,0.1,166.0,227.0,23.8,243.0,1.13,2.0,0.0,0.36,1.2,0.0,,4.7,0.04,0.032,1.57,0.24,0.096,11.0,3.15,80.9,0.0,,0.0,0.0,0.0,0.0,0.0,0.0,0.0
10084,"Calmar ou calamar ou encornet, frit ou poêlé avec matière grasse",173.0,7.48,1.88,,,,0.16,0.38,260.0,8.45,0.0,0.0,17.9,0.77,39.0,2.11,1.01,,38.0,0.07,251.0,279.0,51.8,306.0,1.74,11.0,,,,,,4.2,0.056,0.46,2.6,0.51,0.058,5.0,1.23,64.5,,,,,,,0.0,0.0,0.0
12006,Camembert au lait cru ou thermisé,267.0,20.3,14.1,3.57,0.26,0.07,0.01,0.01,64.6,0.0,0.2,0.0,20.7,1.45,380.0,0.02,0.09,20.0,18.0,0.03,370.0,160.0,20.0,580.0,2.8,181.0,0.0,0.25,0.21,3.1,,,0.015,0.6,10.9,0.44,0.26,88.0,1.61,55.9,0.2,,0.2,0.2,0.2,0.2,0.0,0.0,0.0
12007,Camembert au lait pasteurisé,275.0,21.5,12.6,,0.25,0.087,0.01,0.01,70.8,1.29,0.0,0.0,19.2,1.43,476.0,0.029,0.25,15.0,20.0,0.02,351.0,122.0,8.0,570.0,2.6,224.0,79.0,0.6,0.21,2.9,20.0,,0.04,0.63,0.2,0.29,0.23,62.0,0.91,55.1,0.01,0.01,0.01,0.01,0.01,0.01,0.0,0.0,0.0
12001,"Camembert, sans précision sur le type de lait (pasteurisé ou cru)",280.0,22.5,15.8,3.93,0.31,0.06,0.01,0.01,73.0,0.0,0.0,0.0,19.5,1.45,439.0,0.03,0.22,19.0,19.3,0.016,323.0,148.0,5.76,579.0,2.5,185.0,12.0,0.4,0.21,3.95,,0.0,0.048,0.54,1.37,0.67,0.24,89.0,1.03,54.8,0.1,0.1,0.1,0.1,0.1,0.1,0.0,0.0,0.0
25058,"Canard en sauce (poivre vert, chasseur, etc.), préemballé",145.0,7.3,,,,,,,,10.2,,0.0,9.55,,,,,,,,,,,,,,,,,,,,,,,,,,,,,,,,,,,0.0,0.0
36203,"Canard, cuisse avec peau, sans os, crue",104.0,3.1,1.05,,,,,,,0.3,,0.0,18.7,0.26,,,,,,,,,12.4,103.0,,,0.0,0.7,0.7,5.5,,,,,,,,13.0,0.25,72.3,,,,,,,,0.0,0.0
36206,"Canard, magret cru",337.0,29.4,8.95,,,,,,,0.1,0.1,0.0,17.9,0.21,5.0,,,,,,,,12.4,54.4,,,0.0,0.7,0.7,5.5,,,,,,,,13.0,0.25,53.2,,,,,,,,0.0,0.0
8111,"Canard, magret fumé",362.0,32.0,12.0,,,,0.0,,,0.5,0.5,0.0,18.0,2.75,,,,,,,,,12.4,1100.0,,,0.0,0.7,0.7,5.5,,,,,,,,13.0,0.25,,,,,,,,,0.0,0.0
36205,"Canard, magret grillé/poêlé",188.0,9.05,3.35,2.01,0.68,0.017,,,106.0,0.0,0.0,0.0,26.7,1.09,5.0,0.5,4.8,15.0,31.2,0.1,273.0,390.0,34.0,435.0,2.1,16.0,30.0,0.93,0.7,5.1,,3.5,0.38,0.88,13.5,3.4,0.98,20.0,3.3,61.9,,,,,,,,0.0,0.0
36201,"Canard, viande crue",127.0,5.95,2.32,0.97,0.39,0.079,0.0,0.0,77.0,0.0,0.0,0.0,18.3,0.19,11.0,0.25,2.4,1.2,19.0,0.019,203.0,271.0,23.0,74.0,1.9,24.0,0.0,0.1,0.7,2.8,3.6,5.8,0.36,0.45,5.3,1.6,0.34,25.0,0.4,73.8,0.0,,0.0,0.0,0.0,0.0,0.0,0.0,0.0
36204,"Canard, viande et peau crues",273.0,22.6,7.47,10.1,2.4,0.15,0.01,0.01,77.2,0.0,0.0,0.0,17.4,0.14,5.1,0.23,2.2,20.0,20.0,0.05,180.0,310.0,20.0,56.9,2.1,39.3,0.0,0.68,0.7,0.8,,0.5,0.18,0.72,4.87,1.97,0.26,24.9,1.65,58.6,0.0,,0.0,0.0,0.0,0.0,,0.0,0.0
36200,"Canard, viande et peau rôties/cuites au four",331.0,28.4,9.67,,,,0.0,0.0,84.0,0.0,0.0,0.0,19.0,0.15,11.0,0.23,2.7,,16.0,0.019,156.0,204.0,20.0,59.0,1.86,63.0,0.0,0.1,0.7,5.1,,0.0,0.17,0.27,4.83,1.1,0.18,6.0,0.3,51.8,,,,,,,,0.0,0.0
36202,"Canard, viande rôtie/cuite au four",194.0,11.2,3.95,3.86,1.02,0.07,0.0,0.0,119.0,0.0,0.0,0.0,23.3,0.39,6.78,0.35,3.35,4.0,35.8,0.036,203.0,392.0,9.08,154.0,1.92,23.0,0.0,0.1,0.7,3.8,,0.0,0.26,0.47,11.1,1.5,0.71,10.0,2.9,63.1,,,,,,,0.0,0.0,0.0
12325,Cancoillotte (spécialité fromagère fondue),151.0,10.5,7.06,2.01,0.17,0.04,0.01,0.01,26.0,0.48,0.0,0.0,13.8,1.73,260.0,0.1,0.13,20.0,8.0,0.02,425.0,59.0,4.5,692.0,1.4,65.2,,0.2,0.15,,,0.0,0.08,0.31,0.49,0.4,0.04,12.0,0.39,72.5,0.1,0.1,0.1,0.1,0.1,0.1,0.0,0.0,0.0
23022,Canelé,298.0,3.2,2.11,0.62,0.25,0.035,,,14.8,61.0,41.2,2.6,5.0,0.1,56.9,,,,,,,,,74.4,,,,,,,,,,,,,,,,26.3,0.2,,0.2,3.0,0.2,34.6,19.8,0.0,0.0
13113,"Canneberge ou cranberry, crue",35.4,0.17,0.011,,,,0.0,0.0,0.0,7.6,4.04,5.65,0.88,0.035,14.0,0.061,0.63,0.15,6.0,0.36,14.0,113.0,0.0,14.0,0.1,0.0,36.0,0.0,1.32,5.1,,14.2,0.012,0.015,0.5,0.3,0.057,1.0,0.0,86.6,0.63,0.0,3.28,0.0,0.0,0.13,0.0,,0.0
13178,"Canneberge ou cranberry, séchée, sucrée",332.0,1.0,0.2,0.55,0.12,0.03,0.01,0.01,0.0,76.4,72.8,5.7,0.25,0.013,8.0,0.04,0.16,,3.9,0.19,7.5,58.0,20.0,5.0,0.05,0.0,15.5,0.25,2.1,5.09,,0.5,0.015,0.01,0.1,0.19,0.43,0.0,0.0,14.6,28.4,0.1,32.0,0.1,0.63,11.8,0.35,0.0,0.0
11025,"Cannelle, poudre",243.0,1.24,0.35,0.25,0.059,0.0095,0.0,0.0,0.0,27.5,2.17,53.1,3.99,0.025,1000.0,0.34,8.32,,60.0,17.5,64.0,431.0,3.1,10.0,1.83,0.0,112.0,0.0,,31.2,,3.8,0.022,0.041,1.33,0.36,0.16,,0.0,10.6,1.11,0.0,1.04,0.0,0.0,0.02,,0.0,0.0
12724,Cantal,378.0,31.0,24.2,5.27,0.41,0.17,0.019,,,0.0,0.5,0.0,25.3,2.15,817.0,,,,,,511.0,,28.3,768.0,,,85.0,1.0,0.78,2.4,,,,,,,,27.0,0.88,,0.1,,0.1,0.1,0.1,0.1,0.0,0.0,0.0
12722,Cantal entre-deux,383.0,30.5,19.9,6.28,0.49,0.18,0.01,0.01,99.1,0.0,0.0,0.0,26.6,1.85,791.0,,,,,,,,28.3,741.0,,,85.0,1.0,0.78,2.4,,,,,,,,27.0,0.88,37.1,0.1,0.1,0.1,0.1,0.1,0.1,0.0,0.0,0.0
12109,Cantal jeune,363.0,29.1,18.8,,0.4,0.17,0.016,0.06,73.1,0.0,0.0,0.0,24.7,1.81,730.0,0.037,0.25,13.0,27.6,0.02,507.0,98.2,9.8,723.0,3.5,261.0,85.0,0.6,0.78,1.5,20.0,,0.03,0.39,0.2,0.14,0.05,27.0,1.3,40.6,0.01,,0.01,0.01,0.01,0.01,0.0,0.0,0.0
26108,"Capelan, cru",90.0,1.71,,,,,,,,0.0,0.0,0.0,18.7,0.27,,,,,,,,,,,,,,,,,,,,,,,,,,78.6,,,,,,,0.0,0.0,0.0
11040,"Câpres, au vinaigre",30.5,0.86,0.23,,,,0.0,0.0,0.0,3.5,0.41,3.6,2.18,4.06,40.0,0.37,1.67,,33.0,0.078,10.0,40.0,,1620.0,0.32,0.0,83.0,0.0,,24.6,,4.3,0.018,0.14,0.65,0.027,0.023,23.0,0.0,83.9,,,,,,,0.0,0.0,0.0
13054,"Carambole, chair et peau, crue",28.4,0.33,0.019,,,,0.0,0.0,0.0,3.83,3.83,2.8,1.04,0.005,3.0,0.14,0.08,0.4,10.0,0.037,12.0,133.0,0.6,2.0,0.12,0.0,25.0,0.0,0.15,0.0,,34.4,0.014,0.016,0.37,0.39,0.017,12.0,0.0,91.4,,,,,,,,,0.0
31046,Caramel liquide ou nappage caramel,324.0,0.0,0.0,0.0,0.0,0.0,0.0,0.0,0.0,81.0,61.0,0.0,0.0,0.013,,,,,,,,,,5.0,,0.0,,,,,,,,,,,,,,,,,,,,,,,0.0
26157,"Carangue, cru",104.0,2.7,,,,,,,,0.0,0.0,0.0,19.9,0.22,47.0,0.027,0.7,,30.0,,193.0,415.0,,89.0,0.42,,,,,,,0.0,0.19,0.1,5.6,,0.65,2.9,9.1,,,,,,,,0.0,0.0,0.0
11075,"Cardamome, poudre",321.0,6.7,,,,,0.0,0.0,0.0,40.5,,28.0,10.8,0.045,383.0,0.38,14.0,,229.0,28.0,178.0,1120.0,,18.0,7.47,0.0,,0.0,,,,21.0,0.2,0.18,1.1,,0.23,,0.0,8.28,,,,,,,,0.0,0.0
26084,"Cardine franche, crue",93.4,1.53,0.43,,0.014,0.009,,0.35,43.0,0.0,0.0,0.0,19.9,,,,,17.0,,,,,26.6,,,,0.0,2.8,0.63,0.1,,,,,,,,5.0,1.13,,,,,,,,0.0,0.0,0.0
20054,"Cardon, cru",13.7,0.1,0.011,,,,0.0,0.0,0.0,1.7,1.5,1.6,0.7,0.43,70.0,0.23,0.7,0.095,42.0,0.26,23.0,400.0,0.2,170.0,0.17,0.0,,0.0,0.19,,,2.0,0.02,0.03,0.3,0.34,0.12,,0.0,94.0,,,,,,,0.2,,0.0
20241,"Cardon, cuit",22.0,0.11,0.012,,,,0.0,0.0,0.0,3.63,,1.7,0.76,0.44,72.0,,0.73,,43.0,0.13,23.0,392.0,,176.0,0.18,0.0,,0.0,,,,1.7,0.018,0.031,0.29,0.097,0.042,,0.0,93.5,,,,,,,,,0.0
20007,"Carotte, appertisée, égouttée",21.8,0.19,0.068,0.007,0.078,0.011,0.0,0.0,0.0,3.29,2.49,1.88,0.7,0.57,25.0,0.1,0.64,2.0,8.0,0.45,24.0,179.0,0.85,229.0,0.26,0.0,5330.0,0.0,0.74,9.8,,2.7,0.018,0.03,0.55,0.14,0.11,9.0,0.0,93.0,,,,,,,0.47,0.13,0.0
20352,"Carotte, bouillie/cuite à l'eau (aliment moyen)",29.6,0.3,0.01,0.01,0.01,0.01,0.01,0.01,,5.73,5.1,3.3,0.25,0.12,28.0,0.09,0.19,20.0,9.4,0.14,17.0,140.0,20.0,46.0,0.22,0.0,8700.0,0.0,1.03,2.76,,0.52,0.0075,0.01,0.35,0.2,0.051,2.0,0.0,90.1,0.6,0.2,0.7,0.2,0.2,3.8,0.35,0.5,0.0
20305,"Carotte, bouillie/cuite à l'eau, croquante",33.1,0.3,0.01,0.01,0.01,0.01,0.01,0.01,,6.33,5.9,3.2,0.75,0.11,27.0,0.07,0.19,20.0,8.0,0.17,16.0,170.0,20.0,45.0,0.22,0.0,8470.0,0.0,1.03,2.36,,1.71,0.016,0.01,0.31,0.2,0.047,2.0,0.0,89.2,0.7,0.2,0.8,0.2,0.2,4.4,0.35,0.5,0.0
20306,"Carotte, bouillie/cuite à l'eau, fondante",29.6,0.3,0.01,0.01,0.01,0.01,0.01,0.01,,5.73,5.1,3.3,0.25,0.12,28.0,0.09,0.19,20.0,9.4,0.14,17.0,140.0,20.0,46.0,0.22,0.0,8700.0,0.0,1.03,2.76,,0.52,0.015,0.01,0.35,0.2,0.051,2.0,0.0,90.1,0.6,0.2,0.7,0.2,0.2,3.8,0.35,0.5,0.0
20009,"Carotte, crue",30.2,0.5,0.15,0.15,0.15,0.15,0.15,0.15,0.0,5.16,4.85,2.9,0.78,0.12,36.2,0.052,0.25,20.0,13.6,0.098,24.8,274.0,0.83,49.0,0.5,0.0,13200.0,0.1,0.66,6.5,,3.73,0.05,0.03,0.41,0.24,0.14,19.0,0.0,90.0,1.51,0.0,0.89,0.1,0.1,2.45,0.16,0.01,0.0
20353,"Carotte, cuite (aliment moyen)",33.0,0.2,0.026,0.022,0.045,0.0066,0.01,0.01,,6.24,5.67,3.43,0.37,0.11,27.4,0.074,0.2,20.0,9.59,0.15,17.6,172.0,20.0,45.7,0.22,0.0,8770.0,0.0,1.03,2.64,,0.76,0.011,0.01,0.37,0.22,0.055,2.0,0.0,89.3,0.66,0.2,0.76,0.2,0.2,4.24,0.35,0.5,0.0
20307,"Carotte, cuite à la vapeur",40.3,0.3,0.07,0.06,0.13,0.01,0.01,0.01,,7.33,6.9,3.7,0.63,0.11,26.0,0.04,0.22,20.0,10.0,0.18,19.0,240.0,20.0,45.0,0.21,0.0,8930.0,0.0,1.03,2.39,,1.28,0.018,0.01,0.41,0.26,0.066,2.0,0.0,87.7,0.8,0.2,0.9,0.2,0.2,5.2,0.35,0.5,0.0
20092,"Carotte, déshydratée",317.0,1.49,0.26,,,,0.0,0.0,0.0,56.0,38.8,23.6,8.1,0.69,212.0,0.37,3.93,,118.0,1.12,346.0,2540.0,,275.0,1.57,0.0,34000.0,0.0,,108.0,,14.6,0.53,0.42,6.57,1.47,1.04,,0.0,4.0,,,,,,,,,0.0
20261,"Carotte, purée",30.1,0.3,0.01,0.01,0.01,0.01,0.01,0.01,2.0,5.06,4.8,3.1,0.88,0.13,30.0,0.06,0.32,20.0,8.4,0.1,25.0,230.0,20.0,52.0,0.23,21.0,6060.0,,,1.66,,0.5,0.024,0.01,0.13,0.31,0.056,,,90.1,0.51,0.1,0.26,0.1,0.1,4.03,0.35,0.0,0.0
20298,"Carotte, purée cuisinée à la crème, préemballée",43.7,1.6,0.99,0.29,0.13,0.01,0.01,0.01,5.54,4.57,4.39,3.0,1.44,0.53,30.0,0.04,0.19,20.0,6.4,0.08,21.0,190.0,20.0,212.0,0.18,21.0,7330.0,,,5.76,,0.5,0.024,0.013,0.24,0.31,0.051,,,89.6,0.43,0.1,0.39,0.45,0.1,3.12,0.35,0.0,0.0
20208,"Carotte, surgelée, crue",33.6,0.46,0.047,0.004,0.11,0.007,0.0,0.0,0.0,4.95,4.69,3.3,0.78,0.17,36.0,0.074,0.44,,12.0,0.17,33.0,235.0,0.1,68.0,0.33,0.0,12800.0,0.0,0.66,17.6,,2.5,0.044,0.037,0.46,0.19,0.095,19.0,0.0,90.0,0.31,0.0,0.39,0.0,0.0,3.99,0.26,,0.0
25538,"Carpaccio de boeuf, avec marinade (huile, herbes, fromage), fait maison",271.0,23.0,7.38,,,,,,55.6,0.55,0.5,0.36,15.2,1.12,112.0,0.1,1.84,9.12,22.6,0.064,187.0,242.0,5.84,437.0,2.79,23.6,98.3,0.38,3.18,,,5.87,0.088,0.17,2.11,0.28,0.27,12.0,2.04,57.0,,,,,,,0.0024,0.0,0.0
25537,"Carpaccio de saumon avec marinade, fait maison",238.0,18.8,2.89,,,,0.4,0.57,51.9,0.22,,0.26,16.9,0.58,14.9,0.08,0.64,37.9,24.7,0.06,173.0,279.0,19.5,231.0,0.55,13.6,,4.23,3.25,,,4.21,0.25,0.08,6.26,1.46,0.55,16.3,4.33,64.3,,,,,,,0.02,0.0,0.0
27003,"Carpe,  élevage, crue",114.0,4.76,1.28,1.6,0.49,0.13,0.063,0.055,58.3,0.0,0.0,0.0,17.7,0.077,29.2,0.1,1.58,18.3,23.7,0.1,143.0,310.0,20.0,30.6,0.58,3.5,0.0,3.84,,0.1,,1.3,0.04,0.072,2.81,1.25,0.13,16.0,3.16,77.3,0.0,,0.0,0.0,0.0,0.0,0.0,0.0,0.0
27004,"Carpe, rôtie/cuite au four",151.0,7.17,1.27,,,,0.19,0.1,84.0,0.0,0.0,0.0,21.6,0.16,52.0,0.12,1.59,6.0,38.0,0.23,531.0,427.0,20.2,63.0,1.58,10.0,0.0,3.25,,,,1.6,0.14,0.07,2.1,0.87,0.22,17.0,1.47,69.6,0.0,,0.0,0.0,0.0,0.0,0.0,0.0,0.0
12025,Carré de l'Est,318.0,27.0,18.9,,,,,,,0.83,0.33,0.0,18.4,1.6,450.0,0.06,,21.0,20.0,0.02,350.0,140.0,5.0,630.0,6.0,,13.0,0.6,0.26,2.5,,,,,,,,12.0,1.47,,,,,,,,0.0,0.0,0.0
26055,"Carrelet ou plie ou plie commune, cru",88.6,0.94,0.2,0.071,0.0036,0.0016,0.091,0.077,44.5,0.0,0.0,0.0,20.0,0.2,127.0,0.1,0.21,191.0,28.5,0.1,174.0,352.0,31.4,79.5,0.49,2.0,0.0,1.11,0.63,0.15,1.2,1.5,0.42,0.096,4.32,1.29,0.25,9.5,0.64,77.7,0.0,0.0,0.0,0.0,0.0,0.0,0.0,0.0,0.0
26003,"Carrelet ou plie ou plie commune, cuit à la vapeur",93.0,1.89,0.22,,,,0.072,0.38,,0.0,0.0,0.0,19.0,,,0.05,,30.0,,0.04,,,30.4,,0.68,,0.0,3.5,0.77,0.1,,,,,,,,6.0,1.31,78.0,0.0,,0.0,0.0,0.0,0.0,0.0,0.0,0.0
26002,"Carrelet ou plie ou plie commune, pané, frit",271.0,16.8,2.0,,,,,,60.0,15.2,0.0,1.0,14.3,0.59,50.0,0.056,0.52,22.0,21.2,0.22,151.0,222.0,13.0,237.0,0.71,0.0,,0.0,0.0,0.0,,0.0,0.18,0.19,1.3,0.82,0.12,27.0,0.0,51.3,0.0,,0.0,0.0,0.0,0.0,,0.0,0.0
11064,"Carvi, graine",334.0,14.6,0.62,,,,0.0,0.0,0.0,11.9,0.64,38.0,19.8,0.043,689.0,0.91,16.2,,258.0,1.3,568.0,1350.0,,17.0,5.5,0.0,206.0,0.0,,0.0,,21.0,0.38,0.38,3.61,,0.36,,0.0,9.87,,,,,,,,0.0,0.0
13007,"Cassis, cru",70.2,0.41,0.034,0.058,0.12,0.06,0.0,0.0,0.0,9.68,9.68,7.13,1.4,0.005,55.0,0.086,1.54,1.35,24.0,0.26,59.0,322.0,1.1,2.0,0.27,0.0,100.0,0.0,1.37,,,181.0,0.05,0.05,0.3,0.4,0.066,,0.0,80.9,4.95,,4.24,0.0,0.0,0.49,0.0,,0.0
25099,"Cassoulet au canard ou oie, appertisé",161.0,7.86,2.43,2.26,0.73,0.11,,0.01,,10.1,1.09,3.86,10.5,1.05,,,,,,,,307.0,,416.0,,,,,,,,,,,,,,,,68.6,,,0.2,,0.2,0.4,,0.0,0.0
25098,"Cassoulet au porc, appertisé",132.0,6.3,2.2,,,,,,,8.6,1.8,4.0,8.3,1.1,,,,,,,,293.0,,500.0,,,,,,,,,,,,,,,,71.1,,,,,,,,0.0,0.0
25002,"Cassoulet, appertisé",129.0,5.77,2.07,,0.53,0.14,,,21.3,9.41,1.06,3.55,8.06,0.97,45.7,0.14,1.23,6.0,34.8,0.22,107.0,289.0,10.0,388.0,0.88,3.5,0.0,0.5,0.18,,,2.94,0.083,0.057,1.25,0.16,0.091,30.0,0.12,70.6,0.3,,0.2,,0.28,0.29,7.3,0.0,0.0
25624,"Caviar d'aubergine, préemballé",154.0,13.8,1.23,,7.58,0.022,,,,4.4,2.7,3.63,1.28,1.17,,,,,,,,,,562.0,,,,,,,,,,,,,,,,,0.75,,0.85,,0.3,0.3,,0.0,0.0
11215,Caviar de tomates,218.0,19.2,1.88,6.87,8.54,0.54,0.01,0.01,,6.8,6.5,3.5,2.19,2.09,61.0,0.18,1.0,20.0,24.0,0.19,42.0,470.0,20.0,835.0,0.29,0.0,2180.0,0.25,,21.1,,0.5,0.048,0.01,1.04,0.17,0.063,26.7,,64.3,4.2,,2.3,0.2,0.2,0.2,0.35,0.5,0.0
26005,"Caviar, semi-conserve",254.0,17.1,3.21,,,,1.36,1.77,,0.0,0.0,0.0,25.0,,,0.04,,117.0,,0.07,,,8.0,,0.8,,,,1.6,,,,0.49,0.071,0.08,0.28,0.08,25.0,5.45,,,,,,,,0.0,0.0,0.0
20078,"Céleri branche, appertisé, égoutté",13.1,0.15,0.1,,,,0.0,0.0,,1.38,0.8,2.0,0.63,0.54,29.2,0.04,,0.2,8.0,0.11,,281.0,1.0,213.0,0.14,0.0,56.0,,,,,,,,,,,,,95.0,,,,,,,,0.17,0.0
20023,"Céleri branche, cru",15.4,0.5,0.01,0.01,0.01,0.01,0.01,0.01,0.0,2.41,1.3,2.2,0.63,0.2,46.0,0.03,0.06,20.0,11.0,0.08,24.0,390.0,20.0,79.0,0.09,0.0,74.6,0.0,,4.86,,5.51,0.015,0.01,0.1,0.27,0.052,,0.0,93.4,0.44,0.35,0.51,0.2,0.2,0.2,0.35,0.8,0.0
20354,"Céleri branche, cuit (aliment moyen)",13.1,0.15,0.1,,,,0.0,0.0,,1.38,0.8,2.0,0.63,0.54,29.2,0.04,,0.2,8.0,0.11,,281.0,1.0,213.0,0.14,0.0,56.0,0.0,0.35,37.8,,,,,,,,22.0,0.0,95.0,,,,,,,,0.17,0.0
20314,"Céleri branche, cuit à l'étouffée",14.7,0.3,0.01,0.01,0.01,0.01,0.01,0.01,,2.48,1.7,1.5,0.75,0.35,31.0,0.04,0.12,20.0,8.3,0.07,24.0,340.0,20.0,138.0,0.08,0.0,47.8,0.0,0.35,1.26,,0.5,0.015,0.019,0.21,0.27,0.034,22.0,0.0,94.3,0.7,0.2,0.8,0.2,0.2,0.2,0.35,0.6,0.0
20315,"Céleri rave, bouilli/cuit à l'eau",26.2,0.3,0.09,0.05,0.1,0.01,0.01,0.01,,4.32,1.2,2.6,0.94,0.093,41.0,0.11,0.27,20.0,10.0,0.16,38.0,300.0,20.0,37.0,0.17,0.0,7.35,,,0.8,,0.87,0.019,0.02,0.36,0.28,0.074,,,91.0,0.2,0.2,0.2,0.2,0.2,1.2,0.35,1.8,0.0
20055,"Céleri-rave, cru",26.3,0.5,0.01,0.01,0.01,0.01,0.01,0.01,0.0,3.98,1.6,4.5,1.38,0.085,40.0,0.11,0.28,20.0,13.0,0.2,56.0,500.0,20.0,34.0,0.33,0.0,5.0,0.0,0.36,0.8,,2.87,0.059,0.041,0.3,0.59,0.2,8.0,0.0,88.8,0.2,,0.2,0.2,0.2,1.6,0.35,2.2,0.0
20025,"Céleri-rave, cuit",36.5,0.86,,,,,0.0,0.0,0.0,4.6,2.8,2.6,1.3,0.15,52.4,0.12,0.32,10.0,15.1,0.27,58.0,306.0,,58.2,0.24,0.0,50.0,0.0,0.22,,,2.7,0.05,0.05,0.92,0.41,0.07,,0.0,90.1,0.5,,1.1,0.5,0.5,1.7,0.5,,0.0
20278,"Céleri-rave, purée",26.2,0.18,0.0,,,,0.0,0.0,,2.83,2.11,4.01,1.37,0.12,50.0,,0.5,,,,,,,54.5,,0.0,,,,,,8.3,,,,,,,,91.4,0.3,,0.8,,0.3,1.31,,,0.0
13167,"Céréales instantanées, poudre à reconstituer, dès 4/6 mois",393.0,1.7,0.64,0.49,0.28,0.02,0.0002,0.0002,700.0,88.3,12.7,1.8,5.1,0.041,45.2,0.12,3.71,20.0,21.9,0.45,120.0,165.0,1.6,16.5,0.62,71.6,604.0,1.9,,,,42.7,0.66,0.04,5.02,1.33,0.38,100.0,0.44,2.2,0.4,,4.3,0.2,2.3,5.7,44.5,0.0,0.0
13168,"Céréales instantanées, poudre à reconstituer, dès 6 mois",391.0,2.0,0.61,0.34,0.35,0.023,0.0002,0.0002,1.72,81.1,32.8,4.3,10.0,0.037,95.8,0.18,6.1,20.0,36.0,0.72,230.0,235.0,2.03,14.7,0.88,123.0,10.0,3.77,,,,33.4,0.7,0.04,4.43,1.58,0.29,86.5,0.29,1.8,1.3,,8.97,0.8,11.3,10.5,36.0,0.0,0.0
32003,Céréales pour petit déjeuner (aliment moyen),402.0,7.21,1.96,3.02,1.44,0.074,0.0049,0.0043,0.81,73.2,21.2,5.99,7.96,0.6,165.0,0.3,7.91,2.98,62.3,1.4,182.0,321.0,2.81,241.0,2.33,7.62,55.2,3.15,,2.62,,6.04,0.86,0.92,9.29,1.47,0.95,,0.7,3.48,0.64,,0.8,0.48,0.84,18.6,47.3,0.0,0.0
32037,"Céréales pour petit déjeuner au chocolat et caramel, extrudées, enrichies en vitamines et minéraux",410.0,7.2,1.32,4.38,1.17,0.06,0.005,0.005,1.0,74.7,23.9,6.4,8.06,0.47,525.0,0.26,8.3,2.5,60.7,1.6,170.0,318.0,0.83,189.0,1.4,16.0,30.0,2.5,,1.7,,2.0,1.35,1.39,14.9,5.2,1.54,,0.1,0.6,0.01,,0.29,0.34,1.19,22.1,46.0,0.0,0.0
32038,"Céréales pour petit déjeuner au chocolat et caramel, extrudées, non enrichies en vitamines et minéraux",394.0,4.43,0.87,,,,0.0,0.0,,76.2,27.0,6.6,9.13,0.62,,,,,,,,,,,,,,,,,,,,,,,,,,,,,,,,,,0.0,0.0
32142,"Céréales pour petit déjeuner au miel ou caramel, soufflées ou extrudées, enrichies en vitamines et minéraux",388.0,4.6,0.76,2.53,1.1,0.05,0.003,0.003,1.0,75.4,21.8,6.3,7.44,0.91,395.0,0.19,8.4,2.5,58.2,1.6,186.0,222.0,4.0,363.0,1.3,16.0,69.0,0.9,,2.2,,2.0,0.44,1.06,12.0,3.22,1.17,,0.16,3.0,1.12,,1.46,0.01,0.39,18.8,48.8,0.0,0.0
32143,"Céréales pour petit déjeuner au miel ou caramel, soufflées ou extrudées, non enrichies en vitamines et minéraux",382.0,2.78,0.62,,,,0.0,0.0,,80.1,21.9,5.03,6.73,0.43,,,,,,,,,,,,0.0,,,,,,,,,,,,,,,,,,,,,,0.0,0.0
32001,"Céréales pour petit déjeuner chocolatées, non fourrées, enrichies en vitamines et minéraux",393.0,5.1,1.36,2.54,0.99,0.05,0.004,0.004,1.0,74.7,22.5,7.1,8.19,0.3,522.0,0.37,11.0,2.5,73.5,1.5,174.0,496.0,0.83,121.0,1.3,16.0,30.0,2.9,,1.5,,2.0,1.29,1.34,17.2,5.56,1.57,,0.1,1.5,0.14,0.1,1.29,0.01,1.16,19.9,45.2,0.0,0.0
32013,"Céréales pour petit déjeuner chocolatées, non fourrées, non enrichies en vitamines et minéraux",387.0,3.2,1.14,0.71,0.67,0.04,0.002,0.002,1.0,77.7,26.8,6.1,8.63,0.28,27.7,0.42,4.3,2.5,70.4,1.4,159.0,453.0,3.0,113.0,1.4,16.0,30.0,0.75,,1.8,,2.0,0.19,0.04,1.47,0.26,0.1,,0.1,2.7,0.05,,0.13,0.01,2.03,24.6,46.3,0.0,0.0
32016,"Céréales pour petit déjeuner fourrées au chocolat ou chocolat-noisettes, enrichies en vitamines et minéraux",440.0,15.0,3.57,5.6,3.97,0.26,0.008,0.008,1.9,67.0,26.3,4.4,7.06,0.88,138.0,0.27,5.8,13.0,50.9,1.0,161.0,255.0,4.0,353.0,1.1,16.0,352.0,0.0,,6.8,,2.0,1.52,1.52,7.8,0.56,1.49,,1.6,4.5,0.01,0.1,0.16,2.05,0.28,23.8,37.1,0.0,0.0
32017,"Céréales pour petit déjeuner fourrées au chocolat ou chocolat-noisettes, non enrichies en vitamines et minéraux",457.0,17.2,3.95,5.04,4.89,0.27,0.008,0.008,1.2,67.2,29.1,2.3,7.0,0.47,62.4,0.37,4.2,2.5,64.6,1.3,159.0,411.0,4.0,189.0,1.3,16.0,312.0,0.0,,7.8,,2.0,0.14,0.16,1.35,0.31,0.1,,0.1,4.4,0.01,,0.01,2.02,0.01,27.1,32.0,0.0,0.0
32018,"Céréales pour petit déjeuner fourrées au lait ou à la vanille, enrichies en vitamines et minéraux",429.0,13.4,4.16,3.02,4.42,0.06,0.007,0.007,11.9,63.9,26.0,4.9,10.4,0.56,183.0,0.24,4.7,28.0,74.1,1.4,294.0,471.0,7.0,224.0,1.9,20.2,85.0,1.3,,2.9,,2.0,0.74,1.29,11.5,0.8,0.98,,1.5,4.8,0.1,,0.23,8.2,0.13,17.3,32.9,0.0,0.0
32039,"Céréales pour petit déjeuner fourrées au lait ou à la vanille, non enrichies en vitamines et minéraux",440.0,14.5,3.23,4.05,4.8,0.23,0.007,0.007,4.1,67.5,26.8,3.4,7.94,0.53,124.0,0.14,1.0,13.0,39.3,0.95,174.0,259.0,4.0,213.0,1.2,16.0,30.0,0.0,,7.2,,2.0,0.12,0.17,0.34,0.49,0.07,,0.17,4.9,0.12,,0.18,4.75,0.16,21.6,32.2,0.0,0.0
32008,"Céréales pour petit déjeuner riches en fibres, au chocolat, enrichies en vitamines et minéraux",389.0,4.7,2.15,,,,0.0,0.0,0.0,71.9,19.5,9.7,9.23,0.19,40.0,,12.0,,120.0,,330.0,480.0,,310.0,2.0,,,2.8,,,,,0.94,1.2,14.0,5.0,1.25,170.0,1.1,3.0,,,,,,,45.0,0.0,0.0
32033,"Céréales pour petit déjeuner riches en fibres, aux fruits ou fruits à coque, enrichies en vitamines et minéraux",395.0,9.0,3.95,2.25,0.93,0.06,0.005,0.005,1.0,64.5,23.3,9.5,8.63,0.72,37.7,0.34,5.5,13.0,73.7,1.9,205.0,443.0,3.0,289.0,1.5,16.0,30.0,0.0,,5.0,,5.41,0.98,1.01,12.5,4.05,1.33,,1.1,5.4,6.05,,5.68,0.01,0.73,10.8,40.8,0.0,0.0
32034,"Céréales pour petit déjeuner riches en fibres, aux fruits ou fruits à coque, non enrichies en vitamines et minéraux",374.0,3.93,2.15,,,,0.0,0.0,0.0,71.1,22.3,9.9,8.53,1.51,,,,,,,,,,,,0.0,,,,,,,,,,,,,,,,,,,,,,0.0,0.0
32035,"Céréales pour petit déjeuner riches en fibres, nature, enrichies en vitamines et minéraux",361.0,2.13,0.6,,,,0.0,0.0,0.0,67.7,11.7,11.6,11.9,1.06,30.0,,8.97,,103.0,,317.0,485.0,10.5,467.0,2.0,,,,12.0,,,65.0,0.99,1.26,14.5,5.55,1.3,180.0,2.32,3.53,,,,,,,45.0,0.0,0.0
32036,"Céréales pour petit déjeuner riches en fibres, nature, non enrichies en vitamines et minéraux",368.0,1.85,0.4,,,,0.0,0.0,0.0,74.8,15.2,9.4,8.48,0.86,,,,,,,,,,,,0.0,,,,,,,,,,,,,,,,,,,,,,0.0,0.0
32116,"Céréales pour petit déjeuner très riches en fibres, nature, enrichies en vitamines et minéraux",327.0,3.8,0.75,,,,0.0,0.0,0.0,43.3,10.4,33.1,13.4,0.51,60.0,,8.8,,274.0,,610.0,820.0,,536.0,4.0,,,,10.0,,,26.0,0.69,0.88,10.0,4.98,0.88,250.0,1.6,3.0,,,,,,,28.0,0.0,0.0
32031,"Céréales pour petit déjeuner, enrichies en vitamines et minéraux (aliment moyen)",408.0,8.2,2.2,3.61,1.56,0.08,0.0057,0.0049,0.92,72.8,21.4,5.75,7.71,0.67,196.0,0.27,8.66,3.42,58.8,1.33,177.0,295.0,2.61,269.0,2.28,7.91,69.4,3.79,,2.89,,7.48,1.01,1.1,11.1,1.75,1.14,,0.86,3.23,0.7,,0.9,0.62,0.59,18.8,46.7,0.0,0.0
32032,"Céréales pour petit déjeuner, non enrichies en vitamines et minéraux (aliment moyen)",386.0,3.39,1.16,0.86,0.72,0.045,0.0026,0.0025,0.58,77.1,23.5,6.05,8.43,0.43,62.0,0.38,5.7,1.78,67.6,1.4,166.0,405.0,3.72,174.0,2.44,15.4,14.4,1.34,,1.66,,1.48,0.38,0.33,3.38,0.44,0.34,,0.19,3.05,0.34,,0.39,0.038,1.86,21.2,48.6,0.0,0.0
14006,"Cerf, viande crue",114.0,2.42,0.95,,,,0.0,0.0,85.0,0.0,0.0,0.0,23.0,0.13,5.0,0.25,3.4,,23.0,0.041,202.0,318.0,,51.0,2.09,0.0,0.0,,,1.1,,0.0,0.22,0.48,6.37,,0.37,4.0,6.31,73.6,,,,,,,0.0,0.0,0.0
14007,"Cerf, viande rôtie/cuite au four",150.0,3.19,1.25,,,,,,112.0,0.0,0.0,0.0,30.2,0.14,7.0,0.3,4.47,,24.0,0.046,226.0,335.0,,54.0,2.75,0.0,,,,,,0.0,0.18,0.6,6.71,,,,,65.2,,,,,,,0.0,0.0,0.0
11002,"Cerfeuil, frais",48.3,0.55,0.25,,0.092,0.2,0.0,0.0,0.0,6.25,0.6,2.55,3.31,0.025,273.0,0.073,0.8,2.8,34.0,1.7,20.3,597.0,0.1,5.0,1.1,0.0,0.0,0.0,,,,48.5,0.063,0.17,0.75,0.3,0.013,,0.0,86.8,,,,,,,,0.0,0.0
10999,"Cerfeuil, séché",302.0,3.9,0.17,,,,0.0,0.0,0.0,37.8,,11.3,23.2,0.21,1350.0,0.44,32.0,,130.0,2.1,450.0,4740.0,,83.0,8.8,0.0,,0.0,,,,50.0,0.38,0.68,5.4,,0.93,,0.0,7.2,,,,,,,,0.0,0.0
13055,"Cerise acérola, chair et peau, sans noyau, crue",30.7,0.3,0.068,,,,0.0,0.0,0.0,6.59,,1.1,0.4,0.018,12.0,0.086,0.2,,18.0,,11.0,146.0,0.6,7.0,0.1,0.0,,,,,,1680.0,0.02,0.06,0.4,0.31,0.009,14.0,0.0,91.4,,,,,,,,,0.0
13404,"Cerise acérola, chair et peau, sans noyau, crue, prélevée à la Martinique",3.1,0.097,,,,,0.0,0.0,0.0,,,,0.56,,,,,,,,,,,,,0.0,,,,,,2850.0,,,,,,,,93.1,,,,,,,,,0.0
13008,"Ceriser, chair et peau, sans noyau, crue",53.7,0.3,0.01,0.01,0.01,0.01,0.01,0.01,0.0,13.0,10.0,1.6,0.81,0.013,9.9,0.08,0.17,20.0,8.8,0.06,19.0,190.0,20.0,5.0,0.06,0.0,242.0,0.0,0.07,0.8,,4.09,0.015,0.012,0.1,0.14,0.04,4.0,0.0,85.7,4.6,,5.4,0.2,0.2,0.2,0.35,2.8,0.0
30730,Cervelas,278.0,24.8,9.37,10.7,3.28,0.27,0.0,,66.8,1.56,0.63,0.4,11.9,1.95,32.6,0.11,0.5,37.9,20.4,0.1,197.0,187.0,5.0,763.0,1.0,3.0,0.0,0.5,0.56,,,18.1,0.21,0.11,3.43,0.43,0.17,32.9,0.61,61.1,0.3,,0.5,0.0,0.3,0.3,,0.0,0.0
30732,"Cervelas à l'ail, pur porc",297.0,27.4,,,,,0.0,,,0.2,,0.0,12.5,,,,,,,,,,20.3,,,,0.0,1.1,0.22,1.3,,,,,,,,2.0,5.5,55.3,,,,,,,,0.0,0.0
30731,Cervelas obernois,305.0,27.5,11.5,,,,0.0,,,1.0,0.6,0.6,13.0,2.0,,,0.5,,,,,,20.3,800.0,,,0.0,1.1,0.22,1.3,,,,,,,,2.0,5.5,,,,,,,,,0.0,0.0
40002,"Cervelle, agneau, crue",121.0,8.58,2.19,,,,0.0,0.49,1350.0,0.49,,0.0,10.4,0.28,9.0,0.24,1.75,,12.0,0.044,270.0,296.0,9.0,112.0,1.17,0.0,,,,,,16.0,0.13,0.3,3.9,0.92,0.29,3.0,11.3,79.2,,,,,,,0.0,0.0,0.0
40003,"Cervelle, agneau, cuite",142.0,10.2,2.6,,,,0.0,0.59,2040.0,0.19,,0.0,12.6,0.34,12.0,0.21,1.68,1.0,14.0,0.059,337.0,205.0,12.0,134.0,1.36,0.0,,,,,,12.0,0.11,0.24,2.47,0.99,0.11,5.0,9.25,75.7,,,,,,,0.0,0.0,0.0
40004,"Cervelle, porc, braisée",174.0,13.8,3.14,2.13,0.07,0.0077,0.0039,0.46,2430.0,0.05,,0.0,12.4,0.33,14.0,0.31,1.5,20.0,15.0,0.03,390.0,230.0,70.0,131.0,1.2,21.0,,0.5,,0.8,,14.0,0.067,0.08,1.8,0.7,0.11,5.0,5.11,73.8,,,,,,,0.0,0.0,0.0
40005,"Cervelle, porc, crue",128.0,9.21,2.08,,,,,0.45,2200.0,1.02,,0.0,10.3,0.3,10.0,0.24,1.6,0.6,14.0,0.094,282.0,258.0,9.0,120.0,1.27,0.0,,,,,,13.5,0.16,0.28,4.28,2.8,0.19,6.0,2.19,78.4,,,,,,,0.0,0.0,0.0
40006,"Cervelle, veau, crue",116.0,8.21,1.91,,,,,,1590.0,0.33,,0.0,10.3,0.32,10.0,0.22,2.13,0.62,14.0,0.037,274.0,315.0,11.6,127.0,1.11,0.0,,,,,,14.0,0.13,0.26,4.3,2.72,0.28,3.0,12.2,79.8,,,,,,,0.0,0.0,0.0
40007,"Cervelle, veau, cuite",135.0,9.63,2.18,,,,,,3100.0,0.6,,0.0,11.5,0.39,16.0,0.26,1.67,1.0,16.0,0.038,385.0,214.0,11.0,156.0,1.61,0.0,,,,,,13.0,0.08,0.2,2.43,1.0,0.17,3.0,9.65,76.9,,,,,,,0.0,0.0,0.0
12830,Chabichou (fromage de chèvre),305.0,24.8,17.9,3.24,,0.12,,,97.3,1.5,0.5,0.0,19.4,1.45,104.0,0.1,0.35,30.0,14.1,,194.0,238.0,11.5,742.0,0.52,162.0,0.0,0.5,0.18,1.8,,,0.04,0.82,1.61,0.51,0.23,46.0,0.19,50.4,0.2,,0.2,0.2,0.2,0.2,0.0,0.0,0.0
13405,"Chadèque, chair sans peau, sans pépins, cru, prélevé à la Martinique",4.6,0.3,,,,,0.0,0.0,0.0,,,,0.48,,,,,,,,,,,,,0.0,,,,,,44.2,,,,,,,,90.6,,,,,,,,,0.0
30050,Chair à saucisse crue,323.0,29.1,,,,,,,,0.6,,0.0,14.7,1.39,14.1,,1.2,6.0,17.1,,,293.0,24.6,556.0,2.3,,,,,,,,,,,,,5.0,0.7,54.2,,,,,,,,0.0,0.0
30051,"Chair à saucisse, pur porc, crue",258.0,21.2,7.87,,,,,,72.0,0.0,,0.0,16.9,0.14,14.0,0.045,0.88,,19.0,0.01,175.0,287.0,,56.0,2.2,2.0,,0.0,0.28,,,0.7,0.73,0.24,4.34,0.67,0.38,5.0,0.7,61.1,,,,,,,,0.0,0.0
5207,Champagne,76.1,0.0,0.0,0.0,0.0,0.0,0.0,0.0,0.0,1.4,1.4,0.0,0.3,0.0048,7.15,0.0062,0.11,0.7,7.97,0.049,7.0,22.8,10.0,1.93,0.042,0.0,0.0,0.0,0.0,,,0.0,0.0,0.01,0.1,0.045,0.02,0.0,0.0,86.8,,,,,,,0.0,,9.9
20079,"Champignon de Paris ou champignon de couche, appertisé, égoutté",18.3,0.37,0.065,0.006,0.21,0.00059,0.0,0.0,0.14,0.64,0.0,2.5,2.0,0.63,22.2,0.17,0.9,5.0,4.85,0.027,47.0,72.1,1.0,251.0,0.44,0.0,10.0,0.0,0.01,0.0,,6.5,0.051,0.12,0.5,0.34,0.025,12.0,0.0,92.9,0.0,,0.0,,0.0,0.0,0.2,0.4,0.0
20102,"Champignon de Paris ou champignon de couche, bouilli/cuit à l'eau",28.7,0.47,0.061,,,,0.0,0.0,0.0,3.0,2.34,2.2,2.17,0.005,6.0,0.5,1.74,,12.0,0.12,87.0,356.0,11.9,2.0,0.87,0.0,0.0,0.2,0.01,0.0,,4.0,0.073,0.3,4.46,2.16,0.095,18.0,0.0,91.1,,,,,,,,0.4,0.0
20056,"Champignon de Paris ou champignon de couche, cru",21.0,0.36,0.067,0.003,0.12,0.00021,0.0,0.0,0.0,1.83,1.55,1.0,2.11,0.098,3.0,0.29,0.31,4.81,10.4,0.069,108.0,364.0,7.11,39.0,0.53,0.0,0.0,0.3,0.01,0.0,0.0,3.18,0.059,0.13,4.49,1.14,0.15,17.0,0.0,93.9,0.3,0.0,1.25,0.0,0.0,0.0,,0.28,0.0
20125,"Champignon de Paris ou champignon de couche, sauté/poêlé, sans matière grasse",38.4,0.6,0.18,0.16,0.18,0.01,0.01,0.01,0.0,4.53,0.0,0.9,4.44,0.028,2.7,0.39,0.31,20.0,14.0,0.05,140.0,540.0,20.0,11.0,0.81,0.0,5.0,0.2,,0.8,0.0,0.5,0.062,0.36,4.53,2.33,0.029,,0.0,88.4,0.2,0.2,0.2,0.2,0.2,0.2,0.35,3.0,0.0
20228,"Champignon de Paris ou champignon de couche, surgelé, cru",16.1,0.2,0.1,,,,0.0,0.0,0.0,0.93,0.25,1.97,1.87,0.02,10.0,,0.8,,,,,,9.3,5.0,,0.0,0.0,0.2,0.01,0.0,,4.0,,0.402,3.607,1.497,,17.0,0.04,93.2,,,,,,,,0.5,0.0
20202,"Champignon noir, séché",30.7,0.075,0.0,,,,0.0,0.0,0.0,,0.0,,7.5,0.088,,,,,,,,,,35.0,,0.0,,,,,,,,0.844,6.267,0.481,,,,,0.3,,0.3,,0.3,0.3,,6.24,0.0
20160,"Champignon, cèpe, cru",28.8,0.49,0.12,,,,0.0,0.0,0.0,2.0,1.28,2.12,3.23,0.048,22.7,0.23,1.07,,12.0,0.17,129.0,361.0,,21.0,0.4,0.0,,3.1,,,,2.83,0.21,0.32,4.45,2.7,0.18,,,90.3,0.26,,0.27,,,,,0.45,0.0
20103,"Champignon, chanterelle ou girolle, crue",24.7,0.53,0.5,,,,0.0,0.0,0.0,1.77,1.16,3.8,1.49,0.023,15.0,0.35,3.47,2.15,13.0,0.29,57.0,506.0,0.65,9.0,0.71,0.0,,5.3,,,,5.67,0.015,0.22,4.09,1.08,0.044,,0.0,89.9,0.0,0.0,1.16,0.0,0.0,0.0,,0.42,0.0
20212,"Champignon, lentin comestible ou shiitaké, cuit",60.9,0.22,0.05,,,,0.0,0.0,0.0,12.3,3.84,2.1,1.56,0.01,3.0,0.9,0.44,,14.0,0.2,29.0,117.0,,4.0,1.33,0.0,0.0,0.7,,0.0,,0.3,0.037,0.17,1.5,3.59,0.16,,0.0,83.5,,,,,,,,0.4,0.0
20211,"Champignon, lentin comestible ou shiitaké, séché",316.0,0.99,0.23,,,,0.0,0.0,0.0,63.9,2.21,11.5,9.58,0.033,11.0,5.17,1.72,,132.0,1.18,294.0,1530.0,46.1,13.0,7.66,0.0,0.0,3.9,0.0,0.0,,3.5,0.3,1.27,14.1,21.9,0.97,163.0,0.0,9.5,,,,,,,,6.24,0.0
20105,"Champignon, morille, crue",23.5,0.57,0.065,0.022,0.22,0.0,0.0,0.0,0.0,0.1,0.057,2.8,3.12,0.053,43.0,0.63,1.2,,19.0,0.59,194.0,411.0,,21.0,2.03,0.0,0.0,5.1,,,,5.0,0.069,0.21,2.25,0.44,0.14,,,89.6,0.0,0.0,0.057,0.0,0.0,0.0,,0.043,0.0
20159,"Champignon, oronge vraie, crue",10.7,0.3,0.07,,,,0.0,0.0,0.0,,1.0,1.7,2.0,0.013,17.0,,1.1,,,,89.0,320.0,,5.0,0.4,0.0,,2.1,0.12,,,3.0,0.1,0.31,4.0,,0.18,,,92.9,,,,,,,,0.45,0.0
20114,"Champignon, pleurote, crue",26.8,0.41,0.062,,,,0.0,0.0,0.0,1.5,1.07,2.3,3.31,0.045,3.0,0.24,1.33,,18.0,0.11,120.0,420.0,,18.0,0.77,0.0,29.0,0.7,,0.0,0.0,4.0,0.13,0.35,4.96,1.29,0.11,,0.0,89.2,0.0,0.0,1.07,0.0,0.0,0.0,0.0,0.43,0.0
20161,"Champignon, rosé des prés, cru",12.8,0.4,0.1,,,,0.0,0.0,0.0,,1.0,1.7,2.3,0.013,10.0,,1.2,,,,102.0,320.0,,5.0,0.4,0.0,,0.0,0.12,,,4.0,0.1,0.13,4.2,,0.18,,,92.1,,,,,,,,0.45,0.0
20011,"Champignon, tout type, appertisé, égoutté",24.9,0.29,0.038,,,,0.0,0.0,0.0,2.56,2.19,2.4,1.87,1.06,18.9,0.15,0.79,2.0,6.65,0.035,66.0,129.0,2.2,425.0,0.51,0.0,0.0,0.2,0.01,0.0,,0.0,0.085,0.021,1.59,0.81,0.061,12.0,0.0,91.1,,,,,,,,0.37,0.0
20010,"Champignon, tout type, cru",24.3,0.34,0.05,0.003,0.031,0.13,0.0,0.0,0.0,2.25,1.74,1.63,2.42,0.012,7.78,0.32,0.5,1.88,10.9,0.061,86.0,318.0,2.78,4.76,0.65,0.0,0.0,0.2,,0.0,0.0,2.1,0.081,0.4,3.61,1.5,0.1,,0.0,92.5,0.17,0.0,1.48,0.0,0.0,0.0,0.0,0.45,0.0
20106,"Champignon, truffe noire, crue",27.7,0.51,0.11,,,,0.0,0.0,0.0,,0.7,8.5,5.77,0.17,24.0,,3.5,,23.8,,62.0,447.0,,66.0,3.8,0.0,,0.0,0.12,,,1.0,0.05,0.09,2.0,,0.18,,,75.9,,,,,,,,0.45,0.0
25605,"Champignons à la grecque, préemballés",76.3,5.47,0.4,,,0.026,,,0.11,3.53,2.33,2.35,2.07,1.17,19.5,0.17,1.06,2.46,13.5,0.13,64.1,277.0,1.79,500.0,0.4,0.0,747.0,0.0,1.08,,,6.67,0.056,0.21,1.84,0.88,0.088,19.6,0.018,85.2,0.7,,1.0,0.3,0.3,0.3,0.99,,0.0
15063,"Chanvre ou chènevis, graine décortiquée",617.0,48.8,4.6,5.02,27.4,8.68,0.0,0.0,0.0,5.38,1.5,4.0,30.8,0.013,70.0,1.6,7.95,,700.0,7.6,1650.0,1200.0,,5.0,9.9,0.0,7.0,,0.8,,,0.5,1.28,0.29,9.2,,0.6,,,4.96,0.31,,0.2,0.07,0.07,0.85,,,0.0
12028,Chaource,278.0,22.9,15.8,3.97,0.46,0.09,0.01,0.01,83.0,0.58,0.2,0.0,17.3,1.9,110.0,0.03,0.06,20.0,12.0,0.03,220.0,130.0,20.0,760.0,0.56,236.0,78.2,0.25,0.26,0.89,,0.5,0.032,0.53,,0.36,0.2,63.2,1.6,56.0,0.2,,0.2,0.2,0.2,0.2,0.0,0.0,0.0
7500,Chapelure,365.0,1.6,0.46,0.15,0.76,0.05,0.002,0.002,1.0,74.3,4.29,5.4,9.41,0.72,26.8,0.17,1.1,2.5,31.3,0.56,113.0,208.0,2.0,288.0,0.81,16.0,30.0,0.0,,0.28,0.0,2.0,0.18,0.1,0.2,0.3,0.04,4.3,0.1,7.6,0.5,0.08,0.28,0.08,3.51,0.08,64.6,0.0,0.0
36050,"Chapon, viande et peau crues",195.0,12.8,1.5,,,,,,75.0,0.0,0.0,0.0,19.9,0.14,11.0,0.05,1.09,,21.0,0.02,183.0,217.0,14.6,57.5,1.17,37.0,0.0,,0.32,2.4,,1.7,0.064,0.13,7.27,0.97,0.36,6.0,0.34,63.2,,,,,,,,0.0,0.0
36051,"Chapon, viande et peau rôties/cuites au four",221.0,11.7,3.26,,,,0.01,0.03,86.0,0.0,,0.0,29.0,0.12,14.0,0.069,1.49,,24.0,0.021,246.0,255.0,21.6,49.0,1.74,,,,,,,0.0,0.07,0.17,8.95,1.1,0.43,6.0,0.33,58.7,,,,,,,,0.0,0.0
30900,Charcuterie (aliment moyen),241.0,17.5,6.73,6.52,1.68,0.16,0.0082,0.01,78.0,1.94,0.73,0.27,18.6,2.22,16.3,0.21,2.08,10.6,20.8,0.077,184.0,351.0,10.8,889.0,2.21,244.0,62.0,0.48,,,,,0.4,0.27,5.18,0.64,0.25,11.5,0.99,58.8,0.14,,0.29,,0.15,0.16,0.78,0.021,0.0
23531,Charlotte aux fruits,200.0,6.64,3.34,2.02,0.67,0.056,,,74.5,28.2,21.7,2.8,5.16,0.038,37.6,0.1,0.75,50.0,18.7,1.0,41.0,138.0,5.0,15.1,0.47,55.0,15.0,0.2,,,,8.15,0.04,0.13,0.43,0.43,0.05,23.0,0.15,55.7,10.5,,10.2,0.2,0.8,0.2,6.3,,0.1
15039,"Châtaigne ou marron, appertisé",145.0,1.4,0.4,,,,0.0,0.0,0.2,28.8,3.9,4.0,1.96,0.13,21.1,,1.0,,24.1,,51.0,359.0,,52.1,,0.0,,,,,,,0.05,0.07,1.5,0.44,0.22,,,62.7,0.5,,0.5,0.5,0.5,3.9,17.4,,0.0
15020,"Châtaigne, bouillie/cuite à l'eau",123.0,1.38,0.26,,,,0.0,0.0,0.0,23.0,0.0,4.5,2.0,0.068,46.0,0.47,1.73,0.1,54.0,0.85,99.0,715.0,2.2,27.0,0.25,0.0,10.0,0.0,1.0,,,26.7,0.15,0.1,0.73,0.32,0.23,,0.0,68.2,0.0,0.0,0.0,0.0,0.0,,22.8,,0.0
15024,"Châtaigne, crue",189.0,1.76,0.33,0.61,0.63,0.062,0.0,0.0,0.0,36.8,7.92,8.1,2.02,0.0063,23.0,0.43,0.98,0.1,31.0,0.64,65.5,501.0,0.9,2.5,0.51,0.0,0.0,0.0,,,,41.6,0.19,0.092,1.14,0.49,0.36,,0.0,50.3,,,,,,,28.8,,0.0
15021,"Châtaigne, grillée",211.0,1.7,0.27,0.25,0.47,0.073,0.002,0.002,0.0,41.1,11.3,7.1,3.34,2.0,28.5,0.44,1.1,2.5,46.4,1.8,93.3,627.0,2.0,2.0,0.72,0.0,50.0,0.0,0.5,0.6,,27.6,0.14,0.07,1.7,0.43,0.1,,0.0,44.4,0.3,0.0,0.3,0.3,0.34,11.0,26.8,0.0,0.0
23480,Chausson aux pommes,360.0,18.7,10.3,4.48,1.15,0.061,,,45.6,42.2,11.2,3.1,4.17,0.87,39.0,0.038,0.8,7.24,10.0,0.1,150.0,106.0,1.3,340.0,0.3,99.0,63.6,0.32,1.21,,,5.36,0.1,0.051,0.67,0.084,0.065,5.15,0.0,33.6,3.5,,3.6,0.2,2.0,2.1,25.2,0.0,0.0
20804,"Chayote ou christophine ou chouchou à peau blanche, chair sans peau, sans noyau, cuite à la vapeur, prélevée à la Martinique",28.9,0.033,,,,,0.0,0.0,,5.93,,1.9,1.21,,,0.063,,,,,,192.0,,,,0.0,,,,,,7.4,,,,,,,,90.4,,,,,,,1.97,,0.0
20806,"Chayote ou christophine ou chouchou à peau blanche, chaire sans peau, sans noyau, appertisée, non égouttée, prélevée à la Martinique",,,,,,,0.0,0.0,,,,1.0,,,,,,,,,,,,,,0.0,,,,,,0.23,,,,,,,,93.2,,,,,,,2.0,,0.0
20805,"Chayote ou christophine ou chouchou à peau verte, chair sans peau, sans noyau, cuite à la vapeur, prélevée à la Martinique",23.5,0.023,,,,,0.0,0.0,,4.6,,3.0,1.23,,,0.0019,,,,,,198.0,,,,0.0,,,,,,12.5,,,,,,,,90.7,,,,,,,1.67,,0.0
13177,"Chayote ou christophine ou chouchou, bouillie/cuite à l'eau",21.6,0.48,0.086,,,,0.0,0.0,0.0,2.29,,2.8,0.62,0.0025,13.0,0.11,0.22,,12.0,0.17,29.0,173.0,,1.0,0.31,0.0,,0.0,,,,8.0,0.026,0.04,0.42,0.41,0.12,,0.0,93.4,,,,,,,,,0.0
20807,"Chayote ou christophine ou chouchou, chair et peau, sans noyau, cuite à la vapeur, surgelée, prélevée à la Martinique",,,,,,,0.0,0.0,,,,1.6,,,,,,,,,,,,,,0.0,,,,,,6.1,,,,,,,,91.6,,,,,,,2.0,,0.0
20297,"Chayote ou christophine ou chouchou, chair sans peau, sans noyau, cuite à la vapeur, prélevée à La Réunion (Sechium edule)",20.9,0.3,0.01,0.01,0.01,0.01,0.01,0.01,,3.5,2.8,1.4,0.63,0.018,14.0,0.03,0.46,20.0,8.5,0.14,23.0,170.0,20.0,7.0,0.1,0.0,8.74,,,1.77,,0.5,0.015,0.01,0.35,0.32,0.024,,,93.4,1.4,0.2,1.4,0.2,0.2,0.2,0.7,0.0,0.0
13128,"Chayote ou christophine ou chouchou, crue",19.1,0.13,0.028,,,,0.0,0.0,0.0,2.8,1.66,1.7,0.82,0.005,17.0,0.12,0.34,,12.0,0.19,18.0,125.0,,2.0,0.74,0.0,0.0,0.0,,4.1,,7.7,0.025,0.029,0.47,0.25,0.076,,0.0,94.2,,,,,,,,,0.0
12726,Cheddar,399.0,32.6,20.1,6.67,0.45,0.19,0.019,0.06,103.0,1.2,0.15,0.0,24.7,1.77,739.0,0.045,0.25,37.7,28.5,0.023,509.0,79.9,14.1,707.0,3.8,386.0,177.0,0.6,0.78,2.8,20.0,0.0,0.03,0.4,0.2,0.2,0.05,27.0,1.3,36.4,0.01,,0.01,0.01,0.01,0.01,0.0,0.0,0.0
25414,"Cheeseburger, de restauration rapide",290.0,15.8,4.88,6.14,1.46,0.53,0.006,0.006,38.7,22.3,3.94,1.4,13.7,1.23,87.5,0.089,1.4,2.5,22.7,0.26,149.0,210.0,8.0,491.0,2.4,17.5,49.0,0.0,,12.3,2.93,2.0,0.39,0.1,1.55,0.21,0.13,,0.65,44.9,1.68,0.14,1.57,0.3,0.55,0.3,15.8,0.0,0.0
25644,"Cheeseburger, préemballé",265.0,13.0,5.24,,,,,,,22.7,4.55,1.47,13.6,1.21,,,,,,,,,,380.0,,,,,,,,,,,,,,,,,,,,,,,,0.0,0.0
23001,"Cheesecake, préemballé",337.0,19.7,11.4,4.69,0.9,0.15,0.01,0.01,86.0,34.1,21.3,0.7,5.44,0.44,55.0,0.04,0.34,20.0,12.0,0.14,84.0,110.0,20.0,174.0,0.41,172.0,53.4,0.25,,3.39,,0.5,0.059,0.14,0.1,0.42,0.031,12.0,0.2,39.2,0.4,,0.5,1.4,0.2,18.8,9.5,0.0,0.0
6905,"Cheval, entrecôte crue",118.0,3.34,1.08,0.69,0.33,0.24,,,,0.0,0.0,0.0,22.1,,,,2.84,,,,,,5.37,,2.51,,,,,,,,,,6.15,,0.66,,1.44,,,,,,,,0.0,0.0,0.0
6908,"Cheval, entrecôte grillée/poêlée",169.0,6.24,1.99,1.36,0.54,0.39,,0.0,,0.0,0.0,0.0,28.2,,,,3.38,,,,,,7.92,,3.18,,,,,,,,,,5.55,,0.66,,1.44,64.4,,,,,,,0.0,0.0,0.0
6904,"Cheval, faux-filet cru",121.0,3.58,1.17,0.79,0.32,0.26,,,,0.0,0.0,0.0,22.2,,,,2.55,,,,,,5.35,,1.91,,,,,,,,,,5.6,,0.66,,1.51,,,,,,,,0.0,0.0,0.0
6907,"Cheval, faux-filet grillé/poêlé",163.0,6.27,2.1,1.54,0.49,0.4,,0.0,,0.0,0.0,0.0,26.6,,,,3.3,,,,,,7.54,,2.25,,,,,,,,,,5.22,,0.69,,1.51,65.5,,,,,,,0.0,0.0,0.0
6909,"Cheval, faux-filet rôti/cuit au four",173.0,6.68,2.23,1.64,0.52,0.43,,0.0,,0.0,0.0,0.0,28.3,,,,3.3,,,,,,8.03,,2.4,,,,,,,,,,5.22,,0.69,,1.51,63.2,,,,,,,0.0,0.0,0.0
6901,"Cheval, steak ou bifteck cru",129.0,4.6,1.44,,,,,,52.0,0.4,0.0,0.0,21.4,0.13,6.0,0.14,3.82,1.2,24.0,0.019,221.0,360.0,12.2,53.0,2.9,0.0,,,,,,1.0,0.13,0.1,4.6,,0.38,,3.0,72.6,,,,,,,0.0,0.0,0.0
6903,"Cheval, tende de tranche crue",106.0,1.68,0.48,0.26,0.24,0.087,,,,0.0,0.0,0.0,22.7,,,,3.06,,,,,,5.22,,2.32,,,,,,,,,,5.39,,0.7,,1.63,,,,,,,,0.0,0.0,0.0
6906,"Cheval, tende de tranche grillée/poêlée",135.0,2.58,0.77,0.46,0.34,0.13,,0.0,,0.0,0.0,0.0,27.9,,,,3.99,,,,,,7.47,,3.32,,,,,,,,,,5.28,,0.69,,1.63,68.7,,,,,,,0.0,0.0,0.0
6910,"Cheval, tende de tranche rôtie/cuite au four",144.0,2.75,0.82,0.49,0.36,0.14,,0.0,,0.0,0.0,0.0,29.7,,,,3.99,,,,,,7.96,,3.53,,,,,,,,,,5.28,,0.69,,1.63,66.6,,,,,,,0.0,0.0,0.0
6900,"Cheval, viande crue",132.0,5.5,2.04,2.2,0.74,0.43,,,62.7,0.5,0.0,0.0,20.2,0.14,9.09,0.17,3.82,1.1,24.0,0.02,208.0,321.0,6.0,56.1,3.48,21.0,0.0,0.45,,0.0,,0.6,0.098,0.18,4.81,0.6,0.51,8.0,2.73,72.6,,,,,,,0.0,0.0,0.0
6902,"Cheval, viande rôtie/cuite au four",138.0,2.85,2.41,0.27,0.1,0.069,0.0013,0.00085,83.6,0.0,0.0,0.0,28.0,0.1,4.8,0.16,3.4,4.0,28.1,0.1,214.0,333.0,5.0,39.8,3.1,18.0,,0.5,,,,1.0,0.15,0.36,9.5,0.45,0.7,20.0,4.05,68.6,,,,,,,0.0,0.0,0.0
21800,"Chevreau, viande crue",103.0,2.31,0.71,,,,,,57.0,0.0,0.0,0.0,20.6,0.21,13.0,0.26,2.83,,,0.038,180.0,385.0,8.8,82.0,4.0,0.0,,,,,,0.0,0.11,0.49,3.75,,,5.0,1.13,75.8,,,,,,,0.0,0.0,0.0
21801,"Chevreau, viande cuite",136.0,3.03,0.93,,,,0.0,0.0,75.0,0.0,0.0,0.0,27.1,0.22,17.0,0.3,3.73,,,0.042,201.0,405.0,11.8,86.0,5.27,0.0,0.0,0.0,0.34,1.2,,0.0,0.09,0.61,3.95,,0.0,5.0,1.19,68.2,,,,,,,0.0,0.0,0.0
14005,"Chevreuil, viande crue",110.0,2.0,1.0,,,,,,,0.0,0.0,0.0,23.0,0.053,5.0,,3.4,,,,,,,21.0,,,,,,,,,,,,,,,,,,,,,,,0.0,0.0,0.0
14000,"Chevreuil, viande rôtie/cuite au four",174.0,4.8,1.25,,,,,,112.0,0.0,0.0,0.0,32.6,0.17,18.0,0.33,6.14,4.0,28.5,0.043,258.0,348.0,8.9,70.0,3.33,0.0,,,,2.0,0.7,0.0,0.2,0.65,6.11,,0.65,6.0,0.8,61.0,,,,,,,0.0,0.0,0.0
12846,Chevrot (fromage de chèvre),263.0,21.1,14.3,3.65,,0.11,,,73.4,1.42,0.49,0.0,17.2,1.02,92.9,0.1,0.23,27.5,12.4,,156.0,,9.25,407.0,0.31,131.0,54.0,0.5,0.18,1.8,,,0.04,0.7,1.03,0.98,0.094,69.3,0.19,59.1,0.2,0.2,0.2,0.2,0.2,0.2,0.0,0.0,0.0
31121,"Chewing-gum, sans précision sur la teneur en sucres (aliment moyen)",263.0,0.4,0.22,,,,0.0,0.0,0.0,79.9,25.4,2.71,0.23,0.022,2330.0,0.12,6.8,6.35,208.0,0.16,39.4,47.1,38.8,7.4,0.079,0.0,1.86,0.093,,0.3,,0.19,0.067,0.0063,0.063,1.09,0.0063,19.8,0.0,3.67,0.058,,1.83,0.056,0.61,22.9,0.22,41.3,0.0
31054,"Chewing-gum, sans sucres",206.0,0.25,0.17,,,,0.0,0.0,0.0,76.0,0.088,1.95,0.22,0.031,3700.0,0.09,5.2,20.0,130.0,0.2,60.0,73.0,50.0,10.3,0.09,0.0,0.0,0.0,,0.0,,0.0,0.11,0.01,0.1,1.73,0.01,31.5,0.0,4.3,0.03,,0.03,0.03,0.03,0.03,0.35,65.7,0.0
31007,"Chewing-gum, sucré",360.0,0.65,0.3,,,,0.0,0.0,0.0,86.4,68.1,4.0,0.25,0.013,18.0,0.16,9.5,0.2,340.0,0.09,4.6,3.5,20.0,5.0,0.06,0.0,5.0,0.25,,0.8,,0.5,0.0,0.0,0.0,0.0,0.0,0.0,0.0,2.6,0.13,0.1,4.88,0.1,1.61,61.5,0.0,0.0,0.0
15047,"Chia, graine, séchée",454.0,30.7,3.33,,5.84,17.8,0.0,0.0,0.0,7.72,,34.4,16.5,0.04,631.0,0.92,7.72,,335.0,2.72,860.0,407.0,55.2,16.0,4.58,0.0,,,0.5,,,1.6,0.62,0.17,8.83,,,49.0,0.0,5.8,,,,,,,,,0.0
18162,"Chicorée et café, instantané, sans sucres ajoutés, prête à boire (reconstituée avec de l'eau)",27.8,0.3,,,,,,,,6.06,0.43,0.6,0.56,0.022,11.0,0.02,0.2,20.0,35.0,0.1,15.0,160.0,20.0,8.93,0.05,0.0,5.0,0.25,,0.8,,0.5,0.015,0.01,1.53,0.055,0.86,5.5,,92.2,0.25,0.1,0.1,0.1,0.1,0.18,0.3,0.5,0.0
18153,"Chicorée et café, instantané, sans sucres ajoutés, prête à boire (reconstituée avec du lait demi-écrémé)",53.7,1.62,1.0,,,,,,4.4,5.9,5.0,0.46,3.74,0.13,117.0,0.0,0.37,10.4,13.2,0.0,,162.0,0.9,52.2,0.5,17.9,,0.01,0.16,,,,0.054,0.18,0.93,0.35,0.025,2.6,0.26,87.0,0.0,,0.0,4.5,0.0,0.0,0.6,0.0,0.0
18150,"Chicorée et café, poudre soluble",332.0,0.35,0.12,,,,0.0,0.0,0.0,66.9,,12.0,9.3,0.72,103.0,0.05,4.76,0.5,213.0,1.2,271.0,3400.0,,289.0,0.37,0.0,0.0,0.0,0.0,,,0.0,0.0,0.29,21.7,0.097,0.029,0.0,0.0,4.1,,,,,,,0.0,0.0,0.0
20162,"Chicorée rouge, crue",18.9,0.1,0.02,,,,0.0,0.0,0.0,1.6,1.6,3.0,1.4,0.018,36.0,,0.3,,,,30.0,180.0,,7.0,0.2,0.0,,0.0,0.57,,,10.0,0.07,0.05,0.3,,0.07,,,94.0,,,,,,,,,0.0
20163,"Chicorée verte, crue",16.1,0.5,0.12,,,,0.0,0.0,0.0,0.5,0.5,1.0,1.9,0.041,82.5,0.06,4.15,,17.0,0.3,45.0,498.0,,16.5,0.32,0.0,3250.0,0.0,0.57,,,46.0,0.06,0.53,0.3,,0.02,,,91.2,,,,,,,,,0.0
18161,"Chicorée, instantanée, sans sucres ajoutés, prête à boire (reconstituée avec du lait demi-écrémé)",93.5,7.1,,,,,,,,7.1,,0.59,0.0,0.13,,,,,,,,,,50.9,,,,,,,,,,,,,,,,,,,,,,,,0.0,0.0
18152,"Chicorée, poudre soluble",323.0,2.5,0.75,,,,0.0,0.0,0.0,57.2,21.7,29.2,3.3,0.39,109.0,0.1,5.5,0.5,65.0,0.1,223.0,,5.0,156.0,0.1,0.0,0.0,0.0,0.0,,,0.0,0.04,0.12,10.1,0.05,0.28,19.1,0.0,2.7,15.8,,3.0,0.5,0.5,2.9,0.5,0.0,0.0
25111,"Chili con carne, préemballé",118.0,3.35,1.13,1.12,0.23,0.12,0.0,0.0,14.6,13.0,2.58,3.56,7.13,0.93,32.8,0.15,1.6,2.0,27.3,0.2,78.5,282.0,,371.0,1.2,2.0,233.0,0.5,0.88,4.6,,2.25,0.088,0.068,1.25,0.16,0.15,44.0,0.35,74.2,0.49,0.0,0.34,0.0,0.0,1.03,4.6,0.0,0.0
26236,"Chinchard gras, cru",147.0,7.66,1.79,0.83,0.071,0.042,0.29,0.7,45.3,0.0,0.0,0.0,19.6,0.14,5.72,0.1,0.85,20.8,31.7,0.1,195.0,382.0,42.8,54.7,0.38,4.7,0.0,48.5,1.0,0.1,,,0.08,0.12,6.7,0.29,0.37,2.0,7.5,71.7,,,,,,,0.0,0.0,0.0
26235,"Chinchard maigre, cru",96.7,2.42,0.66,0.39,0.021,0.0093,0.14,0.34,49.6,0.0,0.0,0.0,18.7,0.16,20.1,0.1,0.96,37.3,31.7,0.1,206.0,386.0,16.6,62.0,0.36,4.0,0.0,41.2,1.0,0.1,,,0.1,0.12,4.12,0.38,0.3,2.0,6.99,77.4,,,,,,,0.0,0.0,0.0
26113,"Chinchard, cru",116.0,4.42,2.31,0.3,0.027,0.023,,0.43,47.0,0.0,0.0,0.0,19.0,,92.0,0.99,,,69.0,0.2,,986.0,26.0,,1.59,,0.0,9.1,1.0,0.1,,,,,,,,2.0,4.4,78.0,,,,,,,0.0,0.0,0.0
30115,Chipolata crue,253.0,20.6,7.61,8.44,1.8,0.17,,,55.5,1.0,0.32,0.4,15.8,1.58,20.0,0.8,0.48,7.0,16.6,0.2,144.0,404.0,5.44,722.0,1.76,,0.0,0.19,0.34,,,,0.4,,4.6,,0.21,1.5,0.36,62.2,,,,,,,0.3,0.0,0.0
30005,Chipolata cuite,283.0,22.4,8.27,8.51,2.61,0.27,0.01,0.01,75.2,0.8,0.4,0.0,18.8,2.15,19.0,0.07,0.79,20.0,23.0,0.04,170.0,370.0,20.0,859.0,2.0,21.0,0.0,0.46,0.39,5.7,,11.0,0.38,0.041,4.66,0.66,0.13,5.0,0.81,55.4,0.2,0.2,0.4,0.2,0.2,0.2,0.35,0.5,0.0
13406,"Chips d'abricot pays, prélevé à la Martinique",446.9,18.7,,,,,0.0,0.0,0.0,68.7,33.3,6.2,0.96,,,,,,,,,,,,,0.0,297.0,,,,,0.2,,,,,,,,5.13,3.37,,4.47,,,25.5,,,0.0
20801,"Chips de chair de giraumon (variété locale), prélevé à la Martinique",49.2,,,,,,0.0,0.0,,12.3,0.44,8.4,,,,,,,,,,2400.0,,,,0.0,326.0,,,,,,,,,,,,,,0.29,,0.054,,,0.09,11.9,,0.0
20802,"Chips de chair de giraumon (variété phoenix), prélevé à la Martinique",55.6,,,,,,0.0,0.0,,13.9,0.2,8.7,,,,,,,,,,2580.0,,,,0.0,767.0,,,,,,,,,,,,,,0.037,,0.036,,,0.12,13.7,,0.0
38105,"Chips de maïs ou tortilla chips, aromatisé",499.0,25.4,10.4,7.05,2.98,0.049,,,,59.1,2.79,4.16,6.53,1.49,134.0,0.1,1.38,7.5,87.0,0.37,252.0,259.0,4.18,590.0,1.43,0.0,,0.0,5.85,1.4,0.0,0.0,0.048,0.06,1.3,0.6,0.2,43.0,,2.6,0.31,0.065,0.41,1.02,0.0,0.99,56.3,0.0,0.0
38417,"Chips de maïs ou tortilla chips, nature",488.0,22.5,7.5,5.17,9.6,0.23,0.0,0.0,0.0,62.6,1.1,4.33,6.1,0.88,106.0,0.097,1.52,,84.0,0.39,225.0,182.0,,350.0,1.38,0.0,1.0,0.0,,20.9,,0.0,0.14,0.07,0.84,0.3,0.18,12.0,0.36,2.64,0.0,0.0,0.0,0.0,0.0,0.78,61.5,0.0,0.0
4004,Chips de pommes de terre nature ou aromatisées,532.0,32.7,2.92,23.7,2.03,0.04,0.01,0.01,0.7,51.0,1.49,4.7,6.0,1.35,27.0,0.22,1.2,20.0,66.0,0.35,140.0,1300.0,20.0,652.0,0.82,21.0,5.0,0.5,,5.02,,8.26,0.13,0.014,19.4,0.85,0.44,31.6,0.0,1.4,0.2,0.0,0.2,0.2,0.2,0.4,48.8,0.0,0.0
4037,"Chips de pommes de terre nature ou aromatisées, à l'ancienne",551.0,36.9,3.25,26.7,2.44,0.05,0.01,0.01,0.72,46.7,1.02,4.7,5.62,1.41,21.0,0.19,0.98,20.0,55.0,0.25,120.0,1100.0,20.0,702.0,0.6,21.0,5.0,0.5,,4.56,,5.07,0.31,0.02,4.74,0.83,0.35,27.3,,2.0,0.2,,0.2,0.2,0.2,0.7,43.5,0.0,0.0
4038,"Chips de pommes de terre nature ou aromatisées, allégées en matière grasse (et assimilés )",481.0,22.1,1.98,14.0,1.33,0.03,0.01,0.01,1.01,61.4,1.41,4.78,6.57,1.08,56.0,0.25,1.2,20.0,67.0,0.26,210.0,1300.0,20.0,487.0,0.87,,9.62,,,2.56,,,0.32,0.029,2.56,1.57,0.43,254.0,0.049,1.3,0.2,,0.2,0.2,0.2,1.41,54.9,0.0,0.0
4050,"Chips de pommes de terre nature ou aromatisées, sans sel ajouté",503.0,30.8,2.87,,,,0.0,0.0,,47.6,0.83,5.05,6.2,0.033,,,,,,,,,,,,,,,,,,,,,,,,,,,,,,,,,,0.0,0.0
38104,"Chips, beignet ou pétale à la crevette",508.0,26.6,2.4,,14.7,0.062,,,13.0,63.7,7.1,1.0,3.1,1.53,46.0,1.0,1.4,194.0,15.5,1.0,42.0,41.5,3.0,610.0,1.0,2.0,50.0,0.2,,,,,0.05,0.05,0.05,0.1,0.05,5.1,0.22,3.5,,,0.17,,0.2,6.93,42.5,0.0,0.0
20997,"Chlorelle (chlorella), séchée ou déshydratée",420.2,11.4,1.84,,,,,,0.0,30.9,,,48.5,0.29,372.0,1.24,177.0,,358.0,8.17,1510.0,1040.0,36.1,115.0,2.01,0.0,18300.0,,22.0,1350.0,,75.6,1.06,3.96,24.2,5.87,1.58,1540.0,,3.72,,,,,,,,0.0,0.0
31009,"Chocolat au lait aux céréales croustillantes, tablette",515.0,26.6,16.7,5.78,0.74,0.039,0.0,0.0,23.0,60.6,50.8,2.59,7.15,0.52,166.0,0.49,2.65,23.0,48.0,0.48,207.0,370.0,,205.0,2.29,65.0,0.0,0.0,,5.7,,0.6,0.13,0.32,0.67,0.47,0.055,11.0,0.8,1.52,,,0.23,,0.2,39.0,8.1,,0.0
31018,"Chocolat au lait aux fruits secs (noisettes, amandes, raisins, praline), tablette",559.0,35.9,17.0,17.0,1.81,0.11,0.0,0.0033,17.5,48.7,43.6,3.52,8.43,0.25,187.0,0.44,1.4,17.0,61.0,1.1,206.0,617.0,10.0,101.0,0.98,37.0,22.0,0.5,,0.0,,0.1,0.13,0.39,0.57,0.8,0.4,42.0,0.32,1.12,0.2,,0.2,8.41,0.2,35.0,2.5,,0.0
31084,"Chocolat au lait fourré au praliné, tablette",559.0,34.9,16.4,11.2,1.92,0.062,0.015,0.015,14.3,52.9,49.9,2.51,7.29,0.2,150.0,0.42,3.2,20.0,70.0,0.83,210.0,420.0,50.0,81.3,1.2,37.7,31.2,0.5,,3.03,,0.5,0.094,0.28,0.33,0.57,0.041,14.7,0.99,0.6,0.2,,0.19,6.55,0.2,43.2,0.9,,0.0
31020,"Chocolat au lait sans sucres ajoutés, avec édulcorants, tablette",487.0,34.6,21.2,,,,,,,54.2,11.3,2.0,5.75,0.34,130.0,,,,,,150.0,,,135.0,,,,,,,,,,,,,,,,,,,,,,,,42.6,0.0
31004,"Chocolat au lait, tablette",550.0,30.8,18.7,9.19,0.95,0.08,0.01,0.01,22.1,58.9,56.3,2.9,7.5,0.2,220.0,0.29,3.6,33.7,59.0,0.35,230.0,510.0,20.0,78.0,1.1,40.1,32.8,1.5,,5.87,,1.58,0.071,0.26,0.18,1.26,0.066,18.7,0.54,0.37,0.1,0.1,0.1,11.5,0.1,44.8,2.6,0.0,0.0
31026,"Chocolat blanc aux fruits secs (noisettes, amandes, raisins, praliné) , tablette",579.0,39.1,21.8,14.0,1.65,0.068,,0.01,,48.0,45.1,2.43,7.64,0.29,230.0,,,,,,,,,115.0,,,,,,,,,,,,,,,,0.5,,,0.25,,0.2,32.1,,,0.0
31010,"Chocolat blanc, tablette",563.0,34.2,21.3,9.37,0.94,0.071,0.005,0.0067,23.0,57.1,56.0,1.0,6.16,0.22,281.0,0.0,0.2,0.8,26.5,0.0,230.0,350.0,3.0,88.0,0.9,6.5,75.0,0.0,1.14,,,0.0,0.08,0.49,0.2,0.59,0.07,10.0,0.0,0.81,0.2,,0.15,13.1,0.22,42.7,0.0,,0.0
18106,"Chocolat chaud, boisson instantanée, sucrée, enrichie en vitamines, prête à boire (reconstituée avec du lait demi-écrémé)",71.4,1.71,0.99,0.38,0.039,0.0098,,,,9.91,,0.5,4.08,,,,,,,,,,,,,,,,,,,,,,,,,,0.07,83.2,,,,,,,,0.0,0.0
18104,"Chocolat chaud, boisson instantanée, sucrée, prête à boire (reconstituée avec du lait demi-écrémé)",65.9,1.42,0.85,0.33,0.035,0.0081,,,7.0,9.5,8.68,0.0,3.78,0.12,97.1,0.11,0.87,24.3,27.5,0.1,,239.0,10.0,46.2,0.5,15.3,,0.083,,,,0.0,0.037,0.16,0.15,0.34,0.03,3.2,0.085,84.7,0.0,,0.0,4.17,0.0,4.51,,0.0,0.0
31085,"Chocolat noir 40% de cacao et plus, à pâtisser, tablette",546.0,33.1,22.0,9.57,0.93,0.069,,0.01,1.73,51.4,41.6,8.76,6.39,0.015,46.0,,4.35,,130.0,,186.0,300.0,,5.36,1.3,0.0,54.0,0.0,1.44,,,0.28,0.07,0.07,0.6,,0.03,12.0,,0.9,,,0.11,,0.2,41.5,0.0,,0.0
31005,"Chocolat noir 50 % de cacao environ, tablette",521.0,29.6,19.0,9.03,0.88,0.06,0.01,0.01,0.6,53.0,46.3,8.31,5.98,0.035,40.0,1.0,3.5,20.0,100.0,1.2,190.0,490.0,20.0,10.2,2.0,21.0,21.3,0.25,,0.8,1.5,0.1,0.15,0.065,0.5,0.22,0.14,22.3,0.0,0.7,0.2,,0.2,0.37,0.2,45.9,4.6,,0.0
31074,"Chocolat noir 70 % de cacao environ, de dégustation, tablette",591.0,46.3,28.7,13.7,1.33,0.09,0.01,0.04,6.07,26.9,17.9,12.8,10.4,0.02,62.0,1.6,11.0,20.0,200.0,1.7,280.0,750.0,20.0,8.0,3.0,21.0,5.0,2.16,0.59,7.39,,0.5,0.13,0.11,0.49,0.44,0.01,52.0,0.0,0.9,0.2,,0.2,0.2,0.2,17.9,4.4,0.5,0.0
31069,"Chocolat noir aux fruits (orange, framboise, poire), tablette",539.0,34.4,22.5,9.97,1.18,0.063,0.018,0.011,2.4,45.3,35.7,10.3,6.8,0.078,76.0,,4.0,,102.0,,,,,31.3,,,,,,,,0.5,,,,,,,,1.2,,,3.76,,0.99,30.9,,,0.0
31070,"Chocolat noir aux fruits secs (noisettes, amandes, raisins, praline), tablette",567.0,39.0,17.5,15.5,2.0,0.07,0.01,0.01,0.88,40.7,38.2,8.4,8.69,0.03,64.0,1.1,8.7,,140.0,1.8,230.0,510.0,20.0,12.0,2.0,0.0,18.7,1.09,,4.93,,0.5,0.087,0.052,0.41,0.57,0.05,41.7,0.0,0.9,0.21,0.1,0.1,0.21,0.1,37.6,2.3,0.0,0.0
31072,Chocolat noir fourrage confiseur à la menthe,445.0,16.0,11.0,2.46,0.39,0.02,0.01,0.01,3.22,70.2,69.0,4.0,2.9,0.0,14.0,0.4,3.0,20.0,48.0,0.43,70.0,150.0,20.0,0.0,0.7,21.0,17.8,,,0.8,,0.5,0.042,0.03,1.46,0.16,0.032,13.9,0.14,6.2,9.0,,10.1,0.2,1.2,48.7,,,0.0
31080,"Chocolat noir fourré praliné, tablette",559.0,34.8,16.9,13.8,2.0,0.067,0.017,0.017,7.92,52.4,48.8,5.07,6.38,0.039,70.0,0.84,6.1,20.0,110.0,1.4,180.0,400.0,50.0,13.7,1.7,21.0,26.8,0.5,,2.25,,0.5,0.11,0.08,0.76,0.85,0.05,32.2,0.32,0.5,0.2,,0.2,1.1,0.2,45.5,1.5,,0.0
31030,"Chocolat noir sans sucres ajoutés, avec édulcorants, en tablette",525.0,42.3,26.6,,,,,,,34.1,2.0,10.2,8.48,0.0063,45.6,1.7,22.8,,152.0,1.39,225.0,793.0,10.0,1.7,2.51,,,,,,,,,,,,,,,,,,,,,,,28.9,0.0
31120,"Chocolat, tablette (aliment moyen)",552.0,34.2,20.3,10.4,1.2,0.073,0.011,0.01,12.8,50.4,45.2,5.96,7.57,0.13,142.0,0.66,4.96,20.7,93.2,0.83,227.0,519.0,11.8,52.5,1.6,26.9,26.9,1.12,,4.83,,0.76,0.095,0.21,0.34,0.81,0.061,24.9,0.38,0.74,0.21,,0.65,6.7,0.2,38.8,2.82,,0.0
25205,"Chop suey (porc ou poulet, légumes), préemballé",78.2,3.0,,,,,,,,7.8,,0.0,5.0,,,,,,,,,,,,,,,,,,,,,,,,,,,,,,,,,,,0.0,0.0
30315,Chorizo,425.0,36.1,14.3,15.3,5.3,0.29,0.0,,,1.24,1.24,0.93,23.5,4.24,,,,7.0,,,,,18.6,1690.0,,,663.0,1.5,0.22,0.0,,,,,,,,0.0,2.0,34.0,,,,,,,,0.0,0.0
30317,"Chorizo supérieur, doux ou fort, type charcuterie en tranches",320.0,23.9,8.8,8.79,3.28,0.21,0.01,0.01,75.0,1.47,1.47,0.3,22.6,4.3,28.0,0.1,1.4,20.0,30.0,0.23,300.0,650.0,20.0,1720.0,2.7,21.0,0.0,0.73,0.22,0.0,,,0.35,0.21,4.92,1.19,0.32,49.1,0.82,43.6,0.2,,0.56,0.91,0.2,0.2,0.0,0.0,0.0
30316,"Chorizo supérieur, doux ou fort, type saucisse sèche",474.0,41.9,16.0,15.6,4.91,0.35,0.01,0.01,111.0,1.87,1.87,0.53,20.9,3.91,24.0,0.11,1.8,30.0,27.0,0.27,220.0,490.0,20.0,1560.0,2.0,21.0,0.0,0.83,0.22,0.0,,,0.39,0.22,6.14,1.24,0.27,51.4,1.11,28.0,0.14,,0.86,0.86,0.2,0.2,0.0,0.0,0.0
23456,"Chou à la crème chantilly, Saint-honoré",337.0,25.0,13.6,4.94,,0.12,0.0092,,122.0,22.9,8.9,1.0,4.63,0.37,71.6,1.0,1.0,10.0,9.2,1.0,75.0,108.0,27.2,149.0,1.0,211.0,50.0,0.2,,,,,0.05,0.08,0.05,0.36,0.05,50.8,0.65,44.3,2.7,,0.5,1.8,0.5,4.4,6.9,0.0,0.0
23457,Chou à la crème pâtissière,225.0,7.3,3.38,1.77,,0.051,0.0013,,63.0,34.9,10.7,1.0,4.31,0.25,71.6,1.0,1.0,10.0,10.0,1.0,76.0,99.5,9.6,99.5,1.0,17.0,50.0,0.2,,,,,0.05,0.05,0.05,0.37,0.05,51.2,0.57,51.7,5.9,,2.6,1.7,0.5,0.5,8.1,0.0,0.0
23455,"Chou à la crème, sans précision (chantilly ou pâtissière)",325.0,22.9,14.5,5.09,0.72,0.1,0.01,0.01,189.0,25.1,16.7,0.5,4.5,0.28,31.0,,0.7,,,,66.0,360.0,,110.0,0.1,253.0,88.0,,1.25,,,0.0,0.02,0.07,0.3,,0.03,8.0,,46.4,0.21,0.1,0.53,2.1,0.18,13.7,7.5,0.0,0.0
20308,"Chou blanc, bouilli/cuit à l'eau",20.8,0.3,0.01,0.01,0.01,0.01,0.01,0.01,,3.23,2.8,2.7,1.0,0.018,42.0,0.07,0.19,20.0,6.4,0.08,19.0,120.0,20.0,7.0,0.07,0.0,5.0,0.0,0.14,13.0,,13.3,0.015,0.01,0.18,0.059,0.048,30.0,0.0,92.9,1.0,0.2,1.4,0.2,0.2,0.4,0.35,0.5,0.0
20116,"Chou blanc, cru",35.2,0.6,0.27,0.16,0.06,0.04,0.01,0.01,0.0,4.63,4.2,3.5,1.38,0.033,59.0,0.02,0.3,20.0,11.0,0.1,33.0,240.0,20.0,13.0,0.16,0.0,5.0,0.0,,9.6,,8.88,0.04,0.01,0.2,0.18,0.17,,0.0,90.0,1.8,,2.4,0.2,0.2,0.2,0.35,0.5,0.0
20340,"Chou chinois pak choï ou pak choy (feuilles vertes ressemblant à des blettes), cru",14.6,0.2,0.027,0.014,0.039,0.051,0.0,0.0,0.0,1.2,1.18,1.0,1.5,0.16,105.0,0.021,0.8,,19.0,0.16,37.0,252.0,0.5,65.0,0.19,0.0,2680.0,0.0,0.09,45.5,,45.0,0.04,0.07,0.5,0.088,0.19,66.0,0.0,95.3,,,,,,,,,0.0
20339,"Chou chinois pak choï ou pak choy (feuilles vertes ressemblant à des blettes), cuit",12.8,0.16,0.021,,,,0.0,0.0,0.0,0.78,0.78,1.0,1.56,0.085,93.0,0.019,1.04,,11.0,0.14,29.0,371.0,,34.0,0.17,0.0,2550.0,0.0,0.09,34.0,,26.0,0.032,0.063,0.43,0.079,0.17,,0.0,95.6,,,,,,,,,0.0
20167,"Chou chinois pé-tsaï, cru",16.4,0.2,0.042,0.02,0.015,0.055,0.0,0.0,0.0,2.1,0.82,0.73,1.25,0.023,30.4,0.021,0.31,0.3,13.0,0.19,40.2,238.0,0.29,9.0,0.11,0.0,2681.0,0.0,0.09,80.0,,21.0,0.04,0.05,0.4,0.11,0.14,66.0,0.0,95.2,,,0.82,,,,,,0.0
20221,"Chou chinois pé-tsaï, sauté/poêlé",18.9,0.5,0.15,0.15,0.15,0.15,0.15,0.15,,2.77,2.72,1.6,1.06,0.043,54.0,0.023,0.28,2.5,10.2,0.081,39.4,285.0,0.83,17.0,0.5,0.0,30.0,0.1,0.09,10.3,,11.4,0.02,0.02,0.2,0.05,0.11,41.0,0.0,94.2,1.27,,1.46,0.1,0.1,0.1,0.1,0.0,0.0
20077,"Chou de Bruxelles, appertisé, égoutté",37.8,0.53,0.097,,,,0.0,0.0,0.0,4.1,2.5,3.3,2.5,0.57,26.3,0.03,0.7,1.0,12.2,0.1,53.0,252.0,1.5,222.0,0.2,0.0,465.0,0.0,0.69,,,18.0,,,,,,,0.0,88.9,,,,,,,,,0.0
20309,"Chou de Bruxelles, bouilli/cuit à l'eau",44.4,0.3,0.01,0.01,0.01,0.01,0.01,0.01,,5.4,4.1,4.8,3.19,0.023,35.0,0.13,0.51,20.0,19.0,0.2,62.0,410.0,20.0,9.0,0.31,0.0,216.0,0.0,0.43,61.8,,55.4,0.067,0.058,0.48,0.33,0.11,60.0,0.0,85.5,0.6,0.2,0.8,0.2,0.3,2.4,1.0,0.5,0.0
20058,"Chou de Bruxelles, cru",43.9,0.3,0.062,0.014,0.035,0.12,0.0,0.0,0.0,4.59,2.2,3.8,3.38,0.063,42.0,0.07,1.4,0.59,23.0,0.34,69.0,389.0,1.32,25.0,0.42,0.0,450.0,0.0,,177.0,,85.0,0.14,0.09,0.75,0.31,0.22,,0.0,86.0,0.93,0.0,0.81,0.0,0.0,0.46,1.0,,0.0
20206,"Chou de Bruxelles, surgelé, cru",45.2,0.41,0.084,0.014,0.048,0.16,0.0,0.0,0.0,4.69,2.35,3.8,3.78,0.025,26.0,0.033,0.93,0.25,20.0,0.31,62.0,370.0,1.1,10.0,0.31,0.0,370.0,0.0,,250.0,,74.1,0.11,0.12,0.64,0.29,0.2,,0.0,87.1,,,,,,,,,0.0
20803,"Chou dur ou chou caraïbe ou macabo, pulpe, cuit à la vapeur, prélevé à la Martinique",13.0,0.0033,,,,,0.0,0.0,0.0,,,,3.25,,,,,,,,,,,,,0.0,,,,,,19.3,,,,,,,,63.7,,,,,,,17.2,0.0,0.0
25106,"Chou farci, préemballé",94.9,6.6,,,,,,,,2.0,2.0,3.13,5.3,0.87,145.0,0.23,,,41.4,0.65,,,5.33,350.0,0.8,,,,,,,,,,,,,,,81.2,0.72,,0.88,0.3,0.3,0.4,,0.0,0.0
20218,"Chou frisé, cru",49.5,0.93,0.091,,0.09,0.25,0.0,0.0,0.0,4.2,2.26,3.6,4.28,0.095,150.0,0.066,1.47,1.4,47.0,0.66,92.0,491.0,2.1,38.0,0.56,0.0,5930.0,0.0,0.66,705.0,,120.0,0.11,0.13,1.0,0.091,0.27,62.0,0.0,84.0,0.82,,0.54,,0.0,0.7,,,0.0
20219,"Chou frisé, cuit",29.7,0.4,0.052,,,,0.0,0.0,0.0,3.63,1.25,2.0,1.9,0.058,72.0,0.16,0.9,,18.0,0.42,28.0,228.0,1.0,23.0,0.24,0.0,1731.0,0.0,1.61,817.0,,41.0,0.053,0.07,0.5,0.049,0.14,65.0,0.0,91.2,,,,,,,,,0.0
20346,"Chou kale, cru",34.6,1.49,0.18,,,,0.0,0.0,0.0,0.32,0.32,4.1,2.92,0.13,254.0,0.053,1.6,,33.0,0.92,55.0,348.0,,53.0,0.39,0.0,2870.0,0.0,,390.0,0.0,93.4,0.11,0.35,1.18,0.37,0.15,,0.0,89.6,0.13,0.0,0.13,0.0,0.0,0.058,,,0.0
20280,"Chou romanesco ou brocoli à pomme, cru",29.7,0.3,0.047,,,,0.0,0.0,0.0,2.2,2.2,3.2,2.95,0.058,33.0,0.041,0.73,,20.0,0.25,62.0,300.0,,23.0,0.64,0.0,93.0,0.0,,20.2,,88.1,0.08,0.1,0.73,0.7,0.22,,0.0,89.8,,,,,,,,,0.0
20290,"Chou romanesco ou brocoli à pomme, cuit",34.5,0.8,0.27,0.15,0.08,,0.01,0.01,,2.03,1.6,4.3,3.0,0.013,32.0,0.05,0.53,20.0,13.0,0.19,55.0,260.0,20.0,5.0,0.32,0.0,81.1,0.25,0.07,12.4,,15.1,0.025,0.046,0.23,0.59,0.13,44.0,0.0,91.5,0.7,,0.7,0.2,0.2,0.2,0.35,0.5,0.0
20095,"Chou rouge, bouilli/cuit à l'eau",25.3,0.09,0.011,,,,0.0,0.0,0.0,3.32,3.32,2.6,1.51,0.07,54.6,0.034,0.66,1.35,11.8,0.16,33.0,262.0,2.97,28.0,0.14,0.0,20.0,0.0,0.12,47.6,,34.4,0.071,0.06,0.38,0.15,0.23,24.0,0.0,90.8,1.2,0.0,1.42,0.0,0.0,0.71,0.0,,0.0
20014,"Chou rouge, cru",26.4,0.5,0.01,0.01,0.01,0.01,0.01,0.01,0.0,4.33,3.9,2.8,1.13,0.035,36.0,0.02,0.25,20.0,9.7,0.12,30.0,260.0,20.0,14.0,0.15,0.0,5.0,0.0,0.11,6.41,,18.7,0.036,0.01,0.12,0.24,0.14,18.0,0.0,90.7,1.4,0.0,2.2,0.2,0.2,0.3,0.35,0.5,0.0
20355,"Chou rouge, cuit (aliment moyen)",31.8,0.14,0.0064,0.01,0.01,0.01,0.0076,0.0076,,5.13,4.22,2.9,1.26,0.041,46.5,0.023,0.38,7.93,12.7,0.16,27.7,253.0,15.9,16.6,0.15,0.0,13.8,0.0,0.12,12.0,,28.2,0.053,0.037,0.31,0.28,0.14,24.0,0.0,89.5,1.5,0.15,2.01,0.15,0.15,0.7,0.27,0.5,0.0
20310,"Chou rouge, cuit à l'étouffée",33.9,0.3,0.01,0.01,0.01,0.01,0.01,0.01,,5.7,4.5,3.0,1.19,0.033,44.0,0.02,0.29,20.0,13.0,0.16,26.0,250.0,20.0,13.0,0.15,0.0,11.9,0.0,0.12,0.84,,26.2,0.047,0.03,0.29,0.32,0.11,24.0,0.0,89.1,1.6,0.2,2.2,0.2,0.2,0.7,0.35,0.5,0.0
20311,"Chou vert, bouilli/cuit à l'eau",19.0,0.3,0.01,0.01,0.01,0.01,0.01,0.01,,1.83,1.4,3.3,1.63,0.013,48.0,0.11,0.34,20.0,7.3,0.11,29.0,130.0,20.0,5.0,0.13,0.0,130.0,0.0,0.14,9.77,,12.0,0.02,0.01,0.1,0.078,0.052,30.0,0.0,92.7,0.5,0.2,0.7,0.2,0.2,0.2,0.35,0.5,0.0
20069,"Chou vert, cru",24.4,0.14,0.023,0.013,0.029,0.031,0.0,0.0,0.0,2.74,2.74,2.55,1.43,0.051,42.3,0.032,0.5,3.05,17.5,0.16,28.5,223.0,1.86,20.5,0.2,0.0,321.0,0.0,,72.4,,40.2,0.058,0.033,0.28,0.17,0.13,,0.0,92.1,1.24,0.0,1.42,0.0,0.0085,0.068,0.0,,0.0
20015,"Chou vert, cuit",24.1,0.45,0.14,0.013,0.011,0.022,0.0,0.0,0.0,3.04,2.79,2.4,1.03,0.098,69.7,0.098,0.28,1.45,15.1,0.18,33.0,190.0,3.56,39.0,0.22,0.0,48.0,0.0,0.14,109.0,,27.3,0.056,0.029,0.14,0.17,0.13,30.0,0.0,93.9,1.16,0.0,1.62,0.0,0.0,0.0,0.5,,0.0
20017,"Chou-fleur, bouilli/cuit à l'eau",20.9,0.46,0.097,0.032,0.045,0.15,0.0,0.0,0.0,1.6,0.0,2.0,1.6,0.098,19.2,0.05,0.31,5.0,12.9,0.12,34.0,238.0,10.0,39.0,0.22,0.0,50.0,0.0,0.07,13.8,,9.7,0.05,0.05,0.21,0.23,0.05,44.0,0.0,93.7,0.5,,0.5,0.5,0.5,0.5,0.5,0.017,0.0
20016,"Chou-fleur, cru",24.9,0.7,0.24,0.1,0.08,0.17,0.01,0.01,0.0,2.13,1.7,2.2,1.81,0.015,23.0,0.02,0.27,20.0,9.8,0.14,40.0,270.0,20.0,6.0,0.22,0.0,5.0,0.0,,3.31,0.0,48.2,0.031,0.01,0.26,0.72,0.22,,0.0,92.9,0.8,0.0,0.9,0.2,0.2,0.2,0.35,0.5,0.0
20312,"Chou-fleur, cuit à la vapeur",30.5,0.3,0.09,0.05,0.02,0.09,0.01,0.01,,3.41,2.4,1.8,2.56,0.013,26.0,0.03,0.38,20.0,12.0,0.16,46.0,300.0,20.0,5.0,0.28,0.0,5.61,0.0,0.07,8.13,,21.4,0.034,0.056,0.44,0.94,0.13,44.0,0.0,91.1,0.8,0.2,0.9,0.2,0.2,0.7,0.35,0.5,0.0
20082,"Chou-fleur, surgelé, cru",25.1,0.27,0.041,0.019,0.029,0.099,0.0,0.0,0.0,2.5,2.22,2.3,2.01,0.06,22.0,0.031,0.54,0.3,12.0,0.2,35.0,193.0,0.8,24.0,0.17,0.0,7.0,0.0,,14.8,,48.8,0.051,0.07,0.43,0.14,0.12,,0.0,92.5,,,,,,,,,0.0
20094,"Chou-rave, bouilli/cuit à l'eau",28.0,0.11,0.014,,,,0.0,0.0,0.0,4.4,2.8,1.1,1.8,0.053,25.0,0.13,0.4,,19.0,0.14,45.0,340.0,,21.0,0.31,0.0,21.0,0.0,,0.1,,54.0,0.04,0.02,0.39,0.16,0.15,,0.0,90.3,,,,,,,,,0.0
20065,"Chou-rave, cru",25.1,0.1,0.013,0.007,0.021,0.027,0.0,0.0,0.0,2.44,2.44,3.6,1.7,0.05,24.0,0.13,0.4,0.71,19.0,0.14,46.0,350.0,0.47,20.0,0.03,0.0,22.0,0.0,,0.1,,62.0,0.05,0.02,0.4,0.17,0.15,,0.0,91.0,,,,,,,,,0.0
25220,"Choucroute cuisinée aux lardons, sans garniture, égouttée, cuite",75.5,6.6,2.02,2.81,0.97,0.1,0.01,0.01,8.44,0.1,0.2,4.5,1.38,1.26,43.0,0.05,0.3,20.0,6.8,0.09,15.0,83.0,20.0,505.0,0.15,21.0,5.0,0.25,,31.0,,17.2,0.015,0.01,0.1,0.11,0.055,19.1,0.028,85.6,0.2,,0.2,0.2,0.2,0.2,0.35,0.5,0.0
25003,"Choucroute garnie, préemballée",109.0,8.06,3.22,,0.82,0.074,,,34.7,2.8,0.66,2.71,5.06,1.39,27.1,0.076,0.83,17.8,18.0,0.067,60.6,97.5,10.0,552.0,0.84,0.0,0.0,0.0,0.25,,,9.09,0.14,0.11,0.68,,0.02,10.0,,82.4,0.3,,0.28,,0.28,0.29,,0.0,0.0
23467,Chouquette,408.0,22.9,11.0,6.25,1.73,0.17,0.006,0.04,211.0,40.6,18.4,1.5,9.13,1.06,54.6,0.086,1.7,13.0,15.3,0.23,156.0,122.0,4.42,422.0,0.82,139.0,60.0,0.85,,3.3,18.9,2.0,0.06,0.18,0.2,0.61,0.04,,0.39,24.4,0.5,,0.51,0.5,0.5,17.9,20.8,0.0,0.0
11003,"Ciboule ou ciboulette, fraîche",30.8,0.46,0.089,0.017,0.071,0.099,0.0,0.0,0.0,2.85,2.09,2.55,2.55,0.024,82.0,0.12,1.54,2.2,31.0,0.27,47.5,286.0,0.12,9.5,0.48,0.0,1610.0,0.0,,210.0,,38.5,0.067,0.098,0.59,0.2,0.1,,0.0,90.2,,,,,,,0.0,0.0,0.0
11095,"Ciboulette, séchée",183.9,3.5,0.59,,,,0.0,0.0,0.0,38.1,,26.2,,0.18,813.0,0.69,20.0,,640.0,1.35,518.0,2960.0,,70.0,5.12,0.0,,0.0,,,,,0.9,1.5,5.9,2.11,2.0,,0.0,2.0,,,,,,,,0.0,0.0
5003,Cidre (aliment moyen),36.5,0.18,0.0,0.0,0.0,0.0,0.0,0.0,0.0,3.67,3.23,0.0,0.075,0.01,7.9,0.0038,0.61,3.47,3.14,0.025,3.89,100.0,7.29,4.17,0.022,0.0,1.49,,,,,9.97,,,,,,,,93.4,,,,,,,0.0,0.44,3.18
5022,Cidre aromatisé aux fruits,38.4,0.6,0.0,0.0,0.0,0.0,0.0,0.0,0.0,7.07,6.57,0.0,0.25,0.008,16.0,0.01,0.1,20.0,4.0,0.05,5.0,110.0,20.0,3.2,0.05,0.0,5.0,,,0.8,,0.5,0.015,0.01,0.1,0.078,0.015,5.0,,92.0,3.63,,1.37,,,1.57,0.0,0.5,1.36
5021,Cidre bouché demi-sec,44.3,0.6,0.0,0.0,0.0,0.0,0.0,0.0,0.0,4.4,3.7,0.0,0.25,0.007,17.0,0.01,0.2,20.0,3.4,0.04,7.0,120.0,20.0,2.8,0.05,0.0,5.0,,,0.8,,0.5,0.015,0.01,0.1,0.086,0.02,5.0,,93.7,3.2,,0.5,,,0.3,0.0,0.7,3.71
5006,Cidre brut,35.9,0.0,0.0,0.0,0.0,0.0,0.0,0.0,0.0,2.62,2.22,0.0,0.0,0.01,3.24,0.0033,0.84,0.7,2.92,0.024,3.0,95.8,2.2,4.12,0.022,0.0,0.0,,,,,14.1,,,,,,,,93.9,,,,,,,0.0,0.39,3.72
5007,Cidre doux,38.9,0.6,0.0,0.0,0.0,0.0,0.0,0.0,0.0,6.4,5.8,0.0,0.25,0.0098,17.0,0.01,0.1,20.0,3.5,0.03,6.0,110.0,20.0,3.9,0.05,0.0,5.0,,,0.8,,0.5,0.015,0.01,0.1,0.064,0.01,5.0,,91.9,4.5,,1.3,,,0.3,0.0,0.6,1.91
5020,Cidre traditionnel,32.5,0.0,0.0,0.0,0.0,0.0,0.0,0.0,0.0,1.87,1.58,0.0,0.0,0.013,8.95,0.003,0.74,0.7,3.4,0.02,3.0,95.8,0.0,5.35,0.02,0.0,0.0,,,,,14.1,,,,,,,,94.2,,,,,,,0.0,0.28,3.64
39530,Citron givré ou orange givrée (sorbet),133.0,1.77,0.0,,,,,,,29.1,24.4,0.0,0.14,0.034,,,,,,,,,,13.6,,,,,,,,,,,,,,,,,,,,,,,,0.0,0.0
13067,"Citron vert ou lime, chair sans peau, sans pépins, cru",39.3,0.3,0.01,0.01,0.01,0.01,0.01,0.01,0.0,3.14,2.1,4.3,1.13,0.015,57.0,0.08,0.2,20.0,14.0,0.09,24.0,190.0,20.0,6.0,0.15,0.0,12.4,0.0,0.22,0.8,,29.3,0.015,0.023,0.25,0.23,0.018,8.0,0.0,86.3,0.8,0.2,0.8,0.2,0.2,0.5,0.35,0.5,0.0
13009,"Citron, chair sans peau, sans pépins, cru",24.3,0.5,0.01,0.01,0.01,0.01,0.01,0.01,0.0,1.56,0.8,0.5,0.25,0.013,11.0,0.04,0.15,20.0,7.9,0.02,12.0,140.0,20.0,5.0,0.33,0.0,5.0,0.0,0.15,0.8,,45.0,0.043,0.01,0.1,0.14,0.023,11.0,0.0,91.3,0.4,,0.4,0.2,0.2,0.2,0.0,0.5,0.0
13125,"Citron, zeste, cru",30.3,0.3,0.039,0.011,0.063,0.026,0.0,0.0,0.0,5.4,4.17,10.6,1.5,0.015,134.0,0.092,0.8,,15.0,,12.0,160.0,7.0,6.0,0.25,0.0,7.0,0.0,0.25,0.0,,129.0,0.06,0.08,0.4,0.32,0.17,13.0,0.0,81.6,,,,,,,,,0.0
18299,"Citronnade, boisson plate au citron (teneur en fruits >= 10% et < 50%), sucrée",23.2,0.005,2.2e-05,,,,0.0,0.0,,5.77,5.6,0.19,3e-05,0.0081,,,,,,,,,,,,0.0,,,,,,6.0,,,,,,,,,,,,,,,,0.0,0.0
20166,"Citrouille, chair sans peau, crue",29.7,0.1,0.052,,,,0.0,0.0,0.0,5.79,2.76,0.5,1.0,0.0025,21.0,0.13,0.8,,12.0,0.13,44.0,340.0,0.3,1.0,0.32,0.0,3100.0,0.0,1.06,1.1,,9.0,0.05,0.11,0.6,0.3,0.061,16.0,0.0,91.6,,,,,,,,,0.0
39216,"Clafoutis aux fruits, rayon frais",198.0,6.39,4.01,1.81,0.31,0.029,0.0058,0.012,68.0,29.4,22.1,1.54,5.21,0.19,84.0,0.069,0.57,11.9,15.0,0.087,76.2,182.0,10.0,76.7,0.39,56.0,31.7,0.5,0.43,,,0.5,0.043,0.15,0.32,0.49,0.1,23.0,0.24,58.5,1.94,0.044,1.49,3.24,0.002,11.9,4.4,0.0,0.0
10027,"Clam, praire ou palourde, bouilli/cuit à l'eau",99.2,1.48,0.14,,,,0.16,0.14,50.5,5.33,0.0,0.0,16.2,1.56,72.5,0.5,9.67,80.0,12.9,0.75,231.0,432.0,51.8,625.0,2.05,81.0,0.0,0.0,1.0,,,22.1,0.11,0.29,2.03,0.47,0.13,20.1,39.5,74.1,,,,,,,0.0,0.0,0.0
10017,"Clam, praire ou palourde, cru",80.5,2.65,0.21,0.054,0.027,0.015,0.043,0.064,40.0,2.66,0.0,0.0,11.5,0.82,46.0,0.053,7.81,80.0,19.0,0.085,168.0,180.0,30.6,329.0,0.96,53.0,0.0,0.0,0.68,0.2,0.0,13.0,0.048,0.13,1.08,0.15,0.035,10.5,11.3,81.1,0.0,0.0,0.0,0.0,0.0,0.0,0.0,0.0,0.0
13024,"Clémentine ou mandarine, chair sans peau, sans pépins, crue",45.5,0.5,0.01,0.01,0.01,0.01,0.01,0.01,0.0,9.17,8.6,1.7,0.81,0.013,23.0,0.04,0.09,20.0,9.3,0.02,18.0,140.0,20.0,5.0,0.1,0.0,147.0,0.0,0.2,0.8,,49.2,0.064,0.01,0.23,0.2,0.079,16.0,0.0,87.0,1.5,0.0,1.4,0.2,0.2,5.7,0.35,0.5,0.0
11052,Clou de girofle,335.0,13.0,3.95,0.78,2.56,0.59,0.0,0.0,0.0,31.6,2.38,33.9,5.97,0.69,632.0,0.37,11.8,,259.0,60.1,104.0,1020.0,,277.0,2.32,0.0,45.0,0.0,,142.0,,0.2,0.16,0.22,1.56,0.51,0.39,,0.0,9.87,1.07,0.15,1.14,0.0,0.0,0.02,,0.0,0.0
1012,Cocktail à base de rhum,121.0,2.19,1.64,,,,0.0,0.0,0.0,7.74,7.74,0.3,0.0,0.015,8.0,0.079,0.21,,8.0,0.53,7.0,71.0,,6.0,0.13,0.0,1.0,,,0.1,,4.9,0.029,0.017,0.12,0.061,0.045,12.0,0.0,82.7,,,,,,,0.0,,9.9
1013,Cocktail à base de whisky,166.0,0.02,0.003,,,,0.0,0.0,0.0,15.8,15.8,0.0,0.0,0.12,46.0,0.034,0.08,,3.0,0.007,4.0,4.0,,47.0,0.04,0.0,0.0,,,0.0,,0.4,0.003,0.002,0.005,0.01,0.0,0.0,0.0,69.2,,,,,,,0.0,,14.6
2008,Cocktail ou boisson apéritive sans alcool à base de jus de fruits et de sirop,46.0,0.0,,,,,0.0,0.0,0.0,10.9,10.8,0.36,0.42,0.0056,12.8,0.043,0.1,,8.31,0.035,,132.0,0.36,2.24,0.034,0.0,75.0,0.0,0.2,,,27.7,0.046,0.019,0.18,0.11,0.032,18.0,0.0,86.4,,,,,,,0.0,0.0,0.0
18007,Cocktail ou boisson apéritive sans alcool à base de jus de fruits sans sirop,42.8,0.035,1.5e-05,,,,0.0,0.0,,10.7,9.85,0.15,0.033,0.016,,,,,,,,,,2.0,,0.0,,,1.8,,,12.0,0.17,,2.4,0.9,0.21,30.0,0.38,,,,,,,,,0.0,0.0
1022,"Cocktail type punch, 16% alcool, préemballé",159.0,0.6,0.00024,0.00024,0.00024,0.00024,0.00024,0.00024,0.0,17.8,17.8,0.5,0.6,0.042,13.0,0.01,0.06,20.0,3.1,0.09,13.0,43.0,50.0,16.7,0.26,0.0,52.9,,,,,1.2,0.021,0.01,0.16,0.053,0.02,5.08,0.077,,2.89,,2.97,0.51,0.1,11.4,0.0,,12.1
20018,"Coeur de palmier, appertisé, égoutté",41.5,0.56,0.13,,,,0.0,0.0,0.0,5.5,1.5,2.2,2.51,0.81,58.0,0.13,3.13,0.5,38.0,1.39,65.0,177.0,,324.0,1.15,0.0,,0.0,,,,7.9,0.011,0.057,0.44,0.13,0.022,,0.0,90.2,,,,,,,,,0.0
40058,"Coeur, agneau, cru",118.0,5.68,2.25,,,,0.04,0.03,135.0,0.21,0.21,0.0,16.5,0.22,6.0,0.4,4.6,,17.0,0.046,175.0,316.0,,89.0,1.87,0.0,0.0,0.51,0.48,,,5.0,0.37,0.99,6.14,2.63,0.39,2.0,10.3,76.7,,,,,,,0.0,0.0,0.0
40059,"Coeur, agneau, cuit",179.0,7.91,3.14,,,,0.06,0.04,249.0,1.93,,0.0,25.0,0.16,14.0,0.61,5.52,,24.0,0.055,254.0,188.0,47.0,63.0,3.68,0.0,,,,,,7.0,0.17,1.19,4.36,1.37,0.3,2.0,11.2,64.2,,,,,,,0.0,0.0,0.0
40052,"Coeur, boeuf, cru",103.0,2.95,0.74,0.4,0.27,0.026,0.0,0.0,124.0,0.6,0.0,0.0,18.5,0.2,7.0,0.4,5.14,1.9,21.0,0.035,212.0,287.0,23.5,81.7,1.49,0.0,0.0,0.93,0.22,0.0,,2.0,0.24,0.91,6.78,1.79,0.11,3.0,8.44,79.0,,,,,,,0.0,0.0,0.0
40053,"Coeur, boeuf, cuit",133.0,4.5,1.81,,,0.012,0.0,0.0,142.0,0.0,0.0,0.0,23.0,0.15,5.0,0.56,6.7,3.0,21.0,0.033,254.0,219.0,38.9,59.0,2.3,0.0,0.0,0.1,0.29,0.5,,,0.36,1.21,6.9,1.06,0.33,5.0,11.5,,,,,,,,0.0,0.0,0.0
40055,"Coeur, dinde, cru",135.0,7.44,1.92,1.8,1.76,0.093,0.002,0.006,225.0,0.4,0.0,0.0,16.7,0.32,18.0,0.49,3.7,,21.0,0.1,183.0,179.0,35.4,129.0,3.21,80.0,23.0,0.4,0.31,0.0,,3.0,0.17,1.13,6.44,3.12,0.48,6.0,13.3,74.5,,,,,,,0.0,0.0,0.0
40057,"Coeur, dinde, cuit",167.0,7.52,1.9,1.48,1.39,0.049,0.009,0.005,359.0,0.0,0.0,0.0,24.9,0.35,21.0,0.83,6.96,,28.0,0.12,241.0,203.0,56.8,140.0,4.6,16.0,0.0,0.0,0.13,0.0,,,0.24,1.54,7.76,1.58,0.61,8.0,13.9,67.2,,,,,,,0.0,0.0,0.0
40060,"Coeur, porc, cru",114.0,4.36,1.16,0.85,0.67,0.0,0.0,0.0,131.0,1.32,0.0,0.0,17.3,0.14,5.0,0.41,4.68,1.55,19.0,0.063,169.0,294.0,12.1,56.0,2.8,8.0,0.0,0.68,0.63,0.0,,5.3,0.61,1.19,6.77,2.52,0.39,4.0,3.79,76.2,,,,,,,0.0,0.0,0.0
40054,"Coeur, poulet, cru",149.0,9.33,2.66,1.98,1.91,0.07,0.0,0.0,136.0,0.71,,0.0,15.6,0.19,12.0,0.35,5.96,,15.0,0.089,177.0,176.0,4.3,74.0,6.59,9.0,,,,,,3.2,0.15,0.73,4.88,2.56,0.36,72.0,7.29,73.6,,,,,,,0.0,0.0,0.0
40056,"Coeur, poulet, cuit",177.0,7.92,2.26,,,,0.0,0.0,242.0,0.1,,0.0,26.4,0.12,19.0,0.5,9.03,,20.0,0.11,199.0,132.0,8.0,48.0,7.3,8.0,,,,,,1.8,0.07,0.74,2.8,2.65,0.32,80.0,7.29,64.9,,,,,,,0.0,0.0,0.0
40062,"Coeur, veau, cru",105.0,3.98,1.07,0.84,0.54,0.0,0.03,0.0,104.0,0.08,,0.0,17.2,0.19,5.0,0.34,4.24,1.95,18.0,0.036,211.0,261.0,14.0,77.0,1.47,0.0,,1.0,,0.0,,8.0,0.52,1.0,6.4,2.78,0.43,2.0,13.8,77.7,,,,,,,0.0,0.0,0.0
13010,"Coing, cru",59.0,0.1,0.01,0.027,0.036,0.0,0.0,0.0,0.0,12.5,6.3,1.9,0.4,0.01,11.0,0.13,0.7,0.4,8.0,,17.0,197.0,,4.0,0.04,0.0,,0.0,0.55,,,15.0,0.02,0.03,0.2,0.081,0.04,,0.0,83.8,,,,,,,,,0.0
18063,"Cola, sans précision sur la teneur en sucres et édulcorants (aliment moyen)",27.5,0.0056,0.0011,,,,0.0,0.0,0.0,6.88,6.81,0.019,0.0056,0.0088,2.07,0.0048,0.092,0.8,2.24,0.0011,10.0,3.38,2.19,7.57,0.0082,0.0,0.0,0.0,,0.0,,0.0,0.0016,0.0073,0.0,0.0,0.0,0.0,0.0,93.3,2.27,,2.24,0.077,0.077,2.41,0.0,0.0,0.0
18060,"Cola, sans sucres ajoutés, avec édulcorants",1.04,2e-05,1.5e-05,,,,0.0,0.0,0.0,0.25,0.04,3.8e-05,1.9e-05,0.013,2.26,0.0068,0.065,0.8,2.38,0.0012,10.0,6.0,2.2,9.88,0.016,0.0,0.0,0.0,,0.0,,0.0,0.005,0.023,0.0,0.0,0.0,0.0,0.0,99.7,0.01,,0.0057,0.01,0.01,0.0,0.0,0.0,0.0
18068,"Cola, sans sucres ajoutés, avec édulcorants, sans caféine",0.058,0.083,0.017,,,,0.0,0.0,0.0,0.13,0.13,0.5,0.083,0.011,3.0,0.002,0.02,,0.0,0.0,10.0,7.0,,7.0,0.01,0.0,0.0,0.0,,0.0,,0.0,0.005,0.023,0.0,0.0,0.0,0.0,0.0,99.7,,,,,,,,0.0,0.0
18018,"Cola, sucré",40.1,2.3e-05,1.9e-05,,,,0.0,0.0,0.0,10.0,10.0,5.7e-05,2.6e-05,0.0071,1.92,0.0044,0.11,0.8,2.44,0.0012,10.0,2.0,2.2,6.71,0.016,0.0,0.0,0.0,,0.0,,0.0,0.0,0.0,0.0,0.0,0.0,0.0,0.0,90.3,3.1,,3.08,0.1,0.1,3.37,0.0,0.0,0.0
18037,"Cola, sucré, avec édulcorants",24.3,2.5e-05,1.7e-05,,,,0.0,0.0,0.0,6.07,6.03,0.21,2.5e-05,0.01,0.0,0.0,0.0,0.0,0.0,0.0,17.0,10.0,0.0,4.2,0.0,0.0,0.0,0.0,0.0,,,0.0,0.0,0.0,0.0,0.0,0.0,0.0,0.0,95.0,0.95,,0.9,0.2,0.2,2.2,0.0,0.0,0.0
18067,"Cola, sucré, sans caféine",40.9,0.05,0.01,,,,0.0,0.0,0.0,10.2,10.2,0.5,0.05,0.001,2.0,0.0,0.02,,0.0,0.0,11.0,3.0,,10.0,0.01,0.0,0.0,0.0,,0.0,,0.0,0.0,0.0,0.0,0.0,0.0,0.0,0.0,89.6,5.89,,4.33,,,0.0,0.0,0.0,0.0
13205,"Compote d'abricot, préemballée",103.0,0.1,0.04,,,,0.0,0.0,0.0,24.1,23.3,1.47,0.72,0.022,,,,,,,,,,2.0,,0.0,,,,,,10.9,,,,,,,,67.5,8.0,,8.63,0.2,0.2,6.65,,,0.0
13204,"Compote de pêche, préemballée",106.0,0.1,3.3e-05,,,,0.0,0.0,0.0,24.9,24.3,1.65,0.63,0.02,,,,,,,,,,2.33,,0.0,,,,,,36.5,,,,,,,,,5.57,,6.57,0.2,1.13,9.47,,,0.0
13151,"Compote de pomme, allégée en sucres, rayon ambiant",64.3,0.13,0.078,0.011,0.0098,0.0019,5e-05,4e-05,0.0,15.1,14.3,1.3,0.25,0.013,3.8,0.04,0.12,,3.9,0.03,9.5,120.0,20.0,5.0,0.05,0.0,8.51,0.25,,0.8,,7.75,0.015,0.01,0.1,0.072,0.032,,,82.9,7.32,0.1,3.01,0.1,0.1,3.92,0.0,0.0,0.0
13038,"Compote de pomme, préemballée",107.0,0.23,2.5e-05,0.007,0.039,0.0092,0.0,0.0,0.0,25.8,22.6,1.54,0.25,0.031,4.44,0.043,0.11,0.2,5.09,0.027,6.0,104.0,10.0,0.0,0.025,0.0,3.0,0.0,,0.6,,14.5,0.017,0.022,0.072,0.044,0.027,,0.0,72.9,7.9,0.0,5.35,0.2,0.5,6.65,1.25,1.9,0.0
13212,"Compote de pomme, sans précision sur la teneur en sucres ni sur le rayon (aliment moyen)",93.5,0.2,0.025,0.0084,0.03,0.0069,1.6e-05,1.3e-05,0.0,22.4,20.0,1.46,0.25,0.023,4.24,0.042,0.12,0.2,4.72,0.028,7.1,109.0,13.2,1.58,0.025,0.0,4.74,0.079,,0.54,,12.4,0.014,0.017,0.065,0.053,0.028,,0.0,76.1,7.72,0.032,4.61,0.17,0.36,5.79,0.86,1.3,0.0
13206,"Compote de rhubarbe, préemballée",111.0,0.067,3.3e-05,,,,0.0,0.0,0.0,25.8,24.4,2.38,0.57,0.025,,,,,,,,,,2.33,,0.0,,,,,,,,,,,,,,,,,,,,,,,0.0
13185,"Compote ou assimilé, tout type de fruits, sans précision sur la teneur en sucres (allégée en sucres ou non, sans sucres ajoutés…) ni sur le rayon (aliment moyen)",80.2,0.16,0.02,0.0066,0.018,0.0058,0.0034,0.0034,0.0,19.1,17.2,1.65,0.26,0.013,7.21,0.046,0.087,4.44,5.37,0.044,9.66,128.0,18.0,1.85,0.032,7.74,31.3,0.18,,0.64,,18.6,0.01,0.0099,0.12,0.082,0.02,,,78.9,7.38,0.11,4.24,0.15,0.21,4.74,0.44,0.8,0.0
13211,"Compote, autres fruits, préemballée",101.0,0.072,0.028,,,,0.0,0.0,0.0,23.9,23.1,2.0,0.25,0.013,18.0,0.05,0.13,0.1,5.8,0.04,13.0,150.0,20.0,5.0,0.07,0.0,82.7,0.25,,1.52,,42.0,0.015,0.01,0.15,0.12,0.025,,0.0,73.1,7.26,0.1,6.07,0.0,0.1,9.8,0.0,0.0,0.0
13199,"Compote, tout type de fruits autres que pomme seule, allégée en sucres, préemballée, rayon ambiant",65.7,0.2,0.071,,,,0.0,0.0,0.0,15.4,14.6,1.6,0.25,0.013,6.2,0.04,0.14,0.1,5.5,0.08,11.0,140.0,20.0,5.0,0.05,0.0,99.3,0.25,,0.8,,11.5,0.015,0.01,0.1,0.095,0.027,,0.0,82.9,6.92,0.1,3.32,0.1,0.1,4.34,0.35,0.5,0.0
13129,"Compote, tout type de fruits, allégée en sucres, préemballée, rayon frais",63.8,0.073,0.0,0.0002,0.0002,0.0002,0.0002,0.0002,0.0,14.7,14.1,1.89,0.17,0.00033,4.7,0.04,0.09,20.0,4.7,0.03,9.6,120.0,50.0,4.38,0.05,21.0,23.9,,,,,10.1,0.01,0.01,0.12,0.036,0.044,,,83.9,6.77,,3.09,0.2,0.2,4.28,0.35,,0.0
12110,Comté,413.0,33.8,21.7,5.5,0.45,0.21,0.025,,115.0,0.0,0.0,0.0,27.8,0.84,907.0,0.61,0.49,24.4,43.7,0.03,681.0,116.0,7.02,403.0,3.84,263.0,,,0.8,,,,,0.38,,,,5.0,2.59,33.2,0.3,,0.3,0.3,0.3,0.3,0.0,0.0,0.0
20019,"Concombre, chair et peau, cru",16.8,0.11,0.037,0.003,0.017,0.015,0.0,0.0,0.0,2.87,1.67,0.5,0.65,0.012,19.2,0.026,0.13,1.18,13.6,0.085,24.0,157.0,10.0,4.8,0.095,0.0,45.0,0.0,,16.4,,2.8,0.027,0.033,0.098,0.26,0.04,,0.0,95.2,0.87,0.0,0.76,0.0,0.01,0.03,0.83,0.039,0.0
20809,"Concombre, chair et peau, cru, prélevé à la Martinique",4.1,0.27,,,,,0.0,0.0,0.0,,,,0.42,,,,,,,,,,,,,0.0,,,,,,0.3,,,,,,,,96.8,,,,,,,,,0.0
20808,"Concombre, chair sans peau, avec pépins, cru, prélevé à la Martinique",8.1,0.58,,,,,0.0,0.0,0.0,,,,0.73,,,,,,,,,,0.1,,,0.0,31.0,0.0,0.03,7.2,,0.1,,,,,,14.0,0.0,95.8,,,,,,,,,0.0
20210,"Concombre, chair sans peau, cru",11.1,0.5,0.01,0.01,0.01,0.01,0.01,0.01,0.0,2.23,1.8,0.8,0.56,0.013,16.0,0.02,0.14,20.0,8.9,0.11,25.0,140.0,20.0,5.0,0.13,0.0,24.3,0.0,0.03,2.75,,3.52,0.015,0.01,0.1,0.15,0.042,14.0,0.0,96.3,1.0,0.0,0.8,0.2,0.2,0.2,0.35,0.5,0.0
24685,"Cône ou cornet classique, pour glace",401.0,5.0,4.1,,,,,,,80.4,25.6,2.0,7.5,0.54,,,,,,,,,,215.0,,,,,,,,,,,,,,,,,,,,,,,,0.0,0.0
31041,Confiserie au chocolat dragéifiée,505.0,24.3,15.0,,,,,,12.1,64.9,57.4,1.98,5.49,0.28,164.0,0.8,12.5,7.87,40.7,,292.0,112.0,,113.0,0.97,194.0,,0.46,,,,0.95,0.057,0.28,0.17,0.5,0.08,6.5,0.68,1.96,0.049,,0.8,9.93,1.63,44.8,6.87,0.002,0.0
8110,"Confit de canard, appertisé",273.0,18.8,7.26,3.27,1.17,0.034,,,132.0,0.15,0.14,0.4,25.7,1.44,5.3,0.1,2.7,17.0,18.8,0.1,179.0,241.0,28.0,568.0,5.7,21.0,30.0,1.8,,,,1.0,0.056,0.34,7.1,0.74,0.3,20.0,2.95,49.7,0.2,,0.2,0.2,0.2,0.2,1.0,0.0,0.0
8109,"Confit de canard, viande (cuisse), sans peau, appertisé, réchauffé",195.0,7.4,2.31,3.16,0.85,0.03,0.01,0.01,112.0,0.0,,0.0,32.0,1.89,13.0,0.16,2.3,20.0,17.0,0.01,170.0,300.0,40.0,757.0,5.5,21.0,,1.14,,0.8,,0.5,0.043,0.23,5.16,0.92,0.18,23.8,4.24,58.0,,,,,,,,0.0,0.0
8120,Confit de foie de porc,320.0,28.1,10.4,,,,,,,1.3,1.0,0.5,15.4,1.61,,,,,,,,,,605.0,,,,,,,,,,,,,,,,,,,,,,,,0.0,0.0
8125,Confit de foie de volaille,361.0,31.0,11.0,,,,,,,6.22,0.4,1.0,13.7,1.46,,,,,,,,,,575.0,,,,,,,,,,,,,,,,46.7,,,,,,,,0.0,0.0
31037,Confiture d'abricot (extra ou classique),246.0,0.3,0.029,,,0.0,0.0,0.0,0.0,59.7,56.8,1.1,0.25,0.013,8.7,0.03,0.14,20.0,4.4,0.03,7.7,110.0,20.0,5.0,0.07,0.0,82.1,0.25,0.13,0.8,,6.42,0.015,0.01,0.1,0.072,0.022,1.0,0.0,39.2,13.0,0.1,15.1,0.1,1.55,27.1,2.95,0.0,0.0
30996,"Confiture d'abricot, allégée en sucres",167.0,0.067,0.029,0.012,0.017,0.019,8e-05,8e-05,0.0,40.5,39.5,1.33,0.41,0.028,12.4,0.1,0.1,10.0,5.5,0.1,8.6,89.8,,4.3,0.1,0.0,99.0,,0.28,,,1.0,,0.05,0.05,0.05,0.05,,,55.2,9.2,,11.8,0.5,0.5,11.9,,0.0,0.0
31038,Confiture de cerise (extra ou classique),238.0,0.19,2.2e-05,,,,0.0,0.0,0.0,58.1,57.5,1.1,0.48,0.013,12.0,0.05,0.22,20.0,7.1,0.08,16.0,110.0,20.0,7.0,0.05,0.0,54.8,,,1.14,,19.6,0.024,0.013,0.1,0.1,0.01,,,39.5,22.4,,22.7,0.2,0.2,11.9,,0.0,0.0
30994,Confiture de figue (extra ou classique),243.0,0.17,0.033,,,,0.0,0.0,0.0,59.1,56.8,1.31,0.63,0.012,,,,,,,,,,7.25,,0.0,,,,,,,,,,,,,,38.0,4.58,,4.77,0.2,0.2,47.5,,0.0,0.0
31024,Confiture de fraise (extra ou classique),248.0,0.5,0.11,0.15,0.09,0.05,0.01,0.01,0.0,60.5,60.1,0.7,0.25,0.018,9.0,0.02,0.17,20.0,5.7,0.2,10.0,77.0,20.0,7.0,0.05,0.0,5.0,,,0.8,,11.4,0.015,0.01,0.1,0.063,0.01,,,38.4,13.4,0.2,15.1,0.2,0.9,30.7,0.35,0.5,0.0
30995,"Confiture de fraise, allégée en sucres",166.0,0.1,0.032,0.018,0.026,0.028,8e-05,8e-05,0.0,40.3,39.6,1.37,0.31,0.024,12.2,0.1,0.1,10.0,8.5,0.1,17.0,61.7,,6.7,0.1,0.0,50.0,,0.1,,,1.0,,0.05,0.05,0.05,0.05,,,54.3,11.8,,14.2,0.5,0.5,9.7,,0.0,0.0
31062,Confiture de framboise (extra ou classique),232.0,0.17,0.071,,,,0.0,0.0,0.0,55.2,55.2,2.69,0.56,0.013,9.9,0.02,0.28,20.0,9.5,0.87,11.0,100.0,20.0,5.0,0.12,0.0,5.0,,,2.0,,2.93,0.019,0.012,0.1,0.077,0.029,,,39.9,18.7,,19.6,0.2,1.58,15.3,,0.0,0.0
30997,"Confiture de framboise, allégée en sucres",167.0,0.14,0.034,,,,0.0,0.0,0.0,39.2,37.9,2.98,0.68,0.024,,,,,,,,,,5.88,,0.0,,,,,,,,,,,,,,,16.1,,16.1,,0.3,5.75,,0.0,0.0
31040,Confiture de lait,340.0,7.35,4.53,1.64,0.13,0.05,0.004,0.0,29.0,61.7,49.7,0.0,6.84,0.32,251.0,0.004,0.17,,22.0,0.002,193.0,350.0,,129.0,0.79,73.0,,0.2,,,4.2,2.6,0.016,0.41,0.21,0.84,0.016,,0.31,25.4,0.32,1.03,1.7,4.92,0.0,41.8,,0.0,0.0
30990,Confiture de mûre (extra ou classique),245.0,0.63,0.31,,0.042,0.015,0.0,0.001,0.0,58.3,56.9,1.3,0.44,0.0075,15.6,0.046,0.37,2.5,12.5,0.55,11.0,94.4,0.83,3.0,0.5,0.0,30.0,0.25,,1.0,,6.1,0.02,0.02,0.2,0.09,0.05,,,38.5,17.6,,17.5,0.47,0.47,21.8,2.0,0.0,0.0
31068,Confiture de myrtille (extra ou classique),245.0,0.4,0.047,,,,0.0,0.0,0.0,58.9,58.9,2.1,0.25,0.013,8.7,0.02,0.14,,3.2,1.2,6.6,35.0,20.0,5.0,0.06,0.0,5.0,0.25,,0.8,,0.5,0.015,0.01,0.1,0.064,0.01,,,37.8,18.4,0.1,22.8,0.1,1.4,16.1,,0.0,0.0
30993,Confiture de pêche (extra ou classique),242.0,0.075,0.0013,,,,0.0,0.0,0.0,59.5,57.4,1.16,0.27,0.0083,,,,,,,,,,15.3,,0.0,,,,,,,,,,,,,,,2.27,,2.4,0.02,0.065,15.2,,0.0,0.0
31053,"Confiture de prune, par ex. mirabelle, quetsche, reine-claude (extra ou classique)",240.0,0.089,0.029,,,,0.0,0.0,0.0,58.9,58.0,1.27,0.28,0.011,,,,,,,,,,16.0,,0.0,,,,,,,,,,,,,,39.3,14.5,,19.0,0.2,2.25,22.2,,0.0,0.0
30992,Confiture de rhubarbe (extra ou classique),239.0,0.057,0.0015,,,,0.0,0.0,0.0,58.6,57.7,1.53,0.26,0.01,,,,,,,,,,1.5,,0.0,,,,,,,,,,,,,,,17.4,,18.0,,0.3,22.3,,0.0,0.0
31006,"Confiture ou marmelade ou gelée, tout type de fruits, non allégée en sucres (aliment moyen)",244.0,0.28,0.073,,,,0.0024,0.0025,0.0,59.3,57.7,1.29,0.33,0.014,,,,,,,,,,6.56,,0.0,,,,,,16.2,,,,,,,,38.7,15.8,,17.5,0.19,0.93,22.3,,0.045,0.0
30999,"Confiture ou marmelade, tout type de fruits, sans précision sur la teneur en sucres (aliment moyen)",235.0,0.27,0.068,,,,0.0022,0.0022,0.0,57.1,55.7,1.34,0.36,0.015,12.5,0.03,0.18,,6.4,0.27,9.82,88.8,,6.7,0.068,0.0,38.4,,,,,15.2,,0.0074,0.062,0.073,0.018,,,40.5,15.4,,17.0,0.19,0.85,21.3,,0.04,0.0
31083,"Confiture, autres fruits ou mélange de fruits (extra ou classique)",244.0,0.15,0.06,,,,0.0,0.0,0.0,59.8,57.3,1.47,0.36,0.017,,,,,,,,,,2.1,,0.0,,,,,,39.0,,,,,,,,38.4,20.2,,21.1,0.2,0.2,16.0,,0.0,0.0
30887,"Confiture, autres fruits ou mélange de fruits, allégée en sucres (extra ou classique)",162.0,0.21,0.026,,,,0.0,0.0,0.0,38.0,38.0,1.8,0.75,0.023,13.0,0.03,0.2,1.5,6.7,0.25,12.0,110.0,20.0,9.0,0.06,0.0,122.0,0.25,,1.22,,9.57,0.015,0.01,0.14,0.11,0.019,,,58.2,11.5,0.1,11.7,0.1,0.1,14.8,,0.0,0.0
26127,"Congre ou congre commun, cru",127.0,4.6,,,,,,,78.0,3.15,0.0,0.0,18.3,0.13,71.0,0.2,1.3,30.0,20.0,0.01,270.0,240.0,,50.0,0.9,0.0,,0.0,0.0,,,0.0,0.06,0.04,4.3,0.24,0.0,0.0,3.0,73.2,0.0,,0.0,0.0,0.0,0.0,0.0,0.0,0.0
24676,"Cookie au chocolat et aux fruits à coque (noisettes, amandes, noix de pécan…), préemballé",507.0,27.1,11.2,12.3,3.53,0.077,0.005,0.005,,57.0,30.5,4.02,6.78,0.77,30.6,0.49,2.14,,57.2,0.79,189.0,82.9,,224.0,1.23,,,,,,,,,,,,,,,3.7,0.2,,0.2,0.2,0.2,29.0,,0.0,0.0
24684,"Cookie au chocolat, préemballé",493.0,23.8,11.4,8.72,2.04,0.1,0.013,0.013,14.6,61.0,31.4,4.3,6.44,0.86,39.1,0.4,6.1,13.0,55.1,0.74,249.0,258.0,2.99,345.0,0.95,74.8,40.0,0.0,,4.0,,2.0,0.09,0.09,0.23,0.18,0.03,,0.11,2.8,0.16,0.16,0.21,0.48,0.29,30.4,25.4,0.0,0.0
24656,"Cookie aux cranberries et au chocolat blanc, préemballé",488.0,22.4,10.9,,,,,,,65.9,41.0,2.1,4.76,1.2,,,,,,,,,,,,,,,,,,,,,,,,,,,,,,,,,,0.0,0.0
24687,"Cookie aux pépites de chocolat et à la noix de coco, préemballé",519.0,29.8,16.3,8.31,0.005,0.022,0.005,0.005,,54.5,28.3,4.85,5.93,0.83,,,,,,,,,,,,,,,,,,,,,,,,,,2.85,,,,,,,,0.0,0.0
28850,Coppa,284.0,20.0,6.83,5.92,1.61,0.063,,,,1.0,0.5,0.0,25.0,5.3,,,,12.0,,,,,,1800.0,,,,,,,,,,,,,,,,,,,,,,,0.0,0.0,0.0
25121,Coq au vin,133.0,7.0,1.0,,,,,,65.0,4.0,1.0,1.0,13.0,0.75,14.0,0.03,1.3,3.3,16.0,0.14,128.0,145.0,0.11,300.0,0.21,,0.0,0.04,0.48,,,1.5,0.07,0.19,3.7,0.74,0.17,31.0,1.4,,,,,,,,,0.0,0.0
10034,"Coque, cuite",86.9,1.1,0.29,,0.004,0.028,0.12,0.089,50.7,5.64,0.0,0.0,13.6,0.96,208.0,0.11,14.0,163.0,63.1,0.24,161.0,139.0,63.0,384.0,1.4,16.0,,0.6,,1.0,,2.0,0.02,0.1,0.64,0.05,0.04,29.0,38.0,77.6,,,,,,,0.0,0.0,0.0
10003,"Coquille Saint-Jacques, noix et corail, crue",83.0,1.31,0.19,0.011,0.0076,0.0086,0.12,0.14,42.2,0.78,0.0,0.0,17.0,0.48,220.0,0.09,1.16,42.6,51.4,2.4,225.0,388.0,21.4,191.0,2.91,2.0,0.0,0.5,,0.0,0.0,0.0,0.04,0.14,1.9,0.4,0.1,17.0,4.99,79.3,0.15,0.0,0.15,0.0,0.15,0.15,0.0,0.0,0.0
10004,"Coquille Saint-Jacques, noix et corail, cuite",110.0,1.77,0.32,0.06,0.009,0.011,0.12,0.12,44.0,3.22,0.0,0.0,20.2,0.46,17.1,0.073,1.4,20.0,62.8,1.27,357.0,348.0,61.4,183.0,2.89,2.0,0.0,0.0,,0.0,0.0,0.0,0.046,0.037,0.99,0.26,0.11,19.0,8.39,73.0,0.2,0.0,0.0,0.2,0.2,0.2,0.0,0.0,0.0
10045,"Coquille Saint-Jacques, noix, crue",83.6,0.84,0.094,0.003,0.0018,0.0014,0.05,0.081,38.0,1.15,0.0,0.0,17.9,0.34,11.9,0.1,0.58,28.0,44.0,1.15,224.0,392.0,7.7,137.0,1.56,2.0,0.0,0.5,0.0,0.0,,,0.04,0.046,1.97,0.092,0.13,16.0,2.0,78.7,0.3,,0.3,,0.3,0.3,0.0,0.0,0.0
26107,"Corb, cru",87.2,0.8,,,,,,,,0.0,0.0,0.0,20.0,,74.0,0.8,,,61.0,0.3,,527.0,36.5,,2.1,,0.0,0.7,1.29,0.1,,,,,,,,15.0,2.5,78.0,,,,,,,0.0,0.0,0.0
25089,"Cordon bleu de volaille, préemballé",226.0,12.2,3.2,4.08,2.93,0.12,,,37.5,14.6,2.2,0.78,14.0,1.73,60.6,0.071,0.68,8.0,37.6,0.18,172.0,336.0,10.0,683.0,1.16,25.0,7.0,0.5,,,,0.0,0.13,0.12,4.8,0.6,0.28,16.0,0.58,54.1,0.067,,0.45,0.4,0.73,0.067,11.9,0.0,0.0
26175,"Corégone lavaret ou lavaret, cru",115.0,3.72,0.87,,0.09,0.14,0.32,0.94,56.3,0.0,0.0,0.0,20.5,0.13,43.0,0.049,0.44,12.0,31.5,0.059,280.0,349.0,16.0,50.0,0.77,22.0,0.0,7.5,0.2,0.1,,0.0,0.11,0.095,3.5,0.75,0.3,15.0,1.0,74.7,,,,0.0,,0.0,0.0,0.0,0.0
11094,"Coriandre, fraiche",22.3,0.52,0.014,,,,0.0,0.0,0.0,0.87,0.87,2.8,2.13,0.12,67.0,0.23,1.77,,26.0,0.43,48.0,521.0,,46.0,0.5,0.0,3930.0,0.0,,310.0,,27.0,0.067,0.16,1.11,0.57,0.15,,0.0,92.2,,,,,,,,0.0,0.0
11026,"Coriandre, graine",345.0,17.8,0.99,13.5,1.75,,0.0,0.0,0.0,13.0,,41.9,12.4,0.088,709.0,0.98,16.3,,330.0,1.9,409.0,1270.0,,35.0,4.7,0.0,,0.0,,,,21.0,0.24,0.29,2.13,,,,0.0,8.86,,,,,,,,0.0,0.0
23301,Corne de gazelle (pâtisserie orientale aux amandes en forme de croissant recouverte de sucre glace),474.0,22.1,7.78,9.78,3.68,0.22,,,,60.2,32.0,1.0,8.55,0.15,68.2,0.2,1.0,40.0,44.9,0.5,70.0,165.0,5.0,59.2,0.7,,,,,,,,0.096,0.19,1.05,0.36,0.14,37.0,,8.22,0.5,,0.4,1.0,0.2,30.1,28.2,0.0,0.0
28505,"Corned-beef, appertisé",191.0,10.9,4.47,3.61,0.24,0.05,0.0,0.0,75.5,0.1,0.0,0.0,23.2,2.8,14.5,0.064,2.24,,14.0,0.014,111.0,244.0,42.9,1120.0,3.57,0.0,0.0,0.2,0.15,1.6,,0.0,0.055,0.19,3.32,0.63,0.13,9.0,1.62,63.4,,,,,,,,0.0,0.0
11097,"Cornichon, aigre-doux",36.0,0.35,0.0,,,,,0.0,,5.0,4.0,1.5,1.25,0.94,,,,,,,,,,376.0,,0.0,,,,,,,,,,,,,,91.5,,,,,,,,0.0,0.0
11004,"Cornichon, au vinaigre",16.0,0.6,0.01,0.01,0.01,0.01,0.01,0.01,0.0,0.78,0.6,1.5,1.06,1.72,65.0,0.05,0.25,20.0,23.0,0.06,26.0,120.0,20.0,689.0,0.13,0.0,369.0,0.0,,42.8,,0.5,0.13,0.01,0.2,0.11,0.01,11.5,0.0,93.7,0.2,,0.2,0.2,0.2,0.4,0.35,0.0,0.0
26159,"Coulirou, cru",70.9,0.1,,,,,,,,0.0,0.0,0.0,17.5,0.15,50.0,,0.4,,30.0,,115.0,614.0,36.5,61.0,,,0.0,9.1,1.0,0.1,,0.0,0.03,0.08,3.2,,,2.0,4.4,,,,,,,,0.0,0.0,0.0
13998,"Coulis de fruits rouges (framboises, fraises, groseilles, cassis)",124.0,0.5,0.23,0.01,0.02,0.019,0.0,0.001,0.0,27.7,27.6,1.8,0.63,2.0,12.9,0.058,0.58,2.5,10.9,0.66,15.1,138.0,0.83,2.0,0.5,0.0,30.0,0.25,,1.0,,12.9,0.02,0.02,0.2,0.17,0.04,,0.0,70.1,9.78,,7.56,0.47,0.47,10.2,0.2,0.0,0.0
12010,Coulommiers,280.0,23.0,16.1,4.29,0.36,0.11,0.011,,85.0,0.0,0.0,0.043,18.8,1.45,382.0,0.07,0.23,28.0,21.7,0.0,185.0,165.0,5.0,590.0,3.28,196.0,,,0.6,,,,,,,,,,,51.8,0.3,,,,0.3,0.3,0.0,0.0,0.0
39534,Coupe glacée parfum pêche Melba ou poire Belle-Hélène,160.0,4.07,2.49,,,,,,,28.9,23.8,0.89,1.46,0.08,,,,,,,,,,16.4,,,,,,,,,,,,,,,,,,,,,,,,0.0,0.0
39532,Coupe glacée type café ou chocolat liégeois,210.0,9.24,6.92,,,,,,,28.7,25.8,0.9,2.71,0.15,,,,,,,,,,47.4,,,,,,,,,,,,,,,,,,,,,,,,0.0,0.0
20141,"Courge butternut (doubeurre), chair sans peau, bouillie/cuite à l'eau",28.2,0.2,0.052,,0.015,0.031,0.0,0.001,0.0,4.56,4.51,2.4,0.69,0.01,44.0,0.069,0.25,2.5,7.95,0.07,22.0,277.0,0.83,4.0,0.5,0.0,2080.0,0.1,,1.0,,4.95,0.03,0.02,0.2,0.26,0.11,,0.0,91.6,0.44,,0.47,0.095,0.16,3.44,0.1,0.0,0.0
20138,"Courge butternut (doubeurre), chair sans peau, crue",30.5,0.1,0.021,,,,0.0,0.0,0.0,5.4,2.2,2.0,1.0,0.01,48.0,0.072,0.7,,34.0,0.2,33.0,352.0,,4.0,0.15,0.0,4230.0,0.0,,1.1,,21.0,0.1,0.02,1.2,0.4,0.15,,0.0,86.4,0.99,0.0,0.99,0.0,0.0,0.22,3.2,,0.0
20292,"Courge butternut (doubeurre), chair sans peau, cuite",28.9,0.5,0.01,0.01,0.01,0.01,0.01,0.01,,5.24,4.0,1.8,1.06,0.013,17.0,0.05,0.15,20.0,7.4,0.04,17.0,340.0,20.0,5.0,0.13,0.0,1150.0,0.25,1.29,0.8,,2.28,0.02,0.01,0.5,0.23,0.064,19.0,0.0,90.9,0.8,,0.6,0.2,0.2,2.6,0.4,0.5,0.0
20134,"Courge hokkaïdo, chair sans peau, crue",56.1,0.6,,,,,0.0,0.0,0.0,9.98,,2.6,1.4,,24.7,,0.4,,10.8,,32.8,436.0,,,,0.0,4226.0,,,,,13.9,0.015,,,,,,,86.1,,,,,,,4.38,,0.0
20136,"Courge melonnette, chair sans peau, crue",30.8,0.13,,,,,0.0,0.0,0.0,5.98,,1.35,0.75,,18.3,,0.48,,16.8,,23.5,359.0,,,,0.0,4226.0,,,,,9.7,0.01,,,,,,,91.2,,,,,,,0.33,,0.0
20128,"Courge musquée, chair sans peau, crue",23.5,0.1,,,,,0.0,0.0,0.0,4.6,,1.0,0.55,,18.3,,0.43,0.5,6.25,,18.3,235.0,,,,0.0,4226.0,,,,,4.6,0.01,,,,,,,93.3,,,,,,,0.95,,0.0
20145,"Courge spaghetti, chair sans peau, crue",32.3,0.57,0.12,,,,0.0,0.0,0.0,5.41,2.76,1.5,0.64,0.043,23.0,0.037,0.31,,12.0,0.13,12.0,108.0,,17.0,0.19,0.0,64.0,0.0,,0.9,,2.1,0.037,0.018,0.95,0.36,0.1,,0.0,91.6,,,,,,,,,0.0
20143,"Courge spaghetti, chair sans peau, cuite",28.0,0.26,0.062,,,,0.0,0.0,0.0,5.06,2.53,1.4,0.66,0.045,21.0,0.035,0.34,,11.0,0.11,14.0,117.0,,18.0,0.2,0.0,59.0,0.0,,0.8,,3.5,0.038,0.022,0.81,0.36,0.099,,0.0,92.3,,,,,,,,,0.0
20139,"Courge, crue",14.4,0.13,0.027,0.01,0.021,0.035,0.0,0.0,0.0,1.6,1.6,1.5,0.95,0.01,28.0,0.071,0.58,0.15,14.0,0.16,23.0,350.0,0.24,4.0,0.21,0.0,820.0,0.0,,1.1,,12.3,0.03,0.062,0.5,0.19,0.16,,0.0,94.9,0.9,,0.7,,,0.0,,,0.0
15064,"Courge, graine, séchée",618.0,49.1,8.66,16.1,20.7,0.12,0.0,0.0,0.0,5.39,1.4,6.0,29.5,0.018,46.0,1.34,8.82,,592.0,4.54,1230.0,809.0,9.4,7.0,7.81,0.0,9.0,0.0,2.18,7.3,0.0,1.9,0.27,0.15,4.99,0.75,0.14,58.0,0.0,5.23,0.15,0.0,0.13,0.0,0.0,1.12,1.47,,0.0
20020,"Courgette, chair et peau, crue",16.7,0.32,0.084,0.007,0.03,0.061,0.0,0.0,0.0,1.75,1.74,1.0,1.21,0.02,16.0,0.053,0.37,1.64,18.0,0.18,38.0,261.0,0.76,8.0,0.32,0.0,120.0,0.0,0.12,4.3,,17.9,0.045,0.094,0.45,0.2,0.16,24.0,0.0,94.8,0.96,0.0,0.74,0.0,0.0,0.035,0.0,0.014,0.0
20021,"Courgette, chair et peau, cuite",15.5,0.36,0.1,0.0046,0.041,0.11,0.0,0.0,0.0,1.4,0.0,1.5,0.93,0.098,19.3,0.085,0.32,5.0,22.3,0.089,65.0,238.0,10.0,39.0,0.22,0.0,173.0,0.0,0.12,4.2,,2.9,0.05,0.05,0.05,0.05,0.05,28.0,0.0,93.8,0.5,,0.5,0.5,0.5,0.5,0.5,0.02,0.0
20313,"Courgette, chair et peau, rôtie/cuite au four",20.3,0.3,0.01,0.01,0.01,0.01,0.01,0.01,,3.13,2.7,1.7,1.5,0.013,24.0,0.07,0.4,20.0,23.0,0.14,41.0,300.0,20.0,5.0,0.27,0.0,415.0,,,2.92,,0.5,0.02,0.035,0.64,0.2,0.038,,,93.1,1.5,,1.2,0.2,0.2,0.2,0.35,0.5,0.0
20230,"Courgette, chair et peau, surgelée, crue",16.5,0.13,0.027,,,,0.0,0.0,0.0,2.0,1.11,1.48,1.08,0.028,18.0,0.05,0.51,,13.0,0.24,28.0,218.0,0.2,11.0,0.21,0.0,119.0,0.0,0.12,4.2,,5.3,0.048,0.042,0.43,0.3,0.05,24.0,0.0,94.7,0.61,,0.5,,0.3,0.3,,,0.0
20264,"Courgette, purée",57.3,1.9,1.3,,,,0.0,0.0,,6.5,2.3,1.5,2.8,0.6,,,,,,,,,,220.0,,0.0,,,,,,,,,,,,,,,,,,,,,,,0.0
7744,"Couronne des rois (brioche) aux fruits confits, préemballée",353.0,12.3,6.1,,,,,,,52.8,19.6,1.35,7.2,0.89,,,,,,,,,,354.0,,,,,,,,,,,,,,,,25.0,,,,,,,,0.0,0.0
11172,"Court-bouillon pour poissons, déshydraté",260.0,23.0,16.0,,,,,,,7.0,4.5,2.5,5.0,47.5,,,,,,,,,,19000.0,,,,,,,,,,,,,,,,,,,,,,,,0.0,0.0
25043,"Couscous à la viande ou au poulet, allégé en matière grasse, préemballé,",90.7,1.9,0.4,,,,,,16.0,11.5,2.1,2.0,5.9,0.7,22.0,,0.78,2.3,17.0,0.16,88.0,148.0,,300.0,,34.0,779.0,0.04,0.97,,,7.0,0.07,0.07,2.0,0.3,0.13,18.0,0.04,72.9,,,,,,,9.4,0.0,0.0
25152,"Couscous à la viande, préemballé",128.0,4.73,1.24,,,0.067,,,,12.5,1.97,2.53,7.59,0.78,25.2,0.098,,,18.8,0.21,,179.0,2.58,313.0,1.02,,,,,,,,,,,,,,,69.2,0.5,,0.6,0.1,0.55,0.25,,0.0,0.0
25029,Couscous au mouton,149.0,7.2,,,,,,,17.5,12.2,1.38,1.3,8.31,0.81,31.6,0.1,1.24,3.0,23.2,0.19,95.4,187.0,,322.0,1.22,0.0,724.0,0.14,0.4,,,5.0,0.075,0.075,1.7,0.3,0.11,18.0,0.5,68.9,,,,,,,10.8,0.0,0.0
25107,Couscous au poisson,105.0,1.6,0.2,,,,,,15.6,14.2,1.7,1.7,7.5,0.84,24.0,0.1,4.1,10.0,23.0,0.2,89.0,192.0,,337.0,0.4,0.9,1020.0,0.1,1.2,,,7.6,0.1,0.1,,0.2,0.1,24.0,0.5,75.6,,,,,,,12.5,0.0,0.0
25138,Couscous au poulet,130.0,3.85,1.17,,,,,,26.6,15.6,2.87,1.47,7.5,0.79,18.4,,0.86,3.0,18.4,,69.0,153.0,,307.0,,14.0,700.0,0.01,0.48,,,4.05,0.08,0.09,1.9,0.3,0.14,19.1,0.13,66.9,,,,,,,12.8,0.0,0.0
25150,"Couscous de légumes, préemballé",108.0,2.25,0.8,,0.81,0.077,,,,16.4,2.54,2.24,4.32,0.73,,,,,,,,,,274.0,,,,,,,,,,,,,,,,71.1,,,,,,,,0.0,0.0
25127,"Couscous royal (avec plusieurs viandes), préemballé",132.0,4.53,1.54,1.93,0.71,0.095,,0.01,20.0,14.0,1.57,2.1,7.69,0.88,25.2,0.098,0.93,5.8,18.8,0.21,72.3,179.0,2.58,345.0,1.02,10.6,700.0,0.0,0.4,,,1.69,0.07,0.09,1.9,0.3,0.15,17.2,0.28,69.2,0.46,,0.48,0.1,0.31,0.28,12.5,0.0,0.0
10025,"Crabe ou tourteau, bouilli/cuit à l'eau",124.0,4.29,0.55,0.62,0.076,0.11,0.61,0.28,73.3,1.79,0.0,0.0,19.5,1.23,53.0,1.99,1.62,100.0,55.0,0.087,302.0,248.0,39.6,478.0,4.42,26.0,0.0,0.0,1.84,0.0,,3.6,0.084,0.53,2.1,0.73,0.2,25.5,6.79,72.3,0.0,,0.0,0.0,0.0,0.0,0.0,0.0,0.0
10039,"Crabe, cru",104.0,2.86,0.46,0.88,0.047,0.03,0.32,0.15,78.0,0.027,0.0,0.0,19.5,0.69,84.0,0.44,1.67,60.0,42.5,,208.0,268.0,82.0,275.0,7.7,2.0,0.0,0.0,,0.0,,2.5,0.097,0.17,2.4,0.71,0.21,25.9,9.55,75.7,,,,,,,0.0,0.0,0.0
10005,"Crabe, miettes et ou pattes décortiquées, appertisé, égoutté",97.8,0.96,0.19,0.12,0.015,0.0084,0.2,0.13,75.0,4.16,0.0,0.0,18.1,1.64,120.0,0.43,3.15,60.0,32.0,0.0,180.0,105.0,48.9,656.0,8.8,0.0,0.0,0.0,1.84,0.1,0.0,0.0,0.05,0.22,1.4,0.71,0.3,20.0,13.5,74.7,0.15,,0.15,0.0,0.15,0.0,,0.0,0.0
7349,Cracker de table au blé complet,436.0,15.4,3.88,,,,0.0,,,55.6,4.82,10.1,12.6,1.58,,,2.7,34.0,76.9,,,,,,,,,,,,,,,,,,,,,,,,,,,,,0.0,0.0
7348,Cracker de table au fromage et aux graines,455.0,18.5,5.84,,,,0.0,,,47.3,2.24,10.4,17.9,1.87,,,,,,,,,,,,,,,,,,,,,,,,,,,,,,,,,,0.0,0.0
7351,Cracker de table au froment,442.0,12.3,5.66,4.22,1.67,0.08,0.007,0.007,1.0,68.6,1.63,4.1,10.4,1.87,24.8,0.17,1.2,2.5,28.9,0.59,107.0,159.0,7.0,749.0,0.87,16.0,30.0,0.0,,1.5,1.97,2.0,0.12,0.1,0.2,0.29,0.03,5.2,0.1,1.3,0.08,0.08,0.15,0.08,1.48,0.08,63.0,0.0,0.0
7347,Cracker de table aux graines,445.0,17.7,2.51,,,,0.0,,,49.9,1.67,11.6,14.3,1.86,,,,,,,,,,,,,,,,,,,,,,,,,,,,,,,,,,0.0,0.0
19436,"Crème 12 à 20% MG, légère, fluide, rayon frais",173.0,16.0,9.4,,,,,,,4.3,4.2,0.0,2.96,0.15,105.0,,,,9.0,,71.0,127.0,4.6,60.0,,,37.0,1.1,0.12,1.7,,,,,,,,2.0,0.14,72.4,,,,,,,0.0,0.0,0.0
19431,"Crème 12 à 25% MG, légère, épaisse, rayon frais",162.0,14.4,9.66,2.89,0.23,0.05,0.008,0.008,47.2,4.55,2.87,0.9,2.65,0.078,93.3,0.02,0.25,13.0,8.83,0.02,72.5,124.0,2.23,31.0,0.5,144.0,30.0,0.2,0.12,1.2,,0.0,0.01,0.1,0.2,0.24,0.02,2.0,0.12,76.4,0.1,0.1,0.1,2.87,0.1,0.1,1.66,0.0,0.0
19430,"Crème 12 à 25% MG, légère, semi-épaisse, UHT",189.0,17.6,11.8,3.54,0.26,0.068,0.009,0.009,52.1,4.34,3.41,1.5,2.78,0.088,97.5,0.02,0.25,17.1,9.24,0.02,75.9,139.0,2.0,35.0,0.5,170.0,30.0,0.2,0.12,1.3,,0.25,0.02,0.13,0.2,0.3,0.02,2.0,0.22,73.2,0.1,0.1,0.1,3.41,0.1,0.1,0.93,0.0,0.0
19410,"Crème 30% MG, épaisse, rayon frais",285.0,29.9,19.5,5.87,0.44,0.11,0.015,0.015,87.3,1.38,1.38,3.0,2.32,0.065,78.2,0.02,0.25,13.0,7.65,0.02,67.1,118.0,2.0,26.0,0.5,296.0,30.0,0.2,0.92,2.3,,0.5,0.01,0.12,0.2,0.25,0.02,4.0,0.1,63.9,0.1,0.1,0.1,1.38,0.1,0.1,0.0,0.0,0.0
19417,"Crème 30% MG, fluide, UHT",293.0,30.0,18.6,4.9,0.42,0.11,0.014,0.014,86.9,3.69,2.93,0.0,2.2,0.068,74.8,0.022,0.25,2.5,7.64,0.02,64.3,115.0,2.14,27.0,0.5,287.0,70.0,0.0,0.92,3.2,8.3,2.44,0.02,0.12,0.2,0.27,0.02,4.0,0.28,63.6,0.01,0.014,0.01,2.92,0.01,0.01,,0.0,0.0
19415,"Crème 30% MG, semi-épaisse, UHT",294.0,30.7,21.4,5.48,0.43,0.08,0.01,0.01,124.0,1.94,1.94,3.0,2.49,0.073,67.0,0.0065,0.03,10.8,7.0,0.001,61.5,86.0,1.29,29.0,0.24,340.0,66.0,0.65,0.92,2.95,,0.6,0.023,0.12,0.041,0.26,0.027,4.0,0.19,62.9,0.1,0.1,0.1,1.94,0.1,0.1,0.0,0.0,0.0
39700,"Crème anglaise, préemballée",97.3,2.5,1.55,0.61,0.08,0.0095,0.0024,0.0024,26.6,14.8,12.9,1.0,3.44,0.13,110.0,0.01,0.11,20.0,10.0,0.01,91.0,140.0,50.0,53.7,0.38,28.9,69.8,0.5,,0.8,,0.45,0.028,0.19,0.11,0.39,0.021,9.03,0.23,77.7,0.3,0.002,0.3,3.4,0.3,9.5,0.7,0.0,0.0
39211,"Crème aux oeufs (petit pot de crème chocolat, vanille, etc.), rayon frais",162.0,8.1,4.84,1.61,0.28,0.032,0.005,0.005,65.1,17.5,12.9,0.9,4.34,0.14,94.2,0.072,1.1,25.1,17.8,0.084,97.6,191.0,5.1,55.0,0.55,77.4,102.0,0.0,,0.81,,2.0,0.02,0.21,0.2,0.49,0.03,,0.1,68.2,1.59,0.002,0.16,2.89,0.16,8.08,0.92,0.0,0.0
39213,"Crème brûlée, rayon frais",269.0,20.1,13.1,,0.8,0.096,,,193.0,17.5,16.3,0.32,4.44,0.11,64.3,0.1,0.8,17.5,7.6,0.1,97.0,94.0,5.0,46.1,0.6,174.0,64.0,0.5,1.17,,,0.5,0.04,0.19,0.16,0.59,0.042,26.2,0.35,54.7,0.42,0.002,0.42,2.13,0.21,12.2,0.0,0.0,0.0
39209,"Crème caramel, rayon frais",155.0,5.74,3.54,0.46,0.066,0.02,0.0,0.0,12.0,21.0,19.3,0.32,4.75,0.15,84.9,0.0084,0.32,14.4,12.8,0.004,77.0,150.0,10.0,57.1,0.31,37.0,8.0,0.07,0.16,,,0.0,0.03,0.2,0.1,0.5,0.03,8.0,0.3,69.0,1.55,0.0019,1.76,3.64,0.13,12.2,1.65,0.0,0.0
19420,"Crème chantilly, sous pression, UHT",305.0,28.2,18.9,5.59,0.48,0.11,0.01,0.01,76.0,10.6,10.4,3.0,2.11,0.065,101.0,0.01,0.05,11.0,11.0,0.001,89.0,147.0,1.4,26.0,0.37,184.0,43.0,0.4,0.64,1.9,,0.0,0.037,0.065,0.07,0.31,0.041,3.0,0.29,57.1,0.1,0.1,0.1,2.73,0.1,7.68,,0.0,0.0
19411,"Crème d'Isigny, >= 35% MG",382.0,40.0,28.9,,,,,,,3.0,2.56,0.0,2.55,0.076,,,,,,,,,3.0,30.5,,,72.0,1.6,0.92,3.2,,,,,,,,4.0,0.16,54.8,0.1,,0.1,2.05,0.1,0.1,0.0,0.0,0.0
12311,Crème de camembert,267.8,23.0,16.0,,,,,,92.0,4.0,4.0,0.0,11.2,2.3,270.0,,,,,,560.0,,8.6,650.0,,,59.0,0.0,0.86,2.1,,,,,,,,9.0,0.22,57.0,,,,2.0,,,,0.0,0.0
1021,Crème de cassis,245.0,0.0,0.0,,,,,,0.0,41.0,40.9,0.0,0.0,0.0,16.6,0.097,0.62,0.87,8.44,0.11,18.5,128.0,0.57,0.0,0.12,0.0,48.1,0.0,0.52,,,5.0,0.015,0.015,0.11,0.15,0.03,2.96,0.0,47.1,,,,,,,0.0,0.0,11.6
15013,"Crème de marron ou confiture de châtaigne, préemballée",278.0,0.66,0.13,,,,0.0,0.0,,65.9,51.5,2.28,0.95,0.014,11.3,0.08,1.7,0.4,12.2,0.24,,174.0,1.0,10.0,0.3,,0.0,,,,,6.29,,,,,,30.0,,32.8,0.3,0.0,1.9,0.2,0.25,44.7,14.4,0.0,0.0
11299,"Crème de pruneaux, préemballée",240.0,0.45,0.0,,,,0.0,0.0,,55.0,53.0,5.0,1.4,0.01,,,,,,,,,,,,,,,,,,,,,,,,,,,,,,,,,,0.0,0.0
39214,"Crème dessert à la vanille, appertisée",133.0,3.62,1.8,,,,,,12.0,21.1,16.0,0.5,3.85,0.17,115.0,0.05,0.8,14.0,10.0,0.05,80.0,134.0,1.1,66.5,0.6,33.0,3.0,0.1,0.1,,,0.2,0.04,0.22,0.3,0.52,0.06,22.0,0.1,73.3,,,,,,,2.6,0.0,0.0
39229,"Crème dessert à la vanille, rayon frais",103.0,2.88,1.88,0.45,0.043,0.011,0.002,0.002,8.1,16.2,13.8,0.11,2.98,0.12,107.0,0.02,0.25,25.7,10.2,0.02,82.5,165.0,2.0,48.0,0.5,33.7,341.0,0.0,,,,2.0,0.03,0.22,0.1,0.44,0.03,,0.16,76.9,0.11,0.1,0.08,5.0,0.08,8.41,1.91,0.0,0.0
39246,"Crème dessert au café, rayon frais",118.0,4.09,2.74,,0.06,0.017,,,,17.3,14.4,0.075,2.86,0.16,,,,,,,,,,67.1,,,,,,,,,,,,,,,,76.1,0.3,,0.23,,0.3,9.1,,0.0,0.0
39247,"Crème dessert au caramel, rayon frais",108.0,2.68,1.75,0.4,0.043,0.011,0.002,0.002,7.6,18.1,14.2,0.078,2.88,0.19,102.0,0.02,0.25,27.1,9.48,0.02,86.8,174.0,2.0,76.0,0.5,31.8,30.0,0.0,,,,2.0,0.03,0.2,0.2,0.36,0.03,,0.1,75.3,1.18,,1.97,4.44,0.27,6.08,2.76,0.0,0.0
39254,"Crème dessert au chocolat et billes de céréales chocolatées, rayon frais",140.0,3.78,2.28,,,,,,,22.5,19.3,0.38,3.85,0.18,,,,,,,,,,,,,,,,,,,,,,,,,,,,,,,,,,0.0,0.0
39506,"Crème dessert au chocolat, appertisée",138.0,3.42,0.63,,,,,,3.0,21.8,16.8,3.6,3.25,0.1,89.7,0.17,1.35,6.1,27.9,0.19,80.0,247.0,5.0,41.6,0.58,11.0,0.0,0.03,0.13,,,2.0,0.03,0.16,0.3,0.18,0.03,3.0,0.0,69.0,0.36,0.08,0.26,2.55,0.002,13.5,2.75,0.0,0.0
39200,"Crème dessert au chocolat, rayon frais",121.0,3.55,2.26,0.67,0.063,0.012,0.003,0.003,9.1,17.9,15.4,1.5,3.46,0.16,113.0,0.13,1.8,21.2,25.4,0.15,98.5,266.0,2.76,64.0,0.53,16.0,30.0,0.0,,0.8,,2.0,0.09,0.21,0.2,0.42,0.03,,0.1,72.3,0.08,0.077,0.08,4.83,0.08,10.3,2.05,0.0,0.0
19673,"Crème dessert, allégée en matière grasse, rayon frais",78.2,1.1,0.72,0.31,0.02,0.01,0.01,0.01,,12.6,11.4,1.5,3.66,0.13,127.0,,,,,,,,,54.0,,,,,,,,,,,,,,,,80.0,0.75,0.1,0.17,4.37,0.89,5.19,,0.0,0.0
39505,"Crème dessert, appertisée (aliment moyen)",136.0,3.51,1.19,,,,,,7.3,21.5,16.4,2.12,3.53,0.13,102.0,0.11,1.09,9.87,19.3,0.12,80.0,193.0,1.83,53.5,0.59,21.5,1.43,0.063,0.12,,,1.14,0.035,0.19,0.3,0.34,0.044,12.1,0.048,71.0,,,,,,,2.68,0.0,0.0
39230,"Crème dessert, rayon frais (aliment moyen)",138.0,5.82,3.74,0.64,0.16,0.024,0.0027,0.0027,37.6,17.4,14.9,0.77,3.5,0.14,102.0,0.072,1.02,22.3,17.0,0.081,92.5,201.0,2.36,57.8,0.44,44.4,112.0,0.037,,,,1.73,0.056,0.21,0.084,0.45,0.03,,0.13,71.2,0.33,0.051,0.29,4.32,0.096,9.63,1.7,0.0,0.0
39511,"Crème dessert, rayon frais ou appertisée (aliment moyen)",138.0,5.75,3.66,0.64,0.16,0.024,0.0027,0.0027,36.6,17.6,15.0,0.81,3.5,0.14,102.0,0.073,1.02,21.9,17.1,0.082,92.1,201.0,2.34,57.7,0.45,43.7,108.0,0.038,,,,0.87,0.056,0.21,0.091,0.45,0.03,,0.12,71.2,0.33,0.051,0.29,4.29,0.094,9.69,1.73,0.0,0.0
19402,"Crème ou spécialité à base de crème légère, sans précision sur la teneur en matière grasse (aliment moyen)",248.0,25.0,16.1,4.88,0.38,0.095,0.013,0.013,77.5,2.86,2.36,0.93,2.45,0.077,83.6,0.013,0.12,6.87,8.06,0.0099,68.2,120.0,1.52,30.9,0.25,256.0,28.9,0.082,,1.92,,0.74,0.011,0.12,0.099,0.26,0.021,,0.13,67.5,0.079,0.041,0.079,2.16,0.079,0.043,0.41,0.0,0.0
19404,"Crème ou spécialité à base de crème légère, sans précision sur la teneur en matière grasse, épaisse ou semi-épaisse (aliment moyen)",165.0,14.7,9.87,2.95,0.23,0.052,0.0081,0.0081,47.7,4.53,2.92,0.96,2.67,0.078,93.7,0.02,0.25,13.4,8.87,0.02,72.8,125.0,2.11,31.4,0.5,147.0,30.0,0.2,,1.21,,0.024,0.01,0.1,0.2,0.25,0.02,,0.13,76.1,0.1,0.1,0.1,2.92,0.1,0.1,1.59,0.0,0.0
19403,"Crème ou spécialité à base de crème légère, sans précision sur la teneur en matière grasse, fluide (aliment moyen)",244.0,24.2,14.9,4.51,0.39,0.1,0.014,0.014,81.5,3.97,3.4,0.2,2.49,0.094,85.5,0.021,0.12,2.13,8.19,0.0097,67.3,120.0,2.06,37.5,0.26,267.0,70.0,0.014,,,8.3,2.3,0.022,0.12,0.098,0.27,0.022,,0.28,67.5,0.018,0.018,0.018,3.05,0.018,0.022,,0.0,0.0
39710,"Crème pâtissière instantanée, reconstituée",120.0,3.6,1.87,,,,,,123.0,18.0,15.3,0.0,3.79,0.2,105.0,0.03,0.64,25.5,11.6,0.1,124.0,150.0,4.0,79.1,0.7,89.5,100.0,0.24,0.34,,,0.93,0.065,0.19,0.21,0.68,0.055,15.0,1.0,69.7,0.0,0.0,0.0,3.07,0.0,12.2,2.74,0.0,0.0
24370,Crêpe dentelle nature,467.0,16.2,11.1,,,0.1,,,,73.1,36.6,1.7,6.37,0.65,,,,,,,,,,220.0,,,,,,,,,,,,,,,,2.9,,,2.75,,0.5,28.0,,0.0,0.0
24371,"Crêpe dentelle, nappée de chocolat",498.0,22.1,11.5,7.03,1.41,0.45,,0.0072,,67.4,43.2,3.5,5.75,0.57,,,,,,,,,,240.0,,,,,,,,,,,,,,,,,,,0.94,,0.36,40.6,,0.0,0.0
23820,"Crêpe fourrée à la confiture, faite maison",296.0,5.74,3.36,,,,,,41.3,54.0,19.4,1.0,6.51,0.89,49.8,0.062,0.77,1.82,12.2,0.16,144.0,126.0,10.6,356.0,0.43,40.6,86.8,0.11,0.26,,,4.62,0.14,0.2,1.12,0.3,0.041,29.5,0.15,30.6,,,,,,,23.1,0.0,0.0
23804,"Crêpe fourrée au chocolat et aux billes de céréales croustillantes, préemballée",448.0,20.3,7.39,,,,,,,58.3,35.0,2.52,6.81,0.96,,,,,,,,,,,,,,,,,,,,,,,,,,,,,,,,,,0.0,0.0
23821,"Crêpe fourrée au chocolat ou à la pâte à tartiner chocolat et noisettes, faite maison",388.0,15.1,6.06,,,,,,43.8,54.3,20.4,2.22,7.76,0.61,72.6,0.2,2.43,3.68,35.7,0.44,190.0,223.0,11.3,359.0,0.76,40.6,78.2,0.49,1.38,,,0.25,0.16,0.25,1.43,0.37,0.056,31.7,0.19,17.8,,,,,,,23.7,0.0,0.0
23829,"Crêpe fourrée au chocolat, préemballée",439.0,19.1,5.73,6.93,6.32,0.16,0.01,0.01,53.6,58.6,39.1,2.43,6.83,0.95,71.0,0.24,2.9,20.0,36.0,0.43,120.0,240.0,20.0,294.0,0.84,47.1,14.7,0.25,,2.97,,0.5,0.066,0.11,0.1,0.51,0.026,13.9,0.34,9.0,0.2,,0.2,2.9,0.2,35.2,17.8,0.0,0.0
23815,"Crêpe fourrée au sucre, préemballée",406.0,15.8,9.38,1.25,0.62,0.05,,,,58.7,31.0,1.04,6.62,1.44,82.5,0.087,,,17.4,0.31,,,2.2,572.0,0.58,,,,,,,,,,,,,,,,,,,,,,,0.0,0.0
23830,"Crêpe fourrée fraise, préemballée",351.0,7.91,3.93,,,,,,,64.3,39.9,1.5,4.96,1.06,,,,,,,,,,,,,,,,,,,,,,,,,,,,,,,,,,0.0,0.0
25625,"Crêpe ou galette au poisson et / ou fruits de mer, préemballée",190.0,11.0,7.5,,,,,,,15.0,3.0,1.5,7.0,1.18,,,,,,,,,,472.0,,,,,,,,,,,,,,,,,,,,,,,,0.0,0.0
25572,"Crêpe ou galette aux noix de Saint-Jacques, préemballée",144.0,6.2,3.3,,,,,,,15.5,2.3,1.0,6.1,1.07,,,,,,,,,,,,,,,,,,,,,,,,,,,,,,,,,,0.0,0.0
25581,"Crêpe ou galette béchamel et champignon, préemballée, cuite",172.0,7.7,2.48,1.99,2.54,0.03,0.01,0.01,34.5,18.5,3.16,3.4,5.5,0.76,82.0,0.07,0.43,20.0,14.0,0.18,100.0,180.0,20.0,304.0,0.53,25.4,5.0,0.25,,0.8,,0.5,0.068,0.15,0.5,0.75,0.027,31.7,0.21,63.4,0.2,,0.29,2.3,0.58,0.2,15.3,0.0,0.0
25411,"Crêpe ou galette béchamel et champignon, préemballée, surgelée",144.0,5.0,0.5,,,,,,,20.0,3.0,0.5,4.5,0.81,82.8,,0.3,,14.0,,,260.0,,323.0,,,,,,,,,,,,,,,,66.0,,,,,,,,0.0,0.0
25549,"Crêpe ou galette béchamel et fromage, préemballée",150.0,6.0,2.0,,,,,,37.3,17.0,3.08,1.0,6.5,0.95,148.0,,0.48,,18.6,,162.0,118.0,,378.0,,33.9,,0.47,0.93,,,0.37,0.1,0.2,,,0.08,29.3,0.5,65.5,,,,,,,13.9,0.0,0.0
25409,"Crêpe ou galette béchamel et jambon, préemballée",199.0,8.0,3.04,2.12,1.38,0.086,0.00033,0.0028,30.0,24.3,2.5,0.0,7.5,1.43,,,,5.0,,,,,,,,,,,,,,,,,,,,,,,,,,,,,21.8,0.0,0.0
25552,"Crêpe ou galette béchamel, jambon et fromage et champignon, préemballée",144.0,6.3,1.91,,,,,,31.2,14.7,2.23,1.11,6.56,0.76,35.3,,0.6,,12.3,,86.0,86.6,,260.0,,17.6,,0.48,0.94,,,1.23,0.15,0.17,,,0.1,30.5,0.26,71.4,,,,,,,10.7,0.0,0.0
25410,"Crêpe ou galette béchamel, jambon et fromage, préemballée",179.0,7.9,4.48,1.98,0.79,0.033,,0.01,15.2,16.3,1.01,1.77,9.83,1.13,99.1,0.1,0.54,12.6,14.9,0.15,118.0,148.0,5.06,454.0,0.61,17.4,,0.73,1.24,,,1.59,0.19,0.19,,,0.11,30.4,0.34,62.6,0.3,,0.2,,0.21,0.17,15.3,0.0,0.0
25649,"Crêpe ou galette chèvre, lardon, préemballée",196.0,10.6,5.68,,,,,,,16.3,1.13,1.63,8.08,1.17,,,,,,,,,,,,,,,,,,,,,,,,,,,,,,,,,,0.0,0.0
25562,"Crêpe ou galette complète (oeuf, jambon, fromage), préemballée",219.0,9.8,6.29,2.71,0.58,0.055,0.01,0.11,105.0,15.2,1.1,4.5,15.3,1.12,240.0,0.11,0.96,20.0,52.0,0.24,280.0,190.0,20.0,445.0,1.8,116.0,,0.25,,1.49,,0.9,0.19,0.17,1.1,0.75,0.11,38.1,1.04,55.6,0.2,,0.2,0.2,0.2,0.2,9.8,0.0,0.0
23799,"Crêpe, nature, préemballée, rayon frais",257.0,6.8,3.6,1.6,1.37,0.1,0.01,0.051,60.9,41.6,19.1,2.2,6.31,0.52,75.0,0.04,0.56,20.0,14.0,0.2,120.0,140.0,20.0,210.0,0.52,23.0,7.04,0.5,,2.02,,0.5,0.081,0.16,0.1,0.77,0.03,17.0,0.41,42.0,0.2,,0.7,2.3,0.2,15.9,18.6,0.0,0.0
23800,"Crêpe, nature, préemballée, rayon température ambiante",389.0,12.8,6.48,4.5,1.17,0.29,0.01,0.01,54.7,59.9,28.8,1.61,7.65,1.77,63.0,0.12,0.8,11.0,17.7,0.37,87.0,162.0,6.0,685.0,0.7,62.0,14.0,0.5,,,,1.0,0.1,0.15,0.65,0.68,0.055,33.0,0.14,15.6,0.17,0.1,2.83,1.72,0.24,23.1,31.1,0.0,0.0
20199,"Cresson alénois, cru",23.8,0.7,0.023,0.03,0.057,0.17,0.0,0.0,0.0,1.22,1.22,1.1,2.6,0.035,81.0,0.17,1.3,0.9,38.0,0.55,76.0,606.0,0.9,14.0,0.23,0.0,4150.0,0.0,1.0,542.0,,69.0,0.08,0.26,1.0,0.24,0.25,9.0,0.0,89.4,0.07,,0.16,0.0,0.0,0.0,0.0,,0.0
20022,"Cresson de fontaine, cru",15.5,0.1,0.027,,,,0.0,0.0,0.0,1.11,0.2,0.5,2.3,0.1,120.0,0.077,0.2,13.8,21.0,0.24,60.0,330.0,0.9,41.0,0.11,0.0,1910.0,0.0,1.0,250.0,,43.0,0.09,0.12,0.2,0.31,0.13,9.0,0.0,95.1,,,,,,,,,0.0
20810,"Cresson, feuille, cru, prélevé à la Martinique",9.9,0.1,,,,,0.0,0.0,0.0,0.0,,2.1,2.25,,0.059,,1.31,,,0.41,,432.0,0.9,,,0.0,1060.0,0.0,1.0,22.5,,2.67,,,,,,9.0,0.0,95.0,,,,,,,,,0.0
10061,"Crevette blanche ou crevette tropicale (rose), élevage, cuite",97.5,0.93,0.33,0.088,0.089,0.0054,0.086,0.077,181.0,0.14,0.0,0.0,22.1,1.79,109.0,0.73,1.64,4.12,43.5,0.1,177.0,288.0,31.8,730.0,1.38,2.0,0.0086,0.5,2.2,0.4,,,0.04,0.041,3.16,0.26,0.19,24.0,6.62,73.9,,,,,,,0.0,0.0,0.0
10033,"Crevette bouquet, sauvage, cuite",103.0,1.27,0.22,0.11,0.012,0.0064,0.16,0.11,209.0,0.0,0.0,0.0,22.8,0.47,35.4,0.94,0.2,14.1,29.7,0.064,171.0,318.0,20.4,188.0,1.32,2.0,0.043,0.5,2.2,0.4,,,0.057,0.046,1.91,0.09,0.12,24.0,1.77,74.6,,,,,,,0.0,0.0,0.0
10006,"Crevette grise, cuite",89.4,1.1,0.31,0.14,0.01,0.01,0.24,0.17,164.0,0.47,0.0,0.0,19.4,1.47,1000.0,1.0,0.79,260.0,53.0,0.14,280.0,97.0,40.0,458.0,2.4,21.0,0.0,0.25,2.2,0.8,,0.5,0.015,0.28,0.49,0.11,0.094,33.5,12.6,74.7,0.0,,0.0,0.0,0.0,0.0,0.0,0.0,0.0
10100,"Crevette sauvage, cuite",97.3,1.01,0.35,,,,,,,0.04,0.0,0.0,22.0,1.93,,,,,,,,,49.5,,,,0.0,0.1,2.2,0.4,,,,,,,,24.0,1.66,,,,,,,,0.0,0.0,0.0
10064,"Crevette tropicale (rose), cuite (Penaeus brasiliensis)",117.0,1.18,0.25,0.061,0.011,0.002,0.1,0.068,237.0,0.0,0.0,0.0,26.6,0.34,81.1,0.29,0.84,40.9,54.3,0.1,203.0,207.0,52.2,138.0,1.99,2.0,0.013,0.5,2.2,0.4,,,0.04,0.042,2.91,0.13,0.18,24.0,2.46,71.2,,,,,,,0.0,0.0,0.0
10062,"Crevette tropicale (tigrée), élevage, cuite",101.0,0.83,0.27,0.082,0.089,0.0044,0.05,0.084,205.0,0.75,0.0,0.0,22.6,1.63,44.4,1.21,0.34,22.1,49.0,0.1,183.0,291.0,43.8,570.0,2.0,2.0,0.015,0.36,2.2,0.4,,,0.024,0.029,3.77,0.44,0.18,24.0,1.85,73.5,,,,,,,0.0,0.0,0.0
10021,"Crevette, crue",99.0,0.84,0.22,0.15,,0.0059,,,150.0,3.21,0.0,0.0,19.7,0.45,84.8,0.72,3.21,120.0,49.8,0.17,195.0,278.0,34.0,182.0,2.81,,,0.2,1.7,,,0.0,0.035,0.03,3.2,0.37,0.15,19.0,1.0,74.3,,,,,,,0.0,0.0,0.0
10007,"Crevette, cuite",91.3,0.79,0.25,0.056,0.072,0.006,0.06,0.055,162.0,0.2,0.0,0.0,20.5,1.61,177.0,0.71,2.24,26.3,50.0,0.093,110.0,253.0,28.8,640.0,0.97,9.0,30.0,0.25,2.2,0.2,3.44,2.0,0.02,0.05,1.65,0.11,0.15,14.6,1.52,74.9,0.1,0.0,0.1,0.1,0.1,0.1,0.0,0.0,0.0
10101,"Crevette, élevage, cuite (aliment moyen)",100.0,0.85,0.28,0.083,0.089,0.0046,0.057,0.083,200.0,0.64,0.0,0.0,22.5,1.66,56.0,1.12,0.58,18.9,48.0,0.1,182.0,291.0,41.6,599.0,1.89,2.0,0.014,0.34,,,,,0.024,0.031,3.66,0.41,0.18,,2.71,73.6,,,,,,,0.0,0.0,0.0
10038,"Crevette, surgelée, crue",105.0,0.9,0.17,,,,,,160.0,0.74,0.0,0.5,23.4,0.6,,,,,,,,,,240.0,0.9,2.0,0.0,,2.85,,,0.0,,0.02,,,0.07,13.0,,,0.3,,0.3,,0.3,0.3,0.0,0.0,0.0
10089,"Crevettes grises, décortiquées, cuites, réfrigérées, préemballées",91.7,1.0,0.2,,,,,,,0.083,0.083,0.0,20.7,2.05,,,,,,,,,49.5,,,,0.0,0.1,2.2,0.4,,,,,,,,24.0,1.66,,,,,,,,0.0,0.0,0.0
10086,"Crevettes, décortiquées, cuites, réfrigérées, préemballées",92.5,1.02,0.18,,,,,,,2.6,0.055,0.1,18.3,1.8,,,,,,,,,49.5,670.0,,,0.0,0.1,2.2,0.4,,,,,,,,24.0,1.66,75.0,0.3,,0.3,,0.3,0.3,0.0,0.0,0.0
20983,"Criste marine, fraîche, crue",39.4,0.66,0.048,,,,,,0.0,3.43,1.66,4.72,2.57,0.62,264.0,,0.7,4.11,33.1,0.58,63.1,436.0,0.69,248.0,,0.0,2730.0,,1.9,207.0,,15.8,0.0081,0.014,0.49,,0.14,27.9,,86.3,,,,,,,,0.0,0.0
25418,"Croissant au jambon fromage, fait maison",264.0,14.6,8.5,3.36,0.67,0.14,,0.01,,24.8,2.6,1.0,7.9,1.1,219.0,,,5.0,18.9,,,216.0,,500.0,1.7,,,,,,,,,,,,,,,49.8,0.9,,0.67,,0.35,0.27,,0.0,0.0
26266,"Croissant au jambon fromage, préemballé",258.0,14.5,8.77,,,,,,,22.0,2.77,2.0,8.92,1.28,117.0,,,,,,,,,510.0,,,,,,,,,,,,,,,,,,,,,,,,0.0,0.0
7650,"Croissant aux amandes, artisanal",449.0,29.1,14.9,8.53,1.75,0.083,,,78.5,36.5,14.4,3.7,7.62,0.79,55.7,0.21,1.1,7.06,36.6,0.43,116.0,174.0,2.48,317.0,0.76,111.0,64.3,0.44,4.02,,,0.044,0.093,0.15,0.89,0.46,0.13,35.6,0.12,22.1,,,,,,,22.1,0.0,0.0
7615,"Croissant ordinaire, artisanal",412.0,21.1,11.6,6.27,1.77,0.12,0.01,0.01,21.7,47.6,7.88,1.8,6.33,1.31,21.0,0.09,0.85,20.0,17.0,0.37,88.0,130.0,20.0,523.0,0.63,21.0,70.2,0.25,,3.52,,0.5,0.062,0.01,0.1,0.48,0.046,32.8,0.089,21.4,3.78,0.1,2.73,0.17,1.2,0.1,34.1,0.0,0.0
7616,"Croissant ordinaire, préemballé",398.0,19.1,9.33,5.71,1.98,0.16,0.01,0.01,6.9,46.7,8.33,4.1,6.95,1.16,58.0,0.1,0.79,2.5,18.3,0.41,87.1,131.0,4.0,465.0,0.62,16.0,259.0,0.0,,2.5,1.38,2.0,0.22,0.1,0.24,0.23,0.03,5.2,0.1,21.4,2.78,0.08,2.33,0.52,1.84,0.86,36.2,0.0,0.0
7620,"Croissant pur beurre, artisanal",420.0,22.6,15.1,4.32,0.54,0.11,0.01,0.01,76.6,45.7,7.3,2.5,6.61,1.16,22.0,0.09,0.7,20.0,15.0,0.37,78.0,120.0,20.0,463.0,0.53,200.0,53.0,0.25,,2.01,,0.71,0.066,0.039,0.2,0.43,0.029,18.3,0.13,21.1,3.5,0.2,2.5,0.4,0.9,0.2,33.7,0.0,0.0
7621,"Croissant pur beurre, préemballé",388.0,18.9,11.1,3.03,0.67,0.12,0.009,0.009,50.9,45.7,9.79,3.7,6.27,0.91,32.4,0.093,0.8,2.5,19.4,0.49,92.7,139.0,2.0,364.0,0.65,153.0,281.0,0.0,,1.5,,2.0,0.16,0.1,0.21,0.22,0.03,4.3,0.1,24.1,2.27,0.16,1.93,0.5,4.42,0.66,36.0,0.0,0.0
7619,"Croissant pur beurre, sans précision (aliment moyen)",420.0,22.6,15.1,4.32,0.54,0.11,0.01,0.01,76.6,45.7,7.3,2.5,6.61,1.16,22.0,0.09,0.7,20.0,15.0,0.37,78.0,120.0,20.0,463.0,0.53,200.0,53.0,0.25,,2.01,,0.71,0.066,0.039,0.2,0.43,0.029,18.3,0.13,21.1,3.5,0.2,2.5,0.4,0.9,0.1,33.7,0.0,0.0
7603,"Croissant, sans précision (aliment moyen)",417.0,22.1,14.0,4.87,0.92,0.11,0.01,0.01,59.5,46.2,7.49,2.41,6.56,1.19,23.5,0.09,0.74,19.1,15.7,0.37,80.9,123.0,9.7,478.0,0.56,143.0,67.4,0.24,,2.41,,0.61,0.073,0.031,0.17,0.43,0.033,21.3,0.12,21.2,3.53,0.17,2.55,0.35,1.02,0.13,33.9,0.0,0.0
25542,"Croque-madame, fait maison",261.0,15.5,7.42,,,,,,172.0,16.1,1.37,1.13,13.7,1.29,200.0,0.069,1.27,16.1,19.5,0.2,189.0,154.0,10.9,515.0,1.1,141.0,69.8,0.6,0.78,,,0.014,0.17,0.22,1.19,0.48,0.035,17.4,0.55,50.7,,,,,,,14.8,0.0,0.0
25400,"Croque-monsieur, jambon, fromage et beurre, fait maison",222.8,18.4,,,,,,,81.7,,,,14.3,1.71,249.0,0.08,1.32,11.0,21.9,,200.0,189.0,,686.0,1.34,120.0,,0.15,0.55,,,0.02,0.2,0.16,1.55,,0.0,,,45.1,,,,,,,,0.0,0.0
25547,"Croque-monsieur, préemballé",253.0,11.4,5.48,3.92,1.19,0.3,0.0043,,30.8,26.1,2.84,1.98,10.6,1.58,251.0,1.0,1.0,11.1,21.5,1.0,259.0,189.0,5.8,595.0,1.6,44.5,50.0,0.7,,,,1.7,0.15,0.15,0.64,0.37,0.05,23.1,0.39,44.2,0.091,,0.5,0.85,0.8,0.1,3.9,0.0,0.0
4049,"Croquette de pomme de terre, surgelée, à cuire",164.0,6.59,0.87,,,,0.0,0.0,,22.4,0.59,2.43,2.52,0.8,,,,,,,,,,,,,,,,,,,,,,,,,,,,,,,,,,0.0,0.0
20590,"Crosne, cuit",49.0,0.5,0.01,0.01,0.01,0.01,0.01,0.01,,9.11,0.2,1.9,2.13,0.013,20.0,0.21,0.37,20.0,14.0,0.09,58.0,310.0,20.0,5.0,0.24,0.0,5.0,0.25,,0.8,,,0.025,0.01,0.32,0.38,0.068,,,85.7,0.2,0.2,0.2,0.2,0.2,0.2,0.35,0.5,0.0
20231,"Crosne, surgelé, cru",51.8,0.03,0.0,,,,0.0,0.0,0.0,5.51,0.5,0.0,7.38,0.0025,,,,,,,,,,1.0,,0.0,,,,,,,,,,,,,,,,,,,,,,,0.0
12834,Crottin de Chavignol (fromage de chèvre),318.0,25.8,19.0,4.4,0.74,0.14,0.015,,92.9,1.28,1.0,0.0,20.7,1.58,147.0,0.1,0.28,30.0,17.2,,207.0,300.0,11.0,518.0,0.83,204.0,54.0,0.5,0.18,1.8,,,0.04,0.88,1.3,2.15,0.25,89.5,0.19,50.8,0.2,,0.2,0.2,0.2,0.2,0.0,0.0,0.0
12832,"Crottin de chèvre, au lait cru",384.0,32.6,24.1,4.36,,0.13,,,133.0,0.0,0.0,0.0,23.2,1.01,141.0,0.1,0.4,30.0,18.7,,239.0,,12.0,405.0,0.57,201.0,54.0,0.5,0.18,1.8,,,0.025,1.09,1.67,1.7,0.48,91.9,0.19,44.8,0.2,,0.2,0.2,0.2,0.2,0.0,0.0,0.0
12833,"Crottin de chèvre, sans précision sur le type de lait - pasteurisé ou cru -",344.0,28.0,19.6,4.34,0.6,0.13,0.01,,111.0,1.0,0.0,0.0,22.4,1.17,107.0,0.1,0.22,30.0,12.7,,186.0,238.0,13.0,467.0,0.59,175.0,54.0,0.5,0.18,1.8,,,0.04,0.65,1.12,0.79,0.16,77.5,0.1,,0.2,,0.2,0.1,0.2,0.2,0.0,0.0,0.0
7432,"Croûton nature, préemballé",459.0,17.9,2.66,12.7,2.51,0.033,0.01,0.01,,62.4,3.64,3.72,9.21,1.83,27.0,0.11,1.5,20.0,24.0,0.57,110.0,190.0,20.0,680.0,0.67,,,0.25,,2.04,,,0.099,0.056,0.22,0.67,0.054,37.1,,3.6,0.4,,0.2,,2.4,0.2,48.0,0.0,0.0
38500,"Croûton, à l'ail, aux fines herbes ou aux oignons, préemballé",484.0,22.9,3.04,16.1,3.81,0.029,0.01,0.01,,59.0,4.33,3.37,8.87,2.56,31.0,0.11,1.1,20.0,27.0,0.58,110.0,200.0,20.0,976.0,0.67,,,0.25,,8.15,,,0.071,0.065,0.1,0.63,0.063,57.1,,3.4,0.18,,0.33,0.2,0.18,3.64,46.1,0.0,0.0
7431,"Croûton, à tartiner, préemballé",374.0,2.85,1.45,,,,0.0,,,70.0,7.5,7.0,12.3,1.3,,,,,,,,,,500.0,,,,,,,,,,,,,,,,,,,,,,,62.5,0.0,0.0
38501,"Croûton, au fromage, préemballé",535.0,32.0,5.21,,,,0.0,,,52.3,4.0,2.67,8.24,1.7,,,,,,,,,,,,,,,,,,,,,,,,,,,,,,,,,,0.0,0.0
25616,"Crudité, sans assaisonnement (aliment moyen)",27.7,1.15,0.23,0.41,0.14,0.025,0.011,0.011,0.041,3.06,2.49,1.55,0.91,0.033,22.5,0.047,0.35,7.99,11.3,0.15,25.8,247.0,7.18,13.2,0.17,0.0,2340.0,0.08,,17.4,,11.4,0.044,0.023,0.44,0.19,0.084,,,92.8,1.3,,1.02,0.084,0.087,0.46,0.18,0.24,0.0
23493,"Crumble aux pommes, préemballé",226.0,8.17,5.43,1.82,0.3,0.05,0.01,0.01,0.5,35.4,19.0,1.9,1.71,0.11,8.6,0.1,0.3,50.0,7.47,0.2,32.0,75.6,5.0,34.0,0.2,2.0,37.0,0.5,,,,55.8,0.051,0.04,0.3,0.16,0.07,16.0,0.08,52.4,6.13,0.1,3.66,0.1,1.06,8.12,9.1,,0.0
11042,"Cumin, graine",427.0,22.3,1.54,14.0,2.53,0.0,0.0,0.0,0.0,33.7,2.25,10.5,17.8,0.42,931.0,0.87,66.4,,366.0,3.33,499.0,1790.0,,168.0,4.8,0.0,762.0,0.0,,5.4,,7.7,0.63,0.33,4.58,,0.44,,0.0,8.06,,,,,,,,0.0,0.0
11089,"Curcuma, poudre",291.0,3.25,1.84,0.075,,0.003,0.0,0.0,0.0,44.4,3.21,22.7,9.68,0.068,168.0,1.3,55.0,,208.0,19.8,299.0,2080.0,6.2,27.0,4.5,0.0,0.0,0.0,4.43,13.4,,0.7,0.058,0.15,1.35,0.54,0.11,20.0,0.0,12.9,0.45,0.0,0.38,0.0,0.0,2.38,,0.0,0.0
11005,"Curry, poudre",301.0,14.0,1.65,8.74,,0.26,0.0,0.0,0.0,2.63,2.63,53.2,14.5,0.13,525.0,1.2,19.1,0.5,255.0,8.3,367.0,1170.0,,52.0,4.7,0.0,11.0,0.0,,99.8,,0.7,0.18,0.2,3.26,1.07,0.11,,0.0,8.8,0.75,0.2,1.09,0.0,0.0,0.59,,0.0,0.0
20811,"Dachine, pulpe, cuit à la vapeur, prélevé à la Martinique",7.3,0.3,,,,,0.0,0.0,0.0,,,,1.15,,,,,,,,,,,,,0.0,,,,,,4.07,,,,,,,,65.3,,,,,,,29.5,0.0,0.0
13523,"Datte du désert, chair et peau, sans noyau, crue",132.1,0.1,0.04,,,,0.0,0.0,0.0,31.3,31.3,3.6,1.5,0.018,24.0,,0.3,,,,28.0,410.0,,7.0,0.2,0.0,18.0,0.0,0.1,,,14.0,0.06,0.07,0.7,,0.12,,,60.7,,,,,,,,,0.0
13011,"Datte, chair et peau, sans noyau, sèche",287.0,0.25,0.075,0.044,0.048,0.0068,0.0,0.0,0.2,64.7,64.7,7.3,1.81,0.098,44.9,0.22,0.9,1.4,47.3,0.3,62.0,696.0,3.05,39.0,0.23,0.0,89.0,0.0,0.05,2.7,,0.0,0.05,0.06,1.61,0.81,0.25,19.0,0.0,22.9,31.1,0.0,32.8,0.0,0.29,0.52,,,0.0
26103,"Denté ou denté commun, cru",102.0,3.5,0.45,,,,,,70.0,0.65,0.0,0.0,17.0,0.19,34.0,0.015,1.0,,,,226.0,350.0,,77.0,0.41,48.0,0.0,,0.4,,,0.0,0.08,0.13,2.7,,0.19,5.0,,78.1,,,,,,,0.0,0.0,0.0
28922,"Dés, allumettes, râpé ou haché de jambon",120.0,4.46,1.81,,,,,,,2.08,1.69,0.36,17.9,2.06,,,,,,,,,19.5,811.0,,,0.0,0.8,0.28,0.0,,,,,,,,3.0,0.68,,,,,,,,0.0,0.0,0.0
28929,"Dés, allumettes, râpé ou haché de jambon de volaille",132.0,5.88,2.35,,,,,,,1.58,1.25,0.5,18.0,2.2,,,,,,,,,37.0,850.0,,,0.0,0.0,0.39,0.0,,,,,,,,6.0,0.26,,,,,,,,0.0,0.0,0.0
24999,Dessert (aliment moyen),255.0,11.3,4.96,3.88,1.05,0.23,0.0043,0.0075,47.3,32.9,21.3,1.7,4.41,0.33,67.6,0.12,1.3,13.6,19.1,0.21,91.9,178.0,5.72,130.0,0.46,48.7,57.0,0.16,,,,2.42,0.045,0.16,0.21,0.38,0.044,,0.18,49.9,1.68,0.05,1.91,2.14,0.86,14.1,9.02,0.34,0.087
20925,"Dessert au soja, aromatisé, sucré, enrichi en calcium et vitamine D, rayon frais",95.6,2.05,0.55,,,,,,,15.3,11.1,1.45,2.96,0.12,120.0,,,,,,,,,,,,,0.75,,,,,,,,,,,,,,,,,,,,0.0,0.0
20911,"Dessert au soja, aromatisé, sucré, enrichi en calcium, rayon frais",95.0,1.9,0.48,0.46,0.74,0.099,0.01,0.01,0.0,15.3,13.2,1.1,3.25,0.13,120.0,0.16,1.1,20.0,21.0,0.24,99.0,170.0,20.0,51.0,0.32,,5.0,0.25,,3.08,,0.5,0.015,0.01,0.1,0.13,0.017,9.32,0.0,77.5,0.13,0.1,0.33,0.1,0.1,12.7,2.07,0.0,0.0
20921,"Dessert au soja, aromatisé, sucré, non enrichi, rayon frais",93.1,1.7,0.47,0.42,0.6,0.079,0.01,0.01,,16.0,12.5,0.8,2.74,0.11,16.0,0.15,0.79,20.0,22.0,0.24,46.0,160.0,20.0,42.0,0.42,2.0,6.02,0.25,,3.2,,0.5,0.015,0.01,0.1,0.14,0.011,12.2,,78.2,0.1,0.1,0.2,0.1,0.1,12.3,2.3,0.0,0.0
19696,"Dessert au soja, aux amandes, sucré, enrichi en vitamines et minéraux, fermenté, rayon frais",56.0,2.8,0.38,0.94,1.14,0.13,0.01,0.01,,2.85,1.09,0.6,3.65,0.19,58.0,0.15,0.42,,22.0,0.25,59.0,140.0,20.0,74.0,0.36,,5.0,0.63,,4.83,,0.5,0.015,0.01,0.1,0.07,0.044,18.1,0.26,88.7,0.1,0.1,0.1,0.1,0.1,1.09,0.35,0.0,0.0
20926,"Dessert au soja, aux fruits, sucré, enrichi en calcium et vitamine D, fermenté, rayon frais",85.1,1.68,0.3,,,,,,,13.8,12.5,1.31,2.76,0.088,120.0,,,,,,,,,,,,,0.75,,,,,,,,,,,,,,,,,,,,0.0,0.0
19692,"Dessert au soja, aux fruits, sucré, enrichi en calcium, fermenté, rayon frais",86.2,2.3,0.79,0.37,0.85,0.11,0.01,0.01,0.0,12.9,11.6,0.5,2.74,0.07,87.0,0.07,0.43,20.0,13.0,0.27,63.0,89.0,20.0,28.0,0.21,2.0,17.8,0.25,,4.19,,0.5,0.015,0.01,0.1,0.046,0.01,12.9,0.0,80.7,2.03,0.1,2.08,0.1,0.1,7.45,0.9,0.0,0.0
19695,"Dessert au soja, aux fruits, sucré, non enrichi, fermenté, rayon frais",78.0,1.7,0.34,0.33,0.82,0.11,0.01,0.01,0.0,11.0,10.6,1.1,3.31,0.085,36.0,0.08,0.41,20.0,14.0,0.28,53.0,91.0,20.0,34.0,0.33,,49.9,0.25,,4.11,,0.5,0.015,0.01,0.1,0.058,0.017,17.7,,81.8,1.87,0.1,1.76,0.1,0.1,6.92,0.48,0.0,0.0
19694,"Dessert au soja, nature, sans sucres ajoutés, enrichi en calcium, fermenté, rayon frais",42.0,2.1,0.34,0.44,1.03,0.13,0.01,0.01,0.0,1.1,0.27,0.6,3.59,0.053,120.0,0.12,0.47,20.0,16.0,0.22,87.0,130.0,20.0,21.0,0.3,2.0,5.0,0.25,,3.96,,0.5,0.015,0.01,0.1,0.066,0.025,15.1,,91.4,0.1,0.1,0.27,0.1,0.1,0.1,0.3,0.0,0.0
19693,"Dessert au soja, nature, sans sucres ajoutés, non enrichi, fermenté, rayon frais",44.7,1.9,0.22,0.44,0.98,0.13,0.01,0.01,0.0,2.05,0.69,0.8,3.76,0.085,12.0,0.09,0.4,20.0,16.0,0.22,47.0,110.0,20.0,34.0,0.29,,5.0,0.25,,5.02,,0.5,0.015,0.01,0.1,0.044,0.01,18.6,,90.7,0.1,0.1,0.15,0.18,0.1,0.36,0.6,0.0,0.0
20929,"Dessert au soja, rayon frais (aliment moyen)",67.2,1.8,0.33,0.38,0.86,0.11,0.01,0.01,0.0,8.19,7.13,0.93,3.38,0.082,41.1,0.096,0.46,20.0,15.6,0.25,56.0,109.0,20.0,33.0,0.33,,27.7,0.13,,4.18,,0.5,0.015,0.01,0.1,0.064,0.015,16.9,,84.7,1.0,0.1,1.02,0.078,0.1,5.1,0.69,0.0,0.0
13152,"Dessert de fruits, tout type de fruits (en taux de sucres : compotes allégées en sucres < desserts de fruits < compotes), préemballé, rayon ambiant",89.3,0.21,0.041,,,,0.0,0.0,0.0,20.6,17.4,1.95,0.33,0.0048,4.0,0.04,0.15,20.0,4.0,0.03,9.3,130.0,20.0,2.53,0.05,0.0,22.6,,,0.8,,13.0,0.01,0.01,0.28,0.067,0.03,,,79.4,7.89,,3.75,0.2,0.48,5.29,3.15,,0.0
13207,"Dessert de fruits, tout type de fruits (en taux de sucres : compotes allégées en sucres < desserts de fruits < compotes), préemballé, rayon frais",77.3,0.22,0.049,,,,0.0,0.0,0.0,17.7,17.1,1.78,0.35,0.0021,,,,,,,,,,1.13,,0.0,,,,,,12.0,,,,,,,,,,,,,,,,,0.0
13213,"Dessert de fruits, tout type de fruits (en taux de sucres : compotes allégées en sucres < desserts de fruits < compotes), préemballé, sans précision sur le rayon (aliment moyen)",84.4,0.22,0.044,,,,0.0,0.0,0.0,19.4,17.3,1.88,0.34,0.0037,,,,,,,,,,1.96,,0.0,,,,,,12.6,,,,,,,,,,,,,,,,,0.0
39516,"Dessert glacé feuilleté, à partager",242.0,13.6,10.8,1.18,0.47,0.11,0.0,0.00016,,27.3,23.5,0.84,2.36,0.14,,,,,,,,,,38.6,,,,,,,,,,,,,,,,54.2,1.8,,,,3.4,10.2,,0.0,0.0
39502,Dessert glacé type mystère ou vacherin,226.0,9.0,5.21,1.27,0.15,0.03,0.01,0.01,27.7,32.9,29.1,1.15,2.86,0.11,38.0,0.02,0.25,20.0,9.0,0.38,40.0,120.0,20.0,40.7,0.18,44.3,5.0,0.25,,0.8,,3.6,0.022,0.11,1.37,0.28,0.036,18.7,0.24,56.7,1.66,,2.95,1.38,2.4,20.7,0.35,0.0,0.0
39512,Dessert glacé type sundae,211.0,8.7,6.98,,,,,,,30.8,27.0,0.33,2.42,0.22,,,,,,,,,,97.2,,,,,,,,,,,,,,,,54.4,0.6,,2.4,4.87,3.63,13.4,,0.0,0.0
13165,Dessert infantile lacté au riz ou à la semoule,90.8,3.3,2.21,0.65,0.06,0.01,0.01,0.01,10.8,11.7,8.65,3.0,3.45,0.075,64.1,0.027,0.21,20.0,7.94,0.024,140.0,109.0,1.0,30.0,0.31,29.5,10.0,0.5,,,,0.5,0.027,0.12,0.16,0.24,0.033,5.0,0.17,79.1,0.1,0.1,0.1,3.95,0.1,4.7,3.08,0.0,0.0
13164,Dessert infantile lacté type crème dessert,87.0,3.1,1.74,0.76,0.18,0.03,0.01,0.01,8.07,11.3,8.55,3.0,3.32,0.088,115.0,0.02,0.28,20.0,20.1,0.02,110.0,153.0,1.35,35.0,0.82,21.0,10.0,0.5,,,,0.5,0.033,0.12,0.1,0.21,0.01,5.0,0.41,79.7,0.13,0.1,0.18,3.5,0.1,4.74,2.78,0.0,0.0
13166,"Dessert infantile lacté, sucré, nature ou aux fruits",97.0,3.5,2.28,0.7,0.07,0.01,0.01,0.01,11.0,12.5,9.26,3.0,3.19,0.075,118.0,0.016,0.27,20.0,21.5,0.014,88.0,131.0,1.08,30.0,0.67,27.2,27.0,0.5,,,,6.72,0.03,0.11,0.12,0.26,0.029,9.06,0.2,77.7,1.13,0.54,1.15,2.44,0.15,3.85,2.2,0.0,0.0
20922,"Dessert végétal sans soja (amande, avoine, chanvre, coco, riz), aromatisé, sucré, non enrichi, rayon frais",148.0,8.0,4.92,1.84,0.75,0.07,0.01,0.01,,15.8,12.4,2.1,1.66,0.065,17.0,0.2,1.3,20.0,28.0,0.26,53.0,200.0,20.0,26.0,0.39,,5.0,0.25,,0.8,,0.5,0.019,0.099,0.18,0.11,0.01,6.72,,71.7,0.1,0.1,0.29,0.1,0.93,11.2,3.0,0.0,0.0
20927,"Dessert végétal sans soja (amande, avoine, chanvre, coco, riz), nature, sans sucres ajoutés, non enrichi, rayon frais",150.0,13.0,12.0,,,,,,,6.7,3.25,,1.2,0.04,,,,,,,,,,,,,,,,,,,,,,,,,,,,,,,,,,0.0,0.0
20923,"Dessert végétal sans soja (coco, riz), aux fruits, sucré, enrichi en calcium, fermenté, rayon frais",75.1,1.0,0.83,0.07,0.02,0.01,0.01,0.01,,16.0,10.8,0.5,0.21,0.095,50.0,0.02,0.15,20.0,8.2,0.15,18.0,46.0,20.0,38.0,0.12,,21.1,0.25,,0.8,,0.5,0.015,0.01,0.13,0.097,0.01,5.0,,81.8,2.75,0.1,2.66,0.1,0.1,5.34,4.4,0.0,0.0
20928,"Dessert végétal sans soja, rayon frais (aliment moyen)",148.0,8.0,4.92,1.84,0.75,0.07,0.01,0.01,,15.8,12.4,2.1,1.66,0.065,17.0,0.2,1.3,20.0,28.0,0.26,53.0,200.0,20.0,26.0,0.39,,2.5,0.25,,0.8,,0.5,0.019,0.099,0.18,0.11,0.01,6.72,,71.7,0.05,0.1,0.29,0.1,0.93,11.2,3.0,0.0,0.0
18039,"Diabolo (limonade et sirop), sucré",33.9,4e-05,4e-05,,,,0.0,0.0,,8.43,8.43,0.1,0.06,0.014,,,,,,,,,,8.5,,0.0,,,,,,,,,,,,,,,,,,,,,,0.0,0.0
36310,"Dinde, aile crue",192.0,12.3,3.28,,,,0.0,0.01,70.0,0.0,,0.0,20.2,0.14,14.0,0.077,1.26,,21.0,0.017,165.0,240.0,22.4,55.0,1.54,3.0,,,,,,0.0,0.05,0.11,4.43,0.55,0.41,7.0,0.39,66.5,,,,,,,,0.0,0.0
36307,"Dinde, cuisse, viande crue",108.0,2.5,0.68,,,,0.001,0.002,79.0,0.0,0.0,0.0,21.3,0.31,11.0,0.092,1.04,,25.0,0.014,176.0,226.0,28.0,124.0,2.59,13.0,0.0,0.3,0.12,0.0,,0.0,0.062,0.26,5.7,0.94,0.44,7.0,2.05,76.0,0.0,0.0,0.0,0.0,0.0,,0.0,0.0,0.0
36305,"Dinde, cuisse, viande et peau crues",149.0,7.85,2.24,2.1,1.74,0.11,0.003,0.017,79.0,0.0,0.0,0.0,19.7,0.23,14.0,0.11,1.36,,21.5,0.018,172.0,241.0,19.8,93.5,2.71,13.5,0.0,0.5,0.16,0.0,,0.0,0.066,0.22,4.16,0.97,0.37,8.0,1.12,71.9,0.0,0.0,0.0,0.0,0.0,,,0.0,0.0
36304,"Dinde, escalope crue",108.0,1.48,0.29,0.23,0.2,0.009,0.0,0.002,57.0,0.0,0.0,0.0,23.7,0.28,11.0,0.07,0.73,,28.0,0.011,201.0,242.0,10.0,113.0,1.28,6.0,0.0,0.1,0.06,0.0,,0.0,0.042,0.15,9.92,0.78,0.81,7.0,0.63,74.9,0.0,0.0,0.0,0.0,0.0,,0.0,0.0,0.0
36306,"Dinde, escalope grillée/poêlée",124.0,1.09,0.51,,0.24,0.018,,,72.5,0.0,,0.0,28.5,0.16,5.42,0.054,0.49,4.0,44.4,0.012,293.0,462.0,6.48,65.2,1.22,2.0,0.0,0.5,0.08,,,0.75,0.049,0.083,13.5,0.84,0.59,,0.61,66.3,,,,,,,,0.0,0.0
36308,"Dinde, escalope rôtie/cuite au four",139.0,2.08,0.59,0.54,0.43,0.02,0.004,0.004,80.0,0.0,0.0,0.0,30.1,0.25,9.0,0.063,0.71,,32.0,0.011,230.0,249.0,30.8,99.0,1.72,3.0,0.0,0.3,0.06,0.0,,0.0,0.035,0.21,11.8,0.9,0.81,9.0,0.39,67.9,,,,,,,,0.0,0.0
36311,"Dinde, haut de cuisse cru",33.2,3.69,0.78,0.62,0.56,0.029,0.002,0.005,78.0,0.0,0.0,0.0,,0.19,4.0,0.083,1.42,,22.0,0.006,177.0,269.0,22.4,75.0,2.95,19.0,0.0,0.5,0.12,0.0,,0.0,0.059,0.31,6.18,1.3,0.48,7.0,2.17,75.6,,,,,,,,0.0,0.0
36301,"Dinde, viande crue",108.0,1.93,0.46,0.13,0.11,0.005,0.0,0.002,67.0,0.0,0.0,0.0,22.6,0.3,11.0,0.079,0.86,1.5,27.0,0.012,190.0,235.0,9.9,118.0,1.84,9.0,0.0,0.2,0.09,0.0,,0.0,0.05,0.19,8.1,0.84,0.65,7.0,1.24,75.4,0.0,0.0,0.0,0.0,0.0,0.0,0.0,0.0,0.0
36300,"Dinde, viande et peau crues",137.0,5.64,1.46,1.3,1.08,0.066,0.002,0.003,72.0,0.0,0.0,0.0,21.6,0.28,11.0,0.077,0.86,1.5,25.0,0.012,183.0,224.0,24.0,112.0,1.78,17.0,0.0,0.3,0.09,0.0,,0.0,0.048,0.19,7.63,0.81,0.6,7.0,1.22,72.7,0.0,0.0,0.0,0.0,0.0,0.0,0.0,0.0,0.0
36302,"Dinde, viande rôtie/cuite au four",151.0,3.84,1.13,1.09,0.86,0.043,0.008,0.004,101.0,0.0,0.0,0.0,29.1,0.25,9.66,0.094,1.14,6.0,44.3,0.02,222.0,483.0,10.0,101.0,3.75,4.0,0.0,0.3,0.06,0.0,,0.0,0.047,0.28,9.5,0.95,0.64,9.0,0.94,66.7,,,,,,,,0.0,0.0
30177,Diot cru,342.0,30.0,,,,,,,,,,0.0,18.0,2.25,,,,,,,,,24.6,900.0,,,,,,,,,,,,,,5.0,0.7,,,,,,,,,0.0,0.0
26222,"Dorade grise ou daurade grise ou griset, rôtie/cuite au four",127.0,3.3,0.75,0.28,0.028,0.0092,0.45,0.17,67.0,1.43,0.0,0.0,22.9,,,,,,,,,,50.0,,,,,,,,,,,,,,,17.0,1.62,71.0,,,,,,,0.0,0.0,0.0
26099,"Dorade grise ou daurade grise, ou griset, crue",129.0,5.27,1.41,0.83,0.038,0.02,0.47,0.39,68.8,0.0,0.0,1.0,20.5,0.15,100.0,0.1,0.39,30.9,31.2,0.1,250.0,400.0,20.2,60.6,0.8,1.5,0.0,0.57,0.5,0.1,,,0.025,0.062,4.83,0.28,0.36,15.0,2.65,72.9,0.3,,0.3,,0.3,0.3,0.0,0.0,0.0
26109,"Dorade rose ou daurade rose ou pageot rose, crue",102.0,2.0,,,,,,,,0.0,0.0,0.0,21.0,,34.0,0.4,4.3,,22.0,0.1,,690.0,,,1.6,,,,,,,,,,,,,,,,,,,,,,0.0,0.0,0.0
26088,"Dorade royale ou daurade ou vraie daurade, élevage, crue",129.0,5.1,1.19,0.83,0.32,0.037,0.31,0.56,66.3,0.0,0.0,0.0,20.9,0.13,2.34,0.1,0.39,5.0,30.7,0.1,248.0,458.0,3.7,51.5,0.41,4.9,0.008,3.11,,,,0.0,0.077,0.065,7.4,0.28,0.43,5.0,3.16,72.5,,,,,,,0.0,0.0,0.0
27031,"Dorade royale ou daurade ou vraie daurade, rôtie/cuite au four",148.0,5.9,1.3,1.59,0.74,0.16,0.18,0.42,72.4,0.0,0.0,0.0,23.6,0.18,13.0,0.02,0.2,20.0,29.0,0.01,230.0,420.0,20.0,71.0,0.48,21.0,,5.71,,1.18,,0.59,0.015,0.01,6.41,0.4,0.26,17.2,2.37,68.8,,,,,,,0.0,0.0,0.0
26080,"Dorade royale ou daurade ou vraie daurade, sauvage, crue",95.6,2.31,0.46,0.08,0.061,0.017,0.024,0.14,55.0,0.6,0.0,0.0,18.1,0.12,33.3,0.11,1.6,40.0,19.0,0.12,178.0,439.0,20.0,46.5,0.76,7.0,0.0,7.15,,0.0,,1.0,0.15,0.095,1.2,,0.24,7.0,,78.6,,,,0.0,,0.0,0.0,0.0,0.0
25415,"Double cheeseburger, de restauration rapide",290.0,16.7,6.32,6.51,1.08,0.34,,,48.4,19.4,1.28,1.0,15.5,1.15,104.0,0.15,1.4,5.0,20.2,0.2,161.0,184.0,6.6,461.0,2.9,34.0,,0.5,1.35,,,0.9,0.089,0.15,2.99,0.35,0.2,28.9,0.99,43.8,0.27,,0.82,0.2,0.2,0.18,18.1,0.0,0.0
13529,"Dourian ou durian, chair sans peau, sans noyau, cru",147.1,5.33,,,,,0.0,0.0,0.0,23.3,,3.8,1.47,0.005,6.0,0.21,0.43,,30.0,0.33,39.0,436.0,,2.0,0.28,0.0,23.0,,,,,19.7,0.37,0.2,1.07,0.23,0.32,36.0,0.0,65.0,,,,,,,,,0.0
31036,Dragée amande,465.0,14.7,1.25,,,,,0.0,0.0,75.7,68.3,4.6,5.25,0.025,84.0,0.37,2.5,,48.0,0.35,165.0,262.0,,35.0,1.02,0.0,0.0,0.0,7.77,,,0.0,0.1,0.14,0.7,,0.05,16.0,,1.45,,,,,,,0.0,0.0,0.0
20988,"Dulse (Palmaria palmata), séchée ou déshydratée",221.0,1.35,0.26,,,,,,0.0,20.8,0.015,29.2,16.9,4.68,577.0,1.03,29.3,22900.0,264.0,8.97,250.0,7020.0,9.36,1870.0,3.98,0.0,11300.0,0.92,4.06,467.0,,46.9,0.19,0.27,3.65,0.4,0.22,295.0,,7.56,,,,,,,,0.0,0.0
18011,Eau de coco,11.8,0.3,0.01,0.01,0.01,0.01,0.01,0.01,0.0,3.33,2.48,0.5,0.21,0.051,14.0,0.01,0.05,20.0,8.3,0.15,7.9,200.0,20.0,20.4,0.05,0.0,5.0,0.25,,0.8,,0.5,0.015,0.01,0.1,0.028,0.031,5.0,0.0,95.7,0.92,0.1,0.7,0.1,0.1,0.86,0.3,0.7,0.0
18430,Eau de source gazeuse ou plate,0.0,0.0,0.0,0.0,0.0,0.0,0.0,0.0,0.0,0.0,0.0,0.0,0.0,,16.9,0.008,0.023,,1.81,0.00089,,0.99,10.0,2.17,0.011,0.0,,,,,,,,,,,,,,,,,,,,,0.0,0.0,0.0
1001,Eau de vie de fruits,233.0,0.0,0.0,,,,,,0.0,0.63,0.0,0.0,0.0,0.0035,1.0,0.045,0.04,1.0,0.0,0.0,3.0,1.44,0.0,1.39,0.019,0.0,0.0,0.0,,0.0,,0.0,0.0,0.0,0.0,0.0,0.0,0.0,0.0,66.4,,,,,,,0.0,0.0,32.9
1023,Eau de vie de vin type armagnac ou cognac,222.0,0.0,0.0,,,,,,0.0,0.76,0.0,0.0,0.0,0.0019,0.0,0.16,0.0,1.2,,,0.0,2.0,,0.75,0.011,0.0,,0.0,,0.0,,0.0,0.0,0.0,0.0,0.0,0.0,0.0,0.0,67.9,,,,,,,0.0,0.0,31.3
1024,Eau de vie type calvados,,0.0,0.0,,,,,,,0.0,0.0,0.0,0.0,0.0,,,,,,,,,,0.0,,0.0,,,,,,,,,,,,,,,,,,,,,0.0,0.0,
18066,Eau du robinet,0.0,0.0,0.0,0.0,0.0,0.0,0.0,0.0,0.0,0.0,0.0,0.0,0.0,0.0076,7.13,0.017,0.03,,0.99,0.00082,0.0,0.73,,2.4,0.011,0.0,0.0,0.0,,0.0,,0.0,0.0,0.0,0.0,0.0,0.0,,0.0,100.0,0.0,,0.0,0.0,0.0,0.0,0.0,0.0,0.0
18044,Eau minérale (aliment moyen),0.024,0.0,0.0,0.0,0.0,0.0,0.0,0.0,0.0,0.0061,0.0,0.0,0.0,0.0043,19.2,0.0012,0.0012,0.0,3.97,0.00083,0.0031,0.58,5.47,5.28,0.0071,0.0,0.0,0.0,0.0,,,0.0,0.0,0.0,0.0,0.0,0.0,,0.0,99.9,,,,,,,0.0,0.0,0.0
76000,"Eau minérale Abatilles, embouteillée, plate, faiblement minéralisée (Arcachon, 33)",0.0,0.0,0.0,0.0,0.0,0.0,0.0,0.0,0.0,0.0,0.0,0.0,0.0,0.023,1.9,0.0001,7.5e-05,,0.9,0.0001,0.003,0.4,0.1,10.0,0.0005,0.0,,,,,,,,,,,,,,100.0,,,,,,,0.0,0.0,0.0
76001,"Eau minérale Aix-les-Bains, embouteillée, plate, faiblement minéralisée (Aix-les-Bains, 73)",0.0,0.0,0.0,0.0,0.0,0.0,0.0,0.0,0.0,0.0,0.0,0.0,0.0,0.00035,8.23,0.0001,0.0001,0.0,2.25,0.0001,0.003,0.08,0.1,0.44,0.0005,0.0,0.0,0.0,0.0,,,0.0,0.0,0.0,0.0,0.0,0.0,,0.0,100.0,,,,,,,0.0,0.0,0.0
76002,"Eau minérale Aizac, embouteillée, gazeuse, faiblement minéralisée (Aizac, 07)",0.0,0.0,0.0,0.0,0.0,0.0,0.0,0.0,0.0,0.0,0.0,0.0,0.0,0.00033,8.01,0.0005,0.001,0.0,2.77,0.0001,0.003,0.12,1.0,0.13,0.0016,0.0,0.0,0.0,0.0,,,0.0,0.0,0.0,0.0,0.0,0.0,,0.0,100.0,,,,,,,0.0,0.0,0.0
76004,"Eau minérale Amanda, embouteillée, plate, riche en sels minéraux (St-Amand, 59)",0.0,0.0,0.0,0.0,0.0,0.0,0.0,0.0,0.0,0.0,0.0,0.0,0.0,0.01,24.0,0.0001,0.0001,0.0,6.6,0.0001,0.003,0.61,0.1,5.5,0.0005,0.0,0.0,0.0,0.0,,,0.0,0.0,0.0,0.0,0.0,0.0,,0.0,99.9,,,,,,,0.0,0.0,0.0
76079,"Eau minérale Appollinaris, embouteillée, plate, riche en sels minéraux (Allemagne)",0.0,0.0,0.0,0.0,0.0,0.0,0.0,0.0,0.0,0.0,0.0,0.0,0.0,0.017,9.0,0.0,0.0,0.0,11.0,,0.0,3.0,0.0,38.0,0.0,0.0,0.0,0.0,0.0,,,0.0,0.0,0.0,0.0,0.0,0.0,,0.0,99.8,,,,,,,0.0,0.0,0.0
76006,"Eau minérale Arcens, embouteillée, gazeuse, moyennement minéralisée (Arcens, 07)",0.0,0.0,0.0,0.0,0.0,0.0,0.0,0.0,0.0,0.0,0.0,0.0,0.0,0.004,0.9,0.0001,0.00048,0.0,1.6,0.0054,0.003,0.53,0.1,25.2,0.0005,0.0,0.0,0.0,0.0,,,0.0,0.0,0.0,0.0,0.0,0.0,,0.0,99.9,,,,,,,0.0,0.0,0.0
76007,"Eau minérale Ardesy, embouteillée, gazeuse, riche en sels minéraux (Ardes, 63)",0.0,0.0,0.0,0.0,0.0,0.0,0.0,0.0,0.0,0.0,0.0,0.0,0.0,0.064,17.0,0.0001,0.00035,0.0,9.2,0.0001,0.003,13.0,0.1,65.0,0.001,0.0,0.0,0.0,0.0,,,0.0,0.0,0.0,0.0,0.0,0.0,,0.0,99.7,,,,,,,0.0,0.0,0.0
76062,"Eau minérale Avra, embouteillée, plate, faiblement minéralisée (Grèce)",0.0,0.0,0.0,0.0,0.0,0.0,0.0,0.0,0.0,0.0,0.0,0.0,0.0,0.0013,11.1,0.0,0.0,0.0,1.0,,0.0,0.07,0.0,8.4,0.0,0.0,0.0,0.0,0.0,,,0.0,0.0,0.0,0.0,0.0,0.0,,0.0,100.0,,,,,,,0.0,0.0,0.0
76061,"Eau minérale Badoit, embouteillée, gazeuse, moyennement minéralisée (St-Galmier, 42)",0.0,0.0,0.0,0.0,0.0,0.0,0.0,0.0,0.0,0.0,0.0,0.0,0.0,0.0089,15.3,0.0023,0.0001,0.0,8.0,0.0015,0.003,1.1,10.0,18.0,0.01,0.0,0.0,0.0,0.0,,,0.0,0.0,0.0,0.0,0.0,0.0,,0.0,99.9,,,,,,,0.0,0.0,0.0
76063,"Eau minérale Beckerich, embouteillée, plate, faiblement minéralisée (Luxembourg)",0.0,0.0,0.0,0.0,0.0,0.0,0.0,0.0,0.0,0.0,0.0,0.0,0.0,0.00075,9.7,0.0001,0.0001,0.0,0.5,0.0001,0.0,0.06,0.1,0.3,0.0,0.0,0.0,0.0,0.0,,,0.0,0.0,0.0,0.0,0.0,0.0,,0.0,100.0,,,,,,,0.0,0.0,0.0
76081,"Eau minérale Biovive, embouteillée, plate, faiblement minéralisée (Dax, 40)",0.044,0.0,0.0,0.0,0.0,0.0,0.0,0.0,0.0,0.011,0.0,0.0,0.0,0.0028,4.2,0.0001,0.0001,,0.38,0.0001,,0.24,0.1,1.86,,0.0,,,,,,,,,,,,,,100.0,,,,,,,0.0,0.0,0.0
76010,"Eau minérale Celtic, embouteillée, gazeuse ou plate, très faiblement minéralisée (Niederbronn, 67)",0.004,0.0,0.0,0.0,0.0,0.0,0.0,0.0,0.0,0.001,0.0,0.0,0.0,0.00028,1.05,0.0001,0.0001,0.0,0.4,0.0001,0.003,0.19,0.1,0.11,0.0005,0.0,0.0,0.0,0.0,,,0.0,0.0,0.0,0.0,0.0,0.0,,0.0,100.0,,,,,,,0.0,0.0,0.0
76011,"Eau minérale Chambon, embouteillée, plate, faiblement minéralisée (Chambon, 45)",0.012,0.0,0.0,0.0,0.0,0.0,0.0,0.0,0.0,0.0029,0.0,0.0,0.0,0.0027,9.6,0.0005,0.001,0.0,0.61,0.0001,0.003,0.37,1.0,1.06,0.0005,0.0,0.0,0.0,0.0,,,0.0,0.0,0.0,0.0,0.0,0.0,,0.0,100.0,,,,,,,0.0,0.0,0.0
76012,"Eau minérale Chantemerle, embouteillée, plate, faiblement minéralisée (Le Pestrin, 07)",0.0,0.0,0.0,0.0,0.0,0.0,0.0,0.0,0.0,0.0,0.0,0.0,0.0,0.00028,2.62,0.00098,0.0001,0.0,0.96,0.017,0.003,0.13,0.1,1.34,0.007,0.0,0.0,0.0,0.0,,,0.0,0.0,0.0,0.0,0.0,0.0,,0.0,100.0,,,,,,,0.0,0.0,0.0
76013,"Eau minérale Chateauneuf, embouteillée, gazeuse, riche en sels minéraux (Chateauneuf, 63)",0.0,0.0,0.0,0.0,0.0,0.0,0.0,0.0,0.0,0.0,0.0,0.0,0.0,0.038,11.9,0.0001,0.0001,0.0,3.0,0.0001,0.003,4.4,0.1,70.3,0.0005,0.0,0.0,0.0,0.0,,,0.0,0.0,0.0,0.0,0.0,0.0,,0.0,99.8,,,,,,,0.0,0.0,0.0
76014,"Eau minérale Chateldon, embouteillée, gazeuse, riche en sels minéraux (Chateldon, 63)",0.0,0.0,0.0,0.0,0.0,0.0,0.0,0.0,0.0,0.0,0.0,0.0,0.0,0.0012,34.0,0.0001,0.0001,0.0,4.9,0.00036,0.003,4.1,0.1,24.0,0.004,0.0,0.0,0.0,0.0,,,0.0,0.0,0.0,0.0,0.0,0.0,,0.0,99.8,,,,,,,0.0,0.0,0.0
76065,"Eau minérale Chaudfontaine, embouteillée, plate, faiblement minéralisée (Belgique)",0.0,0.0,0.0,0.0,0.0,0.0,0.0,0.0,0.0,0.0,0.0,0.0,0.0,0.0058,6.5,0.0,0.0,0.0,1.8,,0.0,0.25,0.0,4.4,0.0,0.0,0.0,0.0,0.0,,,0.0,0.0,0.0,0.0,0.0,0.0,,0.0,100.0,,,,,,,0.0,0.0,0.0
76066,"Eau minérale Christinen Brunnen, embouteillée, plate, moyennement minéralisée (Allemagne)",0.0,0.0,0.0,0.0,0.0,0.0,0.0,0.0,0.0,0.0,0.0,0.0,0.0,0.047,3.3,0.0,0.0,0.0,0.0,,0.0,0.0,0.0,37.0,0.0,0.0,0.0,0.0,0.0,,,0.0,0.0,0.0,0.0,0.0,0.0,,0.0,99.9,,,,,,,0.0,0.0,0.0
76083,"Eau minérale Cilaos, embouteillée, gazeuse, riche en sels minéraux (Cilaos, 974)",0.0,0.0,0.0,0.0,0.0,0.0,0.0,0.0,0.0,0.0,0.0,0.0,0.0,0.0005,11.1,0.0001,0.002,,7.05,0.044,,0.53,0.1,23.8,,0.0,,,,,,,,,,,,,,,,,,,,,0.0,0.0,0.0
76015,"Eau minérale Clos de l'Abbaye, embouteillée, plate, moyennement minéralisée (St-Amand, 59)",0.064,0.0,0.0,0.0,0.0,0.0,0.0,0.0,0.0,0.016,0.0,0.0,0.0,0.006,16.4,0.0005,0.0005,0.0,4.15,0.0013,0.003,0.36,1.0,2.94,0.0005,0.0,0.0,0.0,0.0,,,0.0,0.0,0.0,0.0,0.0,0.0,,0.0,99.9,,,,,,,0.0,0.0,0.0
76016,"Eau minérale Contrex, embouteillée, plate, riche en sels minéraux (Contrexéville, 88)",0.031,0.0,0.0,0.0,0.0,0.0,0.0,0.0,0.0,0.0078,0.0,0.0,0.0,0.0013,46.8,0.0042,0.0001,0.0,7.45,0.0015,0.003,0.28,10.0,0.94,0.0095,0.0,0.0,0.0,0.0,,,0.0,0.0,0.0,0.0,0.0,0.0,,0.0,99.8,,,,,,,0.0,0.0,0.0
76067,"Eau minérale Courmayeur, embouteillée, plate, riche en sels minéraux (Italie)",0.0,0.0,0.0,0.0,0.0,0.0,0.0,0.0,0.0,0.0,0.0,0.0,0.0,0.00025,51.7,0.0001,0.0001,0.0,6.7,0.0001,0.0,0.2,0.1,0.1,0.0,0.0,0.0,0.0,0.0,,,0.0,0.0,0.0,0.0,0.0,0.0,,0.0,99.8,,,,,,,0.0,0.0,0.0
76017,"Eau minérale Dax, embouteillée, plate, moyennement minéralisée (Dax, 40)",0.28,0.0,0.0,0.0,0.0,0.0,0.0,0.0,0.0,0.069,0.0,0.0,0.0,0.031,,,,0.0,,,,,,,,0.0,0.0,0.0,0.0,,,0.0,0.0,0.0,0.0,0.0,0.0,,0.0,99.9,,,,,,,0.0,0.0,0.0
76018,"Eau minérale Didier, embouteillée, gazeuse, riche en sels minéraux (Martinique)",0.0,0.0,0.0,0.0,0.0,0.0,0.0,0.0,0.0,0.0,0.0,0.0,0.0,0.032,13.7,0.0001,0.0001,0.0,11.3,0.0036,0.003,1.4,0.1,12.6,0.0005,0.0,0.0,0.0,0.0,,,0.0,0.0,0.0,0.0,0.0,0.0,,0.0,99.9,,,,,,,0.0,0.0,0.0
76019,"Eau minérale Didier, embouteillée, plate, riche en sels minéraux (Martinique)",0.0,0.0,0.0,0.0,0.0,0.0,0.0,0.0,0.0,0.0,0.0,0.0,0.0,0.0041,17.2,0.0005,0.001,0.0,10.7,0.016,0.003,1.31,1.0,13.0,0.0005,0.0,0.0,0.0,0.0,,,0.0,0.0,0.0,0.0,0.0,0.0,,0.0,99.9,,,,,,,0.0,0.0,0.0
76102,"Eau minérale Eden (La Goa), embouteillée, plate, faiblement minéralisée (Suisse)",0.0,0.0,0.0,0.0,0.0,0.0,0.0,0.0,0.0,0.0,0.0,0.0,0.0,,3.45,,,,0.31,,,0.07,,0.4,,0.0,,,,,,,,,,,,,,,,,,,,,0.0,0.0,0.0
76020,"Eau minérale Evian, embouteillée, plate, faiblement minéralisée (Evian, 74)",0.0,0.0,0.0,0.0,0.0,0.0,0.0,0.0,0.0,0.0,0.0,0.0,0.0,0.0011,8.0,0.002,0.0083,0.0,2.6,0.0005,0.003,0.1,1.0,0.65,0.005,0.0,0.0,0.0,0.0,,,0.0,0.0,0.0,0.0,0.0,0.0,,0.0,100.0,,,,,,,0.0,0.0,0.0
76022,"Eau minérale Hépar, embouteillée, plate, riche en sels minéraux (Vittel, 88)",0.0,0.0,0.0,0.0,0.0,0.0,0.0,0.0,0.0,0.0,0.0,0.0,0.0,0.0031,54.9,0.0023,0.0001,0.0,11.9,0.0015,0.003,0.41,10.0,1.42,0.01,0.0,0.0,0.0,0.0,,,0.0,0.0,0.0,0.0,0.0,0.0,,0.0,99.7,,,,,,,0.0,0.0,0.0
76023,"Eau minérale Hydroxydase, embouteillée, gazeuse, riche en sels minéraux (Le Breuil sur Couze, 63)",1.04,0.0,0.0,0.0,0.0,0.0,0.0,0.0,0.0,0.0,0.0,0.0,0.0,0.058,20.1,0.0001,0.00013,0.0,24.0,0.022,0.003,18.2,0.1,184.0,0.0005,0.0,0.0,0.0,0.0,,,0.0,0.0,0.0,0.0,0.0,0.0,,0.0,99.1,,,,,,,0.0,0.0,0.0
76082,"Eau minérale La Cairolle, embouteillée, plate, riche en sels minéraux (Les Aires, 34)",0.43,0.0,0.0,0.0,0.0,0.0,0.0,0.0,0.0,0.11,0.0,0.0,0.0,0.0021,34.0,,,,4.0,,,1.25,,2.7,,0.0,,,,,,,,,,,,,,99.8,,,,,,,0.0,0.0,0.0
76085,"Eau minérale La Française, embouteillée, plate, riche en sels minéraux (Propiac, 26)",0.49,0.0,0.0,0.0,0.0,0.0,0.0,0.0,0.0,0.0,0.0,0.0,0.0,0.16,35.4,0.0001,0.0001,,8.3,0.0001,,2.2,0.1,68.0,,0.0,,,,,,,,,,,,,,99.7,,,,,,,0.0,0.0,0.0
76069,"Eau minérale Levissima, embouteillée, plate, faiblement minéralisée (Italie)",0.0,0.0,0.0,0.0,0.0,0.0,0.0,0.0,0.0,0.0,0.0,0.0,0.0,5e-05,2.0,0.0,0.0,0.0,0.2,,0.0,0.2,0.0,0.2,0.0,0.0,0.0,0.0,0.0,,,0.0,0.0,0.0,0.0,0.0,0.0,,0.0,100.0,,,,,,,0.0,0.0,0.0
76025,"Eau minérale Luchon, embouteillée, plate, faiblement minéralisée (Luchon, 31)",0.0,0.0,0.0,0.0,0.0,0.0,0.0,0.0,0.0,0.0,0.0,0.0,0.0,0.0002,2.65,0.0001,0.0001,0.0,0.1,0.0001,0.003,0.02,0.1,0.08,0.0005,0.0,0.0,0.0,0.0,,,0.0,0.0,0.0,0.0,0.0,0.0,,0.0,100.0,,,,,,,0.0,0.0,0.0
76070,"Eau minérale Luso, embouteillée, plate, très faiblement minéralisée (Portugal)",0.0,0.0,0.0,0.0,0.0,0.0,0.0,0.0,0.0,0.0,0.0,0.0,0.0,0.0015,0.1,0.0,0.0,0.0,0.2,,0.0,0.0,0.0,0.6,0.0,0.0,0.0,0.0,0.0,,,0.0,0.0,0.0,0.0,0.0,0.0,,0.0,100.0,,,,,,,0.0,0.0,0.0
76101,"Eau minérale Mont-Blanc, embouteillée, plate, faiblement minéralisée (Italie)",0.0,0.0,0.0,0.0,0.0,0.0,0.0,0.0,0.0,0.0,0.0,0.0,0.0,,2.9,,,,0.24,,,0.19,,0.16,,0.0,,,,,,,,,,,,,,,,,,,,,0.0,0.0,0.0
76027,"Eau minérale Mont-Roucous, embouteillée, plate, très faiblement minéralisée (Lacaune, 81)",0.0,0.0,0.0,0.0,0.0,0.0,0.0,0.0,0.0,0.0,0.0,0.0,0.0,0.0005,0.24,0.0001,0.0001,0.0,0.05,7.5e-05,0.003,0.04,0.1,0.31,0.0005,0.0,0.0,0.0,0.0,,,0.0,0.0,0.0,0.0,0.0,0.0,,0.0,100.0,,,,,,,0.0,0.0,0.0
76086,"Eau minérale Montcalm, embouteillée, plate, très faiblement minéralisée (Auzat, 09)",0.01,0.0,0.0,0.0,0.0,0.0,0.0,0.0,0.0,0.0025,0.0,0.0,0.0,9.9e-05,0.3,0.0001,0.0001,,0.07,0.0001,,0.06,0.1,0.22,,0.0,,,,,,,,,,,,,,100.0,,,,,,,0.0,0.0,0.0
76087,"Eau minérale Montclar, embouteillée, plate, faiblement minéralisée (Montclar, 04)",0.036,0.0,0.0,0.0,0.0,0.0,0.0,0.0,0.0,0.009,0.0,0.0,0.0,0.0005,4.1,0.0001,0.0001,,0.3,0.0001,,,0.1,0.2,,0.0,,,,,,,,,,,,,,100.0,,,,,,,0.0,0.0,0.0
76071,"Eau minérale Néro, embouteillée, plate, faiblement minéralisée (Grèce)",0.0,0.0,0.0,0.0,0.0,0.0,0.0,0.0,0.0,0.0,0.0,0.0,0.0,0.01,5.9,0.0,0.0,0.0,3.5,,0.0,0.2,0.0,4.1,0.0,0.0,0.0,0.0,0.0,,,0.0,0.0,0.0,0.0,0.0,0.0,,0.0,100.0,,,,,,,0.0,0.0,0.0
76088,"Eau minérale Nessel, embouteillée, gazeuse, moyennement minéralisée (Soultzmatt, 68)",0.33,0.0,0.0,0.0,0.0,0.0,0.0,0.0,0.0,0.082,0.0,0.0,0.0,0.0068,11.4,0.0048,0.00039,,5.42,0.044,,4.0,0.1,23.1,,0.0,,,,,,,,,,,,,,99.9,,,,,,,0.0,0.0,0.0
76089,"Eau minérale Ogeu, embouteillée, gazeuse, faiblement minéralisée (Ogeu-les-Bains, 64)",0.05,0.0,0.0,0.0,0.0,0.0,0.0,0.0,0.0,0.012,0.0,0.0,0.0,0.0078,4.8,,,,1.2,,,0.1,,3.1,,0.0,,,,,,,,,,,,,,100.0,,,,,,,0.0,0.0,0.0
76090,"Eau minérale Ogeu, embouteillée, plate, faiblement minéralisée (Ogeu-les-Bains, 64)",0.073,0.0,0.0,0.0,0.0,0.0,0.0,0.0,0.0,0.018,0.0,0.0,0.0,0.0038,4.9,,,,1.7,,,0.1,,2.7,,0.0,,,,,,,,,,,,,,100.0,,,,,,,0.0,0.0,0.0
76029,"Eau minérale Orée du bois, embouteillée, plate, moyennement minéralisée (St-Amand, 59)",0.0,0.0,0.0,0.0,0.0,0.0,0.0,0.0,0.0,0.0,0.0,0.0,0.0,0.01,24.0,0.0001,0.0001,0.0,6.12,0.0001,0.003,0.64,0.1,4.92,0.0005,0.0,0.0,0.0,0.0,,,0.0,0.0,0.0,0.0,0.0,0.0,,0.0,99.9,,,,,,,0.0,0.0,0.0
76030,"Eau minérale Orezza, embouteillée, gazeuse, moyennement minéralisée (Rapaggio, 20B)",0.0,0.0,0.0,0.0,0.0,0.0,0.0,0.0,0.0,0.0,0.0,0.0,0.0,0.0017,18.5,0.0001,0.0001,0.0,1.65,0.0001,0.003,0.16,0.1,0.7,0.0005,0.0,0.0,0.0,0.0,,,0.0,0.0,0.0,0.0,0.0,0.0,,0.0,99.9,,,,,,,0.0,0.0,0.0
76031,"Eau minérale Parot, embouteillée, gazeuse, moyennement minéralisée (St-Romain-le-Puy, 42)",0.0,0.0,0.0,0.0,0.0,0.0,0.0,0.0,0.0,0.0,0.0,0.0,0.0,0.016,11.0,0.0001,0.0019,0.0,9.4,0.0065,0.003,11.0,0.1,101.0,0.0005,0.0,0.0,0.0,0.0,,,0.0,0.0,0.0,0.0,0.0,0.0,,0.0,99.9,,,,,,,0.0,0.0,0.0
76072,"Eau minérale Penacova, embouteillée, plate, très faiblement minéralisée (Portugal)",0.0,0.0,0.0,0.0,0.0,0.0,0.0,0.0,0.0,0.0,0.0,0.0,0.0,0.0015,0.1,0.0,0.0,0.0,0.1,,0.0,0.0,0.0,0.6,0.0,0.0,0.0,0.0,0.0,,,0.0,0.0,0.0,0.0,0.0,0.0,,0.0,100.0,,,,,,,0.0,0.0,0.0
76060,"Eau minérale Perrier, embouteillée, gazeuse, faiblement minéralisée (Vergèse, 30)",0.0,0.0,0.0,0.0,0.0,0.0,0.0,0.0,0.0,0.0,0.0,0.0,0.0,0.0024,16.0,0.0023,0.0001,0.0,0.42,0.0015,0.003,0.1,10.0,0.95,0.011,0.0,0.0,0.0,0.0,,,0.0,0.0,0.0,0.0,0.0,0.0,,0.0,100.0,,,,,,,0.0,0.0,0.0
76032,"Eau minérale Plancoet, embouteillée, gazeuse ou plate, faiblement minéralisée (Plancoet, 22)",0.0,0.0,0.0,0.0,0.0,0.0,0.0,0.0,0.0,0.0,0.0,0.0,0.0,0.0059,2.3,0.0001,0.0001,0.0,1.4,0.00022,0.003,0.45,0.1,3.1,0.0005,0.0,0.0,0.0,0.0,,,0.0,0.0,0.0,0.0,0.0,0.0,,0.0,100.0,,,,,,,0.0,0.0,0.0
76091,"Eau minérale Prince Noir, embouteillée, plate, riche en sels minéraux (St-Antonin-Noble-Val, 82)",0.0,0.0,0.0,0.0,0.0,0.0,0.0,0.0,0.0,0.0,0.0,0.0,0.0,0.0015,52.8,0.0001,0.00014,,7.8,0.0007,,0.3,0.1,0.9,,0.0,,,,,,,,,,,,,,,,,,,,,0.0,0.0,0.0
76033,"Eau minérale Propiac, embouteillée, plate, riche en sels minéraux (Propiac, 26)",0.92,0.0,0.0,0.0,0.0,0.0,0.0,0.0,0.0,0.0,0.0,0.0,0.0,0.17,,,,0.0,,,,,,,,0.0,0.0,0.0,0.0,,,0.0,0.0,0.0,0.0,0.0,0.0,,0.0,99.6,,,,,,,0.0,0.0,0.0
76034,"Eau minérale Puits St-Georges, embouteillée, gazeuse, moyennement minéralisée (St-Romain-le-Puy, 42)",0.0,0.0,0.0,0.0,0.0,0.0,0.0,0.0,0.0,0.0,0.0,0.0,0.0,0.0063,4.5,0.0001,0.0001,0.0,3.3,0.0001,0.003,1.8,0.1,43.0,0.0005,0.0,0.0,0.0,0.0,,,0.0,0.0,0.0,0.0,0.0,0.0,,0.0,99.9,,,,,,,0.0,0.0,0.0
76035,"Eau minérale Quézac, embouteillée, gazeuse, moyennement minéralisée (Quézac, 48)",0.0,0.0,0.0,0.0,0.0,0.0,0.0,0.0,0.0,0.0,0.0,0.0,0.0,0.003,17.0,0.0001,0.0001,0.0,6.9,0.0028,0.003,3.8,0.1,11.0,0.0007,0.0,0.0,0.0,0.0,,,0.0,0.0,0.0,0.0,0.0,0.0,,0.0,99.9,,,,,,,0.0,0.0,0.0
76036,"Eau minérale Reine des basaltes, embouteillée, gazeuse, moyennement minéralisée (Asperjoc, 07)",0.0,0.0,0.0,0.0,0.0,0.0,0.0,0.0,0.0,0.0,0.0,0.0,0.0,0.0019,12.5,0.00075,0.00064,0.0,6.45,0.074,0.003,2.57,0.1,24.6,0.0021,0.0,0.0,0.0,0.0,,,0.0,0.0,0.0,0.0,0.0,0.0,,0.0,99.9,,,,,,,0.0,0.0,0.0
76037,"Eau minérale Rozana, embouteillée, gazeuse, riche en sels minéraux (Beauregard, 63)",0.0,0.0,0.0,0.0,0.0,0.0,0.0,0.0,0.0,0.0,0.0,0.0,0.0,0.11,30.1,0.0001,0.00014,0.0,16.0,0.0001,0.003,5.2,0.1,49.3,0.0005,0.0,0.0,0.0,0.0,,,0.0,0.0,0.0,0.0,0.0,0.0,,0.0,99.7,,,,,,,0.0,0.0,0.0
76038,"Eau minérale Sail-les-Bains, embouteillée, plate, faiblement minéralisée (Sail-les-Bains, 42)",0.0,0.0,0.0,0.0,0.0,0.0,0.0,0.0,0.0,0.0,0.0,0.0,0.0,0.0057,2.1,0.0005,0.001,0.0,0.2,0.0004,0.003,0.48,1.0,8.5,0.0007,0.0,0.0,0.0,0.0,,,0.0,0.0,0.0,0.0,0.0,0.0,,0.0,100.0,,,,,,,0.0,0.0,0.0
76039,"Eau minérale Salvetat, embouteillée, gazeuse, moyennement minéralisée (La Salvetat, 34)",0.12,0.0,0.0,0.0,0.0,0.0,0.0,0.0,0.0,0.03,0.0,0.0,0.0,0.00086,21.0,0.0001,0.0001,0.0,0.95,0.0001,0.003,0.23,0.1,0.7,0.0005,0.0,0.0,0.0,0.0,,,0.0,0.0,0.0,0.0,0.0,0.0,,0.0,99.9,,,,,,,0.0,0.0,0.0
76074,"Eau minérale San Bernardo, embouteillée, gazeuse ou plate, très faiblement minéralisée (Italie)",0.0,0.0,0.0,0.0,0.0,0.0,0.0,0.0,0.0,0.0,0.0,0.0,0.0,8.3e-05,1.1,0.0,0.0,0.0,0.05,,0.0,0.04,0.0,0.05,0.0,0.0,0.0,0.0,0.0,,,0.0,0.0,0.0,0.0,0.0,0.0,,0.0,100.0,,,,,,,0.0,0.0,0.0
76075,"Eau minérale San Pellegrino, embouteillée, gazeuse, moyennement minéralisée (Italie)",0.0,0.0,0.0,0.0,0.0,0.0,0.0,0.0,0.0,0.0,0.0,0.0,0.0,0.011,20.8,0.0001,0.0001,0.0,5.1,0.0001,0.0,0.3,0.1,4.4,0.0,0.0,0.0,0.0,0.0,,,0.0,0.0,0.0,0.0,0.0,0.0,,0.0,99.9,,,,,,,0.0,0.0,0.0
76076,"Eau minérale Spa-Reine, embouteillée, gazeuse ou plate, moyennement minéralisée (Belgique)",0.0,0.0,0.0,0.0,0.0,0.0,0.0,0.0,0.0,0.0,0.0,0.0,0.0,0.00075,0.45,0.0,0.0,0.0,0.13,,0.0,0.05,0.0,0.3,0.0,0.0,0.0,0.0,0.0,,,0.0,0.0,0.0,0.0,0.0,0.0,,0.0,100.0,,,,,,,0.0,0.0,0.0
76092,"Eau minérale St-Alban, embouteillée, gazeuse, moyennement minéralisée (St-Alban, 42)",0.0,0.0,0.0,0.0,0.0,0.0,0.0,0.0,0.0,0.0,0.0,0.0,0.0,0.0033,18.0,0.0006,0.002,0.0,5.0,0.072,0.003,2.8,1.0,25.0,0.001,0.0,0.0,0.0,0.0,,,0.0,0.0,0.0,0.0,0.0,0.0,,0.0,99.9,,,,,,,0.0,0.0,0.0
76043,"Eau minérale St-Amand, embouteillée, gazeuse ou plate, moyennement minéralisée (St-Amand, 59)",0.0,0.0,0.0,0.0,0.0,0.0,0.0,0.0,0.0,0.0,0.0,0.0,0.0,0.0061,17.6,0.0001,0.0001,0.0,4.6,0.0001,0.003,0.5,0.1,2.8,0.0005,0.0,0.0,0.0,0.0,,,0.0,0.0,0.0,0.0,0.0,0.0,,0.0,99.9,,,,,,,0.0,0.0,0.0
76044,"Eau minérale St-Antonin, embouteillée, plate, riche en sels minéraux (St-Antonin-Noble-Val, 82)",0.088,0.0,0.0,0.0,0.0,0.0,0.0,0.0,0.0,0.022,0.0,0.0,0.0,0.0015,56.8,0.0005,0.009,0.0,8.9,0.0003,0.003,0.3,1.0,0.79,0.0008,0.0,0.0,0.0,0.0,,,0.0,0.0,0.0,0.0,0.0,0.0,,0.0,99.8,,,,,,,0.0,0.0,0.0
76046,"Eau minérale St-Diéry, embouteillée, gazeuse, riche en sels minéraux (St-Diéry, 63)",0.02,0.0,0.0,0.0,0.0,0.0,0.0,0.0,0.0,0.005,0.0,0.0,0.0,0.019,8.5,0.0001,0.0001,0.0,8.0,0.0054,0.003,6.5,0.1,7.7,0.0005,0.0,0.0,0.0,0.0,,,0.0,0.0,0.0,0.0,0.0,0.0,,0.0,99.8,,,,,,,0.0,0.0,0.0
76093,"Eau minérale St-Géron, embouteillée, gazeuse, moyennement minéralisée (St-Géron, 43)",0.28,0.0,0.0,0.0,0.0,0.0,0.0,0.0,0.0,0.071,0.0,0.0,0.0,0.0073,7.91,0.0001,0.001,,5.37,0.029,,1.84,0.1,25.6,,0.0,,,,,,,,,,,,,,99.9,,,,,,,0.0,0.0,0.0
76094,"Eau minérale St-Michel-de-Mourcairol, embouteillée, gazeuse, moyennement minéralisée (Les Aires, 34)",0.33,0.0,0.0,0.0,0.0,0.0,0.0,0.0,0.0,0.082,0.0,0.0,0.0,0.0036,23.0,0.0001,0.0001,,10.0,0.00012,,5.5,0.1,17.5,,0.0,,,,,,,,,,,,,,99.9,,,,,,,0.0,0.0,0.0
76049,"Eau minérale St-Yorre, embouteillée, gazeuse, riche en sels minéraux (Saint-Yorre, 03)",0.038,0.0,0.0,0.0,0.0,0.0,0.0,0.0,0.0,0.0094,0.0,0.0,0.0,0.053,9.0,0.0001,0.0001,0.0,1.1,0.00067,0.003,11.0,0.1,171.0,0.0005,0.0,0.0,0.0,0.0,,,0.0,0.0,0.0,0.0,0.0,0.0,,0.0,99.5,,,,,,,0.0,0.0,0.0
76047,"Eau minérale Ste-Marguerite, embouteillée, gazeuse, moyennement minéralisée (St-Maurice, 63)",0.0,0.0,0.0,0.0,0.0,0.0,0.0,0.0,0.0,0.0,0.0,0.0,0.0,0.038,7.1,0.0001,0.0001,0.0,4.0,0.0065,0.003,3.3,0.1,30.2,0.0012,0.0,0.0,0.0,0.0,,,0.0,0.0,0.0,0.0,0.0,0.0,,0.0,99.9,,,,,,,0.0,0.0,0.0
76050,"Eau minérale Thonon, embouteillée, plate, faiblement minéralisée (Thonon, 74)",0.029,0.0,0.0,0.0,0.0,0.0,0.0,0.0,0.0,0.0072,0.0,0.0,0.0,0.0014,9.2,0.0001,0.0001,0.0,1.9,0.0001,0.003,0.1,0.1,0.57,0.0005,0.0,0.0,0.0,0.0,,,0.0,0.0,0.0,0.0,0.0,0.0,,0.0,100.0,,,,,,,0.0,0.0,0.0
76095,"Eau minérale Treignac, embouteillée, plate, très faiblement minéralisée (Treignac, 19)",0.0051,0.0,0.0,0.0,0.0,0.0,0.0,0.0,0.0,0.0013,0.0,0.0,0.0,0.00053,0.12,0.0001,0.0001,,,0.00066,,0.05,0.1,0.28,,0.0,,,,,,,,,,,,,,100.0,,,,,,,0.0,0.0,0.0
76052,"Eau minérale Vals-Vivaraise, embouteillée, gazeuse, moyennement minéralisée (Vals, 07)",0.0,0.0,0.0,0.0,0.0,0.0,0.0,0.0,0.0,0.0,0.0,0.0,0.0,,,0.0001,0.00022,,,0.02,,,0.1,,,0.0,,,,,,,,,,,,,,,,,,,,,0.0,0.0,0.0
76096,"Eau minérale Vals, embouteillée, gazeuse, moyennement minéralisée (Vals-les-Bains, 07)",0.08,0.0,0.0,0.0,0.0,0.0,0.0,0.0,0.0,0.02,0.0,0.0,0.0,0.0041,2.22,0.0005,0.001,0.0,1.35,0.06,0.0023,3.38,1.0,38.1,0.0031,0.0,0.0,0.0,0.0,,,0.0,0.0,0.0,0.0,0.0,0.0,,0.0,99.9,,,,,,,0.0,0.0,0.0
76078,"Eau minérale Valvert, embouteillée, plate, faiblement minéralisée (Belgique)",0.0,0.0,0.0,0.0,0.0,0.0,0.0,0.0,0.0,0.0,0.0,0.0,0.0,0.00049,6.78,0.0,0.0,0.0,0.2,,0.0,0.045,0.0,0.2,0.0,0.0,0.0,0.0,0.0,,,0.0,0.0,0.0,0.0,0.0,0.0,,0.0,100.0,,,,,,,0.0,0.0,0.0
76097,"Eau minérale Vauban, embouteillée, plate, moyennement minéralisée (St-Amand-les-Eaux, 59)",0.35,0.0,0.0,0.0,0.0,0.0,0.0,0.0,0.0,0.088,0.0,0.0,0.0,0.0096,23.0,0.0001,0.0001,,6.6,0.0001,,0.8,0.1,4.0,,0.0,,,,,,,,,,,,,,99.9,,,,,,,0.0,0.0,0.0
76103,"Eau minérale Velleminfroy, embouteillée, gazeuse ou plate, riche en sels minéraux (Chatenois, 70)",0.0,0.0,0.0,0.0,0.0,0.0,0.0,0.0,0.0,0.0,0.0,0.0,0.0,,51.0,1.5e-05,0.027,50.0,6.6,0.0061,,0.26,0.05,1.03,0.00011,0.0,,,,,,,,,,,,,,,,,,,,,0.0,0.0,0.0
76053,"Eau minérale Ventadour, embouteillée, gazeuse, faiblement minéralisée (Le Pestrin, 07)",0.12,0.0,0.0,0.0,0.0,0.0,0.0,0.0,0.0,0.03,0.0,0.0,0.0,0.00033,4.5,0.0011,0.00052,0.0,1.05,0.04,0.003,0.21,0.1,1.34,0.006,0.0,0.0,0.0,0.0,,,0.0,0.0,0.0,0.0,0.0,0.0,,0.0,100.0,,,,,,,0.0,0.0,0.0
76054,"Eau minérale Vernet, embouteillée, gazeuse, faiblement minéralisée (Prades, 07)",0.0,0.0,0.0,0.0,0.0,0.0,0.0,0.0,0.0,0.0,0.0,0.0,0.0,0.00086,3.2,0.0001,0.0002,0.0,1.7,0.03,0.003,2.2,0.1,12.9,0.004,0.0,0.0,0.0,0.0,,,0.0,0.0,0.0,0.0,0.0,0.0,,0.0,100.0,,,,,,,0.0,0.0,0.0
76024,"Eau minérale Vernière, embouteillée, gazeuse, moyennement minéralisée (Les Aires, 34)",0.0,0.0,0.0,0.0,0.0,0.0,0.0,0.0,0.0,0.0,0.0,0.0,0.0,0.0023,18.0,0.0001,0.0001,0.0,7.3,0.00061,0.003,4.0,0.1,11.0,0.016,0.0,0.0,0.0,0.0,,,0.0,0.0,0.0,0.0,0.0,0.0,,0.0,99.9,,,,,,,0.0,0.0,0.0
76055,"Eau minérale Vichy Célestins, embouteillée, gazeuse, riche en sels minéraux (Saint-Yorre, 03)",0.05,0.0,0.0,0.0,0.0,0.0,0.0,0.0,0.0,0.013,0.0,0.0,0.0,0.039,10.3,0.0001,0.0001,0.0,1.0,0.005,0.003,6.6,0.1,117.0,0.0008,0.0,0.0,0.0,0.0,,,0.0,0.0,0.0,0.0,0.0,0.0,,0.0,99.7,,,,,,,0.0,0.0,0.0
76056,"Eau minérale Vittel, embouteillée, plate, moyennement minéralisée (Vittel, 88)",0.082,0.0,0.0,0.0,0.0,0.0,0.0,0.0,0.0,0.02,0.0,0.0,0.0,0.0013,24.0,0.0023,0.0001,0.0,4.2,0.0015,0.003,0.19,10.0,0.52,0.02,0.0,0.0,0.0,0.0,,,0.0,0.0,0.0,0.0,0.0,0.0,,0.0,99.9,,,,,,,0.0,0.0,0.0
76058,"Eau minérale Volvic active, embouteillée, gazeuse, faiblement minéralisée (Volvic, 63)",0.0,0.0,0.0,0.0,0.0,0.0,0.0,0.0,0.0,0.0,0.0,0.0,0.0,0.0019,1.07,0.0005,0.001,0.0,0.75,0.0001,0.02,0.58,1.0,1.17,0.0005,0.0,0.0,0.0,0.0,,,0.0,0.0,0.0,0.0,0.0,0.0,,0.0,100.0,,,,,,,0.0,0.0,0.0
76057,"Eau minérale Volvic, embouteillée, plate, faiblement minéralisée (Volvic, 63)",0.0093,0.0,0.0,0.0,0.0,0.0,0.0,0.0,0.0,0.0023,0.0,0.0,0.0,0.0025,1.2,0.0023,0.0001,0.0,0.8,0.0015,0.02,0.6,10.0,1.2,0.01,0.0,0.0,0.0,0.0,,,0.0,0.0,0.0,0.0,0.0,0.0,,0.0,100.0,,,,,,,0.0,0.0,0.0
76059,"Eau minérale Wattwiller, embouteillée, gazeuse ou plate, faiblement minéraliséee (Wattwiller, 68)",0.0,0.0,0.0,0.0,0.0,0.0,0.0,0.0,0.0,0.0,0.0,0.0,0.0,0.00075,3.5,0.0001,0.0001,0.0,1.1,0.0001,0.003,0.11,0.1,0.3,0.011,0.0,0.0,0.0,0.0,,,0.0,0.0,0.0,0.0,0.0,0.0,,0.0,100.0,,,,,,,0.0,0.0,0.0
18046,"Eau minérale, embouteilée, gazeuse (aliment moyen)",0.018,0.0,0.0,0.0,0.0,0.0,0.0,0.0,0.0,0.0046,0.0,0.0,0.0,0.0097,15.4,0.00045,6e-05,0.0,3.7,0.0011,0.0013,1.25,3.72,14.2,0.0039,0.0,0.0,0.0,0.0,,,0.0,0.0,0.0,0.0,0.0,0.0,,0.0,99.9,,,,,,,0.0,0.0,0.0
18045,"Eau minérale, embouteilée, plate (aliment moyen)",0.025,0.0,0.0,0.0,0.0,0.0,0.0,0.0,0.0,0.0062,0.0,0.0,0.0,0.002,20.3,0.0014,0.0016,0.0,4.05,0.00062,0.0037,0.26,5.76,0.97,0.0081,0.0,0.0,0.0,0.0,,,0.0,0.0,0.0,0.0,0.0,0.0,,0.0,99.9,,,,,,,0.0,0.0,0.0
18009,"Eau minérale, embouteillée, faiblement minéralisée (aliment moyen)",0.0036,0.0,0.0,0.0,0.0,0.0,0.0,0.0,0.0,0.00091,0.0,0.0,0.0,0.0018,5.45,0.0011,0.0033,0.0,1.81,0.00041,0.0062,0.24,3.11,0.91,0.0039,0.0,0.0,0.0,0.0,,,0.0,0.0,0.0,0.0,0.0,0.0,,0.0,100.0,,,,,,,0.0,0.0,0.0
20097,"Échalote, crue",61.7,0.5,0.01,0.01,0.01,0.01,0.01,0.01,0.0,12.2,3.3,2.6,1.81,0.013,9.5,0.07,0.12,20.0,7.5,0.08,46.0,220.0,20.0,5.0,0.2,0.0,5.0,0.0,0.04,0.8,,8.0,0.036,0.01,0.2,0.19,0.1,34.0,0.0,82.3,0.8,,0.5,0.2,0.6,1.4,0.35,0.5,0.0
20255,"Échalote, cuite",69.3,0.5,0.0002,0.0002,0.0002,0.0002,0.0002,0.0002,,13.5,6.3,3.4,2.13,0.031,28.0,0.11,0.34,20.0,14.0,0.15,76.0,400.0,50.0,12.5,0.32,0.0,10.0,,,0.8,,2.25,0.53,,0.17,0.22,0.19,,,80.0,1.77,,0.59,0.2,0.89,3.05,,,0.0
20335,"Échalote, sautée/poêlée sans matière grasse",67.3,0.4,0.12,0.12,0.11,0.01,0.01,0.01,,12.3,3.8,2.9,2.0,0.013,22.0,0.09,0.25,20.0,11.0,0.12,48.0,270.0,20.0,5.0,0.27,0.0,5.29,,,0.8,,0.84,0.032,0.01,0.59,0.23,0.1,,,81.5,1.4,0.2,0.5,0.2,0.2,1.9,0.35,0.5,0.0
23477,Éclair,264.0,11.8,6.11,4.59,0.98,0.037,0.00032,0.017,99.7,31.6,18.9,3.9,5.78,0.23,68.4,0.066,1.16,24.0,11.0,0.091,90.0,117.0,12.0,92.5,0.48,66.5,117.0,0.63,,17.5,,0.15,0.088,0.19,0.55,0.39,0.045,11.0,0.34,48.8,0.2,,0.8,2.8,0.2,15.3,8.2,0.0,0.0
31021,Ecorce d'orange confite,307.0,0.083,0.033,,,,,0.0,0.0,75.6,65.2,1.1,0.59,0.1,65.0,,1.5,,,,5.0,24.0,,27.0,0.1,0.0,120.0,0.0,0.0,,,3.0,0.07,0.05,0.2,,0.0,0.0,,16.0,,,,,,,0.0,0.0,0.0
10030,"Écrevisse, crue",68.3,0.64,0.11,,0.007,0.015,0.12,0.027,131.0,0.81,0.0,0.0,14.8,0.39,53.5,0.37,1.71,68.0,25.5,0.15,245.0,300.0,70.0,157.0,1.18,11.0,0.0,0.25,2.85,0.0,,1.7,0.056,0.056,2.1,0.57,0.48,26.0,2.2,82.6,0.0,,0.0,0.0,0.0,0.0,0.0,0.0,0.0
10031,"Écrevisse, cuite",73.5,0.7,0.17,0.1,0.072,0.04,0.054,0.021,116.0,0.56,0.25,0.0,16.3,0.21,73.0,0.89,0.65,20.0,26.0,0.32,150.0,140.0,50.0,85.7,1.5,21.0,0.0,0.5,1.5,0.8,,0.5,0.01,0.05,0.36,0.21,0.028,17.7,4.87,81.6,0.2,,0.2,0.1,0.2,0.2,0.0,0.0,0.0
10088,"Ecrevisses, décortiquées, cuites, réfrigérées, préemballées",82.7,0.9,0.32,,,,,,,0.1,0.06,0.13,18.6,1.2,,,,,,,,,36.7,,,,0.0,0.0,1.5,0.1,,,,,,,,44.0,2.15,,,,,,,,0.0,0.0,0.0
12729,Edam,320.0,24.4,16.7,4.64,0.25,0.12,0.0,0.0,89.0,0.0,0.0,0.0,25.7,2.22,812.0,0.056,0.12,28.2,41.2,0.018,536.0,106.0,10.0,800.0,3.09,242.0,11.0,0.5,0.24,2.3,47.5,0.0,0.037,0.39,0.082,0.28,0.076,16.0,1.54,41.6,0.1,,0.1,0.1,0.1,0.1,0.0,0.0,0.0
31087,Édulcorant à base d'extrait de stévia,1.2,0.5,0.0,0.0,0.0,0.0,0.0,0.0,0.0,0.3,0.0,0.0,0.16,4.0,10.0,0.04,0.5,2.5,2.0,0.04,1.0,8.0,0.83,4.0,1.0,0.0,,,,,,,0.02,0.02,0.2,0.05,0.04,,,0.3,0.1,,0.1,0.1,0.1,0.1,0.14,0.01,0.0
31076,Edulcorant à base de sucre et aspartame (petits morceaux),398.0,0.0,0.0,0.0,0.0,0.0,0.0,0.0,0.0,98.7,98.7,0.0,0.81,0.0045,,,,0.2,,,,,,1.8,,0.0,0.0,0.0,0.0,,,0.0,0.0,0.0,,,0.0,,0.0,0.5,,,,,,,0.0,0.0,0.0
11506,"Édulcorant à l'aspartame, en pastilles",44.0,0.0,0.0,0.0,0.0,0.0,0.0,0.0,0.0,,0.0,,11.0,1.5,,,,,,,,,,600.0,,0.0,,,,,,,,,,,,,,,,,,,,,,,0.0
11509,"Édulcorant à l'aspartame, en poudre",18.6,0.0,0.0,0.0,0.0,0.0,0.0,0.0,0.0,3.7,3.7,0.0,1.0,0.05,,,,,,,,,,20.0,,0.0,,,,,,,,,,,,,,,,,0.39,,3.31,0.23,,0.0,0.0
31064,Édulcorant à la saccharine,5.0,0.0,0.0,0.0,0.0,0.0,0.0,0.0,0.0,0.0,0.0,0.0,1.25,1.07,0.0,0.0,0.04,,0.0,,0.0,4.0,0.0,428.0,0.01,0.0,0.0,0.0,,0.0,,0.0,0.0,0.0,0.0,0.0,0.0,,0.0,0.5,,,,,,,,0.0,0.0
26122,"Églefin, cru",76.2,0.35,0.098,0.029,0.0034,0.001,0.049,0.092,42.3,1.02,0.0,0.0,17.3,0.16,9.23,0.1,0.28,126.0,26.4,0.1,144.0,292.0,36.0,65.9,0.32,2.0,0.0,0.5,0.45,0.1,,0.0,0.04,0.04,2.64,0.11,0.32,11.3,1.07,80.4,0.0,,0.0,0.0,0.0,0.0,0.0,0.0,0.0
26008,"Églefin, cuit à la vapeur",89.0,0.6,0.1,,,,0.049,0.092,38.0,0.0,0.0,0.0,20.9,0.18,26.0,0.02,0.1,260.0,24.0,0.01,200.0,370.0,34.3,73.0,0.5,0.0,,0.0,0.41,,,0.0,0.04,0.11,4.1,0.25,0.41,9.0,2.0,78.3,0.0,,0.0,0.0,0.0,0.0,0.0,0.0,0.0
26126,"Églefin, grillé/poêlé",84.9,0.55,0.11,,,,0.051,0.11,66.0,0.0,0.0,0.0,20.0,0.65,14.0,0.026,0.21,,26.0,0.013,278.0,351.0,31.7,261.0,0.4,21.0,0.0,0.6,0.55,0.1,,0.0,0.023,0.069,4.12,0.49,0.33,13.0,2.13,79.7,,,,,,,0.0,0.0,0.0
12099,Emmental de Savoie ou emmenthal de Savoie,396.0,30.8,21.4,5.62,0.43,0.2,0.023,0.023,,0.0,0.1,0.0,29.7,0.26,,,,,,,,,30.0,132.0,,,61.0,0.0,0.6,1.4,,,,,,,,10.0,3.06,34.9,0.1,,0.1,0.1,0.1,0.1,0.0,0.0,0.0
12115,Emmental ou emmenthal,373.0,28.8,19.7,5.52,0.35,0.11,0.01,0.01,96.3,0.0,0.0,0.0,27.9,0.61,978.0,0.043,0.15,26.0,48.9,0.024,640.0,97.4,10.0,245.0,3.48,226.0,70.0,0.78,0.6,6.59,5.23,0.0,0.033,0.41,0.095,0.28,0.087,20.0,1.84,39.1,0.1,0.1,0.1,0.1,0.1,0.1,0.0,0.0,0.0
12118,"Emmental ou emmenthal, râpé",368.0,28.2,18.1,5.39,0.42,0.13,0.06,0.06,87.9,0.58,0.0,0.042,27.6,0.68,977.0,0.042,0.25,19.8,36.3,0.025,611.0,90.4,9.4,272.0,4.3,277.0,78.0,0.6,0.6,2.2,20.0,0.5,0.02,0.28,0.2,0.12,0.21,10.0,1.9,39.0,0.01,0.01,0.01,0.01,0.01,0.01,0.19,0.0,0.0
26241,"Empereur, filet, sans peau, cru",73.5,1.5,0.3,,,,,,,0.0,0.0,0.0,15.0,0.21,,,,,,,,,66.7,83.0,,,0.0,,1.2,0.7,,,,,,,,26.0,0.38,,,,,,,,0.0,0.0,0.0
25073,"Endive au jambon, préemballée",109.0,6.3,3.77,1.37,0.33,0.04,0.01,0.01,23.7,4.71,1.98,1.5,7.44,0.65,77.2,0.1,0.38,,18.2,0.1,,104.0,,259.0,0.6,,,,,,,,,,,,,,,78.4,0.25,0.1,0.66,1.08,0.1,0.1,2.73,0.0,0.0
20026,"Endive, crue",16.6,0.5,0.01,0.01,0.01,0.01,0.01,0.01,0.0,2.83,2.4,1.1,1.19,0.013,20.0,0.04,0.12,20.0,8.3,0.08,23.0,150.0,20.0,5.0,0.13,0.0,5.0,0.0,0.44,0.8,,2.12,0.067,0.01,0.21,0.15,0.026,142.0,0.0,94.3,0.9,,1.5,0.2,0.2,0.2,0.35,0.5,0.0
20316,"Endive, rôtie/cuite au four",22.0,0.3,0.01,0.01,0.01,0.01,0.01,0.01,,4.38,3.2,0.5,1.13,0.013,27.0,0.07,0.23,20.0,10.0,0.09,27.0,180.0,20.0,5.0,0.18,0.0,16.5,,,2.09,,0.5,0.032,0.01,0.21,0.11,0.028,,,93.7,1.0,0.2,2.2,0.2,0.2,0.2,0.35,0.5,0.0
23008,Entremets type Opéra,392.0,24.0,13.4,6.5,2.13,0.1,0.01,0.01,80.2,37.6,33.3,2.3,5.19,0.11,42.0,0.29,3.2,20.0,44.0,0.37,110.0,240.0,20.0,42.0,0.76,91.5,66.7,0.25,,2.22,,0.5,0.053,0.099,0.2,0.37,0.19,7.09,0.21,30.1,0.38,,0.66,0.57,0.28,31.4,4.27,0.0,0.0
28911,"Épaule de porc, cuite, choix, découennée dégraissée",124.0,4.5,1.4,,,,,,,2.8,1.35,0.5,18.0,2.33,,,,,,,143.0,,19.5,950.0,,,0.0,0.8,0.28,0.0,,,0.672,,,,,3.0,0.68,71.7,,,,,,,0.0,0.0,0.0
28924,"Épaule de porc, cuite, standard, découennée dégraissée",123.0,5.98,2.23,,0.59,0.035,,,,2.89,2.89,1.3,13.7,2.82,,,,,,,155.0,,19.5,1260.0,,,0.0,0.8,0.28,0.0,,,0.672,,,,,3.0,0.68,71.8,,,,,,,0.0,0.0,0.0
9001,"Épeautre, cru",344.0,2.43,0.41,,,0.065,0.0,0.0,0.0,59.5,6.68,10.7,14.6,0.02,27.0,0.51,4.44,,136.0,2.98,401.0,388.0,,8.0,3.28,0.0,5.0,,,3.6,0.0,0.0,0.36,0.11,6.84,1.07,0.23,,0.0,11.0,0.24,0.0,0.82,0.0,5.04,0.58,52.8,0.0,0.0
26083,"Éperlan, cru",85.4,1.7,0.39,,,,0.24,0.48,71.0,0.0,0.0,0.0,17.5,0.39,,,,67.0,24.0,,245.0,357.0,36.5,156.0,,,0.0,0.8,0.5,0.1,,0.0,,0.12,1.45,0.64,,37.0,3.44,79.5,0.0,,0.0,0.0,0.0,0.0,0.0,0.0,0.0
11081,Epice (aliment moyen),327.0,7.85,2.56,2.64,1.49,0.53,0.0069,0.0069,0.0,37.8,2.09,27.7,12.6,0.059,479.0,0.93,18.0,9.12,186.0,13.6,190.0,1430.0,9.18,23.7,1.63,0.0,553.0,0.086,,116.0,,4.29,0.12,0.087,1.52,1.65,0.31,,0.0,9.23,0.58,0.15,0.46,0.0,0.0,0.13,,0.0,0.0
25026,"Épinard à la crème, préemballé",57.3,2.9,1.82,0.57,0.08,0.1,0.01,0.01,,4.1,1.19,1.9,2.5,0.72,,,,,,,,,,287.0,,,,,,,,,,,,,,,,86.9,0.12,0.1,0.1,1.07,0.1,0.1,,0.0,0.0
20060,"Épinard, appertisé, égoutté",24.5,0.5,0.081,,,,0.0,0.0,0.0,0.93,0.4,2.4,2.81,0.81,127.0,0.18,2.3,2.79,76.0,0.6,44.0,346.0,1.35,322.0,0.46,0.0,5880.0,0.0,1.25,462.0,,14.3,0.016,0.14,0.39,0.047,0.1,,0.0,91.8,,,,,,,,,0.0
20336,"Épinard, bouilli/cuit à l'eau",26.8,0.7,0.13,0.07,0.07,0.37,0.01,0.01,,0.0,0.0,3.5,3.38,0.03,240.0,0.14,1.3,20.0,30.0,0.81,30.0,160.0,20.0,12.0,0.79,0.0,6680.0,0.0,2.08,38.1,,0.5,0.015,0.053,0.1,0.15,0.038,146.0,0.0,91.9,0.2,,0.2,0.2,0.2,0.2,0.35,0.5,0.0
20059,"Épinard, cru",33.3,0.39,0.063,0.01,0.029,0.14,0.0,0.0,0.0,3.06,0.46,2.6,2.68,0.2,99.0,0.13,2.71,3.68,79.0,0.9,49.0,558.0,0.66,79.5,0.53,0.0,5630.0,0.0,2.03,483.0,,28.1,0.078,0.19,0.72,0.065,0.2,194.0,0.0,90.0,0.15,0.1,0.11,0.0,0.0,0.07,2.6,,0.0
20027,"Épinard, cuit",19.6,0.14,0.054,,,,0.0,0.0,0.0,0.25,0.0,2.7,3.2,0.069,140.0,0.1,2.14,10.0,54.4,0.43,40.0,396.0,10.0,27.6,0.65,0.0,1610.0,0.0,2.4,494.0,,2.1,0.05,0.1,0.24,0.05,0.06,,0.0,92.8,0.5,,0.5,0.5,0.5,0.5,0.5,,0.0
20083,"Epinard, haché ou purée ou en branches, surgelé, cru",28.0,0.54,0.041,0.019,0.014,0.068,0.0,0.0,0.0,1.0,0.83,2.95,3.32,0.14,129.0,0.14,1.89,2.75,75.0,0.7,49.0,346.0,0.1,65.0,0.56,0.0,7040.0,0.0,,372.0,,15.3,0.092,0.18,0.51,0.094,0.17,,0.0,90.2,0.18,0.0,0.24,0.0,0.0,0.24,0.0,,0.0
20270,"Épinard, jeunes pousses pour salades, cru",17.0,0.4,0.09,0.06,0.04,0.17,0.01,0.01,0.0,0.0,0.0,2.4,2.06,0.063,110.0,0.08,1.8,60.0,44.0,0.62,32.0,580.0,20.0,25.0,0.43,0.0,2810.0,0.25,2.03,75.5,,6.04,0.041,0.057,0.26,0.2,0.15,194.0,0.0,93.7,0.2,,0.2,0.2,0.2,0.2,0.35,0.5,0.0
12038,Époisses,286.0,24.0,17.0,,0.43,0.13,0.023,0.023,80.5,0.0,0.0,0.5,17.6,1.77,120.0,0.02,0.21,21.0,10.0,0.01,220.0,140.0,20.0,702.0,0.5,210.0,15.0,0.25,0.23,1.73,,,0.021,1.24,0.57,1.1,0.18,58.0,1.7,55.6,0.3,,0.03,0.3,0.3,0.3,0.0,0.0,0.0
36318,"Escalope panée, viennoise ou milanaise, dinde, cuite",211.0,10.9,1.53,,,,,,,13.5,1.07,1.3,14.1,1.03,,,,,,,,,,356.0,,,,,,,,,,,,,,,,,,,,,,,,0.0,0.0
36036,"Escalope panée, viennoise ou milanaise, poulet, cuite",339.0,24.0,5.28,10.9,4.79,0.2,0.011,0.011,49.3,21.7,1.9,3.4,7.25,1.26,22.0,0.05,1.6,20.0,26.0,0.33,160.0,230.0,50.0,504.0,0.8,40.2,,0.5,,0.8,,,0.11,0.02,3.71,0.71,0.14,9.85,0.45,41.8,0.2,,0.9,0.2,1.0,0.4,14.7,0.0,0.0
25173,"Escalope panée, viennoise ou milanaise, veau, cuite",271.0,14.1,2.42,,,,,,72.4,12.6,0.49,0.94,22.9,0.98,28.7,0.07,1.11,7.97,24.3,0.12,183.0,328.0,6.95,394.0,2.26,12.9,0.88,0.13,3.32,,,0.0063,0.12,0.23,5.89,0.53,0.28,15.3,0.72,47.8,,,,,,,12.1,0.0,0.0
10042,"Escargot en sauce au beurre persillé, préemballé, cuit",275.0,23.7,14.8,4.44,0.41,0.11,0.021,0.011,225.0,1.75,0.0,1.25,12.9,1.66,,2.3,2.5,20.0,35.0,0.34,150.0,89.0,50.0,665.0,1.2,131.0,,0.5,,10.4,,,0.065,0.04,0.2,0.25,0.069,14.1,0.26,57.2,0.3,,0.3,,0.3,0.3,,0.0,0.0
10008,"Escargot, cru",77.9,0.92,0.19,0.11,0.12,0.016,0.12,0.0,57.5,1.29,0.0,0.0,16.1,0.35,90.0,2.8,2.6,6.0,48.3,1.2,157.0,35.0,27.4,138.0,1.17,30.0,0.0,0.5,5.0,0.1,,15.0,0.02,0.12,1.7,,0.028,8.5,0.92,79.1,0.2,,0.2,0.2,0.2,0.2,0.0,0.0,0.0
10099,"Escargot, cuit",84.7,1.4,0.31,0.23,0.24,0.04,0.035,0.01,,1.39,0.3,0.0,16.6,0.27,,,,,,,,,,109.0,,,,,,,,,,,,,,,,78.8,0.2,,0.2,0.2,0.2,0.3,0.0,0.0,0.0
26082,"Espadon, cru",134.0,5.97,1.83,1.83,0.011,0.031,0.37,0.37,51.4,1.0,0.0,0.0,18.9,0.28,12.1,0.035,0.65,40.0,33.6,0.017,289.0,362.0,52.7,112.0,0.79,191.0,0.0,12.5,0.5,0.1,,0.5,0.089,0.11,7.38,0.39,0.47,2.0,2.46,,0.0,,0.0,0.0,0.0,0.0,0.0,0.0,0.0
26093,"Espadon, rôti/cuit au four",266.0,16.9,1.51,0.0,0.0,0.0,0.2,1.31,129.0,0.0,0.0,0.0,28.7,0.18,5.5,0.046,0.53,9.3,34.1,0.021,200.0,475.0,122.0,73.4,0.78,43.0,0.0,16.6,7.2,0.1,,0.0,0.047,0.13,9.8,0.46,0.62,2.0,2.91,52.9,0.0,,0.0,0.0,0.0,0.0,0.0,0.0,0.0
11092,"Estragon, frais",31.6,,0.6,,,,0.0,0.0,0.0,4.1,1.2,6.2,3.8,0.025,,,,,,,,,,,,0.0,,,,,,,,,,,,,,,,,,,,,,0.0,0.0
11050,"Estragon, séché",342.0,7.24,1.88,,,,0.0,0.0,0.0,42.8,,7.4,22.8,0.16,1140.0,0.68,32.3,,347.0,7.97,313.0,3020.0,,62.0,3.9,0.0,,0.0,,,,50.0,0.25,1.34,8.95,,2.41,,0.0,7.74,,,,,,,,0.0,0.0
27012,"Esturgeon d’Europe occidentale, cru",127.0,5.84,1.34,1.8,,0.046,0.28,0.093,63.0,0.87,0.0,0.0,17.7,0.12,15.6,0.041,0.62,,40.9,0.025,225.0,307.0,,49.2,0.63,210.0,0.0,10.3,,0.1,,0.0,0.07,0.07,6.96,0.76,0.32,15.0,1.74,74.5,,,,,,,0.0,0.0,0.0
11221,"Extrait de levure, à tartiner",187.0,0.4,,,,,,0.0,0.0,3.5,1.6,0.0,42.4,10.8,70.0,0.2,2.9,49.0,160.0,0.19,950.0,2100.0,,4300.0,2.7,0.0,,0.0,,,,0.0,4.1,11.9,64.0,,1.6,2620.0,14.5,26.7,1.41,0.0,0.0,0.0,0.0,0.19,1.9,0.0,0.0
36401,"Faisan, viande crue",126.0,3.73,1.27,1.04,0.55,0.082,0.0,0.0,68.8,0.0,0.0,0.0,23.2,0.097,14.3,0.072,1.22,5.0,20.3,0.017,231.0,261.0,14.0,38.8,1.02,51.5,,,,0.0,,5.83,0.075,0.16,6.36,0.95,0.72,6.5,0.82,71.6,,,,,,,,0.0,0.0
36403,"Faisan, viande et peau crues",164.0,7.95,3.51,2.88,0.76,0.093,0.0,0.0,71.0,0.0,0.0,0.0,23.2,0.09,15.0,0.065,1.58,5.0,20.0,0.017,214.0,243.0,15.7,36.0,0.96,73.0,,,,0.0,,5.3,0.072,0.14,6.43,0.93,0.66,6.0,0.77,67.8,,,,,,,,0.0,0.0
36402,"Faisan, viande rôtie/cuite au four",239.0,12.1,3.91,,,,0.0,0.0,89.0,0.0,0.0,0.0,32.4,0.11,16.0,0.084,1.43,4.0,22.0,,242.0,271.0,20.7,43.0,1.37,57.0,0.0,0.2,0.27,4.9,,2.3,0.07,0.18,7.53,,0.75,5.0,0.72,54.2,,,,,,,,0.0,0.0
19638,Faisselle au coulis de fruits,93.0,5.0,3.6,,,,,,,8.5,8.5,,3.57,0.077,,,,,,,,,9.7,30.7,,,12.0,0.1,0.08,0.0,,,,,,,,12.0,0.43,,0.72,,0.72,3.44,0.1,3.62,,0.0,0.0
19639,"Faisselle, 0% MG",36.8,0.05,0.025,,,,,,4.91,4.65,3.71,0.083,4.52,0.13,120.0,,,,,,98.2,151.0,9.4,42.5,,,0.0,0.0,0.01,0.0,,,,0.15,,,,9.0,0.39,89.9,,,,3.17,,,,0.0,0.0
19641,"Faisselle, 6% MG environ",83.6,5.5,3.74,0.96,0.08,0.03,0.01,0.02,18.2,3.36,3.36,0.21,4.47,0.088,130.0,0.01,0.05,20.0,11.0,0.01,110.0,150.0,20.0,35.0,0.44,62.9,30.0,0.25,0.08,0.8,,0.5,0.015,0.12,0.17,0.43,0.024,9.22,0.33,84.7,0.2,0.2,0.2,3.36,0.2,0.2,,0.0,0.0
25460,"Fajita au poulet, préparé maison avec un kit",158.0,4.5,1.96,1.3,0.59,0.11,0.0086,0.0021,30.6,16.0,2.2,1.4,12.7,0.89,77.0,0.06,0.55,20.0,23.0,0.14,210.0,280.0,50.0,357.0,0.66,21.0,385.0,1.0,,3.17,,19.6,0.12,0.06,3.48,0.57,0.24,23.4,0.42,63.7,0.6,,0.7,0.2,0.4,0.5,9.0,0.0,0.0
25590,"Falafel ou boulette de pois-chiche et/ou fève, préemballé",211.0,10.8,1.28,5.47,3.21,0.11,0.01,0.01,,17.7,3.57,6.0,7.38,0.87,57.0,0.24,1.6,20.0,40.0,0.77,99.0,340.0,20.0,347.0,1.0,,43.8,0.25,,23.6,,0.5,0.15,0.044,0.43,0.36,0.082,57.3,,55.7,0.4,0.1,0.55,0.1,1.73,0.89,9.5,0.0,0.0
25571,"Falafel ou boulette de pois-chiche et/ou fève, vente à emporter",252.0,14.4,1.5,6.18,5.7,0.12,0.01,0.01,1.95,18.7,1.4,7.7,8.25,1.6,57.0,0.3,2.1,20.0,51.0,0.93,180.0,390.0,20.0,640.0,1.3,,35.0,0.25,,10.0,,0.5,0.047,0.01,0.1,0.43,0.17,105.0,,48.0,0.2,,0.3,0.2,0.3,0.8,11.9,0.9,0.0
23121,Far breton aux pruneaux,229.0,8.0,4.79,1.86,0.37,0.06,0.01,0.01,68.4,32.0,21.5,3.4,5.13,0.23,71.0,0.08,0.45,20.0,16.0,0.13,85.0,230.0,20.0,93.0,0.45,70.2,33.1,0.25,,27.5,,0.5,0.031,0.19,0.1,0.53,0.042,34.5,0.3,50.0,3.25,0.1,5.19,1.93,0.27,10.9,8.2,0.0,0.0
30052,Farce porc et boeuf crue,309.0,26.5,,,,,,,,4.4,,2.6,11.8,,,,,,,,50.0,,,,,,,,,,,,,,,,,,,53.8,,,,,,,,0.0,0.0
9480,Farine d'épeautre (grand épeautre),352.0,3.0,0.5,0.65,1.51,0.08,0.01,0.01,0.0,64.0,1.3,9.3,11.4,0.13,31.0,0.42,3.0,20.0,92.0,2.5,340.0,360.0,20.0,5.0,2.8,0.0,,0.25,,2.87,,0.5,0.29,0.01,0.64,0.71,0.21,,,10.8,0.2,,0.2,0.2,0.7,0.6,62.2,0.0,0.0
9550,Farine d'orge,337.0,1.6,0.34,0.21,0.7,0.074,0.0,0.0,0.0,64.4,0.8,10.1,10.5,0.01,32.0,0.34,2.68,5.0,96.0,1.03,296.0,309.0,1.0,4.0,2.0,0.0,0.0,0.0,,2.2,,0.0,0.37,0.11,6.27,0.15,0.4,,0.0,12.1,,,,0.0,,0.0,56.0,0.0,0.0
9437,Farine de blé tendre ou froment avec levure incorporée,350.0,1.0,0.5,,,,0.0,0.0,0.0,74.0,2.5,2.5,9.12,,,,,,,,,,,,,0.0,,,,,,,,,,,,,,,,,,,,,,0.0,0.0
9410,Farine de blé tendre ou froment T110,343.0,1.5,0.27,0.26,0.82,0.06,0.01,0.01,0.0,68.6,1.6,6.8,9.61,0.13,27.0,0.28,2.2,20.0,73.0,2.2,220.0,280.0,20.0,5.0,1.9,0.0,5.0,0.25,,0.8,,0.5,0.26,0.01,0.1,0.48,0.11,,0.0,12.4,0.2,,0.2,0.2,1.04,0.56,59.3,0.0,0.0
9415,Farine de blé tendre ou froment T150,342.0,1.52,0.22,0.17,0.61,0.04,0.0,0.0,0.0,64.9,1.77,10.2,11.4,0.035,31.9,0.35,2.7,,85.1,2.7,323.0,407.0,,14.0,2.5,0.0,,,1.04,,,0.5,0.34,0.11,3.48,1.02,0.26,,,10.7,0.1,,0.19,0.21,0.78,0.59,56.9,0.0,0.0
9440,Farine de blé tendre ou froment T45 (pour pâtisserie),355.0,0.82,0.13,0.072,0.28,0.012,0.0,0.0,0.0,76.5,0.44,2.5,8.44,0.098,21.2,0.15,1.38,5.0,22.5,0.54,88.7,144.0,2.76,39.0,0.75,0.0,,0.0,,0.0,,0.0,0.12,0.031,0.89,0.84,0.06,,0.0,11.3,0.0,,0.0,0.0,0.087,0.35,69.3,0.0,0.0
9436,Farine de blé tendre ou froment T55 (pour pains),350.0,1.0,0.19,0.15,0.58,0.04,0.01,0.01,0.0,73.7,1.5,3.2,9.03,0.13,23.0,0.14,1.0,20.0,27.0,0.64,110.0,180.0,20.0,5.0,0.81,0.0,1.0,0.25,,0.8,,0.5,0.15,0.01,0.1,0.56,0.054,,0.0,12.5,0.2,,0.2,0.2,1.2,0.3,67.6,0.0,0.0
9435,Farine de blé tendre ou froment T65,346.0,1.0,,,,,0.0,0.0,0.0,71.5,1.5,3.5,10.0,0.03,25.3,0.46,1.31,,30.4,0.8,124.0,176.0,4.4,12.0,0.8,0.0,,,0.5,,,,0.19,0.05,1.46,0.5,0.08,,,13.2,0.1,,0.073,0.1,1.2,0.23,,0.0,0.0
9445,Farine de blé tendre ou froment T80,355.0,1.18,0.17,0.11,0.45,0.026,0.0,0.0,0.0,73.2,1.77,4.2,9.95,0.0068,25.4,0.2,1.5,,45.6,1.2,153.0,206.0,,2.72,1.3,0.0,,,0.79,,,0.5,0.26,0.06,1.5,0.5,0.13,,,10.7,0.1,,0.12,0.1,1.21,0.44,70.6,0.0,0.0
9570,Farine de châtaigne,362.0,3.43,0.52,0.97,1.03,0.12,0.0,0.0,0.0,70.4,,12.6,5.69,,61.6,0.5,0.1,,67.9,3.2,,,,,1.1,0.0,,,,,,16.0,,,2.1,1.53,0.58,,,5.52,,,,,,,46.9,,0.0
9545,Farine de maïs,362.0,1.39,0.17,0.27,0.67,0.024,0.0,0.0,0.0,80.9,0.64,1.9,5.59,0.0025,2.0,0.14,0.91,0.6,18.0,0.056,60.0,90.0,6.2,1.0,0.37,0.0,97.0,0.0,,0.3,,0.0,0.074,0.058,2.66,0.052,0.097,,0.0,9.81,0.12,,0.015,,0.0,0.51,,0.0,0.0
9555,Farine de millet,350.0,4.1,0.76,0.95,2.01,0.05,0.01,0.01,0.0,63.2,0.5,9.7,10.2,0.13,12.0,0.6,3.8,20.0,140.0,0.97,360.0,280.0,20.0,5.0,3.1,0.0,,0.25,,2.93,0.2,0.5,0.45,0.043,0.1,0.74,0.25,,,10.3,0.2,0.0,0.2,0.2,0.2,0.5,62.7,0.0,0.0
9580,Farine de pois chiche,359.0,6.69,0.69,,,,0.0,0.0,0.0,47.0,10.9,10.8,22.4,0.16,45.0,0.91,4.86,,166.0,1.6,318.0,846.0,,64.0,2.81,0.0,25.0,0.0,,9.1,,0.0,0.49,0.11,1.76,0.61,0.49,,0.0,10.3,,,,,,,,0.0,0.0
20812,"Farine de pulpe de patate douce, prélevée à la Martinique",223.0,,,,,,0.0,0.0,,50.1,0.018,11.3,,,,,,,,,,,,,,,483.0,,,,,0.0,,,,,,,,8.55,0.0072,,0.0057,,,0.0049,50.1,0.0,0.0
9520,Farine de riz,357.0,2.5,0.46,0.94,0.88,0.04,0.01,0.01,0.0,73.9,0.9,3.3,7.62,0.13,9.5,0.18,0.79,20.0,110.0,2.3,300.0,270.0,20.0,5.0,1.4,0.0,0.0,0.25,,1.78,,0.5,0.33,0.01,0.1,0.97,0.13,,0.0,11.4,0.2,,0.2,0.2,0.2,0.9,70.0,0.0,0.0
9540,Farine de sarrasin,348.0,2.19,0.58,0.78,0.78,0.03,0.0,0.0,0.0,68.4,0.03,4.2,11.5,0.06,23.8,0.5,2.5,,157.0,1.3,337.0,577.0,4.9,24.0,2.3,0.0,0.0,0.0,,7.0,,0.5,0.42,0.19,4.75,1.45,0.46,,0.0,12.1,,,0.0057,,0.2,0.024,68.4,0.0,0.0
9533,Farine de seigle T130,344.0,1.12,0.22,0.19,0.65,0.044,0.0,0.0,0.0,70.9,1.59,9.5,7.24,0.0091,23.8,0.3,1.8,,64.6,1.8,216.0,356.0,2.5,3.63,1.9,0.0,0.0,0.0,,5.9,,0.5,0.3,0.072,0.77,0.45,0.2,,0.0,9.9,0.13,0.0,0.15,0.075,0.28,1.04,65.8,0.0,0.0
9530,Farine de seigle T170,315.0,2.22,0.27,,,,0.0,0.0,0.0,44.8,2.31,23.8,15.9,0.005,37.0,0.56,4.97,4.6,160.0,6.06,499.0,717.0,,2.0,5.04,0.0,7.0,0.0,,5.9,,0.0,0.32,0.25,4.27,1.46,0.44,,0.0,10.8,0.23,0.0,0.22,0.0,0.07,1.79,,0.0,0.0
9532,Farine de seigle T85,345.0,1.33,0.15,,,,0.0,0.0,0.0,68.7,0.93,8.0,9.82,0.005,13.0,0.21,0.91,,32.0,1.16,130.0,224.0,,2.0,1.33,0.0,0.0,0.0,,5.9,,0.0,0.33,0.09,0.8,0.67,0.23,,0.0,11.4,0.09,0.0,0.14,0.0,0.13,0.57,,0.0,0.0
20915,Farine de soja complète,457.0,20.7,2.99,4.56,10.2,1.45,0.0,0.0,0.0,25.7,7.5,9.6,34.5,0.033,206.0,2.92,6.37,0.5,429.0,2.28,494.0,2520.0,11.0,13.0,3.92,0.0,72.0,0.0,,70.0,,0.0,0.58,1.16,4.32,1.59,0.46,,0.0,5.16,,,,,,3.1,12.3,0.89,0.0
4090,Fécule de pomme de terre,348.0,0.2,0.039,0.006,0.048,0.064,0.0,0.0,0.0,86.3,,0.55,0.0,0.0094,27.5,0.1,0.84,0.49,6.0,0.1,35.6,33.5,0.4,3.75,0.16,0.0,,0.0,,,,0.0,0.0055,0.005,0.12,,0.01,,0.0,12.7,,,,,,,,0.0,0.0
13061,"Feijoa, chair sans peau, crue",39.4,0.42,0.1,0.056,0.11,0.029,0.0,0.0,0.0,8.2,8.2,6.4,0.71,0.0075,17.0,0.036,0.14,,9.0,0.084,19.0,172.0,,3.0,0.06,0.0,2.0,,0.16,3.5,,32.9,0.006,0.018,0.3,0.23,0.067,23.0,0.0,83.3,2.95,0.0,2.32,0.0,0.0,2.93,0.0,,0.0
20118,"Fenouil, bouilli/cuit à l'eau",11.7,0.1,0.039,0.0021,0.03,0.0041,0.0,0.0,0.0,0.8,0.5,2.0,1.13,0.15,43.0,0.16,0.2,,10.2,0.14,17.3,270.0,3.6,58.1,0.18,0.0,14.0,0.0,0.32,,,1.6,0.024,0.04,0.36,0.15,0.12,,0.0,94.4,0.2,,0.3,0.2,0.2,0.2,0.3,,0.0
20028,"Fenouil, cru",18.2,0.5,0.01,0.01,0.01,0.01,0.01,0.01,0.0,2.63,2.2,2.6,1.0,0.055,37.0,0.08,0.2,20.0,11.0,0.1,28.0,320.0,20.0,22.0,0.19,0.0,8.01,0.0,,0.8,,2.57,0.015,0.01,0.1,0.22,0.05,,0.0,92.9,1.0,,1.2,0.2,0.2,0.2,0.35,0.5,0.0
20356,"Fenouil, cuit (aliment moyen)",11.8,0.27,0.014,0.009,0.013,0.0092,0.0087,0.0087,,1.8,1.2,1.83,0.36,0.043,37.8,0.055,0.13,20.0,7.15,0.079,16.2,218.0,17.9,17.1,0.093,0.0,12.3,,,0.8,,0.42,0.0096,0.014,0.15,0.11,0.031,,,95.0,0.46,,0.74,0.2,0.2,0.2,0.19,0.5,0.0
20317,"Fenouil, cuit à l'étouffée",11.8,0.3,0.01,0.01,0.01,0.01,0.01,0.01,,1.94,1.3,1.8,0.25,0.028,37.0,0.04,0.12,20.0,6.7,0.07,16.0,210.0,20.0,11.0,0.08,0.0,12.0,,,0.8,,0.5,0.015,0.01,0.12,0.11,0.019,,,95.1,0.5,,0.8,0.2,0.2,0.2,0.35,0.5,0.0
11066,"Fenouil, graine",327.0,14.9,0.48,9.91,1.69,,0.0,0.0,0.0,12.5,12.5,39.8,15.8,0.22,1200.0,1.07,18.5,,385.0,6.53,487.0,1690.0,,88.0,3.7,0.0,81.0,0.0,2.72,0.0,,21.0,0.41,0.35,6.05,,0.47,,0.0,8.81,,,,,,,,0.0,0.0
11077,"Fenugrec, graine",350.0,6.41,1.46,,,,0.0,0.0,0.0,33.8,8.7,24.6,27.1,0.17,176.0,1.11,33.5,,191.0,1.23,296.0,770.0,,67.0,2.5,0.0,,0.0,,,,3.0,0.32,0.37,1.64,,0.6,,0.0,7.72,,,,,,,,0.0,0.0
12066,"Feta, au lait de brebis 70% minimum et lait de chèvre 30% maximum",284.0,24.3,16.8,4.46,0.56,0.16,0.01,0.01,65.2,0.45,0.0,0.2,15.1,2.27,220.0,0.04,0.08,80.0,12.0,0.02,190.0,66.0,20.0,908.0,1.2,215.0,3.0,0.25,0.18,4.22,,,0.016,0.27,0.18,0.18,0.01,18.9,0.53,55.2,0.2,0.2,0.2,0.2,0.2,0.2,,0.0,0.0
51550,"Feuille de brick ou khatfa, préemballée",283.0,1.5,0.1,,,,,,,59.0,2.0,2.5,7.0,3.25,,,,,,,,,,1300.0,,,,,,,,,,,,,,,,,,,,,,,,0.0,0.0
23430,"Feuille de brick ou khatfa, préemballée, cuite à sec sans matière grasse",277.0,1.76,0.28,0.39,0.92,,,,,57.1,7.0,3.0,6.16,,110.0,,1.1,17.5,23.7,1.0,97.0,175.0,5.0,,3.18,,50.0,,,,,,0.09,0.05,1.7,0.42,0.08,12.4,,15.9,0.5,,7.0,0.5,0.5,0.5,50.1,0.0,0.0
25217,"Feuille de vigne farcie au riz ou dolmas, égouttée, préemballée",150.0,6.5,0.85,2.01,3.07,0.17,0.01,0.01,,18.6,0.8,2.6,2.5,1.34,70.0,0.15,1.1,20.0,14.0,0.39,42.0,110.0,20.0,534.0,0.36,,685.0,0.25,,64.7,,0.5,0.018,0.01,0.1,0.12,0.042,19.9,,67.6,0.4,,0.4,0.2,0.2,0.2,17.8,0.0,0.0
25402,"Feuilleté ou friand à la viande, préemballé",354.0,22.6,10.6,7.22,1.95,0.18,0.00087,0.0022,70.7,27.3,1.23,1.63,9.59,1.55,15.6,0.09,1.65,7.1,18.6,0.16,38.8,199.0,5.63,610.0,1.49,,,,,,,,,,,,,,,37.1,0.3,,0.49,0.3,0.74,0.3,26.0,0.0,0.0
25398,"Feuilleté ou friand au fromage, préemballé, à cuire",283.0,16.9,9.06,,1.01,0.079,,,,26.2,2.92,1.18,6.08,1.05,74.8,,0.48,,,,,,,412.0,,,,,,,,,,,,,,,,48.2,0.28,,0.63,0.69,1.33,0.3,,0.0,0.0
25401,"Feuilleté ou friand au fromage, préemballé, cuit",302.0,17.1,10.2,4.33,0.93,0.09,0.01,0.01,16.7,28.1,3.86,1.3,8.25,1.58,119.0,0.11,1.4,12.4,14.9,0.22,129.0,139.0,,632.0,0.54,167.0,80.0,1.1,0.0,,,,0.04,0.16,,,0.06,,0.0,46.1,0.41,0.1,0.36,1.61,1.48,0.1,24.2,0.0,0.0
25151,"Feuilleté ou friand au poisson et/ou fruits de mer, préemballé, à cuire",260.0,13.0,9.7,2.21,0.67,0.19,0.032,0.032,59.2,27.9,4.3,2.9,6.55,1.02,39.4,0.1,0.4,50.0,20.4,0.2,66.0,212.0,13.0,406.0,0.42,86.0,280.0,2.5,,,,0.0,0.087,0.069,2.9,0.35,0.22,16.0,0.77,48.3,,,,,,,18.3,0.0,0.0
25399,"Feuilleté ou friand aux escargots, préemballé",321.0,22.1,13.2,,,,,,,23.1,1.09,1.74,6.69,1.17,,,,,,,,,,491.0,,,,,,,,,,,,,,,,,,,,,,,,0.0,0.0
25508,"Feuilleté ou friand jambon fromage, fait maison",338.0,20.3,10.4,,,,,,23.6,29.4,2.94,1.37,8.76,1.09,115.0,0.075,0.43,11.5,14.6,0.17,114.0,126.0,2.29,498.0,0.77,131.0,73.7,1.05,2.1,,,0.95,0.099,0.1,0.78,0.29,0.078,7.29,0.29,38.1,,,,,,,24.1,0.0,0.0
25396,"Feuilleté ou friand jambon fromage, préemballé",278.0,16.7,10.8,3.26,0.55,0.095,0.0087,0.00067,,22.7,3.65,1.9,8.46,1.29,,,,,,,,,,512.0,,,,,,,,,,,,,,,,48.7,0.1,,0.19,0.17,1.2,0.15,,0.0,0.0
25578,Feuilleté ou friand salé (aliment moyen),311.0,18.2,10.1,4.89,1.22,0.14,0.0084,0.0085,44.5,27.5,2.86,1.63,8.43,1.4,83.3,0.089,1.24,15.6,17.4,0.19,83.6,177.0,,566.0,0.98,,,,,,,,,,,,,,,43.3,0.37,,0.46,0.89,1.01,0.21,23.9,0.0,0.0
20517,"Fève à écosser, fraîche, crue",61.5,0.67,0.13,,,,0.0,0.0,0.0,4.2,0.37,5.85,6.76,0.094,29.5,0.24,1.73,,35.5,0.49,112.0,291.0,0.6,37.5,0.79,0.0,196.0,0.0,,40.9,,18.4,0.15,0.2,1.87,0.16,0.071,,0.0,76.8,,,,,,,3.83,,0.0
20500,"Fève, bouillie/cuite à l'eau",83.3,0.8,0.16,0.08,0.45,0.04,0.01,0.01,0.0,9.35,0.4,3.1,8.06,0.025,37.0,0.31,1.5,20.0,37.0,0.31,160.0,200.0,20.0,10.0,1.0,0.0,206.0,0.0,0.02,5.52,,0.5,0.043,0.064,0.69,0.12,0.037,,0.0,77.9,0.2,,0.2,0.2,0.2,0.4,7.6,0.5,0.0
20543,"Fève, fraîche, surgelée, bouillie/cuite à l'eau",63.6,0.5,0.01,0.01,0.01,0.01,0.01,0.01,0.0,7.4,1.0,5.8,5.6,0.02,61.0,0.21,0.93,20.0,26.0,0.23,88.0,150.0,20.0,8.0,0.55,0.0,102.0,0.25,0.02,4.16,,0.5,0.061,0.055,0.98,0.13,0.038,,,80.5,0.2,,0.2,0.2,0.2,1.0,6.4,,0.0
20542,"Fève, pelée, fraîche, surgelée, bouillie/cuite à l'eau",71.9,0.5,0.11,0.08,0.26,0.02,0.01,0.01,0.0,9.0,0.2,2.9,6.4,0.018,31.0,0.17,1.3,20.0,22.0,0.18,97.0,97.0,20.0,7.2,0.62,0.0,83.6,0.25,0.02,3.2,,0.5,0.043,0.038,0.57,0.28,0.042,,,80.7,0.2,,0.2,0.2,0.2,0.2,8.6,,0.0
20541,"Fève, pelée, fraîche, surgelée, crue",99.3,0.26,0.1,,,,0.0,0.0,0.0,12.2,2.08,5.05,9.55,0.03,,,,,,,,,,15.0,,0.0,,,,,,,,,,,,,,75.8,,,,,,,,,0.0
20518,"Fève, sèche",301.0,1.53,0.25,,,,0.0,0.0,0.0,33.3,5.7,25.0,26.1,0.033,103.0,0.82,6.7,,192.0,1.63,421.0,1060.0,,13.0,3.14,0.0,32.0,0.0,,9.0,,1.4,0.56,0.33,2.83,0.98,0.37,,0.0,11.0,,,,,,,,,0.0
26256,"Ficelle picarde, préemballée",151.0,7.5,2.8,,,,,,,11.9,2.7,0.6,8.6,0.75,,,,,,,,,,,,,,,,,,,,,,,,,,,,,,,,,,0.0,0.0
13063,"Figue de Barbarie, chair et peau, avec pépins, crue",51.5,0.11,0.01,,,,0.0,0.0,0.0,9.79,1.02,5.3,0.12,0.01,180.0,0.019,0.2,1.5,69.0,0.58,11.0,130.0,,4.0,0.14,0.0,60.0,0.0,0.01,2.9,0.0,11.0,0.008,0.032,0.29,,0.079,,0.0,83.0,0.21,0.0,0.44,0.0,0.0,0.38,,,0.0
13012,"Figue, crue",67.6,0.5,0.01,0.01,0.01,0.01,0.01,0.01,0.0,13.5,12.2,4.1,1.19,0.013,57.0,0.08,0.27,20.0,22.0,0.06,21.0,230.0,20.0,5.0,0.16,0.0,73.6,0.0,0.11,5.22,,0.5,0.015,0.01,0.37,0.15,0.059,6.0,0.0,80.2,6.2,,6.0,0.2,0.2,0.2,0.35,0.5,0.0
13013,"Figue, sèche",261.0,1.22,0.57,0.16,0.22,0.02,0.0,0.0,0.0,55.0,48.4,8.15,2.9,0.22,167.0,0.27,2.03,2.55,52.5,0.4,67.0,680.0,2.2,86.3,0.51,0.0,6.0,0.0,0.35,15.6,,1.2,0.085,0.082,0.62,0.43,0.11,9.0,0.0,30.1,22.9,,24.8,0.0,0.0,0.07,5.07,,0.0
28727,Filet de bacon,118.0,2.6,1.07,0.97,0.28,0.019,0.01,0.01,47.2,0.7,0.2,0.0,23.1,3.18,3.8,0.03,0.4,20.0,23.0,0.01,190.0,470.0,20.0,1270.0,1.4,21.0,0.0,0.25,0.43,0.8,,6.55,0.6,0.082,6.53,0.93,0.34,49.1,0.38,70.1,0.2,,0.2,0.2,0.2,0.2,0.0,0.0,0.0
1030,"Fines tranches végétales, préemballées",242.0,11.1,0.89,8.77,0.74,0.04,0.01,0.01,,4.13,0.93,3.2,29.7,1.62,32.0,0.26,1.4,20.0,24.0,0.75,87.0,100.0,20.0,646.0,1.8,,5.0,0.25,,0.8,,0.5,0.088,0.098,0.9,0.4,0.027,27.7,,50.2,0.11,0.1,0.1,0.1,0.72,0.1,1.5,0.0,0.0
25550,"Flammenkueche ou tarte flambée aux lardons, préemballée",300.0,14.8,6.27,4.77,1.85,0.26,0.01,0.01,14.2,31.8,4.15,1.7,8.81,1.64,52.0,0.1,0.6,7.0,19.4,0.2,102.0,230.0,5.0,654.0,0.8,26.0,8.0,0.5,,,,0.8,0.19,0.1,1.75,0.43,0.21,20.0,0.44,40.3,0.27,0.1,0.55,1.41,1.73,0.19,26.3,0.0,0.0
19674,"Flan aux oeufs, rayon frais",113.0,2.74,1.52,0.57,0.15,0.01,0.01,0.01,,17.7,16.0,0.38,4.23,0.15,86.3,0.023,0.35,,12.9,0.048,,150.0,10.0,56.0,0.51,,6.0,,0.22,0.2,,,,0.14,,,,10.0,0.39,74.1,0.1,0.1,0.27,3.19,0.1,12.5,1.1,0.0,0.0
8297,Flan de légumes aux oeufs,210.0,18.6,10.8,4.62,0.83,0.1,0.01,0.03,153.0,4.13,2.06,2.3,5.38,0.89,72.0,0.06,0.75,20.0,12.0,0.09,100.0,200.0,20.0,354.0,0.58,156.0,1790.0,0.5,,44.3,,0.5,0.1,0.18,0.7,0.44,0.073,51.4,0.6,68.0,0.49,0.1,0.46,1.01,0.1,0.1,1.5,0.0,0.0
23525,Flan pâtissier aux oeufs ou à la parisienne,211.0,6.85,4.08,2.38,0.32,0.061,0.01,0.01,53.4,33.2,17.5,0.48,3.97,0.2,72.0,0.02,0.35,20.0,9.0,0.06,73.0,120.0,20.0,94.0,0.39,75.4,118.0,0.25,,1.16,,0.5,0.027,0.59,0.1,0.37,0.02,33.8,0.13,54.6,0.1,0.1,0.11,2.65,0.48,14.2,10.8,0.0,0.0
26009,"Flétan de l'Atlantique ou flétan, cru",96.5,1.31,0.24,0.32,0.02,0.044,0.15,0.26,43.7,0.0,0.0,0.0,21.2,0.15,15.0,0.2,0.65,12.6,23.0,0.01,221.0,424.0,45.6,59.0,0.45,40.0,0.0,4.7,0.61,0.0,,0.0,0.05,0.063,4.9,0.28,0.38,12.0,0.96,76.8,,,,,,,0.0,0.0,0.0
26154,"Flétan du Groënland ou flétan noir ou flétan commun, cru",168.0,12.7,2.79,2.13,0.21,0.086,0.8,0.68,42.3,0.0,0.0,0.0,13.5,0.43,17.7,0.03,0.4,17.3,24.0,0.012,161.0,287.0,30.5,202.0,0.4,32.0,0.0,21.2,0.73,0.1,0.0,1.0,0.06,0.08,1.5,0.25,0.43,6.5,1.0,72.3,,,,,,,0.0,0.0,0.0
26247,"Flétan du Groënland ou flétan noir ou flétan commun, cuit à la vapeur",179.0,11.6,2.07,1.81,0.1,0.031,0.34,0.34,68.1,1.28,0.0,0.0,17.3,0.36,8.6,0.02,0.07,20.0,21.0,0.01,160.0,240.0,60.0,143.0,0.36,21.0,,4.36,,0.8,,,0.03,0.02,0.66,0.16,0.041,5.0,0.69,68.8,,,,,,,0.0,0.0,0.0
11082,"Fleur de sel, non iodée, non fluorée",0.0,0.0,0.0,0.0,0.0,0.0,0.0,0.0,0.0,0.0,0.0,0.0,0.0,94.3,171.0,,,,424.0,,,103.0,,37700.0,,0.0,,,,,,,,,,,,,,3.75,,,,,,,0.0,0.0,0.0
32140,Flocons d'avoine,369.0,7.82,1.37,3.46,2.92,0.065,0.0,0.0,0.0,57.7,1.04,11.2,10.6,0.011,52.0,0.35,3.8,0.5,101.0,2.68,390.0,362.0,3.35,4.0,2.6,0.0,0.0,0.0,,2.0,,0.0,0.2,0.16,1.13,1.12,0.1,,0.0,11.0,0.2,0.0,0.2,0.2,0.2,1.04,56.6,0.0,0.0
9313,Flocons d'avoine bouillis/cuits à l'eau,69.1,1.52,0.31,0.42,0.54,0.018,0.0,0.0,0.0,10.3,0.23,1.7,2.54,0.01,9.0,0.074,0.9,0.3,27.0,0.58,77.0,70.0,,4.0,1.0,0.0,0.0,0.0,,0.3,,0.0,0.076,0.016,0.23,0.31,0.005,6.0,0.0,83.6,0.0,0.017,0.0,0.0,0.0,0.22,10.1,0.0,0.0
4016,"Flocons de pomme de terre, au lait ou à la crème, déshydratés",376.0,3.97,3.39,0.58,0.096,0.036,0.0,0.0,,71.0,6.0,8.0,10.1,0.18,73.0,0.4,2.03,2.11,69.5,0.33,238.0,1650.0,1.6,71.0,1.13,,,,1.0,,,22.3,,0.24,6.35,1.31,1.03,,,5.92,,,,,,,65.0,0.0,0.0
4022,"Flocons de pomme de terre, nature, déshydratés",346.0,0.41,0.17,0.006,0.13,0.016,0.0,0.0,0.0,73.5,2.35,8.05,8.0,0.55,27.0,0.16,1.21,0.5,66.0,0.16,156.0,1100.0,13.4,220.0,0.7,0.0,6.0,0.0,,8.7,,31.0,0.99,0.11,6.26,2.08,0.75,46.0,0.0,6.58,0.68,0.0,0.62,0.0,0.35,0.69,70.6,0.0,0.0
24056,Florentin (biscuit sec au chocolat et aux amandes),514.0,28.7,10.8,10.4,3.73,0.36,0.01,0.02,21.4,50.7,44.1,7.6,9.31,0.13,120.0,0.44,2.5,,84.0,0.98,180.0,320.0,20.0,52.0,1.1,32.2,18.5,1.01,,4.28,,0.5,0.046,0.095,0.47,0.38,0.044,16.9,0.28,2.0,2.28,0.1,4.41,2.61,3.55,31.2,1.7,0.0,0.0
7811,"Focaccia, garnie",233.0,8.75,1.75,,,,,,,29.5,4.25,2.25,8.0,1.45,,,,,,,,,,585.0,,,,,,,,,,,,,,,,,,,,,,,,0.0,0.0
26142,"Foie de morue, appertisé, égoutté",433.0,44.4,6.87,8.65,0.56,0.28,3.08,4.06,186.0,1.0,0.0,0.0,7.25,1.12,10.0,0.4,2.1,105.0,10.3,0.1,145.0,130.0,107.0,446.0,2.0,4170.0,,54.3,4.96,,,4.0,0.04,0.6,3.28,0.54,0.15,188.0,14.4,45.7,0.0,,0.0,0.0,0.0,0.0,,0.0,0.0
26141,"Foie de morue, cru",623.0,66.6,14.0,15.1,1.12,0.79,6.41,4.76,,1.0,0.0,0.0,5.0,1.47,10.0,0.66,4.0,500.0,8.0,,100.0,130.0,63.5,589.0,1.94,5100.0,,100.0,,,,4.0,0.1,0.65,2.5,0.64,0.15,300.0,10.0,26.8,,,,,,,0.0,0.0,0.0
8331,"Foie gras, canard, bloc (aliment moyen)",488.0,50.1,21.6,,0.61,0.053,0.0,,,2.19,1.41,0.0,6.88,1.29,,,2.1,,,,,,,514.0,,,,,,,,,,,,,,,,39.1,0.3,,0.6,,0.3,0.3,,0.0,0.0
8324,"Foie gras, canard, bloc, 30% de morceaux",488.0,50.1,21.6,,0.61,0.053,0.0,,,2.19,1.41,0.0,6.88,1.29,,,2.1,,,,,,44.0,514.0,,,,,,,,,,,,,,60.0,9.4,39.1,0.3,,0.6,,0.3,0.3,,0.0,0.0
8325,"Foie gras, canard, bloc, 50% de morceaux",488.0,49.5,21.2,,,,0.0,,,4.28,1.2,0.0,6.39,1.29,,,2.1,,,,,,44.0,516.0,,,,,,,,,,,,,,60.0,9.4,38.5,,,,,,,,0.0,0.0
8323,"Foie gras, canard, bloc, sans morceaux",478.0,50.0,19.7,,,,0.0,,395.0,1.09,1.09,0.35,5.75,1.14,1.7,0.8,5.2,2.0,8.4,0.1,109.0,130.0,,457.0,1.2,1430.0,0.0,2.75,2.4,,,14.7,0.1,0.57,5.8,2.15,0.95,142.0,4.55,40.8,,,,,,,0.0,0.0,0.0
8328,"Foie gras, canard, cru",600.0,63.4,28.1,,,,0.0,,,1.41,1.14,0.0,5.94,0.52,10.0,,6.4,,,,,,,385.0,,,,,,,,,,,,,,,,,,,,,,,,0.0,0.0
8321,"Foie gras, canard, entier, cuit",526.0,54.6,23.0,,0.61,0.06,0.0,,1040.0,0.026,0.026,0.35,8.41,1.11,5.68,0.91,4.13,,9.33,0.11,,135.0,12.3,440.0,1.19,5400.0,,0.2,,,,31.0,,,,,0.3,60.0,15.0,35.1,0.3,,0.019,0.3,0.3,0.0063,,0.0,0.0
40102,"Foie, agneau, cru",137.0,5.45,1.45,0.54,0.36,0.029,,,371.0,0.16,0.16,0.0,21.8,0.14,7.0,6.98,6.43,4.0,19.0,0.18,364.0,313.0,48.7,57.4,4.0,435.0,72.0,0.45,0.69,1.0,5.0,4.0,0.34,3.63,18.0,6.13,0.37,230.0,95.8,71.2,,,,,,,0.0,0.0,0.0
40103,"Foie, agneau, cuit",162.0,5.8,1.81,,,,0.0,0.0,235.0,4.37,,0.0,23.0,0.31,9.0,9.83,4.1,5.0,23.0,0.59,427.0,352.0,,124.0,4.7,7780.0,,0.51,0.38,1.6,3.55,17.6,0.46,4.59,18.5,12.6,0.54,457.0,60.0,65.0,,,,,,,0.0,0.0,0.0
40121,"Foie, canard, cru",131.0,4.64,1.44,0.65,0.37,0.0,0.0,0.0,515.0,3.52,,0.0,18.7,0.35,11.0,5.96,30.5,,24.0,0.26,269.0,230.0,124.0,140.0,3.07,12000.0,,,,,,4.5,0.56,0.89,6.5,6.18,0.76,738.0,54.0,71.8,,,,,,,0.0,0.0,0.0
40115,"Foie, dinde, cru",123.0,5.5,1.66,0.71,1.12,0.038,0.009,0.045,415.0,0.0,0.0,0.0,18.3,0.33,20.0,0.86,8.94,,24.0,0.3,279.0,214.0,68.7,131.0,3.37,8060.0,29.0,1.3,0.24,0.0,,24.5,0.21,2.25,11.2,6.28,1.04,677.0,19.7,75.5,,,,,,,0.0,0.0,0.0
40118,"Foie, dinde, cuit",182.0,8.18,2.3,0.91,1.45,0.033,0.016,0.053,648.0,0.0,0.0,0.0,27.0,0.25,19.0,1.05,1.79,,26.0,0.33,312.0,153.0,102.3,98.0,4.53,10800.0,0.0,,0.15,0.0,,22.6,0.26,2.69,11.1,4.35,0.88,691.0,28.2,64.0,,,,,,,0.0,0.0,0.0
40104,"Foie, génisse, cru",136.0,4.3,1.66,0.32,0.31,0.007,0.0,0.11,275.0,3.33,0.0,0.0,21.0,0.15,6.48,6.22,5.92,6.77,17.8,0.35,359.0,307.0,39.3,59.9,3.57,6350.0,995.0,0.76,0.38,29.0,4.17,27.0,0.22,3.01,15.4,7.66,0.52,700.0,95.6,70.0,,,,,,,0.0,0.0,0.0
40105,"Foie, génisse, cuit",165.0,5.71,1.69,0.63,0.3,0.032,0.021,0.02,204.0,2.2,0.0,0.0,26.3,0.19,6.14,3.46,5.8,5.0,17.8,0.32,485.0,351.0,2.2,77.0,3.82,7730.0,182.0,0.51,0.51,3.9,1.15,20.0,0.33,3.43,18.0,8.5,1.4,536.0,83.1,64.1,,,,,,,0.0,0.0,0.0
40110,"Foie, lapin, cru",134.0,4.0,1.09,,,,,,263.0,5.39,3.75,0.0,19.0,0.17,12.3,0.81,6.61,2.69,24.2,0.14,241.0,335.0,75.1,69.5,2.04,4530.0,140.0,,0.13,,,9.0,0.31,0.5,5.7,,0.5,5.0,,70.8,,,,,,,0.0,0.0,0.0
40120,"Foie, oie, cru",129.0,4.28,1.59,0.74,0.18,0.01,0.0,0.0,515.0,6.32,,0.0,16.4,0.35,43.0,7.52,30.5,2.9,24.0,0.0,261.0,230.0,61.0,140.0,3.07,9310.0,,,,10.9,369.0,4.5,0.56,0.89,6.5,6.18,0.76,738.0,54.0,71.8,,,,,,,0.0,0.0,0.0
40119,"Foie, porc, cru",124.0,4.2,1.66,0.52,0.3,0.0,0.0,0.019,301.0,1.06,1.06,0.0,20.6,0.34,9.0,0.68,23.3,6.7,18.0,0.34,288.0,273.0,43.5,137.0,5.76,6500.0,0.0,1.05,,10.5,3.44,25.3,0.28,3.01,15.3,6.65,0.69,212.0,26.0,72.7,,,,,,,0.0,0.0,0.0
40113,"Foie, porc, cuit",159.0,4.4,1.41,,,,0.0,0.03,355.0,3.76,,0.0,26.0,0.12,10.0,0.63,17.9,,14.0,0.3,241.0,150.0,67.5,49.0,6.72,5410.0,,,,,,23.6,0.26,2.2,8.44,4.77,0.57,163.0,18.7,64.3,,,,,,,0.0,0.0,0.0
40111,"Foie, poulet, cru",114.0,4.83,1.56,0.66,0.48,0.006,0.0,0.0,345.0,0.73,0.0,0.0,16.9,0.18,8.0,0.49,8.99,2.7,19.0,0.26,297.0,230.0,56.9,71.0,2.67,3290.0,56.0,0.25,0.7,0.0,,17.9,0.31,1.78,9.73,6.23,0.85,588.0,16.6,76.5,0.0,0.0,0.0,,,,0.0,0.0,0.0
40116,"Foie, poulet, cuit",160.0,6.51,2.06,,0.72,0.012,0.0,0.0,563.0,0.86,0.0,0.0,24.5,0.19,11.0,0.5,11.6,5.0,25.0,0.36,405.0,263.0,82.4,76.0,3.98,3980.0,30.0,0.0,0.82,0.0,9.65,27.9,0.29,1.99,11.0,6.67,0.76,578.0,16.9,66.8,,,,,,,0.0,0.0,0.0
40106,"Foie, veau, cru",120.0,3.4,1.31,0.57,0.63,0.05,0.02,0.06,286.0,5.64,0.0,0.0,15.5,0.16,4.9,22.0,4.6,20.0,18.0,0.13,280.0,320.0,40.0,62.7,5.3,13800.0,11.0,0.62,0.37,0.8,,9.75,0.14,0.67,17.1,3.13,0.5,1180.0,46.5,71.6,,,,,,,0.0,0.0,0.0
40107,"Foie, veau, cuit",140.0,3.02,0.98,0.0,0.0,0.0,0.0,0.0,288.0,9.23,,0.0,19.0,0.21,9.0,20.1,4.5,5.0,28.3,,302.0,450.0,40.9,89.0,4.6,10500.0,,2.52,0.71,,,13.2,0.15,1.72,18.8,1.81,1.03,592.0,52.6,67.7,,,,,,,0.0,0.0,0.0
40108,"Foie, volaille, cru",134.0,4.75,1.5,,,,,,,1.25,0.0,0.0,21.5,0.22,12.0,,9.0,,,,,,54.6,86.0,,,56.0,0.0,0.7,0.0,,25.0,,,,,,588.0,16.58,,,,,,,,0.0,0.0,0.0
40109,"Foie, volaille, cuit",164.0,6.4,2.5,1.46,1.14,0.05,0.02,0.08,478.0,0.0,,0.0,25.8,0.25,6.6,0.51,12.0,20.0,24.0,0.37,380.0,340.0,90.0,99.0,3.9,18700.0,30.0,1.29,0.82,3.2,,0.5,0.28,1.4,32.6,8.77,0.59,1440.0,50.5,65.4,,,,,,,0.0,0.0,0.0
11169,"Fond de veau pour sauces et cuisson, déshydraté",343.0,7.4,3.22,2.45,0.87,0.11,0.0035,0.0035,18.2,59.5,22.3,2.1,8.5,16.7,39.0,0.06,0.68,20.0,30.0,0.16,170.0,450.0,50.0,6660.0,1.1,21.0,,0.5,,1.4,,,2.19,0.29,4.23,0.87,0.13,223.0,0.55,4.2,,,0.7,,21.3,0.4,26.9,0.0,0.0
11304,"Fond de veau, préemballé",40.9,2.05,1.0,,,,,,,2.4,0.7,0.1,3.15,1.1,,,,,,,,,,340.0,,,,,,,,,,,,,,,,,,,,,,,,0.0,0.0
11171,"Fond de volaille pour sauces et cuisson, déshydraté",336.0,4.5,1.84,,,0.1,,,,63.0,24.0,1.5,10.0,13.5,,,,,,,,,,5400.0,,,,,,,,,,,,,,,,,,,1.4,,1.7,0.4,,0.0,0.0
39233,"Fondant au chocolat noir et crème anglaise, rayon frais",211.0,13.0,8.0,,,,,,,19.0,14.0,,4.5,0.1,,,,,,,,,,,,,,,,,,,,,,,,,,61.4,0.1,,0.1,2.09,0.1,11.9,,0.0,0.0
20135,"Fondue de poireau, préemballée",58.4,5.2,3.6,,,,0.0,0.0,,,,3.6,1.1,0.5,,,,,,,,,,200.0,,0.0,,,,,,,,,,,,,,,,,,,,,,,0.0
12121,Fontina,384.0,31.1,19.2,,,,0.0,0.0,116.0,0.8,0.0,0.0,25.6,2.0,550.0,0.025,0.23,,14.0,0.014,346.0,64.0,14.5,800.0,3.5,258.0,32.0,0.6,0.27,2.6,,0.0,0.021,0.2,0.15,0.43,0.083,6.0,1.68,37.9,,,,,,,0.0,0.0,0.0
23006,"Forêt noire, pâtisserie type génoise au chocolat et crème multi-couches, avec ou sans cerises",317.0,14.8,9.71,4.32,0.46,0.067,0.01,0.01,61.7,39.1,26.4,1.85,3.66,0.17,53.0,0.24,2.7,20.0,32.0,0.3,98.0,190.0,20.0,69.0,0.59,83.7,55.2,0.25,,3.13,,0.5,0.026,0.075,0.1,0.33,0.013,48.2,0.23,38.3,2.77,,3.84,1.43,1.25,17.1,4.5,0.0,1.2
7812,"Fougasse, garnie",320.0,11.8,2.74,,,,,,8.9,42.1,1.6,3.2,9.53,1.78,76.6,0.11,1.24,18.0,23.7,0.39,88.9,177.0,4.51,711.0,0.95,0.0,21.0,0.0,1.22,,,0.1,0.12,0.061,1.38,0.31,0.1,16.8,0.074,34.1,,,,,,,40.5,0.0,0.0
12522,Fourme d'Ambert,339.0,28.4,16.3,5.02,0.33,0.15,0.015,0.013,91.8,0.0,0.0,0.0,20.6,2.2,591.0,0.036,0.25,13.0,23.3,0.028,429.0,107.0,7.6,881.0,2.8,286.0,109.0,0.6,0.25,2.5,20.0,,0.05,0.51,0.27,0.48,0.13,36.0,0.83,46.6,0.01,0.01,0.01,0.01,0.01,0.01,0.0,0.0,0.0
12519,Fourme de Montbrison,365.0,30.8,20.5,5.45,0.39,0.16,0.019,,,0.0,0.0,0.0,22.5,1.63,,,,,,,,,14.5,652.0,,,74.0,0.5,0.25,2.4,,,,,,,,36.0,1.22,42.8,,0.0,0.0,0.0,,,0.0,0.0,0.0
13014,"Fraise, crue",35.1,0.5,0.01,0.01,0.01,0.01,0.01,0.01,0.0,6.03,5.6,3.8,0.63,0.013,18.0,0.02,0.19,20.0,12.0,0.26,23.0,140.0,20.0,5.0,0.11,0.0,5.0,0.0,0.29,0.8,,54.0,0.015,0.01,0.21,0.13,0.04,24.0,0.0,90.3,3.3,0.0,2.3,0.2,0.2,0.2,0.35,0.5,0.0
23009,Fraisier ou framboisier,221.0,12.0,7.5,3.4,,0.056,0.0055,,61.0,25.0,21.0,1.5,2.6,0.14,57.1,1.0,1.0,10.0,16.9,1.0,76.0,105.0,15.1,61.7,1.0,89.0,50.0,0.2,,,,4.3,0.05,0.47,0.05,0.32,0.05,78.1,0.45,,8.3,,7.8,0.5,0.5,0.5,3.3,,0.0
13015,"Framboise, crue",47.9,0.8,0.13,0.16,0.27,0.16,0.01,0.01,0.0,5.83,5.4,4.3,1.19,0.013,16.0,0.04,0.4,20.0,20.0,0.44,29.0,170.0,20.0,5.0,0.24,0.0,100.0,0.0,0.87,5.02,,18.7,0.015,0.02,0.35,0.85,0.032,21.0,0.0,86.8,2.8,0.0,2.1,0.2,0.2,0.5,0.35,0.5,0.0
13136,"Framboise, surgelée, crue",36.5,0.5,0.048,0.048,0.22,0.19,0.0,0.0,0.0,7.0,7.0,6.5,1.0,0.0075,29.9,0.11,0.78,0.4,17.0,1.2,38.0,228.0,0.19,3.0,0.34,0.0,10.0,0.0,0.75,,,24.5,0.03,0.05,0.5,0.24,0.09,28.0,0.0,85.9,1.22,,0.75,,0.0,0.08,,,0.0
51510,"Frik (blé dur immature concassé), cru",323.0,2.25,,,,,0.0,0.0,0.0,55.8,0.0,19.3,9.62,0.011,50.3,1.0,5.2,10.0,114.0,3.6,321.0,512.0,5.0,4.2,3.6,0.0,50.0,,,,,,0.24,0.09,3.49,0.82,0.14,,,11.3,0.5,,0.5,0.5,0.5,0.5,30.2,0.0,0.0
51511,"Frik (blé dur immature concassé), cuit, sans sel ajouté",76.0,0.48,,,,,0.0,0.0,0.0,14.0,0.0,3.5,2.04,0.005,19.6,1.0,1.0,10.0,30.4,1.0,55.0,95.5,5.0,2.0,1.0,0.0,50.0,,,,,,0.05,0.05,1.6,0.24,0.06,,,79.6,0.5,,0.5,0.5,0.5,0.5,12.1,0.0,0.0
4032,"Frites de pommes de terre, surgelées, cuites en friteuse",258.0,11.9,2.86,4.43,1.82,0.056,0.0,0.0,0.0,32.7,0.61,3.9,3.28,0.073,23.8,0.12,0.9,5.0,23.3,0.16,106.0,684.0,2.2,29.0,0.36,2.0,3.0,0.0,5.03,11.2,,19.0,0.11,0.059,2.57,0.43,0.37,32.3,0.04,48.7,,,,,,0.44,32.1,0.0,0.0
4044,"Frites de pommes de terre, surgelées, préfrites, pour cuisson au four",142.0,4.73,0.65,,2.06,0.01,0.005,0.005,,21.0,0.38,2.77,2.38,0.36,,,,,,,,,,109.0,,,,,,,,,,,,,,,,67.9,0.3,,0.3,,0.3,0.3,,0.0,0.0
4046,"Frites de pommes de terre, surgelées, préfrites, pour cuisson en friteuse",244.0,12.1,4.09,,,,0.0,0.0,,29.1,0.48,3.39,3.12,0.12,20.0,,1.8,,,,,,,57.9,,,,,,,,6.0,,,,,,,,,,,,,,,,0.0,0.0
4045,"Frites de pommes de terre, surgelées, préfrites, pour cuisson micro-onde",223.0,10.2,1.09,,4.2,0.013,0.0083,0.0083,,27.2,0.42,4.39,3.26,0.23,,,,,,,,,,160.0,,,,,,,,,,,,,,,,53.5,0.3,,0.3,,0.3,0.19,,0.0,0.0
4030,"Frites de pommes de terre, surgelées, rôties/cuites au four",213.0,6.6,0.75,2.16,3.28,0.02,0.01,0.01,0.7,32.6,0.2,4.2,3.75,0.39,11.0,0.11,0.67,20.0,29.0,0.15,81.0,590.0,20.0,156.0,0.45,21.0,5.0,0.5,,0.8,,2.38,0.097,0.018,1.15,0.52,0.52,40.6,0.0,51.1,0.2,0.0,0.2,0.2,0.2,0.4,30.6,0.0,0.0
12999,Fromage (aliment moyen),324.0,26.3,18.0,4.81,0.39,0.14,0.012,0.0097,89.6,0.71,0.42,0.015,21.1,1.44,553.0,0.12,0.23,24.0,25.3,0.025,416.0,129.0,7.44,576.0,2.63,211.0,,0.35,,,,,0.032,0.43,1.56,0.49,0.14,53.7,1.32,48.2,0.073,0.07,0.067,0.44,0.15,0.074,0.0025,0.0,0.0
12111,Fromage à effilocher ou à dérouler,307.0,22.4,13.7,,0.3,0.14,0.016,0.06,64.2,2.68,0.93,0.0,23.8,1.66,883.0,0.025,0.25,31.3,34.1,0.029,550.0,58.6,9.5,664.0,3.6,253.0,68.0,5.55,0.19,2.0,20.0,,0.02,0.19,0.2,0.09,0.04,7.0,1.0,46.5,0.01,0.061,0.015,0.85,0.01,0.01,0.0,0.0,0.0
12004,"Fromage à pâte molle et croûte fleurie, allégé en matière grasse (type camembert)",178.0,9.3,6.8,1.36,0.13,0.02,0.01,0.01,40.5,1.07,0.0,0.0,22.6,1.44,521.0,0.11,0.13,22.3,24.0,,363.0,115.0,6.0,576.0,2.8,71.0,,,0.17,,,,,0.57,0.81,0.26,0.16,56.9,0.96,63.7,0.1,0.1,0.1,0.1,0.1,0.1,0.0,0.0,0.0
12008,"Fromage à pâte molle et croûte fleurie, double crème environ 30% MG",346.0,30.9,21.2,5.59,0.42,0.15,,,79.5,0.64,0.38,0.041,16.6,1.37,388.0,0.1,0.25,18.7,17.3,0.1,277.0,112.0,3.5,558.0,1.02,296.0,9.0,0.36,0.24,0.0,,0.0,0.04,0.22,0.1,0.27,0.055,44.3,0.75,51.2,0.2,,,0.2,0.2,,0.0,0.0,0.0
12003,"Fromage à pâte molle et croûte fleurie, non allégé en matière grasse (type camembert)",271.0,21.5,14.8,,,,,,,0.0,0.0,0.0,19.7,1.58,,,,,,,,,14.5,,,,12.0,0.4,0.21,2.0,,,,,,,,62.0,1.3,,,,,,,,0.0,0.0,0.0
12034,Fromage à pâte molle et croûte lavée (aliment moyen),313.0,25.9,17.8,4.8,0.4,0.13,0.0043,0.0058,93.8,0.42,0.37,0.087,20.0,1.77,450.0,0.042,0.26,26.2,26.0,0.015,427.0,121.0,6.65,668.0,4.3,254.0,65.2,0.41,0.23,1.88,,,0.011,0.51,0.24,0.61,0.077,63.5,1.79,50.3,0.21,,0.13,0.18,0.21,0.21,0.0,0.0,0.0
12035,"Fromage à pâte molle et croûte lavée, allégé en matière grasse",200.0,12.4,8.08,2.84,,,,,43.0,1.0,,0.0,21.6,1.63,420.0,,,31.5,19.0,,268.0,94.0,14.5,650.0,,132.0,15.0,15.0,0.23,2.3,,,,0.39,,,,58.0,2.6,61.5,,,,,,,0.0,0.0,0.0
12041,"Fromage à pâte molle et croûte lavée, non allégé en matière grasse",311.0,25.7,17.4,4.91,0.35,0.11,0.01,0.01,65.2,0.0,0.0,0.0,20.3,1.57,520.0,,0.27,,18.1,,357.0,99.3,14.5,626.0,,194.0,15.0,0.95,0.23,2.3,,,,0.43,,,,58.0,1.3,51.8,0.1,0.1,0.1,0.1,0.1,0.1,0.0,0.0,0.0
12050,Fromage à pâte molle et croûte mixte (lavée et fleurie) colorée,336.0,29.0,19.5,,,,,,68.0,1.0,1.0,0.0,18.2,,450.0,,0.2,,,,338.0,,14.5,,,,13.0,0.6,0.26,2.5,,,,4.2,,,,40.0,0.88,47.8,,,,,,,0.0,0.0,0.0
12015,"Fromage à pâte molle type carré ou brique, à croûte fleurie, non allégé en matière grasse",330.0,28.8,18.7,,0.4,0.14,0.014,0.014,86.5,0.0,0.0,0.05,17.8,1.31,448.0,0.028,0.25,18.6,19.5,0.02,333.0,108.0,8.4,524.0,2.5,241.0,114.0,0.6,0.24,1.2,20.0,,0.04,0.42,0.35,0.35,0.12,65.0,1.2,49.9,0.01,,,0.01,0.01,0.01,0.0,0.0,0.0
12033,"Fromage à pâte molle, triple crème, environ 38% MG",380.0,37.2,25.8,8.39,0.49,0.26,0.0,0.0,122.0,1.05,0.85,0.0,10.5,1.04,415.0,0.07,0.3,18.7,6.0,0.035,140.0,119.0,3.2,400.0,0.54,314.0,9.0,0.36,0.24,0.0,,0.0,0.035,0.2,0.1,0.27,0.055,13.0,0.22,48.0,,,,,,,0.0,0.0,0.0
12100,Fromage à pâte pressée cuite (aliment moyen),396.0,31.6,20.7,5.72,0.45,0.2,0.017,,104.0,0.28,0.0031,0.0045,27.8,0.91,916.0,0.35,0.28,25.4,42.1,0.025,646.0,103.0,7.69,372.0,3.9,251.0,64.9,0.0,0.6,1.4,,,,0.36,,,,11.4,2.11,35.2,0.17,,0.17,0.15,0.17,0.17,0.01,0.0,0.0
12116,"Fromage à pâte pressée cuite type emmental ou emmenthal, allégé en matière grasse",258.0,15.2,10.4,,0.23,0.093,0.008,0.06,53.9,1.18,0.0,0.0,29.2,1.4,949.0,0.047,0.25,14.8,34.5,0.024,604.0,73.5,12.6,560.0,4.4,141.0,30.0,0.6,0.6,1.5,20.0,0.0,0.02,0.29,0.2,0.13,0.25,10.0,2.2,49.6,0.01,0.01,0.01,0.01,0.01,0.01,0.0,0.0,0.0
12816,Fromage à pâte pressée demi-cuite,359.0,28.8,19.4,,,,,,,0.0,0.1,0.0,25.6,1.58,833.0,,,,,,,,14.5,,,,33.0,0.6,0.28,2.7,,,,,,,,10.0,1.6,,,,,,,,0.0,0.0,0.0
12705,"Fromage à pâte pressée non cuite type maasdam, allégé en matière grasse",238.0,13.8,8.9,2.6,0.2,0.08,0.0068,0.0,45.3,0.8,0.0,0.0,28.2,2.06,717.0,0.086,0.21,24.4,31.6,0.059,568.0,76.3,9.63,824.0,4.23,117.0,10.0,0.16,0.24,0.0,,0.0,0.058,0.32,0.1,0.34,0.085,59.5,1.56,52.2,,,,,,,0.0,0.0,0.0
12741,"Fromage à pâte pressée non cuite type maasdam, non allégé en matière grasse",359.0,28.4,19.5,5.44,0.34,0.11,0.01,0.01,97.0,0.0,0.0,0.0,25.5,1.29,708.0,0.1,0.12,20.0,33.5,0.1,519.0,81.0,8.0,517.0,3.06,240.0,100.0,0.2,0.5,,,0.0,0.04,0.28,0.1,0.3,0.07,20.0,1.9,41.1,0.1,0.1,0.1,0.1,0.1,0.1,0.0,0.0,0.0
12721,"Fromage à pâte pressée non cuite, enrobé de cire, allégé en matière grasse",208.0,12.0,8.0,,,,,,,0.0,0.5,0.0,25.5,1.8,760.0,,,,,,,,14.5,,,,11.0,0.5,0.24,2.3,,,,,,,,16.0,1.54,56.4,,,,,,,0.0,0.0,0.0
12720,"Fromage à pâte pressée non cuite, enrobé de cire, non allégé en matière grasse",303.0,23.8,15.3,4.4,0.33,0.12,0.011,0.06,79.7,0.0,0.0,0.0,21.5,1.78,647.0,0.032,0.25,13.0,26.9,0.02,422.0,76.1,8.3,712.0,3.0,264.0,86.0,0.6,0.24,2.1,20.0,0.0,0.02,0.21,0.2,0.1,0.04,16.0,0.52,49.2,0.01,0.01,0.01,0.01,0.01,0.01,0.0,0.0,0.0
19650,"Fromage blanc et crème fouettée, nature",133.0,9.94,6.53,1.53,0.15,0.032,0.006,0.006,33.6,3.8,3.8,0.0,6.72,0.078,114.0,0.02,0.25,29.2,10.2,0.02,112.0,140.0,4.41,31.0,0.5,91.2,12.0,0.0,0.08,0.0,,2.0,0.02,0.23,0.1,0.34,0.04,12.0,0.31,78.3,0.08,,0.08,3.8,0.08,0.08,0.0,0.0,0.0
19643,"Fromage blanc et crème fouettée, sur lit de fruits, sucré",145.0,7.0,4.5,,,,,,,16.0,15.0,0.0,4.59,0.09,88.2,0.015,,,10.1,0.057,,,3.35,36.0,0.36,,12.0,0.1,0.08,0.0,,0.0,0.03,,,,0.04,32.0,0.43,72.1,0.7,,1.1,2.79,0.3,9.6,,0.0,0.0
12307,"Fromage blanc fondu en portion (carré ou bâtonnet), enrichi en vitamines",305.0,28.7,19.0,,0.41,0.16,0.016,0.06,83.9,3.39,2.47,0.5,8.38,1.27,170.0,0.02,0.25,13.5,10.4,0.02,292.0,101.0,5.2,506.0,1.5,370.0,107.0,0.65,0.19,2.0,20.0,,0.03,0.2,0.2,0.22,0.04,7.0,0.23,57.1,0.01,0.02,0.01,2.45,0.01,0.01,,0.0,0.0
12306,"Fromage blanc fondu en portion (carré), non enrichi en vitamines",305.0,28.6,18.9,,0.41,0.15,0.014,0.06,80.4,2.98,2.21,0.0001,8.77,1.34,573.0,0.02,0.25,13.0,9.31,0.02,537.0,82.8,4.9,535.0,1.0,319.0,112.0,0.6,0.19,2.0,20.0,,0.02,0.13,0.2,0.19,0.04,7.0,0.18,56.7,0.01,0.029,0.01,2.18,0.01,0.01,,0.0,0.0
19709,"Fromage blanc ou spécialité laitière, aromatisé, 0% MG, avec édulcorants, sans sucres ajoutés",45.6,0.0001,0.0001,,,,,,,3.9,3.5,0.0,7.66,0.1,,,,,,,,,9.7,,,,12.0,0.1,0.08,0.0,,,,,,,,12.0,0.43,,,,,,,,,0.0,0.0
19705,"Fromage blanc ou spécialité laitière, aromatisé, 0% MG, avec édulcorants, sucré",47.3,0.05,0.0001,,,,,,,6.0,5.2,0.2,5.72,0.13,,,,,,,,,9.7,,,,12.0,0.1,0.08,0.0,,,,,,,,12.0,0.43,,,,,,,,,0.0,0.0
19697,"Fromage blanc ou spécialité laitière, aromatisé, 0% MG, avec édulcorants, sucré, enrichi en vitamine D",53.7,0.1,0.055,,,,,,,6.7,6.3,0.0,6.64,0.12,120.0,,,,,,,,9.7,,,,12.0,1.5,0.08,0.0,,,,,,,,12.0,0.43,,,,,,,,,0.0,0.0
19714,"Fromage blanc ou spécialité laitière, aromatisé, 0% MG, sucré",76.9,0.05,0.038,,,,,,,12.3,11.9,0.0,7.01,0.1,120.0,,,,,,,,9.7,40.0,,,12.0,0.1,0.08,0.0,,,,,,,,12.0,0.43,78.2,,,,,,,0.0,0.0,0.0
19715,"Fromage blanc ou spécialité laitière, aromatisé, 2-3% MG, sucré",98.7,2.59,1.67,,,,,,,12.8,12.4,3.3e-05,6.2,0.093,120.0,,,,,,,,9.7,73.1,,,12.0,0.1,0.08,0.0,,,,,,,,12.0,0.43,77.3,,,,,,,0.0,0.0,0.0
19718,"Fromage blanc ou spécialité laitière, aromatisé, 7-8% MG, sucré",131.0,6.57,4.22,,,,,,,12.8,12.5,0.1,5.29,0.088,120.0,,,,,,,,9.7,,,,12.0,0.1,0.08,0.0,,,,,,,,12.0,0.43,,,,,,,,,0.0,0.0
19654,"Fromage blanc ou spécialité laitière, aux copeaux de chocolat, 7-8% MG, sucré",152.0,6.93,4.83,,,,,,,16.3,15.4,0.1,6.1,0.073,,,,,,,,,9.7,40.0,,,12.0,0.1,0.08,0.0,,,,,,,,12.0,0.43,,,,,,,,,0.0,0.0
19691,"Fromage blanc ou spécialité laitière, aux fruits, 0% MG, avec édulcorants, sucré, enrichi en vitamine D",53.7,0.1,0.06,,,,,,,6.45,6.15,0.7,6.53,0.14,120.0,,,,,,,,9.7,66.7,,,12.0,1.5,0.08,0.0,,,,,,,,12.0,0.43,,,,,,,,,0.0,0.0
19656,"Fromage blanc ou spécialité laitière, aux fruits, 0% MG, sucré",80.3,0.37,0.0,,,,,,,12.8,12.0,0.0,7.42,0.088,120.0,,,,,,,,9.7,30.0,,,12.0,0.1,0.08,0.0,,,,,,,,12.0,0.43,,,,,,,,,0.0,0.0
19657,"Fromage blanc ou spécialité laitière, aux fruits, 2-3% MG, sucré",98.3,2.86,1.94,,,,,,,12.0,11.6,0.28,6.15,0.098,180.0,,,,,,,,9.7,39.9,,,12.0,1.0,0.08,0.0,,,,,,,,12.0,0.43,76.6,,,,,,,,0.0,0.0
19659,"Fromage blanc ou spécialité laitière, aux fruits, 6-7% MG, sucré",139.0,6.55,3.57,,,,,,18.0,14.4,13.6,0.34,5.57,0.097,120.0,,1.0,54.0,9.5,,98.0,121.0,9.7,52.2,,9.0,50.0,0.1,0.08,0.0,,0.5,0.04,0.17,0.1,0.4,0.05,15.4,0.44,73.0,1.15,0.22,0.84,2.46,0.32,8.63,,0.0,0.0
19708,"Fromage blanc ou spécialité laitière, sur lit de fruits, 0% MG, avec édulcorants, sans sucres ajoutés, enrichi en vitamine D",53.0,0.17,0.033,,,,,,,5.63,3.73,1.7,6.91,0.09,129.0,,,,,,,,9.7,,,,12.0,1.05,0.08,0.0,,,,,,,,12.0,0.43,,,,,,,,,0.0,0.0
19707,"Fromage blanc ou spécialité laitière, sur lit de fruits, 0% MG, avec édulcorants, sucré, enrichi en vitamine D",52.8,0.4,0.3,,,,,,,6.0,5.4,,6.43,0.12,129.0,,,,,,,,9.7,,,,12.0,1.25,0.08,0.0,,,,,,,,12.0,0.43,,,,,,,,,0.0,0.0
19725,"Fromage blanc ou spécialité laitière, sur lit de fruits, 0% MG, sucré",78.6,0.089,0.05,,,,,,,11.5,10.9,0.13,8.08,0.11,112.0,,,,,,,,9.7,,,,12.0,0.1,0.08,0.0,,,,,,,,12.0,0.43,,,,,,,,,0.0,0.0
19660,"Fromage blanc ou spécialité laitière, sur lit de fruits, 7-8% MG, sucré",129.0,6.91,4.69,,,,,,,12.8,12.2,1.0,4.13,0.093,,,,,,,,,9.7,,,,12.0,0.1,0.08,0.0,,,,,,,,12.0,0.43,,,,,,,,,0.0,0.0
19501,"Fromage blanc, nature ou aux fruits (aliment moyen)",80.0,2.83,1.83,0.49,0.066,0.03,0.021,0.042,11.9,6.34,6.05,0.02,7.02,0.09,134.0,0.01,0.25,29.1,12.0,0.012,127.0,162.0,5.0,41.6,0.52,28.0,,0.67,,,,1.92,0.023,0.25,0.05,0.38,0.04,,0.26,82.4,0.068,,0.26,3.4,0.051,0.44,0.013,0.0,0.0
19644,"Fromage blanc, nature, 0% MG",48.4,0.1,0.15,0.15,0.15,0.15,0.15,0.15,4.0,4.22,3.29,0.042,7.34,0.09,150.0,0.02,0.25,33.0,12.7,0.02,131.0,168.0,5.1,36.0,0.58,16.0,3.0,1.28,0.08,0.0,,2.0,0.03,0.26,0.1,0.41,0.04,12.0,0.28,86.5,0.08,0.15,0.72,2.41,0.08,0.08,0.1,0.0,0.0
19645,"Fromage blanc, nature, 0% MG, enrichi en vitamine D",49.6,0.1,0.06,,,,,,,4.76,4.76,0.23,7.57,0.12,191.0,,,,,,,,9.7,60.0,,,12.0,2.41,0.08,0.0,,,,,,,,12.0,0.43,,,,,,,,,0.0,0.0
19646,"Fromage blanc, nature, 2-3% MG",75.7,3.23,2.07,0.5,0.049,0.011,0.003,0.003,11.9,3.86,3.86,0.019,7.28,0.088,131.0,0.02,0.25,27.7,11.9,0.02,125.0,162.0,5.4,35.0,0.54,26.5,20.0,0.0,0.08,0.0,,2.0,0.02,0.25,0.1,0.36,0.04,12.0,0.25,84.0,0.08,0.13,0.08,3.73,0.08,0.08,0.0,0.0,0.0
19648,"Fromage blanc, nature, 2-3% MG, enrichi en vitamine D",75.5,3.12,2.01,0.46,0.045,0.011,0.002,0.002,11.8,4.87,4.75,0.03,6.3,0.09,200.0,0.02,0.25,24.2,15.2,0.02,154.0,167.0,3.6,36.0,0.69,27.7,12.0,6.07,0.08,0.0,,2.0,0.03,0.26,0.1,0.51,0.05,12.0,0.24,83.6,0.08,,0.08,4.51,0.08,0.08,0.1,0.0,0.0
19716,"Fromage blanc, nature, 2-3% MG, sucré",101.0,3.09,2.03,,,,,,,10.9,10.8,0.0,7.66,0.099,,,,,,,,,9.7,,,,12.0,0.1,0.08,0.0,,,,,,,,12.0,0.43,,,,,,,,,0.0,0.0
19711,"Fromage blanc, nature, 7-8% MG",116.0,7.63,5.19,2.15,0.16,0.048,0.0033,0.0,25.3,5.87,3.69,0.05,5.55,0.11,120.0,0.031,1.0,56.0,9.6,0.0039,94.0,140.0,3.35,40.8,0.41,90.0,41.0,0.2,0.08,0.0,,0.0,0.038,0.18,0.1,0.39,0.05,10.8,0.29,79.5,0.0019,0.0066,0.0019,3.67,0.0019,0.0019,0.2,0.0,0.0
19712,"Fromage blanc, nature, au lait de brebis, 5% MG environ",92.5,5.61,3.91,,,,,,,4.29,2.93,0.0,6.35,0.1,210.0,,,,,,,,9.7,,,,12.0,1.1,0.08,0.0,,,,,,,,12.0,0.43,,,,,,,,,0.0,0.0
19713,"Fromage blanc, nature, au lait de chèvre, 7% MG environ",98.3,6.73,4.61,,,,,,,3.04,2.65,0.0,6.55,0.077,,,,,,,,,2.8,,,,54.0,0.4,0.18,1.8,,,,,,,,12.0,0.19,,,,,,,,,0.0,0.0
12528,"Fromage bleu au lait de vache, allegé en matière grasse",223.0,15.0,11.0,,,,,,,1.0,0.5,0.0,21.4,1.7,478.0,,,,,,,,14.5,800.0,,,74.0,0.5,0.25,2.4,,,,0.45,,,,36.0,0.5,,,,,,,,0.0,0.0,0.0
12520,"Fromage bleu au lait de vache, non allégé en matière grasse",361.0,32.5,22.5,5.74,0.43,0.17,0.0,0.0,91.0,0.68,0.18,0.063,16.8,1.87,391.0,0.1,1.0,48.0,17.0,0.1,320.0,129.0,16.1,850.0,2.5,224.0,50.0,0.2,0.25,2.4,,0.0,0.05,0.43,1.5,0.49,0.07,47.0,0.74,48.1,0.2,0.2,0.2,0.2,0.2,0.2,0.0,0.0,0.0
12521,Fromage bleu d'Auvergne,342.0,29.0,20.2,5.31,0.35,0.19,,,59.0,0.0,0.0,0.0001,20.6,2.68,551.0,0.07,0.3,27.1,18.1,0.1,301.0,126.0,3.73,1100.0,2.69,250.0,74.0,0.5,0.25,2.4,,,,0.55,,0.66,,54.8,0.85,44.1,0.3,,,0.3,0.3,0.3,0.0,0.0,0.0
12523,Fromage bleu des Causses,350.0,30.0,21.2,,,,,,103.0,0.0,0.0,0.0,20.4,3.4,582.0,,,27.0,35.0,,400.0,132.0,14.5,1300.0,3.0,,74.0,0.5,0.25,2.4,,,,,,,,25.0,1.22,45.2,,,,,,,0.0,0.0,0.0
12824,Fromage de brebis à pâte molle et croûte fleurie,297.0,25.2,18.4,5.37,,,,,67.0,0.0,0.0,0.0,18.0,1.41,487.0,,,,,,364.0,,2.8,676.0,,198.0,54.0,0.4,0.18,1.8,,,,0.5,,,,12.0,2.05,55.6,,,,0.15,,,0.0,0.0,0.0
12747,"Fromage de brebis à pâte pressée non cuite des Pyrénées, type tomme ou tome",393.0,33.6,24.0,8.72,,,,,83.0,0.72,0.25,0.0,22.3,1.61,710.0,,0.3,,30.0,,495.0,,,738.0,,232.0,100.0,0.2,0.5,,,,0.04,0.4,,,0.07,24.0,1.2,38.0,,,,0.01,,,0.0,0.0,0.0
12762,Fromage de brebis corse à pâte molle,426.0,38.4,,,,,,,93.3,0.0,0.0,0.0,20.4,1.9,576.0,0.086,0.21,,34.2,,,105.0,,957.0,2.0,292.0,,,0.21,,,,0.036,0.75,,0.23,0.085,86.9,0.95,28.7,,,,,,,0.0,0.0,0.0
12820,"Fromage de chèvre à pâte molle et croûte fleurie (type camembert, cabécou)",288.0,23.8,15.9,4.13,0.43,0.12,0.0056,,89.0,0.0,0.0,0.0,19.0,0.84,417.0,0.1,0.31,27.5,26.3,0.0,289.0,153.0,9.5,337.0,2.43,175.0,54.0,0.5,0.18,1.8,,0.0,0.04,0.39,0.76,0.29,0.15,57.6,2.0,52.8,0.2,0.2,0.2,0.2,0.2,0.2,0.0,0.0,0.0
12814,Fromage de chèvre à pâte molle non pressée non cuite et croûte naturelle,286.0,23.0,16.3,,,,,,,0.72,0.69,0.0,19.5,1.56,445.0,,,,,,,,2.8,730.0,,,54.0,0.4,0.18,1.8,,,,,,,,12.0,0.19,53.6,,,,,,,0.0,0.0,0.0
12850,"Fromage de chèvre à pâte pressée non cuite, type tomme ou tome ou gouda de chèvre",344.0,28.2,18.9,,,,,,,0.9,0.18,0.0,22.1,1.71,,,,,,,,,5.5,680.0,,,91.0,0.7,0.31,3.0,,,,,,,,4.0,0.12,,,,,,,,0.0,0.0,0.0
12819,"Fromage de chèvre à tartiner, nature",161.0,12.2,8.08,2.21,0.31,0.065,0.0043,,44.5,2.41,2.41,0.0,10.8,0.92,78.1,0.07,0.14,32.9,9.73,,101.0,93.0,8.0,369.0,0.37,84.9,54.0,0.5,0.18,1.8,,0.5,0.04,0.2,0.34,0.13,0.03,26.5,0.08,72.9,0.2,0.64,0.2,1.78,0.2,0.2,,0.0,0.0
12812,Fromage de chèvre bûche,285.0,23.3,16.2,4.47,0.5,0.1,0.01,0.01,95.9,0.0,0.0,0.0,18.8,1.58,190.0,0.1,0.22,30.0,12.7,,183.0,167.0,10.1,630.0,0.61,152.0,54.0,0.5,0.18,1.8,,,0.022,0.47,1.05,0.52,0.16,76.4,0.19,54.8,0.1,0.1,0.1,0.1,0.1,0.1,0.0,0.0,0.0
12813,"Fromage de chèvre bûche, allégé en matière grasse",183.0,10.0,6.8,,,,,,50.0,1.0,1.0,0.0,22.6,1.24,183.0,,0.1,,15.0,,275.0,210.0,2.8,801.0,,,54.0,0.4,0.18,1.8,,,,,,,,12.0,0.19,60.5,,,,,,,0.0,0.0,0.0
12810,Fromage de chèvre demi-sec,353.0,29.8,20.6,5.24,0.59,0.12,0.0,0.0,79.0,0.0,0.0,0.0,21.6,1.81,145.0,0.068,1.62,69.5,18.2,0.036,375.0,165.0,8.85,471.0,0.64,401.0,77.0,0.5,0.26,2.5,,0.0,0.072,0.68,1.15,0.19,0.06,2.0,0.22,45.5,,,,,,,0.0,0.0,0.0
12805,"Fromage de chèvre frais, type palet, crottin ou bûchette",194.0,15.2,10.7,3.02,0.14,0.095,0.0025,,72.1,2.5,2.17,1.7e-05,12.0,1.15,170.0,0.1,0.26,29.5,11.9,,157.0,159.0,5.95,377.0,0.4,128.0,0.0,0.5,0.18,1.8,,1.0,0.04,0.4,0.59,0.25,0.046,47.0,0.19,64.8,0.2,1.07,0.2,1.0,0.2,0.2,,0.0,0.0
12803,"Fromage de chèvre lactique affiné, type palet, crottin ou bûchette",308.0,24.7,18.3,4.17,0.58,0.12,0.01,,103.0,1.24,0.26,0.0,20.7,1.52,112.0,0.1,0.25,30.0,13.6,,191.0,152.0,10.8,516.0,0.6,162.0,54.0,0.5,0.18,1.8,,,0.022,0.58,1.15,0.73,0.21,78.8,0.19,50.9,0.2,0.2,0.2,0.2,0.2,0.2,0.0,0.0,0.0
19437,"Fromage de chèvre pané à dorer, préemballé",284.4,19.2,9.99,4.09,3.43,0.07,0.01,0.01,76.9,15.0,3.5,,12.9,1.27,100.0,0.05,0.27,20.0,14.0,0.13,160.0,120.0,20.0,507.0,0.69,133.0,5.0,0.25,,1.58,,0.5,0.043,0.081,0.1,0.21,0.035,24.9,0.17,48.6,0.2,,0.4,0.9,2.2,0.2,11.3,0.0,0.0
12815,Fromage de chèvre sec,440.0,35.6,24.6,,,,0.0,0.0,105.0,0.0,,0.0,30.5,1.06,895.0,0.07,1.88,70.0,54.0,,729.0,48.0,5.5,423.0,1.59,478.0,91.0,0.7,0.31,3.0,,0.0,0.14,1.19,2.4,0.41,0.08,53.0,0.12,29.0,,,,,,,0.0,0.0,0.0
12828,Fromage de lactosérum de brebis,190.0,14.8,,,,,,,,4.3,4.3,0.0,10.1,0.63,216.0,,0.25,,21.7,,,,5.9,253.0,0.24,140.0,33.0,0.2,0.11,1.1,,,0.08,0.26,,0.32,,25.0,0.4,68.7,,,,4.3,,,,0.0,0.0
8400,Fromage de tête,184.0,12.9,4.37,6.2,1.28,0.091,0.0,0.0,69.0,3.15,0.0,0.0,13.8,2.35,16.0,0.12,1.5,2.1,9.0,0.02,56.0,31.0,7.4,941.0,0.97,0.0,0.0,0.9,0.25,3.4,,0.0,0.023,0.12,0.44,0.9,0.19,2.0,1.05,67.7,,,,,,,0.0,0.0,0.0
12304,"Fromage fondu en portion (triangle), enrichi en vitamines",259.0,21.4,13.6,,0.28,0.12,0.012,0.06,68.1,8.49,6.74,5e-05,8.0,1.65,240.0,0.036,0.25,23.0,18.5,0.02,647.0,288.0,3.22,661.0,1.1,195.0,80.0,0.6,0.19,2.1,20.0,,0.05,0.47,0.2,0.54,0.06,7.0,0.85,58.4,0.01,0.13,0.015,6.6,0.01,0.01,,0.0,0.0
12303,"Fromage fondu en portion (triangle), non enrichi",238.0,17.6,12.3,,0.27,0.11,0.009,0.06,58.0,8.52,5.75,0.13,11.2,1.84,543.0,0.052,0.25,23.5,30.9,0.02,874.0,265.0,6.1,736.0,1.6,186.0,30.0,0.6,0.19,2.0,20.0,,0.05,0.31,0.2,0.57,0.05,7.0,0.38,58.2,0.01,0.066,0.023,5.66,0.01,0.01,,0.0,0.0
12300,Fromage fondu en tranchettes,246.0,18.5,12.3,3.68,0.3,0.08,0.01,0.01,60.0,5.34,4.95,0.0,14.1,2.46,436.0,0.02,0.12,24.0,25.0,0.01,840.0,370.0,20.0,983.0,1.8,161.0,55.0,0.25,0.19,1.39,,,0.1,0.37,0.1,0.44,0.031,7.0,0.56,56.1,0.1,0.12,0.1,4.83,0.1,0.1,,0.0,0.0
12305,"Fromage fondu, allégé en matière grasse",134.0,7.36,4.6,0.0,0.0,0.0,0.006,0.0,41.7,4.6,4.6,0.0,11.5,0.74,327.0,0.1,,25.0,,0.1,695.0,204.0,11.3,79.0,1.1,141.0,55.0,0.4,0.19,1.8,,,0.06,0.34,,0.3,,7.0,0.5,68.2,0.2,,0.2,4.6,0.2,0.2,,0.0,0.0
12342,"Fromage frais ou spécialité fromagère non affinée, ail et fines herbes, à tartiner, allégée en matière grasse",147.2,13.0,8.5,,,,,,46.7,4.5,4.0,0.0,3.06,1.2,113.0,,0.38,,,,,,8.6,488.0,,,59.0,0.0,0.86,2.1,,0.3,,,,,,9.0,0.22,68.7,,,,,,,0.5,0.0,0.0
12070,"Fromage frais ou spécialité fromagère non affinée, ail et fines herbes, à tartiner, non allégée en matière grasse",320.0,30.8,20.2,6.78,0.54,0.15,0.013,0.06,108.0,2.7,2.34,0.0,8.03,1.24,83.5,0.024,0.25,13.1,8.06,0.041,105.0,112.0,4.13,497.0,0.71,277.0,100.0,0.6,0.86,4.0,20.0,1.0,0.03,0.16,0.2,0.22,0.07,9.0,0.33,56.5,0.034,0.052,0.069,2.18,0.01,0.01,,0.0,0.0
12069,"Fromage frais ou spécialité fromagère non affinée, nature, à tartiner, en barquette, allégée en matière grasse",133.0,7.48,4.94,,0.12,0.039,0.06,0.06,36.1,5.12,4.79,0.25,10.8,0.92,151.0,0.02,0.25,18.5,14.6,0.02,157.0,186.0,6.2,367.0,0.72,80.4,36.0,0.6,0.86,1.3,20.0,,0.05,0.27,0.2,0.36,0.04,9.0,0.62,74.0,0.01,0.046,0.022,4.72,0.01,0.01,,0.0,0.0
12068,"Fromage frais ou spécialité fromagère non affinée, nature, à tartiner, en barquette, non allégée en matière grasse",225.0,20.7,13.0,4.52,0.3,0.096,0.06,0.06,62.1,3.31,3.31,0.0,6.25,0.9,97.7,0.02,0.25,13.0,9.31,0.02,91.7,129.0,2.8,358.0,0.5,202.0,86.0,0.6,0.86,1.3,20.0,,0.03,0.17,0.2,0.29,0.04,9.0,0.28,67.8,0.01,0.051,0.01,3.26,0.01,0.01,0.0,0.0,0.0
12073,"Fromage frais ou spécialité fromagère non affinée, olives, figues et noix, etc (autre que ail et fines herbes), à tartiner, non allégée en matière grasse",302.8,28.8,19.7,,,,,,115.0,4.12,3.32,0.47,6.79,1.17,100.0,,,,,,,,8.6,260.0,,,59.0,0.0,0.86,2.1,,,,,,,,9.0,0.22,45.5,,,,,,,,0.0,0.0
19572,"Fromage frais type petit suisse, aromatisé chocolat, sucré",165.0,6.48,4.3,,,,,,,22.5,19.7,0.2,4.21,0.28,144.0,,,,8.0,,66.0,321.0,9.7,113.0,,,12.0,0.1,0.08,0.0,,,,,,,,12.0,0.43,62.4,,,,,,,0.42,0.0,0.0
19721,"Fromage frais type petit suisse, aromatisé, 2-3% MG, sucré",92.7,2.23,1.46,,,,,,,12.3,11.8,0.0,5.96,0.1,143.0,,,,,,,,9.7,,,,12.0,1.13,0.08,0.0,,,,,,,,12.0,0.43,,,,,,,,,0.0,0.0
19722,"Fromage frais type petit suisse, aromatisé, 2-3% MG, sucré, enrichi en vitamine D",90.2,2.48,1.67,,,,,,,12.2,11.4,0.036,4.89,0.12,150.0,,,,,,,,9.7,,,,12.0,2.15,0.08,0.0,,,,,,,,12.0,0.43,,,,,,,,,0.0,0.0
19719,"Fromage frais type petit suisse, aux fruits, 2-3% MG, sucré",101.0,2.64,1.71,,,,,,,12.9,12.3,0.067,6.39,0.092,150.0,0.1,,9.7,,0.1,,,5.0,32.7,0.41,,12.0,1.36,0.08,0.0,,,,0.24,,,,12.0,0.3,76.4,1.73,0.013,0.55,3.23,0.14,6.66,,0.0,0.0
19720,"Fromage frais type petit suisse, aux fruits, 2-3% MG, sucré, enrichi en vitamine D",57.6,2.44,1.52,0.37,0.035,0.012,0.002,0.002,10.8,4.68,3.6,0.4,3.43,0.1,131.0,0.02,0.25,22.0,10.9,0.02,93.0,169.0,2.0,40.0,0.5,36.7,30.0,0.0,0.08,0.8,,2.0,0.02,0.25,0.1,0.36,0.02,12.0,0.13,87.4,0.08,0.24,0.22,3.14,0.08,0.08,0.1,0.0,0.0
19663,"Fromage frais type petit suisse, nature, 0% MG",56.5,0.1,0.1,,,,,,6.5,4.2,4.2,0.1,9.9,0.14,127.0,,1.0,54.0,11.4,,129.0,166.0,9.3,44.8,,2.0,50.0,0.2,0.01,0.0,,,,0.21,0.1,0.52,0.05,14.2,1.6,84.3,,,,,,,0.0,0.0,0.0
19666,"Fromage frais type petit suisse, nature, 10% MG environ",137.0,9.89,6.55,1.56,0.14,0.033,0.006,0.006,32.6,2.61,2.61,0.78,9.19,0.075,105.0,0.02,0.25,24.8,9.97,0.02,130.0,139.0,4.12,30.0,0.51,87.4,12.0,0.0,0.08,0.8,,2.0,0.03,0.3,0.2,0.34,0.03,12.0,0.28,76.2,0.08,0.1,0.08,2.61,0.08,0.08,0.0,0.0,0.0
19664,"Fromage frais type petit suisse, nature, 4% MG environ",88.0,3.9,2.66,0.74,0.06,0.01,0.01,0.01,,3.11,3.11,0.15,9.71,0.095,103.0,0.01,0.14,14.0,40.0,,126.0,114.0,2.0,33.0,0.48,,12.0,0.1,0.08,0.0,,,,0.24,0.26,0.34,,12.0,0.35,81.6,0.1,0.086,0.1,3.02,0.1,0.1,0.0,0.0,0.0
25546,"Fromage pané au jambon, préemballé",262.0,14.6,7.15,4.08,2.27,0.051,,,31.9,15.3,1.5,1.0,17.4,2.32,84.9,0.1,0.8,13.0,25.8,0.17,202.0,246.0,7.0,929.0,1.4,26.0,21.0,0.5,,,,1.0,0.087,0.12,5.7,0.55,0.25,20.0,0.61,52.6,,,,,,,13.8,0.0,0.0
12053,Fromage pour tartiflette (pâte molle et croûte mixte),320.0,26.4,18.5,,,,,,,0.72,0.72,1.0,20.2,1.48,495.0,,,,,,,,14.5,595.0,,,13.0,0.6,0.26,2.5,,,,,,,,12.0,1.47,,,,,,,,0.0,0.0,0.0
12061,"Fromage type feta, au lait de brebis 100%",264.7,21.8,15.1,4.27,0.6,0.3,,,60.3,0.83,0.83,0.0,16.3,2.7,276.0,0.1,0.2,,16.5,,207.0,,15.0,1100.0,1.15,137.0,0.0,0.4,0.18,1.8,,,0.07,0.37,,0.17,,36.0,0.43,54.4,0.2,,0.2,0.5,0.2,0.2,,0.0,0.0
12768,"Fromage type feta, au lait de brebis 100%, à l'huile et aux aromates, égoutté",28.6,,,,,,,,,0.1,0.1,0.0,7.04,1.27,,,,,,,,,15.0,,,,3.0,0.4,0.18,1.8,,,,,,,,32.0,1.69,,,,,,,,,0.0,0.0
12060,"Fromage type feta, au lait de vache 100%",273.0,22.6,14.1,4.88,0.37,0.088,0.011,0.011,70.2,1.22,0.84,0.0,15.4,2.51,342.0,0.027,0.25,22.3,16.2,0.02,253.0,90.1,10.6,1000.0,1.8,182.0,80.0,0.6,0.18,1.1,15.6,0.0,0.19,0.24,0.2,0.2,0.04,32.0,0.93,55.8,0.1,0.1,0.1,0.84,0.1,0.1,,0.0,0.0
12063,"Fromage type feta, au lait de vache 100%, à l'huile et aux aromates",283.0,23.4,13.2,6.15,1.05,0.39,0.01,0.01,68.3,0.16,0.2,0.0,17.6,2.52,440.0,0.04,0.13,20.0,15.0,0.03,280.0,65.0,20.0,1010.0,1.9,161.0,3.0,0.84,0.18,8.3,,,0.015,0.22,0.1,0.18,0.022,32.3,1.3,53.4,0.2,,0.2,0.2,0.2,0.2,,0.0,0.0
12067,"Fromage type feta, au lait de vache 100%, à l'huile et aux aromates, égoutté",550.4,56.6,9.97,,,,,,,0.5,0.29,0.1,9.75,1.91,,,,,,,,,15.0,,,,3.0,0.4,0.18,1.8,,,,,,,,32.0,1.69,,,,,,,,,0.0,0.0
31077,Fructose,399.0,0.0,0.0,0.0,0.0,0.0,0.0,0.0,0.0,99.8,95.0,0.0,0.0,0.00025,0.1,0.01,0.07,5.0,0.0,0.01,0.1,0.3,0.5,0.1,0.01,0.0,,0.0,,0.0,,0.0,0.0,0.0,0.0,0.0,0.0,,0.0,0.15,95.0,,,0.0,,0.0,0.0,0.0,0.0
20813,"Fruit à pain, chair sans peau, cuit à la vapeur, prélevé à la Martinique",90.2,0.11,,,,,0.0,0.0,,21.0,,,1.29,,,,,,,,,,,,,0.0,,,,,,8.17,,,,,,,,70.5,,,,,,,21.0,,0.0
54500,"Fruit à pain, cru",95.1,0.23,0.048,,,,0.0,0.0,0.0,22.2,11.0,4.9,1.07,0.005,17.0,0.084,0.54,,25.0,0.06,30.0,490.0,,2.0,0.12,0.0,0.0,0.0,,0.5,,29.0,0.11,0.03,0.9,0.46,0.1,,0.0,70.7,,,,,,,,,0.0
31027,Fruit confit,297.0,0.063,0.05,,,,,0.0,0.0,72.4,62.9,3.3,0.25,0.14,71.0,0.04,0.27,,4.7,0.03,5.8,40.0,20.0,56.0,0.05,0.0,5.83,0.25,,0.8,,0.5,0.015,0.01,0.1,0.0076,0.01,5.0,,23.5,18.2,0.1,24.6,0.1,11.9,8.22,0.0,0.0,0.0
13999,Fruit cru (aliment moyen),56.6,0.26,0.02,0.012,0.019,0.013,0.0038,0.0038,0.0028,12.1,10.4,1.98,0.69,0.0088,17.6,0.057,0.2,7.85,12.3,0.11,20.0,195.0,8.74,3.47,0.11,0.0,262.0,0.0096,,1.59,,22.0,0.031,0.012,0.26,0.17,0.064,,0.0,84.3,3.67,,2.48,0.16,0.082,4.05,0.63,0.67,0.0
13016,"Fruit de la passion ou maracudja, chair sans peau, avec pépins, cru",102.0,3.0,0.54,0.39,1.65,0.17,0.01,0.01,0.0,10.9,8.5,6.8,2.13,0.013,8.1,0.15,0.56,20.0,26.0,0.19,46.0,240.0,20.0,5.0,0.76,0.0,1010.0,0.0,0.02,0.8,,25.6,0.015,0.053,1.37,0.56,0.17,14.0,0.0,73.6,2.5,0.2,2.4,0.2,0.2,3.6,1.2,0.5,0.0
13499,"Fruit du jacquier ou jacque, chair sans peau, cru",95.0,0.64,0.2,0.13,0.015,0.079,0.0,0.0,0.0,20.6,19.1,1.5,1.72,0.005,24.0,0.076,0.23,,29.0,0.043,21.0,448.0,,2.0,0.13,0.0,61.0,,,,,13.7,0.11,0.055,0.92,0.24,0.33,,0.0,73.5,9.19,0.0,9.48,0.0,0.0,0.42,1.47,,0.0
13440,"Fruit du jacquier ou jacque, chair sans peau, cru, prélevé à la Martinique",9.8,0.21,,,,,0.0,0.0,0.0,,,,1.98,,,,,,,,,,,,,0.0,,,,,,13.6,,,,,,,,69.9,,,,,,,,,0.0
13996,Fruit séché (aliment moyen),267.0,0.56,0.21,0.15,0.097,0.013,0.0056,0.0056,0.047,61.3,52.1,6.43,2.13,0.068,59.1,0.28,1.11,3.58,38.3,0.28,67.2,762.0,6.65,27.0,0.29,0.0,151.0,0.14,,8.71,,0.7,0.045,0.051,0.88,0.45,0.21,,0.0,26.6,23.7,0.059,27.1,0.091,0.18,1.17,0.98,7.77,0.0
15065,"Fruits à coques et cacahuète, salé (aliment moyen)",630.0,50.1,8.28,26.4,9.17,0.057,0.0,0.0,0.33,17.6,5.15,7.13,20.4,1.35,80.1,1.15,2.44,5.91,194.0,1.27,355.0,572.0,3.81,537.0,3.81,0.0,13.0,0.0,1.78,11.0,,0.22,0.24,0.26,7.03,0.83,0.46,,0.0,1.68,0.078,0.0,0.075,0.0,0.026,4.82,10.2,,0.0
15066,"Fruits à coques et cacahuète, sans sel ajouté (aliment moyen)",632.0,55.0,5.89,37.2,7.64,0.088,0.0081,0.0084,0.0,10.5,5.55,10.7,15.5,0.0085,106.0,1.71,3.53,9.64,172.0,2.66,397.0,835.0,11.6,3.88,2.79,0.0,36.2,0.2,,7.9,,0.7,0.42,0.1,0.86,1.29,0.33,,0.0,5.43,0.11,0.17,0.24,0.15,0.18,5.16,2.07,,0.0
10043,Fruits de mer (aliment moyen),103.0,1.66,0.32,0.094,0.033,0.017,0.17,0.11,116.0,2.47,0.0038,0.003,19.5,1.29,128.0,0.86,3.74,110.0,64.6,0.3,170.0,319.0,38.9,511.0,6.92,69.8,,0.17,,,,5.0,0.029,0.54,1.84,0.52,0.15,23.2,12.4,73.2,0.11,,0.098,,0.11,0.057,0.0,0.0,0.0
10080,"Fruits de mer, mélange ou cocktail, surgelés, cuits",79.5,1.57,0.45,,0.01,0.01,,,,2.83,0.0,0.0,13.5,0.99,70.0,,8.48,,,,,,,402.0,,,,,,,,,,,,,,,,,0.3,,0.3,,0.3,0.3,0.0,0.0,0.0
13997,"Fruits rouges, crus (framboises, fraises, groseilles, cassis)",36.5,0.5,0.0,,,,0.0,0.0,0.0,7.0,6.99,4.5,1.0,0.01,33.6,0.088,0.9,1.15,16.9,0.42,32.6,225.0,0.35,4.0,0.22,0.0,49.5,0.0,0.67,,,77.5,0.031,0.084,0.38,0.21,0.064,,0.0,85.1,3.7,,3.29,,0.3,0.3,0.013,,0.0
20994,"Fucus vésiculeux (Fucus serratus ou Fucus vesiculosus), séché ou déshydraté",194.0,1.71,0.19,,,,,,0.0,12.4,,46.3,9.11,8.51,1410.0,0.53,24.0,42000.0,830.0,10.9,107.0,3020.0,24.6,3400.0,7.28,0.0,12700.0,,13.7,,,109.0,,,1.71,,,,,9.16,,,,,,,,0.0,0.0
11303,"Fumet de poisson, prêt à consommer, préemballé",53.6,2.0,1.2,,,,,,,3.8,1.8,,5.1,2.36,,,,,,,,,,,,,,,,,,,,,,,,,,,,,,,,,,0.0,0.0
8350,Galantine,109.0,1.73,0.55,,,,0.0,,,1.28,0.97,0.44,22.0,2.0,,,,,,,,,,806.0,,,,,,,,,,,,,,,,,,,,,,,,0.0,0.0
7357,"Galette de céréale(s) soufflée(s), aux graines",382.0,3.88,0.77,,,,0.0,,,77.7,0.58,4.63,8.53,0.43,,,,,,,,,,,,,,,,,,,,,,,,,,,,,,,,,,5.6,0.0
25233,"Galette de céréales au fromage (sans soja), préemballée",241.0,10.3,2.56,4.86,2.01,0.07,0.01,0.01,28.5,27.8,2.86,4.3,7.0,1.0,93.0,0.2,1.1,20.0,97.0,0.8,350.0,340.0,20.0,398.0,1.3,21.0,5.0,0.5,,2.35,,0.5,0.083,0.039,0.68,0.44,0.047,12.1,0.12,48.4,0.73,0.1,0.72,0.1,1.07,0.34,23.0,0.0,0.0
25234,"Galette de céréales aux légumes (sans soja), préemballée",211.0,7.6,0.89,4.01,2.2,0.03,0.01,0.01,,28.0,3.66,4.4,5.31,1.03,29.0,0.21,1.3,20.0,48.0,0.97,130.0,220.0,20.0,411.0,1.1,,149.0,0.25,,7.3,,0.5,0.081,0.01,0.7,0.4,0.054,20.7,,52.7,0.8,0.1,0.7,0.1,1.72,0.44,21.8,0.0,0.0
7353,Galette de céréales soufflées,388.0,2.9,0.66,0.73,1.05,0.05,0.002,0.002,,77.9,0.94,3.7,10.1,0.21,21.4,0.38,2.0,2.5,129.0,2.7,328.0,339.0,3.0,85.0,2.6,,30.0,,,0.68,0.0,2.0,0.079,0.1,0.96,0.51,0.09,,,3.8,0.13,0.16,0.08,0.16,0.15,0.73,65.4,0.0,0.0
7354,Galette de maïs soufflé,387.0,1.9,0.45,0.51,0.83,0.039,0.002,0.002,1.0,83.5,0.74,3.0,7.02,0.36,5.0,0.064,0.61,2.5,39.0,0.15,106.0,169.0,3.0,144.0,0.75,,30.0,,,1.0,0.0,2.0,0.079,0.1,0.27,0.13,0.25,,,3.6,0.18,0.16,0.16,0.16,0.15,0.56,77.5,0.01,0.0
7356,"Galette de maïs soufflé, nappée de chocolat",481.0,20.8,12.2,,,,0.0,,,63.2,22.8,5.05,7.3,0.063,,,,,89.5,,,,,,,,,,,,,,,,,,,,,,,,,,,,,0.0,0.0
7352,Galette de riz complet soufflé,381.0,3.0,0.75,0.84,0.93,0.038,0.002,0.002,1.0,77.9,0.55,3.4,8.39,0.22,13.2,0.37,1.2,13.0,134.0,3.3,314.0,297.0,5.5,88.0,2.1,,30.0,,,0.8,,2.0,0.079,0.1,1.1,0.48,0.04,5.4,,5.8,0.08,0.08,0.08,0.08,0.08,0.55,75.5,0.0,0.0
7355,"Galette de riz soufflé, nappée de chocolat",494.0,23.2,13.0,6.78,1.03,0.06,0.012,0.012,4.9,60.7,26.3,5.1,7.32,0.048,65.3,0.51,3.9,13.0,111.0,1.6,250.0,367.0,5.0,19.0,1.8,62.0,30.0,0.0,,2.4,,2.0,0.12,0.14,3.15,0.52,0.3,12.3,0.24,1.7,0.16,0.16,0.16,1.73,0.15,24.6,29.9,0.31,0.0
23801,"Galette de sarrasin, nature, souple (à garnir) préemballée",161.0,1.74,0.51,0.55,0.61,0.035,0.0,,0.7,30.5,0.0,1.0,5.32,1.36,21.6,0.3,1.8,20.0,86.9,0.6,62.5,188.0,5.0,544.0,1.6,2.0,,0.5,0.28,,,0.0,0.25,0.046,2.1,0.6,0.25,34.9,0.13,59.0,0.2,,0.3,0.2,0.2,0.2,23.3,0.0,0.0
23680,"Galette des rois feuilletée, fourrée à la pomme",289.0,17.2,11.6,,,,,,,29.1,10.2,2.0,3.4,0.59,,,,,,,,,,,,,,,,,,,,,,,,,,,,,,,,,,,0.0
23684,"Galette des rois feuilletée, fourrée frangipane, et Pithiviers",438.0,30.0,14.0,8.11,1.58,0.1,0.011,,90.0,33.4,12.3,2.0,7.6,0.7,58.7,1.0,1.1,10.0,38.1,1.0,113.0,169.0,3.0,280.0,1.0,,,,,,,1.3,0.06,0.1,0.23,0.35,0.05,28.0,0.56,21.9,0.7,,0.5,0.5,0.5,11.1,14.6,,0.0
25592,"Galette ou pavé au blé (seitan) et légumes, préemballé",208.0,7.1,0.73,4.93,0.98,0.02,0.01,0.01,,20.8,3.97,3.1,12.5,1.0,42.0,0.21,1.2,20.0,38.0,0.74,100.0,150.0,20.0,398.0,1.0,,292.0,0.25,,4.63,,0.5,0.083,0.01,0.31,0.29,0.049,46.3,,54.6,0.52,0.1,0.49,0.1,2.29,0.67,13.7,0.0,0.0
25593,"Galette ou pavé au blé et soja (convient aux véganes ou végétaliens), préemballé",215.0,11.0,1.04,7.92,1.28,0.08,0.01,0.01,,8.15,1.87,6.03,16.0,1.3,89.0,0.34,3.3,20.0,75.0,1.2,200.0,520.0,20.0,519.0,1.3,,32.4,0.25,,2.66,,0.5,0.046,0.042,0.32,0.35,0.052,39.5,,55.5,0.14,0.1,0.4,0.1,0.24,1.09,2.7,0.0,0.0
25594,"Galette ou pavé au blé et soja (ne convient pas aux véganes ou végétaliens), préemballé",201.0,10.2,1.07,3.96,4.18,0.2,0.01,0.01,4.43,13.3,2.62,5.36,10.2,1.14,72.0,0.19,2.2,20.0,53.0,0.84,150.0,400.0,20.0,454.0,0.86,21.0,32.3,0.5,,7.01,,0.5,0.066,0.1,0.49,0.29,0.06,138.0,0.05,61.7,0.27,0.1,1.03,0.1,0.95,0.37,10.7,0.0,0.0
20914,Galette ou pavé au soja,252.0,14.7,0.65,4.97,4.35,0.24,0.0059,0.0059,3.16,8.5,2.1,8.8,15.5,1.75,160.0,0.28,2.3,20.0,81.0,0.94,230.0,380.0,50.0,700.0,1.3,21.0,24.0,1.0,0.2,9.26,,2.0,0.13,0.06,0.65,0.34,0.08,54.6,0.4,52.7,0.5,,0.7,0.2,0.2,0.9,6.4,0.0,0.0
25595,"Galette ou pavé au soja et fromage, préemballé",204.0,12.0,4.63,2.55,3.33,0.44,0.01,0.01,12.5,6.08,0.75,1.8,16.8,1.07,250.0,0.31,1.8,20.0,84.0,0.88,280.0,230.0,20.0,427.0,1.9,35.4,34.0,0.5,,9.06,,0.5,0.052,0.081,0.57,0.3,0.057,23.7,0.24,60.6,0.1,0.1,0.2,0.1,0.1,0.55,4.7,0.0,0.0
25596,"Galette ou pavé au soja et légumes, préemballé",175.0,8.1,1.04,3.79,2.59,0.18,0.01,0.01,,8.36,3.45,4.97,13.1,0.93,99.0,0.26,2.1,20.0,70.0,0.93,180.0,430.0,20.0,372.0,1.2,,158.0,0.25,,12.3,,0.5,0.057,0.038,0.47,0.3,0.043,38.1,,62.6,1.0,0.1,0.97,0.1,0.21,1.27,3.4,0.0,0.0
25597,"Galette ou pavé au soja, fromage et légumes, préemballé",180.0,9.1,2.36,2.45,3.3,0.4,0.01,0.01,6.12,7.72,2.03,2.83,15.1,0.97,170.0,0.33,2.0,20.0,82.0,0.99,210.0,320.0,20.0,389.0,1.5,21.0,118.0,0.5,,12.8,,0.5,0.086,0.044,0.49,0.31,0.055,23.3,0.08,62.5,0.66,0.1,0.63,0.1,0.38,0.36,5.2,0.0,0.0
25591,"Galette ou pavé aux lentilles, soja et légumes, préemballé",170.0,5.6,0.75,2.73,1.59,0.17,0.01,0.01,,16.7,2.77,4.76,9.71,0.85,69.0,0.28,1.9,20.0,59.0,0.81,150.0,230.0,20.0,338.0,1.3,,457.0,0.25,,13.5,,0.5,0.09,0.01,0.17,0.33,0.052,45.3,,61.2,0.38,0.1,0.63,0.1,0.88,0.88,10.6,0.0,0.0
54035,"Gari, semoule de manioc fermentée et séchée",340.0,0.73,,,,,0.0,0.0,,81.6,,1.4,1.12,0.15,32.8,0.37,2.78,,19.0,0.72,59.0,206.0,,61.6,1.5,,0.0,,,,,5.0,0.069,0.033,0.96,,,,0.0,14.1,,,,,,,,0.0,0.0
23000,Gâteau (aliment moyen),410.0,19.6,5.13,8.89,2.7,0.81,0.0058,0.0072,70.7,51.8,29.3,2.38,5.49,0.72,33.9,0.13,2.02,9.25,20.4,0.28,139.0,183.0,8.27,289.0,0.53,53.5,37.8,0.21,,20.4,,0.53,0.048,0.097,0.28,0.38,0.024,,0.21,20.0,1.57,0.13,2.43,0.53,1.52,23.1,18.1,1.09,0.13
23586,"Gâteau au chocolat type fondant ou mi-cuit, préemballé",467.0,29.7,6.22,13.2,4.09,0.085,0.005,0.005,127.0,43.0,34.1,1.85,6.0,0.25,,,,,,,,,,101.0,,,,,,,,,,,,,,,,16.7,0.25,,0.74,0.2,1.68,31.4,8.9,0.0,0.0
39234,"Gâteau au chocolat, coeur fondant, rayon frais",373.0,19.5,12.2,,,,,,,41.2,30.4,3.07,6.56,0.14,,,,,,,,,,29.0,,,,,,,,,,,,,,,,,,,,,,,,0.0,0.0
23585,"Gâteau au chocolat, préemballé",445.0,24.0,5.71,11.9,3.53,1.16,0.013,0.013,54.2,51.0,28.6,3.7,5.88,0.42,38.9,0.22,4.5,13.0,33.0,0.37,97.0,233.0,5.7,167.0,0.71,57.0,30.0,0.0,,27.3,,2.0,0.05,0.13,0.3,0.31,0.03,,0.18,17.4,0.61,0.16,1.37,0.73,1.57,24.2,19.0,3.5,0.0
24664,"Gâteau aux amandes type financier, préemballé",447.0,25.7,12.2,8.86,2.44,0.11,0.01,0.01,57.9,44.3,34.6,2.3,8.26,0.32,54.0,0.13,0.01,20.0,51.0,0.33,140.0,180.0,20.0,189.0,0.51,166.0,57.5,0.25,,2.09,,0.5,0.03,0.11,0.1,0.2,0.015,27.3,0.043,15.4,0.2,,0.3,0.2,0.2,34.1,8.8,0.0,0.0
23802,Gâteau basque à la crème pâtissière,340.0,13.0,7.55,2.66,0.43,0.07,0.01,0.01,53.1,51.5,28.1,1.0,3.75,0.47,27.0,0.08,0.44,20.0,11.0,0.24,110.0,100.0,20.0,189.0,0.28,116.0,48.5,0.25,,0.8,,0.5,0.034,0.094,0.13,0.36,0.027,19.5,0.1,29.9,3.3,,3.6,0.9,0.2,20.3,22.1,0.0,0.0
23803,Gâteau basque aux cerises,395.0,13.5,9.1,,,,,,,63.3,42.0,1.4,4.3,0.43,,,,,,,,,,170.0,,,,,,,,,,,,,,,,,,,,,,,,0.0,0.0
23120,"Gâteau breton fourré à la crème de pruneaux, préemballé",453.0,21.3,12.7,,,,,,,59.3,37.7,1.5,5.17,0.63,,,,,,,,,,,,,,,,,,,,,,,,,,,,,,,,,,0.0,0.0
23536,"Gâteau de riz au caramel, rayon frais",144.0,3.17,1.95,0.68,0.13,0.02,0.01,0.01,32.0,25.4,16.1,0.057,3.3,0.089,63.0,0.1,0.3,2.0,7.8,0.1,73.0,84.0,3.35,29.0,0.5,30.0,9.0,0.5,0.2,,,0.5,0.04,0.14,0.16,0.34,0.075,17.0,0.08,67.5,1.11,0.1,1.61,2.31,0.1,10.7,8.0,0.0,0.0
23534,"Gâteau de semoule aux raisins et caramel, rayon frais",146.0,3.57,2.21,0.7,0.13,0.01,0.01,0.01,56.0,24.5,18.8,0.3,3.79,0.089,64.0,0.06,0.35,20.0,13.0,0.07,71.0,270.0,20.0,32.0,0.38,33.2,19.8,0.25,,0.8,,0.5,0.044,0.17,0.1,0.45,0.042,14.3,0.31,67.1,2.05,0.1,2.67,2.82,0.12,11.1,4.7,0.0,0.1
23925,"Gâteau marbré au chocolat, préemballé",438.0,23.2,4.65,10.2,3.18,1.01,0.01,0.01,99.8,50.5,27.2,1.83,5.68,0.67,30.0,0.11,1.7,20.0,19.0,0.28,160.0,160.0,20.0,273.0,0.56,24.3,80.1,0.25,,37.3,,0.5,0.038,0.085,,0.32,0.031,73.6,0.24,17.5,0.2,,0.39,0.2,0.39,26.4,19.4,0.0,0.1
23103,"Gâteau moelleux au citron, préemballé",411.0,20.4,7.93,4.83,3.17,0.38,,,,49.6,30.5,1.0,6.81,0.43,,,0.4,,,,,170.0,,217.0,,,,,,,,,,,,,,,,17.1,,,,,,29.0,16.2,0.0,0.0
23938,"Gâteau moelleux aux fruits à coque, type gâteau creusois, préemballé",418.0,21.5,11.4,,,0.1,,,,48.8,36.5,1.9,6.35,0.53,,,,,,,,,,204.0,,,,,,,,,,,,,,,,,,,0.9,,0.52,35.1,,0.0,0.0
23937,"Gâteau moelleux aux fruits, préemballé",382.0,10.0,6.0,,,,,,,69.0,52.0,2.0,3.0,0.13,,,,,,,,,,50.0,,,,,,,,,,,,,,,,,,,13.9,,5.61,29.0,,0.0,0.0
23943,"Gâteau moelleux aux pépites de chocolat, type mini-cake, préemballé",442.0,23.6,8.45,9.62,2.63,0.48,0.012,0.012,38.8,50.2,28.7,3.7,5.38,0.82,25.4,0.23,5.7,13.0,33.7,0.43,192.0,187.0,4.8,327.0,0.69,72.1,30.0,0.0,,14.3,,2.0,0.07,0.03,1.12,0.28,0.03,,0.16,15.7,0.72,0.16,1.76,0.22,1.76,24.1,18.1,0.0,0.078
23945,"Gâteau moelleux fourré au chocolat et au lait, enrobé de chocolat, préemballé",446.0,23.1,16.3,,,,,,,52.9,35.3,1.58,5.81,0.35,,,,,,,,,,,,,,,,,,,,,,,,,,,,,,,,,,0.0,0.0
31073,"Gâteau moelleux fourré au chocolat et au lait, enrobé de chocolat, préemballé, rayon frais",449.0,28.0,18.0,8.62,1.13,0.049,0.01,0.01,22.9,42.4,35.5,1.6,5.95,0.22,174.0,0.3,0.9,10.0,47.3,0.3,157.0,296.0,5.0,68.0,1.15,30.5,23.0,0.53,,,,0.5,0.07,0.28,0.37,0.63,0.28,26.9,0.39,20.5,1.31,0.1,2.88,5.91,0.18,22.5,5.5,0.0,0.0
23944,"Gâteau moelleux fourré au chocolat et enrobé ou nappé de chocolat, préemballé",440.0,21.8,8.8,7.9,1.93,0.063,0.011,0.011,29.8,53.8,31.3,2.7,5.0,0.31,51.2,0.2,2.7,14.6,32.8,0.38,106.0,299.0,3.73,124.0,0.62,16.0,30.0,0.0,,2.1,,2.0,0.09,0.14,0.34,0.43,0.03,,0.15,15.3,0.93,0.16,2.75,2.45,3.39,21.8,22.4,0.0,0.49
23939,"Gâteau moelleux fourré au chocolat, type mini-cake, mini-roulé, ourson…, préemballé",414.0,18.2,4.21,8.58,2.68,0.87,0.01,0.01,53.8,55.4,30.4,3.2,5.44,0.56,47.8,0.2,3.5,13.0,32.8,0.43,191.0,358.0,3.91,224.0,0.74,16.0,30.0,0.0,,20.5,,2.0,0.08,0.14,0.87,0.4,0.03,,0.13,16.3,1.75,0.16,3.9,1.53,4.09,19.1,25.0,0.0,0.009
23941,"Gâteau moelleux fourré aux fruits type mini-roulé ou mini-cake fourré, préemballé",374.0,12.8,2.35,5.26,1.98,0.63,0.007,0.009,55.2,57.7,33.9,4.5,4.63,0.61,28.8,0.053,0.75,13.0,12.5,0.29,170.0,195.0,7.1,243.0,0.5,16.0,30.0,0.0,,27.5,,2.0,0.05,0.13,0.2,0.31,0.03,,0.14,19.0,3.42,0.16,7.56,0.41,6.63,15.9,23.4,0.41,0.038
23594,"Gâteau moelleux nature type génoise, préemballé",378.0,13.2,2.3,,,,,,,57.6,30.5,0.8,6.7,0.76,31.4,,,,9.5,,,141.0,,557.0,0.7,,,,,,,,,,,,,,,20.4,,,,,,,,0.0,0.0
23935,"Gâteau moelleux nature, préemballé",438.0,22.4,4.41,,,,,,110.0,53.1,27.3,1.23,5.42,0.76,,,,,,,,,,,,,,,,,,,,,,,,,,,,,,,,,,0.0,0.0
24675,"Gâteau moelleux sans gluten (cake, brownie…), au chocolat, préemballé",434.0,24.4,7.78,,,,,,,49.6,28.9,2.18,5.38,0.53,,,,,,,,,,,,,,,,,,,,,,,,12.5,,,,,,,,,,6.2,0.0
24674,"Gâteau moelleux sans gluten (cake, madeleine…), préemballé",443.0,24.2,7.6,,,,,,,50.7,24.3,1.62,4.74,0.74,,,,,75.2,,,,,,,,,,,,,,,,,,,10.3,,,,,,,,,,0.0,0.0
23540,Gâteau moka ou gâteau au café,386.0,30.8,11.0,,,,,,,23.0,17.0,0.4,4.1,0.19,41.7,,,,27.2,,,194.0,,88.0,0.7,,,,,,,,,,,,,,,20.9,,,,,,,,0.0,0.0
23007,"Gâteau mousse de fruits sur génoise, type miroir, bavarois",265.0,14.5,8.89,3.4,0.78,0.072,,,87.0,30.8,24.3,1.0,2.79,0.16,42.3,0.1,0.8,3.0,10.5,0.2,57.0,97.0,,44.5,0.4,103.0,36.0,0.5,0.7,,,3.1,0.04,0.15,0.24,0.36,0.045,26.3,0.2,53.3,2.06,,2.81,1.31,0.75,17.3,6.48,,0.0
23588,"Gâteau ou cake au yaourt, préemballé",409.0,19.1,2.23,,,,,,,52.0,27.7,2.7,5.88,0.89,,,,,,,,,,380.0,,,,,,,,,,,,,,,,,,,,,,,,0.0,0.0
23005,Gâteau Paris-Brest (pâte à choux crème mousseline praliné),327.0,20.5,12.5,6.45,1.31,0.14,0.01,0.01,109.0,29.1,18.6,1.1,5.42,0.29,73.0,0.11,0.66,20.0,23.0,0.29,110.0,160.0,20.0,119.0,0.54,143.0,106.0,0.25,,3.5,,,0.015,0.22,0.1,0.52,0.018,67.6,0.39,40.6,1.0,,0.2,2.0,0.2,13.1,8.1,0.0,0.0
23850,"Gaufre bruxelloise ou liégeoise nature, artisanale",301.0,13.4,5.12,4.85,1.66,0.4,0.01,0.01,82.0,36.1,4.8,1.9,8.0,0.99,48.0,0.1,0.89,20.0,18.0,0.27,190.0,160.0,20.0,394.0,0.64,,,0.61,,5.1,,0.5,0.11,0.083,0.41,0.83,0.01,30.4,0.37,38.9,0.5,0.2,0.3,0.9,0.5,2.6,28.6,0.0,0.0
23853,"Gaufre croustillante (fine ou sèche), nature ou sucrée, préemballée",477.0,19.7,12.6,,,0.1,,,,67.6,33.1,1.78,6.22,0.74,,,,,,,,,,279.0,,,,,,,,,,,,,,,,,,,10.6,,8.7,12.4,,0.0,0.0
23849,"Gaufre fine fourrée au miel, au caramel ou à la vergeoise, préemballée",455.0,18.3,8.0,6.05,2.94,0.1,0.01,0.01,15.6,67.0,37.0,1.9,4.56,0.77,17.0,0.11,0.91,,24.0,0.5,91.0,130.0,20.0,308.0,0.51,27.6,14.7,0.25,,3.77,,0.5,0.026,0.01,0.1,0.26,0.023,10.0,0.021,7.0,7.62,0.1,10.5,0.1,7.1,11.7,21.1,0.0,0.0
23852,"Gaufre moelleuse (type bruxelloise ou liégeoise), au chocolat, préemballée",460.0,23.9,12.0,,,,,,,54.4,27.7,2.36,5.59,0.76,,,,,,,,,,,,,,,,,,,,,,,,,,,,,,,,,,0.0,0.0
23851,"Gaufre moelleuse (type bruxelloise ou liégeoise), nature ou sucrée, préemballée",455.0,24.1,10.5,8.57,2.86,0.33,0.013,0.013,52.0,52.1,26.9,2.4,6.19,0.75,29.0,0.079,1.0,13.0,17.0,0.32,91.9,128.0,4.27,301.0,0.59,34.8,30.0,0.0,,8.1,,2.0,0.09,0.1,0.2,0.35,0.03,,0.19,14.1,3.22,0.16,4.51,0.16,0.39,18.8,21.0,0.0,0.0
24300,"Gaufrette (éventail, cigarette…), sans fourrage",437.0,9.7,6.23,2.42,0.47,0.032,,,,80.0,34.6,2.05,6.51,0.48,1.55,,,,,,140.0,144.0,,257.0,,,,,,,,2.0,0.016,0.063,0.68,,0.057,5.0,0.09,2.93,,,0.23,,0.35,32.5,35.5,0.0,0.0
24311,Gaufrette fourrée et/ou enrobée de chocolat,534.0,30.5,18.8,7.68,1.42,0.14,0.015,0.015,9.8,56.6,37.8,3.5,6.63,0.25,127.0,0.39,5.0,14.9,65.4,0.6,186.0,465.0,4.9,100.0,1.1,16.0,30.0,0.0,,5.6,,5.7,0.07,0.21,0.55,0.69,0.04,,0.1,1.2,0.32,0.32,0.32,6.57,0.3,31.2,14.4,0.0,0.0
24320,"Gaufrette fourrée, aux fruits",355.0,0.8,0.3,0.0015,0.0015,0.0015,0.0015,0.0015,4.0,81.0,46.6,2.7,4.13,0.15,32.3,0.062,0.68,13.0,68.8,0.4,67.4,174.0,2.84,61.0,0.5,16.0,30.0,0.0,,1.0,,2.0,0.05,0.11,0.2,0.31,0.03,,0.1,10.1,14.4,0.16,21.8,0.99,4.62,4.55,31.5,0.0,0.0
24312,"Gaufrette fourrée, aux fruits à coque (noisette, amande, praliné, etc.), avec ou sans chocolat",562.0,36.1,15.4,15.3,2.76,0.085,0.018,0.018,11.2,49.0,34.0,2.5,9.0,0.26,219.0,0.36,3.5,32.0,63.3,1.2,247.0,498.0,4.34,105.0,1.3,16.0,30.0,0.0,,5.0,,6.4,0.06,0.34,0.75,0.88,0.11,,0.63,1.6,0.32,0.32,0.32,7.73,0.3,26.3,9.28,0.0,0.0
24313,"Gaufrette, fourrée vanille",538.0,30.1,19.9,6.89,1.63,0.05,0.01,0.01,8.85,60.1,32.9,1.6,5.75,0.36,92.0,0.07,0.55,,24.0,0.27,120.0,260.0,20.0,144.0,0.49,21.0,5.0,0.25,,2.09,,0.63,0.041,0.16,0.27,1.08,0.041,15.3,0.29,1.1,0.1,0.1,5.98,5.93,0.18,20.8,24.4,0.0,0.0
11007,"Gélatine, sèche",348.0,0.1,0.036,0.034,0.002,0.001,0.0,,,0.0,0.0,0.0,86.9,0.75,280.0,,1.2,5.0,22.0,,32.0,14.0,,298.0,,0.0,,0.0,,,,0.0,0.0,0.07,0.0,0.0,0.006,0.0,0.0,11.3,0.0,,0.0,0.0,0.0,0.0,,0.0,0.0
11176,Gelée au madère,136.0,0.01,0.004,,,,,,,9.75,0.1,0.004,24.4,1.48,,,,,,,,,,590.0,,,,,,,,,,,,,,,,,,,,,,,,0.0,0.0
11175,"Gelée au madère, déshydratée",262.0,0.2,0.1,,,,,,,18.0,0.5,0.0,47.0,27.5,66.0,,4.8,,2.0,,440.0,45.0,,11000.0,,,,,,,,,,,,,,,,4.7,,,,,,,0.0,0.0,0.0
30998,Gelée de framboise (extra ou classique),249.0,0.1,0.0013,,,,0.0,0.0,0.0,61.0,59.3,0.86,0.56,0.0056,,,,,,,,,,21.1,,0.0,,,,,,,,,,,,,,,18.8,,19.0,,0.3,16.8,,0.0,0.0
31095,Gelée de groseille (extra ou classique),244.0,0.044,2.9e-05,,,,0.0,0.0,0.0,59.7,58.7,0.5,0.25,0.013,9.8,0.01,0.16,,3.8,0.22,5.4,84.0,20.0,5.0,0.05,0.0,5.0,0.25,,0.8,,1.79,0.015,0.01,0.1,0.14,0.014,,,37.9,18.3,0.1,19.3,0.1,0.82,20.3,,0.0,0.0
30991,Gelée de mûre (extra ou classique),245.0,0.28,0.025,,,,0.0,0.0,0.0,60.0,57.4,0.73,0.53,0.0066,,,,,,,,,,8.0,,0.0,,,,,,,,,,,,,,37.2,19.3,,22.1,0.2,0.3,12.4,2.57,0.0,0.0
31108,Gelée royale,88.0,4.0,,,,,,,,,14.0,,13.0,,,,0.0,,,0.0,,,,,,0.0,,,0.0,,,12.0,4.3,7.5,105.0,133.0,6.2,200.0,150.0,66.0,6.0,,6.5,,0.3,0.9,,0.0,0.0
30886,"Gelée, autres fruits ou mélange de fruits (extra ou classique)",252.0,0.1,0.025,,,,0.0,0.0,0.0,61.9,60.9,1.25,0.1,0.0075,,,,,,,,,,17.0,,0.0,,,,,,,,,,,,,,,16.9,,17.2,,0.3,22.5,,0.0,0.0
31047,Gélifiant pour confitures,278.0,0.0,,,,,,,,62.0,62.0,15.0,0.0,,,,,,,,,,,,,0.0,,,,,,,,,,,,,,7.2,,,,,,,0.0,0.0,0.0
9660,Germe de blé,375.0,9.5,1.83,1.23,5.07,0.64,0.01,0.01,0.0,35.1,10.0,16.3,27.2,0.018,54.0,0.78,8.9,20.0,250.0,17.0,1000.0,990.0,20.0,7.2,14.0,0.0,22.4,0.25,,2.87,,0.5,1.32,0.14,1.68,1.35,0.83,143.0,0.0,7.5,0.2,,0.2,0.2,0.4,9.5,17.8,0.0,0.0
40701,"Gésier, canard, confit, appertisé",148.0,2.1,0.7,0.51,0.17,0.005,0.004,0.004,355.0,0.0,0.2,1.0,32.4,1.92,8.5,0.1,9.4,32.0,18.3,0.1,126.0,214.0,37.0,766.0,6.0,2.0,30.0,0.5,,,,1.0,0.14,0.2,3.6,0.3,0.12,20.0,6.8,63.4,0.1,,0.1,0.1,0.1,0.1,1.0,0.0,0.0
40700,"Gésier, poulet, cru",99.1,3.53,1.01,0.51,0.26,0.0038,0.0,0.0,240.0,0.0,0.0,0.0,16.8,0.19,11.0,0.12,2.49,1.2,15.0,0.055,148.0,237.0,25.5,75.5,2.72,19.0,0.0,0.6,0.33,0.0,,3.7,0.028,0.23,3.68,0.63,0.11,5.0,1.21,79.3,,,,,,,0.0,0.0,0.0
36603,"Gibier à plumes, viande, cuit (aliment moyen)",203.0,11.5,4.05,2.84,0.87,0.044,,,109.0,0.0,0.0,0.0,24.9,0.69,6.9,0.43,4.1,9.75,31.3,0.042,240.0,367.0,23.2,276.0,2.09,24.1,14.6,0.51,,,,1.89,0.31,0.64,11.6,2.46,0.8,9.41,2.73,61.5,,,,,,,,0.0,0.0
14008,"Gibier à poil, cuit (aliment moyen)",160.0,4.36,1.26,,,,0.0,0.0,93.8,0.0,0.0,0.0,30.2,0.15,16.4,0.16,3.17,,27.7,,186.0,373.0,,61.2,3.03,0.0,0.0,0.0,,1.6,,0.0,0.24,0.31,5.12,,0.48,6.21,1.34,62.8,,,,,,,0.0,0.0,0.0
1002,Gin,265.0,0.0,0.0,0.0,0.0,0.0,0.0,0.0,0.0,0.0,0.0,0.0,0.0,0.005,0.0,0.004,0.0,1.0,0.0,0.0,0.0,0.0,,2.0,0.0,0.0,0.0,0.0,,0.0,,0.0,0.0,0.0,0.0,0.0,0.0,0.0,0.0,62.1,,,,,,,0.0,0.0,37.9
11006,"Gingembre, poudre",335.0,4.24,2.6,0.36,,0.22,0.0,0.0,0.0,58.3,3.39,14.1,8.98,0.068,114.0,0.48,19.8,,214.0,33.3,168.0,1320.0,,27.0,3.64,0.0,18.0,0.0,,0.8,,0.7,0.046,0.17,9.62,0.48,0.63,,0.0,9.94,1.78,0.19,1.22,0.0,0.0,0.2,54.9,0.0,0.0
11074,"Gingembre, racine fraîche",33.3,1.1,0.09,0.8,0.13,0.01,0.01,0.01,0.0,3.4,1.0,2.7,1.1,0.016,11.0,0.05,0.4,20.0,26.0,7.0,26.0,320.0,20.0,6.3,0.24,0.0,43.0,0.25,0.26,0.8,,0.5,0.018,0.01,0.1,0.13,0.1,11.0,0.0,90.9,0.64,,0.36,0.2,0.2,0.2,2.0,0.5,0.0
20814,"Giraumon (variété locale), chair sans peau, cuit à la vapeur, prélevé à la Martinique",23.3,0.097,,,,,0.0,0.0,,4.51,1.91,2.0,1.1,,,,,,,,,321.0,,,,0.0,1710.0,,,,,,,,,,,,,91.8,0.43,,0.59,,,0.89,2.17,,0.0
20815,"Giraumon (variété locale), chair sans peau, cuit à la vapeur, surgelé, prélevé à la Martinique",15.0,,,,,,0.0,0.0,,3.75,1.35,2.4,,,,,,,,,,347.0,,,,0.0,257.0,,,,,,,,,,,,,,0.45,,0.45,,,0.45,2.4,,0.0
20816,"Giraumon (variété locale), chair sans peau, râpé, cru, prélevé à la Martinique",9.7,,,,,,0.0,0.0,0.0,2.42,0.82,2.9,,,,,,,,,,319.0,,,,0.0,747.0,,,,,,,,,,,,,,0.29,,0.28,,,0.24,1.6,,0.0
20817,"Giraumon (variété phoenix), chair sans peau, cuit à la vapeur, prélevé à la Martinique",27.1,0.05,,,,,0.0,0.0,,5.62,1.56,2.0,1.03,,,,,,,,,442.0,,,,0.0,1430.0,,,,,,,,,,,,,90.6,0.28,,0.43,,,0.85,2.6,,0.0
20818,"Giraumon (variété phoenix), chair sans peau, râpé, cru, prélevé à la Martinique",14.0,,,,,,0.0,0.0,0.0,3.51,1.44,1.6,,,,,,,,,,353.0,,,,0.0,320.0,,,,,,,,,,,,,,0.35,,0.35,,,0.74,2.07,,0.0
20819,"Giraumon (variété phoenix), chair sans peau, surgelé, cuit à la vapeur, prélevé à la Martinique",17.5,,,,,,0.0,0.0,,4.37,1.47,2.4,,,,,,,,,,454.0,,,,0.0,441.0,,,,,,,,,,,,,,0.5,,0.48,,,0.49,2.9,,0.0
39526,Glace à l'eau,83.8,0.17,0.1,0.0,0.0,0.0,0.0,0.0,0.0,20.5,19.4,0.26,0.18,0.02,5.8,0.01,0.01,20.0,1.4,0.01,1.9,13.0,20.0,2.89,0.05,0.0,542.0,0.0,0.0,0.8,,2.35,0.016,0.01,0.1,0.11,0.01,5.0,,81.8,0.7,,2.1,0.2,1.0,12.3,0.0,0.0,0.0
39500,"Glace à l'eau ou sorbet ou crème glacée, tout parfum (aliment moyen)",249.0,11.9,8.45,2.72,0.54,0.05,0.0041,0.0034,8.72,32.0,25.3,1.06,2.73,0.14,83.8,0.057,1.36,15.5,14.5,0.047,78.7,141.0,2.82,55.8,0.47,43.2,92.0,0.054,1.15,,,1.09,0.038,0.18,0.17,0.27,0.05,4.5,0.21,50.8,0.51,,2.11,3.66,1.72,16.5,6.83,0.00083,0.32
39517,Glace au yaourt,126.0,2.2,1.44,0.43,0.03,0.02,0.01,0.01,,22.7,20.7,3.0,3.45,0.093,,,,,,,,,,37.0,,,,,,,,,,,,,,,,68.8,0.1,0.1,1.37,4.06,0.36,14.9,,0.0,0.0
39527,"Glace ou crème glacée, bac ou pot (aliment moyen)",171.0,6.45,4.18,1.32,0.18,0.027,0.005,0.005,39.3,25.0,21.5,1.5,2.83,0.11,74.0,0.032,0.14,20.0,14.3,0.11,95.7,190.0,10.0,43.2,0.35,85.2,172.0,0.25,,0.59,2.6,0.5,0.048,0.41,0.073,0.31,0.046,10.0,0.43,63.1,0.6,0.1,1.24,4.49,1.63,13.6,0.18,0.0,0.0
39503,"Glace ou crème glacée, bâtonnet enrobage chocolat",329.0,20.0,14.0,4.67,0.55,0.057,0.0076,0.01,17.5,33.3,27.8,1.21,3.3,0.17,93.8,0.14,3.22,13.3,12.6,0.1,111.0,94.5,1.1,73.6,0.52,134.0,0.0,0.13,2.36,,,0.4,0.031,0.18,0.073,0.21,0.036,1.25,0.34,41.3,0.4,,1.2,5.11,1.72,19.4,5.51,0.0,0.0
39535,"Glace ou crème glacée, bâtonnet enrobage fruits",160.0,5.14,3.72,,,,,,,26.8,22.2,0.4,1.52,0.086,,,,,,,,,,47.4,,,,,,,,,,,,,,,,,,,,,,,,0.0,0.0
39509,"Glace ou crème glacée, cône (taille standard)",290.0,13.5,9.77,2.33,0.61,0.06,0.01,0.01,6.2,36.8,25.1,3.0,3.51,0.13,109.0,0.0,0.95,22.0,17.5,0.0,100.0,216.0,1.1,52.0,0.5,0.0,5.0,0.0,0.77,,,1.0,0.05,0.23,0.21,0.35,0.07,8.0,0.13,42.5,0.43,0.1,2.58,3.32,1.13,17.6,11.8,0.0,1.0
39515,"Glace ou crème glacée, en bac",191.0,8.4,5.44,1.73,0.25,0.03,0.01,0.01,39.3,26.1,21.9,3.0,2.55,0.12,74.0,0.032,0.14,20.0,14.3,0.11,95.7,190.0,20.0,46.0,0.35,85.2,172.0,0.25,,0.59,2.6,0.5,0.048,0.41,0.073,0.31,0.046,10.0,0.43,60.5,0.85,0.1,1.18,4.69,2.21,13.0,0.35,0.0,0.0
39520,"Glace ou crème glacée, gourmande, en bac",231.0,11.0,6.78,,,,,,,29.4,24.8,0.91,3.32,0.19,84.5,,,,,,,,1.7,58.5,,,,,,,,,,,,,,,,,,,,,,,,0.0,0.0
39521,"Glace ou crème glacée, gourmande, en pot",256.0,13.6,8.33,3.71,0.61,0.08,0.032,0.04,73.0,29.2,24.9,1.0,3.94,0.22,110.0,0.11,1.3,20.0,21.0,0.14,110.0,210.0,20.0,80.0,0.58,124.0,91.4,,,1.56,,,0.048,0.18,0.1,0.57,0.039,15.6,0.47,52.8,0.8,,1.4,4.0,1.0,14.8,1.0,0.0,0.0
39522,"Glace ou crème glacée, mini cône",351.0,19.0,14.2,,,,,,,40.2,28.1,1.96,3.89,0.15,,,,,,,,,,62.2,,246.0,,0.044,,,,,0.089,0.091,0.84,2.24,0.042,8.65,0.15,,,,,,,,,0.0,0.0
39531,"Glace ou crème glacée, petit pot enfant",170.0,6.64,5.42,,0.087,0.019,,,,24.9,21.8,0.67,2.32,0.14,119.0,,,,,,,,,54.9,,,,,,,,,,,,,,,,62.5,0.9,,,,2.8,9.6,,0.0,0.0
39523,"Glace ou crème glacée, pot individuel",233.0,13.8,9.23,,,,,,,23.3,18.9,0.74,3.64,0.16,,,,,,,,,,59.6,,,,,,,,,,,,,,,,56.6,1.61,,2.8,3.87,1.99,8.6,,0.0,0.0
26264,"Gnocchi à la pomme de terre, à cuire",176.0,1.42,0.3,,,,0.0,0.0,,35.0,3.18,2.2,4.66,1.18,,,,,,,,,,468.0,,,,,,,,,,,,,,,,,0.3,,0.3,,0.21,0.25,,0.0,0.0
25510,"Gnocchi à la pomme de terre, cuit",178.0,2.05,0.26,0.54,1.02,0.024,0.0,0.0,129.0,34.1,1.1,1.75,5.01,1.01,5.1,0.14,0.7,60.0,18.8,1.4,39.0,184.0,5.0,402.0,0.5,2.0,,0.5,0.92,,,,0.084,0.04,1.6,0.24,0.12,27.1,0.15,55.5,0.2,,0.2,0.2,1.0,0.2,29.3,0.0,0.0
26265,"Gnocchi à la semoule, à cuire",200.0,2.6,0.34,,1.49,0.015,0.0,0.0,,37.0,9.9,1.9,6.2,2.21,,,,,,,,,,870.0,,,,,,,,,,,,,,,,,0.3,,0.3,,0.3,0.2,,0.0,0.0
20820,"Gombo, entier, appertisé, non égoutté, prélevé à la Martinique",,,,,,,0.0,0.0,,,,2.8,,,,,,,,0.17,,,,,,0.0,,,,,,,,,,,,,,92.3,,,,,,,,,0.0
20821,"Gombo, entier, cuit à la vapeur, prélevé à la Martinique",28.7,0.3,,,,,0.0,0.0,,4.69,,4.8,1.8,,,,,,61.0,0.52,,374.0,,,,0.0,163.0,,,,,3.0,,,,,,,,87.5,,,,,,,,,0.0
58100,"Gombo, fruit, cru",31.0,0.19,0.026,0.011,0.023,0.001,0.0,0.0,0.0,3.8,1.48,3.2,1.93,0.018,82.0,0.11,0.62,,57.0,0.79,61.0,299.0,,7.0,0.58,0.0,416.0,0.0,,31.3,,23.0,0.2,0.06,1.0,0.25,0.22,,0.0,89.6,0.57,0.0,0.32,0.0,0.0,0.6,0.34,,0.0
58103,"Gombo, fruit, cuit",22.4,0.21,0.045,,,,0.0,0.0,0.0,2.01,2.01,2.5,1.87,0.015,77.0,0.085,0.28,,36.0,0.29,32.0,135.0,,6.0,0.43,0.0,170.0,0.0,,40.0,,16.3,0.13,0.055,0.87,0.21,0.19,,0.0,92.6,,,,,,,,,0.0
20822,"Gombo, sans pédoncule, blanchi, surgelé, prélevé à la Martinique",23.0,0.1,,,,,0.0,0.0,,5.28,,5.17,0.24,,,,,,,0.67,,,,,,0.0,,,,,,,,,,,,,,88.4,,,,,,,,,0.0
12524,Gorgonzola,318.0,26.9,16.4,5.19,0.68,0.082,0.012,0.012,81.1,0.0,0.0,0.0,19.5,1.89,390.0,0.02,0.08,70.0,18.0,0.01,310.0,110.0,20.0,710.0,2.1,286.0,168.0,0.24,0.25,0.9,,0.5,0.07,0.32,2.93,0.81,0.13,41.2,0.73,51.1,0.3,,,0.3,0.3,0.3,0.0,0.0,0.0
12736,Gouda,369.0,30.2,20.1,5.19,0.34,0.15,0.0,0.0,103.0,0.0,0.0,0.0,24.7,1.95,774.0,0.036,0.24,29.7,29.0,0.1,546.0,121.0,9.02,810.0,3.9,164.0,10.0,0.5,0.24,2.3,,0.0,0.03,0.33,0.063,0.34,0.08,21.0,1.54,38.4,0.1,,0.1,0.05,0.1,0.1,0.0,0.0,0.0
12767,Gouda au cumin,378.0,31.0,20.9,,,,,,,0.6,3.3e-05,0.9,24.1,1.96,,,,,,,,,14.5,,,,10.0,0.5,0.24,2.3,,,,,,,,21.0,1.54,,,,,,,,0.0,0.0,0.0
25437,Gougère,399.0,26.6,16.0,6.11,1.3,0.17,0.01,0.04,213.0,22.7,0.56,1.9,16.2,1.13,302.0,0.14,1.34,24.5,22.7,0.15,297.0,131.0,8.24,453.0,1.98,272.0,116.0,0.89,0.97,,,0.0,0.076,0.35,0.29,0.76,0.11,37.4,0.98,30.3,0.1,0.1,0.11,0.1,0.45,0.1,18.0,0.0,0.0
24231,"Goûter sec fourré (""sandwiché"") parfum chocolat",471.0,18.5,8.81,6.66,1.96,0.15,0.01,0.01,1.0,67.5,29.2,4.7,6.31,0.46,32.5,0.32,3.3,2.5,46.1,0.78,112.0,218.0,2.43,183.0,0.92,16.0,30.0,0.0,,3.0,,2.0,0.1,0.06,0.45,0.18,0.03,,0.1,1.9,0.16,0.16,0.26,0.32,0.77,27.8,32.7,0.0,0.0
24230,"Goûter sec fourré (""sandwiché"") parfum chocolat, au blé complet",465.0,17.2,5.5,7.31,2.47,0.45,0.009,0.009,1.0,69.3,31.9,4.8,5.94,0.54,28.3,0.24,3.0,2.5,42.5,0.78,115.0,256.0,2.3,214.0,0.86,16.0,30.0,0.0,,9.9,,2.0,0.06,0.05,1.09,0.18,0.03,,0.1,1.6,0.16,0.16,0.7,0.46,1.06,29.6,34.2,0.0,0.0
24240,"Goûter sec fourré (""sandwiché"") parfum fruits",407.0,9.4,4.27,3.19,1.21,0.083,0.006,0.006,1.0,73.6,30.3,3.7,5.13,0.52,16.5,0.094,0.73,2.5,16.6,0.55,66.1,109.0,3.0,209.0,0.5,16.0,30.0,0.0,,1.8,,2.0,0.08,0.09,0.2,0.19,0.03,,0.1,7.2,1.94,0.16,7.28,0.16,6.74,14.4,43.0,0.26,0.0
24225,"Goûter sec fourré (""sandwiché"") parfum lait ou vanille",478.0,19.0,7.89,7.06,2.16,0.26,0.01,0.01,1.0,70.0,31.3,3.6,5.0,0.44,18.4,0.089,1.0,2.5,19.1,0.59,83.3,115.0,2.0,176.0,0.74,16.0,30.0,0.0,,9.7,,2.0,0.08,0.05,0.21,0.17,0.03,,0.1,1.7,0.16,0.16,0.17,0.4,1.25,29.4,35.6,0.0,0.0
13083,"Goyave, chair sans peau, crue",68.3,0.95,0.27,0.043,0.15,0.059,0.0,0.0,0.0,9.02,8.92,5.4,2.55,0.005,18.0,0.23,0.26,0.71,22.0,0.15,40.0,417.0,0.5,2.0,0.23,0.0,374.0,0.0,0.73,2.6,,228.0,0.067,0.04,1.08,0.45,0.11,49.0,0.0,80.8,2.2,,1.03,,,1.11,0.1,,0.0
13407,"Goyave, chair sans peau, purée, prélevée à la Martinique",3.4,0.0067,,,,,0.0,0.0,0.0,,,,0.83,,,,,,,,,,,,,0.0,,,,,,492.0,,,,,,,,88.5,,,,,,,,,0.0
20993,"Gracilaire ou ogonori (Gracilaria verrucosa), séchée ou déshydratée",232.0,1.75,0.14,,,,,,0.0,23.4,,25.4,17.8,7.14,770.0,0.63,36.0,356000.0,420.0,32.0,221.0,4980.0,193.0,2860.0,3.9,0.0,1890.0,,0.88,,,27.2,,,,,,,,9.99,,,,,,,,0.0,0.0
9681,"Graine de couscous (semoule de blé dur précuite), à cuire",366.0,1.32,0.26,0.089,0.24,0.014,0.0,0.01,0.0,72.7,3.5,4.5,12.3,0.018,24.0,0.25,1.08,,44.0,0.78,170.0,166.0,,7.0,0.83,0.0,,0.0,,,,0.0,0.16,0.078,3.49,1.24,0.11,20.0,0.0,8.56,,,0.2,,1.8,0.6,64.7,0.0,0.0
20029,"Graine germée de haricot mungo ou pousse de ""soja"", appertisée, égouttée",22.4,0.15,0.03,0.006,0.034,0.04,0.006,0.006,0.0,2.57,2.09,1.8,1.48,0.5,33.3,0.072,0.39,13.0,8.17,0.074,21.7,50.6,0.83,200.0,0.5,0.0,30.0,0.0,,6.2,,106.0,0.03,0.02,0.2,0.05,0.04,,0.0,93.5,0.62,,0.59,0.1,0.1,0.88,0.47,0.01,0.0
20183,"Graine germée de haricot mungo ou pousse de ""soja"", crue",28.3,0.5,0.0002,0.0002,0.0002,0.0002,0.0002,0.0002,0.0,3.4,3.4,1.7,2.57,0.043,16.0,0.1,0.44,20.0,16.0,0.12,43.0,120.0,50.0,17.1,0.32,0.0,10.0,0.5,,2.1,,4.13,0.065,0.06,0.71,0.17,0.06,,0.0,91.7,,,,,,,,,0.0
20521,"Graine germée de lentille, fraîche, crue",123.0,0.55,0.057,0.1,0.18,0.038,0.0,0.0,0.0,19.0,,3.1,8.96,0.028,25.0,0.35,3.21,,37.0,0.51,173.0,322.0,,11.0,1.51,0.0,,0.0,,,,16.5,0.23,0.13,1.13,0.58,0.19,,0.0,67.3,,,,,,,,,0.0
15029,"Graine germée de luzerne, crue",29.2,0.69,0.069,0.056,0.23,0.18,0.0,0.0,0.0,0.81,0.2,1.9,3.38,0.015,32.0,0.16,0.96,,27.0,0.19,70.0,79.0,,6.0,0.92,0.0,87.0,0.0,,30.5,,8.2,0.076,0.13,0.48,0.56,0.034,,0.0,92.8,0.12,0.0,0.08,0.0,0.0,0.0,,,0.0
15030,"Graine germée de radis, fraîche, crue",35.7,2.53,0.77,,,,0.0,0.0,0.0,,,,3.23,0.015,51.0,0.12,0.86,,44.0,0.26,113.0,86.0,,6.0,0.56,0.0,,0.0,,,,28.9,0.1,0.1,2.85,0.73,0.29,,0.0,90.1,,,,,,,,,0.0
32000,"Grains de blé soufflés au miel ou caramel, enrichis en vitamines et minéraux",390.0,2.0,0.57,0.42,0.72,0.05,0.002,0.002,1.0,82.8,33.8,5.0,7.31,0.01,18.9,0.3,8.9,2.5,55.3,1.3,169.0,257.0,2.0,4.0,1.5,16.0,30.0,8.1,,1.0,,2.0,0.88,1.13,15.7,0.29,1.66,,0.82,1.5,0.23,0.1,0.8,0.01,1.82,30.9,43.8,0.0,0.0
32040,"Grains de blé soufflés au miel ou caramel, non enrichis en vitamines et minéraux",382.0,2.52,0.63,,,,0.0,0.0,,77.6,32.0,6.53,8.93,0.02,,,,,,,,,,,,0.0,,,,,,,,,,,,,,,,,,,,,,0.0,0.0
16560,Graisse d'oie,898.0,99.8,27.7,53.5,9.8,0.5,0.0,0.0,100.0,0.0,0.0,0.0,0.0,0.0,0.0,,0.0,2.0,0.0,,0.0,0.0,,0.0,0.0,0.0,0.0,0.0,,,,0.0,0.0,0.0,0.0,0.0,0.0,0.0,0.0,0.2,,,,,,,0.0,0.0,0.0
16550,Graisse de canard,898.0,99.8,33.2,,,,0.0,0.0,100.0,0.0,0.0,0.0,0.0,0.0,0.0,0.0,0.0,2.0,0.0,,0.0,0.0,,0.0,0.0,0.0,0.0,4.8,,0.0,,0.0,0.0,0.0,0.0,0.0,0.0,0.0,0.0,0.2,,,,,,,0.0,0.0,0.0
16570,Graisse de dinde,898.0,99.8,29.4,,,,0.0,0.0,102.0,0.0,0.0,0.0,0.0,0.0,0.0,0.0,0.0,,0.0,,0.0,0.0,,0.0,0.0,0.0,0.0,4.8,,0.0,,0.0,0.0,0.0,0.0,0.0,0.0,0.0,0.0,0.2,,,,,,,0.0,0.0,0.0
16540,Graisse de poulet,898.0,99.8,29.8,,,,0.0,0.0,85.0,0.0,0.0,0.0,0.0,0.0,0.0,0.0,0.0,,0.0,,0.0,0.0,,0.0,0.0,0.0,0.0,4.8,,0.0,,0.0,0.0,0.0,0.0,0.0,0.0,0.0,0.0,0.2,,,,,,,0.0,0.0,0.0
12123,Grana Padano,399.0,28.5,17.0,,0.63,0.11,0.06,0.06,96.9,1.17,0.0,0.0,33.9,1.35,1050.0,0.56,0.25,80.9,41.0,0.027,695.0,93.4,23.1,538.0,5.4,234.0,35.0,0.6,0.53,1.5,20.0,,0.02,0.28,0.2,0.3,0.11,6.0,0.96,30.4,0.01,0.01,0.01,0.01,0.01,0.01,0.0,0.0,0.0
25052,"Gratin d'aubergine, préemballé",105.0,8.0,1.0,,,,,,,5.5,3.5,2.5,1.5,0.43,,,,,,,,,,172.0,,,,,,,,,,,,,,,,80.9,,,,,,,,0.0,0.0
25056,"Gratin dauphinois, préemballé",113.0,4.2,2.67,0.85,0.17,0.03,0.01,0.01,14.3,14.5,2.08,1.5,3.38,0.81,38.6,0.044,0.32,9.1,13.8,0.079,95.0,219.0,2.2,325.0,0.29,49.0,11.0,0.0,0.2,,,3.1,0.02,0.081,0.94,0.24,0.04,7.0,0.0,74.7,0.2,0.1,0.26,0.94,0.57,0.11,12.0,0.0,0.0
25101,"Gratin de chou-fleur, préemballé",86.3,6.5,4.0,1.26,0.14,0.016,,,15.3,3.3,0.88,1.3,3.0,1.07,96.6,0.12,0.27,,10.7,0.1,,147.0,,420.0,2.3,,,,,,,,,,,,,,,82.1,0.33,,0.38,,0.3,0.3,2.42,0.0,0.0
25588,"Gratin de légumes en sauce blanche type béchamel, préemballé, cuit",105.0,6.5,3.48,1.76,0.37,0.13,0.01,0.01,37.0,6.74,3.2,1.0,3.64,0.64,84.0,0.03,0.31,20.0,13.0,0.09,88.0,190.0,20.0,255.0,0.44,55.2,609.0,0.5,,22.9,,1.94,0.064,0.1,0.15,0.43,0.052,24.4,0.33,79.9,0.39,,0.58,1.55,0.2,0.68,2.9,0.0,0.0
25238,"Gratin de légumes, fait maison",107.0,8.51,2.49,,,,,,19.7,3.59,1.95,1.7,3.15,0.5,83.1,0.087,0.51,4.03,16.6,0.13,65.5,175.0,1.8,199.0,0.49,26.9,567.0,0.084,1.84,,,12.6,0.051,0.072,0.46,0.27,0.11,41.0,0.12,82.0,,,,,,,1.64,0.0,0.0
25162,"Gratin de légumes, préemballé",106.0,6.7,3.41,1.6,0.9,0.09,0.01,0.01,,6.91,3.42,1.7,3.44,0.57,,,,,,,,,,228.0,,,,,,,,,,,,,,,,79.6,0.63,0.1,0.66,1.58,0.1,0.45,,0.0,0.0
25122,"Gratin de pâtes au jambon, préemballé",179.0,9.2,4.85,2.53,0.71,0.12,0.01,0.01,20.4,16.4,2.19,1.0,7.06,0.85,116.0,,,6.8,,,137.0,124.0,,340.0,,,0.0,,,,,,,,,,,,0.39,64.7,0.1,0.1,0.2,1.47,0.52,0.1,11.9,0.0,0.0
25154,"Gratin de poisson et purée ou brandade aux pommes de terre ou parmentier de poisson, préemballé",117.0,6.15,3.68,1.96,0.39,0.11,0.0075,,31.0,8.57,1.62,1.1,6.39,0.81,46.8,1.0,1.0,20.0,17.1,1.0,90.0,190.0,4.7,323.0,1.0,16.0,50.0,1.1,,,,1.0,0.05,0.09,0.32,0.23,0.05,5.0,0.36,74.9,0.23,,0.23,0.73,0.23,0.23,6.4,0.0,0.0
25037,"Gratin ou cassolette de poisson et / ou fruits de mer, préemballé, cru",105.0,5.1,3.18,1.1,0.21,0.02,0.02,0.02,,8.39,2.48,0.5,6.13,0.82,58.2,0.05,0.41,,13.8,,37.1,223.0,,328.0,0.55,,,,,,,,,,,,,,,78.4,0.21,0.1,0.34,1.64,0.17,0.12,,0.0,0.0
25038,"Gratin ou cassolette de poisson et / ou fruits de mer, préemballé, cuit",117.0,7.5,4.82,1.54,0.15,0.03,0.03,0.04,35.4,5.28,1.6,0.7,6.69,0.92,52.0,0.03,0.28,20.0,24.0,0.05,120.0,180.0,20.0,366.0,0.47,58.7,225.0,0.5,,3.6,,0.5,0.015,0.043,0.1,0.28,0.022,19.4,0.95,78.2,0.38,,0.28,0.75,0.2,0.19,2.3,0.0,0.0
13018,"Grenade, chair sans peau, avec pépins, crue",81.0,1.2,0.07,0.07,0.08,0.01,0.0,0.01,0.0,14.3,13.3,2.3,1.44,0.013,9.5,0.11,0.17,20.0,12.0,0.1,27.0,230.0,20.0,5.0,0.22,0.0,12.1,0.0,0.6,0.8,,9.02,0.054,0.01,0.23,0.37,0.032,38.0,0.0,79.4,7.1,0.2,6.2,0.2,0.2,0.2,0.35,0.5,0.0
26128,"Grenadier (de roche), cru",68.9,0.81,0.11,0.073,0.007,0.002,0.039,0.13,37.1,0.0,0.0,0.0,15.4,0.24,1.64,0.1,0.12,13.4,22.1,0.1,103.0,281.0,356.0,94.0,0.22,5.1,0.0,0.52,1.2,0.7,,,0.04,0.04,1.29,0.077,0.12,26.0,0.33,82.7,,,,,,,0.0,0.0,0.0
34500,"Grenouille, cuisse, crue",70.0,0.28,0.073,,,,0.014,0.02,50.0,0.66,0.0,0.0,16.2,0.14,18.5,0.25,2.58,6.0,21.5,,241.0,302.0,,54.5,1.5,15.0,0.0,0.35,,0.1,,5.0,0.15,0.19,1.2,,0.84,12.5,0.4,82.0,0.3,,0.3,,0.3,0.3,0.0,0.0,0.0
34501,"Grenouille, cuisse, grillée/poêlée",95.7,0.9,0.3,0.14,0.078,0.019,0.013,0.023,49.7,0.015,0.0,0.0,21.9,0.22,39.0,0.03,0.52,20.0,22.0,0.06,92.0,110.0,50.0,87.8,0.56,21.0,,1.12,,0.8,,,0.035,0.07,1.47,0.23,0.15,5.0,2.29,76.7,,,,,,,0.0,0.0,0.0
38414,"Gressin, au sésame",443.0,15.7,5.24,,,,,,,59.3,3.06,4.64,12.8,1.7,,,,,,,,,,678.0,,,,,,,,,,,,,,,,,,,,,,,50.7,0.0,0.0
38415,"Gressin, au sésame, allégé en matière grasse",427.0,13.9,3.1,,,,,,,56.8,1.9,6.77,14.0,1.81,,,,,,,,,,713.0,,,,,3.0,,,,0.42,,,,0.6,60.0,,,,,,,,,54.9,0.0,0.0
7525,"Gressin, nature (sans sésame)",428.0,10.5,3.21,2.94,1.02,0.026,,,,68.8,1.93,4.25,11.4,1.94,48.0,0.25,1.2,20.0,66.3,0.36,188.0,213.0,5.0,773.0,1.4,,,,3.0,,,7.0,0.42,0.082,1.83,0.47,0.6,80.0,0.26,2.48,0.25,,0.16,0.1,1.51,0.1,63.8,0.0,0.0
13110,"Griotte, crue",49.1,0.3,0.068,,,,0.0,0.0,0.0,10.6,8.49,1.6,1.0,0.0075,16.0,0.1,0.32,,9.0,0.11,15.0,173.0,0.0,3.0,0.1,0.0,770.0,0.0,0.07,2.1,,10.0,0.03,0.04,0.4,0.14,0.044,8.0,0.0,86.1,3.51,0.0,4.18,0.0,0.0,0.8,,,0.0
26219,"Grondin perlon, cru",97.4,1.79,,,,,,,,0.0,0.0,0.0,20.3,0.14,,,,,,,,,37.2,,,,,,,,,,,,,,,,,76.3,,,,,,,0.0,0.0,0.0
26106,"Grondin, cru",108.0,2.0,,,,,,,,3.4,0.0,0.0,19.0,,,,,,,,,,,,,,,,,,,,,,,,,,,75.0,,,,,,,0.0,0.0,0.0
13020,"Groseille à maquereau, crue",39.4,0.58,0.038,0.051,0.17,0.12,0.0,0.0,0.0,4.45,,4.3,0.88,0.0025,25.0,0.07,0.31,0.3,10.0,0.14,27.0,198.0,0.068,1.0,0.12,0.0,,0.0,0.37,,,27.7,0.04,0.03,0.3,0.29,0.08,6.0,0.0,87.9,,,,,,,,,0.0
13019,"Groseille, crue",67.2,0.7,0.21,0.11,0.22,0.14,0.01,0.01,0.0,7.06,6.63,4.6,1.56,0.013,38.0,0.09,0.35,20.0,12.0,0.13,38.0,230.0,20.0,5.0,0.15,0.0,25.6,0.0,0.1,2.06,,29.8,0.041,0.01,0.18,0.65,0.03,8.0,0.0,82.1,3.86,,2.77,0.1,0.1,0.1,0.35,0.5,0.0
12113,Gruyère IGP France,415.0,33.2,21.6,5.93,0.5,0.24,0.024,0.06,101.0,0.7,0.0,0.0,28.2,1.11,898.0,0.22,0.25,17.1,32.9,0.02,604.0,97.4,11.4,445.0,3.8,237.0,79.0,0.6,0.28,1.5,20.0,,0.02,0.37,0.2,0.3,0.04,10.0,1.5,33.2,0.01,0.01,0.01,0.01,0.01,0.01,0.0,0.0,0.0
12114,"Gruyère, sans précision (origine France ou Suisse)",408.0,33.5,22.0,6.68,0.63,0.34,0.0,0.0,110.0,0.78,0.0001,0.0,26.3,1.3,800.0,0.41,0.17,23.1,39.2,0.031,605.0,81.0,5.33,320.0,4.89,268.0,33.0,0.6,0.28,2.7,,0.0,0.06,0.28,0.11,0.56,0.081,10.0,1.6,32.5,,,,0.0,,,0.0,0.0,0.0
25620,"Guacamole, préemballé",191.0,17.2,3.73,9.16,1.51,0.14,,,3.6,4.64,2.3,4.84,1.82,1.08,18.0,0.2,0.6,20.0,26.7,0.2,27.0,440.0,5.0,543.0,0.4,2.0,100.0,0.5,2.4,,,359.0,0.094,0.089,1.45,0.88,0.36,60.3,,72.1,0.6,,0.6,0.2,0.2,0.2,1.0,0.0,0.0
31050,Guimauve ou marshmallow,336.0,0.081,1.3e-05,0.051,0.019,0.01,0.0,0.0,0.0,80.7,69.9,0.011,3.31,0.078,3.0,0.097,0.23,,2.0,0.008,8.0,5.0,,80.0,0.04,0.0,0.0,0.0,,0.0,,0.0,0.001,0.001,0.078,0.005,0.003,1.0,0.0,16.4,3.6,,14.1,,6.68,40.0,,0.0,0.0
31093,"Guimauve ou marshmallow, enrobé de chocolat",383.0,10.5,6.5,,,,,,,67.5,56.4,0.45,4.4,0.081,,,,,,,,,,40.0,,,,,,,,,,,,,,,,14.0,,,,,,,,,0.0
1032,"Haché à base de boeuf et soja, préemballé",214.0,14.6,6.29,5.21,0.26,0.06,0.006,0.006,44.5,2.48,0.7,4.5,15.0,0.83,26.3,0.15,1.8,2.5,29.9,0.26,139.0,315.0,8.9,330.0,2.9,60.5,30.0,0.0,,3.6,9.12,3.57,0.09,0.1,2.49,0.28,0.13,,1.0,63.7,0.1,,0.1,0.1,0.1,0.4,0.7,0.01,0.0
28927,Haché de volaille,137.0,5.68,1.88,,,,0.0,,,3.5,1.4,0.63,17.7,1.3,,,,,,,,,21.9,550.0,,,0.0,0.4,0.09,0.0,,,,,,,,7.0,1.0,,,,,,,,,0.0,0.0
30181,"Haché végétal à base de soja, préemballé",143.0,5.8,0.64,3.45,1.21,0.13,0.01,0.01,,7.01,4.19,5.23,11.5,0.78,67.0,0.41,2.2,20.0,66.0,0.78,170.0,620.0,20.0,312.0,1.2,,167.0,0.25,,6.09,,0.5,0.052,0.037,1.15,0.4,0.081,34.0,,67.5,1.59,0.1,1.16,0.1,0.1,1.44,0.35,0.0,0.0
25009,"Hachis parmentier à la viande, préemballé",138.0,8.22,4.7,1.96,0.39,0.031,0.0013,0.00012,20.0,9.39,1.47,1.43,5.99,0.83,59.6,0.079,0.71,4.55,17.5,0.087,45.5,184.0,10.0,322.0,1.2,45.9,0.0,0.1,0.2,,,0.65,0.02,0.07,,,0.08,5.71,0.42,73.6,0.18,,0.18,0.94,0.2,0.16,,0.0,0.0
26090,Haddock (fumé) ou églefin fumé,97.0,0.73,0.17,0.035,,0.023,0.079,0.17,77.0,0.0,0.0,0.0,22.6,1.91,49.0,0.042,1.4,255.0,54.0,0.03,251.0,415.0,28.0,763.0,0.5,24.0,0.0,0.8,0.55,0.1,,0.0,0.047,0.049,5.07,0.17,0.4,15.0,1.6,75.0,0.0,,0.0,0.0,0.0,0.0,0.0,0.0,0.0
25413,"Hamburger, de restauration rapide",251.0,8.44,2.82,3.07,0.52,0.023,0.00095,0.0,29.0,29.5,5.95,1.8,13.3,1.23,64.0,0.08,1.23,16.9,29.7,0.22,110.0,251.0,10.0,492.0,2.26,0.0,34.0,0.1,,4.9,,0.3,0.35,0.19,4.06,0.37,0.11,17.0,1.2,46.1,3.19,0.0,2.13,0.0,0.63,0.0,23.5,0.0,0.0
26232,"Hareng fumé, à l'huile",168.0,11.0,3.12,1.51,0.24,0.18,3.03,1.18,49.9,2.0,0.0,0.0,15.1,4.08,59.2,0.1,0.9,20.0,27.4,0.1,125.0,173.0,17.0,1630.0,0.5,12.0,,14.5,0.96,,,,0.04,0.2,2.25,0.41,0.28,10.0,9.4,65.3,,,,,,,0.0,0.0,0.0
26013,"Hareng fumé, au naturel",167.0,11.0,2.76,1.05,0.15,0.12,2.98,1.11,49.9,0.5,0.0,0.0,16.5,3.98,62.4,0.1,1.0,40.0,34.8,0.1,155.0,226.0,28.0,1590.0,0.6,12.0,0.0,22.0,1.35,0.0,,0.0,0.04,0.23,3.45,0.55,0.37,12.0,11.8,68.3,0.0,,0.0,0.0,0.0,0.0,0.0,0.0,0.0
25998,"Hareng fumé, doux",163.0,9.9,2.24,0.78,0.11,0.07,0.49,0.56,54.9,0.44,0.24,1.0,18.1,3.78,62.0,0.08,0.7,20.0,39.0,0.03,250.0,380.0,30.0,1510.0,0.51,21.0,,17.7,,0.8,,0.5,0.015,0.2,4.53,1.22,0.28,10.8,13.4,67.7,0.3,,0.3,,0.3,0.3,0.0,0.0,0.0
26238,"Hareng gras, cru",175.0,10.8,2.23,0.71,0.16,0.12,0.45,0.83,54.7,0.77,0.0,0.0,18.7,0.13,47.7,0.1,0.88,8.94,32.7,0.1,247.0,421.0,25.4,52.4,0.44,11.7,0.0,8.36,1.07,0.0,,0.5,0.04,0.15,6.14,0.72,0.4,10.0,8.28,68.3,0.0,,0.0,0.0,0.0,0.0,0.0,0.0,0.0
26237,"Hareng maigre, cru",111.0,4.22,0.83,0.29,0.063,0.027,0.16,0.32,50.0,0.0,0.0,0.0,18.3,0.19,23.8,0.1,0.87,5.5,36.2,0.1,261.0,450.0,18.6,75.0,0.49,6.1,0.0,9.59,1.07,0.1,,,0.04,0.13,4.11,0.57,0.42,10.0,8.47,76.2,,,,,,,0.0,0.0,0.0
26010,"Hareng mariné ou rollmops, préemballé",189.0,13.8,1.98,2.49,0.43,0.25,0.75,0.48,13.0,1.95,0.88,0.0,13.7,2.18,77.0,0.11,1.22,47.0,8.0,0.04,89.0,69.0,46.0,870.0,0.53,35.8,0.0,13.2,1.71,0.2,,0.0,0.036,0.14,3.3,0.081,0.19,2.0,4.27,67.0,0.2,,0.2,0.2,0.2,0.88,1.07,0.0,0.0
26011,"Hareng, cru",176.0,11.7,2.82,1.23,0.24,0.15,0.65,1.1,55.6,0.0,0.0,0.0,17.7,0.22,61.6,0.15,1.21,54.1,27.0,0.027,235.0,342.0,31.2,89.2,0.79,38.1,0.0,10.7,1.07,0.45,0.21,0.75,0.035,0.24,3.95,0.84,0.38,9.4,11.5,71.5,0.0,,0.0,0.0,0.0,0.0,0.0,0.0,0.0
26012,"Hareng, frit",201.0,12.1,3.51,,,,1.05,1.2,57.0,0.0,0.0,0.0,23.0,,,0.14,,38.0,,0.02,,,31.3,,0.75,,0.0,5.4,1.37,0.1,,,,,,,,12.0,13.14,,,,,,,,0.0,0.0,0.0
26014,"Hareng, grillé/poêlé",193.0,11.4,2.48,,,,1.05,1.23,54.3,1.0,0.0,0.0,21.6,0.34,76.5,0.15,1.51,47.7,41.5,0.045,307.0,425.0,46.0,138.0,1.24,35.0,0.0,10.8,1.37,0.1,,0.7,0.11,0.28,4.06,0.76,0.35,11.0,14.1,64.2,0.0,,0.0,0.0,0.0,0.0,0.0,0.0,0.0
20063,"Haricot beurre, appertisé, égoutté",23.2,0.2,0.022,,,,0.0,0.0,0.0,3.25,0.86,1.78,1.2,0.67,26.0,0.038,0.9,0.38,13.0,0.2,19.0,109.0,0.43,268.0,0.29,0.0,63.0,0.0,,9.9,,4.8,0.015,0.056,0.2,0.13,0.037,,0.0,93.3,,,,,,,1.47,,0.0
20318,"Haricot beurre, bouilli/cuit à l'eau",35.0,0.3,0.09,0.04,0.07,0.07,0.01,0.01,,4.45,2.2,2.7,2.19,0.013,56.0,0.13,0.99,20.0,26.0,0.35,43.0,210.0,20.0,5.0,0.34,0.0,74.7,,,3.88,,7.57,0.04,0.053,0.36,0.12,0.01,,,89.6,1.2,,0.7,0.2,0.2,0.3,0.4,0.5,0.0
20195,"Haricot beurre, cru",37.6,0.12,0.026,,,,0.0,0.0,0.0,5.6,,3.4,1.82,0.015,37.0,0.069,1.04,0.6,25.0,0.21,38.0,209.0,,6.0,0.24,0.0,,0.0,,,,16.3,0.084,0.11,0.75,0.094,0.074,,0.0,90.3,,,,,,,,,0.0
20203,"Haricot beurre, surgelé, cru",33.1,0.21,0.047,,,,0.0,0.0,0.0,4.59,2.5,2.8,1.8,0.0075,42.0,0.049,0.86,0.4,22.0,0.39,32.0,186.0,,3.0,0.26,0.0,,0.0,,,,12.9,0.099,0.092,0.5,0.085,0.042,,0.0,89.9,,,,,,,,,0.0
20511,"Haricot blanc, appertisé, égoutté",85.5,0.5,0.15,,,,0.0,0.0,0.0,10.9,0.75,7.0,5.88,0.69,70.7,0.23,2.99,3.0,38.4,0.52,91.0,362.0,,270.0,1.12,0.0,0.0,0.0,,2.9,,0.0,0.096,0.037,0.11,0.19,0.075,,0.0,72.9,,,,,,,,,0.0
20502,"Haricot blanc, bouilli/cuit à l'eau",112.0,1.1,0.25,0.13,0.24,0.37,0.01,0.01,0.0,12.0,0.3,13.8,6.75,0.023,120.0,0.19,1.7,20.0,33.0,0.8,110.0,260.0,20.0,9.3,0.67,0.0,5.48,0.25,0.94,4.37,,0.5,0.03,0.017,0.32,0.061,0.039,81.0,0.0,66.9,0.2,,0.2,0.2,0.2,0.3,11.4,0.5,0.0
20501,"Haricot blanc, sec",307.0,0.85,0.22,,,,0.0,0.0,0.0,43.9,,15.2,23.4,0.04,240.0,0.98,10.4,1.2,190.0,1.8,301.0,1800.0,11.9,16.0,3.67,0.0,0.0,0.0,,5.6,,0.0,0.44,0.15,0.48,0.73,0.32,,0.0,11.3,,,,,,,,,0.0
20293,"Haricot coco, bouilli/cuit à l'eau",130.0,0.5,0.11,0.06,0.12,0.16,0.01,0.01,0.0,13.7,1.1,15.8,9.63,0.023,72.0,0.26,2.7,20.0,53.0,0.59,180.0,480.0,20.0,9.0,1.2,0.0,15.6,0.25,,3.61,,1.62,0.17,0.02,0.86,0.14,0.065,,,61.3,0.2,,0.4,0.2,0.2,0.7,12.3,0.5,0.0
20529,"Haricot de Lima ou pois savon ou pois du Cap ou pois souche, cru",105.0,0.86,0.2,,,,0.0,0.0,0.0,15.3,1.48,4.9,6.84,0.02,34.0,0.32,3.14,,58.0,1.22,136.0,467.0,,8.0,0.78,0.0,126.0,0.0,,5.6,,23.4,0.22,0.1,1.47,0.25,0.2,,0.0,70.2,,,,,,,,0.36,0.0
20992,"Haricot de mer (Himanthalia elongata), séchée ou déshydratée",227.0,2.28,0.25,,,,,,0.0,26.4,0.03,30.8,9.9,8.93,803.0,0.21,2.14,8960.0,1050.0,2.09,104.0,6770.0,5.89,3570.0,4.2,0.0,5970.0,0.28,6.56,173.0,,120.0,0.12,0.25,1.91,,0.098,83.5,,8.12,,,,,,,,0.0,0.0
20508,"Haricot flageolet, appertisé, égoutté",92.9,0.79,0.11,,,,0.0,0.0,0.0,12.2,0.0,6.3,6.1,0.73,63.1,0.1,1.3,10.0,26.5,0.1,86.0,281.0,2.2,293.0,0.1,0.0,50.0,0.0,0.37,,,1.0,0.07,0.16,0.79,0.05,0.05,,0.0,72.0,0.5,,0.5,0.5,0.5,0.5,12.0,,0.0
20513,"Haricot flageolet, bouilli/cuit à l'eau",112.0,1.1,0.25,0.13,0.24,0.37,0.01,0.01,0.0,12.0,0.3,13.8,6.75,0.023,120.0,0.19,1.7,20.0,33.0,0.8,110.0,260.0,20.0,9.3,0.67,0.0,5.48,0.25,,4.37,,0.5,0.03,0.017,0.32,0.061,0.039,,0.0,66.9,0.2,,0.2,0.2,0.2,0.3,11.4,0.5,0.0
20537,"Haricot flageolet, frais, surgelé, cru",153.0,0.52,0.1,,,,0.0,0.0,0.0,25.6,0.4,4.4,9.32,0.78,,,,,,,,,,,,0.0,,,,,,,,,,,,,,55.1,,,,,,,,,0.0
20540,"Haricot flageolet, vert, bouilli/cuit à l'eau",115.0,0.91,0.18,0.092,0.14,0.29,0.001,0.001,0.7,13.0,0.71,10.2,8.5,0.038,115.0,0.27,2.2,2.5,43.4,0.67,131.0,338.0,2.79,15.0,1.0,0.0,30.0,0.1,,6.5,,2.0,0.09,0.03,0.2,0.06,0.07,,0.0,66.0,0.1,,0.1,0.095,0.2,0.51,2.62,0.0,0.0
20539,"Haricot flageolet, vert, sec",315.0,2.6,0.35,0.19,0.47,1.02,0.001,0.001,0.7,42.1,,23.4,19.1,0.02,,0.68,7.3,20.0,160.0,1.6,440.0,,50.0,7.9,2.3,0.0,27.0,0.5,,13.7,,0.5,0.31,0.03,1.93,0.68,0.41,,,8.5,,,,,,,24.1,,0.0
20531,"Haricot mungo, frais, bouilli/cuit à l'eau",95.7,0.55,0.038,,,,0.0,0.0,0.0,11.9,2.01,6.4,7.54,0.018,53.0,0.14,1.75,,63.0,0.41,156.0,231.0,,7.0,0.83,0.0,19.0,0.0,,2.7,,1.0,0.15,0.075,1.5,0.43,0.058,,0.0,72.5,,,,,,,,,0.0
20530,"Haricot mungo, sec",343.0,1.64,0.11,0.085,0.37,0.028,0.0,0.0,0.0,47.6,,18.3,25.2,0.095,138.0,0.98,7.57,,267.0,1.53,379.0,983.0,8.8,38.0,3.35,0.0,,0.0,,170.0,,0.0,0.27,0.25,1.45,0.91,0.28,,0.0,6.89,,,,,,,,,0.0
20269,"Haricot plat, cru",32.4,0.12,0.0,,,,0.0,0.0,0.0,4.47,1.3,2.97,1.93,0.035,60.0,,0.8,,,,,,,2.0,,0.0,,,,,,16.0,,,,,,,,92.2,0.7,,0.6,,0.3,0.3,,,0.0
20524,"Haricot rouge, appertisé, égoutté",108.0,0.97,0.41,0.052,0.12,0.23,0.0,0.0,0.0,13.0,1.0,7.0,8.31,0.68,58.0,0.28,1.5,,29.0,0.38,118.0,250.0,,269.0,0.74,0.0,0.0,0.0,,,,0.2,0.06,0.015,0.42,,,,0.0,68.9,,,,,,,,,0.0
20503,"Haricot rouge, bouilli/cuit à l'eau",116.0,0.6,0.19,0.15,0.11,0.13,0.01,0.01,0.0,12.3,0.5,11.6,9.63,0.021,55.0,0.27,2.3,20.0,39.0,0.44,150.0,300.0,20.0,8.4,0.94,0.0,5.0,0.25,0.03,1.06,,0.5,0.12,0.022,0.25,0.083,0.067,130.0,0.0,65.0,0.2,,0.2,0.2,0.2,0.5,11.5,0.5,0.0
20525,"Haricot rouge, sec",314.0,1.06,0.15,,,,0.0,0.0,0.0,46.1,2.1,15.2,22.5,0.03,83.0,0.7,6.69,1.9,138.0,1.11,406.0,1360.0,,12.0,2.79,0.0,0.0,0.0,,5.6,,4.5,0.61,0.22,2.11,0.78,0.4,,0.0,11.8,,,,,,,,,0.0
20062,"Haricot vert, appertisé, égoutté",23.2,0.32,0.083,0.009,0.065,0.077,0.0,0.0,0.0,2.07,0.77,3.36,1.34,0.65,38.0,0.034,1.06,0.99,13.0,0.16,20.0,96.0,0.89,258.0,0.2,0.0,122.0,0.0,0.03,38.9,0.0,2.8,0.016,0.046,0.21,0.2,0.03,28.0,0.0,93.4,0.33,0.0,0.29,0.0,0.0,0.16,1.0,0.3,0.0
20320,"Haricot vert, bouilli/cuit à l'eau",27.0,0.3,0.01,0.01,0.01,0.01,0.01,0.01,,3.39,2.5,3.2,1.75,0.013,51.0,0.07,0.54,20.0,26.0,0.19,38.0,260.0,20.0,5.0,0.22,0.0,407.0,0.0,0.46,5.16,,1.16,0.031,0.038,0.28,0.12,0.031,33.0,0.0,90.8,1.1,,0.9,0.2,0.2,0.5,0.35,0.5,0.0
20061,"Haricot vert, cru",31.9,0.22,0.05,0.007,0.051,0.06,0.0,0.0,0.0,4.14,3.26,2.7,1.83,0.015,37.0,0.069,1.03,0.81,25.0,0.22,38.0,211.0,0.98,6.0,0.24,0.0,379.0,0.0,,14.4,,12.2,0.082,0.1,0.73,0.23,0.14,,0.0,90.3,1.39,0.0,1.51,0.0,0.0,0.36,0.88,,0.0
20030,"Haricot vert, cuit",29.4,0.17,0.048,0.0093,0.05,0.059,0.0,0.0,0.0,3.0,0.0,4.0,2.0,0.4,55.3,0.081,0.6,5.0,22.3,0.19,36.0,174.0,10.0,5.8,0.2,0.0,137.0,0.0,0.46,16.0,,5.0,0.05,0.08,0.34,0.05,0.05,33.0,0.0,89.3,0.5,,0.5,0.5,0.5,0.5,2.91,0.093,0.0
20070,"Haricot vert, surgelé, cru",33.1,0.21,0.047,0.008,0.049,0.059,0.0,0.0,0.0,4.76,2.21,2.6,1.79,0.0075,42.0,0.049,0.85,0.85,22.0,0.37,32.0,186.0,1.1,3.0,0.26,0.0,292.0,0.0,,44.8,0.0,12.9,0.098,0.091,0.5,0.1,0.044,,0.0,89.9,1.04,0.0,0.92,0.0,0.0,0.25,1.53,0.1,0.0
20071,"Haricot vert, surgelé, cuit",33.7,0.17,0.042,,,,0.0,0.0,0.0,5.1,1.23,3.0,1.49,0.0025,42.0,0.059,0.66,0.4,19.0,0.29,29.0,159.0,0.4,1.0,0.24,0.0,334.0,0.0,0.46,12.7,,4.1,0.035,0.09,0.38,0.049,0.06,33.0,0.0,91.4,,,,,,,3.61,0.1,0.0
20194,"Haricots blancs à la sauce tomate, appertisés",80.5,0.5,0.16,,,,,,,11.7,3.0,5.0,4.83,0.87,,,,,,,,,,340.0,,,,,,,,,,,,,,,,74.7,0.3,,0.3,,0.3,0.3,,0.0,0.0
20257,"Haricots verts, purée",56.3,2.9,1.9,,,,0.0,0.0,,4.2,1.5,3.3,1.7,0.36,,,,,,,,,,,,0.0,,,,,,,,,,,,,,,,,,,,,,,0.0
11112,"Harissa (sauce au piment), préemballée",76.4,2.9,0.47,0.5,0.97,0.04,,0.01,,7.3,6.89,5.1,2.72,2.81,78.1,1.0,3.1,43.5,47.2,1.0,63.0,710.0,5.0,1120.0,1.0,,4000.0,,,,,31.9,0.05,0.21,0.05,0.52,0.26,28.0,,77.9,1.56,,5.33,0.5,0.5,0.5,0.41,0.0,0.0
11080,Herbes aromatiques fraîches (aliment moyen),51.2,0.93,0.25,,,,0.0,0.0,0.0,4.69,1.89,5.53,3.26,0.28,178.0,0.23,6.53,,62.9,1.3,61.8,493.0,0.52,32.0,1.02,0.87,3290.0,0.0002,,1140.0,,85.3,0.072,0.15,1.19,0.35,0.14,,0.0,83.8,,,,,,,0.18,0.0004,0.0
11060,"Herbes de Provence, séchées",283.0,7.2,1.88,,,,,,0.0,23.1,,40.1,11.5,0.088,1860.0,1.06,69.8,15.0,304.0,5.2,297.0,1970.0,4.4,35.0,5.47,0.0,,0.0,1.69,,,54.0,0.33,0.34,6.03,0.0,1.58,,0.0,7.1,,,,,,,2.0,0.0,0.0
26214,"Hoki de Nouvelle-Zélande, cru",75.5,1.46,0.26,,,,,,,0.0,0.0,0.0,15.6,0.14,8.0,0.02,0.84,,20.0,0.016,154.0,306.0,47.0,54.4,0.23,,,0.004,,,,0.3,0.02,0.002,1.84,0.44,0.09,20.0,0.7,82.8,,,,,,,0.0,0.0,0.0
26213,"Hoki, tout lieu de pêche, cru",92.3,2.36,0.53,0.4,0.026,0.009,0.073,0.17,33.6,0.0,0.0,0.0,17.8,0.18,6.46,0.1,0.23,13.5,28.2,0.1,167.0,345.0,27.8,70.8,0.26,18.7,,2.49,,,,,0.046,0.045,1.67,0.52,0.12,,1.11,78.7,,,,,,,0.0,0.0,0.0
10009,"Homard, bouilli/cuit à l'eau",90.9,1.32,0.21,0.19,0.039,0.055,0.2,0.11,128.0,0.11,0.0,0.0,19.6,0.9,68.8,1.3,0.63,120.0,34.2,0.19,212.0,208.0,2.2,361.0,2.96,1.0,0.0,0.0,1.0,0.0,0.0,0.0,0.051,0.029,1.61,1.43,0.14,12.3,1.64,76.5,0.0,0.0,0.0,0.0,0.0,0.0,0.0,0.0,0.0
10010,"Homard, cru",85.5,1.15,0.2,0.33,0.04,0.029,0.18,0.093,117.0,0.94,0.0,0.0,17.9,0.9,68.8,1.3,0.45,240.0,34.2,0.19,150.0,204.0,2.2,361.0,2.96,11.0,0.0,0.0,0.87,0.0,0.0,2.5,0.038,0.038,1.7,1.47,0.12,12.0,3.78,77.9,0.0,0.0,0.0,0.0,0.0,0.0,0.0,0.0,0.0
25403,"Hot-dog, préemballé",278.0,13.8,5.18,5.37,1.41,0.22,0.01,0.01,34.7,26.3,5.2,1.6,10.9,1.69,56.0,0.08,0.85,20.0,17.0,0.26,150.0,210.0,20.0,676.0,1.1,21.0,,0.25,,3.7,,0.5,0.11,0.051,1.37,0.4,0.068,31.2,0.5,44.5,1.2,,2.0,0.3,1.0,0.7,19.1,0.0,0.0
25621,"Houmous, préemballé",258.0,19.9,2.02,,,,,,,9.0,1.66,5.18,8.06,1.08,,,,,,,,,,472.0,,,,,,,,,,,,,,,,,,,,,,,,0.0,0.0
17700,Huile combinée (mélange d'huiles),897.0,99.5,10.3,38.4,43.1,1.25,0.0,0.0,0.0,0.49,0.0,0.0,0.0,0.0061,2.57,0.0028,0.013,0.0,0.58,0.0015,0.0,0.81,10.0,2.42,0.03,0.0,0.0,0.0,61.7,,,0.0,0.0,0.0,0.0,0.0,0.0,,0.0,0.0,0.0,0.0,0.0,0.0,0.0,0.0,0.0,0.0,0.0
17701,"Huile combinée, mélange d'huile d'olive et de graines",900.0,100.0,12.1,46.3,27.2,2.18,0.0,0.0,0.0,0.0,0.0,0.0,0.0,0.0,0.0,0.0,0.0,0.0,0.0,0.0,0.0,0.0,0.0,0.0,0.0,0.0,0.0,5.0,,,,0.0,0.0,0.0,0.0,0.0,0.0,,0.0,0.0,0.0,0.0,0.0,0.0,0.0,0.0,0.0,0.0,0.0
17030,Huile d'amande,900.0,100.0,8.2,,,,0.0,0.0,0.0,0.0,0.0,0.0,0.0,0.0,0.0,0.0,0.0,,0.0,,0.0,0.0,0.0,0.0,0.0,0.0,0.0,0.0,39.2,7.0,,0.0,0.0,0.0,0.0,0.0,0.0,0.0,0.0,0.0,,,,,,,0.0,0.0,0.0
17040,Huile d'arachide,899.0,99.9,16.2,61.7,14.7,0.18,0.01,0.048,0.0,0.0,0.0,0.0,0.25,0.013,1.3,0.01,0.05,20.0,0.05,0.09,0.3,0.3,20.0,5.0,0.06,0.0,5.0,0.25,15.69,0.8,,0.0,0.0,0.0,0.0,0.0,0.0,0.0,0.0,0.08,0.0,0.0,0.0,0.0,0.0,0.0,0.0,0.0,0.0
17900,Huile d'argan ou d'argane,889.0,98.7,17.6,43.8,33.0,0.13,0.0,,0.0,0.0,0.0,0.0,0.0,,,,,,,,,,,,,0.0,,,,,,,,,,,,,,0.0,,,,,,,0.0,0.0,0.0
17100,Huile d'avocat,900.0,100.0,17.9,50.3,,0.55,0.0,,0.0,0.0,0.0,0.0,0.0,0.0,0.0,0.0,0.0,,0.0,0.0,0.0,0.0,0.0,0.0,0.0,0.0,50.0,,,,,0.0,0.0,0.0,0.0,0.0,0.0,0.0,0.0,0.0,,,,,,,0.0,0.0,0.0
17270,Huile d'olive vierge extra,899.0,99.9,15.2,69.8,6.52,0.65,0.01,0.01,0.0,0.0,0.0,0.0,0.25,0.013,0.2,0.01,0.05,20.0,0.05,0.01,0.3,0.3,20.0,5.0,0.05,0.0,210.0,0.25,14.35,58.1,,0.0,0.0,0.0,0.0,0.0,0.0,,0.0,0.1,0.0,0.0,0.0,0.0,0.0,0.0,0.0,0.0,0.0
16401,Huile de beurre ou beurre concentré,900.0,99.9,61.9,22.0,1.27,0.43,0.0,0.0,256.0,0.0,0.0,0.0,0.28,0.005,4.0,0.001,0.004,,0.0,0.0,3.0,0.002,0.0,2.0,0.01,824.0,193.0,1.8,2.8,8.6,,0.0,0.001,0.005,0.003,0.01,0.001,0.0,0.01,1.5,,,,,,,,0.0,0.0
17800,Huile de cameline,,,,17.9,15.3,36.4,,,0.0,0.0,0.0,0.0,0.0,,,,,,,,,,,,,0.0,,,,,,,,,,,,,,0.0,,,,,,,0.0,0.0,0.0
17850,Huile de chanvre,900.0,100.0,10.5,13.8,51.9,16.6,,0.096,0.0,0.5,0.1,0.5,0.0,0.001,,,,,,,,,,0.5,,0.0,,,,,,,,,,,,,,0.1,0.1,,0.1,0.1,0.1,0.1,0.0,0.0,0.0
17130,Huile de colza,900.0,100.0,7.26,55.2,18.6,7.83,0.0,0.0,0.0,0.0,0.0,0.0,0.0,0.0028,2.57,0.0052,0.023,0.8,0.58,0.0015,0.0,0.81,10.0,1.11,0.026,0.0,0.0,0.0,17.3,71.3,0.0,0.0,0.0,0.0,0.0,0.0,0.0,,0.0,0.0,0.0,0.0,0.0,0.0,0.0,0.0,0.0,0.0,0.0
17170,Huile de coton,900.0,100.0,25.9,17.0,51.5,0.2,0.0,0.0,0.0,0.0,0.0,0.0,0.0,0.0,0.0,0.0,0.0,0.0,0.0,0.0,0.0,0.0,0.0,0.0,0.0,0.0,0.0,0.0,35.3,24.7,,0.0,0.0,0.0,0.0,0.0,0.0,0.0,0.0,0.0,,,,,,,0.0,0.0,0.0
17630,Huile de foie de morue,900.0,100.0,22.6,33.1,2.71,1.79,6.9,11.0,570.0,0.0,0.0,0.0,0.0,0.0,0.0,0.0,0.0,400.0,0.0,0.0,0.0,0.0,0.005,0.0,0.0,30000.0,,250.0,,0.0,,0.0,0.0,0.0,0.0,0.0,0.0,0.0,0.0,0.0,0.0,,0.0,0.0,0.0,0.0,0.0,0.0,0.0
17110,Huile de germe de blé,900.0,100.0,18.8,12.5,46.9,5.91,0.0,0.0,0.0,0.0,0.0,0.0,0.0,0.0,0.0,0.0,0.0,,0.0,,0.0,0.0,0.0,0.0,0.0,0.0,0.0,0.0,149.4,24.7,,0.0,0.0,0.0,0.0,0.0,0.0,0.0,0.0,0.0,,,,,,,0.0,0.0,0.0
17650,Huile de hareng,900.0,100.0,21.3,,,,6.27,4.21,766.0,0.0,0.0,0.0,0.0,0.0,0.0,0.0,0.0,,0.0,0.0,0.0,0.0,0.0,0.0,0.0,0.0,,,,,,0.0,0.0,0.0,0.0,0.0,0.0,0.0,0.0,0.0,,,,,,,0.0,0.0,0.0
17180,Huile de lin,900.0,100.0,8.98,18.3,14.2,53.4,0.0,0.0,0.0,0.018,0.0,0.0,0.0,0.0,1.0,0.0,0.0,,0.0,0.0,1.0,0.0,0.0,0.0,0.07,0.0,0.0,0.0,0.47,9.3,0.0,0.0,0.0,0.0,0.0,,0.0,0.0,0.0,0.0,,,,,,,0.0,0.0,0.0
17190,Huile de maïs,900.0,100.0,12.9,27.3,53.2,1.16,0.0,0.0,0.0,0.0,0.0,0.0,0.0,0.0,0.0,0.0,0.0,0.8,0.0,0.0,0.0,0.0,0.0,0.0,0.0,0.0,0.0,0.0,22.6,1.9,,0.0,0.0,0.0,0.0,0.0,0.0,,0.0,0.0,,,,,,,0.0,0.0,0.0
17210,Huile de noisette,900.0,100.0,8.34,72.7,11.7,0.36,0.0,0.0,0.0,0.0,0.0,0.0,0.0,0.0,0.0,0.0,0.0,0.0,0.0,0.0,0.0,0.0,0.0,0.0,0.0,0.0,0.0,0.0,47.2,,,0.0,0.0,0.0,0.0,0.0,0.0,0.0,0.0,0.0,0.0,0.0,0.0,0.0,0.0,0.0,0.0,0.0,0.0
17220,Huile de noix,900.0,100.0,10.0,15.2,56.7,11.9,0.0,0.0,0.0,0.0,0.0,0.0,0.0,0.0,0.0,0.0,0.0,0.8,0.0,0.0,0.0,0.0,5.0,0.0,0.0,0.0,0.008,0.0,1.81,15.0,,0.0,0.0,0.0,0.0,0.0,0.0,,0.0,0.0,0.0,0.0,0.0,0.0,0.0,0.0,0.0,0.0,0.0
17020,Huile de noyaux d'abricot,900.0,100.0,6.3,,,,0.0,0.0,0.0,0.0,0.0,0.0,0.0,0.0,0.0,,0.0,,0.0,,0.0,0.0,0.0,0.0,0.0,0.0,0.0,,4.0,,,0.0,0.0,0.0,0.0,0.0,0.0,0.0,0.0,0.0,,,,,,,0.0,0.0,0.0
16150,"Huile de palme, raffinée",900.0,100.0,49.3,36.6,9.1,0.2,0.0,0.0,0.0,0.0,0.0,0.0,0.0,0.0,0.0,,0.01,,0.0,,0.0,0.0,,0.0,,0.0,,0.0,,8.0,,0.0,0.0,0.0,0.0,0.0,0.0,,0.0,0.0,,,,,,,0.0,0.0,0.0
17325,Huile de pavot,900.0,100.0,13.5,,,,0.0,0.0,0.0,0.0,0.0,0.0,0.0,0.0,0.0,,0.0,,0.0,,0.0,0.0,0.0,0.0,0.0,0.0,0.0,,11.4,,,0.0,0.0,0.0,0.0,0.0,0.0,0.0,0.0,0.0,,,,,,,0.0,0.0,0.0
17350,Huile de pépins de raisin,900.0,100.0,11.4,18.6,63.7,0.32,0.01,0.01,0.0,0.0,0.0,0.0,0.0,0.013,0.3,0.02,0.05,20.0,0.05,0.01,0.3,1.1,20.0,5.0,0.05,0.0,5.0,0.25,28.8,189.0,,0.0,0.0,0.0,0.0,0.0,0.0,0.0,0.0,0.03,0.0,0.0,0.0,0.0,0.0,0.0,0.0,0.0,0.0
17640,Huile de sardine,900.0,100.0,29.9,,,,10.1,10.7,710.0,0.0,0.0,0.0,0.0,0.0,0.0,0.0,0.0,,0.0,0.0,0.0,0.0,0.0,0.0,0.0,0.0,,8.3,,,,0.0,0.0,0.0,0.0,0.0,0.0,0.0,0.0,0.0,,,,,,,0.0,0.0,0.0
17645,Huile de saumon,900.0,100.0,,,,,13.0,18.2,485.0,0.0,0.0,0.0,0.0,0.0,0.0,0.0,0.0,,0.0,0.0,0.0,0.0,0.0,0.0,0.0,0.0,,,,,,0.0,0.0,0.0,0.0,0.0,0.0,0.0,0.0,0.0,,,,,,,0.0,0.0,0.0
17400,Huile de sésame,900.0,100.0,14.9,38.5,39.6,0.38,0.0,0.0,0.0,0.0,0.0,0.0,0.0,0.0,0.0,0.0,0.0,,0.0,,0.0,0.0,0.0,0.0,0.0,0.0,0.0,0.0,1.4,13.6,,0.0,0.0,0.0,0.0,0.0,0.0,0.0,0.0,0.0,,,,,,,0.0,0.0,0.0
17420,Huile de soja,900.0,100.0,15.7,22.6,50.4,6.79,0.0,0.0,0.0,0.0,0.0,0.0,0.0,0.0028,2.57,0.0039,0.041,0.8,1.52,0.013,0.0,1.85,10.0,1.11,0.11,0.0,0.0,0.0,13.1,184.0,0.0,0.0,0.0,0.0,0.0,0.0,0.0,,0.0,0.0,0.0,,0.0,0.0,0.0,0.0,0.0,0.0,0.0
17390,Huile de son de riz,900.0,100.0,19.7,,,,0.0,0.0,0.0,0.0,0.0,0.0,0.0,0.0,0.0,,0.07,,0.0,,0.0,0.0,0.0,0.0,0.0,0.0,0.0,,32.3,24.7,,0.0,0.0,0.0,0.0,0.0,0.0,0.0,0.0,0.0,,,,,,,0.0,0.0,0.0
17440,Huile de tournesol,900.0,100.0,11.1,26.7,56.3,0.05,0.01,0.01,0.0,0.0,0.0,0.0,0.25,0.025,0.2,0.01,0.05,20.0,0.05,0.01,0.3,0.3,20.0,10.0,0.05,0.0,5.0,0.25,41.08,0.8,,0.0,0.0,0.0,0.0,0.0,0.0,0.0,0.0,0.03,0.0,0.0,0.0,0.0,0.0,0.0,0.0,0.0,0.0
16030,Huile ou beurre de cacao,900.0,100.0,59.7,32.6,2.8,0.1,0.0,0.0,0.0,0.0,0.0,0.0,0.0,0.0,0.0,0.0,0.0,0.0,0.0,0.0,0.0,0.0,0.0,0.0,0.0,0.0,0.0,0.0,,24.7,,0.0,0.0,0.0,0.0,0.0,0.0,,0.0,0.0,,,,,,,0.0,0.0,0.0
16110,Huile ou beurre de karité,900.0,100.0,46.6,,,,0.0,0.0,0.0,0.0,0.0,0.0,0.0,0.0,0.0,,0.0,,0.0,,0.0,0.0,,0.0,0.0,0.0,0.0,,,,,0.0,0.0,0.0,0.0,0.0,0.0,,0.0,0.0,,,,,,,0.0,0.0,0.0
16060,"Huile ou graisse de coco (coprah), raffinée",900.0,100.0,86.5,5.8,1.8,,,,0.0,0.0,0.0,0.0,0.0,0.0,1.0,0.0,0.06,0.4,0.0,0.0,0.0,0.0,0.0,0.0,0.0,0.0,,0.0,,,,0.0,0.0,0.0,0.0,0.0,0.0,,0.0,0.0,0.0,,0.0,0.0,0.0,0.0,0.0,0.0,0.0
16040,"Huile ou graisse de coco, sans précision",897.0,99.5,84.5,6.07,1.68,0.019,0.0,0.0,0.0,0.41,0.0,0.0,0.0,0.0,1.0,0.0,0.045,,0.0,0.0,0.0,0.0,,0.0,0.02,0.0,0.0,0.0,,0.55,0.0,0.0,0.0,0.0,0.0,0.0,0.0,,0.0,0.03,,,,,,,0.0,0.0,0.0
16050,"Huile ou graisse de coco, vierge",899.0,99.9,85.4,3.95,0.61,0.046,0.046,0.046,0.0,0.0,0.0,0.0,0.16,4.0,10.0,0.04,0.5,2.5,2.0,0.04,3.01,8.0,0.83,4.0,1.0,16.0,30.0,,,50.0,,2.0,,,,,,,,0.09,,,,,,,0.0,0.0,0.0
16200,"Huile ou graisse de palmiste, sans précision",900.0,100.0,81.5,,,,0.0,0.0,0.0,0.0,0.0,0.0,0.0,0.0,0.0,0.0,0.0,,0.0,0.0,0.0,0.0,,0.0,0.0,0.0,0.0,0.0,,24.7,,0.0,0.0,0.0,0.0,0.0,0.0,,0.0,0.0,,,,,,,0.0,0.0,0.0
16128,"Huile pour friture, sans précision",900.0,100.0,9.86,37.5,43.7,2.22,0.01,0.01,0.0,0.0,0.0,0.0,0.0,0.013,0.4,0.05,0.05,20.0,0.05,0.01,0.3,0.3,20.0,5.0,0.05,0.0,5.0,0.25,,12.1,,,,,,,,,,0.03,,,,,,,0.0,0.0,0.0
17001,Huile végétale (aliment moyen),899.0,99.9,12.9,51.9,26.7,1.16,0.0044,0.0055,0.0,0.032,0.0,0.0,0.18,0.01,0.31,0.0076,0.024,8.84,0.056,0.0066,0.13,0.18,18.8,4.08,0.026,0.0,102.0,0.11,,36.8,,0.0,0.0,0.0,0.0,0.0,0.0,,0.0,0.056,0.0,0.0,0.0,0.0,0.0,0.0,0.0,0.0,0.0
10035,"Huître creuse, crue",67.2,1.91,0.34,0.039,0.015,0.012,0.15,0.071,20.3,3.86,0.0,0.0,8.64,1.41,81.0,1.45,2.07,101.0,78.1,0.58,94.6,215.0,14.9,566.0,21.8,14.2,0.0,0.5,,,,6.5,0.037,0.15,1.95,0.65,0.095,6.5,28.6,83.3,0.0,,0.0,0.0,0.0,0.0,0.0,0.0,0.0
10036,"Huître plate, crue",53.5,0.9,0.17,,,,,,98.0,1.16,0.0,0.0,10.2,1.28,186.0,,6.0,,,,267.0,260.0,,510.0,45.0,75.0,0.0,0.54,0.46,,,0.0,0.1,0.2,1.5,,0.16,10.0,,85.7,,,,,,,0.0,0.0,0.0
10011,"Huître, sans précision, crue",67.2,1.91,0.34,0.039,0.015,0.012,0.15,0.071,20.3,3.86,0.0,0.0,8.64,1.45,92.7,1.29,2.18,101.0,90.2,0.55,94.6,175.0,23.5,578.0,22.5,14.2,,0.5,,0.0,,5.13,0.037,0.15,1.95,0.65,0.095,12.5,28.6,83.3,0.0,,0.0,0.0,0.0,0.0,0.0,0.0,0.0
20823,"Igname cousse-couche, pulpe, cuit à la vapeur, prélevé à la Martinique",88.9,0.3,,,,,0.0,0.0,0.0,17.9,,3.9,1.65,,,0.0,,,,0.09,,198.0,,,,0.0,,,0.14,,,0.87,,,0.1,,,,,75.4,,,,,,,17.9,0.0,0.0
20824,"Igname jaune, pulpe, cuit à la vapeur, prélevé à la Martinique",127.0,0.37,,,,,0.0,0.0,0.0,27.6,,2.67,2.04,,,0.05,,,,0.15,,349.0,,,,0.0,,,0.27,,,0.81,,,0.6,,,,,66.6,,,,,,,25.2,0.0,0.0
20825,"Igname saint martin, pulpe, cuit à la vapeur, prélevé à la Martinique",93.3,0.3,,,,,0.0,0.0,0.0,18.4,,3.9,2.25,,,0.01,,,,0.03,,25.1,,,,0.0,,,0.18,,,22.0,,,0.7,,,,,74.2,,,,,,,18.4,0.0,0.0
53672,"Igname, crue",111.0,0.2,0.038,0.006,0.063,0.012,0.0,0.0,0.0,23.9,,4.1,1.25,0.023,17.0,0.18,0.54,,21.0,0.4,55.0,816.0,,9.0,0.24,0.0,,0.0,,,,0.0,0.11,0.032,0.55,0.31,0.29,,0.0,69.6,,,,,,,,0.0,0.0
53503,"Igname, épluchée, bouillie/cuite à l'eau",109.0,0.14,0.029,,,,0.0,0.0,0.0,23.6,0.49,3.9,1.49,0.02,14.0,0.15,0.52,,18.0,0.37,49.0,670.0,,8.0,0.2,0.0,73.0,0.0,,2.3,,12.1,0.095,0.028,0.55,0.31,0.23,,0.0,70.1,,,,,,,,0.0,0.0
53502,"Igname, pelée, crue",111.0,0.17,0.037,,,,0.0,0.0,0.0,23.7,0.5,4.1,1.53,0.023,17.0,0.18,0.54,,21.0,0.4,55.0,816.0,,9.0,0.24,0.0,83.0,0.0,,2.3,,17.1,0.11,0.032,0.55,0.31,0.29,,0.0,69.6,0.1,,0.2,,,,,0.0,0.0
39215,"Ile flottante, rayon frais",131.0,3.05,1.53,0.66,0.31,0.004,,,31.5,21.4,19.4,0.067,4.7,0.12,97.0,0.1,0.4,11.7,9.8,0.1,27.8,126.0,6.0,45.0,0.9,41.0,4.0,0.5,,,,0.5,0.04,0.21,0.1,0.58,0.059,10.5,0.26,70.1,1.07,0.002,1.31,3.14,0.58,13.3,1.95,0.0,0.0
20903,Isolat de soja,402.0,3.39,0.42,,,,0.0,0.0,0.0,1.76,0.0,5.6,80.5,2.51,178.0,1.6,14.5,,39.0,1.49,776.0,81.0,,1010.0,4.03,0.0,0.0,0.0,,0.0,,0.0,0.18,0.1,1.44,0.06,0.1,176.0,0.0,4.98,,,,,,,,,0.0
28905,Jambon à l'os braisé,198.0,12.3,4.68,,,,0.0,0.0,62.0,0.3,0.0,0.0,21.6,2.97,7.0,0.083,0.87,,19.0,0.014,187.0,286.0,19.5,1190.0,2.32,0.0,0.0,0.7,0.28,0.0,,,0.6,0.22,4.46,0.46,0.38,3.0,0.64,64.8,,,,,,,0.0,0.0,0.0
28800,Jambon cru,239.0,13.2,5.09,5.05,1.24,0.1,0.001,0.004,72.2,4.27,0.75,0.0,25.9,5.67,10.4,0.079,0.97,1.2,36.2,0.012,228.0,591.0,5.66,2250.0,2.37,,0.0,0.6,0.21,,,13.0,0.89,0.21,8.1,,0.56,1.24,0.33,50.1,0.3,,0.3,,0.3,0.3,0.0,0.0,0.0
28801,Jambon cru fumé,246.0,16.1,6.72,5.95,1.44,0.11,0.0,0.0025,68.0,0.98,0.53,0.0,24.2,5.17,7.58,0.1,1.58,5.0,20.0,0.1,241.0,252.0,24.2,2050.0,0.28,0.0,0.0,0.5,0.28,0.0,,13.0,0.41,0.19,3.4,0.6,0.4,1.5,1.0,55.8,0.15,,0.15,0.0,0.15,0.15,0.0,0.0,0.0
28804,"Jambon cru fumé, allégé en matière grasse",142.0,3.4,0.71,0.94,0.29,0.02,0.0,0.0,,0.1,,0.0,27.7,4.24,,,,,,,,,25.8,1700.0,,,0.0,0.9,0.28,0.0,,,,,,,,5.0,0.88,63.9,,,,,,,0.0,0.0,0.0
28910,"Jambon cuit, choix",125.0,4.5,1.78,,,,,,,1.7,1.7,0.08,19.5,2.1,,,,,,,146.0,,19.5,945.0,,,0.0,0.8,0.28,0.0,,,,,,,,3.0,0.68,72.3,,,,,,,0.0,0.0,0.0
28912,"Jambon cuit, choix, avec couenne",137.0,6.3,,,,,,,,0.55,0.2,0.0,19.4,2.53,,,,,,,136.0,,19.5,1000.0,,,0.0,0.8,0.28,0.0,,,,,,,,3.0,0.68,71.5,,,,,,,0.0,0.0,0.0
28913,"Jambon cuit, choix, découenné dégraissé",115.0,3.24,1.18,,,,,,,1.88,1.32,0.15,19.6,1.96,10.0,,,,,,145.0,358.0,19.5,774.0,,,0.0,0.8,0.25,0.0,,,,,,,,3.0,0.65,72.1,,,,,,,0.0,0.0,0.0
28925,"Jambon cuit, de Paris, découenné dégraissé",115.0,3.42,,,,,,,,1.08,,0.0,20.0,,,,,,,,426.0,,19.5,,,,0.0,0.8,0.25,0.0,,,,,,,,3.0,0.65,,,,,,,,0.0,0.0,0.0
28803,"Jambon cuit, fumé",135.0,5.8,2.36,2.71,0.58,0.056,0.096,,34.1,0.79,0.62,0.1,20.0,1.93,4.3,0.077,1.84,5.0,23.5,0.1,298.0,435.0,14.0,797.0,4.35,0.0,0.0,0.63,0.28,0.0,,,0.65,0.17,6.95,0.42,0.46,17.4,0.28,73.2,0.0,,0.0,0.0,0.0,0.0,0.0,0.0,0.0
28900,"Jambon cuit, supérieur",113.0,2.83,1.1,1.12,0.24,0.012,0.064,0.01,39.8,0.76,0.69,0.19,21.0,1.87,20.0,0.2,0.54,5.0,22.5,0.2,193.0,362.0,10.4,788.0,2.0,0.0,0.0,0.5,0.28,0.0,,18.1,0.54,0.2,5.73,0.4,0.3,16.0,0.31,73.3,,,,,,,0.0,0.0,0.0
28901,"Jambon cuit, supérieur, avec couenne",118.0,3.59,1.2,,0.45,0.035,,,,0.91,0.86,0.25,20.4,1.96,,,,,,,265.0,,19.5,778.0,,,0.0,0.8,0.28,0.0,,,,,,,,3.0,0.68,72.2,,,,,,,0.0,0.0,0.0
28902,"Jambon cuit, supérieur, découenné",117.0,3.52,1.36,,,,,,62.0,0.77,0.76,0.05,20.5,1.87,,,1.5,,,,135.0,440.0,,742.0,6.5,,0.0,,0.05,,,,0.52,0.25,2.6,,0.22,0.0,,73.0,,,,,,,0.0,0.0,0.0
28906,"Jambon cuit, supérieur, découenné dégraissé",115.0,3.66,1.24,0.8,0.22,0.012,0.0,0.0,57.0,0.14,0.14,0.32,20.3,1.82,20.0,0.2,0.8,6.0,22.6,0.2,210.0,313.0,11.0,722.0,2.2,0.0,0.0,0.7,0.17,0.0,4.4,,0.64,0.22,5.6,0.7,0.3,2.7,0.32,72.8,0.3,,0.14,0.3,0.3,0.3,0.0,0.0,0.0
28907,"Jambon cuit, supérieur, dégraissé découenne, à teneur réduite en sel",121.0,3.83,1.5,,,,,,,0.74,0.74,0.42,20.8,1.48,,,,,,,,,19.5,575.0,,,0.0,0.8,0.28,0.0,,,,,,,,3.0,0.68,,,,,,,,0.0,0.0,0.0
28811,Jambon de Bayonne,243.0,12.6,4.93,6.27,1.27,0.083,0.0015,0.0,,4.51,0.5,0.0,28.0,5.75,,,,,,,,554.0,25.8,2270.0,,,0.0,0.9,0.28,0.0,,13.0,,,,,,5.0,0.88,48.6,0.3,,0.3,,0.3,0.3,0.0,0.0,0.0
28964,Jambon de dinde ou blanc de dinde en tranche,99.3,1.67,0.54,0.47,0.39,0.032,0.0015,0.003,49.7,0.023,0.023,0.39,20.9,1.9,7.1,0.04,0.35,20.0,26.0,0.02,230.0,370.0,50.0,763.0,0.92,21.0,0.0,0.5,0.39,0.8,,26.3,0.058,0.065,8.86,0.61,0.35,17.3,0.6,74.0,0.2,,0.023,0.2,0.2,0.4,0.0,0.0,0.0
28700,Jambon de porc à cuire ou jambon à rôtir/cuire au four,163.0,9.0,4.0,1.11,0.5,0.014,0.0,0.0,69.0,1.75,1.0,0.5,18.8,1.8,7.67,0.094,0.88,,22.0,0.026,217.0,338.0,30.8,870.0,2.15,2.5,0.0,0.47,0.22,0.0,,0.8,0.71,0.26,5.4,0.7,0.48,8.0,0.62,70.1,,,,,,,0.0,0.0,0.0
28963,Jambon de poulet ou blanc de poulet en tranche,105.0,1.79,0.54,0.5,0.28,0.027,0.0043,0.0071,43.4,1.39,1.13,0.53,20.7,1.86,6.3,0.04,0.34,20.0,29.0,0.01,240.0,380.0,50.0,766.0,0.58,21.0,0.0,0.5,0.07,0.8,,17.9,0.086,0.08,9.62,1.16,0.3,5.64,0.29,74.3,0.2,,0.5,0.2,0.2,0.4,0.0,0.0,0.0
28965,"Jambon de volaille ou blanc de volaille, à teneur réduite en sel, en tranche",108.0,1.65,0.53,,,,,,,1.6,1.23,0.71,21.3,1.38,,,,,,,,,11.7,548.0,,,0.0,,0.07,0.5,,,,,,,,3.0,0.24,,,,,,,,0.0,0.0,0.0
8395,Jambon en croûte,236.0,11.8,5.71,,,,0.0,,48.4,17.8,1.82,0.77,14.4,1.92,21.3,0.063,0.96,6.12,19.5,0.052,148.0,280.0,6.72,727.0,1.28,,34.5,0.46,1.03,,,7.21,0.5,0.16,3.34,0.38,0.23,4.14,0.52,52.2,,,,,,,13.2,0.0,0.0
8429,Jambon persillé en gelée,151.0,7.9,2.8,3.14,0.77,0.08,0.01,0.01,62.5,0.48,0.3,0.0,19.0,1.67,12.0,0.08,0.72,20.0,15.0,0.04,130.0,280.0,20.0,669.0,1.7,21.0,103.0,0.32,,5.89,,10.4,0.22,0.057,2.11,0.41,0.15,11.8,0.38,69.6,0.2,,0.3,0.2,0.2,0.2,0.35,0.0,0.0
28812,Jambon sec,230.0,12.6,4.99,,1.17,0.043,,,,0.48,0.33,0.0,28.7,5.7,,,,,,,,,25.8,2250.0,,,0.0,0.9,0.28,0.0,,,,,,,,5.0,0.88,53.2,0.3,,0.3,0.3,0.3,0.3,0.0,0.0,0.0
28844,Jambon sec de Parme,248.0,15.4,5.42,,,,,,,0.3,0.3,0.0,27.2,5.53,16.0,,0.7,,,,,,,2180.0,,,,,,,,13.0,,,,,,,,53.3,,,,,,,0.0,0.0,0.0
28845,Jambon sec Serrano,235.0,12.3,5.2,,1.31,0.071,,,,0.76,0.36,0.0,30.4,5.02,,,,,,,,,,1990.0,,,,,,,,,,,,,,,,54.1,0.3,,0.3,,0.3,0.3,0.0,0.0,0.0
28960,"Jambonneau, cuit",157.0,6.0,2.25,2.47,0.56,0.038,,,,5.43,0.65,0.4,20.0,1.99,,,,,,,123.0,,19.5,785.0,,,0.0,0.8,0.28,0.0,,,0.4,1.81,4.2,,0.29,3.0,0.32,65.5,,,,0.0,,,0.0,0.0,0.0
26240,"Joëls (petits poissons entiers) pour friture, crus",88.9,2.1,0.4,,,,,,,0.0,0.0,0.0,17.5,0.27,60.0,,0.9,,,,,,,108.0,,,,,,,,,,,,,,,,,,,,,,,0.0,0.0,0.0
20265,"Julienne ou brunoise de légumes, surgelée, crue",27.9,0.25,0.1,,,,0.0,0.0,0.0,4.08,3.13,2.28,1.19,0.1,43.5,,0.55,,,,,,,54.5,,0.0,,,,,,9.0,,,,,,,,,,,,,,,,,0.0
26130,"Julienne ou lingue, crue",80.8,0.44,0.11,0.032,,0.0,0.051,0.077,38.0,0.0,0.0,0.0,19.2,0.26,27.6,0.065,0.68,43.5,62.5,0.03,204.0,365.0,37.5,128.0,0.59,15.8,,0.0,,0.0,,0.0,0.09,0.11,2.08,0.32,0.3,7.0,0.78,79.3,0.0,,0.0,0.0,0.0,0.0,0.0,0.0,0.0
26234,"Julienne ou lingue, cuite",98.0,0.0,0.00018,0.00018,0.00018,0.00018,0.00018,0.00018,64.9,0.0,0.0,0.0,24.5,0.21,13.0,0.02,0.14,49.0,31.0,0.01,180.0,330.0,60.0,84.3,0.62,21.0,,0.5,,0.8,,0.0,0.024,0.01,2.26,0.22,0.22,19.5,0.78,73.9,,,,,,,0.0,0.0,0.0
2000,"Jus d'ananas, à base de concentré",52.3,0.096,0.044,0.012,0.022,0.017,0.0,0.0,0.0,11.9,11.9,0.18,0.41,0.011,14.3,0.03,0.15,1.0,17.0,1.46,9.12,144.0,10.0,4.62,0.066,0.0,3.0,0.0,,0.3,,15.0,0.058,0.021,0.2,0.056,0.1,18.0,0.0,87.1,2.75,0.0,3.1,0.0,0.1,4.57,0.0,0.0,0.0
2073,"Jus d'ananas, pur jus",52.9,0.074,0.031,,,,,,0.0,12.1,12.1,0.22,0.41,0.013,8.08,0.04,0.18,1.0,13.6,1.2,9.8,134.0,1.1,5.2,0.073,0.0,,0.0,0.02,,,14.0,0.055,0.02,0.3,0.15,0.1,23.0,0.0,86.3,2.79,,3.17,,,4.24,0.0,0.0,0.0
2377,"Jus d'orange sanguine, pur jus",45.6,0.1,0.043,,,,,,0.0,10.2,9.75,0.68,0.63,0.01,,,,,,,,,,4.0,,0.0,,0.0,,,,39.8,,,,,,,0.0,,,,,,,,0.0,,0.0
2012,"Jus d'orange, à base de concentré",45.6,0.13,0.034,0.022,0.023,0.0065,0.0,0.0,0.0,9.59,9.59,0.25,0.63,0.0084,7.25,0.023,0.08,0.45,10.9,0.02,16.9,154.0,10.0,3.44,0.022,0.0,10.6,0.0,,0.0,,44.2,0.08,0.039,0.3,0.24,0.1,30.0,0.0,89.7,2.6,0.0,2.42,0.2,0.098,3.17,0.0,0.0,0.0
2013,"Jus d'orange, frais",44.8,0.2,0.024,,,,0.0,0.0,0.0,9.19,8.4,0.2,0.7,0.0028,10.5,0.025,0.079,1.0,13.2,0.022,17.0,200.0,10.0,1.11,0.027,0.0,33.0,0.0,,0.1,,50.0,0.09,0.03,0.4,0.19,0.04,30.0,0.0,88.3,2.15,,1.97,0.0,,4.29,0.0,,0.0
2070,"Jus d'orange, pur jus",45.4,0.11,0.053,,,,0.0,0.0,0.0,9.61,9.61,0.28,0.61,0.012,0.41,0.022,0.068,0.7,10.0,0.021,16.5,165.0,,4.81,0.045,0.0,26.2,0.0,,0.1,,37.0,0.08,0.021,0.3,0.24,0.1,30.0,0.0,88.2,2.56,0.0,2.47,0.0,0.098,3.46,0.0,0.0,0.0
2381,Jus de canneberge ou cranberry,49.8,0.13,0.01,,,,0.0,0.0,0.0,12.1,12.1,0.1,,0.005,8.0,0.055,0.25,,6.0,,13.0,77.0,,2.0,0.1,0.0,27.0,0.0,,5.1,,9.3,0.009,0.018,0.091,,0.052,1.0,0.0,87.1,,,,,,,0.0,,0.0
13408,"Jus de carambole, prélevé à la Martinique, jus filtré",1.3,0.15,,,,,,,0.0,,,,,,,,,,,,,,,,,0.0,,,,,,7.0,,,,,,,,91.6,,,,,,,0.0,,0.0
13409,"Jus de carambole, prélevée à la Martinique, jus non filtré",0.5,0.03,,,,,,,0.0,,,,0.063,,,,,,,,,,,,,0.0,,,,,,14.2,,,,,,,,90.4,,,,,,,0.0,,0.0
2006,"Jus de carotte, pur jus",29.4,0.1,0.037,0.002,0.05,0.0073,0.0,0.0,0.0,6.55,5.95,0.33,0.4,0.1,13.6,0.051,0.46,2.0,8.75,0.071,25.6,210.0,2.2,42.5,0.086,0.0,9300.0,0.0,,15.5,,8.5,0.092,0.055,0.39,0.23,0.22,4.0,0.0,88.9,1.31,,1.38,,,3.06,0.0,,0.0
2040,"Jus de cerise des Antilles ou d'acérola, frais",22.9,0.3,0.068,,,,0.0,0.0,0.0,4.5,4.5,0.3,0.4,0.0075,10.0,0.086,0.5,,12.0,,9.0,97.0,,3.0,0.1,0.0,305.0,,,1.4,,1600.0,0.02,0.06,0.4,0.21,0.004,14.0,0.0,94.3,,,,,,,0.0,,0.0
13410,"Jus de citron punch (variété petit calibre), pur jus, prélevé à la Martinique",3.2,0.14,,,,,,,0.0,,,,0.48,,,,,,,,,,,,,0.0,,,,,,23.2,,,,,,,,92.0,,,,,,,0.0,,0.0
13411,"Jus de citron vert (variété gros calibre), pur jus, prélevé à la Martinique",6.9,0.46,,,,,,,0.0,,,,0.69,,,,,,,,,,,,,0.0,,,,,,23.7,,,,,,,,91.4,,,,,,,0.0,,0.0
2030,"Jus de citron vert, frais",9.87,0.07,0.008,,,,0.0,0.0,0.0,1.69,1.69,0.4,0.42,0.005,14.0,0.027,0.09,,8.0,0.018,14.0,117.0,,2.0,0.08,0.0,30.0,0.0,,0.6,,30.0,0.025,0.015,0.14,0.12,0.038,10.0,0.0,90.8,0.61,0.0,0.6,0.0,0.0,0.48,0.0,,0.0
2031,"Jus de citron vert, pur jus",25.7,0.23,0.026,,,,0.0,0.0,0.0,1.69,1.69,0.45,0.25,0.026,12.0,0.03,0.23,1.2,7.0,0.008,10.0,75.0,,10.5,0.06,0.0,10.0,0.0,,0.5,,6.4,0.033,0.003,0.16,0.066,0.027,8.0,0.0,92.5,,,,,,,0.0,,0.0
2007,"Jus de citron, fait maison",28.6,0.24,0.04,0.004,0.012,0.009,0.0,0.0,0.0,2.52,2.52,0.3,0.35,0.0065,12.4,0.042,0.08,0.9,5.99,0.008,8.0,103.0,2.2,2.62,0.049,0.0,1.0,0.0,,0.0,,38.7,0.024,0.015,0.091,0.13,0.046,20.0,0.0,92.3,1.1,0.0,0.99,0.0,0.0,0.43,0.0,,0.0
2028,"Jus de citron, pur jus",29.4,0.29,0.038,,,,0.0,0.0,0.0,6.1,2.4,0.4,0.4,0.053,11.0,0.037,0.13,,8.0,0.02,9.0,102.0,,21.0,0.06,0.0,2.0,0.0,,0.0,,24.8,0.041,0.009,0.2,0.091,0.043,10.0,0.0,92.5,,,,,,,0.0,,0.0
2034,"Jus de clémentine ou mandarine, pur jus",46.7,0.14,0.043,,,,,,0.0,10.4,10.0,0.15,0.66,0.0094,2.8,0.1,0.3,1.0,9.3,0.1,16.0,123.0,0.5,3.79,0.1,0.0,30.0,0.0,0.09,,,17.6,0.077,0.018,0.25,0.13,0.066,19.0,0.0,88.0,2.0,,1.6,0.2,0.2,5.1,0.0,,0.0
13412,"Jus de corossol, prélevé à la Martinique",6.5,0.43,,,,,,,0.0,,,,0.65,,,,,,,,,,,,,0.0,,,,,,16.3,,,,,,,,84.0,,,,,,,0.0,,0.0
2024,"Jus de fruit de la passion ou maracudja, frais",61.7,0.18,0.015,,,,0.0,0.0,0.0,14.3,14.3,0.2,0.67,0.015,4.0,0.05,0.36,,17.0,,25.0,278.0,,6.0,0.06,0.0,525.0,0.0,,0.4,,18.2,0.0,0.1,2.24,,0.06,8.0,0.0,84.2,,,,,,,0.0,,0.0
13413,"Jus de fruit de la passion ou maracudja, prélevé à la Martinique, pur jus",7.7,0.37,,,,,,,0.0,,,,1.08,,,,,,,,,,,,,0.0,,,,,,54.3,,,,,,,,84.4,,,,,,,0.0,,0.0
2052,"Jus de fruit(s) et de légume(s), pur jus",42.8,0.0,0.0,,,,,,0.0,9.5,8.6,0.7,0.85,0.0,,,,,,,,,,0.1,,0.0,,,,,,,,,,,,,,,,,,,,,0.0,,0.0
2004,Jus de fruits (aliment moyen),46.8,0.13,0.04,,,,0.00038,0.00038,0.0,10.2,9.98,0.28,0.53,0.012,4.31,0.028,0.11,2.16,9.53,0.074,14.5,155.0,,5.01,0.04,0.0,60.8,5e-05,,0.14,,32.2,0.069,0.027,0.32,0.21,0.093,24.1,0.0,88.2,3.33,0.0084,2.56,0.11,0.16,3.11,0.02,0.083,0.0
2077,"Jus de fruits, à base de concentré (aliment moyen)",47.6,0.13,0.031,0.02,0.026,0.0073,0.0,0.0,0.0,10.4,10.2,0.36,0.55,0.012,8.7,0.03,0.095,3.49,9.86,0.12,14.4,148.0,3.76,5.03,0.031,0.0,139.0,0.0,,0.024,,32.1,0.081,0.048,0.47,0.24,0.12,24.4,0.0,88.8,3.61,,2.71,0.23,0.15,2.9,0.0,0.061,0.0
2072,"Jus de fruits, pur jus (aliment moyen)",46.6,0.11,0.046,,,,0.0011,0.0011,0.0,10.2,10.0,0.26,0.51,0.013,1.81,0.027,0.11,1.7,9.05,0.061,14.3,154.0,,5.45,0.045,0.0,29.5,5e-05,,0.16,,30.6,0.062,0.017,0.25,0.19,0.089,23.4,0.0,87.9,3.32,0.011,2.55,0.087,0.16,3.09,0.031,0.089,0.0
2039,"Jus de grenade, frais",47.2,0.0,0.0,,,,,,0.0,11.6,11.6,0.0,0.2,0.0025,3.0,,0.2,,,,8.0,200.0,,1.0,0.1,0.0,33.0,0.0,0.55,,,8.0,0.02,0.03,0.2,,0.31,6.0,,85.4,,,,,,,0.0,,0.0
13414,"Jus de grenade, prélevée à la Martinique",2.8,0.0,,,,,,,0.0,,,,0.69,,,,,,,,,,,,,0.0,,,,,,19.8,,,,,,,,87.0,,,,,,,0.0,,0.0
2017,"Jus de grenade, pur jus",54.0,0.29,0.077,,,,0.0,0.0,0.0,12.7,12.7,0.1,0.15,0.023,11.0,0.021,0.1,,7.0,0.095,11.0,214.0,,9.0,0.09,0.0,0.0,0.0,,10.4,,0.1,0.015,0.015,0.23,0.29,0.04,24.0,0.0,86.0,6.37,0.0,6.28,0.0,0.0,0.0,0.0,,0.0
2075,"Jus de légumes, pur jus (aliment moyen)",24.3,0.13,0.036,0.004,0.036,0.0047,0.0,0.0,0.0,4.69,4.48,0.37,0.72,0.33,8.94,0.068,0.44,0.88,11.6,0.08,23.1,258.0,0.71,130.0,0.13,0.0,4840.0,0.0,,10.4,,17.0,0.067,0.042,0.53,0.24,0.16,7.94,0.0,92.2,1.3,,1.19,,,1.15,0.0,0.0,0.0
13415,"Jus de lime, pur jus, prélevé à la Martinique",6.5,0.57,,,,,,,0.0,,,,0.35,,,,,,,,,,,,,0.0,,,,,,18.5,,,,,,,,92.4,,,,,,,0.0,,0.0
13416,"Jus de mandarine commune, pur jus filtré pasteurisé, prélevée à la Martinique",37.6,0.0,,,,,,,0.0,9.4,9.4,0.5,,,,,,,,,,,,,,0.0,,,,,,27.7,,,,,,59.5,,,2.2,,2.0,,,5.2,0.0,,0.0
13417,"Jus de mandarine commune, pur jus filtré, prélevée à la Martinique",42.1,0.57,,,,,,,0.0,8.63,8.63,0.5,0.61,,,,,,,,,102.0,,,,0.0,50.0,,,,,26.7,,,,,,39.9,,90.0,1.93,,1.87,,,4.83,0.0,,0.0
13418,"Jus de mandarine macaque, pur jus filtré, prélevée à la Martinique",45.5,0.0,,,,,,,0.0,10.8,3.87,0.5,0.6,,,,,,,,,199.0,,,,0.0,90.0,,,,,6.0,,,,,,31.3,,88.2,0.8,,0.63,,,2.43,0.0,,0.0
2023,"Jus de mangue, frais",38.8,0.0,0.0,,,,,,0.0,9.5,9.3,0.0,0.19,0.028,,0.02,,3.0,14.3,0.02,,,0.1,,0.02,0.0,375.0,0.0,1.05,,,,0.01,,,0.14,0.12,27.1,0.0,86.0,,,,,,,0.2,,0.0
13419,"Jus de moubin, pur jus, prélevé à la Martinique",5.2,0.19,,,,,,,0.0,,,,0.88,,,,,,,,,,,,,0.0,,,,,,10.1,,,,,,,,85.5,,,,,,,0.0,,0.0
2015,"Jus de pamplemousse (pomélo), à base de concentré",40.9,0.1,0.074,0.0096,0.013,0.0037,0.0,0.0,0.0,8.41,8.41,0.21,0.52,0.01,10.6,0.031,0.2,0.6,7.91,0.016,12.5,115.0,2.2,3.97,0.037,0.0,3.0,0.0,,0.0,,23.7,0.042,0.02,0.055,0.13,0.02,11.8,0.0,89.9,2.68,,2.67,0.5,0.5,1.92,0.0,0.0,0.0
2025,"Jus de pamplemousse (pomélo), frais",43.7,0.1,0.014,,,,0.0,0.0,0.0,9.1,9.1,0.1,0.5,0.0025,9.0,0.033,0.2,0.6,12.0,0.02,15.0,162.0,,1.0,0.05,0.0,4.0,0.0,,0.0,,38.0,0.04,0.02,0.2,0.19,0.044,10.0,0.0,90.0,2.3,,2.4,,,2.5,0.0,,0.0
2027,"Jus de pamplemousse (pomelo), pur jus",42.5,0.083,0.044,,,,,,0.0,8.89,8.89,0.15,0.49,0.008,4.83,0.1,0.15,1.0,8.63,0.1,15.0,128.0,,3.05,0.1,0.0,217.0,0.0,0.19,,,22.5,0.043,0.017,0.12,0.13,0.048,12.6,,89.9,2.66,,2.69,0.5,0.5,2.22,0.0,0.0,0.0
13420,"Jus de pamplemousse (variété locale), pur jus, prélevé à la Martinique",3.4,0.19,,,,,,,0.0,,,,0.42,,,,,,,,,,,,,0.0,,,,,,35.6,,,,,,,,92.3,,,,,,,0.0,,0.0
2014,"Jus de pomme, à base de concentré",48.5,0.098,0.033,0.006,0.044,0.009,0.0,0.0,0.0,11.3,10.8,0.3,0.24,0.014,6.45,0.011,0.085,0.7,7.07,0.026,7.11,128.0,10.0,3.98,0.01,0.0,4.23,0.0,,0.0,,13.2,0.014,0.017,0.16,0.062,0.038,4.95,0.0,88.5,5.68,,2.12,0.5,0.5,1.54,0.0,0.5,0.0
2074,"Jus de pomme, pur jus",48.9,0.14,0.046,,,,0.0,0.0,0.0,11.4,10.9,0.23,0.17,0.022,4.32,0.1,0.3,1.0,4.56,0.1,6.59,113.0,0.1,13.3,0.1,0.0,7.0,0.0,,0.0,,14.5,0.013,0.01,0.043,0.045,0.042,6.75,0.0,88.4,5.96,0.0,2.13,0.5,0.5,1.44,0.0,0.5,0.0
13421,"Jus de prune de cythère verte ""géante"" (variété locale), fruit mûr, pur jus filtré, prélevée à la Martinique",33.4,0.19,,,,,,,0.0,7.13,4.34,1.0,0.29,,,,,,,,,,,,,0.0,,,,,,16.5,,,,,,,,91.1,2.43,,0.65,,,1.26,2.45,,0.0
13422,"Jus de prune de cythère verte ""géante"" (variété locale), fruit vert, pur jus filtré, prélevée à la Martinique",32.0,0.28,,,,,,,0.0,6.55,0.03,0.8,0.44,,,,,,,,,,,,,0.0,,,,,,21.1,,,,,,,,91.7,0.021,,0.006,,,0.0033,1.77,,0.0
13423,"Jus de prune de cythère verte ""naine"" (variété hybride), fruit mûr, pur jus filtré, prélevée à la Martinique",46.4,0.21,,,,,,,0.0,9.97,6.14,0.9,0.69,,,,,,,,,,,,,0.0,,,,,,34.3,,,,,,,,87.8,2.92,,2.27,,,0.95,1.11,,0.0
13424,"Jus de prune de cythère verte ""naine"" (variété hybride), fruit vert, pur jus filtré, prélevée à la Martinique",31.9,0.26,,,,,,,0.0,6.34,0.19,0.8,0.67,,,,,,,,,,,,,0.0,,,,,,45.5,,,,,,,,91.6,0.021,,0.16,,,0.011,1.41,,0.0
2018,Jus de pruneau,77.4,0.039,0.003,,,,0.0,0.0,0.0,18.7,13.5,0.45,0.37,0.025,12.0,0.068,1.18,,14.0,0.15,25.0,276.0,,10.0,0.21,0.0,2.0,0.0,,3.4,,4.1,0.016,0.07,0.79,0.11,0.22,,0.0,81.2,,,,,,,0.0,,0.0
2019,"Jus de raisin, à base de concentré",67.1,0.11,0.055,,,,,,0.0,16.0,16.0,0.15,0.31,0.0074,16.0,0.01,0.43,20.0,7.8,0.06,17.0,62.0,20.0,2.83,0.05,0.0,5.0,,0.67,0.8,,9.0,0.046,0.021,0.23,0.063,0.073,43.0,,84.2,8.49,,7.47,0.15,0.15,0.1,0.0,0.0,0.0
2016,"Jus de raisin, pur jus",69.2,0.057,0.031,0.003,0.017,0.005,0.0,0.0,0.0,16.3,16.0,0.14,0.25,0.0089,8.29,0.031,0.47,0.5,8.35,0.089,12.5,114.0,10.0,3.81,0.056,0.0,5.0,0.0,,0.4,,,0.017,0.015,0.29,0.048,0.032,5.0,0.0,82.4,7.73,0.0,7.25,0.5,0.5,0.047,0.0,0.0,0.0
2053,"Jus de tomate, pur jus (aliment moyen)",21.7,0.14,0.035,,,,,,0.0,3.73,3.72,0.4,0.88,0.45,6.54,,,0.3,13.1,,21.8,283.0,,175.0,,0.0,,,,,,,,,,,,,,94.0,1.3,,1.09,,,0.34,0.0,0.0,0.0
2026,"Jus de tomate, pur jus, salé à 3 g/L",23.2,0.17,0.0,,,,,,0.0,4.13,4.13,0.23,0.88,0.3,7.98,,,0.4,12.5,,23.2,263.0,,119.0,,0.0,,,,,,,,,,,,,,94.3,1.51,,1.28,,,0.59,0.0,0.0,0.0
2032,"Jus de tomate, pur jus, salé à 6 g/L",20.1,0.11,0.07,0.006,0.022,0.002,0.0,0.0,0.0,3.32,3.3,0.56,0.88,0.6,5.1,0.086,0.42,0.2,13.7,0.09,20.3,302.0,0.3,231.0,0.18,0.0,235.0,0.0,,5.1,,25.8,0.041,0.028,0.68,0.25,0.098,12.0,0.0,93.7,1.09,0.0,0.91,,0.0,0.098,0.0,0.0,0.0
2071,"Jus multifruit, à base de concentré, multivitaminé",45.5,0.091,0.051,,,,,,0.0,10.8,10.3,0.27,0.29,0.019,,,,,,,,,,7.5,,,,,2.15,,,16.2,0.3,0.36,3.84,1.28,0.42,45.6,,,,,,,,2.06,0.0,,0.0
2069,"Jus multifruit, à base de concentré, standard",49.6,0.15,0.021,,,,,,0.0,11.2,10.8,0.62,0.52,0.02,11.1,0.05,0.1,10.0,8.2,0.2,12.1,148.0,0.5,8.57,0.05,0.0,449.0,0.0,0.53,,,17.8,0.11,0.08,0.93,0.31,0.17,18.8,0.0,87.8,4.71,,3.1,,,2.78,0.0,,0.0
2033,"Jus multifruit, à base de jus et purée de fruits",49.1,0.11,0.026,,,,,,0.0,11.5,11.3,0.21,0.46,0.01,,,,,,,,,,3.99,,0.0,,,1.12,,,19.4,0.13,0.13,1.45,0.52,0.18,23.0,,,,,,,,,0.0,,0.0
2011,"Jus multifruit, base orange, multivitaminé",45.5,0.8,,,,,,,0.0,11.3,11.1,0.5,0.25,0.008,11.0,0.02,0.1,20.0,8.7,0.27,11.0,150.0,20.0,3.2,0.05,,880.0,,,0.8,,34.7,0.34,0.077,4.76,1.19,0.45,90.0,1.0,87.6,5.55,,3.1,0.15,0.15,2.45,0.35,,0.0
2038,"Jus multifruit, base orange, standard",46.8,0.16,0.05,,,,,,0.0,10.4,10.1,0.44,0.7,0.069,,,,,11.9,,,152.0,,1.55,,0.0,50.0,,,,,20.8,,,0.2,,,19.2,,88.6,3.3,,2.65,0.5,0.5,3.1,0.0,,0.0
2050,"Jus multifruit, base pomme, multivitaminé",41.9,0.1,,,,,,,0.0,10.1,10.1,0.5,0.33,,,,,,5.9,,,69.5,,,,,207.0,,,,,26.2,,,0.36,,,20.7,,88.2,5.2,,2.9,0.5,0.5,2.04,0.0,,0.0
2048,"Jus multifruit, base pomme, standard",49.9,0.1,,,,,,,0.0,12.2,10.1,0.5,0.33,0.0,,,,,5.94,,,99.1,,0.0,,0.0,207.0,,,,,25.4,,,0.38,,,16.2,,87.8,4.68,,2.98,0.5,0.5,2.44,0.0,,0.0
2036,"Jus multifruit, base raisin, standard",54.6,0.0,0.0,,,,,,0.0,13.0,13.0,0.3,0.5,0.0025,,,,,,,,,,1.0,,0.0,,,,,,,,,,,,,,,,,,,,1.89,0.0,,0.0
2002,"Jus multifruit, pur jus, multivitaminé",48.4,0.1,0.0,,,,,,0.0,11.3,11.0,0.25,0.48,0.0038,9.6,0.018,0.12,1.0,9.98,0.14,10.0,171.0,10.0,1.5,0.036,0.0,380.0,0.5,2.0,,,24.0,0.24,0.32,0.29,0.095,0.33,30.5,0.0,86.5,3.9,,2.3,0.2,0.2,2.4,0.0,,0.0
2035,"Jus multifruit, pur jus, standard",46.5,0.3,0.01,0.01,0.01,0.01,0.01,0.01,0.0,11.2,10.1,0.5,0.25,0.0023,5.4,0.03,0.08,20.0,7.0,0.09,10.0,140.0,20.0,0.92,0.05,0.0,84.9,0.0,,0.8,,11.5,0.015,0.01,0.17,0.099,0.083,5.0,0.0,87.3,4.78,0.1,2.6,0.1,0.1,2.7,0.3,0.5,0.0
13547,"Kaki de brousse, fruit, cru",72.4,0.19,0.02,,,,0.0,0.0,0.0,17.1,12.5,3.6,0.58,0.0025,8.0,0.11,0.15,,9.0,0.36,17.0,161.0,,1.0,0.11,0.0,253.0,0.0,,2.6,,7.5,0.03,0.02,0.1,,0.1,,0.0,80.3,5.56,,5.44,,,1.54,,,0.0
13066,"Kaki, chair et peau, cru",66.0,0.3,0.01,0.01,0.01,0.01,0.01,0.01,0.0,14.3,13.9,3.4,0.88,0.013,6.9,0.03,0.06,20.0,7.2,0.13,13.0,160.0,20.0,5.0,0.05,0.0,180.0,0.25,0.73,0.8,,3.41,0.015,0.01,0.1,0.14,0.01,8.0,0.0,81.8,6.4,0.2,7.5,0.2,0.2,0.2,0.35,0.5,0.0
20827,"Kamanioc, pulpe, cuit à la vapeur, prélevé à la Martinique",2.4,0.0,,,,,0.0,0.0,0.0,,,,0.6,,,,,,,,,,,,,0.0,,,,,,21.3,,,,,,,,62.3,,,,,,,20.0,0.0,0.0
18316,"Kéfir d'eau et de fruits, préemballé",3.6,0.5,0.5,,,,0.0,0.0,,0.9,0.4,0.0,0.1,0.1,,,,,,,,,,,,0.0,,,,,,,,,,,,,,,,,,,,,,0.0,0.0
19865,Kéfir de lait,61.1,3.4,2.33,0.8,0.075,0.027,,,14.0,4.5,3.42,0.0,3.19,0.12,127.0,0.01,0.05,24.3,12.7,0.009,95.0,155.0,1.3,49.0,0.44,30.6,0.0,0.1,0.02,0.0,,0.3,0.045,0.2,0.087,0.31,0.038,21.0,0.18,87.6,0.0,0.04,0.04,3.38,0.0,0.0,,0.0,0.0
11073,"Ketchup allégé en sucres, préemballé",68.6,0.088,0.032,,,,,,,13.8,10.8,1.43,1.33,1.96,,,,,,,,387.0,,1020.0,,,,,,,,,,,,,,,,,,,,,,,,0.0,0.0
11008,"Ketchup, préemballé",108.0,0.16,0.035,0.028,0.089,0.0089,0.0,0.0,0.0,23.7,21.1,1.77,1.23,2.35,21.4,0.079,0.77,2.0,21.2,0.1,42.3,440.0,10.0,900.0,0.12,0.0,560.0,0.0,,2.8,,10.2,0.24,0.078,1.27,0.18,0.11,6.67,0.0,68.3,5.98,,6.13,0.1,0.3,8.34,1.0,0.12,0.0
1018,"Kir (vin blanc, crème de cassis)",74.7,0.0,0.0,,,,0.0,0.0,0.0,3.3,3.3,0.0,0.18,0.0039,6.88,0.0027,0.67,0.96,5.09,0.08,18.0,108.0,2.2,1.56,0.082,0.0,8.7,0.0,0.14,,,18.5,0.0068,0.019,0.12,0.082,0.03,3.97,0.0,83.5,,,,,,,0.0,,8.69
1019,"Kir royal (champagne, crème de cassis)",87.3,0.0,0.0,,,,0.0,0.0,0.0,5.66,5.66,0.0,0.25,0.0039,6.88,0.0027,0.56,0.78,5.09,0.08,11.0,91.4,2.2,1.56,0.082,0.0,8.7,0.0,0.14,,,18.5,0.0027,0.015,0.12,0.067,0.026,3.77,0.0,82.5,,,,,,,0.0,,9.1
13021,"Kiwi, chair sans peau, avec pépins, cru",60.9,0.6,0.13,0.14,0.07,0.18,0.01,0.01,0.0,11.0,8.9,2.4,0.88,0.013,29.0,0.15,0.16,20.0,12.0,0.05,26.0,290.0,20.0,5.0,0.12,0.0,38.0,0.0,1.3,16.6,,81.9,0.015,0.021,0.23,0.24,0.036,26.0,0.0,83.5,4.3,,3.8,0.2,0.2,0.8,0.35,0.5,0.0
20991,"Kombu breton (Laminaria digitata), séché ou déshydraté",211.0,1.01,0.15,,,,,,0.0,22.9,,37.3,8.89,8.03,918.0,0.54,10.5,459000.0,770.0,0.45,520.0,4640.0,6.1,3210.0,5.03,0.0,939.0,2.25,0.32,,,11.1,,,3.01,,,,,6.09,,,,,,,,0.0,0.0
20990,"Kombu ou kombu japonais (Saccharina japonica), séché ou déshydraté",222.0,2.56,0.72,,,,,,0.0,24.9,,34.1,7.89,6.12,811.0,0.15,13.0,233000.0,1030.0,0.48,654.0,10400.0,134.0,2450.0,1.21,0.0,1590.0,0.0,,,,14.8,0.21,0.42,1.5,,0.08,124.0,,10.8,,,,,,,,0.0,0.0
20986,"Kombu royal (Saccharina latissima), séché ou déshydraté",205.0,1.39,0.21,,,,,,0.0,23.1,0.23,30.2,9.94,8.25,838.0,0.37,24.1,410000.0,749.0,1.01,174.0,5910.0,64.8,3300.0,2.33,0.0,3270.0,1.3,4.28,244.0,,31.6,0.075,0.11,2.11,,0.16,164.0,,7.23,,,,,,,,0.0,0.0
18025,"Kombucha, préemballé",6.61,0.3,0.01,0.01,0.01,0.01,0.01,0.01,,1.45,1.45,0.5,0.25,0.0053,5.7,0.01,0.05,20.0,1.5,0.07,0.5,7.7,20.0,2.1,0.05,0.0,5.0,0.25,,0.8,,0.5,0.015,0.01,0.1,0.0077,0.01,5.0,0.01,97.6,0.51,0.1,0.34,0.1,0.1,0.6,0.0,0.0,0.0
23122,"Kouign Amann, artisanal",449.0,25.1,16.7,4.9,0.54,0.15,0.01,0.02,77.9,48.7,20.5,2.2,5.81,0.85,20.0,0.06,0.49,20.0,11.0,0.21,59.0,86.0,20.0,340.0,0.43,244.0,50.0,0.25,,2.58,,0.5,0.05,0.01,0.1,0.3,0.027,47.0,0.056,17.0,5.1,0.1,4.64,0.39,0.87,9.45,24.9,0.0,0.0
23023,"Kouign amann, préemballé",489.0,28.8,19.9,,,,,,,53.2,27.8,1.45,3.64,0.86,,,,,,,,,,,,,,,,,,,,,,,,,,,,,,,,,,0.0,0.0
11222,"Ktipiti, tartinade de fromage frais aux poivrons rouges, préemballé",154.0,11.9,0.94,,,,,0.0,,3.9,3.1,1.35,7.24,0.89,,,,,,,,,,,,,,,,,,,,,,,,,,,,,,,,,,0.0,0.0
13549,"Kumquat, chair et peau, sans pépin, cru",53.7,0.86,0.1,0.15,0.12,0.047,0.0,0.0,0.0,9.6,9.36,6.5,1.88,0.025,62.0,0.095,0.86,,20.0,0.14,19.0,186.0,0.0,10.0,0.17,0.0,0.0,0.0,0.15,0.0,,43.9,0.037,0.09,0.43,0.21,0.036,17.0,0.0,80.9,2.3,,2.2,,,2.01,,,0.0
3000,"Lait 1er âge, poudre soluble (préparation pour nourrissons)",496.0,25.3,,,,,,,,55.0,38.7,2.48,10.9,0.55,541.0,0.23,6.81,57.2,56.2,,332.0,696.0,7.41,219.0,3.87,,,8.11,8.89,,,,0.47,0.87,4.75,,0.41,77.6,1.37,1.17,,,,,,,,0.0,0.0
19013,"Lait 1er âge, prêt à consommer (préparation pour nourrissons)",71.3,3.79,1.48,1.43,0.52,0.07,0.01,0.01,2.33,8.04,6.72,0.5,1.21,0.06,59.6,0.055,0.64,20.0,9.05,0.016,41.0,78.4,2.58,23.9,0.67,59.9,10.0,1.08,,,,3.18,0.074,0.17,0.74,0.52,0.065,19.3,0.17,86.3,0.1,0.1,0.1,6.62,0.1,0.1,0.35,0.0,0.0
3002,"Lait 2e âge, poudre soluble (préparation de suite)",484.0,23.2,,,,,,,,56.3,36.4,2.14,11.6,0.46,503.0,,7.02,,51.2,,323.0,,,184.0,4.75,,,8.59,9.15,,,,0.54,0.94,4.75,,1.02,83.4,1.42,,,,,,,3.7,,0.0,0.0
19014,"Lait 2e âge, prêt à consommer (préparation de suite)",65.1,2.9,1.14,1.04,0.42,0.059,0.01,0.01,2.5,8.23,5.63,0.5,1.21,0.055,71.2,0.055,0.92,20.0,8.89,0.013,52.0,82.3,1.98,22.0,0.66,48.5,10.0,1.2,,,,8.96,0.094,0.16,0.74,0.65,0.077,27.3,0.19,86.7,0.1,0.1,0.12,5.51,0.1,0.1,0.35,0.0,0.0
19038,"Lait à 1,2% MG, UHT, enrichi en vitamines",44.1,1.25,0.81,0.26,0.02,0.01,0.01,0.01,6.29,4.79,4.5,0.0,3.38,0.088,120.0,0.01,0.05,20.0,9.9,0.01,86.0,160.0,20.0,35.0,0.38,36.8,2.0,0.81,0.01,9.24,,0.5,0.17,1.82,2.12,0.9,0.23,16.1,0.5,89.7,0.2,0.3,0.2,4.0,0.2,0.2,0.0,0.0,0.0
19026,"Lait concentré sans sucres ajoutés, entier",119.0,5.9,3.96,1.16,0.08,0.02,0.01,0.01,,9.91,9.47,3.0,6.44,0.24,292.0,,0.019,28.0,27.5,,241.0,371.0,2.3,95.0,,,,,,,,1.9,0.05,0.32,0.19,3.8,0.05,30.7,0.16,74.5,0.1,0.1,0.1,9.47,0.1,0.1,0.0,0.0,0.0
19027,"Lait concentré sucré, entier",327.0,7.87,5.23,,,,0.0,0.0,34.0,56.5,56.5,0.0,7.7,0.21,290.0,0.013,0.19,28.0,25.2,0.0056,253.0,371.0,4.5,85.2,0.96,73.0,14.0,0.2,0.16,0.6,,2.6,0.09,0.42,0.21,0.75,0.051,11.0,0.44,27.2,1.16,0.002,0.43,10.7,0.002,44.2,0.0,0.0,0.0
19250,"Lait de brebis, entier",103.0,6.97,4.8,1.15,0.17,0.066,0.0,0.0,27.0,4.5,4.5,0.0,5.68,0.11,199.0,0.011,0.46,23.3,17.1,0.018,158.0,103.0,3.0,44.0,0.54,20.3,0.0,0.2,0.15,,,4.2,0.057,0.34,0.42,0.41,0.06,9.19,0.71,82.2,,,,4.5,,,0.0,0.0,0.0
19270,"Lait de bufflesse, entier",86.5,7.35,4.86,,,,,,19.0,5.1,4.95,0.0,,0.13,160.0,,0.2,,,,117.0,178.0,,52.0,0.2,27.0,23.0,0.03,0.09,,,3.0,0.04,0.12,0.1,,0.02,6.0,,82.4,,,,4.8,,,0.0,0.0,0.0
19201,"Lait de chèvre, demi-écrémé, UHT",45.8,1.57,1.06,0.3,0.04,0.01,0.01,0.01,7.33,4.13,4.13,0.0,3.77,0.15,110.0,0.01,0.02,20.0,13.0,0.01,110.0,190.0,20.0,58.6,0.33,13.4,5.0,0.03,0.07,0.8,,0.5,0.026,0.088,0.23,0.29,0.013,5.0,0.05,89.6,0.2,,0.2,4.13,0.2,0.2,0.0,0.0,0.0
19202,"Lait de chèvre, entier, cru",57.4,3.2,2.16,,,,,,12.1,4.01,4.01,0.0,3.22,0.091,107.0,0.1,0.17,25.0,12.9,,77.6,,4.0,36.6,0.33,25.8,7.0,0.2,0.07,0.3,,0.2,0.041,0.11,0.2,0.22,0.025,6.83,0.07,88.7,0.2,0.2,0.2,4.01,0.2,0.2,0.0,0.0,0.0
19200,"Lait de chèvre, entier, UHT",64.6,4.02,2.52,0.87,0.11,0.035,0.0,0.0,11.0,4.2,4.2,0.0,2.96,0.1,125.0,0.035,0.076,15.3,13.3,0.0053,100.0,187.0,2.0,41.6,0.42,51.3,0.0,0.1,0.04,,,1.15,0.047,0.13,0.3,0.34,0.057,1.0,0.077,87.2,,,,4.2,,,0.0,0.0,0.0
18041,Lait de coco,199.0,19.2,17.0,0.0,0.16,0.02,0.0,0.0,0.0,4.29,2.5,0.75,1.94,0.068,18.0,0.22,3.3,1.0,46.0,0.77,96.0,220.0,3.0,27.0,0.56,0.0,0.0,0.0,0.7,,,1.0,0.022,0.0,0.64,0.15,0.028,14.0,0.0,72.9,0.3,,0.3,,0.3,2.0,0.0,0.0,0.0
19012,"Lait de croissance infantile, liquide (aliment lacté destiné aux enfants en bas âge)",60.9,2.71,1.1,0.89,0.41,0.05,0.01,0.01,4.54,7.77,5.98,0.0,1.28,0.06,75.8,0.052,1.27,20.0,8.09,0.014,53.0,99.8,3.02,24.0,0.77,72.2,10.0,1.6,,,,10.4,0.093,0.23,0.77,0.52,0.076,38.9,0.48,87.7,0.1,0.1,0.1,5.98,0.1,0.1,0.35,0.0,0.0
19000,"Lait de grand mélange, en vrac",64.4,3.66,2.28,0.24,0.018,0.0078,0.0,0.0,14.0,4.65,,0.0,3.28,0.12,119.0,0.01,0.05,13.6,13.0,0.004,93.0,151.0,,49.0,0.38,31.0,,,,,,1.5,0.038,0.16,0.084,0.31,0.042,5.0,0.36,87.7,,,,,,,0.0,0.0,0.0
19225,"Lait de jument, entier",50.0,1.73,0.82,,,,,,8.5,6.22,6.17,0.0,2.41,0.05,87.4,0.03,0.065,,7.95,,54.0,63.3,,20.0,0.15,12.0,32.0,,,,,15.0,0.03,0.034,0.14,0.3,0.03,,0.3,89.2,,,,6.17,,,0.0,0.0,0.0
39400,"Lait de poule, sans alcool",87.8,4.19,2.59,,,,0.0,0.0,59.0,8.05,8.05,0.0,4.55,0.14,130.0,0.013,0.2,35.0,19.0,0.005,109.0,165.0,,54.0,0.46,58.0,7.0,1.2,,0.3,,1.5,0.034,0.19,0.11,0.42,0.05,9.0,0.45,82.5,0.04,0.04,0.07,7.82,0.04,0.04,,0.0,0.0
19033,Lait demi-écrémé (aliment moyen),47.5,1.55,0.98,0.29,0.021,0.0065,0.0033,0.0033,5.37,4.97,4.91,0.0,3.46,0.087,121.0,0.0034,0.041,23.9,10.7,0.0034,92.1,158.0,2.45,34.8,0.41,9.17,14.5,0.12,0.03,0.11,0.5,0.99,0.022,0.23,0.096,0.36,0.031,5.0,0.18,89.3,0.11,0.094,0.097,4.83,0.11,0.11,0.0,0.0,0.0
19060,"Lait demi-écrémé (ou à teneur en matière grasse légèrement inférieure), UHT,  à teneur réduite en lactose",44.4,1.29,0.86,0.25,0.02,0.01,0.01,0.01,,4.69,4.66,0.0,3.45,0.088,120.0,,,,,,,,2.5,35.0,,,4.0,1.2,0.03,0.2,,,,,,,,5.0,0.53,89.7,0.1,2.26,2.4,0.2,0.1,0.1,0.0,0.0,0.0
19042,"Lait demi-écrémé, pasteurisé",46.4,1.54,1.06,0.28,0.02,0.01,0.01,0.01,6.3,4.9,4.81,0.0,3.19,0.078,119.0,0.0031,0.041,14.5,11.1,0.002,90.9,156.0,3.35,31.0,0.41,16.8,8.33,0.048,0.03,0.0,,1.6,0.046,0.17,0.094,0.34,0.046,6.7,0.43,89.4,0.1,0.1,0.1,4.81,0.1,0.1,0.0,0.0,0.0
19041,"Lait demi-écrémé, UHT",47.7,1.56,0.97,0.29,0.021,0.0068,0.002,0.002,5.2,5.0,4.96,0.0,3.48,0.088,121.0,0.0067,0.084,25.8,10.7,0.0067,92.9,158.0,1.89,35.0,0.41,16.0,30.0,0.15,0.03,0.1,0.5,2.0,0.02,0.16,0.2,0.37,0.03,5.0,0.16,89.2,0.1,0.1,0.1,4.96,0.1,0.1,0.0,0.0,0.0
19037,"Lait demi-écrémé, UHT, enrichi en vitamine D",46.6,1.52,0.98,0.31,0.02,0.01,0.01,0.01,6.53,4.8,4.5,0.0,3.38,0.09,120.0,0.01,0.05,20.0,9.8,0.01,84.0,160.0,20.0,36.0,0.37,15.7,4.0,0.78,0.03,0.8,,0.5,0.023,1.16,0.1,0.28,0.023,5.39,0.21,89.4,0.2,0.2,0.2,4.5,0.2,0.2,0.0,0.0,0.0
19051,"Lait écrémé, pasteurisé",32.7,0.08,0.051,0.021,0.0024,0.00064,0.0,0.0,2.0,4.7,4.7,0.0,3.37,0.11,122.0,0.013,0.03,16.2,11.0,0.003,101.0,156.0,1.27,42.0,0.42,1.0,7.0,0.0,0.01,0.0,,0.0,0.045,0.18,0.094,0.36,0.037,5.0,0.5,90.8,0.0,0.0,0.0,4.7,0.0,0.0,0.0,0.0,0.0
19050,"Lait écrémé, UHT",34.4,0.021,0.15,0.02,0.15,0.15,0.15,0.15,2.1,5.01,4.68,0.0,3.6,0.085,119.0,0.0067,0.084,19.7,10.7,0.0067,94.2,156.0,2.42,34.0,0.42,16.0,30.0,0.15,0.01,0.1,,2.0,0.03,0.17,0.2,0.38,0.02,5.0,0.18,90.6,0.1,0.1,0.1,4.68,0.1,0.1,0.0,0.0,0.0
19678,"Lait emprésuré aromatisé, rayon frais",111.0,3.03,2.05,,,,,,,16.0,14.9,0.6,4.65,0.15,208.0,,,,9.5,,71.0,235.0,,98.8,,,,,,,,,,,,,,,,72.1,,,,,,,0.0,0.0,0.0
19044,"Lait en poudre, demi-écrémé",459.0,17.5,11.6,3.52,0.34,0.08,0.01,0.01,,43.4,43.4,0.0,31.5,0.78,996.0,,0.49,75.0,95.0,,782.0,1260.0,27.3,313.0,,,1.0,11.0,0.0,0.1,,,,1.8,,3.8,,69.0,3.5,2.47,0.1,0.1,0.1,43.4,0.1,0.1,0.0,0.0,0.0
19054,"Lait en poudre, écrémé",361.0,0.7,0.48,0.17,0.016,0.014,0.0,0.0,19.0,54.0,53.1,0.0,35.3,1.32,1260.0,0.041,0.32,41.0,114.0,0.02,977.0,1750.0,20.2,526.0,4.25,5.0,1.0,0.0,0.0,0.1,,6.2,0.41,1.65,0.92,3.4,0.35,50.0,4.01,1.95,0.002,0.002,0.002,53.1,0.002,0.002,0.0,0.0,0.0
19021,"Lait en poudre, entier",508.0,26.2,16.4,5.95,0.56,0.2,,,107.0,42.0,39.9,0.0,26.6,0.91,964.0,0.058,0.6,41.0,88.7,0.061,730.0,1260.0,14.0,364.0,3.56,253.0,170.0,0.72,0.58,2.2,,7.55,0.28,1.4,0.67,2.84,0.36,44.1,3.12,2.35,,,,37.7,,,0.0,0.0,0.0
19016,Lait entier (aliment moyen),63.9,3.49,2.12,0.67,0.055,0.015,0.0023,0.0023,12.3,4.78,4.29,0.0,3.42,0.12,119.0,0.015,0.043,17.7,10.6,0.003,88.1,153.0,2.26,47.1,0.4,33.3,16.2,0.11,0.07,0.15,0.95,1.1,0.041,0.17,0.097,0.36,0.033,5.0,0.2,87.9,0.12,0.1,0.12,4.29,0.12,0.12,0.048,0.0,0.0
19010,"Lait entier, cru",39.6,4.4,,,,,,,11.5,,,0.0,,0.12,120.0,0.018,0.048,9.5,11.0,0.0048,88.3,153.0,2.21,49.5,0.37,36.7,20.9,0.06,0.093,,,1.38,0.038,0.17,0.088,0.34,0.045,5.29,0.39,86.4,,,,,,,0.0,0.0,0.0
19024,"Lait entier, pasteurisé",61.8,3.3,2.25,0.76,0.081,0.02,0.0,0.0,13.9,4.8,3.2,0.0,3.3,0.2,117.0,0.1,0.046,12.4,10.9,0.002,88.0,140.0,2.2,79.0,0.37,38.5,20.2,0.06,0.07,0.0,,1.4,0.044,0.17,0.088,0.41,0.044,6.09,0.32,89.1,0.2,,0.2,3.2,0.2,0.2,0.2,0.0,0.0
19023,"Lait entier, UHT",64.6,3.55,2.08,0.64,0.047,0.014,0.003,0.003,11.8,4.77,4.64,0.0,3.46,0.093,119.0,0.0067,0.084,19.4,10.5,0.0067,88.1,157.0,2.63,37.0,0.41,31.6,30.0,0.13,0.07,0.2,0.95,2.0,0.04,0.17,0.2,0.34,0.03,5.0,0.16,87.5,0.1,0.1,0.1,4.64,0.1,0.1,0.0,0.0,0.0
19805,"Lait fermenté à boire ou lait ribot, nature, au lait entier",52.7,3.2,2.24,0.58,0.04,0.01,0.01,0.01,14.0,1.99,1.99,3.0,3.38,0.088,124.0,0.01,0.05,24.3,12.7,0.009,95.0,155.0,1.3,35.0,0.44,30.6,1.0,0.1,0.05,0.22,8.15,0.3,0.045,0.2,0.087,0.31,0.038,6.0,0.18,88.3,0.1,0.1,0.1,1.99,0.1,0.1,0.0,0.0,0.0
19801,"Lait fermenté à boire ou lait ribot, nature, maigre",36.2,0.54,0.34,0.11,0.01,0.01,0.01,0.01,4.9,3.87,3.87,0.05,3.33,0.11,160.0,0.0095,1.0,17.0,10.2,1.0,91.0,120.0,5.0,35.0,1.0,2.0,50.0,0.0,0.05,0.1,,1.25,0.05,0.09,0.05,0.38,0.05,7.8,0.24,90.6,0.1,0.1,0.1,3.72,0.1,0.1,0.0,0.0,0.0
19500,"Lait fermenté à boire, aromatisé, avec édulcorants, allégé en sucres, 0% MG, au L Casei",27.5,0.1,0.018,,,,,,,3.64,3.56,0.35,2.9,0.11,,,,,,,,,3.6,42.0,,,0.0,0.75,0.0,0.2,,,,,,,0.21,12.0,0.61,,,,,,,,,,0.0
19551,"Lait fermenté à boire, aromatisé, sucré,  enrichi en vitamine D, au L Casei",73.3,1.53,1.02,,,,,,,12.1,12.0,0.0,2.84,0.1,120.0,,,,,,,,3.3,,,,2.0,0.75,0.03,0.2,,,,,,,0.21,11.0,0.56,,,,,,,,,0.0,0.0
19516,"Lait fermenté à boire, aromatisé, sucré, au L Casei",69.7,1.6,1.0,,,,,,,10.8,10.8,0.033,3.06,0.1,120.0,,,,,,,,3.3,40.5,,,2.0,0.75,0.03,0.2,,,,,,,0.21,11.0,0.56,,,,,,,,,0.0,0.0
19538,"Lait fermenté à boire, nature, sucré, au L Casei",69.6,1.6,1.0,0.22,0.019,0.0049,0.00036,,5.0,10.8,10.8,0.05,3.06,0.1,120.0,0.1,0.1,9.6,7.8,0.1,66.0,112.0,5.0,40.0,0.3,8.0,8.0,0.75,0.015,,,0.5,0.021,0.14,0.07,0.23,0.21,8.9,0.095,83.4,0.26,0.35,0.29,2.77,0.0019,7.13,0.0,0.0,0.0
19508,"Lait fermenté ou yaourt à boire, aromatisé, sucré",65.9,0.89,0.59,0.16,0.022,0.002,0.002,0.002,3.7,10.7,9.67,0.14,3.16,0.093,140.0,0.02,0.27,23.0,13.1,0.022,94.0,157.0,2.0,37.0,0.5,16.0,30.0,1.03,0.06,0.8,,2.0,0.02,0.18,0.1,0.32,0.03,10.0,0.14,83.5,0.15,0.43,0.15,2.73,0.08,6.22,0.33,0.0,0.0
19534,"Lait fermenté ou yaourt à boire, aromatisé, sucré, enrichi en vitamine D",73.3,1.39,0.9,,,,,,,12.3,12.1,0.083,2.98,0.1,141.0,,,,,,,,3.1,36.1,,,4.0,0.83,0.06,1.2,,,,0.21,0.21,,0.29,10.0,0.38,,,,,,,,,0.0,0.0
19535,"Lait fermenté ou yaourt à boire, aux fruits, sucré",84.6,2.49,1.66,,,,,,,11.9,11.5,0.079,2.91,0.11,133.0,0.004,0.13,11.0,10.0,0.002,82.0,116.0,1.0,46.9,0.3,15.0,7.0,0.75,0.05,,,0.5,0.031,0.16,0.11,0.29,0.05,28.0,0.07,,,,,2.8,,,,0.0,0.0
19536,"Lait fermenté ou yaourt à boire, aux fruits, sucré, enrichi en vitamine D",74.0,1.42,0.91,,,,,,,12.4,11.7,0.1,2.9,0.1,206.0,,,,,,,,3.1,40.0,,,4.0,1.12,0.06,1.2,,,,0.21,,,,10.0,0.39,,,,,,,,,0.0,0.0
19539,"Lait fermenté type yaourt au bifidus, aromatisé, sucré",86.5,2.81,1.83,0.41,0.04,0.008,0.002,0.002,10.0,10.8,10.7,0.75,3.85,0.095,135.0,0.02,0.25,26.1,11.8,0.02,96.6,174.0,2.16,38.0,0.5,20.3,30.0,0.0,0.06,0.2,,2.0,0.03,0.22,0.1,0.39,0.03,7.0,0.19,80.0,0.18,0.53,0.15,3.33,0.08,6.52,0.13,0.0,0.0
19541,"Lait fermenté type yaourt au bifidus, aux fruits, 0% MG, avec édulcorants",48.1,0.094,0.039,,,,,,,6.71,6.37,1.08,4.67,0.18,155.0,,,,,,,,3.6,71.1,,,0.0,0.0,0.0,0.2,,,,,,,,12.0,0.31,,,,,,,,,0.0,0.0
19542,"Lait fermenté type yaourt au bifidus, aux fruits, sucré",87.7,2.83,1.81,0.45,0.045,0.013,0.002,0.002,9.5,10.8,10.5,0.7,3.76,0.1,139.0,0.02,0.25,30.8,13.6,0.027,106.0,197.0,9.0,40.0,0.5,38.3,75.0,0.0,0.06,1.2,,7.42,0.03,0.21,0.1,0.39,0.04,10.0,0.18,80.1,0.38,0.59,0.44,3.68,0.08,5.39,0.34,0.0,0.0
19546,"Lait fermenté type yaourt au bifidus, nature",92.3,2.38,1.46,0.33,0.034,0.008,0.002,0.002,10.0,10.8,10.2,0.0,6.35,0.068,174.0,0.02,0.25,26.6,10.1,0.027,103.0,132.0,3.32,27.0,0.5,23.9,30.0,1.63,0.06,0.2,,2.0,0.02,0.21,0.1,0.29,0.02,7.0,0.33,78.7,0.41,0.45,0.4,3.14,0.08,5.77,0.58,0.0,0.0
19544,"Lait fermenté type yaourt au bifidus, nature, 0% MG",42.9,0.3,0.17,,,,,,,5.75,5.75,0.0,4.39,0.14,149.0,,,,,,,,3.6,55.0,,,0.0,0.0,0.0,0.2,,,,,,,,12.0,0.61,,,,,,,,,0.0,0.0
19543,"Lait fermenté type yaourt aux esters de stérol, aux fruits, 0% MG, avec édulcorants",47.0,0.5,0.1,,,,,,,6.6,5.7,0.45,3.88,0.16,130.0,,,,,,,,3.6,65.0,,,0.0,0.0,0.0,0.2,,,,,,,,12.0,0.61,,,,,,,,,0.0,0.0
19679,"Lait gélifié aromatisé, nappé caramel, rayon frais",91.4,1.05,0.69,0.16,0.019,0.005,0.002,0.002,3.7,16.8,14.3,2.2,2.55,0.098,93.0,0.02,0.25,19.3,8.54,0.02,67.9,139.0,2.0,39.0,0.5,19.4,508.0,0.0,,,,2.0,0.02,0.16,0.1,0.3,0.02,,0.1,76.7,0.78,0.1,2.03,3.35,0.54,7.63,2.44,0.0,0.0
19680,"Lait gélifié aromatisé, rayon frais",124.0,3.53,2.15,,0.066,0.0074,,,7.8,19.5,17.6,0.52,3.39,0.14,120.0,0.11,0.61,7.8,14.5,0.1,81.0,181.0,5.0,55.4,0.55,14.5,7.0,0.2,0.043,,,0.5,0.03,0.17,0.19,0.33,0.037,21.5,0.045,75.2,0.3,0.0017,0.096,4.34,0.0017,12.9,0.77,0.0,0.0
19015,"Lait infantile pour prématurés, prêt à consommer",416.3,24.7,,,,,,,,48.5,35.0,3.55,,0.93,609.0,,9.86,,47.1,,338.0,,,372.0,6.78,,,22.0,29.3,,,142.0,0.89,1.26,18.5,,0.73,229.0,1.77,,,,,,,,,0.0,0.0
19039,"Lait, sans précision sur la teneur en matière grasse, UHT (aliment moyen)",47.7,1.57,0.98,0.29,0.025,0.01,0.01,0.01,5.46,4.97,4.89,0.0,3.48,0.088,121.0,0.0069,0.082,24.0,10.6,0.0069,92.1,158.0,2.54,35.1,0.41,9.79,30.0,0.13,0.07,0.16,0.52,1.89,0.022,0.24,0.1,0.36,0.03,5.0,0.17,89.2,0.11,0.094,0.096,4.81,0.11,0.11,0.0,0.0,0.0
20985,"Laitue de mer (Ulva sp.), séchée ou déshydratée",203.0,1.95,0.47,,,,,,0.0,13.8,0.22,33.5,15.7,5.63,1130.0,1.3,70.9,8450.0,2660.0,5.59,173.0,1960.0,12.2,2250.0,3.35,0.0,2320.0,1.29,2.46,18.5,,68.9,0.1,0.18,2.98,,0.28,102.0,,11.9,,,,,,,,0.0,0.0
20200,"Laitue iceberg, crue",17.3,0.14,0.018,0.005,0.029,0.045,0.0,0.0,0.0,2.5,1.24,1.1,0.95,0.016,18.0,0.025,0.41,0.6,7.0,0.13,20.0,141.0,0.15,6.5,0.15,0.0,299.0,0.0,,24.1,,2.8,0.041,0.025,0.12,0.091,0.042,,0.0,95.6,0.63,0.0,0.57,0.0,0.0,0.032,,,0.0
20171,"Laitue romaine, crue",17.2,0.3,0.039,0.009,0.047,0.11,0.0,0.0,0.0,1.35,1.19,2.1,1.23,0.02,33.0,0.048,0.97,1.25,14.0,0.16,30.0,247.0,1.0,8.0,0.23,0.0,5230.0,0.0,,103.0,,4.0,0.072,0.067,0.31,0.14,0.074,,0.0,94.6,0.8,0.0,0.39,0.0,0.0,0.0,0.0,,0.0
20031,"Laitue, crue",14.7,0.2,0.022,0.0061,0.026,0.064,0.0,0.0,0.0,1.22,0.73,1.1,1.35,0.021,64.6,0.036,1.1,1.22,14.9,0.4,30.0,206.0,2.33,8.47,0.2,0.0,3640.0,0.0,,123.0,,5.53,0.064,0.073,0.35,0.14,0.091,,0.0,95.4,0.4,0.0,0.33,0.0,0.0,0.0,0.0,,0.0
10022,"Langouste, bouillie/cuite à l'eau",106.0,1.52,0.26,,,,0.26,0.11,80.0,1.3,0.0,0.0,21.8,0.46,65.5,0.42,1.36,65.0,51.0,0.018,229.0,208.0,,182.0,7.27,10.5,0.0,0.5,1.5,,,2.1,0.009,0.056,4.9,0.4,0.17,1.0,4.04,,0.0,,0.0,0.0,0.0,0.0,0.0,0.0,0.0
10015,"Langouste, crue",86.9,1.34,0.25,0.08,,,0.22,0.094,125.0,1.07,0.0,0.0,17.7,0.45,60.6,0.38,1.12,65.0,30.3,0.015,241.0,340.0,,180.0,5.69,15.0,0.0,,1.47,,,2.0,0.044,0.097,3.06,0.35,0.17,1.0,3.5,78.6,,,,,,,0.0,0.0,0.0
10044,"Langoustine, bouillie/cuite à l'eau",92.6,0.98,0.14,0.064,0.0064,0.0018,0.075,0.074,149.0,0.0,0.0,0.0,20.9,0.67,84.0,0.83,1.28,394.0,45.0,0.06,208.0,283.0,55.6,270.0,1.7,2.0,0.008,0.5,1.0,0.0,,,0.049,0.033,2.32,0.22,0.16,11.0,3.35,76.3,,,,,,,0.0,0.0,0.0
10024,"Langoustine, crue",89.8,0.79,0.27,0.15,0.029,0.022,0.18,0.085,79.4,1.53,0.0,0.0,19.1,0.72,41.5,0.55,2.92,141.0,43.3,0.07,144.0,505.0,55.0,287.0,3.4,0.0,0.0,0.0,0.87,0.0,,3.0,0.13,0.01,2.0,1.5,0.21,17.0,0.9,76.5,,,,,,,0.0,0.0,0.0
10012,"Langoustine, panée, frite",282.0,13.6,1.5,,,,0.24,0.06,110.0,29.0,0.0,0.0,10.9,1.65,,0.16,1.7,41.0,24.0,0.35,310.0,130.0,17.0,660.0,0.6,0.0,0.0,0.0,0.0,,,0.0,0.11,0.04,1.2,0.26,0.09,0.0,1.0,44.6,0.0,,0.0,0.0,0.0,0.0,29.0,0.0,0.0
12040,Langres,286.0,23.8,16.9,3.92,0.37,0.08,0.01,0.01,89.3,1.13,0.2,0.0,16.7,0.99,160.0,0.03,0.05,30.0,12.0,0.01,220.0,140.0,20.0,397.0,1.2,220.0,74.4,0.25,0.23,1.37,,0.5,0.015,0.84,0.1,2.18,0.6,67.6,1.78,56.2,0.2,,0.2,0.2,0.2,0.2,0.0,0.0,0.0
25201,"Langue de boeuf sauce madère, préemballée",180.0,13.5,6.0,,,,,,,4.5,2.5,1.0,9.5,1.08,,,,,,,,,,430.0,,,,,,,,,,,,,,,,,,,,,,,,0.0,0.0
40207,"Langue, agneau, crue",167.0,10.9,3.52,4.58,0.34,0.035,0.0,0.0,,1.75,0.5,0.0,15.4,0.25,,,2.3,,,,,,13.8,102.0,2.08,,,,,,,,,,,,,4.0,3.9,71.0,,,,,,,0.0,0.0,0.0
40202,"Langue, boeuf, crue",195.0,13.8,4.69,3.98,0.32,0.077,0.0,0.0,87.0,0.82,0.3,0.0,16.8,0.17,6.0,0.17,2.27,2.15,16.0,0.026,133.0,315.0,11.9,68.6,3.31,0.0,0.0,0.0,,0.0,,3.1,0.13,0.34,4.2,0.65,0.17,7.0,5.1,67.7,,,,,,,0.0,0.0,0.0
40203,"Langue, boeuf, cuite",236.0,15.6,6.05,5.39,0.51,0.071,0.0,0.0,145.0,0.22,0.0,0.0,23.7,0.16,14.5,0.13,3.5,5.0,9.44,0.044,144.0,184.0,2.2,65.0,2.2,0.0,0.0,0.4,0.3,1.2,,1.3,0.05,0.3,3.9,1.07,0.12,7.0,6.62,59.6,,,,,,,0.0,0.0,0.0
40205,"Langue, porc, crue",222.0,17.2,5.96,4.1,0.68,0.056,0.0,0.0,101.0,0.5,0.0,0.0,16.3,0.28,16.0,0.07,3.35,1.7,18.0,0.011,193.0,243.0,12.0,110.0,3.01,0.0,0.0,1.15,0.29,0.0,,4.4,0.49,0.49,5.3,0.64,0.24,4.0,2.84,65.9,,,,,,,0.0,0.0,0.0
40204,"Langue, veau, crue",181.0,12.2,5.1,4.89,0.5,0.1,0.0,0.0,62.0,0.83,,0.0,16.9,0.23,4.39,0.16,2.3,2.15,17.0,0.029,173.0,241.0,2.0,93.0,3.4,0.0,,0.0,,0.0,,2.7,0.083,0.28,3.0,2.0,0.13,19.0,4.0,69.2,,,,,,,0.0,0.0,0.0
40201,"Langue, veau, cuite",237.0,17.0,4.83,,,,,,162.0,0.0,,0.0,21.0,0.16,9.0,0.21,2.6,,18.0,0.047,166.0,162.0,,64.0,3.8,0.0,,,1.1,,,6.0,0.11,0.35,2.6,1.1,0.16,9.0,6.8,64.1,,,,,,,0.0,0.0,0.0
25063,"Lapin à la moutarde, préemballé",108.0,5.0,2.1,,,,,,,0.5,0.5,0.8,14.9,1.2,,,,,,,,,,480.0,,,,,,,,,,,,,,,,,,,,,,,,0.0,0.0
34003,"Lapin de garenne, viande crue",108.0,2.32,0.69,,,,,,81.0,0.0,0.0,0.0,21.8,0.13,12.0,,3.2,,29.0,,226.0,378.0,,50.0,,0.0,,,,,,0.0,0.03,0.06,6.5,,,,,74.5,,,,,,,0.0,0.0,0.0
34004,"Lapin de garenne, viande cuite",164.0,3.51,1.05,,,,0.0,0.0,123.0,0.0,0.0,0.0,33.0,0.11,18.0,0.18,4.85,,31.0,,240.0,343.0,,45.0,2.38,0.0,0.0,0.0,,1.5,,0.0,0.02,0.07,6.4,,0.34,8.0,6.51,61.4,,,,,,,0.0,0.0,0.0
34000,"Lapin, viande braisée",197.0,8.41,2.51,,,,0.0,0.0,86.0,0.0,0.0,0.0,30.4,0.093,20.0,0.18,2.37,3.0,20.0,0.032,226.0,300.0,,37.0,2.37,0.0,0.0,0.0,,1.6,,0.0,0.06,0.17,7.16,0.67,0.34,9.0,6.51,58.8,,,,,,,0.0,0.0,0.0
34001,"Lapin, viande crue",188.0,11.6,4.74,0.71,0.79,0.28,0.0,,58.5,0.58,0.0,0.0,20.4,0.14,13.0,0.15,1.57,1.46,19.0,0.026,213.0,330.0,15.6,54.4,1.57,0.0,0.0,0.0,,0.0,,0.0,0.04,0.18,10.4,1.1,0.18,20.0,2.9,68.1,0.0,,0.0,0.0,0.0,0.0,0.0,0.0,0.0
34002,"Lapin, viande cuite",167.0,9.2,3.42,2.29,1.87,0.15,,,75.9,0.5,0.0,0.0,20.5,0.16,13.5,0.063,2.27,,21.8,0.015,200.0,340.0,73.0,63.2,1.79,0.0,,,1.22,,,0.0,0.1,0.21,9.0,0.5,0.13,2.1,2.2,68.2,,,,,,,0.0,0.0,0.0
16530,"Lard gras, cru",810.0,88.7,32.2,,,,0.0,0.0,57.0,0.0,0.0,0.0,2.92,0.028,2.0,0.018,0.18,0.5,2.0,0.002,38.0,65.0,,11.0,0.37,5.0,0.0,3.1,,0.0,,,0.084,0.051,0.99,0.12,0.04,1.0,0.18,7.69,,,,,,,0.0,0.0,0.0
28720,"Lardon fumé, cru",272.0,22.6,8.0,8.7,2.38,0.19,0.0,0.0036,60.1,0.35,0.35,0.34,16.7,2.63,18.2,0.1,0.6,11.1,23.8,0.1,122.0,596.0,5.0,1100.0,1.2,2.0,0.0,0.48,0.19,0.0,,0.9,0.38,0.11,4.9,0.44,0.25,21.1,0.42,55.7,0.0,0.0,0.0,0.0,0.0,0.35,,0.0,0.0
28725,"Lardon fumé, cuit",277.0,22.1,8.25,8.79,2.63,0.2,0.0,,55.5,4.8,0.9,0.0,14.7,2.59,10.0,0.054,0.82,,21.0,0.027,296.0,428.0,59.0,1040.0,1.7,0.0,0.0,1.1,0.32,0.0,,0.0,0.43,0.2,6.92,0.52,0.45,4.0,0.78,54.6,0.2,,0.3,0.2,0.6,0.2,,0.0,0.0
28501,"Lardon nature, cru",269.0,22.1,7.91,8.68,2.22,0.18,0.0,0.004,60.7,1.01,0.78,0.38,16.6,2.72,20.0,0.35,0.42,0.95,15.6,0.2,147.0,540.0,5.77,1130.0,1.67,0.0,0.0,0.75,0.43,0.0,,0.8,0.42,0.16,4.87,0.4,0.21,2.0,0.38,56.9,0.15,,0.78,0.15,0.15,0.15,,0.0,0.0
28504,"Lardon nature, cuit",324.0,24.5,12.6,8.36,2.41,0.024,0.0,,80.6,2.0,,0.0,23.8,3.8,7.5,0.1,0.5,12.0,22.0,0.1,156.0,572.0,12.0,1650.0,2.1,2.0,4.0,0.5,0.32,0.1,,,0.59,0.16,6.9,0.8,0.42,16.0,0.67,48.2,,,,,,,0.0,0.0,0.0
28723,"Lardon, cru, à teneur réduite en sel",246.0,19.0,7.28,,,,0.0,,,0.78,0.59,0.13,17.9,1.89,,,,,,,,,20.1,743.0,,,0.0,0.4,0.43,0.0,,,,,,,,0.0,0.5,,,,,,,,,0.0,0.0
25081,"Lasagnes ou canellonis à la viande (bolognaise), préemballés",134.0,5.72,2.55,1.13,0.39,0.054,0.00059,0.0,20.1,13.5,2.84,1.91,6.29,0.97,44.8,0.12,0.71,11.0,21.0,0.21,80.6,194.0,10.0,385.0,0.78,12.6,,0.08,1.05,,,2.46,0.07,0.096,1.15,,0.12,5.71,0.4,74.3,0.65,,0.58,0.74,0.38,0.31,9.2,0.0,0.0
25635,"Lasagnes ou cannellonis au fromage et aux épinards, préemballés",133.0,6.6,3.1,,0.47,0.15,,,,11.4,3.5,1.87,6.1,0.99,,,,,,,,,,397.0,,,,,,,,,,,,,,,,68.1,0.3,,0.3,,0.3,0.3,,0.0,0.0
25139,"Lasagnes ou cannellonis au poisson, préemballées",148.0,7.1,2.5,,1.08,0.12,,,,13.0,2.03,1.68,7.28,1.02,63.0,,0.41,,,,,,,403.0,,,,,,,,,,,,,,,,71.2,0.3,,0.3,,0.3,0.3,,0.0,0.0
25219,"Lasagnes ou cannellonis aux légumes et au fromage de chèvre, préemballés, cuits",179.0,10.2,5.23,2.82,1.04,0.08,0.01,0.01,25.6,14.0,2.3,1.4,7.0,0.85,32.0,0.03,0.18,20.0,6.5,0.08,40.0,59.0,20.0,340.0,0.23,54.0,235.0,0.5,,13.7,,0.67,0.041,0.089,0.35,0.36,0.047,39.5,0.18,65.6,0.38,,0.38,1.15,0.38,0.2,11.5,0.0,0.0
25131,"Lasagnes ou cannellonis aux légumes, préemballées, cuits",120.0,5.9,1.91,1.9,1.5,0.04,0.01,0.01,11.2,10.1,3.68,2.25,4.38,0.6,76.0,0.1,0.62,20.0,20.0,0.21,85.0,240.0,20.0,238.0,0.54,21.0,531.0,0.5,,6.37,,3.34,0.015,0.063,0.1,0.28,0.08,27.0,0.2,74.5,1.11,,1.11,0.86,0.34,0.26,6.42,0.0,0.0
11053,"Laurier, feuille",353.0,8.36,2.28,,,,0.0,0.0,0.0,48.6,48.6,26.3,7.61,0.058,834.0,0.42,43.0,,120.0,8.17,113.0,529.0,,23.0,3.7,0.0,3710.0,0.0,1.79,,,46.5,0.009,0.42,2.01,,1.74,,0.0,5.44,,,,,,,,0.0,0.0
42200,Lécithine de soja,779.0,83.0,12.6,7.03,30.4,4.01,,,0.0,8.0,3.3,0.0,0.0,0.038,125.0,0.0,2.5,0.0,115.0,,2750.0,875.0,,15.0,0.0,0.0,,0.0,32.5,,,0.0,0.0,0.0,0.0,0.0,0.0,0.0,0.0,1.0,,,,,,3.2,,0.0,0.0
20499,Légume cuit (aliment moyen),28.7,0.3,0.09,0.039,0.058,0.049,0.0044,0.0044,0.02,3.67,2.03,2.6,1.68,0.11,36.9,0.081,0.54,5.0,19.1,0.18,40.7,233.0,5.76,22.9,0.26,0.0,750.0,0.014,,26.1,,8.35,0.034,0.049,0.42,0.17,0.058,,0.0,91.0,0.66,,0.69,0.3,0.15,0.92,1.03,0.23,0.0
20700,"Légume sec, cuit (aliment moyen)",113.0,0.78,0.15,0.13,0.19,0.16,0.0079,0.0079,0.0,13.8,0.24,9.52,8.22,0.16,68.3,0.19,1.96,8.99,32.6,0.46,130.0,243.0,8.22,62.7,0.82,0.0,20.3,0.19,,3.35,,0.31,0.07,0.049,0.52,0.14,0.074,,,67.3,0.26,,0.13,0.26,0.13,0.26,13.3,0.25,0.0
20258,"Légumes (3-4 sortes en mélange), purée",61.2,3.4,2.17,0.66,0.12,0.06,0.01,0.01,9.0,4.25,2.4,3.3,1.94,0.63,47.0,0.12,0.67,20.0,18.0,0.18,42.0,260.0,20.0,252.0,0.33,0.0,1040.0,0.25,,25.9,,0.5,0.025,0.023,1.1,0.16,0.048,,0.019,86.0,0.6,0.2,0.5,0.2,0.5,0.8,1.6,0.5,0.0
25511,Légumes farcis (sauf tomate),91.9,6.22,1.82,,,,,,30.8,3.6,2.55,1.34,4.71,0.77,27.1,0.1,0.56,6.4,14.1,0.096,77.6,184.0,2.58,305.0,0.63,10.3,93.2,0.088,0.55,,,4.86,0.1,0.13,1.24,0.46,0.11,21.2,0.18,81.1,,,,,,,1.05,0.0,0.0
20497,"Légumes pour couscous, cuits",29.6,0.42,0.049,0.058,0.14,0.018,0.01,0.01,0.0,3.87,2.09,2.33,1.58,0.59,39.0,0.1,0.7,1.2,15.0,0.2,38.0,208.0,0.6,45.0,0.3,0.0,2750.0,0.0,0.38,,,18.0,0.05,0.04,0.41,0.17,0.12,,0.0,90.9,0.45,,0.55,0.2,0.2,0.5,1.78,,0.0
20496,"Légumes pour couscous, surgelés, crus",44.3,0.63,0.1,,,,0.0,0.0,0.0,6.47,3.05,2.53,1.93,0.12,35.6,,0.8,,,,,,,39.0,,0.0,,,,,,27.4,,,,,,,,,,,,,,,,0.048,0.0
20263,"Légumes pour potages, surgelés, crus",33.9,0.0,0.0,,,,0.0,0.0,0.0,5.83,3.17,2.67,1.33,0.038,37.0,,1.0,,,,,,,15.0,,0.0,,,,,,25.0,,,,,,,,89.2,0.48,,0.8,0.2,0.23,0.68,,0.048,0.0
20266,"Légumes pour ratatouille, surgelés",21.0,0.089,0.0,,,,0.0,0.0,0.0,3.23,2.88,1.67,1.01,0.082,,,,,,,,,,34.0,,0.0,,,,,,,,,,,,,,94.2,1.38,,1.33,0.3,0.3,0.3,,,0.0
20101,"Légumes, mélange surgelé, crus",65.1,2.65,0.84,0.96,0.56,0.15,0.0,0.0,0.0,5.71,2.18,4.7,2.26,0.6,25.0,0.093,0.95,5.0,24.0,0.24,59.0,212.0,,47.0,0.45,0.0,500.0,0.0,,,,10.4,0.12,0.085,1.25,0.16,0.096,,0.08,85.2,0.55,0.0,0.82,0.0,0.0,0.82,3.5,0.03,0.0
20588,"Lentille blonde, bouillie/cuite à l'eau",122.0,0.7,0.13,0.18,0.28,0.06,0.01,0.01,0.0,16.3,0.4,6.0,9.7,0.13,32.0,0.3,2.5,20.0,31.0,0.46,120.0,230.0,20.0,5.0,1.1,0.0,13.6,0.25,,0.93,,0.5,0.087,0.01,0.57,0.35,0.13,,,66.4,0.2,,0.2,0.2,0.2,0.4,14.2,,0.0
20586,"Lentille blonde, sèche",339.0,1.9,0.32,0.48,0.72,0.21,0.01,0.01,0.0,48.3,1.4,12.1,26.1,0.13,54.0,0.79,7.4,20.0,91.0,1.2,360.0,780.0,50.0,5.0,3.0,0.0,30.7,0.25,,9.82,,0.5,0.32,0.029,1.92,1.62,0.44,,,8.8,0.2,,0.2,0.2,0.2,1.4,36.4,,0.0
20589,"Lentille corail, bouillie/cuite à l'eau",123.0,0.5,0.09,0.13,0.22,0.06,0.01,0.01,0.0,15.0,0.26,8.2,10.6,0.13,21.0,0.29,2.2,20.0,25.0,0.39,110.0,190.0,20.0,5.0,1.3,0.0,12.5,0.25,0.11,2.56,,0.5,0.12,0.01,0.47,0.24,0.082,181.0,0.0,65.1,0.2,,0.2,0.2,0.2,0.26,14.7,,0.0
20535,"Lentille corail, sèche",328.0,0.8,0.14,0.23,0.28,0.09,0.01,0.01,0.0,44.9,1.29,15.4,27.7,0.13,29.0,0.82,6.3,20.0,74.0,1.2,330.0,750.0,20.0,5.0,3.9,0.0,29.9,0.25,,9.25,,0.5,0.32,0.018,1.42,1.05,0.41,,0.0,8.8,0.2,,0.2,0.2,0.2,1.29,43.6,,0.0
20587,"Lentille verte, bouillie/cuite à l'eau",125.0,0.58,0.093,0.13,0.15,0.032,0.01,0.01,0.0,16.2,0.2,8.45,10.1,0.015,39.5,0.25,2.45,20.0,34.0,0.44,160.0,215.0,20.0,5.8,1.25,0.0,16.8,0.25,,2.65,,0.5,0.094,0.022,0.52,0.24,0.11,,,64.8,0.2,,0.2,0.2,0.2,0.2,15.8,0.5,0.0
20585,"Lentille verte, sèche",327.0,1.8,0.24,0.42,0.73,0.21,0.01,0.01,0.0,44.5,1.1,16.4,25.1,0.13,64.0,0.6,6.3,20.0,97.0,1.0,480.0,940.0,20.0,5.0,3.4,0.0,36.7,0.25,,11.9,,1.63,0.29,0.046,1.98,1.34,0.35,,,9.5,0.2,,0.2,0.2,0.2,1.1,38.5,,0.0
20360,"Lentille, bouillie/cuite à l'eau (aliment moyen)",125.0,0.57,0.092,0.13,0.15,0.032,0.01,0.01,0.0,16.2,0.2,8.45,10.1,0.015,39.3,0.25,2.45,20.0,33.9,0.43,159.0,215.0,20.0,5.76,1.25,0.0,16.7,0.25,0.11,2.64,,0.5,0.094,0.022,0.52,0.24,0.11,181.0,0.0,64.8,0.2,,0.2,0.2,0.2,0.2,15.7,0.5,0.0
20510,"Lentille, cuisinée, appertisée, égouttée",90.4,0.64,0.1,0.12,0.2,0.049,0.00044,0.00028,0.0,12.3,0.67,4.0,6.83,0.65,21.0,0.12,1.67,3.0,15.8,0.4,82.7,178.0,2.8,239.0,0.55,0.0,25.0,0.0,0.19,,,0.0,0.083,0.043,0.43,0.2,0.12,,0.0,73.5,0.25,,0.25,0.2,0.25,0.26,10.2,,0.0
20359,"Lentille, sèche (aliment moyen)",327.0,1.8,0.24,0.42,0.73,0.21,0.01,0.01,0.0,44.5,1.1,16.3,25.1,0.13,63.7,0.6,6.31,20.0,96.8,1.0,478.0,937.0,10.5,5.0,3.4,0.0,36.6,0.25,,11.9,,1.61,0.29,0.046,1.98,1.34,0.35,,,9.49,0.2,,0.2,0.2,0.2,1.1,38.5,,0.0
11046,Levure chimique ou poudre à lever,108.0,0.0,0.0,0.0,0.0,0.0,0.0,0.0,0.0,26.9,0.0,0.2,0.1,,6620.0,0.012,11.1,,33.0,0.013,6050.0,12.5,,9250.0,0.015,0.0,0.0,0.0,,0.0,,0.0,0.0,0.0,0.0,0.0,0.0,0.0,0.0,4.5,,,0.2,,0.2,0.4,,0.0,0.0
11009,Levure de bière en paillettes,334.0,4.5,0.7,1.82,0.0093,0.00073,0.01,0.01,0.7,21.8,2.5,22.5,40.4,0.35,130.0,0.39,4.1,20.0,150.0,0.89,1100.0,1700.0,20.0,141.0,8.4,21.0,5.0,0.5,,0.8,,0.5,11.6,1.0,18.5,5.14,0.88,697.0,0.34,5.0,0.2,,0.3,0.2,2.2,0.2,3.7,0.0,0.0
11045,Levure de boulanger déshydratée,341.0,6.56,1.0,,,,0.0,0.0,0.0,14.3,0.0,26.9,42.7,0.13,30.0,0.44,2.17,5.0,54.0,0.31,637.0,955.0,,51.0,7.94,0.0,0.0,0.0,,0.4,,0.3,11.0,4.0,40.2,13.5,1.5,2340.0,0.07,5.08,0.0,0.0,0.0,0.0,0.0,0.0,,0.0,0.0
11010,Levure de boulanger fraîche,115.0,1.9,0.24,0.58,0.004,0.0,0.0,0.0,0.0,11.9,0.0,8.1,8.4,0.075,19.0,0.15,3.25,0.6,40.0,0.2,336.0,601.0,1.0,30.0,9.97,0.0,0.0,0.0,,0.0,,0.1,1.88,1.13,12.3,4.9,0.43,785.0,0.01,69.0,0.0,0.0,0.0,0.0,0.0,0.0,,0.0,0.0
20996,"Lichen de mer ou pioca ou goémon rouge (Chondrus crispus), séché ou déshydraté",215.0,1.95,0.15,,,,,,0.0,15.0,0.44,35.5,16.7,8.22,911.0,0.41,18.1,31300.0,1110.0,4.13,159.0,2300.0,13.0,3290.0,7.01,0.0,1530.0,,3.54,153.0,,61.6,0.017,0.065,1.97,,0.38,142.0,,12.7,,,,,,,,0.0,0.0
39220,"Liégeois aux fruits, rayon frais",145.0,7.26,4.75,1.46,0.14,0.028,0.01,0.01,21.1,17.7,16.5,1.37,1.15,0.048,36.0,0.04,0.35,20.0,7.8,0.12,32.0,120.0,20.0,17.0,0.17,63.5,41.5,0.5,,2.22,,6.51,0.096,0.049,0.1,0.24,0.023,20.6,0.15,72.3,2.8,,1.8,1.3,0.2,9.3,0.6,0.0,0.0
19681,"Liégeois ou viennois (chocolat, café, caramel ou vanille), rayon frais",139.0,6.48,4.27,1.1,0.1,0.024,0.004,0.004,9.1,16.1,14.6,2.0,3.09,0.12,92.5,0.072,1.1,19.6,17.5,0.088,78.6,209.0,2.0,47.0,0.5,42.9,30.0,0.0,,1.17,,2.0,0.02,0.17,0.2,0.34,0.03,,0.1,71.4,0.2,0.02,0.35,3.96,0.08,10.1,1.48,0.0,0.0
26129,"Lieu jaune ou colin, cru",75.5,0.51,0.069,0.017,0.002,0.0,0.02,0.042,67.3,0.0,0.0,0.0,17.7,0.29,13.7,0.04,0.39,80.0,38.5,0.01,235.0,331.0,35.0,129.0,0.4,3.0,,0.0,,0.0,,0.0,0.085,0.08,1.65,0.14,0.0,3.0,3.0,80.8,0.0,,0.0,0.0,0.0,0.0,0.0,0.0,0.0
26192,"Lieu jaune ou colin, cuit",97.8,0.5,0.01,0.01,0.01,0.01,0.01,0.01,70.1,0.0,0.0,0.0,24.4,0.23,18.9,0.042,0.2,150.0,34.8,0.0065,230.0,388.0,22.1,91.4,0.46,21.0,,0.73,,0.8,,1.09,0.015,0.033,1.09,0.25,0.072,33.7,0.94,74.1,,,,,,,0.0,0.0,0.0
26134,"Lieu noir, cru",82.5,0.8,0.15,0.066,0.0075,0.002,0.039,0.19,62.0,0.0,0.0,0.0,18.8,0.2,14.7,0.1,1.3,143.0,30.7,0.1,207.0,385.0,120.0,80.5,0.57,2.8,0.0,1.77,0.23,0.0,,0.0,0.13,0.15,2.26,0.4,0.25,10.0,4.38,79.4,0.2,,0.2,0.2,0.2,0.2,0.0,0.0,0.0
26015,"Lieu noir, cuit",99.7,0.81,0.29,0.08,0.015,0.011,0.074,0.3,105.0,1.0,0.0,0.0,23.1,0.25,37.5,0.064,0.4,12.0,36.0,0.011,152.0,224.0,23.8,102.0,0.63,8.0,30.0,0.5,,,,1.0,0.058,0.08,0.8,0.14,0.081,15.2,2.1,75.5,0.0,,0.0,0.0,0.0,0.0,1.0,0.0,0.0
26047,"Lieu noir, surgelé, cru",82.4,0.37,0.074,0.037,0.003,0.0012,0.023,,71.0,0.0,0.0,0.0,19.8,0.2,19.4,0.03,0.48,73.0,21.4,0.037,107.0,255.0,19.8,80.9,0.35,6.0,0.0,0.89,0.23,0.0,,0.0,0.05,0.1,1.6,,0.12,10.0,2.79,78.3,,,,0.0,,0.0,0.0,0.0,0.0
26006,"Lieu ou colin d'Alaska, cru",72.6,0.61,0.015,0.0035,0.004,4e-05,0.0048,0.019,48.4,0.51,0.0,0.17,16.3,0.48,12.8,0.039,0.4,78.2,36.9,0.014,160.0,296.0,15.7,190.0,0.41,4.0,0.0,1.1,,0.1,,0.0,0.07,0.07,1.1,0.16,0.14,3.0,2.3,81.2,0.15,0.0,0.3,0.0,0.15,0.3,0.0,0.0,0.0
26152,"Lieu ou colin d'Alaska, fumé",81.3,0.9,0.1,,,,,,,0.0,0.0,0.0,18.3,,,,,,,,,,,,,,,,,,,,,,,,,,,,,,,,,,0.0,0.0,0.0
14004,"Lièvre, viande crue",111.0,2.67,0.98,0.31,0.65,0.49,0.0,0.0,60.0,0.0,0.0,0.0,21.6,0.15,11.6,0.24,1.8,0.58,26.0,0.038,210.0,318.0,10.0,60.5,1.7,0.0,,0.0,,4.8,0.1,0.0,0.09,0.06,8.07,0.8,0.3,10.0,1.0,73.3,,,,,,,0.0,0.0,0.0
26135,"Limande-sole, crue",80.6,1.4,0.2,0.13,0.005,0.005,0.25,0.11,43.0,0.0,0.0,0.0,17.0,0.24,17.0,0.1,0.5,94.0,17.0,,200.0,230.0,75.3,95.0,0.45,0.0,0.0,0.0,0.63,0.0,,0.0,0.09,0.08,3.5,0.3,0.3,11.0,1.0,80.0,0.0,,0.0,0.0,0.0,0.0,0.0,0.0,0.0
26017,"Limande-sole, cuite à la vapeur",97.7,2.27,0.12,0.091,0.005,0.0019,0.16,0.077,73.0,1.9,0.0,0.0,17.4,0.3,21.0,0.01,0.6,45.5,20.0,0.0,250.0,280.0,73.0,120.0,0.5,0.0,0.0,0.0,0.3,,,0.0,0.1,0.1,3.8,0.29,0.28,13.0,1.0,76.9,0.0,,0.0,0.0,0.0,0.0,0.0,0.0,0.0
26016,"Limande-sole, panée, frite",206.0,10.2,1.3,,,,0.059,0.11,,11.9,1.0,0.0,16.7,0.69,,0.01,,25.0,,0.0,,,73.0,270.0,0.5,,0.0,,0.1,,,,0.1,0.1,3.8,0.29,0.14,13.0,1.0,60.5,,,,,,,,0.0,0.0
26057,"Limande, crue",80.8,0.85,0.16,0.084,0.0027,0.00074,0.043,0.16,49.8,0.0,0.0,0.0,18.3,0.28,47.5,0.06,0.29,30.0,24.7,0.04,176.0,262.0,13.8,111.0,0.46,14.2,0.0,0.5,0.63,0.0,,0.5,0.1,0.081,2.64,0.54,0.23,5.0,1.67,79.7,0.2,,0.2,0.2,0.2,0.2,0.0,0.0,0.0
18327,"Limonade, sans précision sur la teneur en sucres et édulcorants (aliment moyen)",28.4,2.6e-05,2.1e-05,,,,0.0,0.0,0.0,7.09,7.07,0.13,2.5e-05,0.005,5.8,0.0026,0.0082,0.44,0.52,0.0013,,3.12,8.9,6.03,0.0089,0.0,0.0,0.0,0.0,,,0.0,0.0,0.0,0.0,0.0,0.0,0.0,0.0,91.5,1.16,,1.14,0.14,0.14,5.59,0.0,0.0,0.0
18035,"Limonade, sans sucres ajoutés, avec édulcorants",0.48,3.3e-05,3e-05,,,,0.0,0.0,0.0,0.12,0.12,0.15,3.3e-05,0.0057,0.0,0.0,0.0,0.0,0.0,0.0,0.0,0.0,0.0,8.56,0.0,0.0,0.0,0.0,0.0,,,0.0,0.0,0.0,0.0,0.0,0.0,0.0,0.0,99.0,,,,,,,0.0,0.0,0.0
18010,"Limonade, sucrée",33.0,2.1e-05,1.9e-05,,,,0.0,0.0,0.0,8.24,8.22,0.14,2.2e-05,0.0049,6.52,0.0029,0.0092,0.5,0.58,0.0015,,3.51,10.0,5.72,0.01,0.0,0.0,0.0,0.0,,,0.0,0.0,0.0,0.0,0.0,0.0,0.0,0.0,90.5,1.21,,1.19,0.13,0.13,5.82,0.0,0.0,0.0
18016,"Limonade, sucrée, avec édulcorants",8.0,0.0001,5e-05,,,,0.0,0.0,,2.0,2.0,0.0,5e-05,0.01,,,,,,,,,,,,0.0,,,,,,,,,,,,,,,0.27,,0.27,0.2,0.2,1.47,,0.0,0.0
15052,"Lin, brun, graine",533.0,42.2,4.61,7.97,6.16,21.0,0.01,0.01,0.0,3.56,1.4,26.9,18.0,0.095,210.0,1.3,5.7,20.0,300.0,2.0,560.0,750.0,20.0,38.0,5.1,0.0,5.0,0.25,0.31,4.55,,,0.47,0.01,0.1,0.81,0.17,,,5.8,0.2,,0.3,0.2,0.2,1.1,0.35,,0.0
15034,"Lin, graine",528.0,40.3,4.26,7.82,6.49,19.6,0.006,0.006,0.0,6.49,1.64,24.4,19.0,0.1,223.0,1.5,6.0,2.5,336.0,2.4,589.0,840.0,6.7,40.0,6.1,0.0,30.0,0.0,0.31,8.1,,2.0,0.19,0.06,0.83,0.54,0.31,,0.0,6.1,0.3,0.0,0.3,0.3,0.3,1.64,0.23,0.01,0.0
26194,"Lingue bleue, crue",79.6,0.44,0.095,0.037,0.0038,0.0013,0.031,0.12,51.9,0.0,0.0,0.0,18.9,0.23,3.96,0.1,0.26,9.82,26.8,0.1,151.0,302.0,23.2,92.8,0.4,3.7,,0.5,,,,,0.04,0.04,2.03,0.11,0.18,7.0,0.64,79.6,,,,,,,0.0,0.0,0.0
1003,Liqueur,225.0,0.23,0.11,0.018,0.06,0.045,0.0,0.0,0.0,25.4,17.4,0.0,0.1,0.02,1.0,0.04,0.06,1.0,3.0,0.016,6.0,30.0,,8.0,0.03,0.0,0.0,0.0,,0.0,,0.0,0.004,0.012,0.14,0.0,0.0,0.0,0.0,55.8,,,,0.0,,,0.0,0.0,17.3
13724,"Litchi, chair sans peau, sans noyau,  au sirop léger, appertisé, égoutté",62.8,0.19,0.055,,0.013,0.017,0.001,0.001,0.0,14.3,14.0,1.1,0.63,2.0,21.7,0.12,0.25,13.0,7.14,0.079,13.1,81.4,0.83,2.0,0.5,0.0,30.0,0.1,,0.4,,25.1,0.01,0.01,0.22,0.05,0.05,,,83.4,6.79,,6.6,0.28,0.28,0.58,0.6,0.0,0.0
13023,"Litchi, chair sans peau, sans noyau, cru",77.5,0.5,0.01,0.01,0.01,0.01,0.01,0.01,0.0,16.1,15.7,2.0,1.13,0.013,3.6,0.2,0.26,20.0,18.0,0.1,27.0,200.0,20.0,5.0,0.23,0.0,5.0,0.0,0.07,0.8,,19.2,0.015,0.01,1.06,0.055,0.12,14.0,0.0,80.5,8.1,0.2,7.6,0.2,0.2,0.2,0.35,0.5,0.0
12037,Livarot,301.0,22.6,15.3,3.95,0.27,0.12,0.01,0.01,77.3,0.0,0.2,0.5,24.6,1.5,730.0,0.03,0.07,30.0,26.0,0.02,470.0,94.0,20.0,601.0,3.1,168.0,119.0,0.25,0.23,1.02,,0.5,0.015,0.55,0.1,1.16,0.12,140.0,1.68,48.9,0.2,,0.2,0.2,0.2,0.2,0.0,0.0,0.0
26168,"Lompe, crue",168.0,14.2,3.01,2.74,0.22,,1.1,0.94,,0.0,0.0,0.0,10.0,0.17,20.0,,0.5,50.0,,,203.0,485.0,16.5,69.0,,11.0,,3.9,,0.0,,0.0,0.07,0.08,2.0,,,,,74.6,,,,,,,0.0,0.0,0.0
13552,"Longan, chair sans peau, sans noyau, cru",62.1,0.1,,,,,0.0,0.0,0.0,14.0,,1.1,1.31,0.0,1.0,0.17,0.13,,10.0,0.052,21.0,266.0,,0.0,0.05,0.0,,,,,,84.0,0.031,0.14,0.3,,,,0.0,82.8,,,,,,,,,0.0
27023,"Lotte de rivière, crue",77.0,0.66,0.17,,0.0,0.012,0.07,0.096,60.0,0.0,0.0,0.0,17.8,0.22,44.0,0.11,0.65,40.0,26.5,0.37,195.0,337.0,20.0,86.0,0.65,5.5,,0.5,,,,0.0,0.28,0.14,1.56,0.15,0.3,1.0,0.8,80.6,,,,0.0,,0.0,0.0,0.0,0.0
26018,"Lotte ou baudroie, crue",67.0,0.74,0.18,0.024,0.0068,0.002,0.053,0.12,25.0,0.0,0.0,0.2,15.1,0.19,18.2,0.027,0.3,32.2,20.7,0.022,241.0,296.0,34.5,77.8,0.55,6.0,,1.43,0.0,,,0.67,0.027,0.06,2.1,0.15,0.24,7.0,0.9,82.6,0.15,,0.15,0.0,0.15,0.15,0.0,0.0,0.0
26081,"Lotte ou baudroie, grillée/poêlée",98.2,0.68,0.19,0.1,0.0083,0.0013,0.039,0.14,26.0,0.0,0.0,0.0,23.0,0.061,11.0,0.3,0.46,40.6,28.5,0.1,368.0,472.0,42.5,24.5,0.64,50.0,0.0,0.0,0.6,,,0.5,0.035,0.077,3.09,0.19,0.21,20.5,0.93,75.0,0.0,,0.0,0.0,0.0,0.0,0.0,0.0,0.0
26075,"Loup de l'Atlantique, cru",89.9,2.61,0.49,0.42,0.036,0.013,0.38,0.29,50.0,0.0,0.0,0.0,16.6,0.25,20.3,0.04,0.72,60.0,26.4,0.013,185.0,286.0,57.5,99.0,0.74,49.7,,0.77,,0.0,,0.0,0.19,0.064,2.33,0.57,0.37,3.0,2.08,79.6,,,,,,,0.0,0.0,0.0
26172,"Loup tacheté, cru",108.0,4.8,0.96,0.85,0.065,0.027,0.82,0.47,58.0,0.0,0.0,0.0,16.3,0.26,35.0,,1.0,60.0,25.0,,180.0,282.0,36.5,105.0,,18.0,,1.3,,0.0,,0.0,0.18,0.045,2.5,0.57,0.35,1.0,2.2,78.2,,,,,,,0.0,0.0,0.0
20534,"Lupin, graine, sec",356.0,9.74,1.16,,,,0.0,0.0,0.0,21.5,,18.9,36.2,0.038,176.0,1.02,4.36,,198.0,2.38,440.0,1010.0,,15.0,4.75,0.0,0.0,0.0,,,,4.8,0.64,0.22,2.19,0.75,0.36,,0.0,10.4,,,,,,,,,0.0
15032,"Luzerne, graine",426.0,12.6,,,,,0.0,0.0,0.0,39.3,,7.9,29.7,,136.0,,12.9,,,,,,90.0,,6.9,0.0,,,,,,26.0,1.08,0.58,1.8,,,,,7.4,,,,,,,,,0.0
23024,Macaron moelleux fourré à la confiture ou à la crème,448.0,19.0,2.5,,,,,,19.3,56.5,51.3,2.9,11.0,0.16,81.0,0.3,1.5,2.0,79.1,0.5,111.0,290.0,,65.5,0.9,0.0,80.0,,5.2,,,2.1,0.04,0.3,1.3,0.16,0.13,,,10.8,1.1,,1.2,0.2,0.2,49.0,5.2,0.0,0.1
23027,Macaron sec,436.0,10.2,0.6,,,,,,,77.7,74.0,3.0,6.9,0.2,,,,,,,,,,,,,,,,,,,,,,,,,,,,,,,,,,0.0,0.0
25626,"Macédoine de légumes en salade, avec sauce, préemballée",129.0,10.7,0.78,,1.9,0.87,0.006,0.006,7.4,3.47,1.56,4.0,2.5,0.99,44.0,0.074,0.72,2.5,16.2,0.19,50.4,127.0,2.0,395.0,0.55,16.0,4760.0,0.6,,27.6,,5.93,0.08,0.02,0.26,0.1,0.05,,0.1,77.7,0.18,,0.16,0.095,0.1,1.22,1.5,0.0,0.0
20051,"Macédoine de légumes, appertisée, égouttée",40.4,0.28,0.076,,,,0.0,0.0,0.0,5.59,1.73,3.16,2.32,0.61,40.7,0.072,1.05,0.2,10.6,0.15,42.0,291.0,2.2,243.0,0.28,0.0,5670.0,0.0,,18.2,0.0,5.0,0.046,0.048,0.58,0.14,0.079,,0.0,87.0,,,,,,,,0.039,0.0
20271,"Macédoine de légumes, précuite, à finir de cuire, surgelée",62.4,0.5,0.0,,,,0.0,0.0,0.0,7.5,3.5,6.0,4.0,0.045,,,,,,,,,,18.0,,0.0,,,,,,,,,,,,,,84.4,0.5,,0.6,,0.3,2.1,,0.048,0.0
13705,"Macédoine ou cocktail ou salade de fruits, au sirop (sans précision sur léger ou classique), appertisé, égouttée (aliment moyen)",64.9,0.5,,,,,0.0,0.0,0.0,15.2,13.0,2.0,0.25,0.013,11.2,0.07,0.12,,4.31,0.085,8.93,68.7,20.0,5.0,0.05,0.0,134.0,,,0.72,,3.53,0.033,0.01,0.1,0.036,0.014,,,82.0,4.8,,5.33,0.2,2.02,0.76,,0.21,0.0
13708,"Macédoine ou cocktail ou salade de fruits, au sirop léger, appertisé, égoutté",59.1,0.5,,,,,0.0,0.0,0.0,13.7,12.2,1.9,0.25,0.013,9.5,0.07,0.15,,4.6,0.09,8.5,63.0,20.0,5.0,0.05,0.0,103.0,,,1.01,,5.87,0.025,0.01,0.1,0.034,0.01,,,83.5,4.9,,5.0,0.2,1.4,0.9,,0.21,0.0
13709,"Macédoine ou cocktail ou salade de fruits, au sirop léger, appertisé, non égoutté",59.7,0.061,0.009,,,,0.0,0.0,0.0,14.0,12.3,1.18,0.25,0.0026,8.18,0.055,0.13,,4.37,0.082,7.74,61.1,20.0,1.02,0.05,0.0,64.1,0.0,,0.63,,6.1,0.016,0.01,0.1,0.033,0.01,,0.0,84.0,4.96,,5.12,0.2,1.3,0.94,0.58,,0.0
13706,"Macédoine ou cocktail ou salade de fruits, au sirop, appertisé, égoutté",71.3,0.5,,,,,0.0,0.0,0.0,16.8,13.8,2.1,0.25,0.013,13.0,0.07,0.08,,4.0,0.08,9.4,75.0,20.0,5.0,0.05,0.0,167.0,,,0.8,,0.98,0.041,0.01,0.1,0.038,0.025,,,80.4,4.7,,5.7,0.2,2.7,0.6,,0.21,0.0
13707,"Macédoine ou cocktail ou salade de fruits, au sirop, appertisé, non égoutté",74.8,0.5,,,,,0.0,0.0,0.0,17.8,14.3,1.26,0.25,0.003,11.0,0.05,0.072,,3.76,0.076,8.36,67.0,20.0,1.2,0.05,0.0,100.0,,,0.8,,0.59,0.039,0.01,0.1,0.031,0.024,,,79.9,4.78,,5.98,0.2,2.78,0.64,,,0.0
20099,"Mâche, crue",15.0,0.5,0.01,0.01,0.01,0.01,0.01,0.01,0.0,0.5,0.0,2.3,2.0,0.013,41.0,0.1,0.4,20.0,19.0,0.28,30.0,330.0,20.0,5.0,0.14,0.0,3280.0,0.0,,48.9,,2.38,0.042,0.066,0.37,0.25,0.096,,0.0,93.7,0.2,,0.2,0.2,0.2,0.2,0.35,0.5,0.0
24631,"Madeleine au chocolat (nappage, pépites ou fourrage…), préemballée",447.0,22.7,5.25,10.7,3.14,1.19,0.01,0.01,89.8,53.7,28.5,2.05,5.45,0.83,36.0,0.13,2.1,20.0,24.0,0.26,170.0,160.0,20.0,324.0,0.58,66.3,17.0,0.25,,23.2,,,0.046,0.079,0.1,0.58,0.011,37.1,0.34,14.5,0.59,,1.18,0.88,1.28,24.6,16.4,0.0,0.0
24632,"Madeleine ordinaire, préemballée",441.0,21.6,2.8,13.2,3.93,1.58,0.01,0.01,85.3,55.3,28.4,1.4,5.55,0.83,19.0,0.04,0.59,20.0,9.8,0.2,150.0,83.0,20.0,355.0,0.39,28.3,5.0,0.33,,26.1,,0.5,0.054,0.053,0.1,0.36,0.03,66.4,0.3,13.6,0.3,,1.2,0.3,1.3,20.7,21.2,0.0,0.0
24630,"Madeleine, pur beurre, préemballée",453.0,24.1,15.3,5.59,0.98,0.15,0.01,0.01,163.0,52.4,27.3,1.27,5.88,0.92,20.0,0.06,0.67,20.0,11.0,0.22,140.0,81.0,20.0,275.0,0.48,206.0,151.0,0.25,,2.37,,0.5,0.042,0.067,0.1,0.52,0.035,66.5,0.47,14.5,0.5,,1.3,0.2,1.3,24.2,20.6,0.0,0.0
20989,"Maërl ou lithothamne (Lithothamnion), séché ou déshydraté",24.0,,,,,,,,0.0,3.52,,,2.49,0.93,30400.0,3.68,144.0,6410.0,2650.0,17.4,113.0,92.2,97.1,371.0,3.06,0.0,,,,,,,,,,,,,,0.43,,,,,,,,0.0,0.0
25991,"Mahi-mahi, chair, cru",84.9,0.7,0.19,,,,0.02,0.088,73.0,1.15,0.0,0.0,18.5,0.22,15.0,0.041,1.13,,30.0,0.015,143.0,416.0,,88.0,0.46,54.0,,,,,,0.0,0.02,0.07,6.1,0.75,0.4,5.0,0.6,77.6,,,,,,,0.0,0.0,0.0
25990,"Mahi-mahi, chair, cuit",109.0,0.9,0.24,,,,0.026,0.11,94.0,1.47,0.0,0.0,23.7,0.28,19.0,0.053,1.45,,38.0,0.019,183.0,533.0,,113.0,0.59,62.0,,,,,,0.0,0.023,0.085,7.43,0.87,0.46,6.0,0.69,71.2,,,,,,,0.0,0.0,0.0
20066,"Maïs doux, appertisé, égoutté",105.0,1.68,0.26,0.22,0.4,0.015,0.0,0.0,0.0,18.3,2.37,3.1,2.66,0.59,3.51,0.036,0.35,2.55,26.9,0.11,46.0,224.0,10.0,236.0,0.39,0.0,22.0,0.0,,0.0,0.0,2.1,0.015,0.016,0.88,0.36,0.065,,0.0,75.4,0.085,0.15,0.13,0.0,0.094,1.91,13.1,0.13,0.0
20049,"Maïs doux, en épis, cuit",106.0,1.5,0.2,,,,0.0,0.0,0.0,18.6,4.54,2.4,3.41,0.0025,3.0,0.049,0.45,1.0,26.0,0.17,77.0,218.0,0.0,1.0,0.62,0.0,66.0,0.0,0.09,0.4,,5.5,0.093,0.057,1.68,0.79,0.14,23.0,0.0,73.4,0.79,0.0,0.84,0.0,0.17,2.74,,,0.0
20108,"Maïs doux, en épis, surgelé, cru",97.4,1.19,0.19,0.34,0.56,0.019,0.0,0.0,0.0,17.0,2.74,2.65,3.36,0.01,4.18,0.15,0.59,0.75,30.3,0.25,108.0,276.0,4.0,4.0,1.05,0.0,61.0,0.0,0.07,0.35,,6.9,0.11,0.082,1.72,0.39,0.18,42.0,0.0,73.3,0.38,0.0,0.6,0.0,0.16,1.61,,,0.0
20233,"Maïs doux, surgelé, cru",105.0,0.78,0.12,,,,0.0,0.0,0.0,19.8,3.78,2.8,3.28,0.013,4.0,0.051,0.68,,32.0,0.16,87.0,294.0,0.6,5.0,0.7,0.0,61.0,0.0,0.07,0.4,,7.2,0.1,0.088,1.68,0.29,0.18,42.0,0.0,71.8,0.56,0.0,0.59,0.0,0.21,2.41,,,0.0
13425,"Mandarine commune, chair sans peau, sans pépins, au sirop, appertisée, non égouttée, prélevée à la Martinique",69.6,,,,,,0.0,0.0,0.0,17.4,17.4,0.7,,,,,,,,,,,,,,0.0,,,,,,0.2,,,,,,,,,4.03,,3.83,,,9.53,,,0.0
13426,"Mango bassignac, chair sans peau, sans noyau, cru, prélevé à la Martinique",75.3,0.0,,,,,0.0,0.0,0.0,18.5,,3.2,0.32,,,,,,,,,,,,,0.0,,,,,,23.3,,,,,,,,77.3,,,,,,,4.5,,0.0
13200,"Mangue José, chair sans peau, sans noyau, crue, prélevée à La Réunion (Mangifera indica L.)",88.8,0.5,0.18,0.11,0.02,0.03,0.01,0.01,0.0,19.3,18.4,1.8,0.75,0.013,14.0,0.08,0.12,20.0,14.0,0.07,13.0,150.0,20.0,5.0,0.08,0.0,2010.0,,,1.58,,2.9,0.033,0.015,0.74,0.2,0.13,,,77.1,8.65,0.2,3.2,0.2,0.2,6.55,0.5,0.0,0.0
13428,"Mangue julie, chair sans peau, sans noyau, crue, prélevée à la Martinique",76.0,0.0,,,,,0.0,0.0,0.0,18.3,,2.8,0.71,,,,,,,,,,,,,0.0,,,,,,22.0,,,,,,,,77.8,,,,,,,6.0,,0.0
13427,"Mangue moussache, chair sans peau, sans noyau, crue, prélevé à la Martinique",88.7,0.0,,,,,0.0,0.0,0.0,20.9,,2.0,1.28,,,,,,,,,,,,,0.0,,,,,,8.1,,,,,,,,75.5,,,,,,,3.7,,0.0
13429,"Mangue verte, chair sans peau, sans noyau, crue, prélevée à la Martinique",54.0,0.0,,,,,0.0,0.0,0.0,12.2,,3.4,1.31,,,,,,,,,,,,,0.0,,,,,,17.2,,,,,,,,82.1,,,,,,,0.9,,0.0
13025,"Mangue, chair sans peau, sans noyau, crue",71.1,0.5,0.01,0.01,0.01,0.01,0.01,0.01,0.0,14.3,12.9,1.6,0.63,0.013,12.0,0.07,0.09,20.0,11.0,0.07,12.0,150.0,20.0,5.0,0.11,0.0,864.0,0.0,0.9,1.12,,25.0,0.015,0.01,0.72,0.18,0.1,43.0,0.0,81.1,3.4,0.0,1.0,0.2,0.2,8.5,1.1,0.5,0.0
54031,"Manioc, racine crue",157.0,0.28,0.074,0.074,0.031,0.017,0.0,0.0,0.0,36.3,1.7,1.8,1.36,0.035,16.0,0.1,0.27,,21.0,0.38,27.0,271.0,,14.0,0.34,0.0,8.0,0.0,,1.9,,20.6,0.087,0.048,0.85,0.11,0.088,,0.0,59.7,,,,,,,30.0,0.0,0.0
54034,"Manioc, racine cuite",135.0,0.043,,,,,0.0,0.0,0.0,32.8,,0.4,0.69,,12.1,0.018,0.6,,,0.038,40.5,,,,0.35,0.0,,,,,,13.1,0.023,0.018,0.47,,,,,65.2,,,,,,,,0.0,0.0
26102,"Maquereau espagnol ou maquereau blanc ou billard, cru",135.0,5.15,1.59,,,0.0,0.25,0.76,76.0,0.0,0.0,0.0,22.1,0.15,11.0,0.055,0.44,,33.0,0.014,205.0,446.0,36.5,59.0,0.49,39.0,0.0,7.3,0.69,0.1,,1.6,0.13,0.17,2.3,0.75,0.4,1.0,2.4,71.8,,,,,,,0.0,0.0,0.0
26051,"Maquereau, cru",198.0,13.5,3.22,1.86,0.13,0.12,0.91,1.56,49.7,0.93,0.0,0.0,18.1,0.16,4.92,0.1,0.48,87.2,28.4,0.1,190.0,340.0,37.6,64.0,0.6,56.6,0.0,6.44,1.52,3.6,0.4,0.2,0.086,0.19,9.13,0.32,0.53,8.16,4.9,66.4,0.0,,0.0,0.0,0.0,0.0,0.0,0.0,0.0
26123,"Maquereau, filet (grillé ou non), au naturel, appertisé, égoutté",221.0,16.2,3.74,2.16,0.48,0.25,1.25,2.11,64.8,0.018,0.0,0.0,18.8,0.86,38.0,0.1,1.1,20.0,23.0,0.03,170.0,200.0,70.0,337.0,0.8,51.7,5.0,4.56,,0.8,,0.5,0.027,0.14,5.32,0.47,0.062,8.37,10.5,59.9,0.0,,0.0,0.0,0.0,0.0,,0.0,0.0
26097,"Maquereau, filet au vin blanc, appertisé, égoutté",202.0,14.1,2.92,1.26,0.24,0.17,0.55,0.93,56.4,1.0,0.5,0.0,17.8,0.97,184.0,0.1,0.84,14.4,17.0,0.1,123.0,165.0,28.8,387.0,1.02,19.0,0.0,5.44,,,,0.0,0.025,0.24,4.42,0.27,0.2,2.0,9.14,64.4,0.3,,0.3,,0.3,0.3,,0.0,0.0
25994,"Maquereau, filet grillé, appertisé, en sauce, égoutté",259.0,19.7,4.02,,0.43,0.27,1.05,1.91,67.3,0.96,0.78,0.6,18.8,0.92,34.6,0.097,1.1,13.0,31.9,0.033,190.0,282.0,43.4,366.0,1.0,27.1,,9.35,,2.4,,2.0,0.07,0.21,5.79,0.32,0.27,,7.2,60.4,,,,0.095,,0.18,0.18,0.0,0.0
26096,"Maquereau, filet sauce moutarde, appertisé, égoutté",218.0,14.2,3.92,2.0,0.84,0.25,2.87,1.63,71.5,1.5,0.83,0.67,20.8,1.01,22.9,0.1,1.3,20.0,26.7,0.1,127.0,180.0,5.0,405.0,0.4,38.0,,7.3,1.63,,,,0.051,0.15,5.1,0.23,0.25,,8.2,61.7,0.29,,0.16,,0.28,0.38,0.0,0.0,0.0
26086,"Maquereau, filet sauce tomate, appertisé, égoutté",240.0,16.3,3.37,1.91,1.28,0.22,0.81,1.63,62.3,5.5,1.9,0.1,17.7,0.58,61.3,0.1,1.03,63.8,24.3,0.06,135.0,315.0,37.4,234.0,1.0,36.8,,3.93,,0.0,,0.0,0.067,0.19,4.55,0.6,0.3,10.3,7.5,61.9,0.9,,0.7,0.2,0.2,0.3,1.0,0.0,0.0
26020,"Maquereau, frit",186.0,10.2,2.96,2.12,0.13,0.082,0.57,1.38,,0.0,0.0,0.0,23.6,0.21,,0.16,,107.0,,0.06,273.0,323.0,94.7,83.3,1.0,,0.0,12.3,,,,,,0.29,10.5,0.49,0.58,2.0,12.0,64.6,,,0.2,0.2,0.2,0.2,0.0,0.0,0.0
26087,"Maquereau, fumé",289.0,22.9,5.26,1.67,0.36,1.01,1.29,2.45,96.7,0.92,0.0,0.0,19.8,1.54,19.0,0.09,1.1,109.0,32.4,0.02,223.0,304.0,33.5,616.0,0.72,39.0,,7.85,,0.0,,0.0,0.18,0.4,9.41,0.76,0.49,13.3,7.3,54.1,0.0,,0.0,0.0,0.0,0.0,0.0,0.0,0.0
26186,"Maquereau, mariné",185.0,13.3,,,,,0.898,1.401,,,,0.0,16.3,2.29,14.6,0.09,0.6,,13.6,0.1,92.9,90.8,16.0,915.0,0.25,34.5,,7.3,,,,,0.037,0.13,3.18,0.22,0.25,12.4,19.0,66.6,,,,,,,,0.0,0.0
26019,"Maquereau, rôti/cuit au four",228.0,15.8,4.44,1.85,0.14,0.19,0.8,1.34,81.8,0.0,0.0,0.0,21.5,0.21,12.8,0.1,1.57,45.8,28.5,0.1,207.0,401.0,51.6,83.0,0.94,62.0,0.0,7.72,0.71,,,0.4,0.16,0.41,6.85,0.37,0.62,22.6,19.0,61.5,0.0,,0.0,0.0,0.0,0.0,0.0,0.0,0.0
11034,"Marjolaine, séchée",276.0,7.04,0.53,,,,0.0,0.0,0.0,20.3,4.09,40.3,12.7,0.19,1990.0,1.13,82.7,,346.0,5.43,306.0,1520.0,,77.0,3.6,0.0,4810.0,0.0,,622.0,,51.4,0.29,0.32,4.12,,1.19,,0.0,7.64,,,,,,,,0.0,0.0
31039,Marmelade d'orange ou confiture d'orange (extra ou classique),245.0,0.4,0.14,0.13,0.03,0.01,0.01,0.01,0.0,59.3,56.9,1.5,0.25,0.015,33.0,0.03,0.08,20.0,4.2,0.02,3.8,49.0,20.0,6.0,0.05,0.0,5.0,0.25,,0.8,,8.92,0.015,0.01,0.1,0.051,0.02,,0.0,38.1,16.5,0.1,18.7,0.1,1.58,20.1,2.38,0.0,0.0
30888,Marmelade ou confiture d'autres agrumes ou mélange d'agrumes (extra ou classique),241.1,0.2,0.044,,,,0.0,0.0,0.0,59.5,55.5,0.99,0.33,0.0089,,,,,,,,,,,,0.0,,,,,,,,,,,,,,,,,,,,,,0.0,0.0
30889,"Marmelade ou confiture d'orange, allégée en sucres",164.0,0.063,2.5e-05,,,,0.0,0.0,0.0,40.6,39.9,1.03,0.25,0.015,,,,,,,,,,9.56,,0.0,,,,,,,,,,,,,,,16.7,,17.6,,0.3,5.58,,0.0,0.0
12030,"Maroilles, fermier",349.0,29.5,17.3,5.74,0.42,0.19,0.014,,,0.0,0.0,0.0,21.2,2.07,,,,,,,,,14.5,821.0,,,15.0,0.5,0.23,2.3,,,,,,,,58.0,1.04,45.6,,0.2,0.02,0.2,,,0.0,0.0,0.0
12029,"Maroilles, laitier",338.0,27.8,17.5,5.65,,,,,,0.0,0.0,0.0,22.3,1.87,,,,,,,,,14.5,766.0,,,15.0,0.5,0.23,2.3,,,,,,,,58.0,1.04,45.9,,0.02,0.01,0.02,,,0.0,0.0,0.0
12036,"Maroilles, sans précision",325.0,26.4,18.1,4.78,0.36,0.1,0.01,0.01,103.0,0.0,0.2,0.0,21.9,2.09,580.0,0.03,0.09,20.0,23.0,0.02,410.0,100.0,20.0,834.0,2.8,222.0,84.5,0.25,0.23,0.96,,0.5,0.015,0.34,0.53,0.99,0.026,144.0,2.57,48.3,0.2,0.2,0.2,0.2,0.2,0.2,0.0,0.0,0.0
31023,Marron glacé,320.0,0.54,0.063,0.01,0.01,0.01,0.01,0.01,,77.5,55.3,2.67,0.89,0.066,8.1,0.08,0.28,20.0,5.7,0.72,17.0,54.0,20.0,32.0,0.14,,5.0,0.25,,0.8,,0.5,0.015,0.01,0.1,0.1,0.012,33.2,,18.2,2.93,,7.41,0.2,8.29,36.7,13.2,1.5,0.0
1015,Marsala,211.0,0.0,0.0,,,,,,0.0,27.9,27.9,0.0,0.1,0.01,4.0,,0.4,,,,12.0,97.0,,4.0,0.0,0.0,0.0,0.0,0.0,,,0.0,0.0,0.01,0.1,,0.01,0.0,,57.7,,,,,,,0.0,0.0,14.2
1016,Marsala aux oeufs,153.0,0.0,0.0,,,,,,0.0,12.4,12.4,0.0,0.0,0.0,0.0,,0.0,,,,0.0,0.0,,0.0,0.0,0.0,0.0,0.0,0.0,,,0.0,0.0,0.0,0.0,,0.0,0.0,,,,,,,,,0.0,0.0,14.8
19584,Mascarpone,369.0,37.0,25.9,,0.7,0.15,0.037,0.037,123.0,3.1,2.99,0.5,6.0,0.13,130.0,0.01,0.06,21.0,13.0,0.01,110.0,120.0,50.0,32.2,0.53,345.0,258.0,0.5,1.0,1.17,,0.0,0.028,0.15,0.13,0.31,0.028,5.0,0.48,51.5,0.1,,0.1,2.99,0.1,0.1,0.0,0.0,0.0
20828,"Massissi, chair, cru, prélevé à la Martinique",17.5,0.8,,,,,0.0,0.0,0.0,,,,2.58,,,,,,,,,,,,,0.0,,,,,,73.2,,,,,,,,83.8,,,,,,,,,0.0
16713,"Matière grasse laitière à 15-25% MG, légère, ""à tartiner"", doux, enrichie en vitamine(s)",197.0,19.1,12.1,3.96,0.28,0.11,0.01,0.01,59.0,6.2,1.56,3.0,0.25,0.63,22.7,1.0,1.0,10.0,2.3,1.0,15.0,48.1,5.8,250.0,1.0,448.0,732.0,0.7,,,,1.0,0.05,0.05,0.05,0.08,0.05,5.0,0.2,73.6,0.1,0.1,0.1,1.56,0.1,0.1,4.3,0.0,0.0
16080,Matière grasse ou graisse végétale solide (type margarine) pour friture ou graisse à frire,898.0,99.8,94.6,0.4,0.12,0.01,0.01,0.01,,0.0,0.0,0.0,0.25,0.013,0.2,0.01,0.05,20.0,0.05,0.01,0.3,0.3,20.0,5.0,0.05,21.0,5.0,0.25,,,,0.5,0.015,0.01,0.42,0.008,0.01,,0.01,0.17,0.2,0.2,0.2,0.2,0.2,0.2,0.0,0.0,0.0
16598,"Matière grasse tartinable à teneur en MG <= 41%, demi-sel, aux stérols végétaux",321.0,35.0,7.8,,14.6,2.92,,,,1.4,0.5,0.0,0.25,1.2,,,,,,,,,,490.0,,,,7.5,,,,,,,,,,,,,,,,,,,,0.0,0.0
16600,"Matière grasse tartinable à teneur en MG <= 41%, demi-sel, standard",356.0,38.0,17.0,9.76,,0.99,0.0,,12.0,2.8,1.25,0.0,0.75,1.65,54.3,1.0,1.0,10.0,6.1,1.0,46.0,117.0,3.6,650.0,1.0,650.0,457.0,,,,,2.2,0.11,0.1,0.05,0.11,0.1,5.0,0.2,51.6,,,,,,,,0.0,0.0
16588,"Matière grasse tartinable à teneur en MG <= 41%, doux, aux stérols végétaux",321.2,35.0,7.8,,15.0,3.0,,,,1.3,0.5,0.0,0.25,0.72,,,,,,,,,,,,,,7.5,,,,,,,,,,,,,,,,,,,,,0.0
16599,"Matière grasse tartinable à teneur en MG <= 41%, doux, riche en oméga 3",308.0,34.0,8.7,15.5,4.4,1.8,0.24,,17.0,0.4,0.0,0.0,5e-05,0.3,7.9,1.0,1.0,10.0,2.0,1.0,8.9,34.2,3.0,120.0,1.0,508.0,438.0,,13.5,,,1.0,0.55,0.05,0.05,0.05,0.05,5.0,0.1,,,,,,,,,0.0,0.0
16592,"Matière grasse tartinable à teneur en MG <= 41%, doux, standard",366.0,38.6,17.5,13.3,3.87,1.45,0.01,0.01,15.1,2.94,1.37,0.0,1.44,0.53,51.0,0.01,0.04,20.0,5.0,0.01,42.0,120.0,20.0,212.0,0.19,21.0,422.0,7.5,,8.4,,0.5,0.017,0.095,0.1,0.24,0.035,5.0,0.14,55.8,0.1,0.1,0.1,1.37,0.1,0.1,1.58,0.0,0.0
16597,"Matière grasse tartinable à teneur en MG > 41% et <= 62%, demi-sel, riche en oméga 3",506.0,56.3,14.5,24.5,10.1,3.53,,,2.0,0.0001,0.0001,0.0,0.0001,1.4,,,,,,,,,,550.0,,,,7.5,17.5,,,,0.44,,,,,,,44.2,,,,,,,,0.0,0.0
16594,"Matière grasse tartinable à teneur en MG > 41% et <= 62%, demi-sel, standard",516.0,57.3,22.3,,8.6,4.3,,,22.0,0.34,0.34,0.0,5e-05,1.53,13.9,1.0,1.0,10.0,2.0,1.0,18.0,35.0,8.4,550.0,1.0,45.0,507.0,7.5,8.5,,,1.0,0.1,0.05,0.05,0.26,0.05,5.0,0.1,36.9,0.5,,0.5,0.5,0.5,0.5,0.5,0.0,0.0
16595,"Matière grasse tartinable à teneur en MG > 41% et <= 62%, doux, aux stérols végétaux",547.0,60.8,14.6,25.7,11.7,3.81,0.01,0.01,,0.0,0.0,0.0,0.25,0.32,6.9,0.01,0.05,20.0,0.94,0.01,5.7,12.0,20.0,127.0,0.05,130.0,592.0,1.27,,,,0.5,0.42,0.01,0.1,0.045,0.01,6.07,0.01,39.4,0.2,0.2,0.2,0.2,0.2,0.2,,0.0,0.0
16596,"Matière grasse tartinable à teneur en MG > 41% et <= 62%, doux, riche en oméga 3",508.0,56.4,14.1,27.8,11.7,2.48,0.037,0.18,0.0001,0.12,0.11,0.094,0.081,0.37,4.3,1.0,1.0,10.0,2.0,1.0,3.7,13.1,3.0,160.0,1.0,2.0,547.0,7.5,,,,1.0,0.48,0.05,0.05,0.05,0.05,5.0,0.1,40.4,,,,,,,,0.0,0.0
16591,"Matière grasse tartinable à teneur en MG > 41% et <= 62%, doux, standard",540.0,60.0,16.2,19.2,17.1,3.57,0.01,0.01,24.0,0.14,0.14,0.0,0.25,0.38,3.3,0.01,0.05,20.0,0.85,0.01,4.9,19.0,20.0,153.0,0.05,128.0,528.0,0.25,,16.2,,0.5,0.015,0.01,0.1,0.015,0.039,,0.04,39.8,0.15,0.1,0.15,0.14,0.15,0.15,0.0,0.0,0.0
16593,"Matière grasse tartinable à teneur en MG > 62%, demi-sel, standard",630.0,70.0,17.0,21.5,,8.3,0.0,,5.6,0.5,0.5,0.0,0.25,1.4,6.9,1.0,1.0,10.0,2.0,1.0,5.2,13.5,3.0,550.0,1.0,2.2,436.0,7.5,25.0,,,2.4,0.05,0.05,0.05,0.05,0.05,5.0,0.2,26.5,,,,,,,,0.0,0.0
16589,"Matière grasse tartinable à teneur en MG > 62%, doux, riche en oméga 3",616.0,67.7,18.0,,9.1,5.37,,,,5e-05,5e-05,3.6,5e-05,0.26,,,,,,,,,,,,,,7.5,16.0,,,,0.55,,,,,,,,,,,,,,,0.0,0.0
16590,"Matière grasse tartinable à teneur en MG > 62%, doux, standard",650.0,72.1,32.6,21.5,8.4,0.77,0.0,0.0,0.0,0.089,0.089,0.13,0.022,0.54,6.9,1.0,1.0,10.0,2.0,1.0,5.2,13.5,3.0,299.0,1.0,2.2,436.0,7.5,21.5,0.0,,2.4,0.05,0.05,0.05,0.05,0.05,5.0,0.2,26.5,,,,0.0,,,0.0,0.0,0.0
16602,"Matière grasse tartinable, sans précision sur la teneur en matière grasse, demi-sel, standard (aliment moyen)",502.0,55.5,21.2,,8.6,4.12,,,19.6,0.66,0.45,0.0,0.12,1.53,18.8,1.0,1.0,10.0,1.68,1.0,20.9,44.5,7.31,563.0,1.0,123.0,496.0,7.5,9.75,,,0.85,0.056,0.035,0.05,0.22,0.035,5.0,0.073,38.2,0.5,,0.5,0.5,0.5,0.5,0.5,0.0,0.0
16603,"Matière grasse tartinable, sans précision sur la teneur en matière grasse, doux, riche en oméga 3 (aliment moyen)",501.0,55.6,13.9,27.4,11.5,2.46,0.044,0.18,0.57,0.13,0.11,0.091,0.078,0.37,4.42,1.0,1.0,10.0,2.0,1.0,3.87,13.8,3.0,159.0,1.0,18.0,543.0,7.5,,,,1.0,0.48,0.05,0.05,0.05,0.05,5.0,0.1,40.4,,,,,,,,0.0,0.0
16601,"Matière grasse tartinable, sans précision sur la teneur en matière grasse, doux, standard (aliment moyen)",557.0,61.7,21.8,19.3,12.7,2.39,0.0066,0.0066,15.0,0.43,0.26,0.042,0.31,0.45,9.82,0.34,0.19,16.6,1.36,0.34,9.13,28.4,14.3,208.0,0.2,72.8,485.0,3.42,,9.9,,0.97,0.014,0.022,0.083,0.043,0.034,,0.071,37.1,0.14,0.1,0.14,0.23,0.14,0.14,0.18,0.0,0.0
11054,"Mayonnaise (70% MG min.), préemballée",692.0,74.5,6.76,18.6,13.3,6.0,0.092,0.092,70.0,3.41,1.2,0.26,1.33,1.4,17.6,0.023,0.34,30.0,6.42,0.024,23.0,28.1,10.0,552.0,0.13,8.5,80.0,0.5,47.9,75.0,,0.5,0.04,0.04,0.14,0.23,0.031,16.0,0.39,18.1,0.2,0.5,0.2,0.2,0.2,0.7,2.2,0.0,0.0
11079,"Mayonnaise à teneur réduite en matière grasse ou mayonnaise allégée, préemballée",297.0,28.5,2.47,13.3,4.8,2.3,0.25,0.25,38.0,8.82,4.44,0.31,1.09,2.13,47.4,0.1,0.4,5.4,17.7,0.1,26.3,70.0,5.0,936.0,0.12,62.0,2.03,0.5,13.6,0.0,,3.75,0.04,0.032,0.08,0.21,0.04,21.2,0.14,58.4,0.5,0.5,0.5,1.0,0.5,4.44,2.8,0.0,0.0
13051,"Mélange apéritif de fruits exotiques, sec",389.0,10.5,9.16,0.66,0.19,0.01,0.01,0.01,0.0,69.5,59.4,3.4,2.19,0.22,43.0,0.26,1.1,3.0,39.0,0.45,67.0,530.0,20.0,88.0,0.32,0.0,13.6,0.25,,7.52,,0.69,0.039,0.01,0.1,0.25,0.077,,0.0,11.7,19.5,0.1,21.6,0.1,0.1,18.3,6.6,1.7,0.0
15048,"Mélange apéritif de graines et fruits séchés, sans sel ajouté",493.0,26.3,5.07,,,,0.0,0.0,0.0,51.0,7.0,6.36,8.29,0.3,160.0,,4.0,,121.0,,,712.0,,117.0,2.0,0.0,,,6.8,,,,,,,,,,,,,,,,,,16.4,,0.0
15049,"Mélange apéritif de graines et raisins secs, sans sel ajouté",541.0,37.2,4.96,23.4,6.61,0.03,0.01,0.01,12.0,31.8,29.4,9.6,12.5,0.018,90.0,1.0,3.1,5.0,160.0,2.0,320.0,750.0,20.0,7.0,2.4,0.0,10.5,0.25,,8.8,,0.5,0.15,0.036,2.35,0.94,0.092,,0.0,6.1,14.8,0.1,14.2,0.1,0.22,0.22,2.2,0.0,0.0
15059,"Mélange apéritif de graines grillées, salées",637.0,54.7,8.91,,,,0.0,0.0,0.0,9.69,4.55,10.5,18.6,0.95,,,,,,,,,,376.0,,0.0,,,,,,,,,,,,,,,,,,,,,,,0.0
15017,Mélange apéritif de graines salées et fruits séchés,583.0,44.1,4.18,,,,0.0,0.0,0.0,23.7,23.7,5.86,16.9,2.14,,,,,,,,,,857.0,,0.0,,,,,,,,,,,,,,,,,,,,,,,0.0
15018,Mélange apéritif de graines salées et raisins secs,561.0,39.6,4.98,26.8,5.0,0.03,0.01,0.01,0.0,27.1,21.6,8.4,16.6,0.42,72.0,0.82,2.1,20.0,160.0,1.4,340.0,700.0,20.0,169.0,2.3,0.0,5.0,0.25,,5.47,,0.5,0.062,0.044,4.08,1.1,0.17,,,5.3,9.4,,8.5,0.2,0.2,3.7,3.7,0.5,0.0
9612,"Mélange de céréales et légumes secs, cru",354.0,4.0,0.5,,,,0.0,0.0,,59.0,4.5,11.0,13.7,0.99,,,,,70.0,,,,,397.0,,0.0,,,,,,,,,,,,,,,,,,,,,,0.0,0.0
32041,"Mélange de flocons de céréales, nature, non enrichi en vitamines et minéraux",341.0,3.17,0.6,,,,0.0,0.0,,61.7,1.49,12.4,10.2,0.01,,,,,,,373.0,,,0.0,,0.0,,,,,,,,,,,,,,,,,,,,,,0.0,0.0
12775,"Mélange de fromages râpés (ex : spécial gratins, spécial pâtes, spécial pizzas…)",386.0,28.9,20.1,,,,,,,0.15,3.3e-05,0.0,32.0,1.48,,,,,,,,,28.3,,,,85.0,1.0,0.78,2.4,,,,,,,,27.0,0.88,,,,,,,,,0.0,0.0
31067,Mélasse de canne,300.0,0.1,0.018,0.0,0.0,0.0,0.0,0.0,0.0,74.7,74.7,0.0,0.0,0.093,205.0,0.49,4.72,,242.0,1.53,31.0,1460.0,,37.0,0.29,0.0,0.0,0.0,,0.0,,0.0,0.041,0.002,0.93,0.8,0.67,,0.0,,12.8,,11.9,,,29.4,,,0.0
13026,"Melon cantaloup (par ex.: Charentais), chair sans peau, sans pépins, cru",59.8,0.5,0.01,0.01,0.01,0.01,0.01,0.01,0.0,14.8,10.6,1.3,1.13,0.06,11.0,0.06,0.21,20.0,16.0,0.04,17.0,380.0,20.0,24.0,0.18,0.0,2500.0,0.0,0.05,0.8,,8.14,0.015,0.01,0.6,0.15,0.055,21.0,0.0,84.2,2.49,0.06,1.49,0.2,0.2,6.56,0.35,4.0,0.0
13742,"Melon miel ou melon honeydew, chair sans peau, sans pépins, cru",22.2,0.14,0.038,0.003,0.024,0.035,0.0,0.0,0.0,4.3,4.25,0.8,0.54,0.045,6.0,0.024,0.17,0.0,10.0,0.027,11.0,228.0,0.0,18.0,0.09,0.0,30.0,0.0,0.02,2.9,,18.0,0.038,0.012,0.42,0.16,0.088,19.0,0.0,89.8,1.5,0.0,1.3,0.0,0.0,1.45,0.0,,0.0
13430,"Melon, chair sans peau, sans pépins, cru, prélevé à la Martinique",4.7,0.047,,,,,0.0,0.0,0.0,,,,1.08,,,,,,,,,,,,,0.0,,,,,,27.2,,,,,,,,87.0,,,,,,,,,0.0
51500,"Meloukhia, feuilles de corète séchées, en poudre",239.0,1.8,,,,,,,0.0,12.7,6.9,40.0,23.0,0.17,2000.0,1.6,87.0,321.0,609.0,12.5,307.0,3580.0,5.0,67.9,3.0,0.0,2360.0,,,,,,0.09,0.36,2.6,2.4,0.55,,,8.4,0.5,,3.7,0.5,0.5,3.2,0.6,0.0,0.0
25175,"Meloukhia, plat à base de boeuf et corète, fait maison",189.0,14.7,,,,,,,23.0,1.2,1.2,4.7,10.6,0.93,51.3,0.04,2.4,2.8,30.6,0.05,88.0,228.0,2.1,373.0,2.0,0.0,143.0,0.0,5.1,,,1.5,0.03,0.14,1.36,0.32,0.12,20.0,0.66,67.7,,,,,,,0.0,0.0,0.0
51502,"Meloukhia, sauce, artisanale",215.0,21.0,,,,,,,,1.45,1.2,8.4,1.13,0.95,81.8,1.0,1.9,10.0,37.3,1.0,7.1,179.0,5.0,378.0,1.0,,83.0,,,,,,0.05,0.09,0.05,0.27,0.05,28.4,,67.7,0.5,,1.2,0.5,0.5,0.5,0.5,0.0,0.0
11027,"Menthe, fraîche",57.6,0.84,0.22,,,,0.0,0.0,0.0,5.3,5.3,7.4,3.52,0.076,221.0,0.28,8.48,,71.5,1.15,66.5,514.0,0.5,30.5,1.1,0.0,740.0,0.0,5.0,,,22.6,0.08,0.22,1.33,0.29,0.14,,0.0,82.1,,,,,,,0.0,0.0,0.0
11029,"Menthe, séchée",283.0,6.03,1.58,,,,,,0.0,22.2,,29.8,19.9,0.86,1490.0,1.54,87.5,,602.0,11.5,276.0,1920.0,,344.0,2.41,0.0,,0.0,,,,0.0,0.29,1.42,6.56,1.4,2.58,,0.0,11.3,,,,,,,,0.0,0.0
30150,Merguez crue,301.0,26.8,11.2,,,,,,,1.15,1.15,0.0,13.8,2.01,22.1,0.083,,7.0,23.3,0.055,60.0,,2.38,900.0,2.78,,0.0,0.0,0.24,,,,,,,,,,1.62,55.0,,,,,,,,0.0,0.0
30151,Merguez crue (aliment moyen),381.0,36.3,,,,,,,,,,0.0,12.8,,,,,,,,,,,,,,,,,,,,,,,,,,,44.7,,,,,,,,0.0,0.0
30156,"Merguez, boeuf et mouton, crue",315.0,27.6,,,,,,,,2.8,0.0,0.0,14.0,1.58,,,,,,,,,,630.0,,,,,,,,,,,,,,,,,,,,,,,,0.0,0.0
30155,"Merguez, boeuf et mouton, cuite",283.0,21.8,12.0,8.45,0.59,0.19,0.043,0.021,71.4,1.8,1.6,0.0,19.8,2.33,38.0,0.081,2.04,25.0,22.8,0.04,128.0,513.0,10.0,930.0,3.3,23.0,560.0,0.5,,,,1.0,0.059,0.2,4.7,0.26,0.24,20.0,1.45,54.8,,,,,,,1.0,0.0,0.0
30153,"Merguez, boeuf et porc, crue",415.0,41.0,,,,,,,,,,0.0,11.5,,,,,,,,,,,,,,,,,,,,,,,,,,,42.5,,,,,,,,0.0,0.0
30154,"Merguez, boeuf, mouton et porc, crue",358.0,33.3,,,,,,,,,,0.0,14.6,,,,,,,,,,,,,,,,,,,,,,,,,,,51.7,,,,,,,,0.0,0.0
30152,"Merguez, pur boeuf, crue",436.0,43.5,,,,,,,,,,0.0,11.0,,,,,,,,,,15.0,,,,0.0,0.1,0.17,1.8,,,,,,,,7.0,2.14,39.8,,,,,,,,0.0,0.0
24520,Meringue,396.0,0.52,0.005,0.01,0.01,0.01,0.01,0.01,0.0,93.2,87.6,0.25,4.82,0.23,4.15,0.03,0.18,2.0,4.76,0.0,20.6,89.8,3.0,91.1,0.15,0.0,0.0,0.0,0.0,,,0.0,0.0,0.24,0.1,0.16,0.01,6.0,0.1,1.36,0.2,,0.2,0.2,0.2,83.7,0.0,0.0,0.0
26095,"Merlan, cru",79.2,0.47,0.095,0.03,0.0027,0.001,0.046,0.14,46.9,0.0,0.0,0.0,18.8,0.16,18.0,0.1,0.31,94.9,31.7,0.1,196.0,417.0,30.2,63.6,0.39,3.0,0.0,4.11,0.3,0.1,,0.0,0.025,0.024,2.26,0.12,0.18,13.0,1.33,79.3,0.2,,0.2,0.2,0.2,0.2,0.1,0.0,0.0
26022,"Merlan, cuit à la vapeur",98.3,0.7,0.13,0.063,0.0036,0.00072,0.038,0.15,55.0,0.0,0.0,0.0,23.0,0.28,21.0,0.01,0.1,75.0,28.0,0.01,190.0,400.0,25.0,110.0,0.4,0.0,0.0,0.0,0.44,,,0.0,0.05,0.31,1.8,0.24,0.19,0.0,0.0,75.2,0.0,,0.0,0.0,0.0,0.0,0.0,0.0,0.0
26021,"Merlan, frit",127.0,3.61,0.94,1.6,0.41,0.034,0.05,0.17,70.1,0.55,0.0,0.0,23.1,0.43,26.5,0.024,0.5,213.0,34.1,0.014,165.0,402.0,25.2,171.0,0.47,,0.0,,1.25,,,,0.047,0.087,2.58,0.39,0.26,28.9,1.89,71.4,0.0,,0.0,0.0,0.0,0.0,0.0,0.0,0.0
26124,"Merlan, pané",190.0,9.57,1.1,,,,,,0.0,13.0,1.7,0.9,12.6,0.64,48.0,0.0,0.7,,33.0,0.0,260.0,320.0,,250.0,0.0,0.0,,0.0,2.48,,,0.0,0.0,0.0,0.0,0.0,0.0,0.0,0.0,62.6,0.0,,0.0,0.0,0.0,0.0,,0.0,0.0
26233,"Merlu blanc du Cap, surgelé, cru",78.0,1.52,0.51,0.2,0.014,0.02,,,,0.0,0.0,0.0,16.1,0.28,32.0,,0.4,,,,,,29.0,87.5,,,,,,,,,,,,,,,,,0.3,,0.3,,0.3,0.3,0.0,0.0,0.0
26044,"Merlu, cru",82.6,1.35,0.22,0.12,0.0057,0.0018,0.075,0.21,31.4,0.0,0.0,0.0,17.6,0.22,25.3,0.082,1.0,37.6,22.9,0.035,160.0,332.0,31.2,98.6,0.64,0.0,0.0,2.15,0.25,0.0,,0.0,0.08,0.17,1.7,0.0,0.18,9.0,1.0,80.0,0.15,,0.15,0.0,0.15,0.15,0.0,0.0,0.0
26120,"Merlu, cuit à l'étouffée",112.0,3.0,0.92,,,,0.11,0.28,77.4,0.0,0.0,0.0,21.2,0.25,41.8,0.1,0.3,42.0,29.2,0.1,190.0,290.0,22.0,99.2,0.55,7.5,0.0,3.2,0.6,,,0.0,0.052,0.086,2.65,0.24,0.23,26.4,1.6,74.4,0.0,,0.0,0.0,0.0,0.0,0.0,0.0,0.0
26048,"Merlu, filet, surgelé, cru",88.8,2.4,0.6,,,,,,,1.7,0.0,0.0,15.1,0.53,12.5,0.03,0.16,20.3,36.8,,39.2,57.9,32.7,262.0,0.13,,,,,,,,,,,,,,,80.1,,,,,,,0.0,0.0,0.0
26178,"Mérou, cru",85.2,0.86,0.2,,,,0.027,0.22,37.0,0.72,0.0,0.0,18.6,0.13,19.0,0.02,0.6,,31.0,0.014,145.0,483.0,,53.0,0.49,43.0,0.0,,0.5,,,0.0,0.055,0.063,0.36,0.75,0.3,9.0,0.6,78.6,,,,,,,0.0,0.0,0.0
20272,"Mesclun ou salade, mélange de jeunes pousses",22.0,0.0,0.0,,,,0.0,0.0,0.0,2.5,0.0,2.0,2.0,0.048,,,,,,,,,,19.0,,0.0,,,,,,,,,,,,,,,,,,,,,,,0.0
31008,Miel,331.0,0.0,0.0,0.0,0.0,0.0,0.0,0.0,0.0,82.1,81.1,0.0,0.65,0.01,7.93,0.017,0.18,0.67,4.26,0.16,4.0,70.3,10.0,4.11,0.098,0.0,0.0,0.0,0.0,0.0,,0.5,0.0,0.038,0.12,0.068,0.024,2.0,0.0,17.1,40.4,3.06,35.3,,1.42,0.88,0.0,,0.0
9330,"Mil complet, cru",360.0,4.22,0.72,0.43,1.1,0.12,0.0,0.0,0.0,64.3,,8.5,11.0,0.013,8.0,0.75,3.01,5.0,114.0,1.63,285.0,195.0,16.0,5.0,1.68,0.0,,0.0,,0.9,,0.0,0.42,0.29,4.72,0.85,0.38,,0.0,8.67,,,,,,,,0.0,0.0
9331,"Mil, cuit, sans sel ajouté",116.0,1.0,0.17,,,,0.0,0.0,0.0,22.4,0.13,1.3,3.51,0.005,3.0,0.16,0.63,,44.0,0.27,100.0,62.0,,2.0,0.91,0.0,2.0,0.0,,0.3,,0.0,0.11,0.082,1.33,0.17,0.11,,0.0,71.4,,,,,,,,0.0,0.0
39001,"Milkshake, de restauration rapide",126.0,4.66,2.68,,,,0.0,0.0,17.0,17.4,13.6,0.65,3.38,0.21,114.0,0.063,0.29,,13.0,0.025,99.0,174.0,1.7,82.0,0.47,58.5,0.0,0.0,,0.4,,0.8,0.036,0.43,0.19,0.53,0.052,3.0,0.27,71.9,1.1,0.0,1.2,4.7,0.0,6.2,,0.0,0.0
24666,Mille-feuille,292.0,11.3,5.27,2.67,,0.1,0.0017,,27.0,43.7,21.1,0.24,3.88,0.42,67.4,1.0,1.0,10.0,14.4,1.0,71.0,111.0,47.2,168.0,1.0,65.0,50.0,0.2,,,,,0.05,0.48,0.2,0.25,0.05,14.2,0.42,40.1,0.5,,0.5,0.5,0.5,21.1,13.0,0.0,0.0
12737,Mimolette demi-vieille (6 mois d'affinage minimum),371.0,27.5,17.9,,,,,,,0.75,0.0,0.0,30.6,3.0,,,,,,,,,14.5,,,,11.0,0.5,0.24,2.3,,,,,,,,16.0,1.54,34.3,,,,,,,0.0,0.0,0.0
12742,Mimolette extra-vieille (18 mois d'affinage minimum),402.0,29.5,19.6,,,,,,,1.0,0.0,0.0,33.7,3.33,,,,,,,,,14.5,,,,11.0,0.5,0.24,2.3,,,,,,,,16.0,1.54,31.0,0.0,,0.0,0.0,0.0,0.0,0.0,0.0,0.0
12735,Mimolette jeune (moins de 6 mois d'affinage),331.0,24.2,16.1,,,,,,,0.0,0.0,0.0,28.9,2.44,844.0,,,,,,,,14.5,,,,11.0,0.5,0.24,2.3,,,,,,,,16.0,1.54,40.1,,,,,,,0.0,0.0,0.0
12738,Mimolette vieille (12 mois d'affinage minimum),397.0,28.8,19.0,5.75,0.45,0.1,0.01,0.01,87.9,0.0,0.2,0.0,34.0,3.68,910.0,0.05,0.15,20.0,36.0,0.03,660.0,88.0,20.0,1470.0,4.5,262.0,114.0,0.33,0.24,1.3,,0.5,0.015,0.3,1.15,0.38,0.066,33.0,2.06,30.0,0.2,,0.2,0.2,0.2,0.2,0.0,0.0,0.0
12740,"Mimolette, sans précision",319.0,24.2,16.6,,,,,,67.0,0.0,0.0,0.0,25.8,2.17,825.0,0.07,1.0,10.0,37.1,0.03,514.0,103.0,4.9,880.0,3.1,120.0,112.0,0.2,0.24,2.3,,0.0,0.03,0.33,0.1,0.32,0.05,18.4,0.57,45.5,0.1,,0.1,0.1,0.1,0.1,0.0,0.0,0.0
20916,Miso,188.0,6.01,1.14,,,,0.0,0.0,0.0,18.1,6.2,5.4,11.7,9.32,57.0,0.42,2.49,,48.0,0.86,159.0,210.0,,3730.0,2.56,0.0,52.0,0.0,,29.3,,0.0,0.098,0.23,0.91,0.34,0.2,19.0,0.08,43.0,6.0,0.0,0.0,0.0,0.2,0.0,,,0.0
12051,Mont d'or ou vacherin du Haut-Doubs (produit en France) ou vacherin-Mont d'Or (produit en Suisse),293.0,24.6,17.0,,,,,,,0.54,0.5,0.0,17.9,1.43,491.0,0.07,,30.0,30.0,0.02,430.0,120.0,5.8,486.0,8.0,,100.0,0.5,0.23,2.3,,,,,,,,58.0,1.04,52.9,0.1,,0.1,0.1,0.1,0.1,0.0,0.0,0.0
12743,Morbier,355.0,29.2,19.2,5.5,0.42,0.21,0.01,0.01,89.0,0.0,0.0,0.0,22.8,1.41,600.0,0.14,0.06,20.0,23.0,0.02,430.0,83.0,20.0,562.0,2.8,201.0,13.0,0.25,0.26,2.25,,0.5,0.015,0.21,0.88,0.48,0.036,29.0,1.79,43.6,0.2,0.2,0.2,0.2,0.2,0.2,0.0,0.0,0.0
20348,"Moringa, feuille, cru",75.3,1.4,,,,,0.0,0.0,0.0,6.28,,2.0,9.4,0.023,185.0,0.11,4.0,,42.0,1.06,112.0,337.0,,9.0,0.6,0.0,,0.0,,,,51.7,0.26,0.66,2.22,0.13,1.2,,0.0,78.7,,,,,,,,,0.0
20347,"Moringa, gousse, cru",31.5,0.2,0.033,,,,0.0,0.0,0.0,5.33,,3.2,2.1,0.11,30.0,0.084,0.36,,45.0,0.26,50.0,461.0,,42.0,0.45,0.0,,0.0,,,,141.0,0.053,0.074,0.62,0.79,0.12,,0.0,88.2,,,,,,,,,0.0
30789,Mortadelle,310.0,27.4,10.2,11.5,2.32,0.089,0.0,,72.5,0.69,0.67,1.7e-05,15.2,2.3,36.5,0.1,0.8,27.8,26.9,0.1,127.0,270.0,5.0,967.0,1.5,7.0,,0.78,0.5,,,,0.33,0.16,4.09,0.52,0.25,31.5,0.68,55.1,,,,,,,,0.014,0.0
30797,Mortadelle pistachée pur porc,317.0,28.2,11.4,,,,0.0,,,0.42,0.41,1.97,14.4,2.08,,,,,,,,,22.6,822.0,,,0.0,1.0,0.22,1.6,,,,,,,,3.0,1.48,52.1,,,,,,,,0.014,0.0
30791,"Mortadelle, porc et boeuf",304.0,25.4,9.51,,,,0.0,0.0,56.0,2.53,0.0,0.0,16.4,3.12,18.0,0.06,1.4,,11.0,0.03,97.0,163.0,22.6,1250.0,2.1,0.0,0.0,1.0,0.22,1.6,,0.0,0.12,0.15,2.67,0.44,0.13,3.0,1.48,52.3,,,,,,,0.0,0.0,0.0
30790,"Mortadelle, pur porc",310.0,25.8,9.85,,,,0.0,,70.0,4.46,1.0,0.0,14.8,2.14,19.0,,1.1,,,,180.0,236.0,,850.0,1.6,,0.0,,0.09,,,0.0,0.19,0.26,3.6,,0.08,4.0,,52.3,,,,,,,0.0,0.016,0.0
26024,"Morue, salée, bouillie/cuite à l'eau",113.0,1.01,0.13,0.061,0.0038,0.00095,0.051,0.15,,0.0,0.0,0.0,26.0,5.8,64.9,0.089,0.35,74.0,13.7,0.019,42.0,110.0,20.7,2320.0,0.84,2.0,0.0,1.25,0.55,,,,0.04,0.052,0.47,0.16,0.075,23.5,2.2,67.4,0.0,,0.0,0.0,0.0,0.0,0.0,0.0,0.0
26098,"Morue, salée, sèche",210.0,1.67,0.31,0.0,0.0,,0.032,0.24,105.0,1.1,0.0,0.0,47.6,12.3,124.0,0.098,2.09,230.0,80.7,0.05,551.0,1300.0,147.8,4900.0,1.07,24.5,0.0,4.0,2.84,0.4,,0.0,0.13,0.2,5.26,1.01,0.58,22.3,5.43,34.2,,,,,,,0.0,0.0,0.0
10014,"Moule commune, crue",71.8,1.82,0.44,0.086,0.037,0.022,0.15,0.15,65.2,2.69,0.0,0.0,11.2,0.85,51.5,0.18,6.78,138.0,31.0,1.0,213.0,276.0,48.3,339.0,2.36,60.0,0.0,0.0,0.55,0.1,,6.4,0.11,0.23,1.6,0.44,0.077,39.5,12.3,82.7,0.0,,0.0,0.0,0.0,0.0,0.0,0.0,0.0
10026,"Moule de Méditerranée, crue",68.7,1.67,,,,,,,,2.77,0.0,0.0,10.7,,88.0,1.1,10.9,,44.0,0.8,,382.0,44.8,,4.6,,0.0,0.0,0.55,0.1,,,,,,,,42.0,12.0,83.7,,,,,,,0.0,0.0,0.0
10013,"Moule, bouillie/cuite à l'eau",108.0,2.09,0.37,0.0075,0.015,0.013,0.35,0.16,52.1,5.12,0.0,0.0,17.2,0.8,59.4,0.11,3.99,106.0,66.6,0.19,179.0,166.0,55.7,322.0,2.85,98.4,,0.34,,0.0,,5.87,0.04,0.29,1.16,0.28,0.044,48.0,17.6,74.1,0.15,,0.15,0.0,0.15,0.15,0.0,0.0,0.0
10081,"Moules à la sauce catalane ou escabèche (tomate), appertisée, égouttée",75.4,1.65,0.58,,0.66,0.0061,,,,4.9,3.0,1.25,9.6,1.09,,,,,,,,,,691.0,,,,,,,,,,,,,,,,,0.81,,1.22,,0.41,0.57,,0.0,0.0
10083,"Moules farcies (matière grasse, persillade…), préemballées, crues",283.0,24.8,16.6,4.52,0.35,0.1,0.25,0.09,88.5,4.2,0.3,1.5,9.56,1.08,40.0,0.11,2.5,100.0,45.0,0.16,180.0,180.0,30.0,430.0,2.0,209.0,,0.5,,11.4,,0.5,0.015,0.14,1.09,0.34,0.063,54.2,19.3,57.5,0.2,,0.2,0.3,0.2,0.2,,0.0,0.0
10082,"Moules marinières (oignons et vin blanc), préemballées",91.9,2.24,0.99,,0.17,0.01,,,,7.43,1.05,0.53,10.3,0.69,,,,,,,,,,345.0,,,,,,,,,,,,,,,,76.5,0.3,,0.3,,0.21,0.3,,0.004,0.0
10028,"Moules, au naturel, appertisées, égouttées",97.6,2.1,0.7,0.0,0.03,0.02,0.45,0.45,38.0,2.6,0.52,1.95,16.1,1.71,57.0,0.16,8.44,189.0,42.0,0.7,189.0,98.0,57.2,628.0,3.56,21.1,,0.0,,0.0,,0.0,0.01,0.11,1.0,,0.08,27.0,10.2,75.1,0.3,,0.3,,0.3,0.5,,0.0,0.0
25123,"Moussaka, préemballée",147.0,10.8,3.37,,,0.03,,,,5.16,3.01,2.84,5.82,0.97,16.0,,0.62,7.1,,,,,,393.0,,,150.0,,,,,,,,,,,,,76.0,0.88,,0.91,0.29,0.084,0.85,,0.0,0.0
19852,"Mousse à la crème de marrons, rayon frais",207.0,6.5,4.52,1.11,0.12,0.03,0.01,0.01,15.7,34.4,28.3,1.1,2.17,0.04,36.0,0.06,0.19,20.0,9.3,0.48,33.0,130.0,20.0,16.0,0.22,56.5,22.9,0.25,,0.8,,0.5,0.019,0.031,0.21,0.15,0.02,24.4,0.029,55.4,0.33,0.1,0.52,1.19,0.31,25.9,4.5,0.0,0.0
39206,"Mousse au chocolat (base laitière), rayon frais",155.0,5.45,3.59,1.12,0.09,0.01,0.01,0.01,11.5,20.3,19.3,1.82,5.06,0.18,149.0,0.29,4.64,13.5,59.5,0.3,122.0,371.0,10.0,62.0,0.59,23.0,16.0,0.2,0.17,,,0.5,0.03,0.17,0.28,0.39,0.035,22.0,0.07,65.8,0.1,0.1,0.13,3.58,0.11,15.1,0.6,0.0,0.0
39253,"Mousse au chocolat ou café, sur ganache, rayon frais",360.0,29.7,20.8,,,,,,,17.5,15.0,2.67,4.58,0.14,,,,,,,,,,,,,,,,,,,,,,,,,,,,,,,,,,0.0,0.0
39210,"Mousse au chocolat traditionnelle, rayon frais",319.0,21.1,12.5,,,,,,,23.8,21.4,2.74,7.38,0.28,,,,,,,,,,100.0,,,,,,,,,,,,,,,,,,,,,,,,0.0,0.0
39248,"Mousse au chocolat végétale, rayon frais",262.0,14.0,9.04,3.65,0.56,0.03,0.01,0.01,,24.3,23.1,5.1,6.69,0.36,34.0,0.64,6.0,20.0,81.0,0.71,150.0,370.0,20.0,143.0,1.2,,7.02,0.82,,2.72,,0.5,0.049,0.01,5.23,0.27,0.016,15.6,,48.1,0.1,0.1,0.14,0.1,0.1,22.9,1.25,0.0,0.0
39249,"Mousse aux fruits, au fromage frais, 0% MG, sucrée, avec édulcorants, enrichie en calcium, rayon frais",51.7,0.3,0.01,0.01,0.01,0.01,0.01,0.01,5.48,5.51,4.31,1.2,6.25,0.09,140.0,0.01,0.08,20.0,9.1,0.05,98.0,130.0,20.0,36.0,0.33,21.0,11.3,1.16,,0.8,,0.5,0.015,0.14,0.1,0.37,0.02,7.39,0.4,85.4,1.04,0.17,0.25,2.32,0.1,0.53,0.4,0.0,0.0
39250,"Mousse aux fruits, au fromage frais, sucrée, rayon frais",144.0,7.39,4.79,1.65,0.23,0.044,,,11.3,14.4,11.6,0.033,5.03,0.096,120.0,0.1,0.3,19.0,7.9,0.1,13.8,72.5,5.0,47.8,0.3,82.0,26.0,1.08,,,,0.5,0.023,0.14,0.14,0.23,0.045,8.5,0.04,,,,,,,,2.84,0.0,0.0
8315,Mousse de canard,394.0,36.1,13.7,,5.67,0.37,,,,7.07,2.05,0.45,10.1,1.58,,,,,,,,,,627.0,,,,,,,,,,,,,,,,44.4,0.3,,0.53,0.6,0.3,0.65,,0.0,0.0
8313,Mousse de foie de porc,286.0,24.9,9.34,9.44,2.5,0.21,0.0011,0.0044,132.0,3.39,1.89,0.75,12.0,1.72,18.5,0.42,4.02,,11.7,0.2,148.0,180.0,16.9,680.0,2.36,2750.0,,0.26,0.41,,,,0.11,,5.11,,0.16,9.84,3.11,56.5,0.3,,1.2,,0.3,0.3,1.26,0.0,0.0
8312,Mousse de foie de porc supérieure ou crème de foie,324.0,26.1,10.5,,,,,,,10.9,2.18,0.72,11.1,1.43,,,,,,,,,41.6,571.0,,,,,,,,,,,,,,60.0,3.2,49.8,,,,,,,,0.0,0.0
19665,"Mousse de fromage blanc sur lit de fruits, 0% MG, avec édulcorants, enrichie en calcium et vitamine D",56.2,0.45,0.26,,,,,,,6.0,5.05,1.35,6.48,0.15,120.0,,,,,,,,9.7,60.0,,,12.0,0.75,0.08,0.0,,,,,,,,12.0,0.43,,,,,,,,,0.0,0.0
39235,"Mousse liégeoise (chocolat, café, caramel ou vanille), rayon frais",177.0,9.35,6.25,,,,,,,19.2,17.7,0.57,3.75,0.13,,,,,,,,,,57.6,,,,,,,,,,,,,,,,,,,,,,,,0.0,0.0
11013,Moutarde,151.0,11.2,1.1,2.16,1.74,1.15,0.0091,0.005,0.35,4.33,1.73,1.0,6.92,6.3,207.0,0.14,2.64,10.7,98.8,0.57,154.0,205.0,21.0,2300.0,1.12,0.0,,0.0,,,,,0.076,0.11,0.8,0.19,0.071,13.0,0.0,67.9,0.75,,0.98,0.15,0.15,0.25,2.6,0.0,0.0
11021,Moutarde à l'ancienne,142.0,9.9,0.61,1.68,2.03,1.25,0.01,0.01,5.44,2.2,2.2,4.5,6.6,4.9,110.0,0.16,1.7,20.0,95.0,0.57,210.0,200.0,70.0,1960.0,1.1,21.0,29.3,0.25,,2.63,,0.5,0.22,0.044,0.94,0.21,0.018,18.0,,67.8,0.84,,1.36,0.2,0.2,0.2,0.0,0.0,0.0
21003,"Mouton, épaule crue",228.0,17.6,8.13,5.51,0.4,0.4,0.0,0.0,78.0,0.1,0.0,0.0,17.3,0.21,8.5,0.095,1.77,3.0,14.5,0.01,132.0,298.0,0.4,85.3,3.5,45.0,,0.4,,0.0,,1.0,0.16,0.23,4.9,0.55,0.27,2.0,3.6,62.7,0.0,,0.0,0.0,0.0,0.0,0.0,0.0,0.0
21006,"Mouton, gigot cru",225.0,17.0,,5.23,1.27,0.083,0.02,0.01,,0.0,0.0,0.0,18.0,0.2,10.0,0.1,2.5,1.8,23.0,0.02,213.0,380.0,2.0,78.0,3.7,,,,,,,,,,,,,,,64.0,,,,,,,0.0,0.0,0.0
21007,"Mouton, gigot rôti/cuit au four",126.0,14.0,,4.46,0.79,0.084,0.004,0.0012,,0.0,0.0,0.0,,,,,,,,,,,38.0,,,,,,0.8,,,,,,,,,0.0,4.44,,,,,,,,0.0,0.0,0.0
21004,"Mouton, pied cru",204.0,14.6,,,,,,,,0.0,0.0,0.0,18.1,0.19,10.0,,1.5,,16.0,,165.0,295.0,,75.0,,,,,,,,,0.16,0.22,5.2,,0.33,,2.2,,,,,,,,0.0,0.0,0.0
21005,"Mouton, tête crue",204.0,14.6,,,,,,,,0.0,0.0,0.0,18.1,0.19,10.0,,1.5,,16.0,,165.0,295.0,,75.0,,,,,,,,,0.16,0.22,5.2,,0.33,,2.2,,,,,,,,0.0,0.0,0.0
21001,"Mouton, viande crue",137.0,6.11,,,,,,,,0.0,0.0,0.0,20.6,0.22,9.5,0.12,2.29,4.0,24.6,0.015,114.0,279.0,2.97,86.4,3.6,,,,,,,,,,,,,,,74.2,,,,,,,0.0,0.0,0.0
19591,"Mozzarella au lait de bufflonne ou buflesse (""di bufala"")",260.0,22.3,15.0,4.37,0.41,0.06,0.01,0.01,60.3,0.18,0.0,0.063,14.5,0.49,260.0,0.03,0.11,30.0,9.8,0.01,210.0,17.0,20.0,197.0,2.1,141.0,148.0,0.25,0.19,2.35,,0.0,0.015,0.096,0.1,0.046,0.011,23.6,0.45,61.3,0.2,0.2,0.2,0.2,0.2,0.2,0.0,0.0,0.0
19590,Mozzarella au lait de vache,227.0,17.7,11.7,3.58,0.34,0.06,0.01,0.01,79.0,0.7,0.7,0.0,16.5,0.6,598.0,0.011,0.44,37.2,20.0,0.03,354.0,76.0,16.3,240.0,2.92,174.0,57.0,0.4,0.19,2.3,3.6,0.0,0.03,0.28,0.1,0.14,0.037,7.0,2.28,62.7,0.1,0.1,0.1,0.7,0.1,0.1,0.0,0.0,0.0
32004,Muesli (aliment moyen),433.0,14.3,3.44,6.75,2.18,0.082,0.0067,0.0067,0.71,63.4,19.4,6.9,8.87,0.44,48.5,0.33,3.44,5.74,84.6,2.14,276.0,359.0,2.32,171.0,1.98,16.0,30.0,0.68,,4.4,,2.41,0.29,0.14,1.46,0.24,0.16,,0.19,4.54,1.7,,1.61,0.77,0.38,15.5,39.5,0.0,0.0
32112,"Muesli croustillant au chocolat, enrichi en vitamines et minéraux",469.0,19.7,6.68,8.72,2.24,0.07,0.01,0.01,1.4,61.9,22.3,5.3,8.0,0.49,46.6,0.33,3.8,2.5,73.5,1.9,223.0,286.0,4.0,194.0,1.7,16.0,30.0,0.75,,5.4,,2.0,0.34,0.04,0.67,0.2,0.08,,0.1,3.1,0.13,0.1,0.18,0.43,0.35,21.2,34.3,0.0,0.0
32109,"Muesli croustillant au chocolat, non enrichi en vitamines et minéraux",446.0,15.1,5.26,7.01,2.04,0.14,0.009,0.009,1.1,64.7,21.5,6.8,9.25,0.31,48.4,0.41,4.0,2.5,91.0,2.3,261.0,331.0,5.0,122.0,2.2,16.0,30.0,0.75,,3.7,,2.0,0.2,0.05,0.96,0.22,0.05,,0.1,2.5,0.12,,0.13,0.33,0.94,20.0,39.1,0.0,0.0
32144,"Muesli croustillant aux fruits à coque et/ou graines uniquement, enrichi en vitamines et minéraux",433.0,13.8,3.73,,,,0.0,0.0,,63.3,14.7,8.27,9.77,0.56,,,6.27,,,,392.0,,,,,,,4.8,,,,,0.73,1.04,9.3,,0.81,177.0,1.45,,,,,,,,,,0.0
32145,"Muesli croustillant aux fruits à coque et/ou graines uniquement, non enrichi en vitamines et minéraux",450.0,16.5,2.65,9.99,3.68,0.079,0.01,0.01,1.0,61.2,17.2,6.7,10.0,0.22,44.5,0.38,2.7,2.5,93.0,2.6,270.0,318.0,7.0,86.0,2.3,16.0,30.0,0.0,,4.0,,2.0,0.23,0.05,0.54,0.24,0.1,,0.1,2.9,0.33,,0.4,0.01,0.65,15.8,41.3,0.0,0.0
32111,"Muesli croustillant aux fruits, avec ou sans fruits à coque et/ou graines, enrichi en vitamines et minéraux",464.0,19.4,3.58,10.1,2.33,0.08,0.009,0.009,1.0,60.4,19.1,6.7,8.38,0.56,45.4,0.29,2.8,2.5,86.1,2.2,261.0,301.0,2.0,223.0,2.0,16.0,30.0,0.0,,4.4,,4.24,0.19,0.02,0.59,0.19,0.09,,0.1,3.1,1.07,,0.98,0.01,0.49,16.6,37.6,0.0,0.0
32108,"Muesli croustillant aux fruits, avec ou sans fruits à coque et/ou graines, non enrichi en vitamines et minéraux",442.0,15.7,4.43,6.87,2.42,0.06,0.008,0.008,1.0,62.7,22.4,7.1,8.69,0.12,37.9,0.34,2.7,2.5,77.8,1.9,225.0,325.0,5.0,47.0,1.8,16.0,30.0,0.75,,4.5,,4.24,0.23,0.03,0.52,0.18,0.11,,0.1,4.1,3.03,,2.94,0.01,0.34,16.1,36.1,0.0,0.0
32139,Muesli enrichi en vitamines et minéraux (aliment moyen),436.0,14.6,3.51,7.0,2.15,0.071,0.0067,0.0067,0.73,63.6,19.7,6.77,8.78,0.47,48.6,0.33,3.47,6.04,83.4,2.12,276.0,351.0,2.17,184.0,1.96,16.0,30.0,0.72,,4.38,,2.33,0.3,0.15,1.53,0.24,0.17,,0.2,4.25,1.43,,1.35,0.84,0.38,16.3,39.3,0.0,0.0
32110,"Muesli floconneux aux fruits, fruits à coque et/ou graines, enrichi en vitamines et minéraux",378.0,5.3,0.97,1.99,1.87,0.06,0.004,0.004,1.0,68.9,20.3,7.4,9.5,0.32,53.9,0.37,3.0,13.0,87.4,2.2,290.0,459.0,2.0,129.0,2.1,16.0,30.0,0.75,,3.6,,2.0,0.23,0.09,0.48,0.33,0.09,,0.1,6.5,2.83,0.1,2.67,2.17,0.28,12.3,45.1,0.0,0.0
32138,"Muesli floconneux aux fruits, fruits à coque et/ou graines, non enrichi en vitamines et minéraux",371.0,7.0,2.09,1.9,2.06,0.22,0.004,0.004,1.0,60.9,11.7,9.8,10.6,0.058,44.6,0.43,3.4,2.5,99.8,2.2,280.0,495.0,4.0,23.0,2.1,16.0,30.0,0.0,,4.1,,2.84,0.22,0.03,0.81,0.24,0.18,,0.1,9.0,4.63,0.1,4.23,0.01,0.23,2.59,47.1,0.0,0.0
32113,"Muesli floconneux aux fruits, fruits à coque et/ou graines, sans sucres ajoutés, non enrichi",374.0,8.1,1.54,3.0,2.81,0.31,0.005,0.005,1.0,59.8,13.3,8.9,10.3,0.023,59.6,0.46,3.3,2.5,113.0,2.7,314.0,529.0,3.0,9.0,2.5,16.0,30.0,0.0,,5.1,,2.85,0.28,0.04,0.41,0.24,0.14,,0.1,10.0,6.17,,5.89,0.01,0.32,0.95,43.6,0.0,0.0
32141,Muesli non enrichi en vitamines et minéraux (aliment moyen),409.0,11.6,3.3,4.6,2.28,0.14,0.0062,0.0062,0.5,61.8,17.2,8.36,9.63,0.093,41.3,0.38,3.04,2.5,88.6,2.06,252.0,405.0,4.57,37.1,1.95,16.0,30.0,0.38,,4.3,,3.49,0.23,0.031,0.66,0.21,0.14,,0.1,6.37,3.7,,3.47,0.0071,0.3,9.77,41.4,0.0,0.0
7256,"Muffin anglais complet, petit pain spécial, préemballé",205.0,1.7,0.35,0.27,0.74,0.063,0.002,0.002,1.0,31.0,7.88,8.1,10.9,0.92,73.6,0.18,1.8,2.5,56.0,1.4,149.0,221.0,3.5,368.0,1.3,16.0,30.0,0.0,,1.0,,2.0,0.22,0.1,0.37,0.33,0.08,3.5,0.1,46.1,1.03,0.16,0.67,0.16,5.87,0.16,20.3,0.0,0.16
7257,"Muffin anglais, petit pain spécial, préemballé",228.0,1.1,0.43,0.17,0.44,0.046,0.002,0.002,1.0,42.5,6.17,3.8,9.06,0.9,162.0,0.12,1.6,2.5,20.5,0.46,78.7,131.0,3.0,358.0,0.85,16.0,30.0,0.0,,0.22,0.0,2.0,0.29,0.1,1.2,0.22,0.03,7.3,0.1,41.7,1.1,0.16,0.66,0.16,4.41,0.16,35.5,0.0,0.0
23952,"Muffin, au chocolat, préemballé",444.0,23.0,5.34,10.4,3.18,1.26,0.005,0.059,,52.5,30.2,2.42,5.58,0.93,46.5,,,,43.6,,,325.0,,200.0,1.0,,,,,,,,,,,,,,,17.4,0.1,,0.1,0.46,0.36,28.3,,0.0,0.0
23951,"Muffin, aux fruits (myrtilles et autres), préemballé",397.0,19.9,5.22,4.53,6.91,1.02,0.0,0.008,30.0,49.1,31.7,1.34,4.81,0.92,44.0,0.06,1.3,,10.0,0.45,146.0,121.0,11.2,336.0,0.37,21.0,2.0,0.1,,39.2,,0.9,0.17,0.16,1.42,0.47,0.04,12.0,0.16,25.0,1.21,0.0,1.23,0.54,0.47,28.0,16.3,0.0,0.0
26091,"Mulet, cru",118.0,3.62,1.17,,,,0.7,0.18,59.0,1.35,0.0,0.0,20.1,0.18,13.6,0.1,0.7,14.0,26.7,0.1,171.0,305.0,168.0,70.4,0.58,2.0,0.0,2.12,1.0,0.1,,1.2,0.16,0.24,6.31,0.76,0.37,9.0,5.56,75.5,0.0,,0.0,0.0,0.0,0.0,0.0,0.0,0.0
26026,"Mulet, rôti/cuit au four",143.0,4.86,1.43,,,,0.35,0.16,63.0,0.0,0.0,0.0,24.8,0.18,31.0,0.11,1.41,190.0,33.0,0.051,244.0,458.0,,71.0,1.21,42.0,0.0,0.0,0.0,,,1.2,0.08,0.13,5.05,0.88,0.49,10.0,0.25,70.5,0.0,,0.0,0.0,0.0,0.0,0.0,0.0,0.0
12039,Munster,324.0,26.8,18.9,4.88,0.43,0.14,0.0,0.0,96.0,0.7,0.56,0.19,20.4,2.0,350.0,0.031,0.41,30.4,27.0,0.008,468.0,134.0,4.32,750.0,2.81,297.0,13.0,0.6,0.26,2.5,,0.0,0.013,0.32,0.1,0.19,0.056,12.0,1.47,49.2,0.3,,,0.2,0.3,0.3,0.0,0.0,0.0
13029,"Mûre (de ronce), crue",46.0,0.7,0.07,0.15,0.35,0.08,0.01,0.01,0.0,6.53,6.1,5.2,1.13,0.013,31.0,0.07,0.4,20.0,20.0,1.1,25.0,200.0,20.0,5.0,0.18,0.0,156.0,0.0,1.17,14.1,,10.1,0.015,0.02,0.33,0.31,0.015,25.0,0.0,86.1,3.08,0.03,2.99,0.2,0.2,0.2,0.35,0.5,0.0
13150,"Mûre (de ronce), surgelée, crue",51.4,0.43,0.015,,,,0.0,0.0,0.0,10.7,,5.0,1.18,0.0025,29.0,0.12,0.8,,22.0,1.22,30.0,140.0,0.4,1.0,0.25,0.0,68.0,0.0,1.17,19.8,,3.1,0.029,0.046,1.21,0.15,0.061,34.0,0.0,82.2,,,,,,,,,0.0
13071,"Mûre noire (du mûrier), crue",41.7,0.39,0.027,,,,0.0,0.0,0.0,8.1,8.1,1.7,1.44,0.025,39.0,0.06,1.85,0.4,18.0,1.1,38.0,194.0,0.6,10.0,0.12,0.0,9.0,0.0,0.87,7.8,,36.4,0.029,0.1,0.62,0.26,0.05,6.0,0.0,87.7,,,,,,,,,0.0
8450,Museau de boeuf,151.0,5.17,,,,,0.0,,,0.0,,0.0,26.2,,,,,,,,,,,,,,,,,,,,,,,,,,,66.1,,,,,,,,0.0,0.0
13028,"Myrtille, crue",57.7,0.33,0.028,,,,0.0,0.0,0.0,10.6,9.96,2.4,0.87,0.0025,6.0,0.057,0.28,0.5,6.0,0.34,12.0,77.0,0.0,1.0,0.16,0.0,32.0,0.0,0.57,19.3,,9.7,0.037,0.041,0.42,0.12,0.052,6.0,0.0,84.2,4.97,0.0,4.88,0.0,0.0,0.11,0.03,0.014,0.0
13132,"Myrtille, surgelée, crue",43.0,0.64,0.032,,,,0.0,0.0,0.0,8.9,8.45,2.7,0.42,0.0025,7.0,0.036,0.29,,3.5,0.2,9.0,57.0,0.1,1.0,0.065,0.0,29.0,0.0,0.57,17.1,,1.75,0.026,0.045,0.39,0.13,0.059,6.0,0.0,86.6,,,,,,,,,0.0
25124,Navarin d'agneau aux légumes,135.0,8.61,4.82,,,,,,40.3,3.85,1.29,1.53,9.72,0.42,22.1,0.065,1.31,5.16,17.9,0.16,107.0,230.0,1.8,143.0,0.85,20.7,846.0,0.039,0.84,,,4.76,0.1,0.14,3.15,0.4,0.14,18.4,1.19,73.7,,,,,,,1.61,0.0,0.0
20321,"Navet, bouilli/cuit à l'eau",18.4,0.3,0.01,0.01,0.01,0.01,0.01,0.01,,3.23,2.8,2.1,0.75,0.025,32.0,0.06,0.08,20.0,5.8,0.04,20.0,170.0,20.0,10.0,0.06,0.0,5.0,0.0,0.02,0.8,,7.25,0.015,0.01,0.26,0.097,0.029,9.0,0.0,94.2,1.2,0.2,1.6,0.2,0.2,0.2,0.35,0.5,0.0
20033,"Navet, cuit",25.0,0.2,0.008,,,,0.0,0.0,0.0,3.8,2.9,2.2,0.9,0.073,37.3,0.045,0.11,10.0,8.75,0.045,26.0,237.0,10.0,29.0,0.099,0.0,50.0,0.0,0.02,0.1,,5.6,0.05,0.05,0.05,0.21,0.06,9.0,0.0,93.4,1.3,,1.6,0.5,0.5,0.5,0.5,,0.0
20064,"Navet, pelé, cru",25.6,0.1,0.011,,,,0.0,0.0,0.0,4.39,3.71,1.8,0.9,0.17,30.0,0.085,0.3,3.0,11.0,0.13,27.0,191.0,1.25,67.0,0.27,0.0,0.0,0.0,0.03,0.1,,21.0,0.04,0.03,0.4,0.2,0.09,15.0,0.0,91.9,,,,,,,0.67,,0.0
20234,"Navet, surgelé, cru",20.4,0.16,0.017,,,,0.0,0.0,0.0,2.8,1.9,1.8,1.04,0.063,23.0,0.045,0.7,,10.0,0.071,20.0,137.0,0.7,25.0,0.14,0.0,0.0,0.0,0.03,0.1,,4.4,0.03,0.02,0.4,0.11,0.048,15.0,0.0,95.7,,,,,,,,,0.0
2043,Nectar d'abricot,58.6,0.03,0.005,0.0,0.0,0.0,0.0,0.0,0.0,13.7,11.0,0.08,0.21,0.0042,11.5,0.039,0.38,0.2,5.28,0.022,9.0,114.0,2.2,1.68,0.05,0.0,786.0,0.0,,1.2,,17.6,0.009,0.014,0.26,0.096,0.022,1.0,0.0,84.9,,,,,,,0.0,,0.0
2374,Nectar d'ananas,52.4,0.0,0.0,0.0,0.0,0.0,0.0,0.0,0.0,13.0,11.2,0.0,0.1,0.0,13.0,,,,8.0,,,90.0,,0.0,,0.0,,,,,,,0.02,0.01,,,0.05,,,88.1,,,,,,,0.0,,0.0
2375,Nectar d'orange,41.6,0.086,0.0067,0.0,0.0,0.0,0.0,0.0,0.0,9.19,9.19,0.2,0.32,0.018,7.69,0.023,,1.1,5.96,0.022,7.7,82.8,2.2,6.92,0.041,0.0,10.0,,,,,23.3,0.04,0.01,0.17,,0.01,10.8,,89.7,1.8,,2.05,0.2,0.09,3.64,0.0,,0.0
2366,Nectar de banane,53.8,0.048,0.03,0.0,0.0,0.0,0.0,0.0,0.0,12.8,12.6,0.51,0.23,0.0046,5.8,0.02,0.07,20.0,8.0,0.06,5.7,91.0,20.0,1.82,0.05,0.0,6.95,,,0.8,,11.6,0.013,0.01,1.24,0.053,0.059,14.8,,86.7,1.89,,2.03,0.15,0.15,8.66,0.35,,0.0
2022,Nectar de fraise,47.5,0.1,0.0,0.0,0.0,0.0,0.0,0.0,0.0,11.3,11.0,0.1,0.3,0.005,12.3,0.0,0.25,,8.14,0.19,9.56,102.0,0.19,2.0,0.06,0.0,,,,,,,,,,,,,,87.1,,,,,,,0.0,,0.0
2365,Nectar de fruit de la passion ou maracuja,68.0,0.1,0.0,0.0,0.0,0.0,0.0,0.0,0.0,15.2,13.0,0.0,0.3,0.025,1.7,0.02,,1.1,3.8,,,72.8,0.1,3.0,0.02,0.0,100.0,,0.0,,,17.4,,,,0.05,0.02,3.0,,85.5,,,,,,,0.0,,0.0
2367,Nectar de goyave,48.0,0.23,0.01,0.0,0.0,0.0,0.0,0.0,0.0,10.9,10.2,0.15,0.14,0.0026,7.8,0.02,0.07,20.0,2.6,0.03,4.5,61.0,20.0,1.05,0.05,0.0,166.0,0.0,,0.8,,36.0,0.011,0.01,1.39,0.034,0.011,10.3,0.0,88.0,2.03,,1.67,0.15,0.15,6.5,0.0,,0.0
2370,Nectar de mangue,52.1,0.08,0.043,0.0,0.0,0.0,0.0,0.0,0.0,11.3,11.3,0.16,0.21,0.005,8.1,0.02,0.08,20.0,3.7,0.03,3.8,39.0,20.0,2.02,0.05,0.0,784.0,,,0.8,,8.2,0.024,0.011,2.1,0.17,0.039,17.1,,87.0,2.11,,1.88,0.15,0.15,7.18,0.0,,0.0
2045,Nectar de papaye,58.9,0.15,0.047,0.0,0.0,0.0,0.0,0.0,0.0,13.9,13.9,0.6,0.17,0.013,10.0,0.013,0.34,,3.0,0.013,0.0,31.0,,5.0,0.15,0.0,91.0,0.0,,0.8,,3.0,0.006,0.004,0.15,0.054,0.009,2.0,0.0,85.0,,,,,,,0.0,,0.0
2371,Nectar de pêche,50.3,0.05,0.002,0.0,0.0,0.0,0.0,0.0,0.0,12.1,11.9,0.33,0.22,0.011,5.0,0.069,0.19,,4.0,0.019,6.0,40.0,,4.37,0.08,0.0,128.0,0.0,,1.0,,5.3,0.003,0.014,0.29,0.068,0.007,1.0,0.0,85.6,,,,,,,0.0,,0.0
2054,Nectar de poire,62.5,0.043,0.001,0.0,0.0,0.0,0.0,0.0,0.0,14.8,11.4,0.45,0.19,0.0033,5.0,0.067,0.26,0.7,3.0,0.03,3.0,13.0,,1.3,0.07,0.0,1.0,0.0,,1.8,,1.1,0.002,0.013,0.13,0.022,0.014,1.0,0.0,84.0,,,,,,,0.0,,0.0
2076,Nectar de pomme,44.9,0.075,0.05,0.0,0.0,0.0,0.0,0.0,0.0,10.9,10.6,0.1,0.14,0.01,4.9,,,,3.94,,4.33,64.9,,4.0,,0.0,,,,,,,,,0.08,,,12.2,,90.2,3.87,,2.38,0.5,0.5,3.39,0.0,,0.0
2062,"Nectar multifruit, base orange, multivitaminé",42.6,0.1,,0.0,0.0,0.0,0.0,0.0,0.0,10.3,10.3,0.5,0.4,,,,,,6.3,,,85.7,,,,,427.0,,,,,36.2,,,1.64,,,23.0,,88.1,2.75,,2.65,0.5,0.5,4.85,0.0,,0.0
2063,"Nectar multifruit, base orange, standard",50.2,0.1,0.05,0.0,0.0,0.0,0.0,0.0,0.0,11.9,11.4,0.33,0.25,0.019,,,,,6.7,,,86.8,,6.25,,0.0,110.0,,,,,13.0,,,0.21,,,13.8,,87.4,2.2,,3.1,0.5,0.5,5.3,0.0,,0.0
2010,"Nectar multifruit, base pomme, multivitaminé",36.4,0.1,,0.0,0.0,0.0,0.0,0.0,0.0,9.1,9.1,0.0,0.05,,,,,,4.4,,,43.2,,,,,,,,,,15.1,,,0.28,,,17.0,,88.7,2.9,,4.5,0.5,0.5,1.7,0.0,,0.0
2009,"Nectar multifruit, base pomme, standard",41.1,0.1,,0.0,0.0,0.0,0.0,0.0,0.0,10.0,10.0,0.0,0.28,,,,,,4.7,,,78.5,,,,0.0,,,,,,,,,0.27,,,35.0,,88.7,2.9,,2.1,0.5,0.5,5.0,0.0,,0.0
2060,"Nectar multifruit, multivitaminé",47.2,0.1,0.0067,0.0,0.0,0.0,0.0,0.0,0.0,11.3,10.9,0.15,0.24,0.016,3.1,0.1,0.2,1.0,5.4,0.1,10.0,79.1,0.3,6.36,0.1,0.0,267.0,0.5,1.05,,,16.0,0.14,0.2,1.63,0.62,0.22,22.9,0.0,87.4,2.3,,2.1,0.2,0.2,5.6,0.0,,0.0
2061,"Nectar multifruit, standard",49.7,0.089,0.013,0.0,0.0,0.0,0.0,0.0,0.0,11.5,11.0,0.3,0.3,0.009,9.17,0.05,0.0,10.0,5.35,0.05,6.17,87.4,0.3,3.43,0.0,120.0,26.1,0.0,0.97,,,20.6,0.095,0.025,1.09,0.6,0.14,22.1,0.0,87.2,4.76,,3.55,,,2.71,0.0,0.0,0.0
2064,"Nectar, avec édulcorants, allégé en sucres",23.2,0.037,0.0067,0.0,0.0,0.0,0.0,0.0,0.0,5.49,5.23,0.11,0.17,0.01,,,,,,,,,,4.13,,0.0,,,1.5,,,10.8,0.21,0.24,2.7,0.9,0.3,30.0,,,,,,,,,0.0,,0.0
13149,"Nectarine ou brugnon, blanche, chair et peau, sans noyau, crue",49.5,0.5,0.01,0.01,0.01,0.01,0.01,0.01,0.0,11.4,8.9,0.5,0.81,0.013,5.0,0.07,0.13,20.0,8.1,0.06,18.0,210.0,20.0,5.0,0.1,0.0,5.0,0.0,0.77,0.8,,3.01,0.015,0.02,0.1,0.22,0.01,5.0,0.0,86.5,1.3,,1.1,0.2,0.2,6.5,0.35,0.5,0.0
13399,"Nectarine ou brugnon, chair et peau, sans noyau, crue (aliment moyen)",49.5,0.5,0.01,0.01,0.01,0.01,0.01,0.01,0.0,11.3,8.84,0.47,0.74,0.013,4.88,0.064,0.13,20.0,8.04,0.054,18.6,216.0,20.0,5.0,0.11,0.0,89.8,,,0.8,,3.24,0.015,0.011,0.37,0.22,0.01,,,86.6,1.24,,1.04,0.2,0.2,6.56,0.35,0.5,0.0
13148,"Nectarine ou brugnon, jaune, chair et peau, sans noyau, crue",49.5,0.5,0.01,0.01,0.01,0.01,0.01,0.01,0.0,11.3,8.8,0.6,0.69,0.013,4.8,0.06,0.13,20.0,8.0,0.05,19.0,220.0,20.0,5.0,0.11,0.0,144.0,0.0,0.77,0.8,,3.38,0.015,0.01,0.56,0.22,0.01,5.0,0.0,86.6,1.2,,1.0,0.2,0.2,6.6,0.35,0.5,0.0
13564,"Nèfle du Japon, chair et peau, sans noyau, crue",48.1,0.2,0.04,0.008,0.078,0.013,0.0,0.0,0.0,9.9,6.1,1.7,0.43,0.0025,16.0,0.04,0.28,0.8,13.0,0.15,27.0,266.0,,1.0,0.05,0.0,162.0,0.0,0.89,,,1.0,0.019,0.024,0.18,,0.1,,0.0,86.7,,,,,,,,,0.0
25583,"Nem ou pâté impérial, au porc, préemballé, cuit",237.0,12.7,3.07,6.08,2.27,0.07,0.01,0.01,15.7,22.6,1.9,2.4,6.88,1.14,25.0,0.12,0.91,20.0,23.0,0.31,82.0,230.0,20.0,457.0,0.79,21.0,394.0,0.5,,1.58,,0.5,0.083,0.01,0.94,0.37,0.08,32.3,0.18,53.6,0.4,,0.5,0.2,0.2,1.0,20.6,0.0,0.0
25582,"Nem ou pâté impérial, au poulet, préemballé, cuit",197.0,8.1,1.25,4.3,1.83,0.04,0.01,0.01,17.9,20.9,1.9,3.3,8.06,1.19,29.0,0.12,1.0,20.0,23.0,0.29,96.0,220.0,20.0,477.0,0.81,21.0,602.0,0.5,,1.5,,0.5,0.18,0.01,1.53,0.52,0.079,21.9,0.095,57.1,0.3,,0.5,0.2,0.2,0.9,17.7,0.0,0.0
25584,"Nem ou pâté impérial, aux crevettes et/ou au crabe, préemballé, cuit",213.0,9.2,1.13,5.62,1.72,0.03,0.01,0.01,27.7,23.7,2.4,2.7,7.44,1.2,47.0,0.2,1.1,20.0,25.0,0.35,89.0,180.0,20.0,480.0,0.83,21.0,688.0,0.5,,1.84,,0.5,0.041,0.043,0.1,0.33,0.056,32.6,0.51,55.0,0.4,,0.6,0.2,0.2,1.4,18.6,0.0,0.0
25674,"Nem ou pâté impérial, préemballé, cuit (aliment moyen)",216.0,10.0,1.83,5.34,1.94,0.047,0.0067,0.0067,20.4,22.4,2.07,2.8,7.45,1.18,33.6,0.15,1.0,20.0,23.7,0.32,88.9,210.0,20.0,471.0,0.81,21.0,560.0,0.5,,1.64,,0.5,0.1,0.017,0.84,0.41,0.072,29.0,0.26,55.2,0.37,,0.53,0.2,0.13,1.1,19.0,0.0,0.0
12031,Neufchâtel,300.0,25.5,18.1,,0.14,0.023,0.023,0.023,84.0,0.0,0.0,0.0,18.1,1.71,74.5,0.02,0.07,32.0,9.17,0.01,198.0,117.0,50.0,748.0,0.55,186.0,27.0,0.3,0.4,1.95,,,0.084,0.5,1.36,0.18,0.32,94.5,0.65,54.8,0.0,0.0,0.0,,0.0,0.0,0.0,0.0,0.0
15050,"Noisette grillée, salée",664.0,61.2,6.43,46.35,,,0.0,0.0,0.0,7.67,2.91,9.43,13.4,0.83,,,,,,,,,,333.0,,0.0,,,15.28,,,,,,,,,,,,,,,,,,4.76,,0.0
15033,"Noisette grillée, sans sel ajouté",684.0,62.4,4.51,46.35,,,0.0,0.0,0.0,8.81,4.89,9.4,14.4,,123.0,1.75,4.38,,173.0,5.55,310.0,755.0,,,2.5,0.0,36.0,0.0,15.28,,,3.8,0.34,0.12,2.05,0.92,0.62,,0.0,2.52,0.07,,0.07,0.0,0.0,4.75,1.1,,0.0
15004,"Noisette, sans sel ajouté",632.0,56.9,4.75,43.4,5.35,0.05,0.01,0.01,0.0,7.16,4.9,11.6,14.4,0.013,120.0,1.7,3.0,20.0,160.0,3.3,340.0,860.0,20.0,5.0,2.3,0.0,15.9,0.25,15.03,0.8,,0.5,0.35,0.088,0.71,1.64,0.21,,0.0,7.3,0.2,0.2,0.3,0.2,0.2,4.6,0.35,,0.0
15055,"Noix de cajou, grillée à sec, sans sel ajouté",630.0,49.0,8.87,28.5,8.92,0.09,0.01,0.01,0.0,23.5,6.63,5.7,17.4,0.02,38.0,2.7,5.7,,280.0,1.8,530.0,680.0,20.0,8.0,5.6,0.0,9.3,0.25,0.92,31.3,,0.5,0.36,0.049,0.56,0.98,0.17,,,1.3,0.1,0.1,0.1,0.1,0.1,6.63,11.8,0.0,0.0
15019,"Noix de cajou, grillée, salée",632.0,49.5,10.5,25.9,8.45,0.1,0.0,0.0,0.0,26.7,8.01,3.85,15.2,1.15,40.3,2.0,3.9,6.2,223.0,1.1,452.0,546.0,5.0,455.0,5.4,0.0,0.0,0.0,0.75,34.7,,0.5,0.36,0.15,1.14,0.49,0.38,,0.0,1.51,0.08,0.0,0.08,0.0,0.0,6.9,17.7,,0.0
15054,"Noix de cajou, grillée, sans sel ajouté",618.0,48.1,8.24,28.6,8.49,0.07,0.01,0.032,0.0,21.3,6.64,8.4,17.4,0.015,39.0,2.2,5.4,,260.0,1.6,510.0,610.0,20.0,6.0,5.0,0.0,7.91,0.25,0.92,34.7,,0.5,0.4,0.031,1.03,0.83,0.11,,,1.7,0.1,0.1,0.1,0.1,0.58,6.06,10.8,0.0,0.0
15014,"Noix de coco, amande immature, fraîche",360.0,33.5,29.7,,,,0.0,0.0,0.0,6.22,6.22,9.0,3.33,0.05,14.0,0.44,2.43,,32.0,1.5,113.0,356.0,,20.0,1.1,0.0,0.0,0.0,,0.2,,3.3,0.066,0.02,0.54,0.3,0.054,,0.0,47.0,,,,,,,,,0.0
15006,"Noix de coco, chair, fraîche",369.0,34.7,30.3,,,,0.0,0.0,0.0,4.69,4.69,10.6,3.47,0.048,13.5,0.44,2.27,1.2,32.0,1.5,104.0,363.0,,18.5,0.8,0.0,0.0,0.0,0.24,0.2,,3.15,0.053,0.015,0.52,0.3,0.052,,,45.5,,,,,,,0.0,,0.0
15007,"Noix de coco, chair, sèche",692.0,66.8,60.6,2.75,0.71,0.005,0.0,0.0,0.0,7.81,6.93,13.7,6.83,0.076,26.0,0.8,3.32,1.15,90.0,2.75,206.0,543.0,9.8,30.5,2.01,0.0,0.0,0.0,0.44,0.3,,1.5,0.06,0.1,0.6,0.8,0.3,,0.0,3.0,0.3,,0.3,,0.23,5.83,,,0.0
15043,"Noix de macadamia, grillée, salée",724.0,70.2,11.0,44.38,,,0.0,0.0,0.0,9.95,4.4,9.5,7.04,0.9,70.0,0.57,2.65,,118.0,3.04,198.0,363.0,,360.0,1.29,0.0,0.0,0.0,0.57,0.0,,0.7,0.71,0.087,2.27,0.6,0.36,,0.0,1.61,0.07,,0.07,0.0,0.0,4.0,4.2,,0.0
15027,"Noix de macadamia, sans sel ajouté",757.0,75.8,12.1,43.76,,,0.0,0.0,0.0,5.22,4.24,8.6,7.91,0.013,85.0,0.76,3.69,2.0,130.0,4.13,188.0,368.0,,5.0,1.3,0.0,,0.0,0.54,,,1.2,1.2,0.16,2.47,0.76,0.28,,0.0,1.36,0.065,0.0,0.065,0.0,0.0,4.11,0.98,,0.0
11048,Noix de muscade,506.0,36.3,25.9,,,,0.0,0.0,0.0,27.4,2.99,20.8,5.84,0.04,184.0,1.03,3.04,,183.0,2.9,213.0,350.0,1.6,16.0,2.15,0.0,28.0,0.0,,0.0,,3.0,0.35,0.057,1.3,,0.16,,0.0,6.23,,,,0.0,,,,0.0,0.0
15046,"Noix de pécan, salées",731.0,73.0,7.1,,,,0.0,0.0,0.0,5.0,4.9,3.0,10.2,1.0,,,,,,,,,,400.0,,0.0,,,1.3,,,,,,,,,,,,,,,,,,0.1,,0.0
15026,"Noix de pécan, sans sel ajouté",727.0,72.0,6.18,40.8,20.7,0.94,0.0,0.0,0.0,4.25,3.81,9.6,9.17,0.0,70.0,1.2,2.53,2.0,121.0,4.5,277.0,410.0,5.2,0.0,4.53,0.0,29.0,0.0,1.4,3.5,,1.1,0.66,0.13,1.17,0.86,0.21,,0.0,3.52,0.038,0.0,0.038,0.0,0.0,3.73,0.44,,0.0
15008,"Noix du Brésil ou noix d'Amazonie, sans sel ajouté",701.0,67.1,16.1,19.5,23.9,0.018,0.0,0.0,0.0,4.23,2.33,7.5,14.3,0.0075,160.0,1.74,2.43,2.53,376.0,1.22,725.0,659.0,103.0,3.0,4.06,0.0,0.0,0.0,5.65,0.0,,0.7,0.62,0.035,0.3,0.18,0.1,,0.0,3.42,0.0,0.0,0.0,0.0,0.0,2.33,0.25,,0.0
15005,"Noix, cerneau, séchée",709.0,67.3,6.45,13.4,36.1,7.5,0.01,0.01,0.0,6.88,3.0,6.7,13.3,0.13,75.0,1.1,2.2,20.0,140.0,2.9,360.0,430.0,20.0,5.0,2.7,0.0,20.7,0.25,0.7,2.4,,0.77,0.3,0.05,0.4,0.67,0.19,98.0,0.08,4.0,0.2,,0.2,0.2,0.2,2.8,0.35,,0.0
20987,"Nori (Porphyra sp., Pyropia), séchée ou déshydratée",257.0,1.77,0.46,,,,,,0.0,11.7,0.0,36.8,30.2,4.75,440.0,1.03,36.4,5620.0,480.0,3.87,491.0,1760.0,41.1,1900.0,4.35,0.0,17800.0,0.56,3.09,225.0,,63.9,0.54,1.83,6.25,0.25,0.53,31.8,,6.7,,,,,,,,0.0,0.0
39529,Nougat glacé,249.0,13.4,5.86,,1.96,0.026,0.00028,0.00028,22.7,26.4,23.0,2.41,4.47,0.093,95.0,0.15,0.54,20.0,43.0,0.29,120.0,230.0,20.0,45.0,0.47,62.2,27.0,0.25,,1.22,,0.5,0.036,0.16,0.25,0.52,0.051,17.5,0.24,52.3,1.2,,,5.1,1.8,9.9,0.35,0.0,0.0
31127,Nougat tendre,437.0,13.9,1.21,,,,,0.0,,69.3,60.8,3.27,6.98,0.045,,,,,,,,,,1.0,,,,,,,,,,,,,,,,,,,,,,,,0.0,0.0
9085,"Nouilles asiatiques cuisinées (boeuf, poulet, légumes…) non instantanées",140.0,4.3,0.5,,,,,,,18.8,2.0,2.8,4.78,1.2,,,,,,,,,,470.0,,,,,,,,,,,,,,,,71.0,0.2,,0.7,0.1,0.17,0.17,,0.0,0.0
25243,"Nouilles asiatiques instantanées, aromatisées, cuites",164.0,6.9,3.16,2.59,0.75,0.02,0.0033,0.0033,,21.1,,1.0,3.75,0.23,11.0,0.04,0.32,20.0,9.1,0.24,43.0,26.0,50.0,93.6,0.19,,10.0,,,0.8,,,0.023,0.01,0.1,0.91,0.01,5.0,0.073,66.9,,,,,,,19.8,0.0,0.0
25183,"Nouilles aux crevettes, préemballées, sautées/poêlées",104.0,3.4,1.16,0.76,1.09,0.05,0.01,0.02,25.7,12.6,1.7,1.6,4.88,0.84,22.0,0.07,0.5,20.0,19.0,0.19,54.0,100.0,20.0,334.0,0.42,21.0,380.0,0.25,,7.53,,0.5,0.053,0.35,0.37,0.18,0.056,77.0,0.21,76.4,0.4,,0.4,0.2,0.3,0.6,10.4,0.0,0.0
25225,"Nuggets ou croquette panée de blé (sans soja), préemballé",284.0,14.9,1.48,7.67,4.45,0.27,0.01,0.01,,22.4,1.33,2.55,12.6,0.67,22.0,0.11,0.88,20.0,15.0,0.41,82.0,340.0,20.0,269.0,0.68,,5.0,0.25,,5.24,,0.5,0.053,0.01,0.24,0.27,0.026,12.3,,45.7,0.34,0.1,0.22,0.1,0.56,0.21,18.7,0.0,0.0
26028,"Nuggets ou croquette panée de poisson, préemballé",255.0,13.7,2.45,4.83,4.63,0.067,0.11,0.19,49.0,18.4,1.07,2.5,13.2,1.04,31.1,0.045,0.7,48.7,22.3,0.12,130.0,259.0,2.13,418.0,0.41,2.0,0.0,0.0,0.0,,,0.0,0.11,0.07,1.24,0.32,0.15,32.2,1.54,50.5,0.0,,0.0,0.0,0.0,0.0,15.2,0.0,0.0
1033,"Nuggets ou croquette panée de poulet (contenant du soja), préemballé",220.0,10.3,1.8,4.55,2.83,0.082,0.006,0.006,36.6,16.7,1.74,2.0,13.4,1.36,23.6,0.058,0.84,2.5,27.6,0.26,157.0,249.0,7.0,545.0,0.65,16.0,30.0,0.0,,1.2,9.6,3.22,0.09,0.05,3.22,0.47,0.12,,0.1,57.6,0.1,,1.03,0.1,0.71,0.1,15.0,0.01,0.0
36027,"Nuggets ou croquette panée de poulet, préemballé",250.0,11.6,2.68,7.44,0.02,0.21,0.01,0.01,2.0,19.4,1.3,2.4,15.6,1.37,25.0,0.07,1.0,60.0,25.0,0.23,190.0,270.0,20.0,547.0,0.67,26.5,16.4,0.25,,0.99,10.6,0.5,0.083,0.025,7.15,0.77,0.098,10.9,0.23,48.6,0.2,0.2,0.7,0.2,0.6,0.2,16.6,0.5,0.0
25227,"Nuggets ou croquette panée de soja et blé (convient aux véganes ou végétaliens), préemballé",251.0,10.9,1.14,5.91,3.06,0.11,0.01,0.01,,19.7,1.75,5.38,15.5,1.39,61.0,0.25,2.4,20.0,50.0,0.89,160.0,330.0,20.0,556.0,1.0,,21.3,0.25,,2.58,,0.5,0.069,0.1,0.61,0.34,0.042,31.5,,45.8,0.28,0.1,0.23,0.1,1.02,0.22,16.7,0.0,0.0
25226,"Nuggets ou croquette panée de soja et blé (ne convient pas aux véganes ou végétaliens), préemballé",253.0,12.6,1.34,5.06,5.04,0.26,0.01,0.01,2.0,18.5,3.17,4.18,14.1,1.18,55.0,0.26,1.7,20.0,56.0,0.69,150.0,400.0,20.0,472.0,0.97,21.0,13.8,0.5,,0.8,,4.36,0.14,0.071,0.31,0.36,0.056,23.1,0.034,48.0,0.37,0.1,0.49,0.1,0.94,1.37,14.1,0.0,0.0
25512,"Nuggets ou croquette panée de volaille, préemballé",247.0,13.2,2.42,4.51,3.48,0.15,,,52.1,18.0,0.2,1.7,13.1,1.2,16.4,0.056,0.6,14.7,24.0,0.15,225.0,215.0,5.88,676.0,0.66,7.5,,0.5,2.59,,,,0.11,0.086,5.65,0.72,0.27,19.3,0.21,51.5,0.3,,0.3,,0.2,0.3,17.8,0.0,0.0
22014,Oeuf à la coque,142.0,9.82,3.11,3.73,1.06,0.044,,0.057,222.0,1.08,0.77,0.0,12.2,0.2,150.0,0.1,1.9,50.4,11.7,0.1,155.0,164.0,23.8,150.0,0.93,132.0,11.0,1.28,2.17,0.3,0.3,0.5,0.081,0.41,0.06,1.34,0.06,57.0,0.96,76.0,0.11,0.11,0.21,0.11,0.11,0.11,0.0,0.0,0.0
8380,Oeuf au jambon en gelée,88.3,4.7,,,,,,,,,,0.0,11.5,1.35,26.2,,1.0,,7.1,,,113.0,,541.0,0.8,,,,,,,,,,,,,,,81.9,,,,,,,,0.0,0.0
22505,"Oeuf au plat, sans matière grasse",157.0,10.4,3.25,3.87,1.47,0.1,0.006,0.087,495.0,1.4,0.35,0.0,14.6,0.42,53.1,0.072,2.0,40.0,14.0,0.032,204.0,155.0,25.9,167.0,1.4,111.0,30.0,2.3,,5.6,14.4,2.0,0.06,0.41,0.2,1.4,0.08,51,1.4,72.6,0.1,,0.35,0.1,0.1,0.1,0.0,0.0,0.0
22502,"Oeuf brouillé, avec matière grasse",167.0,13.0,4.46,,,,0.0,0.043,397.0,0.44,0.44,0.0,11.9,0.48,59.1,0.065,1.94,52.0,12.2,0.031,196.0,133.0,22.5,177.0,1.35,191.0,26.0,1.8,0.98,4.0,0.2,0.0,0.065,0.38,0.1,1.12,0.13,43.0,0.93,76.0,0.0,0.0,0.28,,0.0,0.0,,0.0,0.0
22000,Oeuf cru,140.0,9.83,2.64,3.39,1.39,0.058,0.0,0.053,372.0,0.06,0.06,0.0,12.8,0.31,76.8,0.055,1.75,35.3,11.0,0.027,198.0,138.0,2.58,124.0,1.01,160.0,0.0,2.0,,0.3,5.6,0.0,0.04,0.46,0.075,1.53,0.17,47.0,0.89,76.3,0.0,0.0,0.06,0.0,0.0,0.0,0.0,0.0,0.0
22070,"Oeuf d'oie, cru",180.0,13.3,3.6,5.35,0.68,0.55,0.0,0.0,852.0,1.35,0.94,0.0,13.9,0.35,60.0,0.062,3.64,,16.0,0.038,208.0,210.0,36.9,138.0,1.33,185.0,13.0,1.7,,0.4,,0.0,0.15,0.38,0.19,1.76,0.24,76.0,5.1,70.4,,,,,,,0.0,0.0,0.0
22050,"Oeuf de caille, cru",154.0,11.1,3.56,,,,0.0,0.0,844.0,0.41,0.4,0.0,13.1,0.35,64.0,0.062,3.65,,13.0,0.038,226.0,132.0,32.0,141.0,1.47,155.0,11.0,1.4,,0.3,,0.0,0.13,0.79,0.15,1.76,0.15,66.0,1.58,74.4,,,,,,,0.0,0.0,0.0
22060,"Oeuf de cane, cru",181.0,13.8,3.68,6.09,0.56,0.1,0.0,0.0,884.0,1.45,0.93,0.0,12.8,0.37,64.0,0.062,3.85,,17.0,0.038,220.0,222.0,36.4,146.0,1.41,192.0,14.0,1.7,,0.4,,0.0,0.16,0.4,0.2,1.86,0.25,80.0,5.4,70.8,,,,,,,0.0,0.0,0.0
22080,"Oeuf de dinde, cru",166.0,11.9,3.63,,,,,,933.0,1.13,1.0,0.0,13.7,0.38,99.0,0.062,4.1,,13.0,0.038,170.0,142.0,34.3,151.0,1.58,166.0,84.0,1.75,1.11,,,0.0,0.11,0.47,0.024,1.89,0.13,71.0,1.69,72.5,,,,,,,0.0,0.0,0.0
22010,Oeuf dur,134.0,8.62,3.22,3.66,1.2,0.052,0.0042,0.032,355.0,0.52,0.52,0.0,13.5,0.31,41.0,0.068,1.72,49.7,14.0,0.031,172.0,120.0,7.01,123.0,1.27,61.5,11.0,1.12,1.03,0.3,7.0,0.0,0.066,0.51,0.064,1.4,0.12,44.0,1.11,76.5,0.075,0.075,0.14,0.075,0.075,0.075,0.0,0.0,0.0
22011,Oeuf poché,139.0,9.47,2.99,,,,0.0,0.058,370.0,0.89,0.37,0.0,12.5,0.2,68.2,0.069,1.75,52.0,10.8,0.03,197.0,138.0,7.68,79.3,1.1,159.0,0.0,2.0,1.04,0.3,0.3,0.0,0.032,0.39,0.063,1.53,0.14,35.0,0.71,75.7,0.0,0.0,0.37,0.0,0.0,0.0,0.0,0.0,0.0
22001,"Oeuf, blanc (blanc d'oeuf), cru",48.1,0.17,0.0,0.0,0.0,0.0,0.0,0.0,0.0,0.73,0.71,0.0,10.9,0.42,7.0,0.023,0.08,2.2,11.0,0.011,15.0,163.0,9.97,166.0,0.03,0.0,0.0,0.0,,0.0,0.65,0.0,0.004,0.44,0.11,0.19,0.005,4.0,0.09,87.6,0.07,0.07,0.34,0.07,0.07,0.07,0.0,0.0,0.0
22008,"Oeuf, blanc (blanc d'oeuf), cuit",47.3,0.17,0.0,,,,,,0.0,1.12,0.7,0.0,10.3,0.39,6.67,0.023,0.067,,9.67,0.011,14.7,147.0,6.1,155.0,0.025,0.0,0.0,0.0,0.0,0.0,0.65,0.0,0.006,0.35,0.078,0.18,0.007,7.9,0.056,87.8,0.07,0.07,0.34,0.07,0.07,0.07,0.0,0.0,0.0
22004,"Oeuf, blanc (blanc d'oeuf), en poudre",356.0,0.0,0.0,0.0,0.0,0.0,0.0,0.0,0.0,7.8,5.4,0.0,81.1,3.2,62.0,0.11,0.15,,88.0,0.007,111.0,1130.0,125.1,1280.0,0.1,0.0,0.0,0.0,,0.0,,0.0,0.005,2.53,0.87,0.78,0.036,18.0,0.18,5.8,,,,,,,,0.0,0.0
22013,"Oeuf, en poudre",587.0,43.0,13.5,14.1,4.6,0.12,0.0,0.18,1630.0,1.52,0.3,0.0,48.4,1.2,236.0,0.2,4.33,21.0,34.0,0.058,629.0,540.0,87.4,480.0,3.15,150.0,0.0,3.1,2.7,1.2,,0.0,0.18,1.98,0.34,5.55,0.49,119.0,3.39,3.67,0.0,0.0,0.27,0.0,0.0,0.03,0.0,0.0,0.0
22002,"Oeuf, jaune (jaune d'oeuf), cru",307.0,26.7,9.55,10.4,3.5,0.16,0.011,0.11,939.0,1.09,0.56,0.0,15.5,0.048,50.2,0.1,0.7,175.0,1.5,0.1,141.0,43.0,83.5,19.1,1.1,336.0,88.0,2.0,,0.7,23.8,0.0,0.17,0.38,0.16,2.87,0.29,159.0,3.03,55.0,0.07,0.07,0.18,0.07,0.07,0.07,0.0,0.0,0.0
22009,"Oeuf, jaune (jaune d'oeuf), cuit",340.0,30.1,8.49,11.2,3.51,0.17,,0.24,612.0,1.31,0.55,0.0,16.0,0.035,76.4,0.15,0.95,192.0,4.5,0.1,121.0,58.6,76.4,14.0,1.4,263.0,106.0,2.11,5.0,0.7,23.8,0.0,0.17,0.39,0.16,4.54,0.3,166.0,2.43,50.3,0.07,0.07,0.18,0.07,0.07,0.07,0.0,0.0,0.0
22003,"Oeuf, jaune (jaune d'oeuf), en poudre",667.0,58.1,18.1,19.5,6.4,0.18,0.0,0.24,2310.0,2.11,0.07,0.0,33.7,0.41,307.0,0.012,9.5,,26.0,0.19,1040.0,264.0,139.3,163.0,7.73,779.0,0.0,11.4,,1.5,,0.0,0.39,1.26,0.083,9.06,0.84,209.0,6.02,2.73,0.0,0.0,0.07,0.0,0.0,0.0,,0.0,0.0
19684,"Oeufs au lait, rayon frais",124.0,5.08,2.88,,,,,,,14.7,14.4,0.0,5.03,0.16,,,,,,,,,8.8,,,,6.0,,0.22,0.2,,,,,,,,10.0,0.39,,,,,,,,,0.0,0.0
26056,"Oeufs de cabillaud, fumés, semi-conserve",154.0,4.2,0.56,0.37,0.093,0.0,0.37,0.84,,0.1,,0.0,29.0,2.04,10.6,0.082,1.13,173.0,14.0,0.13,453.0,273.0,40.3,816.0,6.03,8.7,0.0,27.2,7.0,0.2,,,,,,,,80.0,10.0,61.6,,,,,,,,0.0,0.0
26004,"Oeufs de lompe ou oeufs de lump, semi-conserve",77.8,3.48,1.28,0.63,0.037,0.028,0.64,0.84,253.0,1.01,0.17,0.4,10.4,4.56,11.6,0.1,0.4,60.0,3.0,0.1,83.0,68.4,8.0,1600.0,0.8,13.0,0.0,2.65,1.89,0.6,,0.5,0.04,0.071,0.16,0.28,0.08,25.0,5.45,76.0,0.15,,0.15,0.0,0.15,0.15,0.0,0.0,0.0
26275,"Oeufs de saumon du Pacifique, semi-conserve",240.0,10.5,2.05,1.95,0.12,0.11,1.66,1.84,541.0,5.16,0.2,1.0,30.8,2.34,5.6,0.01,0.08,330.0,8.1,0.09,2.6,94.0,20.0,936.0,0.05,393.0,,27.0,,0.8,,0.5,0.35,0.5,0.33,1.68,0.11,124.0,48.6,49.0,0.2,,0.2,0.2,0.2,0.2,,0.0,0.0
26151,"Oeufs de truite, semi-conserve",209.0,9.5,1.65,2.19,0.72,0.23,0.66,1.91,443.0,4.0,0.2,1.0,26.3,2.68,58.0,0.17,1.1,70.0,46.0,0.28,400.0,180.0,80.0,1070.0,3.1,343.0,,7.17,,1.58,,0.5,0.5,0.88,0.1,3.0,0.1,165.0,10.4,58.5,0.2,,0.2,0.2,0.2,0.2,,0.0,0.0
36500,"Oie, viande crue",155.0,7.13,2.79,1.58,0.8,0.1,0.0,0.0,84.0,0.0,0.0,0.0,22.8,0.22,13.0,0.31,2.57,,24.0,0.024,312.0,420.0,24.0,87.0,2.34,12.0,,1.0,0.0,4.1,31.0,7.2,0.13,0.38,4.28,1.97,0.64,31.0,0.49,68.3,0.0,,0.0,0.0,0.0,0.0,,0.0,0.0
36501,"Oie, viande et peau crues",366.0,33.6,9.78,16.7,3.34,0.21,0.0,0.0,80.0,0.0,0.0,0.0,15.9,0.18,12.0,0.27,2.5,1.2,18.0,0.02,234.0,308.0,24.0,73.0,1.72,17.0,,1.0,0.0,0.0,,4.2,0.085,0.25,3.61,1.29,0.39,4.0,0.34,49.7,0.0,,0.0,0.0,0.0,0.0,,0.0,0.0
36503,"Oie, viande et peau rôties/cuites au four",298.0,21.9,6.87,,,,0.0,0.0,91.0,0.0,0.0,0.0,25.2,0.18,13.0,0.26,2.83,,22.0,0.023,270.0,329.0,21.8,70.0,2.62,21.0,0.0,0.1,1.74,5.1,,0.0,0.077,0.32,4.17,1.53,0.37,2.0,0.41,52.0,,,,,,,,0.0,0.0
36502,"Oie, viande rôtie/cuite au four",230.0,12.7,,,,,0.0,0.0,96.0,0.0,,0.0,29.0,0.19,14.0,0.28,2.87,4.0,25.0,0.024,309.0,388.0,25.5,76.0,3.17,12.0,0.0,0.1,,,,0.0,0.092,0.39,4.08,1.83,0.47,12.0,0.49,57.2,,,,,,,,0.0,0.0
11055,Oignon au vinaigre,13.8,0.15,0.0,,,,,0.0,,2.5,2.5,1.8,0.6,1.19,24.0,,0.4,,12.0,,29.0,110.0,,458.0,,0.0,,,,,,7.0,0.03,0.03,0.2,,0.22,20.7,0.0,93.0,0.9,,0.28,0.1,0.1,0.3,,0.0,0.0
20322,"Oignon blanc ou jaune, sauté/poêlé sans matière grasse",39.2,0.3,0.01,0.01,0.01,0.01,0.01,0.01,,6.73,5.0,2.8,1.56,0.013,32.0,0.08,0.24,20.0,9.3,0.13,35.0,270.0,20.0,5.0,0.21,0.0,5.0,0.0,0.02,0.8,,2.31,0.04,0.022,0.17,0.24,0.066,15.0,0.0,88.1,1.5,0.2,2.0,0.2,0.2,1.5,0.35,0.5,0.0
20239,"Oignon jaune, cru",35.9,0.5,0.01,0.01,0.01,0.01,0.01,0.01,0.0,6.39,0.2,2.6,1.19,0.013,13.0,0.04,0.1,20.0,5.4,0.07,28.0,150.0,20.0,5.0,0.1,0.0,5.0,0.0,0.02,0.8,,2.08,0.026,0.01,0.13,0.14,0.064,19.0,0.0,89.0,0.2,,0.2,0.2,0.2,0.2,0.35,0.5,0.0
20323,"Oignon nouveau ou oignon frais ou cébette, sauté/poêlé sans matière grasse",28.0,0.3,0.09,0.07,0.08,0.02,0.01,0.01,,3.56,2.8,3.1,1.13,0.013,55.0,0.03,0.85,20.0,11.0,0.36,26.0,260.0,20.0,5.0,0.21,0.0,137.0,0.0,0.02,4.03,,7.38,0.015,0.01,0.41,0.14,0.074,15.0,0.0,91.2,1.6,,0.9,0.2,0.2,0.3,0.35,0.5,0.0
20238,"Oignon rouge, cru",35.0,0.4,0.14,0.13,0.07,0.01,0.01,0.01,0.0,5.63,5.2,2.5,1.31,0.013,22.0,0.05,0.19,20.0,9.0,0.12,29.0,190.0,20.0,5.0,0.21,0.0,5.0,0.0,0.02,0.8,,4.09,0.029,0.01,0.18,0.15,0.049,19.0,0.0,90.3,1.7,,2.2,0.2,0.2,1.3,0.35,0.5,0.0
20324,"Oignon rouge, sauté/poêlé",41.5,0.3,0.01,0.01,0.01,0.01,0.01,0.01,,7.55,6.7,2.1,1.69,0.013,26.0,0.07,0.26,20.0,10.0,0.15,33.0,220.0,20.0,5.0,0.26,0.0,5.0,0.0,0.02,0.8,,5.68,0.031,0.01,0.15,0.19,0.062,15.0,0.0,87.9,2.1,,2.5,0.2,0.2,2.1,0.35,0.5,0.0
20034,"Oignon, cru",39.0,0.62,0.2,0.013,0.016,0.00081,0.0,0.0,0.0,6.25,4.8,1.7,1.1,0.098,25.0,0.0001,0.00019,10.0,9.0,0.1,37.0,190.0,2.3,39.0,0.23,0.0,50.0,0.0,0.02,0.35,,3.9,0.05,0.05,0.05,0.15,0.1,19.0,0.0,89.6,1.7,0.0,1.6,0.5,0.5,1.5,0.5,,0.0
20035,"Oignon, cuit",34.6,0.2,0.024,,,,0.0,0.0,0.0,6.2,4.0,1.4,1.3,0.021,29.2,0.077,0.21,1.0,13.0,0.12,44.0,220.0,10.0,8.4,0.19,0.0,50.0,0.0,0.02,0.4,,2.1,0.05,0.05,0.05,0.13,0.09,15.0,0.0,90.4,1.5,0.0,1.3,0.5,0.5,1.2,0.5,,0.0
20180,"Oignon, séché",355.0,0.46,0.078,,,,0.0,0.0,0.0,74.1,37.4,9.2,8.95,0.053,257.0,0.42,1.55,,92.0,1.39,303.0,1620.0,,170.0,1.89,0.0,11.0,0.0,,3.8,,33.0,0.5,0.1,0.99,1.38,1.6,,0.0,3.93,,,,,,,,,0.0
20235,"Oignon, surgelé, cru",30.3,0.06,0.011,0.009,0.022,0.0033,0.0,0.0,0.0,5.22,3.81,2.65,0.89,0.025,36.0,0.05,0.46,,10.0,0.13,23.0,142.0,0.5,10.0,0.12,0.0,1.0,0.0,0.02,0.4,,8.0,0.026,0.024,0.18,0.099,0.093,19.0,0.0,90.2,,,,,,,,,0.0
13184,Olive (aliment moyen),165.0,16.6,2.29,9.99,1.34,0.16,0.0079,0.0068,0.98,0.65,0.029,3.83,1.29,2.83,76.7,0.16,1.16,5.84,14.4,0.045,8.51,28.8,7.64,1130.0,0.22,0.28,45.0,0.26,,20.9,,7.07,0.012,0.011,0.096,0.029,0.021,,0.011,74.4,0.1,0.1,0.059,0.1,0.12,0.15,0.35,0.0,0.0
13186,Olive noire (aliment moyen),182.0,18.0,2.17,10.3,1.53,0.15,0.0073,0.0073,0.7,0.26,0.015,6.46,1.41,2.09,81.5,0.18,8.17,20.0,16.6,0.08,10.4,33.6,50.0,835.0,0.16,0.0,253.0,0.0,1.65,1.4,,0.27,0.019,0.0072,0.057,0.044,0.026,2.66,0.0,73.3,,,,,,,,0.0,0.0
13131,"Olive noire, à l'huile (à la grecque)",349.0,33.3,4.02,21.6,4.74,0.32,0.016,0.016,0.7,4.33,0.3,11.6,2.19,8.45,110.0,0.27,1.7,20.0,29.0,0.28,60.0,320.0,50.0,3380.0,0.62,0.0,12.2,0.0,,,,0.62,0.058,0.05,0.19,0.17,0.048,5.83,0.0,42.0,,,0.3,,0.2,0.25,,0.0,0.0
13032,"Olive noire, en saumure, égouttée",173.0,17.2,2.08,9.7,1.36,0.14,0.0069,0.0069,0.7,0.1,0.0,6.2,1.38,1.77,80.0,0.18,8.5,20.0,16.0,0.07,7.9,19.0,50.0,706.0,0.14,0.0,265.0,0.0,,1.4,,0.5,0.017,0.01,0.1,0.038,0.025,5.0,0.0,74.9,,,,,,,,0.0,0.0
13033,"Olive verte, en saumure, égouttée",164.0,16.6,2.25,9.87,1.36,0.17,0.008,0.008,1.0,0.61,0.0,3.6,1.13,2.94,77.8,0.14,0.3,2.5,14.6,0.039,7.08,27.3,2.0,1180.0,0.5,0.0,30.0,0.25,3.81,23.6,,2.29,0.02,0.02,0.2,0.05,0.04,3.0,0.0,74.5,0.1,0.1,0.1,0.1,0.1,0.1,0.35,0.0,0.0
13147,"Olives vertes, fourrées ou farcies (anchois, poivrons, etc.)",156.0,15.2,2.63,10.4,1.09,0.1,,0.0,1.4,1.17,0.4,3.0,2.09,2.78,66.8,0.23,0.3,27.7,11.2,0.1,14.8,32.9,5.0,1110.0,0.11,2.0,,0.5,4.18,,,38.6,0.04,0.021,0.11,0.08,0.04,13.8,0.08,75.0,,,0.2,,0.2,0.4,,0.0,0.0
26171,"Omble chevalier, cru",103.0,2.7,2.2,,,,,,48.0,0.0,0.0,0.0,19.8,0.14,8.8,,0.49,,30.0,,260.0,370.0,16.0,57.5,0.67,,,9.0,,0.0,,0.0,0.16,0.09,,,0.37,,,77.6,,,,,,,0.0,0.0,0.0
22509,"Omelette à la ciboulette, faite maison",147.0,11.2,3.6,,,,,,301.0,1.98,0.8,0.55,9.5,0.43,86.0,0.044,1.83,43.0,14.5,0.19,157.0,188.0,11.6,173.0,0.92,160.0,,1.38,1.3,,,,0.071,0.33,0.2,1.06,0.12,56.1,0.97,75.7,,,,,,,0.0,0.0,0.0
22506,"Omelette au fromage, faite maison",255.0,19.3,10.1,,,,,,253.0,2.56,0.4,0.0,17.7,0.58,,0.051,1.16,42.8,23.6,0.036,388.0,112.0,10.8,231.0,2.48,198.0,64.0,1.39,0.82,,,0.0,0.059,0.34,0.08,0.85,0.09,25.8,1.55,58.5,,,,,,,0.0,0.0,0.0
22508,"Omelette aux champignons, faite maison",125.0,9.2,2.97,,,,,,247.0,2.28,0.7,0.45,8.09,0.35,48.0,0.16,1.4,35.6,11.4,0.04,152.0,193.0,11.5,141.0,0.86,132.0,25.0,1.11,0.82,,,,0.075,0.37,1.25,1.39,0.12,34.6,0.81,79.0,,,,,,,0.0,0.0,0.0
22507,"Omelette aux lardons, faite maison",267.0,23.5,9.41,,,,,,270.0,1.46,0.68,0.0,12.5,0.98,48.2,0.034,1.39,36.3,12.0,0.022,157.0,184.0,11.3,392.0,0.99,132.0,25.2,1.11,0.99,,,0.0,0.21,0.29,1.13,0.95,0.14,25.6,0.9,61.1,,,,,,,0.0,0.0,0.0
22500,"Omelette nature, faite maison",196.0,15.3,3.32,3.86,1.13,0.054,0.0,0.049,385.0,0.9,0.31,0.0,13.8,0.6,80.2,0.06,1.8,57.7,10.7,0.027,167.0,117.0,2.2,240.0,1.02,123.0,28.0,0.53,,4.5,,0.0,0.034,0.39,0.064,1.29,0.14,39.0,0.76,69.0,0.0,0.0,0.31,0.0,0.0,0.0,,0.0,0.0
39518,Omelette norvégienne,212.0,6.5,3.9,1.47,0.34,0.02,0.01,0.01,52.5,34.8,32.7,0.5,3.6,0.15,61.0,0.03,0.28,20.0,11.0,0.06,71.0,160.0,20.0,58.3,0.23,36.3,7.62,0.25,,0.84,,0.5,0.036,0.16,0.1,0.37,0.034,44.3,0.34,54.3,1.7,,2.7,3.2,1.6,23.5,2.0,0.0,0.0
22511,"Omelette, garnitures diverses : légumes, fromages, viandes... (aliment moyen)",179.0,13.2,4.65,,,,,,216.0,4.83,0.81,0.96,9.61,0.69,46.1,0.1,1.2,30.4,17.2,0.077,171.0,251.0,10.9,275.0,1.04,116.0,25.7,0.91,0.93,,,,0.084,0.27,0.66,1.08,0.11,33.5,0.82,69.8,,,,,,,2.96,0.0,0.0
13431,"Orange (variété locale), chair sans peau, sans pépins, prélevée à la Martinique",8.4,0.67,,,,,0.0,0.0,0.0,,,,0.6,,,,,,,,,,,,,0.0,,,,,,41.2,,,,,,34.0,,90.2,,,,,,,,,0.0
13432,"Orange amère, chair sans peau, sans pépins, crue, prélevée à la Martinique",6.8,0.43,,,,,0.0,0.0,0.0,,,,0.73,,,,,,,3.67,,,,,,0.0,,,,,,44.5,,,,,,34.0,,91.6,,,,,,,,,0.0
13034,"Orange, chair sans peau, sans pépins, crue",42.0,0.5,0.01,0.01,0.01,0.01,0.01,0.01,0.0,8.03,7.6,2.7,0.75,0.013,66.0,0.04,0.57,20.0,15.0,0.02,38.0,180.0,20.0,5.0,0.25,0.0,5.0,0.0,0.18,0.8,,47.5,0.045,0.01,0.37,0.16,0.01,30.0,0.0,87.3,2.1,,2.0,0.2,0.2,3.5,0.35,0.5,0.0
28530,Oreille de porc demi-sel,228.0,15.1,5.39,,,,0.0,0.0,82.0,0.6,,0.0,22.5,0.48,21.0,0.006,2.4,,7.0,0.012,41.0,55.0,,191.0,0.19,0.0,,,,,,0.0,0.08,0.11,0.78,0.068,0.02,0.0,0.07,61.3,,,,,,,,0.0,0.0
9320,"Orge complète, crue",334.0,2.3,0.48,,0.82,0.073,0.0,0.0,0.0,56.2,0.8,17.3,12.5,0.03,33.0,0.5,3.6,,133.0,1.94,264.0,452.0,6.15,12.0,2.77,0.0,13.0,0.0,,2.2,,0.0,0.65,0.29,4.6,0.28,0.32,,0.0,9.44,,,,,,,52.2,0.0,0.0
9322,"Orge perlée, bouilli/cuite à l'eau, sans sel ajouté",119.0,0.44,0.093,,,,0.0,0.0,0.0,24.4,0.28,3.8,2.26,0.0075,11.0,0.11,1.33,0.5,22.0,0.26,54.0,93.0,8.6,3.0,0.82,0.0,5.0,0.0,0.01,0.8,,0.0,0.083,0.062,2.06,0.14,0.12,16.0,0.0,68.8,,,,,,,,0.0,0.0
9321,"Orge perlée, crue",346.0,1.16,0.24,,,,0.0,0.0,0.0,68.6,0.8,9.1,9.91,0.023,29.0,0.42,2.5,,79.0,1.32,221.0,280.0,,9.0,2.13,0.0,13.0,0.0,,2.2,,0.0,0.19,0.11,4.6,0.28,0.26,,0.0,10.1,,,,,,,,0.0,0.0
11035,"Origan, séché",265.0,4.28,1.55,0.71,,0.62,0.0,0.0,0.0,26.4,4.09,42.5,9.0,0.063,1600.0,0.63,36.8,,270.0,4.99,148.0,1260.0,,25.0,2.69,0.0,1010.0,0.0,,622.0,,2.3,0.18,0.53,4.64,0.92,1.04,,0.0,9.93,1.13,0.15,1.9,0.0,0.0,0.91,,0.0,0.0
10041,"Ormeau, cru",99.6,0.83,0.15,,,,0.049,0.0,85.0,8.69,0.0,0.0,14.4,0.47,31.0,0.2,5.9,,48.0,0.04,154.0,215.0,44.8,189.0,0.82,2.0,0.0,0.0,4.0,23.0,,2.0,0.15,0.19,1.5,3.0,0.15,5.0,0.73,74.6,,,,,,,0.0,0.0,0.0
26166,"Orphie commune, crue",145.0,5.91,2.01,1.32,0.29,0.071,0.28,1.26,82.0,3.06,0.0,0.0,20.0,0.21,73.0,0.2,0.73,20.0,27.5,0.02,196.0,377.0,30.9,83.5,0.77,7.0,,5.0,,0.0,,1.5,0.012,0.063,5.75,0.8,0.9,1.0,2.0,70.1,,,,,,,0.0,0.0,0.0
20111,"Oseille, crue",23.4,0.65,0.1,,,,0.0,0.0,0.0,1.6,1.54,1.8,1.89,0.0094,44.0,0.13,2.4,0.4,103.0,0.35,63.0,390.0,0.9,4.0,0.2,0.0,,0.0,,,,48.0,0.04,0.1,0.5,0.041,0.12,,0.0,93.0,,,,,,,0.055,,0.0
12119,Ossau-Iraty (fromage de brebis),423.0,36.0,24.3,6.39,0.62,0.28,0.021,,94.4,1.0,0.12,0.0,24.2,1.76,764.0,0.057,0.32,,35.6,,,45.7,,677.0,2.43,273.0,,,0.15,,,,0.036,0.5,,0.16,0.028,35.3,1.06,33.8,,0.2,0.02,0.2,,,0.0,0.0,0.0
25164,"Osso buco de veau à la milanaise (jarret de porc , légumes, vin blanc)",102.0,4.06,0.8,,,,,,26.0,3.5,1.1,0.6,12.5,1.47,13.7,0.057,0.6,3.3,18.4,0.066,97.4,234.0,3.24,586.0,1.26,0.0,481.0,0.0,0.53,,,2.4,0.083,0.12,3.48,0.25,0.19,11.0,0.38,77.4,,,,,,,2.3,0.0,0.0
25242,"Paëlla (poulet fruit de mer, chorizo, colin), fait maison",135.0,2.2,0.76,,,,,,19.0,22.0,1.0,0.8,6.38,1.28,17.0,0.08,0.5,10.4,20.0,0.3,74.0,112.0,6.7,511.0,0.6,0.5,,0.02,0.2,,,7.0,0.06,0.05,1.4,0.41,0.13,10.0,0.27,67.2,,,,,,,21.0,0.0,0.0
25031,"Paëlla, préemballée",148.0,4.9,1.28,1.08,0.47,0.036,0.025,0.02,22.8,17.1,1.2,1.85,7.86,0.87,38.7,0.11,0.69,4.0,25.4,0.13,90.0,148.0,10.0,343.0,0.68,5.0,125.0,0.5,1.3,,,1.95,0.073,0.45,2.6,0.42,0.12,18.8,1.1,66.9,0.32,,0.43,0.2,0.2,0.23,15.1,0.0,0.0
7000,Pain (aliment moyen),276.0,1.36,0.34,0.35,0.48,0.064,0.0093,0.0047,,55.0,2.38,3.86,8.18,1.25,26.4,0.13,1.25,3.18,27.0,0.64,105.0,163.0,9.82,499.0,0.71,0.25,2.95,0.25,,0.51,,0.3,0.094,0.0089,0.57,0.4,0.017,,,31.7,0.17,,0.17,0.098,2.15,0.13,46.5,0.0,0.012
7730,"Pain au chocolat, artisanal",423.0,22.5,14.7,4.71,0.66,0.11,0.01,0.01,69.4,45.4,12.8,3.0,7.47,0.98,23.0,0.21,4.1,20.0,29.0,0.43,95.0,160.0,20.0,392.0,0.78,166.0,53.5,0.25,,2.2,,0.5,0.058,0.01,0.1,0.53,0.01,33.8,0.09,20.0,3.17,0.1,2.5,0.2,0.96,5.99,29.8,0.0,0.0
7733,"Pain au chocolat, préemballé",421.0,21.4,12.5,5.76,1.29,0.11,0.01,0.01,17.9,48.6,13.0,2.72,6.28,0.98,91.0,0.22,3.2,20.0,32.0,0.46,93.0,150.0,20.0,441.0,0.84,66.6,335.0,0.25,,2.48,,0.5,0.13,0.028,0.53,0.35,0.024,16.8,0.064,19.0,1.4,0.2,1.1,0.2,2.3,6.1,21.3,0.0,0.0
7712,"Pain au lait aux pépites de chocolat, préemballé",375.0,14.7,5.31,5.49,1.66,0.55,0.008,0.008,38.3,49.6,18.9,3.8,8.25,0.9,72.9,0.15,2.7,13.0,30.6,0.43,137.0,211.0,5.0,358.0,0.89,16.0,82.0,0.0,,7.5,3.25,2.0,0.24,0.16,0.26,0.52,0.03,,0.1,21.4,3.28,0.16,2.98,2.27,0.87,9.48,28.6,0.0,0.4
7710,"Pain au lait, artisanal",376.0,15.4,8.34,4.28,1.19,0.13,0.01,0.01,58.0,49.0,9.62,1.5,8.55,1.1,37.1,0.11,1.1,10.0,20.3,1.0,114.0,171.0,5.0,438.0,1.0,44.0,50.0,0.2,,,,0.0,0.07,0.13,0.46,0.57,0.17,46.0,0.82,23.7,3.58,0.1,2.34,0.82,1.03,1.85,39.4,0.0,0.0
7711,"Pain au lait, préemballé",357.0,12.3,4.14,4.5,1.63,0.53,0.007,0.01,52.1,50.5,11.5,3.5,8.69,1.06,49.1,0.097,0.85,13.0,19.5,0.43,96.3,140.0,4.0,422.0,0.74,37.3,40.0,0.0,,7.8,4.72,2.0,0.2,0.1,0.2,0.37,0.03,,0.1,23.1,2.63,0.16,2.5,0.44,1.58,4.37,37.0,0.0,0.17
7002,Pain au levain,261.0,1.3,0.17,0.1,0.39,0.024,0.0,0.0,,53.1,2.4,2.1,7.41,1.25,18.7,0.11,1.3,,18.7,0.57,87.3,124.0,,500.0,0.53,0.0,,,0.16,1.0,,,0.07,0.02,1.15,0.4,0.06,,,30.0,0.2,,0.2,,2.01,0.0,49.3,0.0,0.0
7115,Pain au son,244.0,1.94,0.2,0.14,0.59,0.049,0.0,,,44.4,2.04,6.21,8.3,1.17,30.5,0.23,2.05,,54.1,1.64,198.0,253.0,3.8,470.0,1.19,,,,0.2,,,,0.15,0.04,1.93,0.58,0.16,13.1,,35.9,0.2,,0.1,,1.74,0.0,41.8,0.0,0.0
7098,"Pain aux céréales et/ou aux graines, préemballé",282.0,7.6,0.76,3.03,1.46,0.91,0.004,0.004,1.0,39.7,4.9,5.8,8.27,1.15,32.4,0.29,1.5,2.5,64.4,0.93,178.0,230.0,5.0,460.0,1.3,16.0,30.0,0.0,,1.1,0.0,2.0,0.16,0.1,0.3,0.23,0.04,,0.1,35.5,1.16,0.08,1.14,0.08,2.43,0.17,31.5,0.0,0.86
7255,Pain aux céréales et/ou graines,269.0,3.2,0.45,0.81,1.24,0.47,0.01,0.01,0.5,46.9,2.2,5.2,9.58,1.13,40.0,0.25,1.6,20.0,53.0,0.78,150.0,230.0,20.0,450.0,1.1,2.0,5.0,0.5,,0.8,,0.5,0.098,0.01,0.71,0.43,0.059,30.5,,31.6,0.2,,0.3,0.2,1.9,0.2,39.1,0.0,0.0
7107,"Pain aux graines sans gluten, préemballé",266.0,8.55,1.11,,,1.2,0.0,,,38.8,3.05,6.76,4.74,1.22,,,,,64.0,,,,,,,,,,,,,,,,,,,,,,,,,,,,,0.0,0.0
7720,"Pain aux raisins (viennoiserie), artisanal",345.0,11.5,5.66,2.67,0.44,0.12,0.0032,,43.0,53.4,20.9,1.4,5.81,0.81,32.1,1.0,0.77,10.0,18.6,1.0,100.0,278.0,9.7,322.0,1.0,36.0,50.0,0.2,,,,0.0,0.07,0.18,0.05,0.63,0.08,132.0,0.54,25.8,9.1,,8.4,0.5,1.2,2.2,17.7,0.0,0.0
7114,"Pain azyme, préemballé",372.0,1.67,0.32,,,,0.0,,,74.9,3.14,5.41,10.7,0.076,,,3.3,,110.0,,205.0,190.0,,0.005,,,,,,,,,,,,,,,,6.9,,,,,,,,0.0,0.0
7258,Pain bagel,301.0,4.58,1.08,,,,0.0,0.0,0.0,53.0,6.48,2.7,9.83,1.02,37.3,0.17,1.83,,36.3,0.84,111.0,122.0,,410.0,0.95,0.0,2.0,0.0,,1.5,,0.0,0.24,0.1,2.3,0.37,0.083,25.0,0.0,31.1,1.38,,0.82,,3.08,,,0.0,0.0
7010,Pain bis (à la farine T80 ou T110),265.0,0.33,0.045,0.033,0.13,0.009,0.0,0.0,,54.0,2.39,4.2,8.6,1.17,27.5,0.98,1.31,,33.0,1.0,140.0,178.0,,470.0,1.2,0.0,,,0.23,,,,0.13,0.06,1.66,0.4,0.27,,,34.3,0.2,,0.1,,2.09,0.0,49.5,0.0,0.0
7001,"Pain blanc (par ex. : baguette, boule…)",287.0,1.4,0.45,0.3,0.49,0.04,0.01,0.01,0.075,58.3,2.3,2.7,8.27,1.25,22.0,0.13,1.2,20.0,23.0,0.59,110.0,180.0,20.0,500.0,0.73,0.0,0.0,0.25,,0.8,,0.5,0.17,0.01,2.88,0.46,0.01,,,30.0,0.2,,0.2,0.2,2.3,0.2,48.3,0.0,0.0
7009,"Pain blanc précuit, à finir de cuire, préemballé",265.0,1.2,0.4,0.15,0.53,0.05,0.002,0.002,1.0,53.9,2.67,3.5,7.13,1.1,49.8,0.1,0.68,2.5,20.4,0.48,78.1,143.0,2.0,439.0,0.57,16.0,30.0,0.0,,0.33,0.0,2.0,0.13,0.1,0.2,0.26,0.03,16.0,0.1,32.7,0.3,0.08,0.08,0.08,2.37,0.08,47.2,0.0,0.0
7260,"Pain blanc, fait maison (avec farine pour machine à pain)",256.0,0.9,0.17,0.079,0.33,0.021,0.0003,0.0003,0.7,52.1,,2.6,7.81,1.45,21.0,0.09,0.85,18.5,20.0,0.47,94.0,130.0,50.0,578.0,0.62,0.0,10.0,,,0.8,,0.6,0.079,0.04,0.69,0.31,0.082,,,33.9,,,,,,,40.4,0.0,0.0
7004,"Pain blanc, passé au grille-pain",317.0,1.3,0.52,0.52,0.13,0.01,0.01,0.014,,64.0,1.4,3.7,9.46,1.51,20.0,0.11,0.97,20.0,25.0,0.51,85.0,140.0,20.0,602.0,0.65,2.0,0.0,0.25,0.24,0.8,,0.5,0.11,0.018,0.33,0.58,0.044,19.6,0.02,19.6,0.2,0.2,0.2,0.2,0.2,1.4,54.3,0.0,0.0
7160,"Pain blanc, sans sel ajouté",282.0,1.17,0.3,,,,0.0,0.0,,57.0,4.5,2.68,8.7,0.013,42.0,0.12,,6.0,21.3,0.52,,129.0,4.7,,0.75,0.0,0.0,,,,,,0.069,,,,0.067,,,28.8,0.1,,0.1,0.1,2.45,0.1,,0.0,0.0
7225,"Pain brioché ou viennois, artisanal",338.0,11.2,6.25,2.35,0.86,0.079,0.006,0.006,28.6,48.6,7.51,1.9,8.89,1.14,47.8,0.1,0.92,13.0,20.4,0.43,113.0,156.0,5.2,454.0,0.83,67.2,91.0,0.6,,14.4,4.38,2.0,0.1,0.06,1.84,0.36,0.13,,0.1,27.7,3.42,,2.33,0.57,1.18,0.3,41.1,0.0,0.0
7106,"Pain complet au seigle, préemballé",213.0,0.9,0.24,0.17,0.41,0.044,0.002,0.002,1.0,39.5,4.17,8.2,5.7,1.24,19.9,0.15,0.96,13.0,35.1,1.0,124.0,202.0,2.0,495.0,1.2,,30.0,,,,,2.0,0.13,0.1,0.55,0.21,0.07,4.0,,42.7,0.53,0.08,0.4,0.08,3.08,0.08,34.6,0.0,0.45
7110,Pain complet ou intégral (à la farine T150),234.0,1.7,0.56,0.24,0.66,0.052,0.002,0.002,1.0,41.2,2.41,7.3,8.66,1.17,83.2,0.18,2.0,2.5,54.2,1.5,161.0,236.0,2.43,470.0,1.2,0.0,30.0,0.86,,0.8,,2.0,0.16,0.1,0.48,0.36,0.12,,0.0,35.9,0.3,0.08,0.12,0.08,1.89,0.08,36.6,0.0,0.0
23220,"Pain d'épices fourré aux fruits ou nonnette, préemballé",338.0,2.15,0.35,,,,,,,75.0,45.4,1.74,3.85,0.47,,,,,,,14.5,77.0,,143.0,,,,,,,,,,,,,,,,17.4,,,,,,7.2,20.5,0.0,0.0
23200,"Pain d'épices, préemballé",318.0,1.15,0.24,0.52,0.22,0.06,0.01,0.01,2.0,71.8,40.8,3.78,3.14,0.62,4.0,0.11,1.1,2.0,14.3,0.5,88.0,91.9,,189.0,0.5,,2.0,,0.57,,,0.5,0.05,0.04,0.34,0.16,0.16,,,20.4,15.5,0.1,18.8,0.1,3.18,0.72,28.4,0.0,0.0
7100,Pain de campagne,253.0,1.3,0.42,0.26,0.49,0.04,0.01,0.01,0.37,50.0,2.5,4.3,7.52,1.18,23.0,0.15,1.5,20.0,33.0,0.82,120.0,190.0,20.0,474.0,0.88,0.0,5.0,0.25,,0.8,,0.5,0.097,0.01,0.1,0.39,0.051,,,33.4,0.3,,0.2,0.2,2.0,0.2,40.4,0.0,0.0
7261,"Pain de campagne, fait maison (avec farine pour machine à pain)",240.0,0.9,0.18,0.074,0.32,0.025,0.0003,0.0003,0.7,46.7,,5.1,7.98,1.34,20.0,0.13,1.3,22.0,34.0,0.84,130.0,210.0,50.0,537.0,1.1,0.0,10.0,,,0.8,,1.33,0.16,0.06,0.64,0.31,0.062,,,37.3,,,,,,,39.3,0.0,0.0
7099,"Pain de campagne, préemballé",257.0,2.81,0.38,,,,0.0,0.0,,48.7,2.63,3.75,6.68,1.32,,,,,,,,,,505.0,,0.0,,,,,,,,,,,,,,,1.05,,0.72,0.1,0.83,0.037,,0.0,0.0
7113,"Pain de mie aux céréales et/ou graines, préemballé",290.0,6.6,1.07,3.13,1.93,0.48,0.005,0.005,1.0,43.5,5.6,5.9,8.84,1.07,74.5,0.23,1.4,2.5,46.3,0.84,134.0,215.0,2.0,425.0,1.1,16.0,30.0,0.0,,0.25,0.0,2.0,0.18,0.1,0.26,0.2,0.04,,0.1,32.2,1.15,0.16,0.94,0.16,2.76,0.75,37.2,0.0,0.6
7116,"Pain de mie blanc sans gluten, préemballé",242.0,5.1,0.98,2.17,0.98,0.27,0.003,0.003,1.0,41.2,5.16,7.4,3.36,0.99,45.7,0.061,0.61,2.5,14.9,0.16,55.0,135.0,2.0,394.0,0.5,16.0,30.0,0.0,,3.7,0.0,2.0,0.079,0.1,0.32,0.17,0.03,,0.1,41.0,0.66,0.16,0.66,0.16,3.84,0.16,24.6,0.0,0.087
7200,"Pain de mie blanc, préemballé",279.0,4.37,0.54,1.67,0.79,0.21,0.01,0.01,3.2,50.4,6.14,2.83,7.06,1.07,88.0,0.11,0.7,20.0,17.0,0.43,75.0,120.0,20.0,429.0,0.47,0.0,5.0,0.0,,2.22,,0.5,0.12,0.015,0.31,0.43,0.03,13.3,,33.3,0.87,0.2,1.5,0.2,3.23,0.55,33.5,0.0,0.2
7201,"Pain de mie blanc, sans croûte, préemballé",266.0,3.23,0.48,1.8,0.73,0.22,0.01,0.01,,50.2,7.5,2.89,6.93,1.07,87.0,0.12,0.74,20.0,20.0,0.42,86.0,110.0,20.0,429.0,0.49,,5.0,,,3.07,,0.5,0.091,0.013,0.37,0.42,0.034,18.6,,34.8,1.22,0.2,0.9,0.2,3.67,1.71,31.9,0.0,0.0
7117,"Pain de mie blanc, sans sucres ajoutés, préemballé",290.0,5.9,0.74,2.86,1.37,0.44,0.004,0.004,1.0,48.1,6.13,4.0,7.01,1.14,21.0,0.12,0.85,2.5,22.1,0.6,82.3,130.0,2.0,454.0,0.53,16.0,30.0,0.0,,4.4,0.0,2.0,0.13,0.1,0.2,0.18,0.03,,0.1,32.6,0.15,0.08,0.42,0.08,5.56,0.08,42.0,0.0,0.76
7210,"Pain de mie brioché, préemballé",312.0,7.26,1.33,3.38,1.32,0.37,0.01,0.02,38.2,51.4,10.5,3.03,7.78,1.13,65.0,0.09,0.7,20.0,17.0,0.39,95.0,110.0,20.0,447.0,0.67,21.0,5.0,0.25,,5.67,,0.5,0.11,0.056,0.24,0.76,0.028,14.5,0.26,28.3,2.51,0.1,2.24,0.34,4.0,1.36,28.6,0.0,0.0
7111,"Pain de mie complet, préemballé",257.0,4.1,0.57,1.92,1.13,0.29,0.003,0.003,1.0,41.8,5.63,7.3,7.3,1.07,42.3,0.17,1.5,2.5,52.0,1.2,151.0,213.0,3.76,425.0,0.88,,30.0,,,3.2,,2.0,0.14,0.1,0.49,0.3,0.06,2.3,,36.7,1.26,0.08,0.98,0.08,2.92,0.32,34.2,0.0,0.82
7109,"Pain de mie complet, sans croûte, préemballé",245.0,3.2,0.5,1.59,0.9,0.22,0.003,0.003,1.0,42.8,5.91,6.6,7.07,1.12,42.2,0.15,1.4,2.5,50.7,1.2,143.0,199.0,2.9,447.0,0.82,,30.0,,,3.0,,2.0,0.14,0.1,0.47,0.32,0.06,3.4,,38.3,1.52,0.08,1.04,0.08,3.04,0.15,34.6,0.0,0.0
7125,Pain de seigle et froment,260.0,1.0,0.32,0.27,0.3,0.029,0.01,0.01,0.0,51.5,2.4,4.5,8.27,1.13,33.0,0.14,1.2,20.0,27.0,0.74,110.0,170.0,20.0,450.0,0.86,0.0,5.0,0.5,,0.8,,0.5,0.11,0.01,0.28,0.44,0.01,49.3,0.0,31.6,0.3,,0.2,0.2,2.1,0.2,44.4,0.0,0.0
7007,"Pain de tradition française (par ex. : baguette, boule…)",279.0,1.0,0.27,0.24,0.39,0.03,0.01,0.01,,56.7,2.1,3.8,8.15,1.27,20.0,0.12,1.2,0.2,24.0,0.58,96.0,150.0,20.0,509.0,0.65,0.0,5.0,0.5,,0.8,,0.5,0.068,0.01,0.1,0.38,0.01,,,31.5,0.2,,0.2,0.2,2.1,0.2,48.7,0.0,0.0
7402,"Pain grillé au blé complet, tranches, préemballé",390.0,5.6,1.84,2.39,1.09,0.063,0.004,0.004,1.0,69.4,3.03,8.0,10.3,1.7,37.6,0.22,1.7,13.0,50.4,1.2,166.0,259.0,3.21,681.0,1.2,,30.0,,,,,2.0,1.36,0.1,0.73,0.3,0.04,8.4,,4.1,0.68,0.08,0.38,0.08,1.87,0.08,61.5,0.0,0.0
7400,"Pain grillé au froment, tranches, préemballé",399.0,6.2,2.12,1.91,1.1,0.06,0.004,0.004,1.0,71.8,3.24,6.4,9.75,1.48,27.5,0.14,1.1,2.5,26.9,0.69,112.0,193.0,4.0,592.0,0.78,16.0,30.0,0.0,,0.41,0.0,2.0,0.12,0.1,0.68,0.22,0.18,5.0,0.1,3.6,0.5,0.08,0.24,0.08,2.5,0.08,66.6,0.0,0.0
7425,"Pain grillé aux céréales, tranches, préemballé",417.0,7.33,2.41,,,,0.0,,0.0,70.0,7.0,7.5,12.8,1.58,30.0,0.18,9.0,4.0,66.0,0.7,194.0,300.0,1.7,630.0,1.5,0.0,0.0,0.0,1.5,,,0.0,0.2,0.15,1.5,0.1,0.1,57.0,0.0,2.38,,,,,,,63.0,0.0,0.0
7403,"Pain grillé brioché, tranches, préemballé",427.0,11.3,5.0,3.21,1.36,0.18,0.006,0.006,37.6,67.6,8.4,4.9,10.2,1.04,40.5,0.14,1.1,13.0,25.1,0.59,129.0,217.0,6.0,415.0,0.9,16.0,45.0,0.0,,2.2,2.4,2.0,0.21,0.14,0.81,0.4,0.19,3.9,0.1,4.3,2.94,0.16,2.21,0.86,1.65,0.74,56.8,0.0,0.0
7170,Pain panini,254.0,1.1,0.2,,,,0.0,,3.0,50.6,2.3,4.2,7.48,0.98,34.5,,0.9,,29.0,,118.0,148.0,,988.0,,,6.0,0.0,0.4,,,,0.1,0.1,0.8,0.4,0.17,39.0,0.1,,,,,,,,48.3,0.0,0.0
39236,Pain perdu,226.0,8.45,2.13,,,,0.001,0.0095,99.0,30.8,14.1,1.1,6.0,1.22,104.0,0.071,1.94,10.2,17.0,0.22,128.0,134.0,2.39,487.0,0.72,85.5,66.0,0.28,0.39,,,0.3,0.24,0.35,2.18,0.74,0.29,23.5,1.0,53.7,,,,,,,16.7,0.0,0.0
7180,Pain pita,249.0,1.5,0.2,,,,0.0,,,48.8,2.51,3.7,7.48,1.2,52.7,,1.0,10.0,18.1,1.0,84.0,134.0,5.0,543.0,1.0,,50.0,,,,,,0.11,0.08,2.6,0.49,0.05,21.0,,34.1,0.7,,1.3,0.5,0.5,0.5,46.3,0.0,0.0
7262,"Pain pour burger ou hot dog (bun) complet, préemballé",296.0,6.16,0.94,,,,0.0,,,48.2,6.74,5.18,8.56,1.05,,,,,,,,,,413.0,,,,,,,,,,,,,,,,,,,,,,,,0.0,0.0
7259,"Pain pour burger ou hot dog (bun), préemballé",283.0,4.9,0.84,1.89,1.14,0.26,0.003,0.003,1.0,47.2,6.46,3.5,8.21,1.13,62.7,0.13,0.82,2.5,25.5,0.48,92.3,130.0,4.0,450.0,0.75,16.0,30.0,0.0,,2.3,0.0,2.0,0.22,0.1,0.5,0.21,0.03,,0.1,33.2,1.84,0.08,1.51,0.08,2.62,0.49,37.6,0.0,0.89
7013,"Pain sans gluten précuit, à finir de cuire, préemballé",234.0,5.29,1.1,,,,0.0,0.0,,39.8,2.65,7.22,2.88,1.16,,,,,,,,,,,,0.0,,,,,,,,,,,,,,,,,,,,,,0.0,0.0
7130,"Pain sans gluten, préemballé",249.0,6.6,0.92,1.92,2.86,0.76,0.004,0.004,1.0,37.1,5.9,9.9,4.58,1.08,51.6,0.17,1.3,16.0,38.1,0.51,93.0,170.0,2.0,432.0,0.81,16.0,30.0,0.0,,1.1,0.0,2.0,0.08,0.1,0.26,0.18,0.03,,0.1,39.8,0.15,0.08,1.13,0.08,4.62,0.08,25.7,0.0,0.078
25199,"Palet ou galette de légumes, préfrit, surgelé",101.0,5.67,1.33,,1.05,0.049,,,,8.67,3.0,3.0,2.33,0.76,,,,,,,,,,303.0,,,,,,,,,,,,,,,,80.5,0.47,,0.47,,0.3,0.58,,0.0,0.0
25208,"Palet ou galette de légumes, préfrit, surgelé, cuit",105.0,5.7,0.64,2.29,2.24,0.05,0.01,0.01,27.4,8.45,3.0,2.6,3.31,0.75,40.0,0.06,0.52,20.0,16.0,0.15,58.0,250.0,20.0,301.0,0.36,21.0,986.0,0.5,,20.2,,1.23,0.19,0.11,0.1,0.31,0.088,33.8,0.18,78.2,1.0,,0.8,0.7,0.2,0.5,4.5,0.0,0.0
25200,"Palette à la diable, préemballée",102.0,4.5,1.5,,,,,,,1.0,1.0,2.5,13.0,2.29,,,1.0,,,,,,,917.0,,,,,,,,,,,,,,,,,,,,,,,,0.0,0.0
13614,"Pamplemousse chinois, chair sans peau, sans pépins, cru",38.4,0.04,,,,,0.0,0.0,0.0,7.14,,1.0,0.76,0.0025,4.0,0.048,0.11,,6.0,0.017,17.0,216.0,,1.0,0.08,0.0,0.0,,,,,61.0,0.034,0.027,0.22,,0.036,,0.0,89.1,,,,,,,,,0.0
25513,Pan bagnat,205.0,6.48,0.98,,,,,,23.8,27.8,3.2,1.98,7.95,1.03,37.9,0.053,0.69,7.52,26.1,0.2,59.8,157.0,3.83,428.0,0.33,14.5,150.0,0.59,1.56,,,12.2,0.055,0.071,1.34,0.31,0.13,25.5,0.86,51.1,,,,,,,22.3,0.0,0.0
5004,Panaché (limonade et bière),39.0,0.0,0.0,,,,0.0,0.0,0.0,6.33,5.4,0.0,0.0,0.0052,0.77,0.0019,0.058,0.87,0.36,0.0008,9.95,18.9,2.2,2.07,0.016,0.0,0.0,0.0,0.0,,,0.08,0.0065,0.036,0.31,0.065,0.022,3.23,0.038,92.3,,,,,,,0.0,0.004,1.95
5005,"Panaché préemballé (<1° alc.), aromatisé ou non",32.0,0.021,2.3e-05,,,,0.0,0.0,0.0,7.11,6.47,0.21,0.0046,0.0053,3.42,0.001,0.006,1.0,3.07,0.008,9.9,7.47,1.1,1.37,0.0,0.0,0.0,0.0,0.0,,,0.0035,0.0035,0.012,0.53,0.047,0.033,5.0,0.033,94.0,1.26,,1.24,0.2,0.63,3.3,0.0,0.004,0.5
20181,"Panais, cru",67.9,0.3,0.05,0.028,0.043,0.0038,0.0,0.0,0.0,12.6,4.8,4.9,1.2,0.025,36.0,0.12,0.59,0.28,29.0,0.56,71.0,375.0,0.2,10.0,0.59,0.0,0.0,0.0,1.49,22.5,,17.0,0.09,0.05,0.7,0.6,0.09,67.0,0.0,79.5,,,,,,,,0.81,0.0
20325,"Panais, cuit à l'étouffée",91.2,0.5,0.13,0.09,0.22,0.01,0.01,0.01,,16.6,6.2,5.6,1.94,0.018,44.0,0.14,0.37,20.0,25.0,0.16,74.0,510.0,20.0,7.0,0.35,0.0,5.0,0.0,1.0,0.8,,7.92,0.089,0.056,1.53,0.41,0.079,58.0,0.0,73.6,0.2,0.2,0.2,0.2,0.2,6.2,5.0,0.5,0.0
23828,"Pancake (petite crêpe épaisse), fourrée à la pâte à tartiner chocolat noisette, préemballée",331.0,11.0,2.13,,,,,,,50.1,28.1,2.2,6.83,0.56,,,,,,,,,,,,,,,,,,,,,,,,,,,,,,,,,,0.0,0.0
23827,"Pancake (petite crêpe épaisse), sucrée, préemballée",358.0,16.6,2.11,8.5,2.9,1.19,0.009,0.01,56.3,45.3,25.6,2.2,5.5,1.37,52.1,0.046,0.54,16.0,11.2,0.18,218.0,125.0,6.0,548.0,0.5,16.0,30.0,0.0,,16.1,4.06,2.0,0.079,0.1,0.2,0.4,0.03,5.1,0.1,28.3,0.39,0.08,12.7,2.81,0.88,8.86,17.9,0.0,0.0
28858,Pancetta ou poitrine roulée sèche,349.0,28.8,12.4,12.4,3.12,0.16,0.01,0.01,75.2,2.49,0.43,0.0,20.2,4.14,6.2,0.06,0.71,20.0,18.0,0.05,160.0,370.0,20.0,1650.0,2.5,21.0,,0.66,,0.8,,14.3,0.51,0.12,4.54,0.84,0.27,18.3,0.93,43.9,0.2,,0.2,0.2,0.2,0.2,0.0,0.0,0.0
25228,Pané soja et blé (ne convient pas aux véganes ou végétaliens),260.0,13.9,1.45,6.1,4.98,0.36,0.01,0.01,5.13,16.8,1.28,4.39,14.4,1.03,50.0,0.15,2.2,20.0,38.0,0.57,140.0,380.0,20.0,411.0,0.71,21.0,5.0,0.5,,9.15,,0.5,0.12,0.13,1.0,0.37,0.048,26.6,0.057,47.7,0.27,0.1,0.2,0.1,0.81,0.1,14.6,0.0,0.0
25230,"Pané soja, blé et fromage, type cordon bleu, préemballé",247.0,13.1,3.02,5.32,3.34,0.35,0.01,0.01,11.1,15.1,2.05,3.28,15.2,1.5,170.0,0.19,1.3,20.0,40.0,0.46,190.0,320.0,20.0,601.0,1.3,24.4,27.0,0.5,,7.45,,0.5,0.074,0.11,0.26,0.35,0.045,31.5,0.33,50.2,0.19,0.1,0.39,0.27,0.58,0.62,12.2,0.0,0.0
7719,"Panettone (brioche italienne aux raisins secs et écorces d'orange confite), préemballée",352.0,12.7,7.04,2.43,0.79,0.08,0.007,0.01,82.1,50.6,25.9,3.4,6.88,0.46,39.4,0.14,1.3,13.0,19.2,0.28,89.8,227.0,11.0,184.0,0.63,57.0,30.0,0.0,,3.1,9.2,2.0,0.079,0.1,0.2,0.35,0.03,3.7,0.1,24.9,10.4,0.16,10.7,0.16,2.7,2.12,21.0,0.0,0.0
27017,"Pangas, poisson-chat, machoiron, cru",65.2,1.27,0.47,0.39,0.093,0.0048,0.0024,0.017,29.8,0.0,0.0,0.0,13.5,0.68,36.7,0.1,0.21,7.95,17.6,0.1,107.0,200.0,9.6,274.0,0.24,2.0,0.0,0.5,,2.1,0.6,0.0,0.04,0.022,1.35,1.96,0.1,10.0,0.3,83.8,0.0,0.0,0.0,0.0,0.0,,0.0,0.0,0.0
27018,"Pangas, poisson-chat, machoiron, cuit",79.0,1.0,0.51,0.31,0.07,0.01,0.01,0.01,40.8,0.0,0.0,0.0,17.5,0.58,7.5,0.02,0.09,20.0,18.0,0.01,130.0,200.0,20.0,233.0,0.3,21.0,,0.25,,0.8,,0.5,0.015,0.01,1.44,2.35,0.13,11.1,0.89,80.6,,,,,,,0.0,0.0,0.0
19685,"Panna cotta, avec préparations de fruits ou caramel, rayon frais",192.0,12.1,8.21,2.39,0.2,0.05,0.01,0.01,68.0,15.9,15.8,1.44,2.69,0.099,75.8,,,,,,,,,34.0,,,,,,,,,,,,,,,,66.1,0.79,0.1,1.15,3.32,1.79,7.6,,0.0,1.1
13202,"Papaye Colombo (fruit mûr), chair sans peau, sans pépins, crue, prélevée à La Réunion (Carica papaya L.)",38.0,0.3,0.01,0.01,0.01,0.01,0.01,0.01,0.0,7.88,7.7,2.2,0.56,0.013,18.0,0.03,0.16,20.0,12.0,0.01,11.0,240.0,20.0,5.0,0.09,0.0,1230.0,,,0.8,,68.0,0.015,0.01,0.32,0.26,0.01,,,88.6,3.6,0.2,4.1,0.2,0.2,0.2,0.35,0.0,0.0
20829,"Papaye verte, chair sans peau, crue, prélevée à la Martinique",2.7,0.0033,,,,,0.0,0.0,0.0,,,,0.67,,,,,,,,,,,,,0.0,,,,,,39.3,,,,,,,,90.4,,,,,,,,,0.0
20830,"Papaye verte, chair sans peau, cuite à la vapeur, prélevée à la Martinique",2.5,0.0,,,,,0.0,0.0,,,,,0.63,,,,,,,,,,,,,0.0,,,,,,25.7,,,,,,,,90.5,,,,,,,,,0.0
13035,"Papaye, chair sans peau, crue",39.6,0.3,0.01,0.01,0.01,0.01,0.01,0.01,0.0,8.53,8.1,1.8,0.75,0.013,22.0,0.01,0.16,20.0,18.0,0.04,8.7,200.0,20.0,5.0,0.05,0.0,351.0,0.0,0.3,0.8,,65.3,0.017,0.017,0.29,0.18,0.02,37.0,0.0,88.8,4.1,0.2,4.0,0.2,0.2,0.2,0.35,0.5,0.0
11049,"Paprika, poudre",318.0,12.9,2.14,1.6,,0.45,0.0,0.0,0.0,18.8,10.3,34.9,14.1,0.17,229.0,0.71,21.1,,178.0,1.59,314.0,2280.0,,68.0,4.33,0.0,,0.0,,80.3,,0.9,0.33,1.23,10.1,2.51,2.14,,0.0,11.2,6.71,0.19,2.63,0.0,0.0,0.81,,0.0,0.0
25195,"Parmentier de canard, préemballé, à cuire",146.0,9.06,4.5,,0.53,0.06,,,,8.51,1.96,1.55,6.82,0.81,,,,,,,,,,310.0,,,,,,,,,,,,,,,,69.9,0.3,,0.3,,0.3,0.2,,0.0,0.0
25587,"Parmentier de canard, préemballé, cuit",168.0,10.2,4.7,3.51,0.92,0.069,0.01,0.01,37.9,10.5,1.7,1.2,7.0,0.74,39.0,0.07,0.68,20.0,14.0,0.06,74.0,290.0,20.0,296.0,0.89,37.7,,0.25,,1.59,,0.5,0.08,0.071,1.4,0.55,0.11,45.9,0.61,68.5,0.2,,0.2,1.7,0.2,0.2,8.4,0.0,0.0
12120,Parmesan,411.0,31.0,20.6,6.21,0.67,0.14,0.01,0.04,95.3,1.14,0.0,0.0,31.1,1.57,980.0,0.71,0.1,90.0,40.0,0.02,630.0,110.0,20.0,628.0,3.9,334.0,26.7,0.25,0.53,1.53,,0.5,0.015,0.26,1.23,0.34,0.18,16.0,2.64,30.4,0.1,0.1,0.1,0.1,0.1,0.1,0.0,0.0,0.0
13036,"Pastèque, chair sans peau, sans pépins, crue",35.4,0.5,0.01,0.01,0.01,0.01,0.01,0.01,0.0,8.33,7.9,0.5,0.69,0.013,6.0,0.03,0.16,20.0,11.0,0.02,9.7,100.0,20.0,5.0,0.09,0.0,1220.0,0.0,0.05,0.8,,4.26,0.015,0.01,0.3,0.2,0.064,3.0,0.0,91.0,3.6,0.0,1.8,0.2,0.2,2.5,0.35,0.5,0.0
13433,"Pastèque, chair sans peau, sans pépins, crue, prélevée à la Martinique",5.4,0.26,,,,,0.0,0.0,0.0,,,,0.77,,,,,,,,,,,,,0.0,,,,,,7.87,,,,,,,,91.5,,,,,,,,,0.0
25568,"Pastilla au poulet, préemballée",218.0,12.2,1.75,,,,,,,14.1,3.85,1.5,12.3,1.5,,,,,,,,,,595.0,,,,,,,,,,,,,,,,54.8,0.29,,0.53,0.1,0.91,2.12,,0.0,0.0
31125,"Pastille rafraîchissante, sans sucres",241.0,0.65,0.61,,,,,0.0,,96.3,0.19,0.4,0.08,0.033,,,,,,,,,,,,,,,,,,,,,,,,,,,,,,,,,,94.6,0.0
31126,"Pastille rafraîchissante, sucrée",390.0,0.37,0.27,,,,,0.0,,96.7,93.8,0.27,0.13,0.036,,,,,,,,,,30.0,,,,,,,,,,,,,,,,,,,0.2,,0.2,93.8,,0.07,0.0
1000,Pastis,274.0,0.0,0.0,,,,,,0.0,2.86,0.0,0.0,0.0,0.0,0.0,,,1.0,0.0,0.0,,2.0,0.0,0.0,0.02,0.0,0.0,0.0,,,,0.0,0.0,0.0,0.0,0.0,0.0,0.0,0.0,59.7,,,,,,,0.0,0.0,37.5
1010,"Pastis, prêt à boire (1+ 5)",2.0,0.0,0.0,0.0,0.0,0.0,0.0,0.0,0.0,0.5,0.0,0.0,0.0,0.0063,,0.019,0.039,0.17,0.82,0.00068,,,0.42,1.99,0.013,0.0,0.0,,,0.0,0.0,0.0,0.0,0.0,0.0,0.0,0.0,0.0,0.0,93.1,,,,,,,0.0,0.0,
4101,"Patate douce, crue",81.2,0.05,0.018,0.001,0.013,0.001,0.0,0.0,0.0,17.1,4.18,3.0,1.57,0.14,30.0,0.15,0.61,0.2,25.0,0.26,47.0,337.0,0.6,55.0,0.3,0.0,8510.0,0.0,,1.8,,2.4,0.078,0.061,0.56,0.8,0.21,,0.0,77.3,0.7,0.0,0.96,0.0,0.0,2.52,12.7,0.0,0.0
4102,"Patate douce, cuite",79.1,0.15,0.042,,,,0.0,0.0,0.0,16.3,6.11,2.9,1.69,0.079,32.5,0.13,0.71,3.0,22.5,0.38,43.0,353.0,,31.5,0.26,0.0,10500.0,0.0,,2.2,,16.2,0.082,0.077,1.01,0.73,0.23,,0.0,78.0,0.47,0.0,0.56,0.0,3.23,1.86,6.14,0.0,0.0
20831,"Patate douce, pulpe, blanchie, surgelée, prélevée à la Martinique",,,,,,,0.0,0.0,0.0,,,4.9,,,,,,,,,,,,,,0.0,130.0,,,,,4.0,,,,,,,,63.1,,,,,,,19.3,0.0,0.0
20832,"Patate douce, pulpe, cuite à la vapeur, prélevée à la Martinique",126.0,0.067,,,,,0.0,0.0,0.0,25.2,,9.2,1.48,,,0.26,,,,0.026,,425.0,,,,0.0,645.0,,0.24,,,12.5,,,,,,,,63.3,,,,,,,21.7,0.0,0.0
4103,"Patate douce, purée, cuisinée à la crème",79.8,2.0,1.4,,,,0.0,0.0,,12.1,7.5,4.5,1.1,0.56,,,,,,,,,,225.0,,,,,,,,,,,,,,,,,,,,,,,,0.0,0.0
8332,Pâté (aliment moyen),325.0,28.7,10.6,10.8,3.02,0.38,0.0085,0.017,143.0,1.91,0.81,0.12,14.6,1.58,13.7,0.82,5.86,13.0,15.2,0.14,180.0,203.0,17.5,623.0,2.93,,0.0,0.19,0.38,,,6.91,0.14,0.78,6.35,,0.2,48.1,4.45,52.2,0.1,0.1,0.28,0.26,0.1,0.11,0.88,0.0,0.0
23402,"Pâte à pizza fine, préemballée, crue",285.0,6.6,1.29,,1.17,0.46,,,,47.4,2.9,1.6,7.57,1.81,,,,,,,,,,726.0,,,,,,,,,,,,,,,,36.2,0.3,,1.03,0.13,0.64,0.2,,0.0,0.0
37001,"Pâte à pizza, préemballée, crue",240.0,3.45,0.25,,,,,,,44.2,1.4,2.2,7.05,1.31,,,,,,,,,,630.0,,,,,,,,,,,,,,,,,,,,,,,,0.0,0.0
96778,"Pâte à pizza, préemballée, cuite",321.0,7.1,1.74,3.09,1.45,0.27,0.0048,0.0034,0.7,54.6,3.3,2.5,7.75,1.7,22.0,0.07,0.6,20.0,16.0,0.27,200.0,150.0,50.0,681.0,0.59,,10.0,,,3.3,,0.5,0.065,0.03,0.71,0.43,0.048,25.8,0.019,25.2,0.5,,0.5,0.2,2.3,0.4,48.0,0.0,0.0
31032,Pâte à tartiner chocolat et noisette,549.0,32.4,9.18,17.0,3.4,0.41,0.018,0.014,2.25,57.9,56.2,3.23,5.02,0.12,99.5,0.55,3.85,12.5,97.1,1.23,143.0,503.0,10.0,49.5,1.0,0.0,0.0,0.0,,,,0.75,0.065,0.21,1.05,,0.08,42.0,1.68,0.38,0.25,,0.27,6.13,0.26,48.4,0.6,,0.0
8206,Pâté au jambon,302.0,26.5,11.4,,,,,,,1.04,0.43,0.39,14.7,1.68,18.0,,,,26.0,,,,,664.0,,,,,,,,,,,,,,,,57.2,,,,,,,,0.0,0.0
8201,Pâté au poivre vert,358.0,34.6,,,,,,,,1.45,,0.0,10.1,,,,,,,,,,41.6,,,,,,,,,,,,,,,60.0,3.2,48.1,,,,,,,,0.0,0.0
8214,Pâté breton,363.0,34.0,13.0,,,,,,,2.88,1.0,0.5,11.0,1.67,,,,,,,,,,669.0,,,,,,,,,,,,,,,,50.0,,,,,,,,0.0,0.0
23410,"Pâte brisée, matière grasse végétale, préemballée, crue",392.0,21.7,11.3,,2.22,0.35,,,,42.7,3.0,1.67,5.17,1.15,,,,,,,,,,459.0,,,,,,,,,,,,,,,,28.6,0.37,,0.63,0.1,1.23,0.77,,0.0,0.0
23412,"Pâte brisée, matière grasse végétale, préemballée, cuite",473.0,26.4,4.14,3.15,1.1,0.26,,,0.5,46.4,4.9,8.5,7.47,1.73,16.5,0.068,1.0,10.0,12.8,1.0,60.0,116.0,5.0,690.0,1.0,2.0,114.0,0.2,,,,0.0,0.05,0.05,0.39,0.4,0.05,8.0,0.03,4.9,0.5,,2.3,0.5,1.6,1.0,41.5,0.0,0.0
23399,"Pâte brisée, préemballée, cuite (aliment moyen)",473.0,26.4,4.14,3.15,1.1,0.26,,,0.5,46.4,4.9,8.5,7.47,1.73,16.5,0.068,0.5,10.0,12.8,0.5,60.0,116.0,5.0,690.0,0.5,2.0,114.0,0.2,,,,0.0,0.025,0.05,0.39,0.4,0.025,8.0,0.03,4.9,0.25,,2.3,0.5,1.6,1.0,41.5,0.0,0.0
23414,"Pâte brisée, pur beurre, préemballée, crue",390.0,20.0,13.0,,0.63,0.095,,,,45.0,2.5,2.0,5.93,1.69,,,,,,,,,,675.0,,,,,,,,,,,,,,,,,0.47,,0.66,,1.14,0.22,,0.0,0.0
23416,"Pâte brisée, pur beurre, préemballée, cuite",497.0,23.9,16.1,4.36,0.59,0.11,0.01,0.01,,61.1,3.22,1.7,7.58,1.25,17.0,0.09,0.68,20.0,12.0,0.3,72.0,120.0,20.0,500.0,0.41,,54.8,0.25,,2.28,,0.5,0.045,0.01,0.3,0.42,0.019,17.9,,3.9,0.72,0.1,0.62,0.1,1.71,0.17,50.5,0.0,0.0
23415,"Pâte brisée, pur beurre, surgelée, préemballée, crue",387.0,20.7,11.5,,,,,,,43.3,7.55,1.6,5.65,0.83,,,,,,,,,,,,,,,,,,,,,,,,,,,,,,,,,,0.0,0.0
15201,"Pâte d'amande, préemballée",432.0,13.5,1.05,8.65,2.9,0.01,0.01,0.01,0.0,70.3,60.1,2.8,5.8,0.018,91.0,0.27,0.88,0.5,74.0,0.49,150.0,190.0,20.0,7.0,0.86,0.0,5.0,0.25,,0.8,,0.5,0.029,0.02,0.34,0.15,0.019,13.5,,6.6,5.32,0.1,5.52,0.1,0.41,48.8,0.35,2.8,0.0
8326,Pâté de foie d'oie,459.0,43.8,14.5,,,,0.0,0.0,150.0,4.67,,0.0,11.4,1.74,70.0,0.4,5.5,,13.0,0.12,200.0,138.0,44.0,697.0,0.92,1000.0,,,,,,2.0,0.088,0.3,2.51,1.2,0.06,60.0,9.4,37.0,,,,,,,,0.0,0.0
8305,Pâté de foie de porc,355.0,33.3,11.6,11.4,3.32,0.33,0.002,0.005,127.0,2.91,1.38,0.2,10.8,1.68,17.6,0.4,5.32,30.2,12.3,0.12,153.0,144.0,17.5,671.0,2.09,8800.0,0.0,0.0,,,,11.3,0.11,0.86,4.45,1.44,0.2,138.0,6.55,50.7,0.1,,0.3,0.3,0.1,0.2,,0.0,0.0
8300,"Pâté de foie de porc, supérieur",358.0,31.0,14.8,,,,,,,6.5,1.57,0.3,13.0,1.62,,,,,,,,,41.6,643.0,,,,,,,,10.5,,,,,,60.0,3.2,47.6,,,,,,,,0.0,0.0
8316,Pâté de foie de volaille,316.0,28.3,11.4,,,,,,,1.21,0.63,0.84,13.7,1.53,,,,10.0,,,,,46.1,608.0,,,0.0,0.4,0.98,0.0,,10.5,,,,,,321.0,8.07,54.5,,,,,,,,0.0,0.0
31014,Pâte de fruits,336.0,1.8,0.17,0.0002,0.0002,0.0002,0.0002,0.0002,0.0,76.6,69.2,3.9,1.69,0.078,25.0,0.1,0.58,20.0,18.0,0.34,44.0,170.0,20.0,31.0,0.38,0.0,5.0,0.25,,1.84,,5.13,0.15,0.3,0.1,0.15,0.34,12.0,0.0,15.0,9.53,0.1,11.0,0.1,7.65,41.0,0.4,1.4,0.0
8245,Pâté de gibier,293.0,24.7,10.5,,,,,,,3.28,1.7,0.5,14.2,1.83,,,,,,,,,,610.0,,,,,,,,,,,,,,,,,,,,,,,,0.0,0.0
8240,Pâté de lapin,286.0,24.5,9.47,,,,,,74.8,1.73,0.73,0.15,14.7,1.45,12.5,,3.05,4.0,26.0,,212.0,311.0,,577.0,,4000.0,0.0,0.47,0.4,,,0.74,0.23,0.14,5.03,,0.27,,1.0,60.0,,,,,,,,0.0,0.0
8391,Pâté en croûte,303.0,19.3,8.12,5.31,1.49,0.15,0.01,0.016,60.4,21.7,1.5,1.5,9.96,1.72,19.7,0.1,1.1,6.0,15.8,0.2,130.0,151.0,,733.0,1.3,267.0,0.0,0.5,0.41,,,4.5,0.17,0.26,2.7,0.41,0.091,30.0,0.72,45.4,0.3,,0.36,,0.69,0.25,17.8,0.0,0.0
23420,"Pâte feuilletée, matière grasse végétale, crue",385.0,21.4,10.5,4.4,1.79,0.19,0.0054,0.0,15.0,41.0,2.3,1.5,5.75,1.13,,,1.3,,,,69.0,94.0,,453.0,0.5,,48.0,1.76,1.95,,,0.0,0.14,0.02,1.0,,0.07,7.0,,29.5,0.21,,0.35,0.17,1.39,0.18,,0.0,0.0
23424,"Pâte feuilletée, pur beurre, préemballée, crue",370.0,20.0,14.0,4.41,0.68,0.08,0.015,0.014,,40.0,3.0,3.0,5.47,1.68,,,,,,,,,,672.0,,,,,,,,,,,,,,,,30.9,0.31,,0.54,0.3,1.63,0.52,,0.0,0.0
23426,"Pâte feuilletée, pur beurre, préemballée, cuite",560.0,40.5,28.3,,,,,,,42.0,1.05,1.2,5.73,1.11,,,,13.0,,,,,,413.0,,,,,,,,,,,,,,,,7.15,,,,,,,,0.0,0.0
23425,"Pâte feuilletée, pur beurre, surgelée, préemballée, crue",398.0,25.8,17.7,,,,,,,35.3,1.33,1.4,4.99,0.86,,,,,,,,,,,,,,,,,,,,,,,,,,,,,,,,,,0.0,0.0
8250,Pâté ou terrine aux champignons (forestier),328.0,28.1,10.6,,,,,,,5.93,1.95,0.58,12.6,1.73,,,,,,,,,,690.0,,,,,,,,,,,,,,,,50.8,,,,,,,,0.0,0.0
8211,Pâté ou terrine de campagne,323.0,28.2,10.4,10.7,2.96,0.39,0.01,0.02,148.0,1.5,0.62,0.0,15.5,1.54,12.3,0.92,6.1,10.0,15.4,0.15,185.0,212.0,17.2,617.0,3.13,,0.0,0.2,0.38,,,5.9,0.14,0.8,6.8,,0.19,24.0,3.94,52.2,0.1,0.1,0.28,0.25,0.1,0.093,0.88,0.0,0.0
8212,"Pâté ou terrine de campagne, à teneur réduite en sel",324.0,27.9,10.7,,,,,,,4.2,1.78,0.25,13.8,1.22,,,,,,,,,41.6,445.0,,,,,,,,,,,,,,60.0,3.2,,,,,,,,,0.0,0.0
23445,"Pâte phyllo ou pâte filo, crue",289.0,6.0,1.47,,,,0.0,0.0,0.0,50.7,0.18,1.9,7.1,1.21,11.0,0.1,3.21,,15.0,0.48,75.0,74.0,,483.0,0.49,0.0,0.0,0.0,,2.5,,0.0,0.54,,4.07,0.3,0.03,18.0,0.0,32.6,,,,,,,,0.0,0.0
23440,"Pâte sablée, préemballée, crue",419.0,21.8,9.94,6.68,1.9,0.17,0.017,0.013,,50.0,13.0,0.95,5.31,0.25,,,,,,,,,,101.0,,,,,,,,,,,,,,,,,1.52,,1.1,,0.52,9.86,,0.0,0.0
23442,"Pâte sablée, préemballée, cuite",504.0,24.6,11.8,8.15,2.82,0.29,0.01,0.01,1.37,64.3,22.9,1.5,5.7,0.27,11.0,0.06,0.27,20.0,7.3,0.16,43.0,66.0,20.0,107.0,0.23,21.0,77.4,0.25,,6.14,,0.5,0.041,0.01,0.1,0.23,0.03,81.6,0.01,3.4,0.3,,0.4,0.2,0.6,21.6,38.8,0.0,0.0
23444,"Pâte sablée, pur beurre, préemballée, crue",383.0,15.8,10.6,,0.57,0.085,,,,53.6,13.4,1.65,5.95,0.035,,,,,,,,,,14.1,,,,,,,,,,,,,,,,,0.32,,0.65,,1.99,10.4,,0.0,0.0
23448,"Pâte sablée, pur beurre, préemballée, cuite",469.0,20.9,13.7,4.03,0.7,0.12,0.01,0.01,91.5,63.0,20.1,1.9,6.2,0.47,20.0,0.09,0.68,20.0,18.0,0.42,130.0,100.0,20.0,188.0,0.52,169.0,38.1,0.25,,2.14,,0.5,0.087,0.018,0.1,0.33,0.055,99.0,0.096,7.2,0.4,,1.4,0.2,1.7,16.6,36.9,0.0,0.0
23446,"Pâte sablée, pur beurre, surgelée, préemballée, crue",423.0,17.5,12.0,,,,,,,60.9,21.3,1.2,4.9,0.17,,,,,,,,,,,,,,,,,,,,,,,,,,,,,,,,,,0.0,0.0
25085,"Pâtes à la bolognaise (spaghetti, tagliatelles…), préemballées",116.0,4.07,1.42,,0.3,0.1,,,11.0,13.6,2.64,1.9,5.32,0.83,14.0,0.08,0.79,5.0,19.6,0.15,58.3,176.0,1.1,329.0,0.9,0.0,150.0,0.0,1.31,,,4.22,0.05,0.05,1.1,0.4,0.14,9.05,0.32,74.1,0.7,,0.72,0.075,0.25,0.34,10.5,0.0,0.0
25135,"Pâtes à la carbonara (spaghetti, tagliatelles…), préemballées",161.0,8.7,4.34,2.34,0.54,0.048,,0.01,25.9,14.2,1.79,1.18,5.91,0.86,36.1,0.08,0.45,8.0,14.6,0.15,86.2,87.1,1.0,347.0,1.0,47.8,60.0,0.1,1.19,,,0.82,0.13,0.08,1.9,0.3,0.06,7.29,0.11,67.4,0.2,,0.094,0.26,0.27,0.19,,0.0,0.0
25198,"Pâtes en sauce aux fromages (spaghetti, tagliatelles…), préemballées",163.0,7.4,4.35,,,,,,,15.9,5.85,1.85,7.17,0.8,,,,,,,,,,310.0,,,,,,,,,,,,,,,,,,,,,,,,0.0,0.0
25181,"Pâtes fraîches farcies (ex : raviolis, tortellinis, ravioles du Dauphiné), au fromage, préemballées, crues",268.0,7.69,4.28,1.71,0.61,0.072,,0.01,49.0,37.3,3.83,2.23,11.3,1.13,141.0,1.0,1.0,,21.7,1.0,165.0,112.0,,458.0,1.0,23.0,50.0,,,,,,0.07,0.13,0.26,0.47,0.05,11.4,0.6,42.9,0.5,,0.5,0.5,0.5,0.5,9.6,0.0,0.0
25149,"Pâtes fraîches farcies (ex : raviolis, tortellinis, ravioles du Dauphiné), au fromage, préemballées, cuites",226.0,8.3,4.64,1.85,0.76,0.07,0.01,0.01,,26.8,4.4,1.9,10.0,0.79,,,,,,,,,,317.0,,,,,,,,,,,,,,,,51.3,0.1,0.1,0.17,0.96,3.04,0.13,,0.0,0.0
25157,"Pâtes fraîches farcies (ex : raviolis, tortellinis), au boeuf (ex : bolognaise), préemballées, crues",265.0,5.79,2.45,2.4,0.9,0.047,,0.01,,40.3,3.91,3.15,11.4,1.28,37.5,,0.72,,,,,,,512.0,,,,,,,,,,,,,,,,35.3,0.4,,0.44,,1.23,0.56,,0.0,0.0
25158,"Pâtes fraîches farcies (ex : raviolis, tortellinis), au boeuf (ex : bolognaise), préemballées, cuites",174.0,4.65,1.65,1.65,0.73,0.069,0.0048,0.0048,25.7,25.1,1.0,2.15,6.94,0.52,29.0,0.12,0.78,20.0,17.5,0.26,85.5,95.0,35.0,206.0,0.74,21.0,82.0,0.88,,0.74,,0.5,0.19,0.049,0.51,0.32,0.051,13.6,0.57,60.3,0.2,,0.2,0.4,0.6,0.4,22.1,0.0,0.0
25182,"Pâtes fraîches farcies (ex : raviolis, tortellinis), au fromage et aux légumes, préemballées, crues",262.0,5.69,2.74,1.31,1.6,0.039,,0.01,,41.4,3.46,2.87,9.98,1.07,,,,,,,,,,422.0,,,,,,,,,,,,,,,,37.5,0.3,,0.16,,1.74,0.26,,0.0,0.0
25155,"Pâtes fraîches farcies (ex : raviolis, tortellinis), au fromage et aux légumes, préemballées, cuites",219.0,7.5,2.36,2.46,1.92,0.1,0.01,0.01,27.2,27.8,3.53,3.4,7.94,1.05,69.0,0.13,0.57,20.0,20.0,0.23,93.0,130.0,20.0,420.0,0.51,21.0,157.0,0.5,,0.8,,0.5,0.07,0.07,1.32,0.45,0.058,8.62,0.25,51.2,0.31,0.1,0.39,1.93,0.51,0.39,20.8,0.0,0.0
25203,"Pâtes fraîches farcies (ex : raviolis, tortellinis), aux légumes, préemballées, crues",255.0,5.06,1.74,,,,,,,41.4,3.14,3.02,9.4,0.81,,,,,,,,,,339.0,,,,,,,,,,,,,,,,,,,,,,,,0.0,0.0
25193,"Pâtes fraîches farcies (ex : raviolis, tortellinis), aux légumes, préemballées, cuites",156.0,4.9,1.93,1.5,1.03,0.04,0.01,0.01,28.5,20.9,1.9,3.7,5.19,0.49,50.0,0.1,0.51,20.0,15.0,0.2,75.0,76.0,20.0,195.0,0.48,21.0,119.0,0.5,,1.35,,0.5,0.057,0.066,0.24,0.32,0.038,42.4,0.49,64.6,0.3,,0.3,0.8,0.5,0.4,19.0,0.0,0.0
25216,"Pâtes fraîches farcies (ex : raviolis, tortellinis), cuites (aliment moyen)",198.0,6.48,2.88,1.84,0.98,0.071,0.0049,0.0049,26.7,25.6,2.78,2.49,7.97,0.7,44.1,0.12,0.67,20.0,17.6,0.24,85.2,100.0,27.8,281.0,0.62,21.0,110.0,0.69,,0.78,,0.5,0.13,0.058,0.67,0.35,0.05,18.5,0.47,56.1,0.15,,0.2,0.92,1.45,0.21,21.1,0.0,0.0
9815,"Pâtes fraîches, aux oeufs, crues",283.0,1.87,0.49,,,,0.0,0.0,48.6,53.8,2.54,3.17,10.1,0.35,35.0,,1.29,,,,,,,156.0,,,,,,,,,,,,,,,,,,,,,,,,0.0,0.0
9816,"Pâtes fraîches, aux oeufs, cuites, sans sel ajouté",168.0,1.3,,,,,0.0,0.0,20.0,32.0,0.0,1.5,5.76,0.042,24.1,1.0,1.1,,20.9,1.0,88.0,61.0,,16.8,1.0,2.0,50.0,0.2,,,,,0.07,0.06,0.21,0.37,0.05,9.2,0.24,59.1,0.5,,0.5,0.5,0.5,0.5,17.5,0.0,0.0
9863,"Pâtes ou nouilles asiatiques sèches, au blé et aux oeufs, nature, crues",371.0,3.0,1.0,,,,0.0,0.0,,71.0,0.5,4.0,11.9,0.99,,,,,,,,,,397.0,,,,,,,,,,,,,,,,,,,,,,,,0.0,0.0
9870,"Pâtes sèches, au blé complet, crues",353.0,2.2,0.36,0.2,0.52,0.037,0.0,0.0,0.0,67.6,1.8,6.1,11.8,0.016,32.1,1.0,3.2,10.0,82.2,1.8,160.0,378.0,5.8,6.2,1.9,0.0,,0.0,,0.0,,0.0,0.25,0.07,0.87,0.66,0.13,22.4,0.0,11.0,0.5,,0.5,0.5,1.8,0.5,65.1,0.0,0.0
9871,"Pâtes sèches, au blé complet, cuites, sans sel ajouté",179.0,1.4,0.27,0.18,0.61,0.054,0.002,0.002,1.0,31.3,0.94,5.1,7.35,0.055,25.1,0.27,1.5,13.0,45.8,1.2,131.0,98.7,9.9,22.0,1.4,0.0,30.0,0.0,,0.8,,2.0,0.1,0.1,0.23,0.16,0.04,4.3,0.021,54.3,0.08,0.08,0.08,0.08,0.67,0.23,24.2,0.0,0.0
9821,"Pâtes sèches, aux oeufs, crues",381.0,4.72,1.34,,,0.058,0.0,0.0,84.0,68.0,2.19,3.15,14.0,0.085,35.0,0.3,1.9,7.04,58.0,0.86,241.0,244.0,32.5,34.0,1.92,17.0,2.0,0.3,,0.5,,0.0,0.17,0.09,2.1,0.91,0.22,29.0,0.29,9.01,0.0,0.0,0.1,0.0,1.51,0.26,,0.0,0.0
9822,"Pâtes sèches, aux oeufs, cuites, sans sel ajouté",134.0,2.0,0.42,0.58,0.51,0.025,0.01,0.01,34.3,23.0,0.8,2.0,4.57,0.01,23.0,0.11,0.57,20.0,16.0,0.3,68.0,25.0,20.0,5.0,0.53,2.0,5.0,0.25,,0.8,,0.5,0.02,0.014,0.1,0.2,0.033,24.1,0.14,68.1,0.2,0.0,0.2,0.2,0.8,0.2,19.7,0.0,0.0
9876,"Pâtes sèches, sans gluten (à base de lentilles corail), cuites, sans sel ajouté",168.0,0.8,0.16,0.2,0.29,0.07,0.01,0.01,,25.1,1.03,4.9,11.7,0.013,29.0,0.48,2.7,,59.0,0.57,130.0,240.0,20.0,5.0,1.8,0.0,18.9,,,2.12,,,0.12,0.01,0.21,0.29,0.066,23.1,,56.8,0.1,0.1,0.45,0.1,0.1,0.58,22.0,0.0,0.0
9875,"Pâtes sèches, sans gluten (à base de riz et maïs), cuites, sans sel ajouté",170.0,0.8,0.35,0.27,0.11,0.01,0.01,0.01,,36.6,0.0,1.3,3.15,0.013,9.6,0.06,0.13,,8.6,0.1,27.0,15.0,20.0,5.0,0.19,0.0,5.2,,,0.8,,,0.015,0.01,0.1,0.058,0.019,6.32,,58.0,0.1,0.1,0.1,0.1,0.1,0.1,36.2,0.0,0.0
9874,"Pâtes sèches, sans gluten, crues",358.0,1.5,0.3,0.25,0.35,0.01,0.0,0.01,,79.0,0.5,1.0,6.06,0.0078,,,,,,,,,,3.0,,0.0,,,,,,,,,,,,,,,,,0.2,,0.2,0.26,,0.0,0.0
9824,"Pâtes sèches, sans gluten, cuites, sans sel ajouté",163.0,1.1,0.29,0.33,0.36,0.02,0.01,0.01,7.08,34.4,0.49,1.0,3.09,0.015,9.6,0.07,0.48,20.0,23.0,0.34,62.0,32.0,20.0,5.9,0.46,0.0,5.0,,,0.8,,0.5,0.04,0.01,0.15,0.17,0.019,12.7,0.09,60.1,0.2,,0.19,0.2,0.2,0.29,34.0,0.0,0.0
9877,"Pâtes sèches, semi-complètes, cuites, sans sel ajouté",173.0,1.2,0.22,0.12,0.49,0.037,0.002,0.002,1.0,31.8,0.99,4.5,5.71,0.038,22.2,0.22,1.0,2.5,37.3,0.71,103.0,98.9,3.26,15.0,1.0,0.0,30.0,,0.1,,,2.0,0.08,0.1,0.21,0.11,0.03,3.8,,56.0,0.08,0.08,0.08,0.08,0.76,0.19,30.8,0.0,0.0
9810,"Pâtes sèches, standard, crues",364.0,1.6,0.33,0.17,0.55,0.018,0.0,0.0,0.0,72.7,2.58,2.91,12.0,0.016,21.0,0.29,1.3,1.2,53.0,0.92,189.0,223.0,20.1,6.2,1.41,0.0,,0.0,0.067,0.1,,0.0,0.09,0.06,1.7,0.43,0.14,18.0,0.0,9.9,0.11,0.0,0.12,0.0,1.89,0.46,62.5,0.0,0.0
9811,"Pâtes sèches, standard, cuites, sans sel ajouté",167.0,1.1,0.2,0.11,0.44,0.028,0.002,0.002,1.0,31.4,0.87,2.2,6.1,0.048,18.0,0.15,0.68,13.0,21.9,0.41,72.5,52.1,4.21,19.0,0.51,0.0,30.0,0.0,,0.8,,2.0,0.079,0.1,0.2,0.1,0.03,5.2,0.014,58.9,0.08,0.08,0.08,0.08,0.7,0.13,30.2,0.0,0.0
23900,Pâtisserie (aliment moyen),279.0,12.9,6.8,3.69,0.78,0.07,0.0048,0.007,54.8,35.5,21.2,1.98,4.14,0.27,38.9,0.18,0.89,14.2,17.4,0.3,66.1,140.0,7.47,104.0,0.39,61.6,64.0,0.23,,,,8.97,0.042,0.18,0.28,0.26,0.065,26.7,0.2,44.1,4.11,,3.33,0.81,0.91,11.7,10.6,0.0,0.0068
25125,Paupiette de veau,181.0,11.3,4.58,,,,,,63.3,4.67,2.4,0.69,14.6,1.03,27.6,0.088,1.0,5.54,37.2,0.18,133.0,272.0,3.26,367.0,1.25,24.9,,0.1,0.68,,,1.34,0.084,0.14,3.51,0.59,0.28,14.3,0.41,64.1,,,,,,,2.27,0.0,0.0
25213,"Paupiette de veau, préemballée, rôtie/cuite au four",276.0,20.5,8.19,7.77,2.07,0.23,0.01,0.01,89.5,0.48,0.3,0.9,22.0,1.07,24.0,0.07,0.94,20.0,18.0,0.03,180.0,260.0,20.0,428.0,2.3,21.0,,0.25,,0.87,,1.62,0.16,0.071,3.83,0.59,0.22,11.9,1.61,54.8,0.2,,0.3,0.2,0.2,0.2,0.35,0.0,0.0
25126,Paupiette de volaille,163.0,6.19,2.44,,,,,,59.6,8.8,,1.17,17.4,0.84,27.6,0.083,1.03,5.4,38.6,0.18,130.0,264.0,6.08,251.0,1.09,26.1,,0.14,0.69,,,1.33,0.082,0.11,3.97,0.56,0.31,13.8,0.28,65.9,,,,,,,2.97,0.0,0.0
30312,Pavé au poivre (charcuterie),374.0,30.3,11.9,,,,,,,1.51,1.05,0.83,23.5,4.27,,,,,,,,,11.3,1690.0,,,0.0,0.8,0.22,1.6,,,,,,,,2.0,1.96,,,,,,,,,0.0,0.0
11061,"Pavot, graine",534.0,41.6,4.52,5.86,28.3,0.25,0.0,0.0,0.0,13.7,2.99,10.0,21.2,0.065,1440.0,1.63,9.76,,347.0,6.71,870.0,719.0,,26.0,7.9,0.0,,0.0,,0.0,,1.0,0.85,0.1,0.9,0.32,0.25,,0.0,5.95,0.29,0.0,0.37,0.0,0.0,2.33,,0.0,0.0
13193,"Pêche blanche, chair et peau, sans noyau, crue",44.3,0.5,0.01,0.01,0.01,0.01,0.01,0.01,0.0,9.48,8.7,2.1,0.69,0.013,4.1,0.06,0.11,20.0,7.1,0.05,18.0,180.0,20.0,5.0,0.11,0.0,5.0,0.0,0.73,0.8,,3.85,0.015,0.01,0.2,0.18,0.01,4.0,0.0,87.6,0.9,,0.8,0.2,0.2,7.0,0.35,0.6,0.0
13194,"Pêche blanche, chair sans peau, sans noyau, crue",44.3,0.5,0.01,0.01,0.01,0.01,0.01,0.01,0.0,9.63,7.8,1.1,0.63,0.013,3.9,0.06,0.12,20.0,6.8,0.05,18.0,170.0,20.0,5.0,0.1,0.0,5.0,0.0,0.73,0.8,,4.09,0.015,0.01,0.1,0.15,0.01,4.0,0.0,87.6,0.8,,0.7,0.2,0.2,6.3,0.6,0.5,0.0
13195,"Pêche jaune, chair sans peau, sans noyau, crue",44.5,0.5,0.01,0.01,0.01,0.01,0.01,0.01,0.0,9.8,7.6,1.0,0.69,0.013,4.2,0.06,0.11,20.0,6.7,0.04,17.0,190.0,20.0,5.0,0.09,0.0,130.0,0.0,0.73,0.8,,3.43,0.015,0.01,0.31,0.16,0.015,4.0,0.0,87.8,1.1,,0.9,0.2,0.2,5.6,0.35,0.5,0.0
39401,Pêche melba,119.0,3.62,1.71,,,,,,10.2,18.8,18.2,1.54,2.06,0.063,62.3,0.093,0.57,11.2,10.1,0.2,54.9,144.0,0.31,25.1,0.33,29.4,132.0,0.028,1.26,,,15.7,0.031,0.088,0.51,0.2,0.042,13.6,0.078,73.5,,,,,,,0.57,0.0,0.0
13043,"Pêche, chair et peau, sans noyau, crue",37.9,0.25,0.019,0.067,0.084,0.0022,0.0,0.0,0.0,7.55,6.83,1.5,0.91,0.0028,7.32,0.075,0.15,0.55,11.2,0.064,20.0,215.0,0.28,1.11,0.12,0.0,162.0,0.0,0.73,2.6,,6.6,0.024,0.031,0.81,0.15,0.025,4.0,0.0,88.9,1.25,0.049,1.59,0.0,0.065,3.88,0.0,0.72,0.0
13118,"Pêche, chair et peau, sans noyau, sèche",329.0,1.0,0.092,0.31,0.41,0.01,0.0,0.0,0.0,65.4,51.1,14.3,5.0,0.2,25.0,0.63,6.8,2.8,80.0,0.67,120.0,945.0,0.5,79.0,0.57,0.0,1074.0,0.0,0.19,15.7,,4.8,0.002,0.065,1.3,0.3,0.15,0.0,0.0,7.5,6.7,,6.1,,,38.3,,,0.0
13398,"Pêche, chair sans peau, sans noyau, crue (aliment moyen)",44.4,0.5,0.01,0.01,0.01,0.01,0.01,0.01,0.0,9.74,7.66,1.03,0.67,0.013,4.1,0.06,0.11,20.0,6.73,0.043,17.3,184.0,20.0,5.0,0.093,0.0,89.6,,,0.8,,3.64,0.015,0.01,0.22,0.16,0.012,,,87.7,1.0,,0.84,0.2,0.2,5.82,0.31,0.5,0.0
13730,"Pêche, sans noyau, au sirop léger, appertisée, égouttée",59.0,0.5,,,,,0.0,0.0,0.0,13.5,13.1,1.5,0.5,0.013,10.0,0.05,0.13,20.0,5.0,0.02,11.0,100.0,20.0,5.0,0.05,0.0,254.0,,,0.8,,2.78,0.01,0.01,0.37,0.071,0.01,,,83.9,4.3,,4.5,0.2,0.5,3.7,,0.36,0.0
13731,"Pêche, sans noyau, au sirop léger, appertisée, non égouttée",60.0,0.038,0.003,,,,0.0,0.0,0.0,14.0,12.9,0.92,0.31,0.0022,9.57,0.038,0.13,20.0,4.88,0.02,9.79,100.0,20.0,0.9,0.054,0.0,155.0,0.0,0.49,0.8,,3.32,0.01,0.01,0.35,0.063,0.01,3.0,0.0,84.3,4.11,,4.46,0.2,0.5,3.76,,,0.0
12122,Pecorino (fromage de brebis),383.0,31.0,22.0,,,,,,104.0,1.0,0.5,0.0,25.5,5.3,1160.0,,1.4,,,,675.0,94.0,,1890.0,3.5,137.0,24.0,0.5,0.73,,,0.0,0.03,0.47,0.2,,0.09,7.0,,32.2,,,,,,,0.0,0.0,0.0
10048,"Pecten d'Amérique ou peigne du Canada, noix, crue",81.3,0.54,,,0.0032,0.0014,0.14,0.18,,1.78,0.0,0.0,17.3,,22.0,,,,,,234.0,,12.8,,,,0.0,0.0,0.0,0.0,,,,,,,,16.0,1.41,78.7,,,,,,,0.0,0.0,0.0
12831,Pélardon (fromage de chèvre),343.0,27.8,18.6,4.84,,0.17,,,117.0,0.0,0.0,0.0,23.8,1.43,147.0,0.1,0.37,30.0,20.5,,242.0,,9.5,572.0,0.57,202.0,54.0,0.5,0.18,1.8,,,0.04,1.01,1.28,1.2,0.28,95.5,0.19,43.6,0.2,0.2,0.2,0.2,0.2,0.2,0.0,0.0,0.0
27025,"Perche du Nil, crue",82.4,0.68,0.22,0.064,0.0077,0.0063,0.02,0.08,63.7,0.0,0.0,0.0,19.1,0.14,4.96,0.1,0.26,6.54,26.8,0.1,156.0,308.0,30.6,57.5,0.35,7.0,,0.46,,,,,0.071,0.04,2.01,0.34,0.11,,1.17,79.0,,,,,,,0.0,0.0,0.0
27010,"Perche ou perche européenne, crue",84.6,1.19,0.28,,0.033,0.02,0.033,0.074,61.1,0.6,0.0,0.0,17.9,0.14,70.8,0.037,0.58,13.0,28.5,0.15,208.0,290.0,24.0,55.2,0.66,15.0,0.0,5.75,,0.1,,2.9,0.061,0.081,2.65,0.75,0.16,11.0,2.0,79.7,,,,0.0,,0.0,0.0,0.0,0.0
27005,"Perche ou perche européenne, rôtie/cuite au four",119.0,3.42,0.85,0.2,0.023,0.021,0.036,0.14,82.4,0.0,0.0,0.0,22.1,0.096,73.0,0.058,0.71,5.0,26.0,0.28,105.0,331.0,26.0,38.3,0.77,24.0,0.0,9.0,1.32,,,3.8,0.09,0.077,2.98,0.81,0.13,16.0,0.83,73.7,0.0,,0.0,0.0,0.0,0.0,0.0,0.0,0.0
11014,"Persil, frais",42.5,0.63,0.1,0.0045,0.048,0.076,0.0,0.0,0.0,4.1,0.85,4.3,2.97,0.59,138.0,0.15,6.2,5.0,50.0,1.7,58.0,554.0,0.66,51.5,1.07,2.0,5050.0,0.0,0.75,1640.0,,133.0,0.086,0.098,1.31,0.4,0.09,152.0,0.0,85.5,0.3,,0.5,0.0,0.0,0.0,0.36,0.0,0.0
11024,"Persil, séché",291.0,5.34,1.38,0.76,1.25,1.86,0.0,0.0,0.0,16.8,7.27,29.7,29.0,1.05,658.0,0.62,38.0,,386.0,5.57,492.0,4490.0,,422.0,5.78,0.0,1150.0,0.0,,1360.0,,137.0,0.62,2.32,10.2,1.79,1.14,,0.0,3.95,0.42,0.0,2.76,0.0,0.0,4.09,,0.0,0.0
32022,"Pétales de céréales au chocolat, avec ou sans fruits à coque, enrichis en vitamines et minéraux",399.0,6.3,3.46,1.7,0.77,0.06,0.004,0.004,1.7,74.5,19.2,6.0,8.0,0.75,185.0,0.34,16.0,13.0,62.2,1.4,165.0,270.0,3.0,301.0,8.0,16.0,30.0,7.0,,2.1,,2.0,1.17,1.96,14.3,1.51,1.33,,1.0,2.9,0.43,0.1,0.38,0.57,0.3,17.5,50.7,0.0,0.0
32028,"Pétales de céréales au chocolat, avec ou sans fruits à coque, non enrichis en vitamines et minéraux",413.0,8.4,3.81,1.87,0.71,0.05,0.004,0.004,1.3,73.6,20.6,4.9,7.63,0.56,29.5,0.36,4.0,2.5,66.2,1.4,171.0,275.0,4.0,225.0,1.5,16.0,30.0,0.61,,2.7,,2.0,0.09,0.07,2.9,0.27,0.05,,0.1,3.1,0.52,,0.5,0.3,0.35,18.9,51.4,0.0,0.0
32025,"Pétales de céréales aux fruits à coque, enrichis en vitamines et minéraux",392.0,5.53,1.07,,,,0.0,0.0,,73.5,23.2,6.43,8.18,1.04,552.0,,11.4,,,,,,,400.0,,,,,,,,75.8,1.06,1.18,13.8,4.02,1.09,160.0,2.36,,,,,,,,50.0,0.0,0.0
32023,"Pétales de céréales aux fruits, enrichis en vitamines et minéraux",377.0,1.58,0.3,,,,0.0,0.0,0.0,80.6,14.6,4.25,8.1,0.77,354.0,,8.04,20.0,58.3,1.6,170.0,237.0,27.8,424.0,7.53,0.0,,5.75,10.1,,,62.0,1.18,1.5,14.6,6.0,1.28,155.0,2.3,3.0,,,,,,,54.7,0.0,0.0
32029,"Pétales de céréales aux fruits, non enrichis en vitamines et minéraux",378.0,1.62,0.32,0.19,0.54,0.14,0.01,0.01,1.38,79.7,12.7,5.44,8.36,0.84,30.0,0.24,7.3,20.0,63.0,1.8,170.0,380.0,20.0,496.0,1.5,21.0,23.8,0.5,,0.8,,74.0,0.74,1.16,13.0,0.39,0.94,68.1,,3.1,1.5,,1.63,0.2,0.48,8.91,54.3,0.0,0.0
32043,"Pétales de céréales, nature, sans sucres ajoutés, non enrichies en vitamines et minéraux",369.0,2.78,0.42,,,,0.0,0.0,,70.2,0.88,7.28,12.2,1.22,,,,,,,,,,,,0.0,,,,,,,,,,,,,,,,,,,,,,0.0,0.0
32030,"Pétales de céréales, nature, sucrées, enrichies en vitamines et minéraux",372.0,1.5,0.5,0.24,0.66,0.047,0.002,0.002,1.0,77.7,12.6,6.0,8.5,0.85,264.0,0.24,15.0,2.5,54.8,1.5,164.0,237.0,4.0,341.0,8.6,16.0,30.0,7.2,,1.0,,2.0,1.56,2.0,14.2,1.4,1.77,,0.96,3.6,0.56,,0.48,0.01,0.36,11.2,60.7,0.0,0.0
32042,"Pétales de céréales, nature, sucrées, non enrichies en vitamines et minéraux",377.0,1.5,0.52,0.21,0.56,0.03,0.01,0.0,1.0,80.1,13.9,5.7,8.0,0.72,18.2,0.21,1.3,2.5,47.4,1.5,154.0,211.0,3.0,288.0,1.4,16.0,30.0,0.0,,1.0,,2.0,0.05,0.05,16.1,0.24,0.18,,0.1,3.2,0.51,,0.45,0.01,0.35,12.6,60.9,0.0,0.0
32121,"Pétales de maïs glacés au sucre, enrichis en vitamines et minéraux",381.0,0.5,0.14,0.08,0.21,0.01,0.01,0.0,1.0,88.6,36.4,2.3,4.25,0.81,10.0,0.04,8.5,2.5,6.82,0.073,24.5,68.8,3.0,322.0,1.0,16.0,30.0,11.0,,1.0,,2.0,1.52,1.65,13.3,0.05,2.6,,2.2,3.3,0.71,,0.79,0.01,0.55,34.3,44.5,0.0,0.0
32107,"Pétales de maïs glacés au sucre, non enrichis en vitamines et minéraux",381.0,0.96,0.36,,,,0.0,0.0,,85.4,23.4,2.8,6.22,1.2,,,7.0,,,,,,,450.0,,0.0,,,,,,,,,,,,,,,,,,,,,,0.0,0.0
32005,"Pétales de maïs nature, enrichis en vitamines et minéraux",368.0,1.0,0.32,0.21,0.39,0.024,0.002,0.002,1.0,80.0,7.59,5.5,6.88,1.01,5.0,0.07,9.4,2.5,13.1,0.13,47.5,101.0,5.0,405.0,0.5,16.0,30.0,9.0,,1.0,,2.0,1.46,1.56,15.0,0.05,1.8,,1.5,5.2,1.85,,1.88,0.01,0.87,2.99,65.0,0.0,0.0
32014,"Pétales de maïs nature, non enrichis en vitamines et minéraux",372.0,0.7,0.31,0.098,0.28,0.014,0.01,0.0,1.0,82.4,4.12,4.6,6.88,1.82,5.0,0.044,0.25,2.5,11.7,0.049,48.4,99.6,6.0,728.0,0.5,16.0,30.0,0.0,,1.0,,2.0,0.02,0.03,0.41,0.1,0.05,,0.1,3.4,0.51,,0.6,0.01,0.41,2.6,72.6,0.0,0.0
5100,Pétillant de fruits,65.7,0.0,0.0,0.0,0.0,0.0,0.0,0.0,0.0,6.95,6.95,0.0,0.0,0.0075,6.0,0.0,0.4,0.7,4.0,0.05,4.0,30.0,,3.0,0.1,0.0,,0.0,0.0,,,,,,0.1,0.2,0.1,,,87.6,,,,,,,0.0,,5.41
7420,Petit pain grillé suédois au blé complet,402.0,8.6,0.93,4.36,1.97,0.56,0.005,0.005,1.0,65.8,5.68,9.3,9.69,1.27,29.4,0.21,1.7,2.5,53.8,1.4,179.0,251.0,2.18,509.0,1.3,16.0,30.0,0.0,,6.3,,2.0,0.17,0.1,0.73,0.27,0.13,4.1,0.1,4.6,2.02,0.08,1.54,0.08,1.55,0.49,59.3,0.0,0.0
7419,"Petit pain grillé suédois au blé complet, sans sucres ajoutés",391.0,7.2,0.8,3.16,1.77,0.46,0.004,0.004,1.0,65.0,3.11,9.4,10.8,1.41,35.2,0.22,1.9,2.5,62.2,1.5,196.0,285.0,5.3,562.0,1.3,16.0,30.0,0.0,,4.6,,2.0,0.16,0.1,0.75,0.33,0.1,4.9,0.1,5.3,0.4,0.08,0.16,0.08,2.42,0.08,60.0,0.0,0.0
7407,Petit pain grillé suédois au froment,411.0,8.4,1.18,4.43,1.61,0.45,0.005,0.005,1.0,71.6,9.26,5.2,8.66,0.86,19.8,0.12,0.86,2.5,21.3,0.55,96.5,151.0,2.0,345.0,0.64,16.0,30.0,0.0,,7.6,0.0,2.0,0.14,0.1,0.55,0.19,0.03,7.1,0.1,4.5,3.37,0.08,2.9,0.08,1.72,1.27,59.2,0.0,0.0
7409,Petit pain grillé suédois aux céréales et graines,404.0,8.14,1.0,,,,0.0,,,68.6,3.24,5.14,10.4,1.16,,,,,,,,,,613.0,,,,,,,,,,,,,,,,,,,,,,,58.3,0.0,0.0
7421,Petit pain grillé suédois aux fruits,386.0,4.9,0.5,3.1,1.06,0.15,0.0,0.01,,73.8,11.5,3.8,8.85,1.0,,,,,,,,,,340.0,,,,,,,,,,,,,,,,6.7,,,5.3,,2.55,1.6,55.5,0.0,0.0
7422,Petit pain grillé suédois brioché,421.0,10.6,2.44,,,,0.0,,,69.4,8.84,3.31,9.43,1.01,,,,,,,,,,,,,,,,,,,,,,,,,,,,,,,,,,0.0,0.0
13157,Petit pot fruit avec banane pour bébé,56.6,0.5,0.0002,0.0002,0.0002,0.0002,0.0002,0.0002,700.0,12.1,12.0,2.3,0.6,0.0036,10.3,0.058,0.15,20.0,9.84,0.12,14.0,150.0,1.0,1.46,0.061,21.0,39.2,0.5,,0.8,,18.2,0.25,0.07,0.93,0.37,0.11,27.6,0.016,84.0,6.7,,3.3,0.2,0.2,2.0,0.35,0.0,0.0
13158,Petit pot fruit sans banane pour bébé,49.2,0.5,0.0002,0.0002,0.0002,0.0002,0.0002,0.0002,700.0,10.9,10.2,2.07,0.29,0.0012,6.24,0.059,0.13,20.0,5.79,0.061,13.0,123.0,1.0,0.57,0.051,21.0,48.4,0.5,,0.8,,25.1,0.036,0.08,0.48,0.14,0.069,8.6,0.022,85.8,6.59,,2.29,0.2,0.2,1.27,0.35,0.0,0.0
20247,"Petit pot légumes, avec féculent, dès 4/6 mois",41.7,0.8,0.088,0.15,0.31,0.082,0.0002,0.0002,700.0,6.45,0.5,1.75,1.3,0.022,13.9,0.04,0.32,20.0,12.5,0.17,28.0,144.0,1.0,8.95,0.23,21.0,302.0,0.5,,5.62,,0.82,0.032,0.015,0.47,0.077,0.041,27.3,0.029,89.8,0.3,,0.2,0.2,0.2,0.4,5.6,0.0,0.0
20246,"Petit pot légumes, dès 4-6 mois",24.0,0.5,0.0002,0.0002,0.0002,0.0002,0.0002,0.0002,700.0,3.8,3.7,2.6,0.9,0.042,18.0,0.033,0.22,20.0,8.83,0.11,24.0,135.0,1.0,16.6,0.18,21.0,1720.0,0.5,,1.17,,0.5,0.023,0.01,0.96,0.17,0.05,7.27,0.069,92.2,0.5,,0.5,0.2,0.2,2.7,0.35,0.0,0.0
25010,"Petit salé ou saucisse aux lentilles, préemballé",118.0,4.87,1.89,,0.56,0.043,,0.01,27.0,8.89,1.51,2.83,8.24,0.98,20.0,0.2,1.8,2.0,19.4,0.3,145.0,167.0,2.8,384.0,1.2,2.0,280.0,0.5,0.39,,,0.5,0.24,0.075,1.5,0.23,0.14,22.9,0.13,73.5,0.3,,0.22,,0.28,0.3,6.3,0.0,0.0
20093,"Petits pois et carottes, appertisés, égouttés",53.8,0.37,0.074,0.01,0.01,0.01,0.01,0.01,0.0,8.58,3.32,3.08,2.52,0.62,23.0,0.1,0.75,2.0,14.0,0.36,46.0,100.0,,249.0,0.58,0.0,3000.0,0.0,,,,6.6,0.074,0.053,0.58,0.12,0.088,,0.0,87.5,0.26,,0.37,0.2,0.2,2.68,3.5,0.039,0.0
20214,"Petits pois et carottes, surgelés, crus",53.0,0.47,0.084,,,,0.0,0.0,0.0,7.1,3.43,3.4,3.4,0.2,27.0,0.089,1.09,,18.0,0.24,60.0,194.0,,79.0,0.52,0.0,,0.0,,,,11.2,0.19,0.081,1.41,0.2,0.1,,0.0,84.4,0.26,,0.31,,0.3,2.86,,,0.0
20036,"Petits pois, appertisés, égouttés",92.5,0.8,0.15,0.061,0.31,0.065,0.0,0.0,0.0,13.7,3.59,5.75,4.87,0.65,20.6,0.079,1.18,2.03,16.3,0.17,67.0,106.0,3.35,260.0,0.42,0.0,514.0,0.0,,36.8,0.0,4.2,0.11,0.053,0.98,0.24,0.056,,0.0,72.8,0.05,0.14,0.17,0.0,0.04,2.6,4.04,0.29,0.0
20326,"Petits pois, bouillis/cuits à l'eau",80.7,0.6,0.15,0.12,0.23,0.04,0.01,0.01,,9.93,1.6,4.8,6.38,0.023,38.0,0.14,1.2,20.0,29.0,0.29,100.0,190.0,20.0,9.0,0.72,0.0,316.0,,,9.9,,11.4,0.14,0.01,1.4,0.24,0.044,,,77.4,0.2,,0.2,0.2,0.2,1.6,5.0,0.5,0.0
20072,"Petits pois, crus",81.2,0.4,0.071,0.035,0.16,0.031,0.0,0.0,0.0,11.4,5.67,5.1,5.42,0.013,25.0,0.18,1.47,1.05,33.0,0.41,108.0,244.0,0.74,5.0,1.24,0.0,449.0,0.0,,24.8,,40.0,0.27,0.13,2.09,0.1,0.17,,0.0,78.9,0.39,0.0,0.12,0.0,0.17,4.99,,,0.0
20037,"Petits pois, cuits",61.4,0.87,0.21,0.019,0.088,0.014,0.0,0.0,0.0,4.7,1.7,5.8,5.8,0.018,32.7,0.14,1.17,5.0,31.9,0.32,96.0,135.0,10.0,7.1,0.8,0.0,414.0,0.0,0.1,25.9,,1.8,0.13,0.05,0.4,0.05,0.05,,0.0,82.9,0.5,0.0,0.5,0.5,0.5,1.7,2.8,,0.0
20284,"Petits pois, purée",86.0,2.8,1.7,,,,0.0,0.0,,8.0,3.0,4.8,4.8,0.74,,,,,,,,,,,,0.0,,,,,,,,,,,,,,,,,,,,,,,0.0
20084,"Petits pois, surgelés, crus",77.9,0.4,0.066,0.033,0.15,0.029,0.0,0.0,0.0,9.5,3.75,6.45,5.86,0.18,22.0,0.12,1.53,1.05,26.0,0.34,82.0,153.0,1.01,35.0,0.82,0.0,1230.0,0.0,,27.9,0.0,18.0,0.26,0.1,1.72,0.55,0.083,,0.0,80.0,0.19,0.0,0.06,0.0,0.06,3.44,4.17,,0.0
20124,"Petits pois, surgelés, cuits",65.8,0.27,0.049,,,,0.0,0.0,0.0,7.95,4.65,5.5,5.15,0.18,24.0,0.11,1.52,,22.0,0.28,77.0,110.0,1.0,72.0,0.67,0.0,1250.0,0.0,,24.0,,9.9,0.28,0.1,1.48,0.14,0.11,,0.0,79.5,0.14,0.0,0.12,0.0,0.1,4.29,3.3,,0.0
10049,"Pétoncle ou peigne du Pérou, noix, crue",88.7,0.7,0.3,,,,,,,3.1,0.0,0.0,17.5,0.38,,,,,,,,,12.8,150.0,,,0.0,0.0,0.0,0.0,,,,,,,,16.0,1.41,,,,,,,,0.0,0.0,0.0
12836,Picodon (fromage de chèvre),313.0,25.6,19.0,3.21,0.42,0.14,0.017,,137.0,1.0,0.9,0.13,19.9,1.27,126.0,0.1,0.28,20.0,16.9,,203.0,,13.0,530.0,0.67,180.0,54.0,0.5,0.18,1.8,,,0.04,0.78,1.24,1.23,0.14,80.0,0.19,49.4,0.2,,0.2,0.2,0.2,0.2,0.0,0.0,0.0
28540,Pied de porc demi-sel,137.0,10.0,2.95,5.16,0.64,0.028,0.0,0.0,83.0,0.01,0.0,0.0,11.6,2.37,32.0,0.037,0.31,,11.0,0.022,87.0,13.0,,946.0,0.2,11.0,0.0,0.4,,0.0,10.4,0.0,0.006,0.015,0.22,0.26,0.007,1.0,0.21,75.0,0.0,0.0,0.0,0.0,0.0,0.0,,0.0,0.0
36600,"Pigeon, viande crue",213.0,15.7,5.2,4.31,1.85,0.0,0.01,0.025,92.5,0.0,0.0,0.0,18.0,0.13,12.5,0.52,4.03,,23.5,0.019,278.0,218.0,,52.5,2.45,50.5,0.0,0.4,0.1,,,6.2,0.25,0.25,6.45,0.77,0.47,6.5,0.44,64.7,0.0,,0.0,0.0,0.0,0.0,0.0,0.0,0.0
36602,"Pigeon, viande rôtie/cuite au four",213.0,13.0,3.74,,,,0.005,0.015,116.0,0.0,0.0,0.0,23.9,0.14,17.0,0.76,5.91,4.0,26.0,,332.0,256.0,,57.0,3.83,28.0,0.0,0.2,,4.0,,2.9,0.28,0.35,7.6,,0.57,6.0,0.41,62.0,,,,,,,,0.0,0.0
15025,Pignon de pin,712.0,68.4,4.9,18.3,30.4,0.11,0.0,0.0,0.0,2.93,1.83,10.0,13.7,0.023,6.2,1.2,4.6,11.2,227.0,8.2,527.0,662.0,5.0,9.0,5.6,0.0,17.0,0.0,8.47,53.9,,0.5,0.57,0.11,3.29,0.26,0.14,,0.0,2.45,0.036,0.0,0.036,0.0,0.0,1.76,1.1,,0.0
26027,"Pilchard, sauce tomate, appertisé, égoutté",157.0,11.0,3.0,,0.12,0.07,0.84,2.3,56.0,1.5,1.0,0.0,13.0,1.0,250.0,0.16,2.5,64.0,29.0,0.11,280.0,310.0,30.0,400.0,1.3,7.0,0.0,14.0,1.38,0.4,,0.0,0.01,0.33,5.9,0.85,0.27,0.0,13.0,70.1,0.5,,0.4,0.0,0.0,0.0,,0.0,0.0
20151,"Piment, cru",37.4,0.44,0.042,0.011,0.11,0.005,0.0,0.0,0.0,5.75,4.01,1.5,1.87,0.023,14.0,0.13,1.03,,23.0,0.19,43.0,322.0,0.5,9.0,0.26,0.0,534.0,0.0,0.69,14.0,,144.0,0.072,0.086,1.24,0.2,0.51,23.0,0.0,88.0,,,,,,,1.74,,0.0
36703,"Pintade, cuisse crue",118.0,2.9,0.94,0.55,0.31,0.03,,,70.0,0.2,0.2,0.0,22.8,0.18,9.0,,1.55,,,,220.0,340.0,,73.0,1.9,,,0.3,0.01,,,0.0,0.29,0.35,5.1,,0.61,17.0,,73.6,,,,,,,0.0,0.0,0.0
36702,"Pintade, poitrine crue",107.0,0.7,0.23,0.21,0.12,0.01,,,57.0,0.0,0.0,0.0,25.1,0.13,4.0,,0.3,,,,230.0,360.0,,50.0,1.0,,,0.3,0.0,,,0.0,0.14,0.15,9.1,,0.81,9.0,,75.3,,,,,,,0.0,0.0,0.0
36700,"Pintade, viande crue",128.0,4.46,1.21,,,,0.01,0.03,68.5,0.0,0.0,0.0,22.0,0.17,11.0,0.044,0.81,,23.0,0.018,161.0,207.0,,68.0,1.17,20.0,0.0,0.4,0.3,,,1.5,0.063,0.11,8.22,0.91,0.43,5.5,0.36,71.7,,,,,,,0.0,0.0,0.0
20240,"Piperade basquaise, préemballée",67.8,3.8,2.0,1.47,0.31,0.022,0.01,0.01,2.09,5.38,4.9,3.4,1.1,0.76,7.6,0.05,0.24,20.0,7.9,0.08,14.0,190.0,20.0,300.0,0.09,,1450.0,,,3.77,,12.2,0.029,0.016,0.62,0.071,0.063,11.0,,84.5,1.98,,1.74,0.2,0.2,1.19,,0.0,0.0
25528,"Pissaladière, préemballée",265.0,15.1,5.8,,,,,,,26.3,6.8,2.5,4.8,1.26,,,,,,,,,,,,,,,,,,,,,,,,,,,,,,,,,,0.0,0.0
20038,"Pissenlit, cru",48.5,0.7,0.17,,0.0,,0.0,0.0,0.0,6.1,0.71,3.5,2.7,0.22,62.3,0.067,3.1,0.4,13.2,0.16,66.0,397.0,2.2,87.8,0.21,0.0,5850.0,0.0,,778.0,,35.0,0.19,0.26,0.81,0.084,0.25,,0.0,85.6,,,,0.0,,,,,0.0
15009,"Pistache, grillée, salée",617.0,49.5,6.58,23.7,13.2,0.22,0.0,0.0,0.0,15.9,7.57,9.32,18.9,1.67,98.5,1.1,2.4,6.2,105.0,0.65,437.0,655.0,5.0,664.0,2.3,0.0,156.0,0.0,1.09,13.2,,0.5,0.67,0.17,1.2,0.43,1.41,,0.0,2.09,0.22,,0.25,0.0,0.13,6.97,3.23,,0.0
15044,"Pistache, grillée, sans sel ajouté",631.0,51.6,6.45,23.1,13.2,0.25,0.0,0.0,0.0,14.9,7.75,10.2,18.4,0.012,107.0,1.29,4.03,,102.0,1.24,469.0,1010.0,4.7,7.7,2.34,0.0,156.0,0.0,2.17,13.2,,3.0,0.7,0.23,1.37,0.51,1.12,,0.0,1.85,0.22,,0.26,0.0,0.13,7.12,1.38,,0.0
25516,Pizza (aliment moyen),234.0,8.88,4.06,2.2,0.85,0.13,0.0045,0.0053,20.5,27.4,3.64,2.12,10.0,1.21,193.0,,0.76,10.4,21.7,,174.0,185.0,,494.0,,39.6,,0.16,,,,3.39,0.15,0.13,,,0.15,36.0,0.36,47.5,0.72,,0.64,0.14,1.59,0.2,,0.0094,0.0
25457,"Pizza à la viande, type bolognaise, préemballée",214.0,7.03,3.02,,0.77,0.17,0.0,0.0,19.0,27.0,3.38,2.1,9.7,1.06,144.0,0.21,1.36,,27.0,0.32,211.0,189.0,,534.0,1.87,61.0,92.0,0.0,,6.7,,4.2,0.25,0.21,2.16,0.44,0.14,29.0,0.8,,0.81,0.1,1.19,,1.28,0.3,,0.0,0.0
25468,"Pizza au chèvre et lardons, préemballée",253.0,11.5,6.55,2.9,0.8,0.19,,0.01,,26.5,6.2,1.35,10.3,1.3,136.0,,,,,,,,,530.0,,,,,,,,,,,,,,,,48.5,0.6,,0.8,,1.7,0.23,,0.0,0.0
25671,"Pizza au chèvre, préemballée",241.0,9.86,5.2,,,,,,,27.1,4.63,2.2,9.95,1.16,,,,,,,,,,,,,,,,,,,,,,,,,,,,,,,,,,0.0,0.0
25462,"Pizza au chorizo ou salami, préemballée",236.0,10.4,4.23,2.93,0.83,0.13,,0.01,5.0,24.7,3.57,2.09,9.88,1.32,135.0,,,,,,,,,608.0,,,,,,,,,,,,,,,,43.6,0.9,,0.6,,1.6,0.25,,0.0,0.0
25404,"Pizza au fromage ou pizza margherita, préemballée",224.0,7.41,3.14,2.06,1.39,0.12,0.0,0.0,17.2,29.6,3.43,2.27,8.55,1.14,239.0,0.097,1.2,33.4,22.9,0.25,269.0,182.0,4.5,493.0,1.52,64.5,97.0,0.1,,9.3,2.8,5.5,0.16,0.17,1.12,0.24,0.087,31.5,0.36,49.2,0.79,0.17,0.89,0.2,1.58,0.2,17.6,0.02,0.0
26272,"Pizza au poulet, préemballée",211.0,6.09,2.36,2.03,0.82,0.17,,0.01,,28.2,4.12,2.07,9.88,1.18,,,,,,,,,,462.0,,,,,,,,,,,,,,,,48.3,0.7,,0.53,,2.65,0.25,,0.0,0.0
25464,"Pizza au saumon, préemballée",232.0,9.72,4.43,3.37,1.38,0.33,0.03,0.03,25.3,26.0,4.2,1.86,9.28,1.2,110.0,0.09,0.54,20.0,22.0,0.28,160.0,190.0,20.0,492.0,0.84,35.4,144.0,0.79,,7.16,,0.5,0.1,0.057,1.28,0.26,0.093,15.0,0.6,48.3,0.6,,0.6,0.2,1.7,0.2,21.7,0.0,0.0
26274,"Pizza au speck ou jambon cru, préemballée",234.0,8.53,4.07,,0.94,0.06,,,,27.4,3.3,2.17,10.9,1.34,163.0,,,,,,,,,767.0,,,,,,,,,,,,,,,,47.0,0.58,,0.45,,2.27,0.3,,0.0,0.0
26270,"Pizza au thon, préemballée",235.0,10.6,2.88,,,,,,,23.7,3.57,2.15,10.2,1.16,,,,,,,,,,397.0,,,,,,,,,,,,,,,,,,,,,,,,0.0,0.0
25478,"Pizza aux fromages, préemballée",269.0,10.7,5.65,2.84,0.88,0.15,0.01,0.01,28.5,30.5,3.63,2.06,11.2,1.2,267.0,,0.81,8.8,22.0,,176.0,141.0,,444.0,,46.0,,0.05,1.08,,,3.64,0.14,0.14,,,0.15,52.9,0.28,42.6,0.53,0.11,0.44,0.15,1.38,0.1,,0.0,0.0
25463,"Pizza aux fruits de mer, préemballée",215.0,8.02,2.98,,,,,,,25.2,4.58,1.8,9.67,1.06,,,,,,,,,,500.0,,,,,,,,,,,,,,,,,,,,,,,,0.0,0.0
25570,"Pizza aux lardons, oignons et fromage, préemballée",236.0,9.59,4.47,,,,,,,28.3,3.66,1.93,8.16,1.21,192.0,,,,,,,,,570.0,,,,,,,,,,,,,,,,,,,,,,,,0.0,0.0
25472,"Pizza aux légumes ou pizza 4 saisons, préemballée",206.0,7.78,2.78,0.08,0.95,0.15,0.01,0.01,19.0,25.1,4.0,2.43,7.58,1.06,120.0,0.1,0.61,20.0,20.0,0.25,130.0,200.0,20.0,439.0,0.92,29.7,153.0,0.25,,1.67,,1.52,0.09,0.09,0.54,0.29,0.099,25.8,0.3,51.8,0.87,,0.87,0.2,2.26,0.2,21.1,0.0,0.0
25477,"Pizza champignons fromage, préemballée",213.0,8.93,3.3,,,,,,,24.2,2.0,1.8,8.0,1.13,,,,,,,,,,450.0,,,,,,,,,,,,,,,,,,,,,,,,0.0,0.0
25548,"Pizza jambon fromage champignons ou pizza royale, reine ou regina, préemballée",208.0,6.89,2.95,2.01,0.64,0.069,,0.01,15.6,25.9,3.44,2.23,9.5,1.23,155.0,0.1,0.7,11.2,20.1,0.25,174.0,211.0,6.5,524.0,1.16,27.5,,0.5,1.18,,,4.84,0.19,0.14,1.84,0.57,0.17,31.0,0.38,54.4,0.85,,0.78,0.3,1.08,0.28,21.2,0.0,0.0
25435,"Pizza jambon fromage, préemballée",228.0,8.49,3.93,2.02,0.87,0.096,0.0,0.0047,20.3,26.2,3.7,1.95,10.7,1.33,174.0,0.1,0.7,6.0,24.4,0.2,170.0,234.0,8.0,560.0,1.4,43.0,100.0,0.5,,,,1.45,0.18,0.12,1.9,0.37,0.2,17.0,0.46,45.3,0.72,,0.65,,2.17,0.26,,0.069,0.0
26271,"Pizza kebab, préemballée",211.0,7.01,3.5,,,,,,,26.6,3.04,1.85,9.4,1.4,,,,,,,,,,549.0,,,,,,,,,,,,,,,,,,,,,,,,0.0,0.0
26273,"Pizza type raclette ou tartiflette, préemballée",246.0,10.4,5.39,,,,,,,27.3,3.16,1.9,9.66,1.24,,,,,,,,,,603.0,,,,,,,,,,,,,,,,,,,,,,,,0.0,0.0
20251,"Plat légumes, avec féculent et lait/crème, dès 12 mois",71.6,2.3,0.26,0.97,0.71,0.13,0.01,0.01,2.36,8.53,2.37,2.4,2.88,0.2,16.0,0.025,0.16,20.0,9.98,0.072,52.0,165.0,1.0,81.0,0.18,21.0,618.0,0.5,,4.44,,0.5,0.05,0.08,0.73,0.3,0.087,17.9,0.076,83.1,0.21,0.1,0.21,1.27,0.1,0.68,6.16,0.0,0.0
20254,"Plat légumes, avec féculent et lait/crème, dès 18 mois",70.3,2.4,0.77,0.68,0.64,0.03,0.01,0.01,,8.59,2.71,1.4,2.56,0.2,45.4,0.048,0.4,,11.2,0.1,43.8,151.0,0.93,81.0,0.34,,1660.0,0.012,0.58,,,9.3,0.045,0.08,0.44,,0.055,20.2,0.062,84.0,0.78,0.1,0.75,0.84,0.13,0.21,,0.0,0.0
20249,"Plat légumes, avec féculent et lait/crème, dès 6/8 mois",70.2,2.3,0.29,0.9,0.78,0.09,0.01,0.01,700.0,9.12,4.62,1.5,2.38,0.075,34.1,0.033,0.24,20.0,11.2,0.087,30.0,167.0,0.96,30.0,0.26,21.0,560.0,0.5,,4.24,,0.77,0.086,0.08,1.5,0.39,0.17,8.17,0.044,83.9,0.42,0.1,0.44,2.28,0.28,1.21,4.5,0.0,0.0
20250,"Plat légumes, avec féculent et lait/crème, dès 8/12 mois",77.5,3.5,1.31,1.14,0.59,0.11,0.0002,0.0002,4.38,8.1,3.4,2.6,2.1,0.27,56.6,0.047,0.47,20.0,14.0,0.15,46.0,150.0,1.0,106.0,0.4,21.0,804.0,0.5,,8.9,,0.5,0.068,0.09,0.84,0.36,0.098,26.5,0.086,83.6,0.3,,0.2,1.5,0.6,0.8,4.7,0.0,0.0
42605,"Plat légumes, avec féculent et viande/poisson, dès 12 mois",75.7,2.9,0.53,1.16,0.7,0.11,0.016,0.027,6.63,8.95,0.9,1.9,2.5,0.24,14.3,0.043,0.28,20.0,9.97,0.088,35.0,134.0,1.45,96.0,0.25,21.0,517.0,0.5,,2.8,,0.5,0.039,0.02,1.06,0.18,0.081,18.3,0.076,85.5,0.2,,0.2,0.2,0.2,0.7,7.6,0.0,0.0
42606,"Plat légumes, avec féculent et viande/poisson, dès 18 mois",66.7,1.82,0.58,,,,,,,9.02,1.38,1.6,2.76,0.32,20.7,0.032,0.23,,11.0,0.11,37.2,134.0,1.13,127.0,0.35,,1170.0,0.097,0.74,,,10.6,0.066,0.053,0.81,,0.09,13.2,0.095,,0.13,,,,,0.69,,0.0,0.0
42603,"Plat légumes, avec féculent et viande/poisson, dès 6/8 mois",59.0,1.6,0.26,0.65,0.45,0.078,0.0045,0.009,5.49,5.9,1.6,3.3,3.6,0.2,19.6,0.043,0.34,20.0,10.9,0.098,50.0,139.0,1.41,78.1,0.36,21.0,965.0,0.5,,8.14,,1.53,0.032,0.02,1.4,0.18,0.09,28.8,0.5,86.3,0.28,,0.28,0.2,0.2,1.04,4.3,0.0,0.0
42604,"Plat légumes, avec féculent et viande/poisson, dès 8/12 mois",54.6,1.31,0.26,0.53,0.3,0.048,0.00066,0.0002,5.83,6.77,1.37,2.45,2.8,0.24,17.5,0.042,0.3,20.0,9.8,0.08,41.0,136.0,1.22,94.4,0.3,21.0,870.0,0.5,,16.3,,0.61,0.063,0.04,1.11,0.26,0.095,8.09,0.14,86.1,0.35,,0.31,0.15,0.2,0.57,4.5,0.0,0.0
20248,"Plat légumes, avec féculent, dès 6-8 mois",42.9,0.7,0.066,0.29,0.17,0.023,0.0011,0.0002,700.0,6.9,2.8,2.1,1.2,0.24,27.1,0.04,0.3,20.0,11.7,0.1,28.0,170.0,0.84,97.1,0.23,21.0,1430.0,0.5,,1.59,,1.87,0.045,0.01,0.98,0.18,0.089,11.1,0.01,88.6,0.6,,0.7,0.2,0.2,1.5,3.8,0.0,0.0
20273,"Poêlée de légumes assaisonnés à l'asiatiques ou wok de légumes, surgelée, crue",73.5,5.0,0.5,,,,,,,4.0,3.25,2.75,1.75,0.18,,,,,,,,,,73.0,,,,,,,,,,,,,,,,,,,,,,,,0.0,0.0
20498,"Poêlée de légumes assaisonnés aux champignons (""champêtre""), surgelée",31.5,0.5,0.031,0.2,0.25,0.015,5.2e-05,0.0,,4.0,1.5,2.5,1.5,0.51,,,,,,,,,,203.0,,,,,,,,,,,,,,,,91.4,0.67,,0.68,,0.3,0.15,,,0.0
20274,"Poêlée de légumes assaisonnés grillée, méridionale ou méditerranéenne, surgelée, crue",48.0,1.77,0.15,0.67,0.84,0.029,,0.01,,4.33,2.66,4.14,1.61,0.25,,,,,,,,,,167.0,,,,,,,,,,,,,,,,86.5,1.13,,1.0,0.3,0.13,0.4,,0.0,0.0
20262,"Poêlée de légumes assaisonnés sans champignon, surgelée, crue",50.4,1.5,0.4,,0.08,0.04,,,,5.0,1.5,3.6,2.6,1.25,24.5,,6.0,,,,,,,500.0,,,,,,,,30.8,,,,,,,,87.1,0.53,,0.34,,0.14,0.49,,0.45,0.0
4051,"Poêlée de pommes de terre à la sarladaise (graisse de canard, ail et persil), surgelée, à cuire",203.0,11.6,3.54,,,,0.0,0.0,,20.9,1.22,2.84,2.27,0.66,,,,,,,,,,,,,,,,,,,,,,,,,,,,,,,,,,0.0,0.0
25057,"Poêlée de pommes de terre préfrites, lardons ou poulet, et autres, sans légumes verts, préemballée",171.0,9.6,2.9,2.99,2.76,0.13,0.01,0.01,10.5,17.0,1.7,2.1,3.2,0.6,26.0,0.08,0.49,20.0,20.0,0.1,88.0,390.0,20.0,260.0,0.45,21.0,22.6,0.5,,3.13,,3.04,0.086,0.056,1.28,0.41,0.15,23.8,0.15,65.0,0.2,,0.6,0.2,0.2,0.3,14.5,0.0,0.0
13734,"Poire au sirop léger, appertisée, égouttée",63.9,0.4,,,,,0.0,0.0,0.0,13.9,11.5,2.6,0.25,0.013,8.8,0.05,0.05,,4.0,0.01,7.9,69.0,20.0,5.0,0.06,0.0,5.0,0.25,,0.8,,0.85,0.015,0.01,0.1,0.038,0.011,,,82.3,6.3,0.1,3.67,0.1,0.1,1.51,,1.1,0.0
13735,"Poire au sirop léger, appertisée, non égouttée",62.6,0.12,0.002,,,,0.0,0.0,0.0,14.5,12.8,1.23,0.3,0.013,5.0,0.049,0.28,,4.0,0.033,7.0,66.0,0.0,5.0,0.08,0.0,0.0,0.0,0.08,0.3,,0.7,0.01,0.016,0.15,0.022,0.014,1.0,0.0,83.7,5.64,,4.64,0.2,0.82,1.65,,,0.0
39519,Poire belle Hélène,196.0,9.57,5.19,,,,,,13.0,23.5,21.0,2.76,2.74,0.039,49.3,0.2,2.43,4.16,35.3,0.21,70.2,176.0,0.76,15.7,0.49,30.1,22.5,0.48,1.19,,,1.82,0.039,0.091,0.32,0.19,0.038,7.76,0.077,60.7,,,,,,,0.61,0.0,0.0
13188,"Poire Conférence, chair sans peau, crue",49.1,0.5,0.01,0.01,0.01,0.01,0.01,0.01,0.0,11.4,9.4,3.1,0.25,0.013,3.9,0.05,0.09,20.0,5.3,0.02,9.3,99.0,20.0,5.0,0.07,0.0,19.3,0.0,0.12,0.8,,1.39,0.015,0.01,0.1,0.065,0.01,7.0,0.0,85.3,6.6,,1.2,0.2,0.2,1.6,0.35,1.8,0.0
13189,"Poire Williams, chair sans peau, crue",50.2,0.5,0.01,0.01,0.01,0.01,0.01,0.01,0.0,11.5,9.4,3.1,0.25,0.013,6.1,0.05,0.07,20.0,5.3,0.02,9.8,120.0,20.0,5.0,0.09,0.0,5.0,,0.12,0.8,,2.57,0.015,0.01,0.1,0.06,0.01,6.0,,84.7,7.2,,1.0,0.2,0.2,1.2,0.35,1.9,0.0
13037,"Poire, chair et peau, crue",56.6,0.27,0.067,0.017,0.082,0.012,0.0,0.0,0.0,12.3,9.75,2.9,0.36,0.0045,6.46,0.071,0.072,0.88,8.23,0.03,12.0,132.0,10.0,1.8,0.097,0.0,14.0,0.0,0.12,4.4,,4.3,0.012,0.026,0.16,0.049,0.029,7.0,0.0,83.5,6.42,0.0,2.6,0.0,0.0,0.71,0.0,2.02,0.0
13397,"Poire, chair, crue (aliment moyen)",49.7,0.5,0.01,0.01,0.01,0.01,0.01,0.01,0.0,11.4,9.4,3.1,0.25,0.013,5.0,0.05,0.08,20.0,5.3,0.02,9.55,110.0,20.0,5.0,0.08,0.0,10.9,,,0.8,,1.98,0.015,0.01,0.1,0.063,0.01,,,85.0,6.9,,1.1,0.2,0.2,1.4,0.35,1.85,0.0
20327,"Poireau, bouilli/cuit à l'eau",24.7,0.3,0.01,0.01,0.01,0.01,0.01,0.01,0.0,2.23,1.8,3.4,2.56,0.013,35.0,0.08,0.45,20.0,6.5,0.11,26.0,120.0,20.0,5.0,0.14,0.0,343.0,0.0,0.5,3.6,,3.79,0.028,0.01,0.3,0.088,0.055,,0.0,91.6,0.8,0.2,0.7,0.2,0.2,0.3,0.35,0.5,0.0
20039,"Poireau, cru",30.4,0.3,0.04,0.004,0.13,0.035,0.0,0.0,0.0,4.55,3.9,1.8,1.5,0.05,59.0,0.12,2.1,0.74,28.0,0.48,35.0,180.0,0.75,20.0,0.12,0.0,1000.0,0.0,0.92,47.0,,12.0,0.06,0.03,0.4,0.14,0.23,64.0,0.0,90.4,0.67,,0.65,0.0,0.15,0.53,,0.056,0.0
20040,"Poireau, cuit",3.2,0.0,,,,,0.0,0.0,0.53,,,,0.81,0.04,,0.02,,0.2,,0.2,,,1.0,,0.2,0.0,400.0,,0.78,,,7.0,,,,,,,,91.9,,,,,,,,,0.0
20236,"Poireau, surgelé, cru",26.6,0.26,0.25,,,,0.0,0.0,0.0,3.37,2.95,2.55,1.48,0.018,63.0,,0.8,,,,,,1.0,6.75,,0.0,1000.0,0.0,0.92,47.0,,26.0,,,,,,64.0,0.0,91.7,1.67,,1.28,,0.3,0.3,,0.056,0.0
20506,"Pois cassé, bouilli/cuit à l'eau",129.0,1.49,0.16,,,,0.0,0.0,0.0,16.3,3.85,7.95,8.6,0.011,24.7,0.19,2.09,2.0,20.9,0.28,134.0,327.0,2.2,4.5,0.65,0.0,10.0,0.0,,4.5,,0.85,0.15,0.06,0.71,0.44,0.094,,0.0,64.9,,,,,,0.65,,,0.0
20515,"Pois cassé, sec",347.0,1.16,0.16,0.19,0.41,0.083,0.0,0.0,0.0,47.5,2.56,25.5,23.8,0.038,37.0,0.82,4.82,1.25,49.0,1.22,321.0,823.0,6.2,15.0,3.55,0.0,89.0,0.0,,14.5,,1.8,0.73,0.22,2.89,1.76,0.17,,0.0,2.36,0.1,,0.14,0.1,0.1,2.42,,,0.0
20532,"Pois chiche, appertisé, égoutté",122.0,2.68,0.3,0.47,0.89,0.032,0.0,0.0,0.0,15.0,0.5,5.45,6.74,0.54,41.2,0.21,1.15,,27.5,0.67,82.5,135.0,23.3,216.0,0.93,0.0,11.5,0.0,,3.4,,0.1,0.03,0.015,0.14,0.3,0.29,,0.0,72.1,,,,,,0.44,,,0.0
20507,"Pois chiche, bouilli/cuit à l'eau",148.0,3.0,0.46,0.77,1.5,0.08,0.01,0.01,0.0,17.7,0.3,8.2,8.31,0.027,72.0,0.24,1.3,20.0,44.0,0.86,140.0,170.0,20.0,10.9,1.1,0.0,13.0,0.25,0.35,2.53,,0.5,0.06,0.027,0.21,0.14,0.09,172.0,0.0,62.0,0.2,,0.2,0.2,0.2,0.3,14.9,0.5,0.0
20516,"Pois chiche, sec",350.0,6.04,0.6,1.02,2.03,0.1,0.0,0.0,0.0,47.5,2.3,12.2,20.5,0.06,57.0,0.66,4.31,0.6,79.0,2.2,252.0,718.0,2.0,24.0,2.76,0.0,40.0,0.0,,9.0,,4.0,0.48,0.21,1.54,1.59,0.54,,0.0,7.68,0.2,,0.2,0.2,0.2,2.3,40.0,,0.0
20527,"Pois d'Angole vert, frais, cru",129.0,1.64,0.35,,,,0.0,0.0,0.0,18.8,3.0,5.1,7.2,0.013,42.0,0.13,1.6,,68.0,0.57,127.0,552.0,,5.0,1.04,0.0,40.0,0.0,,24.0,,39.0,0.4,0.17,2.2,0.68,0.068,,0.0,65.9,,,,,,,,,0.0
20833,"Pois d'Angole, entier, cuit à la vapeur, prélevé à la Martinique",116.3,0.74,,,,,0.0,0.0,0.0,11.1,,,16.3,,,,,,,,,,,,,0.0,,,,,,,,,,,,,,49.1,,,,,,,11.1,,0.0
20216,"Pois mange-tout ou pois gourmand, bouilli/cuit à l'eau",30.9,0.3,0.08,0.07,0.07,0.04,0.01,0.01,0.0,3.39,2.3,2.8,2.25,0.013,35.0,0.08,0.46,20.0,14.0,0.18,40.0,100.0,20.0,5.0,0.28,0.0,501.0,0.25,0.39,3.87,,20.6,0.073,0.01,0.39,0.22,0.022,29.0,0.0,90.9,0.2,,1.6,0.2,0.2,0.7,0.8,0.5,0.0
20173,"Pois mange-tout ou pois gourmand, cru",43.0,0.2,0.039,,,,0.0,0.0,0.0,6.2,4.0,2.6,2.8,0.01,43.0,0.079,2.08,,24.0,0.24,53.0,200.0,0.7,4.0,0.27,0.0,630.0,0.0,0.39,25.0,,60.0,0.15,0.08,0.6,0.75,0.16,42.0,0.0,88.9,,,,,,,,,0.0
20243,"Pois mange-tout ou pois gourmands, cuits",47.3,0.38,0.073,,,,0.0,0.0,0.0,5.92,4.82,3.1,3.5,0.013,59.0,0.09,2.4,,28.0,0.28,58.0,217.0,0.7,5.0,0.49,0.0,760.0,0.0,0.39,30.2,,22.0,0.064,0.12,0.56,0.86,0.17,29.0,0.0,86.6,,,,,,,,,0.0
25145,"Poisson blanc à l'estragon, préemballé",77.2,2.8,,,,,,,,4.2,,0.0,8.8,,,,,,,,,,,,,,,,,,,,,,,,,,,,,,,,,,,0.0,0.0
25086,"Poisson blanc à la bordelaise (chapelure, huile…), préemballé",176.0,10.4,2.3,2.77,,0.11,0.031,,51.0,5.3,1.25,1.0,14.8,1.28,21.1,1.0,1.2,92.0,17.5,1.0,162.0,317.0,4.9,513.0,1.0,2.0,,0.9,,,,9.7,0.05,0.05,9.2,0.18,0.05,5.0,2.2,67.5,0.38,,0.29,0.19,0.063,0.28,3.7,0.0,0.0
25140,"Poisson blanc à la florentine (sauce aux épinards), préemballé",96.0,4.0,2.5,,,,,,,2.0,2.0,2.0,12.0,0.58,,,,,,,,,,232.0,,,,,,,,,,,,,,,,,,,,,,,,0.0,0.0
25141,"Poisson blanc à la marinière (sauce aux oignons, vin blanc, moules), préemballé",80.0,2.8,,,,,,,,2.2,,0.0,11.5,,,,,,,,,,,,,,,,,,,,,,,,,,,,,,,,,,,0.0,0.0
25143,"Poisson blanc à la parisienne (sauce aux champignons), préemballé",81.5,3.5,2.02,,,,,,,3.0,1.5,1.0,9.0,0.58,,,,,,,,,,233.0,,,,,,,,,,,,,,,,84.2,0.1,,0.1,0.1,0.1,0.13,,0.0,0.0
25128,"Poisson blanc à la provençale ou niçoise (sauce tomate), préemballé",73.4,2.3,0.69,,0.55,0.025,,,28.0,3.1,2.5,1.5,9.31,0.7,16.1,,1.0,71.0,24.2,,99.0,348.0,3.8,280.0,,2.0,449.0,0.2,,,,,0.05,0.07,1.2,0.25,0.05,5.0,1.1,83.6,0.93,,0.84,0.1,0.088,0.28,,0.0,0.0
25142,"Poisson blanc à la sauce moutarde, préemballé",90.8,3.6,,,,,,,,5.4,,0.0,9.2,,,,,,,,,,,,,,,,,,,,,,,,,,,,,,,,,,,0.0,0.0
24998,"Poisson blanc en sauce, préemballé (aliment moyen)",147.0,8.1,1.85,2.77,,0.086,0.031,,44.5,4.67,1.6,1.14,13.2,1.12,19.7,0.5,1.0,86.1,19.4,0.5,144.0,326.0,4.59,446.0,0.5,1.0,,0.68,,,,9.7,0.025,0.038,6.95,0.2,0.025,2.5,1.89,72.1,0.53,,0.44,0.15,0.069,0.27,3.7,0.0,0.0
25146,"Poisson blanc sauce oseille, préemballé",111.0,5.5,3.31,1.04,0.2,0.025,0.015,0.035,45.6,3.0,2.0,1.0,11.8,0.88,40.0,0.03,0.24,44.0,27.0,0.04,130.0,260.0,50.0,350.0,0.33,38.8,0.0,0.5,1.1,3.6,,0.5,0.075,0.06,0.8,0.2,0.058,18.8,1.87,78.6,0.1,,0.14,0.7,0.16,0.1,,0.0,0.0
26249,"Poisson blanc, cuit (aliment moyen)",114.0,2.74,0.58,0.52,0.16,0.034,0.13,0.22,65.3,0.32,0.0,0.0,22.0,0.28,26.4,0.046,0.44,64.7,29.3,0.036,227.0,334.0,30.1,113.0,0.61,8.23,3.7,1.86,,,,0.51,0.066,0.085,2.53,0.31,0.23,14.9,1.98,73.8,0.0,,0.0,0.0,0.0,0.0,0.091,0.0,0.0
26140,Poisson cuit (aliment moyen),142.0,5.62,1.18,0.7,,,0.26,0.49,62.7,0.32,0.0,0.0,22.5,0.25,27.5,0.053,0.6,57.7,29.9,0.035,236.0,356.0,30.9,98.4,0.63,12.5,2.77,3.67,,,,0.79,0.11,0.12,4.32,0.59,0.32,16.1,3.9,70.3,0.00089,,0.0036,0.0036,0.0036,0.0036,0.058,0.0,0.0
26030,"Poisson pané, frit",194.0,10.0,2.15,,,0.031,0.15,0.27,36.0,13.5,0.37,0.8,11.9,0.84,15.1,0.055,0.44,5.0,32.4,0.14,164.0,286.0,6.24,338.0,0.39,16.0,0.0,0.0,3.8,,,0.5,0.062,0.073,1.6,0.25,0.12,29.0,1.95,62.2,0.0,,0.0,0.0,0.0,0.0,12.1,0.0,0.0
26029,"Poisson pané, surgelé, cru",163.0,6.14,1.3,1.38,2.44,0.19,0.043,0.059,21.0,15.6,2.2,0.9,11.0,0.69,68.7,0.07,0.96,110.0,29.0,0.25,108.0,322.0,,270.0,0.53,0.0,,0.0,,,,0.0,0.09,0.14,1.7,0.33,0.28,,1.0,64.8,0.15,,0.15,0.0,1.22,0.15,13.4,0.0,0.0
28550,Poitrine de porc demi-sel,270.0,22.0,8.3,,2.8,0.14,0.0,,,1.3,0.6,0.0,16.8,2.0,8.4,0.05,0.52,,16.0,0.0,208.0,256.0,5.8,790.0,1.68,0.0,0.0,0.2,0.0,0.0,,,0.85,0.24,10.2,,0.3,2.19,0.83,55.3,0.3,,0.45,,0.3,0.3,,0.0,0.0
28502,"Poitrine de porc en salaison, fumée, crue",303.0,26.1,9.39,10.2,2.61,0.21,0.0,0.0,,0.79,0.75,1.0,15.6,2.41,,,,,,,,,20.1,956.0,,,0.0,0.4,0.43,0.0,,,0.642,,,,,0.0,0.5,53.9,0.3,,0.39,0.3,0.3,0.3,,0.0,0.0
28507,"Poitrine de porc en salaison, nature, crue",288.0,24.7,9.69,,,,0.0,,,0.76,0.71,0.29,15.7,1.93,,,,,,,,,5.8,811.0,,,0.0,0.2,0.0,0.0,,,0.642,,,,,1.0,0.29,,,,,,,,,0.0,0.0
11019,"Poivre blanc, poudre",313.0,2.12,0.63,,,,0.0,0.0,0.0,48.3,,26.2,12.1,0.013,265.0,0.91,14.3,,90.0,4.3,176.0,73.0,3.0,5.0,1.13,0.0,,0.0,,0.0,,21.0,0.022,0.13,0.21,,0.1,,0.0,11.4,,,,,,,0.0,0.0,0.0
11088,"Poivre de Cayenne ou piment de Cayenne, poudre",376.0,17.3,3.26,,,,0.0,0.0,0.0,29.4,10.3,27.2,12.0,0.075,148.0,0.37,7.8,,152.0,2.0,293.0,2010.0,,30.0,2.48,0.0,,0.0,,80.3,,76.4,0.33,0.92,8.7,,2.45,,0.0,8.05,,,,,,,,0.0,0.0
11015,"Poivre noir, poudre",331.0,7.5,2.9,2.06,1.54,0.63,0.01,0.01,0.0,39.9,0.64,25.3,13.3,0.036,480.0,1.0,17.0,20.0,190.0,15.0,170.0,1600.0,20.0,14.2,0.99,0.0,608.0,0.25,,144.0,,0.5,0.12,0.01,0.46,1.82,0.23,,0.0,9.0,0.23,0.15,0.24,0.0,0.0,0.02,,0.0,0.0
20168,"Poivron jaune, cru",29.4,0.3,0.11,0.11,0.05,0.02,0.01,0.01,0.0,4.73,4.3,1.2,0.94,0.013,8.6,0.07,0.21,20.0,12.0,0.11,23.0,220.0,20.0,5.0,0.23,0.0,642.0,0.0,,1.18,,121.0,0.03,0.01,0.28,0.14,0.079,,0.0,91.9,2.3,,2.0,0.2,0.2,0.2,0.35,0.5,0.0
20328,"Poivron jaune, sauté/poêlé",34.5,0.6,0.19,0.1,0.19,0.1,0.01,0.01,,5.33,4.9,2.2,1.0,0.013,7.3,0.06,0.23,20.0,11.0,0.09,23.0,220.0,20.0,5.0,0.14,0.0,837.0,,,0.8,,126.0,0.03,0.047,0.56,0.16,0.24,,,90.5,2.6,,2.3,0.2,0.2,0.2,0.35,0.5,0.0
20275,"Poivron rouge, appertisé, égoutté",26.3,0.2,0.029,0.009,0.1,0.0064,0.0,0.0,0.0,4.5,3.2,1.35,0.96,0.17,9.0,0.065,0.46,,10.0,0.12,18.0,166.0,,69.0,0.12,0.0,1530.0,0.0,,5.1,,171.0,0.059,0.03,0.48,0.079,0.23,,0.0,91.9,1.75,,1.45,,0.3,0.3,,,0.0
20087,"Poivron rouge, cru",33.6,0.5,0.01,0.01,0.01,0.01,0.01,0.01,0.0,5.98,4.8,3.2,1.06,0.013,4.8,0.04,0.21,20.0,8.2,0.08,19.0,180.0,20.0,5.0,0.14,0.0,554.0,0.0,1.58,3.16,,121.0,0.036,0.11,0.34,0.18,0.31,46.0,0.0,90.2,2.6,0.0,2.2,0.2,0.2,0.2,0.35,1.0,0.0
20088,"Poivron rouge, cuit",37.9,0.35,0.1,,,,0.0,0.0,,6.41,6.0,2.2,1.17,0.0055,9.0,0.01,,1.0,14.0,0.1,26.0,180.0,0.0,,0.2,0.0,,,0.9,,,81.0,0.01,0.03,0.9,0.06,0.31,,,90.2,,,,,,,,,0.0
20329,"Poivron rouge, sauté/poêlé",33.0,0.3,0.01,0.01,0.01,0.01,0.01,0.01,,6.53,6.1,2.0,0.94,0.013,7.0,0.06,0.27,20.0,12.0,0.11,25.0,240.0,20.0,5.0,0.14,0.0,7120.0,0.0,1.65,5.61,,144.0,0.033,0.1,0.83,0.15,0.31,16.0,0.0,89.8,3.3,,2.8,0.2,0.2,0.2,0.35,0.5,0.0
20085,"Poivron vert, cru",22.5,0.5,0.01,0.01,0.01,0.01,0.01,0.01,0.0,3.43,3.0,3.2,0.81,0.013,6.2,0.04,0.22,20.0,7.7,0.07,17.0,160.0,20.0,5.0,0.11,0.0,154.0,0.0,0.37,0.8,,26.9,0.015,0.01,0.3,0.11,0.21,10.0,0.0,93.0,1.5,0.0,1.5,0.2,0.2,0.2,0.35,0.5,0.0
20086,"Poivron vert, cuit",17.3,0.2,0.029,,,,0.0,0.0,0.0,2.36,2.36,1.2,0.92,0.005,9.0,0.065,0.46,1.0,10.0,0.12,18.0,166.0,0.0,2.0,0.12,0.0,264.0,0.0,0.5,9.8,,74.4,0.059,0.03,0.48,0.079,0.23,16.0,0.0,91.9,1.11,0.0,1.14,0.0,0.0,0.11,,,0.0
20330,"Poivron vert, sauté/poêlé",27.3,0.3,0.1,0.06,0.07,0.04,0.01,0.01,,3.53,3.1,3.0,1.25,0.013,6.7,0.05,0.21,20.0,9.5,0.08,20.0,200.0,20.0,5.0,0.12,0.0,199.0,0.0,0.5,4.1,,64.6,0.017,0.021,0.35,0.097,0.26,16.0,0.0,92.4,1.5,,1.6,0.2,0.2,0.2,0.35,0.5,0.0
20041,"Poivron, vert, jaune ou rouge, cru",22.6,0.27,0.071,0.011,0.091,0.026,0.0,0.0,0.0,3.5,1.5,1.5,0.8,0.021,7.7,0.1,0.4,5.0,11.9,0.1,22.5,155.0,0.1,8.4,0.13,2.0,834.0,0.5,1.44,,,121.0,0.041,0.041,0.74,0.12,0.38,,,92.1,,,,,,,0.5,,0.0
19999,"Poivron, vert, jaune ou rouge, cuit (aliment moyen)",33.0,0.33,0.088,,,,0.00072,0.00072,,5.42,5.1,1.99,1.11,0.0055,8.86,0.026,,1.65,12.9,0.1,24.0,180.0,1.45,,0.18,0.0,,,0.9,,,82.0,0.022,0.031,0.78,0.07,0.29,,,90.6,,,,,,,,,0.0
9615,"Polenta ou semoule de maïs, cuite, sans sel ajouté",76.1,0.3,0.01,0.01,0.01,0.01,0.01,0.01,2.28,16.9,0.1,1.6,1.38,0.01,4.7,0.07,0.21,20.0,4.0,0.03,15.0,24.0,20.0,5.0,0.11,0.0,5.29,,,0.8,,0.5,0.015,0.01,0.1,0.049,0.023,5.0,0.03,79.9,0.1,0.1,0.1,0.1,0.1,0.1,15.3,0.0,0.0
9614,"Polenta ou semoule de maïs, précuite, à cuire",350.0,1.8,,,,,0.0,0.0,,74.0,0.0,3.2,7.88,0.0043,1.55,,1.0,10.0,35.0,1.0,104.0,144.0,5.0,1.7,1.0,0.0,50.0,,,,,,0.07,0.06,0.05,0.39,0.08,35.0,,12.6,0.5,,0.5,0.5,0.5,0.5,68.0,0.0,0.0
31111,"Pollen, frais",304.0,5.17,1.81,,,,,,,42.3,26.8,9.07,17.5,0.019,105.0,0.51,11.6,,63.3,,273.0,411.0,41.4,7.57,3.95,0.0,,,,,,6.34,0.67,1.08,4.84,0.87,0.28,993.0,,22.7,,,,,,,,0.0,0.0
31109,"Pollen, partiellement séché",358.0,4.2,,,,,,,,52.5,36.5,11.3,21.9,0.22,85.2,1.95,,,82.8,,367.0,464.0,,89.8,5.6,0.0,,,,,,,0.00092,0.0019,,0.004,0.0005,,,7.58,,,,,,,,0.0,0.0
13179,"Pomelo (dit Pamplemousse) jaune, chair sans peau, sans pépins, cru",32.9,0.1,0.014,,,,0.0,0.0,0.0,7.31,7.31,1.1,0.69,0.0,12.0,0.05,0.06,,9.0,0.013,8.0,148.0,1.4,0.0,0.07,0.0,14.0,0.0,0.13,0.0,,33.3,0.037,0.02,0.27,0.28,0.043,10.0,0.0,90.5,1.66,,1.59,,0.11,2.37,,,0.0
13180,"Pomelo (dit Pamplemousse) rose, chair sans peau, sans pépins, cru",29.1,0.14,0.021,,,,0.0,0.0,0.0,6.2,6.2,1.6,0.77,0.0,22.0,0.032,0.08,,9.0,0.022,18.0,135.0,0.1,0.0,0.07,0.0,686.0,0.0,0.13,0.0,,31.2,0.043,0.031,0.2,0.26,0.053,13.0,0.0,88.1,1.59,0.0,1.45,0.0,0.0,3.16,0.0,,0.0
13040,"Pomelo (dit Pamplemousse), chair sans peau, sans pépins, cru",33.5,0.5,0.15,0.15,0.15,0.15,0.15,0.15,0.0,5.92,5.87,1.1,0.84,2.0,23.0,0.043,0.25,2.5,9.97,0.021,19.7,171.0,0.83,2.0,0.5,0.0,350.0,0.1,,1.0,,36.4,0.06,0.02,0.2,0.2,0.06,,0.0,90.0,1.67,,1.59,0.3,0.3,2.6,0.1,0.0,0.0
13434,"Pomme cajou, chair et peau, crue, prélevée à la Martinique",4.2,0.11,,,,,0.0,0.0,0.0,,,,0.79,,,,,,,,,,,,,0.0,,,,,,556.0,,,,,,,,88.5,,,,,,,,,0.0
13085,"Pomme Canada, chair sans peau, crue",51.1,0.1,,,,,0.0,0.0,0.0,11.6,11.0,1.6,0.4,0.0092,3.59,0.035,0.14,1.12,3.76,0.03,8.61,154.0,0.045,3.69,0.09,0.0,,0.0,0.27,,,4.0,0.03,0.02,0.1,0.0,0.06,,0.0,84.4,,,,,,,0.0,0.59,0.0
13435,"Pomme cannelle, chair sans peau, sans pépins, crue, prélevée à la Martinique",11.1,0.57,,,,,0.0,0.0,0.0,,,,1.48,,,,,,,,,,,,,0.0,,,,,,11.5,,,,,,,,67.2,,,,,,,,,0.0
13190,"Pomme Chantecler, chair sans peau, crue",47.2,0.5,0.01,0.01,0.01,0.01,0.01,0.01,0.0,11.2,10.8,1.9,0.25,0.013,4.0,0.04,0.06,20.0,3.6,0.03,10.0,120.0,20.0,5.0,0.05,0.0,54.6,0.0,0.05,0.8,,2.85,0.015,0.01,0.1,0.078,0.039,0.0,0.0,86.4,5.4,,1.3,0.2,0.2,4.1,0.35,0.5,0.0
13436,"Pomme d'eau ou pomme malaca, chair sans peau, sans noyau, crue, prélevée à la Martinique",2.0,0.023,,,,,0.0,0.0,0.0,,,,0.44,,,,,,,,,,,,,0.0,,,,,,0.33,,,,,,,,91.1,,,,,,,,,0.0
4020,"Pomme de terre dauphine, surgelée, à cuire",242.0,15.7,2.01,,8.04,0.011,0.014,0.014,,19.7,3.19,2.27,4.25,1.15,22.2,0.09,0.99,,9.25,0.23,41.8,138.0,,468.0,0.68,,,,,,,,,,,,,,,56.0,0.3,,0.3,,2.9,0.3,,0.0,0.0
4021,"Pomme de terre dauphine, surgelée, cuite",302.0,17.7,3.39,4.7,8.14,0.02,0.01,0.01,51.7,30.2,3.5,2.0,4.5,1.32,120.0,0.06,0.8,20.0,14.0,0.18,210.0,180.0,20.0,527.0,0.38,21.0,5.0,0.25,,0.8,,,0.08,0.071,0.31,0.75,0.11,15.1,0.39,43.5,0.2,,0.2,0.2,3.3,0.2,20.8,0.0,0.0
4028,"Pomme de terre de conservation, sans peau, bouillie/cuite à l'eau",72.6,0.5,,0.01,0.01,0.01,0.01,0.01,0.0,15.4,0.2,1.9,1.81,0.01,6.5,0.07,0.31,20.0,17.0,0.1,40.0,390.0,20.0,5.0,0.23,0.0,5.0,,,0.8,,3.78,0.062,0.01,0.61,0.37,0.17,,0.074,79.7,0.2,,0.2,0.2,0.2,0.2,13.5,0.0,0.0
4042,"Pomme de terre duchesse, surgelée, à cuire",157.0,6.26,0.82,,3.37,0.0037,0.0,0.0,,21.4,0.4,2.54,2.41,0.86,,,,,,,,,,368.0,,,,,,,,,,,,,,,,65.7,0.3,,0.3,,0.3,0.3,,0.0,0.0
4034,"Pomme de terre duchesse, surgelée, cuite",218.0,8.5,0.96,3.48,3.37,0.08,0.01,0.01,2.87,29.6,0.4,4.8,3.44,0.99,51.0,0.12,0.81,20.0,28.0,0.19,81.0,530.0,20.0,395.0,0.53,21.0,5.0,0.5,,0.8,,0.5,0.092,0.051,0.34,0.42,0.26,18.5,,51.5,0.2,,0.2,0.2,0.2,0.4,27.8,0.0,0.0
4053,"Pomme de terre grenaille, préfrite, surgelée, à cuire",133.0,5.3,1.02,,,,0.0,0.0,,17.9,2.23,2.16,2.4,0.42,,,,,,,,,,,,,,,,,,,,,,,,,,,,,,,,,,0.0,0.0
4013,"Pomme de terre noisette, surgelée, à cuire",179.0,7.02,1.07,,,0.021,0.0,0.0,,25.3,0.56,2.42,2.44,0.95,25.2,0.1,1.0,3.0,27.9,0.18,111.0,550.0,2.2,373.0,0.58,,3.0,0.0,0.2,,,10.5,0.13,0.03,2.2,0.5,0.2,28.0,,61.0,0.3,,0.28,,0.3,0.21,,0.0,0.0
4035,"Pomme de terre noisette, surgelée, cuite",191.0,6.6,0.94,2.32,2.65,0.12,0.01,0.01,0.7,28.4,0.2,3.4,2.81,0.87,27.0,0.09,0.61,20.0,22.0,0.14,59.0,420.0,20.0,347.0,0.39,21.0,5.0,,,0.89,,,0.18,0.033,0.66,0.46,0.17,12.4,0.07,56.9,0.2,,0.2,0.2,0.2,0.2,24.9,0.0,0.0
4007,"Pomme de terre nouvelle ou primeur, bouillie/cuite à l'eau",71.6,0.3,,,,,0.0,0.0,0.0,15.0,1.0,1.6,1.44,0.025,13.0,0.06,1.6,2.25,18.0,0.2,54.0,430.0,1.0,10.0,0.3,0.0,,0.0,0.06,,,15.0,0.09,0.06,0.4,0.38,0.36,,0.0,81.1,0.2,,0.3,0.0,0.0,0.5,,0.0,0.0
4029,"Pomme de terre nouvelle ou primeur, bouillie/cuite à l'eau, sans peau",71.1,0.1,,,,,0.0,0.0,0.0,14.9,,2.13,1.84,,,0.17,0.7,,19.7,,,291.0,,,0.34,0.0,,,,,,18.9,,,,,0.21,,,79.9,,,,,,,14.9,0.0,0.0
4023,"Pomme de terre nouvelle ou primeur, crue",76.4,0.3,0.058,0.009,0.072,0.096,0.0,0.0,0.0,15.8,0.2,1.35,1.94,0.058,10.0,,0.6,0.9,,,54.0,367.0,,23.0,0.5,0.0,,0.0,0.06,,,25.0,0.12,0.03,2.4,,0.44,,0.0,80.9,,,,,,,15.6,0.0,0.0
4015,"Pomme de terre poêlée, avec matière grasse",137.0,5.7,1.16,3.41,0.61,0.05,0.01,0.01,,17.3,2.2,2.6,2.5,0.51,18.0,0.15,0.73,20.0,28.0,0.17,46.0,680.0,20.0,204.0,0.35,,10.2,,,2.66,,1.97,0.043,0.01,0.72,0.41,0.15,26.0,,69.9,0.8,0.2,0.9,0.2,0.2,0.5,14.0,0.5,0.0
4036,Pomme de terre sautée/poêlée/rissolée à la graisse de canard,200.0,11.4,3.24,,,,0.0,0.0,,20.8,1.51,2.33,2.44,0.65,,,,,,,,,,266.0,,,,,,,,,,,,,,,,,,,,,,,,0.0,0.0
4043,"Pomme de terre sautée/poêlée/rissolée, préfrite, surgelée, à cuire",137.0,4.5,0.68,,1.21,0.01,0.002,0.002,,20.4,0.57,2.54,2.35,0.18,,,,,,,,,,66.0,,,,,,,,6.0,,,,,,,,69.1,0.3,,0.3,,0.3,0.3,,0.0,0.0
4027,"Pomme de terre sautée/poêlée/rissolée, préfrite, surgelée, cuite",156.0,4.8,0.61,1.81,1.84,0.13,0.01,0.01,,23.0,0.0,4.0,2.81,0.19,11.0,0.15,0.63,20.0,26.0,0.13,100.0,570.0,20.0,77.0,0.42,,5.0,,,2.29,,1.25,0.086,0.01,0.54,0.51,0.14,14.0,,63.3,0.2,0.2,0.2,0.2,0.2,0.2,22.1,0.5,0.0
4014,"Pomme de terre vapeur, sous vide",76.0,0.25,0.039,,,,0.0,0.0,,15.8,0.5,2.02,1.84,0.14,,,,,,,,,,96.2,,,,,,,,14.7,,,,,,,,,,,,,,,,0.0,0.0
4011,"Pomme de terre, appertisée, égouttée",57.2,0.41,0.054,0.002,0.067,0.021,0.0,0.0,0.0,10.7,0.65,2.15,1.58,0.15,25.4,0.051,1.26,,9.4,0.071,28.0,229.0,3.35,60.6,0.18,0.0,,0.0,,,,5.1,0.068,0.013,0.92,0.35,0.19,6.0,0.0,84.3,,,,,,,,0.0,0.0
4003,"Pomme de terre, bouillie/cuite à l'eau",81.0,0.34,0.094,0.002,0.032,0.011,0.0,0.0,0.0,16.8,0.86,1.8,1.8,0.051,5.83,0.076,0.27,5.0,17.3,0.074,37.2,363.0,10.0,20.6,0.15,0.0,2.0,0.0,,2.1,,2.92,0.079,0.04,1.73,0.57,0.34,,0.0,78.3,0.3,0.0,0.37,0.0,0.0,0.19,15.8,0.0,0.0
4048,"Pomme de terre, cuite (aliment moyen)",94.9,1.58,0.44,0.85,0.29,0.027,0.0062,0.0062,0.0,17.2,0.83,2.15,2.05,0.12,9.38,0.096,0.44,7.42,20.6,0.12,47.1,457.0,8.0,49.4,0.25,0.0,3.79,,,1.48,,3.92,0.068,0.012,1.02,0.45,0.22,,0.036,75.8,0.31,,0.35,0.13,0.13,0.22,15.2,0.064,0.0
4026,"Pomme de terre, rôtie/cuite au four",91.4,0.13,0.035,,,,0.0,0.0,0.0,19.0,1.18,2.2,2.5,0.025,15.0,0.12,1.08,,28.0,0.22,70.0,535.0,,10.0,0.36,0.0,6.0,0.0,,2.0,,9.6,0.064,0.048,1.41,0.38,0.31,,0.0,74.9,0.34,0.0,0.44,0.0,0.0,0.4,17.3,0.0,0.0
4008,"Pomme de terre, sans peau, crue",80.0,0.09,0.026,0.002,0.025,0.018,0.0,0.0,0.0,16.2,0.78,2.2,2.02,0.0011,14.3,0.079,0.78,1.74,22.0,0.11,57.0,421.0,22.9,0.44,0.35,0.0,1.0,0.0,,1.9,,19.7,0.08,0.032,1.05,0.3,0.3,,0.0,79.3,0.27,0.0,0.33,0.0,0.0,0.17,15.4,0.0,0.0
4002,"Pomme de terre, sans peau, rôtie/cuite au four",91.9,0.1,0.026,,,,0.0,0.0,0.0,20.1,1.7,1.5,1.96,0.0036,9.48,0.094,0.35,3.0,21.7,0.15,50.0,391.0,2.2,1.43,0.24,0.0,0.0,0.0,,0.3,,12.8,0.11,0.021,1.4,0.56,0.3,,0.0,75.4,,,,,,,,0.0,0.0
13191,"Pomme Gala, chair sans peau, crue",51.6,0.5,0.01,0.01,0.01,0.01,0.01,0.01,0.0,11.9,11.1,1.9,0.25,0.013,3.6,0.03,0.06,20.0,3.0,0.02,7.8,91.0,20.0,5.0,0.05,0.0,11.6,0.0,0.05,0.8,,1.33,0.02,0.01,0.1,0.1,0.035,0.0,0.0,85.5,6.3,,1.1,0.2,0.2,3.7,0.35,0.5,0.0
13620,"Pomme Golden, chair et peau, crue",54.1,0.5,0.01,0.01,0.01,0.01,0.01,0.01,0.0,12.8,11.5,1.4,0.25,0.013,4.0,0.04,0.07,20.0,3.8,0.03,10.0,130.0,20.0,5.0,0.07,0.0,56.0,0.25,,0.8,,0.5,0.015,0.01,0.1,0.096,0.046,0.0,,85.1,6.9,,1.4,0.2,0.2,3.2,0.35,0.5,0.0
13086,"Pomme Golden, chair sans peau, crue",50.4,0.5,0.01,0.01,0.01,0.01,0.01,0.01,0.0,11.7,11.3,2.5,0.25,0.013,2.8,0.03,0.06,20.0,3.5,0.03,8.8,110.0,20.0,5.0,0.05,0.0,59.8,0.0,0.05,0.8,,1.29,0.015,0.01,0.1,0.078,0.052,0.0,0.0,85.5,6.9,,1.6,0.2,0.2,2.8,0.35,0.5,0.0
13122,"Pomme Granny Smith, chair et peau, crue",48.6,0.5,0.01,0.01,0.01,0.01,0.01,0.01,0.0,10.7,10.1,2.8,0.25,0.013,3.2,0.04,0.06,20.0,2.8,0.02,7.6,110.0,20.0,5.0,0.05,0.0,11.6,,,0.8,,2.31,0.015,0.01,0.1,0.07,0.03,0.0,,85.8,5.8,0.0,1.6,0.2,0.2,2.7,0.35,0.5,0.0
13121,"Pomme Granny Smith, chair sans peau, crue",51.0,0.5,0.01,0.01,0.01,0.01,0.01,0.01,0.0,11.4,10.6,2.6,0.25,0.013,3.2,0.03,0.08,20.0,2.9,0.02,7.6,110.0,20.0,5.0,0.05,0.0,12.8,0.0,0.05,0.8,,2.21,0.015,0.01,0.1,0.061,0.029,0.0,0.0,85.3,5.8,,1.9,0.2,0.2,2.9,0.35,0.5,0.0
13437,"Pomme liane, chair sans peau, avec pépins, crue, prélevée à la Martinique",5.5,0.22,,,,,0.0,0.0,0.0,,,,0.88,,,,,,,,,,,,,0.0,,,,,,41.4,,,,,,,,82.6,,,,,,,0.0,,0.0
13192,"Pomme Pink lady, chair sans peau, crue",57.3,0.5,0.01,0.01,0.01,0.01,0.01,0.01,0.0,12.8,12.3,2.9,0.25,0.013,2.8,0.03,0.07,20.0,3.0,0.02,7.5,110.0,20.0,5.0,0.05,0.0,32.3,0.0,0.05,0.8,,2.13,0.015,0.01,0.1,0.093,0.058,0.0,0.0,83.6,6.6,,1.1,0.2,0.2,4.6,0.35,0.5,0.0
13039,"Pomme, chair et peau, crue",54.0,0.25,0.052,0.007,0.046,0.0049,0.0,0.0,0.0,11.6,10.6,1.4,0.25,0.0037,5.34,0.041,0.099,0.37,6.47,0.036,11.4,119.0,10.0,1.5,0.031,0.0,21.4,0.0,,1.78,,4.6,0.016,0.026,0.081,0.058,0.044,0.0,0.0,85.4,6.06,0.0,2.33,0.0,0.0,2.2,0.05,,0.0
13176,"Pomme, chair sans peau, bouillie/cuite à l'eau",54.0,0.36,0.058,,,,0.0,0.0,0.0,11.2,11.0,2.4,0.26,0.0025,5.0,0.035,0.19,,3.0,0.12,8.0,88.0,0.3,1.0,0.04,0.0,19.0,0.0,0.05,0.6,,0.2,0.016,0.012,0.095,0.046,0.044,1.0,0.0,85.5,,,,,,,,,0.0
13396,"Pomme, chair sans peau, crue (aliment moyen)",51.3,0.24,0.01,0.01,0.01,0.01,0.0095,0.0095,0.0,11.9,11.4,2.39,0.26,0.0064,2.99,0.03,0.065,9.56,3.38,0.027,8.5,109.0,9.5,2.56,0.029,0.0,48.1,,,0.8,,1.55,0.011,0.0057,0.052,0.08,0.05,,,85.2,6.73,,1.45,0.2,0.2,3.19,0.33,0.27,0.0
13175,"Pomme, chair sans peau, rôtie/cuite au four",52.7,0.5,0.15,0.15,0.15,0.15,0.15,0.15,0.0,12.9,12.6,1.0,0.16,2.0,5.0,0.039,0.25,2.5,4.74,0.033,10.1,128.0,0.83,2.0,0.5,0.0,30.0,0.1,0.05,1.3,,3.24,0.02,0.02,0.2,0.08,0.06,1.0,0.0,85.6,7.35,,2.07,0.3,0.3,3.16,0.1,0.26,0.0
13111,"Pomme, sèche",247.0,0.32,0.052,,,,0.0,0.0,0.0,55.0,52.5,8.7,0.93,0.22,14.0,0.19,1.4,0.8,16.0,0.09,38.0,450.0,0.5,87.0,0.2,0.0,0.0,0.0,0.53,3.0,,3.9,0.0,0.16,0.93,0.25,0.13,0.0,0.0,31.8,,,,,,,,2.53,0.0
12042,Pont l'Évêque,326.0,26.2,18.2,4.23,0.36,0.11,0.01,0.01,84.7,0.0,0.2,0.0,22.7,1.3,660.0,0.03,0.07,30.0,24.0,0.02,430.0,110.0,20.0,520.0,2.8,191.0,113.0,0.25,0.23,1.82,,0.5,0.015,0.49,0.1,0.88,0.13,88.9,1.74,47.9,0.2,,0.2,0.2,0.2,0.2,0.0,0.0,0.0
9230,"Pop-corn ou maïs éclaté, à l'huile, salé",477.0,24.6,11.9,3.87,3.1,0.0,,,0.0,50.2,2.02,10.6,8.3,2.61,9.6,0.16,2.3,2.5,,0.8,180.0,182.0,6.15,1100.0,2.48,,,0.0,,,,,0.097,0.07,1.43,0.28,0.2,43.0,,3.33,,,,,,,,0.0,0.0
9232,"Pop-corn ou maïs éclaté, au caramel",421.0,9.83,3.8,,,,,,,73.2,35.9,6.8,6.53,0.08,,,,,,,,,,18.7,,,,,,,,,,,,,,,,2.0,,,,,,,,0.0,0.0
9231,"Pop-corn ou maïs éclaté, sans huile, non salé",419.0,12.3,4.57,4.65,2.06,0.26,0.0,0.0,3.3,59.7,0.6,12.8,11.0,0.02,7.0,0.26,3.19,2.5,144.0,1.11,358.0,329.0,,8.0,3.08,0.0,89.0,0.0,,1.2,,0.5,0.1,0.083,2.31,0.51,0.16,31.0,0.0,2.95,0.2,0.0,0.2,0.2,0.2,0.6,54.8,0.0,0.0
25207,"Porc au caramel, préemballé",136.0,5.4,1.58,1.97,1.29,0.06,0.01,0.01,29.0,11.4,7.9,0.7,10.0,1.34,9.9,0.04,0.49,20.0,12.0,0.11,94.0,160.0,20.0,536.0,1.1,21.0,64.5,0.25,,1.5,,0.5,0.19,0.034,1.93,0.31,0.094,9.1,0.27,70.7,1.8,,2.7,0.2,0.7,2.7,1.3,0.0,0.0
28470,"Porc, bardière découennée crue",744.0,80.6,28.7,,,,,,,0.1,0.1,0.0,4.51,0.1,,,,,,,,,,41.6,,,,,,,,,0.642,,,,,,,16.1,,,,,,,0.0,0.0,0.0
28104,"Porc, carré cru",146.0,5.94,2.4,2.36,0.46,0.021,,,47.0,0.4,0.0,0.0,22.7,0.094,,,0.57,,,,210.0,379.0,6.57,37.8,1.44,,0.0,0.2,0.22,0.0,,,0.76,0.13,,,0.59,0.0,0.33,70.3,,,,,,,0.0,0.0,0.0
28105,"Porc, carré cuit",206.0,7.45,3.03,2.82,0.53,0.025,,,76.3,0.6,0.0,0.0,34.1,0.097,,,0.89,,,,226.0,402.0,12.4,38.8,2.11,,0.0,0.4,0.1,0.0,,,0.89,0.18,,,0.29,0.0,0.43,57.5,,,,,,,0.0,0.0,0.0
28100,"Porc, côte crue",164.0,9.3,3.75,3.39,0.81,0.043,0.0,0.002,56.4,0.38,0.0,0.0,19.8,0.12,7.05,0.075,0.66,3.4,22.2,0.0088,463.0,350.0,40.0,49.2,2.31,3.0,0.0,0.6,0.22,0.0,3.22,0.0,0.71,0.18,4.99,0.82,0.41,0.0,0.35,69.5,0.0,,0.0,0.0,0.0,0.0,0.0,0.0,0.0
28101,"Porc, côte grillée/poêlée",211.0,10.3,4.11,3.72,0.95,0.24,0.01,0.01,82.4,0.0,0.0,0.0,29.6,0.14,7.3,0.06,0.7,20.0,29.0,0.01,260.0,470.0,20.0,57.0,2.4,21.0,,0.43,,0.8,,0.5,0.76,0.046,7.78,0.71,0.42,10.1,0.66,58.9,,,,,,,0.0,0.0,0.0
28302,"Porc, échine crue",238.0,18.8,5.4,,,,,,66.0,0.1,0.0,0.0,17.1,0.18,7.64,0.083,1.08,3.13,19.6,0.03,148.0,250.0,17.9,73.3,1.76,9.0,0.0,0.24,0.22,0.0,,,0.89,0.22,4.5,,,0.0,0.56,63.0,,,,,,,0.0,0.0,0.0
28451,"Porc, échine rôtie/cuite au four",295.0,21.2,,5.74,1.2,0.068,,,58.4,0.0,0.0,0.0,26.2,0.15,18.0,0.059,1.09,5.0,28.0,0.016,213.0,425.0,39.1,58.0,4.2,2.0,0.0,0.7,0.1,0.0,,0.6,0.71,0.24,5.65,0.78,0.38,1.0,0.88,51.5,,,,,,,0.0,0.0,0.0
28001,"Porc, épaule crue",178.0,11.2,4.41,4.47,1.02,0.054,0.0,0.003,60.5,0.38,0.0,0.0,18.9,0.12,13.5,0.078,0.65,1.0,18.0,0.011,191.0,335.0,9.25,50.0,2.59,3.5,0.0,1.25,,0.0,,0.7,0.84,0.24,4.18,0.87,0.42,5.0,0.49,69.6,0.0,,0.0,0.0,0.0,0.0,0.0,0.0,0.0
28010,"Porc, épaule cuite",253.0,14.8,5.56,5.76,1.2,0.059,0.0,0.0,104.0,0.0,0.0,0.0,30.0,0.12,18.0,0.12,1.58,,20.0,0.026,195.0,318.0,16.0,46.4,4.23,2.0,0.0,1.0,0.25,0.0,,0.6,0.71,0.3,4.26,0.65,0.34,5.0,0.58,54.7,,,,,,,0.0,0.0,0.0
28460,"Porc, escalope de jambon crue",129.0,4.76,1.97,1.15,0.44,0.022,0.0,0.0,53.9,0.0,0.0,0.0,21.5,0.12,6.39,0.08,0.6,,27.0,0.01,510.0,392.0,40.0,49.2,1.66,2.0,0.0,0.3,0.22,0.0,,0.0,0.82,0.18,6.39,0.66,0.51,0.0,0.28,74.4,,,,,,,0.0,0.0,0.0
28461,"Porc, escalope de jambon cuite",200.0,6.2,1.85,1.96,0.38,0.023,,,99.6,0.0,0.0,0.0,36.0,0.19,6.77,,0.87,,35.4,,313.0,512.0,13.2,76.5,2.33,,0.0,0.4,0.1,0.0,,,0.88,0.25,9.65,,0.34,0.0,1.12,,,,,,,,0.0,0.0,0.0
28202,"Porc, filet maigre, en rôti, cuit",198.0,9.39,,,,,,,83.5,0.0,0.0,0.0,28.3,0.15,5.5,0.09,1.29,5.0,32.5,0.013,281.0,436.0,38.2,61.0,2.69,2.0,0.0,0.5,0.08,0.0,,1.0,0.97,0.39,8.06,0.55,0.4,27.1,0.79,59.7,,,,,,,0.0,0.0,0.0
28204,"Porc, filet mignon cru",123.0,4.09,1.69,1.33,0.4,0.018,0.0024,0.0,33.3,0.4,0.0,0.0,21.2,0.11,8.99,0.089,0.82,,27.6,0.014,225.0,395.0,0.4,43.8,1.68,0.0,0.0,0.3,0.22,0.0,,0.0,0.95,0.21,6.6,0.84,0.5,0.0,0.31,74.9,,,,,,,0.0,0.0,0.0
28203,"Porc, filet mignon cuit",168.0,7.1,2.58,1.95,0.57,0.042,,,78.6,0.0,0.0,0.0,26.1,0.13,7.27,,1.1,,24.6,,219.0,344.0,10.1,50.4,1.98,,0.0,0.2,0.08,0.0,,,0.94,0.22,6.99,,0.32,0.0,1.02,,,,,,,,0.0,0.0,0.0
28471,"Porc, gorge découennée crue",475.0,47.5,16.0,,,,,,,0.14,0.14,0.0,11.6,0.17,,,,,,,,,,69.6,,,,,,,,,0.642,,,,,,,40.3,,,,,,,0.0,0.0,0.0
28472,"Porc, hachage sans jarret, sans bateau, découenné, dégraissé, désossé, cru",187.0,12.3,4.14,,,,,,,0.23,0.23,0.0,18.9,0.2,,,,,,,,,30.8,80.9,,,0.0,0.2,0.22,0.0,,,0.642,,,,,0.0,0.51,68.7,,,,,,,0.0,0.0,0.0
28473,"Porc, jambon sans jarret, sans bateau, découenné, dégraissé, désossé, cru",141.0,6.3,2.11,,,,,,,0.28,0.28,0.0,20.9,0.18,,,,,,,,,30.8,73.0,,,0.0,0.2,0.22,0.0,,,0.642,,,,,0.0,0.51,72.3,,,,,,,0.0,0.0,0.0
28474,"Porc, jambonneau arrière, découenné, dégraisssé, désossé, cru",148.0,7.31,2.4,,,,,,,0.28,0.28,0.0,20.2,0.22,,,,,,,,,29.5,87.6,,,,,,,,,0.642,,,,,5.0,0.84,72.2,,,,,,,0.0,0.0,0.0
28476,"Porc, maigre 80/20 cru",293.0,24.7,9.16,,,,,,,0.26,0.26,0.0,17.3,0.17,,,,,,,,,,69.4,,,,,,,,,0.642,,,,,,,60.1,,,,,,,0.0,0.0,0.0
28475,"Porc, maigre 90/10 cru",212.0,15.1,5.46,,,,,,,0.24,0.24,0.0,18.8,0.17,,,,,,,,,,68.8,,,,,,,,,0.642,,,,,,,64.6,,,,,,,0.0,0.0,0.0
28009,"Porc, palette crue",208.0,12.1,4.57,4.75,1.06,0.14,0.0058,0.0058,71.1,0.0,0.0,0.0,24.8,0.18,15.0,0.11,1.2,20.0,24.0,0.01,210.0,380.0,50.0,73.2,3.3,21.0,,0.5,,0.8,,,0.47,0.06,4.47,0.59,0.27,5.0,1.44,63.4,,,,,,,0.0,0.0,0.0
28477,"Porc, palette, découennée, dégraissée, désossée, crue",174.0,10.4,3.58,,,,,,,0.25,0.25,0.0,19.9,0.2,,,,,,,,,29.5,81.0,,,,,,,,,0.642,,,,,5.0,0.84,70.4,,,,,,,0.0,0.0,0.0
28002,"Porc, poitrine crue",253.0,20.5,7.89,7.63,1.8,0.11,0.0,,81.7,0.0,0.0,0.0,17.0,0.14,6.68,0.1,0.52,1.98,18.8,0.012,382.0,293.0,40.0,56.1,1.84,0.0,0.0,0.19,0.39,0.0,,0.0,0.59,0.15,4.65,0.6,0.35,1.67,0.37,59.8,0.0,,0.0,0.0,0.0,0.0,0.0,0.0,0.0
28479,"Porc, poitrine cutter, sans mouille, crue",323.0,28.7,10.2,,,,,,,0.22,0.22,0.0,15.9,0.18,,,,,,,,,8.0,73.0,,,0.0,,0.39,0.0,,,0.642,,,,,1.0,0.84,55.9,,,,,,,0.0,0.0,0.0
28300,"Porc, rôti cru",153.0,6.86,2.84,2.72,0.54,0.026,,,48.2,0.5,0.0,0.0,22.3,0.1,6.51,0.085,0.5,3.73,27.9,0.055,206.0,349.0,9.22,40.2,1.58,,0.0,0.7,0.08,0.2,0.9,0.0,0.74,0.15,8.59,,0.67,1.0,0.31,70.1,,,,,,,0.0,0.0,0.0
28301,"Porc, rôti cuit",163.0,4.31,1.32,1.29,0.25,0.013,0.0,0.0,65.5,0.65,0.0,0.0,30.5,0.081,6.97,0.054,0.64,3.1,32.6,0.0095,204.0,330.0,14.0,32.3,1.74,1.0,0.0,0.5,0.1,0.0,0.9,0.0,0.89,0.16,6.63,0.67,0.34,0.0,0.33,63.8,,,,,,,0.0,0.0,0.0
28480,"Porc, rôti filet avec chaînette, cru",146.0,6.2,2.21,,,,,,,0.37,0.37,0.0,22.3,0.16,,,,,,,,,30.3,63.7,,,0.0,0.3,0.22,0.0,,,0.642,,,,,0.0,0.52,70.4,,,,,,,0.0,0.0,0.0
28102,"Porc, rouelle de jambon crue",149.0,7.56,,,,,,,58.0,0.0,0.0,0.0,20.2,0.14,,,1.13,,,,180.0,366.0,10.3,56.3,1.93,,0.0,0.2,0.22,0.0,,,0.642,,,,,0.0,0.51,71.2,,,,,,,0.0,0.0,0.0
28103,"Porc, rouelle de jambon cuite",266.0,13.1,,,,,,,,0.0,0.0,0.0,36.9,0.18,,,1.7,,,,244.0,444.0,21.0,72.0,3.46,,0.0,0.4,0.1,0.0,,,0.672,,,,,0.0,0.55,48.6,,,,,,,0.0,0.0,0.0
28401,"Porc, travers braisé",332.0,26.6,10.8,12.2,2.1,0.17,0.0,0.0,98.1,0.0,0.0,0.0,23.1,0.12,30.4,0.11,1.2,5.0,18.0,0.1,149.0,226.0,5.0,48.8,3.0,4.0,0.0,0.5,0.34,0.0,,0.56,0.37,0.18,4.22,0.45,0.2,21.9,0.67,49.4,,,,,,,0.0,0.0,0.0
28400,"Porc, travers cru",237.0,18.0,7.16,6.78,1.6,0.091,0.0,0.0,33.3,0.6,0.0,0.0,18.0,0.12,8.49,0.08,0.6,0.8,19.6,0.01,428.0,330.0,40.0,48.3,2.1,0.0,0.0,2.3,0.37,0.0,,0.0,0.66,0.16,5.35,0.63,0.37,0.0,0.38,61.9,0.0,,0.0,0.0,0.0,0.0,0.0,0.0,0.0
28205,"Porc, viande, cuite (aliment moyen)",207.0,9.89,3.69,3.63,0.8,0.12,0.0045,0.0045,79.5,0.22,0.0,0.0,29.4,0.12,9.97,0.069,0.85,6.41,28.4,0.012,225.0,385.0,16.2,47.2,2.44,5.42,,0.5,,0.34,,0.25,0.78,0.14,6.73,0.67,0.36,7.14,0.57,59.2,,,,,,,0.0,0.0,0.0
25013,"Pot-au-feu, préemballé",77.5,2.02,0.82,1.14,0.048,0.0093,,0.01,28.8,3.2,1.5,1.5,10.9,0.32,23.5,0.15,1.69,6.0,16.2,0.069,,189.0,10.0,130.0,3.48,,718.0,,,,,,,,,,,4.6,,82.9,,,0.4,,0.2,0.7,1.7,0.0,0.0
4052,"Potatoes ou wedges ou quartiers de pommes de terre épicés, surgelées, à cuire",141.0,5.0,0.59,,,,0.0,0.0,,20.3,0.52,2.64,2.48,0.62,,,,,,,,,,,,,,,,,,,,,,,,,,,,,,,,,,0.0,0.0
4025,"Potatoes ou wedges ou quartiers de pommes de terre épicés, surgelées, cuites",175.0,5.8,0.64,2.04,2.61,0.08,0.01,0.01,0.7,25.3,0.0,3.4,3.25,0.76,17.0,0.13,0.7,20.0,24.0,0.13,84.0,550.0,20.0,302.0,0.43,21.0,18.0,0.5,,2.08,,1.08,0.091,0.01,0.1,0.6,0.14,24.3,,59.9,0.2,0.2,0.2,0.2,0.2,0.2,22.6,0.5,0.0
25071,Potée auvergnate (chou et porc),115.0,6.9,2.46,,0.49,0.05,,,28.0,4.85,1.23,2.1,7.28,0.72,30.5,0.09,1.05,4.0,14.3,0.15,78.0,221.0,2.4,293.0,0.6,0.0,587.0,0.0,0.5,,,10.5,0.18,0.09,1.23,0.31,0.16,19.9,0.2,77.6,0.44,,0.53,,0.3,0.26,3.62,0.0,0.0
20331,"Potimarron, chair sans peau, bouilli/cuit à l'eau",38.6,0.3,0.08,0.14,0.04,0.03,0.01,0.01,,6.88,3.5,1.8,1.06,0.013,18.0,0.08,0.19,20.0,8.5,0.06,27.0,330.0,20.0,5.0,0.24,0.0,5310.0,,,3.17,,8.65,0.015,0.01,0.74,0.29,0.06,,,88.9,1.1,0.2,1.3,0.2,0.2,1.1,1.2,0.5,0.0
20132,"Potimarron, chair sans peau, cru",22.1,0.28,0.027,0.002,0.018,0.033,0.0,0.0,0.0,3.1,1.69,1.7,0.95,0.074,18.5,0.029,0.38,0.43,7.13,0.038,31.6,342.0,3.35,29.7,0.11,0.0,,0.0,,,,9.86,0.03,0.02,0.2,0.4,0.05,,0.0,91.5,0.56,,0.69,,,0.44,1.41,,0.0
20357,"Potimarron, chair sans peau, cuit (aliment moyen)",38.6,0.3,0.08,0.14,0.04,0.03,0.01,0.01,,6.88,3.5,1.8,1.06,0.013,18.0,0.08,0.19,20.0,8.5,0.06,27.0,330.0,20.0,5.0,0.24,0.0,5310.0,,,3.17,,8.65,0.015,0.01,0.74,0.29,0.06,,,88.9,1.1,0.2,1.3,0.2,0.2,1.1,1.2,0.5,0.0
20291,"Potimarron, chair sans peau, cuit à l'étouffée",44.2,0.5,0.14,0.21,0.07,0.05,0.01,0.01,,7.05,4.5,3.3,1.31,0.013,18.0,0.08,0.24,20.0,10.0,0.05,33.0,430.0,20.0,5.0,0.27,0.0,1000.0,0.25,,1.56,,10.9,0.015,0.01,0.6,0.27,0.15,,,87.3,1.3,,1.6,0.2,0.2,1.6,2.3,0.5,0.0
20044,"Potiron, cru",20.1,0.1,0.051,,,,0.0,0.0,0.0,3.5,1.93,0.5,1.05,0.0025,20.5,0.074,0.85,,12.0,0.11,42.0,271.0,0.3,1.0,0.24,0.0,3350.0,0.0,1.06,1.1,,10.7,0.04,0.065,0.55,0.3,0.041,16.0,0.0,93.7,,,,,,,1.0,,0.0
20096,"Potiron, cuit",26.1,0.07,0.037,0.01,0.01,0.01,0.01,0.01,1.39,4.47,3.1,2.0,0.81,0.01,13.0,0.04,0.18,20.0,6.9,0.04,21.0,230.0,20.0,5.0,0.1,0.0,6020.0,0.25,0.8,0.8,,0.84,0.02,0.01,0.22,0.14,0.058,9.0,0.0,92.0,0.78,,0.58,0.2,0.2,1.74,0.6,,0.0
20332,"Potiron, rôti/cuit au four",28.2,0.3,0.01,0.01,0.01,0.01,0.01,0.01,,5.66,4.8,2.0,0.25,0.013,31.0,0.05,0.11,20.0,8.6,0.02,14.0,330.0,20.0,5.0,0.1,0.0,5860.0,,,0.8,,0.5,0.015,0.01,0.56,0.4,0.02,,,90.7,1.4,0.2,1.2,0.2,0.2,2.2,0.35,0.5,0.0
18101,"Poudre cacaotée ou au chocolat pour boisson, sucrée",379.0,3.29,2.16,0.95,0.11,0.0,0.0,0.0,0.0,75.6,67.9,10.5,6.65,0.21,116.0,0.069,13.0,16.6,166.0,0.041,244.0,605.0,2.2,85.0,0.7,0.0,,0.0,,,,1.0,0.07,0.23,0.5,0.041,0.02,23.0,0.0,1.67,0.2,,4.4,0.2,0.2,54.4,5.0,0.0,0.0
18168,"Poudre cacaotée ou au chocolat pour boisson, sucrée, enrichie en vitamines",386.0,2.04,1.3,,,,0.0,0.0,,85.0,82.7,5.3,4.29,0.31,36.0,,2.1,,71.0,,120.0,,,124.0,1.7,,,,,,,25.0,0.48,0.66,5.23,2.2,0.76,66.7,0.33,2.0,,,,,,,2.0,0.0,0.0
18167,"Poudre cacaotée ou au chocolat pour boisson, sucrée, enrichie en vitamines et minéraux",376.0,3.04,1.44,,,,0.0,0.0,,79.3,76.7,6.48,4.68,0.43,523.0,,2.1,,113.0,,120.0,,,169.0,,,,,9.0,,,49.2,0.52,0.7,8.61,1.61,0.93,122.0,0.25,,,,,,,,2.0,0.0,0.0
42501,Poudre cacaotée pour bébé,396.0,1.9,0.92,0.48,0.096,0.0061,0.0002,0.0002,1.38,85.0,44.5,2.2,8.5,0.044,32.2,0.31,6.26,20.0,47.4,0.77,120.0,326.0,2.05,17.6,0.83,179.0,10.0,7.93,,0.8,,29.5,0.72,0.06,7.89,1.12,0.3,117.0,0.14,1.2,0.2,,11.2,0.2,6.0,27.2,16.1,0.0,0.0
18102,"Poudre maltée, cacaotée ou au chocolat pour boisson, sucrée, enrichie en vitamines et minéraux",402.5,5.03,2.38,,,,0.0,0.0,1.0,79.4,78.5,,9.9,0.55,255.0,0.6,4.7,6.0,248.0,0.6,350.0,1100.0,,219.0,1.0,580.0,8.0,0.5,11.8,2.5,,48.0,0.98,1.57,16.8,6.02,1.84,219.0,2.0,2.25,0.5,,2.6,14.9,21.9,38.6,,0.0,0.0
36014,"Poule, cuisse crue",131.0,5.92,1.51,1.09,0.65,0.027,0.012,0.044,83.0,0.0,0.0,0.0,19.6,0.27,9.5,0.087,0.99,,21.5,0.018,182.0,234.0,14.4,108.0,2.07,24.0,0.0,0.0,0.33,2.65,,4.6,0.13,0.25,5.3,1.18,0.36,7.0,0.44,74.4,,,,,,,,0.0,0.0
36001,"Poule, viande crue",142.0,6.32,1.57,0.69,0.48,0.02,0.01,0.07,63.0,0.0,0.0,0.0,21.3,0.2,10.0,0.089,1.09,1.45,24.0,0.019,209.0,251.0,12.4,79.0,1.4,32.0,0.0,0.2,0.24,2.0,,3.3,0.15,0.21,7.48,1.09,0.44,7.0,0.38,72.5,0.0,,0.0,0.0,0.0,0.0,,0.0,0.0
36000,"Poule, viande et peau crues",255.0,20.3,5.71,5.49,3.04,0.15,0.01,0.05,71.0,0.4,0.0,0.0,17.6,0.18,10.0,0.074,1.04,1.57,20.0,0.019,172.0,204.0,8.0,71.0,1.19,52.0,0.0,,0.33,2.4,,0.0,0.11,0.17,6.26,0.92,0.33,6.0,0.32,61.8,0.0,,0.0,0.0,0.0,0.0,,0.0,0.0
25174,"Poulet au curry et au lait de coco, préemballé",125.0,6.9,3.03,1.86,1.3,0.05,0.01,0.01,37.3,4.07,1.9,1.1,10.6,1.07,18.0,0.05,0.51,20.0,18.0,0.12,110.0,210.0,20.0,427.0,0.44,21.3,412.0,0.5,,3.22,,2.51,0.032,0.01,4.08,0.62,0.17,17.5,0.15,75.2,0.48,,0.57,0.29,0.2,0.57,2.1,0.0,0.0
25190,"Poulet basquaise, préemballé",107.0,6.4,1.7,,,,,,,2.5,2.0,1.3,9.3,0.89,,,,,,,,,,355.0,,,,,,,,,,,,,,,,,,,,,,,,0.0,0.0
36007,"Poulet blanc, viande et peau crues",122.0,4.3,,,,,,,99.0,0.0,,0.0,20.8,0.2,9.73,0.11,0.65,4.1,25.1,0.02,138.0,250.0,7.26,78.3,1.07,,0.0,0.2,0.3,1.5,,,,,,,0.35,6.0,0.31,72.3,,,,,,,,0.0,0.0
36020,"Poulet éviscéré sans abats, cru",210.0,15.1,,,,,,,,0.0,,0.0,18.6,0.18,11.0,,0.9,,20.0,,147.0,189.0,14.4,70.0,,,0.0,0.2,0.3,1.5,,1.6,0.06,0.12,6.8,,0.35,6.0,0.31,,,,,,,,,0.0,0.0
36008,"Poulet fermier, viande et peau crues",120.0,3.5,2.3,,,,,,,0.0,0.0,0.0,22.0,0.21,10.2,0.13,0.78,4.1,24.9,0.02,142.0,267.0,8.95,90.7,1.27,,0.0,0.2,0.3,1.5,,,,,,,0.35,6.0,0.31,70.8,,,,,,,,0.0,0.0
36023,"Poulet, aile, viande et peau crues",181.0,11.0,3.04,3.94,2.29,0.17,0.01,0.01,114.0,0.0,0.0,0.0,20.4,0.22,16.0,0.03,0.54,20.0,17.0,0.01,140.0,230.0,20.0,86.1,1.1,39.6,0.0,0.25,0.64,0.8,,0.5,0.017,0.054,9.62,1.01,0.36,39.7,1.73,66.9,,,,,,,0.0,0.0,0.0
36033,"Poulet, aile, viande et peau rôties/cuites au four",247.0,16.9,4.98,6.38,3.18,0.16,0.004,0.006,141.0,0.0,0.0,0.0,23.8,0.25,18.0,0.041,0.84,,19.0,0.011,147.0,212.0,25.5,98.0,1.64,12.0,0.0,0.2,0.69,0.3,,0.0,0.065,0.15,6.32,0.86,0.56,9.0,0.35,59.4,,,,,,,,0.0,0.0
36030,"Poulet, cuisse, viande bouillie/cuite à l'eau",188.0,9.52,,,,,,,133.0,0.7,0.0,0.0,24.8,0.23,5.8,0.1,1.2,3.0,26.2,0.1,164.0,262.0,17.1,90.0,2.4,10.0,0.0,0.5,0.27,3.55,,2.2,0.059,0.15,4.9,0.64,0.2,7.5,0.49,64.3,,,,,,,,0.0,0.0
36024,"Poulet, cuisse, viande crue",114.0,4.05,1.03,1.02,0.62,0.025,0.008,0.028,81.0,0.0,0.0,0.0,19.3,0.23,10.3,0.061,0.99,2.0,22.3,0.019,173.0,229.0,22.9,92.0,1.8,16.7,0.0,0.0,0.18,2.53,34.3,3.1,0.079,0.18,5.9,1.2,0.35,7.67,0.42,76.0,,,,,,,,0.0,0.0
36031,"Poulet, cuisse, viande et peau bouillie/cuite à l'eau",187.0,9.1,2.64,3.25,1.6,0.15,0.01,0.01,127.0,0.55,0.2,0.0,26.1,0.18,15.0,0.09,0.96,20.0,23.0,0.02,180.0,250.0,20.0,73.0,2.3,21.0,5.0,0.25,0.27,0.8,,0.5,0.059,0.092,4.36,1.22,0.17,16.3,0.39,64.1,0.2,,0.2,0.2,0.2,0.2,0.35,0.0,0.0
36002,"Poulet, cuisse, viande et peau crue",192.0,13.5,3.85,5.05,2.56,0.22,0.01,0.01,92.5,0.0,0.0,0.0,17.3,0.22,6.7,0.05,0.68,20.0,21.0,0.01,170.0,280.0,20.0,86.0,1.4,33.6,0.0,0.25,0.21,2.27,,3.26,0.09,0.058,4.35,1.29,0.18,12.9,0.4,69.2,0.2,,0.2,0.2,0.2,0.2,0.0,0.0,0.0
36037,"Poulet, cuisse, viande et peau crues bio",193.0,13.3,3.82,4.03,3.47,0.32,0.01,0.02,88.0,0.0,0.0,0.0,18.1,0.19,6.6,0.06,0.92,20.0,21.0,0.01,180.0,300.0,50.0,77.0,1.5,38.2,0.0,0.46,0.21,2.1,,1.39,0.067,0.12,4.55,1.76,0.19,5.17,0.56,68.3,0.2,,0.2,0.2,0.2,0.2,,0.0,0.0
36038,"Poulet, cuisse, viande et peau crues label rouge",173.0,10.6,3.03,3.81,2.2,0.1,0.01,0.01,85.1,0.0,0.0,0.0,19.1,0.21,6.1,0.07,1.0,20.0,23.0,0.02,200.0,330.0,20.0,84.0,1.8,34.0,0.0,0.73,0.21,2.1,,1.09,0.08,0.095,5.1,1.62,0.19,6.04,0.48,69.9,0.2,,0.2,0.2,0.2,0.2,,0.0,0.0
36004,"Poulet, cuisse, viande et peau rôtie/cuite au four",205.0,11.3,4.44,2.72,1.41,0.15,0.01,0.023,122.0,0.0,0.0,0.0,25.9,0.23,14.6,0.063,1.2,5.0,25.1,0.015,200.0,324.0,17.3,91.0,2.16,8.5,0.0,0.5,0.19,3.55,,3.0,0.059,0.18,6.35,0.88,0.28,5.33,0.42,62.2,,,,,,,,0.0,0.0
36006,"Poulet, cuisse, viande rôtie/cuite au four",171.0,8.03,2.2,2.22,1.16,0.048,0.007,0.023,112.0,0.0,0.0,0.0,24.8,0.26,11.6,0.07,1.2,,22.6,0.018,197.0,252.0,29.0,104.0,2.3,11.8,0.0,0.13,0.18,3.73,,0.0,0.084,0.21,6.03,1.17,0.39,5.8,0.36,66.9,,,,,,,,0.0,0.0
36017,"Poulet, filet sans peau cru",110.0,1.5,0.44,0.5,0.26,0.02,0.01,0.01,66.0,0.0,0.0,0.0,23.4,0.11,3.3,0.03,0.33,20.0,32.0,0.01,240.0,390.0,20.0,43.0,0.52,21.0,0.0,0.25,0.56,1.3,8.9,4.89,0.12,0.052,10.7,1.69,0.41,14.6,0.17,75.1,0.2,,0.2,0.2,0.2,0.2,0.0,0.0,0.0
36039,"Poulet, filet sans peau cru, bio",118.0,1.8,0.54,0.51,0.4,0.03,0.01,0.01,72.4,0.0,0.0,0.0,24.6,0.095,3.6,0.03,0.32,20.0,29.0,0.01,220.0,350.0,20.0,38.0,0.51,21.0,0.0,0.32,0.56,0.0,,0.99,0.032,0.02,12.6,1.36,0.39,14.0,0.25,74.1,0.2,,0.2,0.2,0.2,0.2,,0.0,0.0
36040,"Poulet, filet sans peau cru, label rouge",113.0,1.0,0.3,0.34,0.18,0.01,0.01,0.01,53.1,0.0,0.0,0.0,25.2,0.1,3.6,0.02,0.3,20.0,30.0,0.01,230.0,370.0,20.0,40.0,0.54,21.0,0.0,0.25,0.56,0.0,,1.12,0.058,0.022,12.7,1.12,0.37,12.0,0.21,73.8,0.2,,0.2,0.2,0.2,0.2,,0.0,0.0
36018,"Poulet, filet sans peau grillé/poêlé",141.0,2.0,0.58,0.66,0.37,0.03,0.01,0.01,85.9,0.0,0.0,0.0,30.1,0.14,4.7,0.03,0.39,20.0,37.0,0.01,270.0,440.0,20.0,56.0,0.72,21.0,0.0,0.25,0.27,0.8,,1.43,0.087,0.049,11.8,1.74,0.19,9.55,0.18,67.5,0.2,,0.2,0.2,0.2,0.2,,0.0,0.0
36041,"Poulet, filet sans peau grillé/poêlé, bio",144.0,1.8,0.62,0.55,0.35,0.02,0.01,0.01,66.9,0.0,0.0,0.0,31.1,0.12,4.5,0.03,0.36,20.0,34.0,0.01,270.0,420.0,20.0,46.0,0.64,21.0,0.0,0.43,0.54,0.0,,0.5,0.035,0.051,14.0,1.51,0.2,8.97,0.19,67.5,0.2,,0.2,0.2,0.2,0.2,,0.0,0.0
36019,"Poulet, haut de cuisse, viande crue",116.0,4.12,1.1,1.25,0.74,0.03,0.002,0.007,94.0,0.0,0.0,0.0,19.7,0.24,7.0,0.062,0.81,,23.0,0.013,185.0,242.0,22.9,95.0,1.58,7.0,0.0,0.0,0.18,2.9,,0.0,0.088,0.2,5.56,1.23,0.45,4.0,0.61,76.2,,,,,,,,0.0,0.0
36035,"Poulet, manchons marinés, préemballés, rôtis/cuits au four",213.0,12.6,3.16,3.75,,0.17,0.0047,,108.0,2.1,0.6,0.9,22.4,1.69,34.1,1.0,1.1,41.0,18.4,1.0,168.0,,5.7,674.0,1.5,2.0,62.0,0.4,0.69,0.3,,1.4,0.05,0.05,6.3,0.77,0.15,5.0,1.8,60.2,,,,,,,1.5,0.0,0.0
36022,"Poulet, pilon cru",155.0,9.2,2.46,3.09,1.67,0.077,0.003,0.007,92.0,0.0,0.0,0.0,18.1,0.27,8.0,0.062,0.71,,18.0,0.014,163.0,211.0,21.8,106.0,1.86,14.0,0.0,0.1,0.18,2.5,,0.0,0.083,0.2,4.84,1.03,0.35,3.0,0.53,72.5,,,,,,,,0.0,0.0
36029,"Poulet, poitrine, viande et peau crues",167.0,9.25,2.66,2.42,1.33,0.061,0.01,0.02,64.0,0.0,0.0,0.0,20.9,0.16,11.0,0.039,0.74,,25.0,0.018,174.0,220.0,16.6,63.0,0.8,24.0,0.0,0.4,0.27,0.0,,0.0,0.063,0.085,9.91,0.8,0.53,4.0,0.34,69.5,,,,,,,,0.0,0.0
36032,"Poulet, poitrine, viande et peau rôties/cuites au four",189.0,7.78,2.19,,,,0.01,0.03,84.0,0.0,0.0,0.0,29.8,0.18,14.0,0.05,1.07,,27.0,0.018,214.0,245.0,24.7,71.0,1.02,28.0,0.0,0.1,0.27,0.3,,0.0,0.066,0.12,12.7,0.94,0.56,4.0,0.32,62.4,,,,,,,,0.0,0.0
36003,"Poulet, viande crue",109.0,2.89,0.73,0.87,0.59,0.099,0.0046,0.014,67.5,0.0,0.0,0.0,20.9,0.19,11.0,0.052,0.96,1.2,24.0,0.019,186.0,234.0,12.4,76.0,1.37,14.5,0.0,0.1,0.21,2.1,,2.3,0.071,0.14,8.06,1.05,0.43,7.0,0.37,75.2,0.0,,0.0,0.0,0.0,0.0,,0.0,0.0
36016,"Poulet, viande et peau crues",173.0,9.54,2.46,0.75,0.23,0.033,0.007,0.018,77.5,0.3,0.0,0.0,21.5,0.15,7.5,0.25,3.41,3.18,24.5,0.035,202.0,263.0,10.0,60.0,1.5,26.0,0.0,0.2,0.3,1.5,,1.6,0.17,0.82,6.68,0.91,0.71,6.0,2.21,68.4,0.0,,0.0,0.0,0.0,0.0,0.0,0.0,0.0
36005,"Poulet, viande et peau rôties/cuites au four",204.0,9.88,3.08,3.44,1.93,0.16,0.01,0.035,117.0,0.0,0.0,0.0,28.9,0.4,19.4,0.05,0.68,5.0,39.6,0.013,181.0,414.0,5.66,160.0,1.27,48.0,0.0,1.5,0.27,2.4,,0.0,0.06,0.16,8.55,0.97,0.32,5.0,0.52,59.7,,,,,,,,0.0,0.0
12839,Pouligny Saint-Pierre (fromage de chèvre),286.0,23.5,16.7,4.34,,0.12,,,99.7,1.38,0.0,0.0,17.6,1.43,100.0,0.1,0.33,30.0,14.8,,189.0,,14.0,432.0,0.53,155.0,54.0,0.5,0.18,1.8,,,0.04,0.86,1.8,1.24,0.17,108.0,0.19,52.7,0.2,,0.2,0.2,0.2,0.2,0.0,0.0,0.0
10018,"Poulpe, cru",60.1,0.5,0.16,0.019,0.0012,0.0006,0.04,0.081,101.0,0.97,0.0,0.0,12.9,0.68,50.1,0.61,2.32,20.3,33.0,0.11,166.0,265.0,38.0,271.0,2.36,20.0,0.0,0.5,1.2,0.1,,5.0,0.048,0.059,3.2,0.5,0.36,14.0,15.0,85.4,0.2,,0.2,0.2,0.2,0.2,0.2,0.0,0.0
10079,"Poulpe, cuit",156.0,2.08,0.45,,,,0.15,0.16,96.0,4.4,0.0,0.0,29.8,1.15,106.0,0.74,9.54,,60.0,0.047,279.0,630.0,89.6,460.0,3.36,,0.0,0.0,1.2,0.1,,8.0,0.057,0.076,3.78,0.9,0.65,24.0,36.0,60.5,,,,,,,0.0,0.0,0.0
20127,"Pourpier, feuille, cru",11.4,0.36,,,,,0.0,0.0,0.0,,,,2.03,0.11,65.0,0.11,1.99,0.4,68.0,0.3,44.0,494.0,,45.0,0.17,0.0,,0.0,,,,21.0,0.047,0.11,0.48,0.036,0.073,,0.0,92.9,,,,,,,0.1,,0.0
31052,Praline,483.0,19.7,1.5,,,,,0.0,,67.7,66.3,,8.7,0.0009,,,,,,,,,,,,,,,,,,,,,,,,,,,,,,,,,,0.0,0.0
25509,"Préparation à base de fromage(s) pour fondue savoyarde, préemballée",237.0,17.1,11.8,3.93,0.29,0.13,,,73.6,3.4,0.61,0.2,14.9,1.28,475.0,0.3,0.3,10.0,21.7,0.1,400.0,73.0,5.0,575.0,2.0,126.0,,0.5,0.35,,,0.0,0.04,0.21,0.08,0.12,0.065,16.0,0.83,57.4,,,,,,,,0.0,1.55
31129,"Préparation aux fruits divers (35% de fruits min, sucres et autre(s) ingrédient(s))",204.0,0.75,0.089,,,,0.0,0.0,0.0,47.4,45.0,2.8,0.81,0.028,,,,,,,,,,9.0,,0.0,,,,,,,,,,,,,,,,,,,,,,0.0,0.0
11214,"Préparation culinaire à base de soja, type ""crème de soja""",152.0,14.7,1.65,4.63,7.15,0.31,0.01,0.01,,2.03,1.6,,3.25,0.063,16.0,0.11,0.47,20.0,19.0,0.18,62.0,130.0,20.0,25.0,0.37,0.0,5.0,0.25,,6.28,,,0.02,0.01,0.1,0.14,0.048,16.5,,78.5,0.2,,0.2,0.2,0.2,1.6,0.35,0.5,0.0
31082,Préparation de fruits divers (en taux de sucres : confitures allégées en sucres < préparations de fruits < confitures),195.0,0.17,0.036,,,,0.0,0.0,0.0,47.3,46.2,1.94,0.48,0.032,,,,,,,,,,4.8,,0.0,,,,,,,,,,,,,,52.9,16.0,,16.8,0.2,0.2,9.9,,0.0,0.0
20267,"Printanière ou jardinière de légumes, surgelée, crue (petits pois, pommes de terre, haricots verts, carottes, oignon)",51.3,0.078,0.0,,,,0.0,0.0,0.0,8.48,2.62,3.62,2.4,0.042,,,,,,,,,,16.7,,0.0,,,,,,16.0,,,,,,,,85.7,0.55,,0.58,,0.3,1.49,,,0.0
23472,Profiterole avec glace vanille et sauce chocolat,286.0,14.9,8.39,3.93,1.21,0.06,0.01,0.01,115.0,31.4,19.0,1.6,5.38,0.24,82.7,0.4,1.0,30.0,31.2,0.1,48.0,261.0,6.0,97.0,0.3,125.0,25.0,0.65,,,,0.5,0.041,0.21,0.31,0.6,0.15,20.0,0.4,48.3,0.56,0.1,0.95,2.97,1.08,13.4,12.4,0.0,0.15
23474,"Profiteroles (crème pâtissière et sauce chocolat), rayon frais",251.0,11.4,7.78,,0.31,0.01,,,,31.1,19.0,2.0,5.06,0.26,,,,,,,,,,120.0,,,,,,,,,,,,,,,,48.8,0.3,,1.67,1.94,1.31,14.1,,0.0,0.0
20591,"Protéine de soja texturée, réhydratée",150.0,2.9,0.47,0.6,1.42,0.21,0.01,0.01,,7.03,3.65,5.61,18.6,0.013,90.0,0.69,3.3,20.0,100.0,1.3,260.0,820.0,20.0,5.0,2.1,,5.0,0.25,,5.7,,0.5,0.062,0.018,0.77,0.73,0.21,52.7,,62.8,0.1,0.1,0.78,0.1,0.1,2.87,0.35,0.0,0.0
12716,Provolone,340.0,26.6,17.1,,,,0.0,0.0,69.0,0.0,0.0,0.0,25.6,2.19,756.0,0.026,0.52,,28.0,0.01,496.0,138.0,14.5,876.0,3.23,230.0,68.0,0.5,0.23,2.2,,0.0,0.019,0.32,0.16,0.48,0.073,10.0,1.46,41.0,,,,,,,0.0,0.0,0.0
13438,"Prune de cythère, chair et peau, avec pépins, mûre, crue, prélevée à la Martinique",2.4,0.03,,,,,0.0,0.0,0.0,,,,0.54,,,,,,,,,,,,,0.0,,,,,,20.0,,,,,,,,86.5,,,,,,,3.6,,0.0
13439,"Prune de cythère, chair et peau, avec pépins, verte ou immature, crue, prélevée à la Martinique",3.0,0.07,,,,,0.0,0.0,0.0,,,,0.6,,,,,,,,,,,,,0.0,,,,,,23.9,,,,,,,,89.6,,,,,,,3.0,,0.0
13027,"Prune mirabelle, sans noyau, crue",74.6,0.5,0.01,0.01,0.01,0.01,0.01,0.01,0.0,18.0,13.3,2.2,0.63,0.013,11.0,0.08,0.13,20.0,8.2,0.07,21.0,240.0,20.0,5.0,0.11,0.0,346.0,0.0,0.26,1.82,,5.29,,0.015,0.1,0.27,0.074,5.0,0.0,78.1,2.2,,3.8,0.2,0.2,7.3,0.35,2.7,0.0
13041,"Prune Reine-Claude, sans noyau, crue",69.0,0.5,0.01,0.01,0.01,0.01,0.01,0.01,0.22,16.4,10.4,1.7,0.94,0.013,13.0,0.1,0.16,20.0,9.5,0.08,20.0,250.0,20.0,5.0,0.12,0.0,430.0,0.0,0.26,0.8,,4.16,0.015,0.01,0.23,0.25,0.049,5.0,0.0,80.1,1.8,,4.0,0.2,0.2,4.6,0.35,2.3,0.0
13583,"Prune violette, sans noyau, crue",46.4,0.1,,,,,0.0,0.0,0.0,9.6,9.6,1.94,0.8,0.002,,,,,,,,,0.0,,,0.0,190.0,0.0,0.26,6.4,,,,,,,,5.0,0.0,86.0,,,,,,,,,0.0
13100,"Prune, sans noyau, crue",51.6,0.28,0.017,0.017,0.029,0.015,0.0,0.0,0.0,9.92,9.92,1.4,0.7,0.0,6.0,0.057,0.17,0.27,7.0,0.052,16.0,157.0,0.057,0.0,0.1,0.0,190.0,0.0,0.26,6.4,,9.5,0.028,0.026,0.42,0.14,0.029,5.0,0.0,87.2,3.07,,5.07,0.0,0.08,1.57,0.0,,0.0
13119,"Pruneau, sans noyau, cuit",7.1,0.24,0.02,,,,0.0,0.0,0.0,,,,1.23,0.005,24.0,0.2,1.17,,21.0,0.1,37.0,353.0,0.1,2.0,0.25,0.0,173.0,0.0,0.19,26.1,,0.0,0.046,0.03,0.99,0.11,0.19,0.0,0.0,68.0,,,,,,,,,0.0
13042,"Pruneau, sans noyau, sec",229.0,0.4,0.16,0.14,0.05,0.01,0.01,0.01,0.0,55.4,38.1,5.1,1.63,0.013,50.0,0.23,0.38,1.1,30.0,0.25,66.0,610.0,20.0,5.0,0.28,0.0,394.0,0.25,0.43,12.8,,0.5,0.029,0.034,0.43,0.38,0.25,4.0,0.0,34.9,15.0,0.1,22.8,0.1,0.11,0.2,0.35,9.6,0.0
13210,"Purée de fruits, tout type de fruits, type ""compote sans sucres ajoutés"", préemballée, rayon frais",58.7,0.29,0.064,,,,0.0,0.0,0.0,12.7,11.5,2.02,0.43,0.0039,,,,,,,,,,1.84,,0.0,,,,,,12.0,,,,,,,,,,,,,,,,,0.0
13153,"Purée de fruits, tout type de fruits, type ""compote sans sucres ajoutés"", rayon ambiant",56.4,0.3,0.01,0.01,0.01,0.01,0.01,0.01,0.0,13.3,11.3,1.7,0.25,0.013,6.2,0.05,0.05,20.0,6.0,0.06,11.0,140.0,20.0,5.0,0.05,21.0,31.0,0.25,,0.8,,16.7,0.015,0.01,0.18,0.11,0.01,,,84.2,7.2,0.2,3.0,0.2,0.2,1.1,0.35,0.6,0.0
13214,"Purée de fruits, tout type de fruits, type ""compote sans sucres ajoutés"", sans précision sur le rayon (aliment moyen)",56.4,0.15,0.005,0.01,0.01,0.01,0.01,0.01,0.0,13.3,11.3,1.7,0.25,0.0063,6.2,0.05,0.025,20.0,6.0,0.06,11.0,140.0,20.0,2.5,0.05,21.0,31.0,0.25,,0.8,,16.7,0.015,0.01,0.18,0.11,0.005,,,84.2,7.2,0.2,3.0,0.2,0.2,1.1,0.35,0.6,0.0
15015,"Purée de marrons, appertisée",102.0,,,,,,0.0,0.0,0.0,22.8,,,2.28,0.0026,14.9,0.15,,0.1,16.1,0.93,0.0,250.0,10.2,1.03,0.26,0.0,0.0,,,,,,,,0.5,,,,,74.4,,,,,,,22.8,,0.0
4047,Purée de pomme de terre (aliment moyen),96.8,3.7,1.84,,,,0.0,0.0,4.9,13.0,1.54,1.64,2.1,0.37,35.4,0.049,0.26,,15.5,0.086,51.7,238.0,,140.0,0.24,24.4,13.1,0.17,,,,5.98,0.077,0.065,0.97,0.32,0.16,6.68,0.089,78.7,0.18,,0.2,,0.075,0.15,10.8,0.0,0.0
4019,"Purée de pomme de terre, à base de flocons, reconstituée avec lait demi-écrémé et eau, non salée",68.5,0.53,0.35,0.17,0.012,0.0038,0.0,0.0,1.52,12.4,1.75,1.8,2.63,0.23,36.5,0.062,0.39,5.15,15.0,0.082,57.3,270.0,0.96,91.5,0.31,5.77,3.0,0.0,0.13,,,3.2,0.033,0.091,1.06,0.28,0.16,4.7,0.091,82.8,,,,,,,10.7,0.0,0.0
4017,"Purée de pomme de terre, à base de flocons, reconstituée avec lait entier et matière grasse",107.0,5.18,1.87,,,,0.0,0.0,6.67,12.6,1.68,1.47,1.92,0.56,38.7,0.025,0.19,,16.3,0.11,52.3,184.0,,223.0,0.2,45.3,30.7,0.3,,3.9,0.2,8.63,0.11,0.062,0.77,0.2,0.089,7.33,0.11,77.8,0.15,0.0,0.14,1.13,0.075,0.15,8.49,0.0,0.0
4040,"Purée de pomme de terre, avec lait et beurre, salée",117.0,6.7,3.7,,0.05,0.02,0.0,0.0,,11.3,1.28,1.79,1.98,0.6,,,,,,,,,,200.0,,,,,,,,,,,,,,,,77.0,0.3,,0.3,,0.3,0.3,,0.0,0.0
4018,"Purée de pomme de terre, avec lait et beurre, sans sel ajouté",94.8,2.4,1.46,,,,0.0,0.0,6.5,15.7,1.46,1.5,1.89,0.11,31.1,0.061,0.21,5.0,15.2,0.066,45.5,260.0,10.0,44.9,0.22,22.0,5.5,0.2,,1.9,0.1,6.1,0.088,0.041,1.1,0.48,0.23,8.0,0.07,77.0,0.25,0.0,0.3,0.74,0.0,0.16,13.2,0.0,0.0
13187,"Purée de pommes, type ""compote sans sucres ajoutés"", rayon ambiant",56.4,0.28,0.082,,,,0.0,0.0,0.0,11.6,11.6,1.7,1.13,0.013,4.3,0.04,0.1,,4.2,0.03,9.5,110.0,20.0,5.0,0.05,0.0,19.9,0.25,0.16,0.8,,9.86,0.015,0.01,0.1,0.085,0.035,3.0,0.0,85.1,7.16,0.1,2.76,0.1,0.1,1.67,,0.0,0.0
11056,"Quatre épices, poudre",348.0,8.69,2.55,,,,0.0,0.0,0.0,50.5,,21.6,6.09,0.19,661.0,0.55,7.06,,135.0,2.94,113.0,1040.0,,77.0,1.01,0.0,,0.0,,,,39.2,0.1,0.063,2.86,,0.21,,0.0,8.46,,,,,,,,0.0,0.0
23080,"Quatre-quarts (beurre, oeufs, sucre, farine), artisanal",440.0,25.6,15.8,5.64,0.82,0.15,0.01,0.02,178.0,46.0,26.8,1.1,5.94,0.52,23.0,0.05,0.68,20.0,9.4,0.15,160.0,94.0,20.0,206.0,0.52,238.0,112.0,0.25,,1.54,,48.0,0.026,0.16,0.1,0.52,0.021,23.4,0.24,20.5,0.15,0.1,0.23,0.12,0.13,26.2,17.7,0.0,0.0
23081,"Quatre-quarts (beurre, oeufs, sucre, farine), préemballé",434.0,23.9,15.2,4.96,0.76,0.13,0.01,0.02,164.0,48.2,26.4,1.1,5.94,1.07,19.0,0.06,0.74,20.0,10.0,0.2,190.0,92.0,20.0,426.0,0.51,220.0,139.0,0.25,,2.23,,0.5,0.039,0.096,0.37,0.66,0.016,9.28,0.31,19.4,0.1,0.1,0.33,0.1,0.27,25.8,17.2,0.0,0.0
20338,"Quenelle au tofu (ne convient pas aux véganes ou végétaliens), préemballée",133.0,7.2,1.13,1.73,3.47,0.4,0.01,0.01,3.28,4.97,0.97,3.0,11.0,1.01,120.0,0.22,1.4,20.0,41.0,0.58,130.0,130.0,20.0,405.0,1.0,21.0,289.0,0.5,,20.4,,0.5,0.027,0.1,0.15,0.2,0.038,28.3,0.01,73.3,0.1,0.1,0.31,0.1,0.1,0.66,2.8,0.0,0.0
8932,"Quenelle de poisson en sauce, appertisée",135.0,8.51,3.95,,0.57,0.053,0.0,,,10.5,0.97,0.72,3.79,1.11,,,,,,,,,,433.0,,,,,,,,,,,,,,,,,0.3,,0.3,,0.23,0.3,,0.0,0.0
8933,"Quenelle de poisson, à cuire",245.0,12.7,8.2,,0.79,0.25,0.012,0.012,50.1,23.6,1.9,2.15,8.1,0.95,27.7,0.09,0.84,,11.9,0.13,71.1,98.8,,370.0,0.82,,,,,,,,,,,,,,,52.3,0.3,,0.3,,0.58,0.27,,0.0,0.0
8903,"Quenelle de veau en sauce, appertisée",169.0,10.3,4.56,,,,0.0,,,14.8,0.94,1.39,3.52,1.17,,,,,,,,,,457.0,,,,,,,,,,,,,,,,68.8,,,,,,,,0.0,0.0
8912,"Quenelle de volaille en sauce, appertisée",138.0,8.92,4.95,,,,0.0,,,10.3,1.92,1.2,3.55,1.1,,,,,,,,,,432.0,,,,,,,,,,,,,,,,,,,,,,,,0.0,0.0
8910,"Quenelle de volaille, à cuire",189.0,10.1,1.5,,,,0.0,,,14.7,1.2,1.1,9.37,0.74,,,,,,,,,,295.0,,,,,,,,,,,,,,,,,,,,,,,,0.0,0.0
8937,"Quenelle nature, à cuire",226.0,15.1,3.95,5.83,2.0,0.67,0.006,0.023,116.0,14.7,0.66,1.1,6.88,0.88,31.1,0.061,0.82,13.0,12.4,0.16,90.7,100.0,11.1,353.0,0.57,62.9,30.0,0.0,,5.5,3.35,2.0,0.04,0.12,0.2,0.44,0.04,,0.1,60.6,0.1,,0.1,0.32,0.34,0.1,14.0,0.01,0.0
25405,"Quiche lorraine, préemballée",269.0,16.4,9.19,4.73,1.3,0.09,0.0033,0.013,95.4,21.5,2.0,1.39,8.39,1.01,116.0,0.047,0.63,31.0,17.8,0.097,145.0,164.0,10.0,500.0,0.8,52.3,,1.21,1.55,,,0.71,0.12,0.16,0.47,,0.095,17.1,0.3,53.7,0.12,,0.19,1.27,0.3,0.12,,0.0,0.0
9341,"Quinoa, bouilli/cuit à l'eau, sans sel ajouté",149.0,1.1,0.14,0.28,0.49,0.07,0.01,0.01,0.0,27.9,0.87,3.8,4.66,0.015,23.0,0.21,1.6,,71.0,0.7,180.0,220.0,20.0,6.0,1.2,0.0,5.0,0.0,0.63,0.8,,0.0,0.14,0.014,0.2,0.61,0.089,42.0,0.0,61.6,0.1,0.1,0.1,0.1,0.1,0.87,24.3,0.0,0.0
9340,"Quinoa, cru",358.0,6.07,0.71,1.53,2.21,0.13,0.0,0.0,0.0,58.1,,7.0,13.2,0.013,47.0,0.59,4.57,,197.0,2.03,457.0,563.0,,5.0,3.1,0.0,8.0,0.0,,0.0,1.1,,0.36,0.32,1.52,0.77,0.49,,0.0,13.3,,,,,,,52.2,0.0,0.0
12749,Raclette (fromage),342.0,27.5,18.5,5.3,0.43,0.14,0.02,0.01,99.6,0.0,0.0,0.0,23.4,1.69,658.0,0.06,,20.0,24.5,0.1,460.0,75.9,8.0,676.0,3.0,183.0,,,0.51,,,,,,,,,51.0,,44.7,0.1,0.1,0.1,0.1,0.1,0.1,0.0,0.0,0.0
12765,Raclette (fromage) fumée,345.0,27.7,18.7,,,,,,,0.5,0.17,0.0,24.1,1.65,640.0,,,,,,,,14.5,,,,33.0,0.6,0.28,2.7,,,,,,,,10.0,1.6,,,,,,,,0.0,0.0,0.0
12766,"Raclette (fromage), au poivre",350.0,28.0,18.6,,,,,,,0.5,0.0001,0.0,24.5,1.66,600.0,,,,,,,,14.5,,,,33.0,0.6,0.28,2.7,,,,,,,,10.0,1.6,,,,,,,,0.0,0.0,0.0
12776,Raclette de Savoie (fromage),357.0,29.1,20.2,5.55,0.38,0.17,0.021,0.014,,0.0,0.2,3.0,24.1,1.52,737.0,,,,,,,,14.5,607.0,,,33.0,0.6,0.28,2.7,,,,,,,,10.0,1.6,42.4,0.2,,0.2,0.2,0.2,0.2,0.0,0.0,0.0
20089,"Radis noir, cru",28.2,0.3,0.01,0.01,0.01,0.01,0.01,0.01,0.0,5.52,4.3,1.2,0.94,0.058,39.0,0.01,0.23,20.0,10.0,0.06,32.0,300.0,20.0,23.0,0.15,0.0,5.0,0.0,0.0,0.8,,9.58,0.021,0.016,0.23,0.14,0.077,25.0,0.0,91.4,1.4,0.2,2.6,0.2,0.2,0.3,0.35,0.5,0.0
20045,"Radis rouge, cru",11.0,0.5,0.01,0.01,0.01,0.01,0.01,0.01,0.0,1.53,1.1,1.4,0.94,0.04,15.0,0.01,0.4,20.0,6.2,0.04,20.0,250.0,20.0,16.0,0.08,0.0,5.0,0.0,0.0,0.8,,12.2,0.015,0.01,0.1,0.09,0.063,25.0,0.0,95.5,0.4,0.0,0.7,0.2,0.2,0.2,0.35,0.5,0.0
26052,"Raie, crue",91.9,0.47,0.12,0.034,0.003,0.001,0.011,0.11,45.6,0.5,0.0,0.0,21.4,0.35,11.8,0.1,0.23,23.6,23.1,0.1,136.0,279.0,27.8,139.0,0.41,1.2,0.0,0.36,,,,0.0,0.04,0.05,3.44,0.15,0.19,5.0,1.13,76.8,0.0,,0.0,0.0,0.0,0.0,0.0,0.0,0.0
26073,"Raie, cuite au court-bouillon",97.8,0.57,0.12,0.048,0.0042,0.0006,0.016,0.13,67.0,0.0,0.0,0.0,23.2,0.4,,0.03,,8.9,24.3,0.0,163.0,,,161.0,0.6,0.0,0.0,0.0,0.0,,,,0.04,,,0.0,0.23,0.0,2.7,73.7,0.0,,0.0,0.0,0.0,0.0,0.0,0.0,0.0
26031,"Raie, rôtie/cuite au four",96.3,0.5,0.096,,,,0.011,0.11,0.0,0.0,0.0,0.0,23.0,0.38,50.0,0.03,0.6,22.5,37.0,0.0,220.0,320.0,,150.0,0.6,0.0,0.0,0.0,0.0,,,0.0,0.15,0.25,2.5,0.0,0.46,0.0,8.0,75.9,0.0,,0.0,0.0,0.0,0.0,0.0,0.0,0.0
11016,"Raifort, frais",73.2,0.45,0.088,0.054,0.095,0.21,0.0,0.0,0.0,7.79,,7.5,5.25,0.033,102.0,0.23,1.65,0.9,31.0,0.46,76.8,394.0,0.2,13.0,1.4,0.0,11.0,0.0,,,,134.0,0.1,0.11,0.55,,0.18,,0.0,76.5,,,,,,,,0.0,0.0
13044,"Raisin blanc, à gros grain (type Italia ou Dattier), cru",71.6,0.5,0.01,0.01,0.01,0.01,0.01,0.01,0.13,16.6,15.5,1.0,0.75,0.013,12.0,0.19,0.2,20.0,7.6,0.08,16.0,200.0,20.0,5.0,0.05,0.0,7.54,0.25,,5.44,,1.07,0.043,0.01,0.1,0.077,0.043,,0.0,80.9,8.5,,7.0,0.2,0.2,0.2,0.35,0.5,0.0
13101,"Raisin Chasselas, cru",77.8,0.5,0.12,0.13,0.23,0.01,0.01,0.01,0.0,16.9,16.5,2.0,0.75,0.013,16.0,0.08,0.14,20.0,7.5,0.07,21.0,150.0,20.0,5.0,0.07,0.0,27.4,,,2.18,,4.14,0.031,0.056,0.1,0.1,0.054,,,79.4,8.4,,8.1,0.2,0.2,0.2,0.35,0.5,0.0
13395,Raisin cru (aliment moyen),71.0,0.25,0.025,0.0079,0.019,0.0082,0.0073,0.0073,0.1,16.3,15.4,1.11,0.7,0.0094,11.2,0.16,0.23,7.45,7.38,0.072,15.2,193.0,15.4,3.77,0.028,0.0,11.9,0.18,,5.44,,3.03,0.042,0.009,0.07,0.076,0.05,,0.0,81.2,8.13,,7.11,0.2,0.2,0.21,0.35,0.24,0.0
13621,"Raisin noir Muscat, cru",86.6,0.5,0.01,0.01,0.01,0.01,0.01,0.01,0.0,20.0,19.6,2.7,0.69,0.013,13.0,0.12,0.22,20.0,7.3,0.09,20.0,210.0,20.0,5.0,0.06,0.0,67.7,,,5.7,,3.11,0.057,0.01,0.1,0.09,0.034,,,76.7,9.8,,9.8,0.2,0.2,0.2,0.35,0.5,0.0
13045,"Raisin noir, cru",69.5,0.25,0.08,0.016,0.057,0.017,0.0,0.0,0.03,15.6,15.3,1.43,0.57,0.00097,8.98,0.078,0.3,0.45,6.78,0.051,12.9,172.0,2.97,0.39,0.038,0.0,24.0,0.0,,,,8.4,0.038,0.02,0.13,0.075,0.07,,0.0,82.1,7.1,,7.4,,,0.5,,0.2,0.0
13046,Raisin sec,322.0,0.9,0.31,0.32,0.17,0.01,0.01,0.01,0.0,73.2,70.3,4.2,3.0,0.013,54.0,0.38,1.7,20.0,35.0,0.28,82.0,960.0,20.0,5.0,0.24,0.0,5.0,0.25,,12.6,,0.5,0.075,0.01,0.53,0.084,0.061,3.0,0.0,16.0,36.0,0.0,34.0,0.2,0.3,0.2,0.5,0.5,0.0
13077,"Ramboutan ou rambutan, chair sans peau, sans noyau, crue",84.5,0.21,,,,,0.0,0.0,0.0,20.0,,0.9,0.65,0.028,22.0,0.066,0.35,,7.0,0.34,9.0,42.0,,11.0,0.08,0.0,2.0,,,,,4.9,0.013,0.022,1.35,0.018,0.02,,0.0,78.0,,,,,,,,,0.0
26063,"Rascasse ou rascasse de profondeur, crue",87.6,1.33,0.34,0.29,,0.0,0.077,0.32,,0.0,0.0,0.0,18.9,,61.0,0.5,,11.0,21.0,0.3,,465.0,63.0,,1.8,,0.0,4.3,0.36,0.0,,,,,,,,9.0,1.39,78.9,0.0,,0.0,0.0,0.0,0.0,0.0,0.0,0.0
26148,"Rascasse ou rascasse de profondeur, cuite à la vapeur",126.0,3.1,0.61,0.34,0.048,0.022,0.21,0.37,48.9,0.0,0.0,0.0,24.6,0.22,14.0,0.02,0.18,20.0,33.0,0.01,200.0,380.0,80.0,88.8,0.37,21.0,0.0,1.09,0.44,0.8,,,0.025,0.04,1.32,0.084,0.14,5.0,1.65,71.7,,,,,,,0.0,0.0,0.0
25018,"Ratatouille cuisinée, préemballée",57.1,3.15,0.47,0.51,0.2,0.06,0.01,0.01,0.07,4.97,3.91,2.03,1.22,0.94,16.4,0.074,0.38,3.0,18.6,0.13,22.0,295.0,10.0,369.0,0.17,10.0,373.0,0.0,1.56,,,25.2,0.03,0.03,0.56,,0.04,18.0,,88.0,1.4,,1.5,0.2,0.2,0.3,,0.0,0.0
25019,"Ravioli au boeuf, sauce tomate, appertisé",95.3,2.83,1.14,0.87,0.36,0.069,0.00057,0.0037,41.4,12.5,2.23,1.41,4.22,0.96,25.3,0.074,1.09,5.5,13.8,0.24,60.9,169.0,2.2,382.0,0.49,0.0,150.0,0.14,0.32,,,1.22,0.37,0.27,1.25,0.4,0.15,3.0,0.0,79.1,0.63,,0.59,0.1,0.27,0.74,7.4,0.0,0.0
25231,"Ravioli au tofu, à la sauce tomate, préemballés",91.7,2.7,0.41,0.91,1.12,0.05,0.01,0.01,,12.5,3.14,2.1,3.13,0.81,28.0,0.13,0.68,20.0,18.0,0.19,46.0,260.0,20.0,322.0,0.35,,144.0,0.25,,6.17,,0.5,0.019,0.01,0.57,0.16,0.033,7.76,,77.9,1.53,0.1,0.88,0.1,0.31,0.42,8.6,0.0,0.0
25192,"Ravioli aux légumes, à la sauce tomate, appertisés",91.1,2.45,0.48,0.91,0.9,0.08,0.01,0.01,2.74,13.5,2.83,1.7,2.88,0.76,15.0,0.11,1.1,20.0,16.0,0.15,32.0,280.0,20.0,300.0,0.21,21.0,1170.0,0.25,,9.31,,0.5,0.05,0.033,1.14,0.17,0.096,14.2,0.082,78.5,0.8,,0.7,0.2,0.3,0.8,10.7,0.0,0.0
25110,"Ravioli chinois à la vapeur à la crevette, cuit",172.0,5.5,1.55,2.01,1.28,0.06,0.01,0.01,52.3,23.2,1.1,3.6,5.5,0.96,31.0,0.04,0.57,20.0,12.0,0.045,65.0,56.0,20.0,383.0,0.31,21.0,5.0,0.5,,0.8,,0.5,0.015,0.01,0.27,0.061,0.038,24.5,0.65,62.3,0.2,,0.2,0.2,0.2,1.1,22.1,0.0,0.0
12045,Reblochon,322.0,26.9,19.0,4.55,0.41,0.2,0.019,,89.9,0.0,0.0,0.0,20.3,1.38,471.0,0.11,0.32,19.4,20.2,0.0,322.0,104.0,5.1,509.0,4.44,,15.0,0.5,0.23,2.3,,,,,,,,25.0,1.04,49.1,,0.2,0.02,0.2,,,0.0,0.0,0.0
26162,"Requin, cru",115.0,2.91,0.68,,,,0.32,0.53,51.0,1.34,0.0,0.0,20.8,0.2,33.0,0.033,1.12,,37.0,0.015,201.0,355.0,36.5,79.0,0.43,70.0,0.0,0.6,1.0,0.1,,0.0,0.031,0.046,3.67,0.7,0.4,3.0,1.49,73.6,,,,,,,0.0,0.0,0.0
13047,"Rhubarbe, tige, crue",18.1,0.16,0.041,0.016,0.058,0.019,0.0,0.0,0.0,1.12,1.1,1.8,0.73,0.0075,140.0,0.022,0.26,0.3,15.0,0.15,13.0,198.0,0.37,3.0,0.1,0.0,62.5,0.0,0.27,29.3,,6.4,0.026,0.03,0.25,0.075,0.025,7.0,0.0,93.6,0.5,,0.6,0.0,0.0,0.0,,,0.0
13203,"Rhubarbe, tige, cuite",18.8,0.5,0.15,,0.15,0.15,0.15,0.15,0.0,1.35,1.3,2.3,0.94,2.0,65.5,0.03,0.25,2.5,10.5,0.07,22.6,313.0,2.0,2.0,0.5,0.0,42.0,0.1,0.19,5.0,,9.85,0.01,0.02,0.2,0.07,0.05,5.0,0.0,94.0,0.67,,0.63,0.47,0.47,0.5,0.1,0.0,0.0
1004,Rhum,234.0,0.0,0.0,0.0,0.0,0.0,0.0,0.0,0.0,0.0,0.0,0.0,0.0,0.0025,0.0,0.05,0.12,1.0,0.0,0.018,5.0,2.0,,1.0,0.07,0.0,0.0,0.0,,0.0,,0.0,0.008,0.0,0.0,0.0,0.0,0.0,0.0,66.6,,,,,,,0.0,0.0,33.4
19585,Ricotta,145.2,10.7,7.38,2.33,0.15,0.16,0.0,0.0,51.0,4.09,3.69,0.0,8.13,0.27,314.0,0.021,0.38,18.0,11.0,0.006,158.0,105.0,5.9,82.0,1.16,117.0,33.0,0.2,0.11,1.1,,0.0,0.013,0.2,0.1,0.21,0.043,12.0,0.34,71.7,0.1,,0.1,3.48,0.1,0.1,0.0,0.0,0.0
8030,Rillettes d'oie,364.0,33.4,9.82,15.8,3.9,0.32,0.01,0.01,101.0,0.99,,0.0,14.9,1.29,10.0,0.11,1.0,20.0,13.0,0.07,110.0,200.0,20.0,516.0,1.6,37.0,,2.53,,0.8,,,0.025,0.058,2.97,0.4,0.082,11.6,0.99,48.9,,,,,,,0.0,0.0,0.0
8026,Rillettes de canard,377.0,34.6,11.2,15.0,4.23,0.31,0.01,0.02,131.0,1.03,0.0,0.0,15.3,1.25,140.0,0.1,1.6,20.0,19.0,0.08,200.0,210.0,20.0,500.0,2.5,27.5,,0.25,,,,,0.015,0.069,3.05,0.69,0.086,15.0,1.76,47.3,,,,,,,0.0,0.0,0.0
8059,"Rillettes de crabe, préemballées",210.0,16.6,1.79,,2.28,1.18,,,,4.61,1.74,2.61,9.16,1.36,,,,,,,,,,440.0,,,,,,,,,,,,,,,,,0.3,,0.9,,0.3,0.3,,0.0,0.0
8083,"Rillettes de maquereau, préemballées",246.0,22.0,,,,,,,,1.0,0.0,0.0,11.0,,,,,,,,,,,,,,,,,,,,,,,,,,,,,,,,,,,0.0,0.0
8080,"Rillettes de poisson, préemballées",242.0,20.7,4.24,7.37,3.72,0.93,0.38,0.7,42.7,0.0,0.3,0.0,13.9,0.96,26.0,0.04,0.55,20.0,22.0,0.02,130.0,200.0,30.0,385.0,0.39,41.8,,2.58,,10.1,,0.5,0.083,0.062,5.42,0.4,0.14,11.7,3.57,59.9,0.2,,0.2,0.3,0.2,0.2,,0.0,0.0
8040,Rillettes de poulet,340.0,30.3,10.7,,,,0.0,,,0.49,0.36,0.25,16.4,1.19,,,,,,,,,,470.0,,,,,,,,,,,,,,,,52.2,,,,,,,0.0,0.0,0.0
8081,"Rillettes de saumon, préemballées",242.0,19.6,3.63,8.61,2.48,0.98,0.78,0.91,29.9,2.77,1.52,1.2,12.9,1.29,14.0,0.1,0.4,10.0,21.0,0.1,130.0,222.0,20.0,510.0,0.4,6.0,,2.5,4.65,,,,0.056,0.11,4.25,0.42,0.24,19.0,2.15,62.8,0.3,,0.35,,0.25,0.25,0.0,0.0,0.0
8082,"Rillettes de thon, préemballées",235.0,18.8,2.72,7.93,4.71,0.79,0.16,0.55,44.9,1.88,1.17,1.69,13.6,1.15,18.4,0.1,0.7,6.0,25.5,0.1,121.0,202.0,8.0,490.0,0.5,5.0,,1.2,7.09,,,,0.22,0.07,9.1,0.16,0.36,27.0,2.6,63.5,0.3,,0.45,,0.25,0.28,0.0,0.0,0.0
8010,Rillettes de Tours (porc),522.0,50.0,,,,,0.0,,,0.1,,0.0,18.0,,,,,,,,,,,,,,,,,,,,,,,,,,,,,,,,,,0.0,0.0,0.0
8015,Rillettes du Mans (porc),420.0,37.6,14.8,,3.66,0.3,0.0,,,4.79,0.13,0.21,15.6,1.28,,,,,,,,,,504.0,,,,,,,,,,,,,,,,40.0,,,,,,,0.0,0.0,0.0
8025,Rillettes pur oie,417.0,39.8,,,,,0.0,,,0.1,,0.0,14.7,1.3,,,,,,,,,,,,,,,,,,,,,,,,,,,,,,,,,0.0,0.0,0.0
8001,Rillettes pur porc,413.0,38.3,15.2,14.0,4.03,0.31,0.01,0.02,84.1,0.13,0.2,0.21,16.7,0.97,6.9,0.06,0.91,20.0,15.0,0.03,130.0,240.0,20.0,389.0,2.3,26.9,5.0,0.48,,0.99,,0.5,0.069,0.045,3.32,0.59,0.086,14.3,1.06,44.0,0.2,,0.2,0.2,0.2,0.2,0.35,0.0,0.0
8002,Rillettes supérieures de porc,402.0,37.7,14.9,,,,0.0,,,0.17,0.13,0.05,15.5,1.13,,,,,,,,,,478.0,,,,,,,,,,,,,,,,,,,,,,,0.0,0.0,0.0
8000,Rillettes traditionnelles de porc,391.0,36.0,14.0,,,0.32,0.0,,76.2,3.73,0.0,0.0,13.0,0.85,,,1.0,,,,148.0,,,340.0,,,,,,,,,,,,,,,,46.3,,,,,,,0.0,0.0,0.0
40302,"Ris, agneau, cru",148.0,9.82,4.44,2.17,0.12,0.13,,,260.0,0.17,0.0,0.0,14.8,0.19,8.0,0.061,2.3,1.9,21.0,0.04,400.0,420.0,6.0,75.0,1.93,0.0,0.0,1.0,0.48,,,18.0,0.03,0.25,3.7,1.0,0.07,13.0,6.0,73.8,,,,,,,0.0,0.0,0.0
40303,"Ris, agneau, cuit",228.0,15.1,6.84,,,,,,400.0,0.25,,0.0,22.8,0.13,12.0,0.083,2.12,,19.0,0.043,431.0,291.0,14.9,52.0,2.68,0.0,0.0,0.2,1.13,,,20.0,0.02,0.21,2.56,0.85,0.05,13.0,5.54,59.7,,,,,,,0.0,0.0,0.0
40305,"Ris, veau, braisé ou grillé/poêlé",174.0,5.8,1.65,,,0.0,0.0,0.0,275.0,9.52,0.0,0.0,21.0,0.15,4.0,0.072,0.5,4.0,24.0,0.021,627.0,435.0,21.5,59.0,1.0,0.0,0.0,0.0,0.09,0.0,,39.4,0.09,0.1,4.4,1.77,0.08,20.0,4.9,60.8,,,,,,,0.0,0.0,0.0
40304,"Ris, veau, cru",96.5,3.07,0.81,,0.23,0.0,0.0,0.0,250.0,0.0,0.0,0.0,17.2,0.17,3.0,0.079,1.05,2.5,23.0,0.018,533.0,488.0,6.0,67.0,1.55,0.0,0.0,0.25,0.09,0.0,,49.2,0.069,0.19,4.77,1.23,0.035,22.0,3.33,79.2,,,,0.0,,0.0,0.0,0.0,0.0
25189,"Risotto, aux fromages, préemballé",195.0,5.16,2.49,,,,,,,30.9,0.58,0.7,5.65,0.82,,,,,,,,,,328.0,,,,,,,,,,,,,,,,,,,,,,,,0.0,0.0
25188,"Risotto, aux fruits de mer, préemballé",130.0,6.07,2.92,,,,,,,12.5,2.02,1.15,5.47,0.85,,,,,,,,,,337.0,,,,,,,,,,,,,,,,,,,,,,,,0.0,0.0
25187,"Risotto, aux légumes, préemballé",120.0,3.8,2.0,1.17,0.2,0.03,0.01,0.01,,18.4,0.85,0.5,2.74,0.76,,,,,,,,,,304.0,,,,,,,,,,,,,,,,73.6,0.13,0.1,0.18,0.36,0.1,0.18,,0.0,0.0
25196,"Riste d'aubergines (aubergines, tomates, oignons), préemballée",145.0,10.4,2.0,,,0.1,,,,10.6,5.2,2.6,1.05,1.19,,,,,,,,,,470.0,,,,,,,,,,,,,,,,,,,1.5,,0.2,0.8,,0.0,0.0
39212,"Riz au lait vanille, cannelle ou nature, rayon frais",121.0,3.4,2.07,0.49,0.066,0.012,0.003,0.003,9.0,18.9,10.8,1.2,3.0,0.11,73.9,0.027,0.25,17.3,9.93,0.098,64.9,107.0,2.0,44.0,0.5,32.8,30.0,0.0,,,,2.0,0.03,0.13,0.1,0.31,0.02,,0.1,72.8,0.24,0.04,0.16,2.9,0.53,7.05,8.19,0.0,0.0
39251,"Riz au lait, au caramel, rayon frais",146.0,4.0,2.58,,,,,,,24.5,16.5,0.1,2.95,0.16,,,,,,,,,,,,,,,,,,,,,,,,,,,,,,,,,,0.0,0.0
39252,"Riz au lait, rhum raisins, rayon frais",133.0,3.44,2.17,,,,,,,22.3,15.1,0.28,3.03,0.13,,,,,,,,,,,,,,,,,,,,,,,,,,,,,,,,,,0.0,0.0
9125,"Riz basmati, cuit, sans sel ajouté",148.0,0.4,0.14,0.052,0.11,0.003,0.001,0.001,1.0,32.9,0.0,0.5,3.03,0.045,7.0,0.077,0.25,13.0,5.26,0.32,30.2,14.0,4.29,18.0,0.51,0.0,30.0,0.25,,0.8,,2.0,0.079,0.1,0.2,0.07,0.03,,,63.3,0.08,0.08,0.08,0.08,0.08,0.08,28.5,0.0,0.0
9101,"Riz blanc étuvé, cru",361.0,1.02,0.25,0.26,0.31,0.0078,0.0,0.0,0.0,79.4,0.33,1.65,7.33,0.01,71.0,0.28,0.74,5.1,27.0,1.04,153.0,174.0,14.3,4.0,1.02,0.0,,0.0,,0.1,,0.0,0.22,0.05,5.05,0.67,0.45,,0.0,9.86,0.019,0.0,0.11,0.0,0.0,0.2,72.1,0.0,0.0
9105,"Riz blanc étuvé, cuit, sans sel ajouté",146.0,0.56,0.074,,,,0.0,0.0,0.0,31.7,0.11,1.1,2.95,0.0059,11.1,0.1,0.1,10.0,10.0,0.1,35.0,41.7,5.0,2.35,0.1,0.0,0.0,0.0,,0.0,,0.0,0.07,0.019,0.4,0.15,0.05,,0.0,63.5,0.02,0.0,0.01,0.0,0.0,0.08,28.5,0.0,0.0
9100,"Riz blanc, cru",350.0,0.79,0.16,0.18,0.15,0.0045,0.0,0.0,0.0,77.5,0.12,1.53,7.02,0.0079,13.3,0.18,1.94,6.54,27.7,1.08,106.0,92.3,9.42,2.33,1.12,0.0,0.0,0.0,,0.1,,0.0,0.24,0.048,2.44,1.21,0.16,,0.0,12.6,0.1,,0.1,0.1,0.1,0.12,77.4,0.0,0.0
9104,"Riz blanc, cuit, sans sel ajouté",155.0,0.7,0.17,0.081,0.14,0.006,0.001,0.001,1.0,33.2,0.0,1.4,3.15,0.045,6.3,0.071,0.25,13.0,9.03,0.28,36.7,21.9,2.0,18.0,0.5,0.0,30.0,0.0,,0.8,,2.0,0.079,0.1,0.37,0.15,0.03,,0.032,61.4,0.08,0.08,0.08,0.08,0.08,0.08,33.2,0.0,0.0
9107,"Riz blanc, précuit, cuit, sans sel ajouté",124.1,1.3,,,,,0.0,0.0,0.0,28.1,0.0,1.0,,0.0025,18.0,0.13,0.2,5.0,11.0,0.2,54.0,54.0,4.1,1.0,0.7,0.0,,0.0,0.0,,,0.0,0.01,0.0,0.9,0.1,0.07,,0.0,68.0,,,,,,,28.1,0.0,0.0
25088,"Riz cantonais, préemballé",164.0,4.94,0.75,1.11,1.33,0.042,,,15.8,23.6,1.28,1.74,5.46,0.86,16.7,0.1,0.4,2.0,8.47,0.1,60.6,78.0,1.18,361.0,0.5,4.0,60.0,0.5,0.91,,,0.97,0.12,0.051,1.1,0.18,0.085,33.0,0.14,62.9,0.1,,0.075,0.1,0.1,0.38,18.4,0.0,0.0
9102,"Riz complet, cru",350.0,2.8,0.56,0.71,0.98,0.026,0.0,0.0,0.0,71.4,0.0,5.0,7.02,0.01,11.1,0.27,1.0,10.0,118.0,2.2,163.0,219.0,5.0,4.1,2.0,0.0,50.0,0.0,,1.9,,0.0,0.26,0.05,0.05,1.1,0.09,,0.0,12.6,0.5,,0.5,0.5,0.5,0.5,71.4,0.0,0.0
9103,"Riz complet, cuit, sans sel ajouté",187.0,1.8,0.43,0.44,0.44,0.023,0.002,0.002,1.0,37.6,0.13,2.1,3.87,0.035,28.6,0.12,0.44,2.5,57.8,1.3,138.0,70.5,2.0,14.0,0.9,0.0,30.0,0.0,,0.8,,2.0,0.079,0.1,0.57,0.19,0.03,,0.094,54.0,0.08,0.08,0.08,0.08,0.08,0.13,35.7,0.0,0.0
9109,"Riz rouge, cru",352.0,3.0,,,,,0.0,0.0,0.0,70.6,0.0,4.5,7.97,0.028,13.5,1.0,1.0,10.0,130.0,2.0,372.0,288.0,5.0,11.0,2.1,0.0,50.0,,,,,,0.26,0.06,1.7,1.1,0.12,,,12.4,0.5,,0.5,0.5,0.5,0.5,58.4,0.0,0.0
9110,"Riz rouge, cuit, sans sel ajouté",141.0,0.69,,,,,0.0,0.0,0.0,28.2,0.0,4.0,3.45,0.0088,19.9,,1.0,10.0,54.5,1.0,156.0,75.4,5.0,3.5,1.0,0.0,50.0,,,,,,0.11,0.05,0.05,0.29,0.44,,,63.1,0.5,,0.5,0.5,0.5,0.5,27.0,0.0,0.0
9108,"Riz sauvage, cru",344.0,0.94,0.15,,,,0.0,0.0,0.0,69.2,0.9,5.9,11.1,0.0068,6.95,1.0,1.0,10.0,90.1,1.1,317.0,298.0,5.0,2.7,3.7,0.0,50.0,0.0,,1.9,,0.0,0.41,0.15,3.5,1.1,0.24,,0.0,11.5,0.5,,0.5,0.5,0.5,0.9,64.0,0.0,0.0
9111,"Riz sauvage, cuit, sans sel ajouté",102.0,0.34,0.049,,,,0.0,0.0,0.0,19.7,0.73,1.8,3.8,0.0075,3.0,0.12,0.6,,32.0,0.28,82.0,101.0,,3.0,1.34,0.0,2.0,0.0,,0.5,,0.0,0.052,0.087,1.29,0.15,0.14,,0.0,73.9,0.2,,0.2,,,0.33,,0.0,0.0
9113,"Riz semi-complet, cuit, sans sel ajouté",165.0,1.0,0.22,0.23,0.3,0.015,0.002,0.002,1.0,34.4,0.0,1.7,3.63,0.063,6.99,0.15,0.3,2.5,29.7,0.58,81.3,37.2,2.0,25.0,0.86,0.0,30.0,,,,,2.0,0.079,0.1,0.34,0.1,0.03,4.0,,58.8,0.08,0.08,0.08,0.08,0.08,0.08,31.1,0.0,0.0
32131,"Riz soufflé chocolaté, enrichi en vitamines et minéraux",382.0,2.0,1.05,0.59,0.35,0.01,0.01,0.0,1.0,81.8,18.0,4.5,6.75,0.62,16.4,0.35,19.0,2.5,63.9,1.4,148.0,415.0,2.0,248.0,1.4,16.0,30.0,12.5,,1.0,,2.0,1.36,1.24,18.0,0.24,1.5,,0.36,3.1,0.19,,0.33,0.01,0.63,16.8,57.0,0.0,0.0
32012,"Riz soufflé chocolaté, non enrichi en vitamines et minéraux",387.0,2.3,1.06,0.67,0.18,0.01,0.01,0.01,1.41,83.3,28.2,3.9,5.96,0.71,26.0,0.4,3.3,20.0,61.0,0.83,140.0,370.0,20.0,375.0,1.2,21.0,5.0,0.5,,0.8,,0.5,0.058,0.06,2.23,0.63,0.074,27.8,,2.8,0.2,,0.35,0.44,6.18,21.2,45.7,0.0,0.0
32006,"Riz soufflé nature, enrichi en vitamines et minéraux",388.0,1.2,0.4,,,,0.0,0.0,,86.3,7.9,2.0,6.66,1.0,9.5,0.1,8.0,2.0,25.3,0.7,150.0,170.0,7.33,450.0,7.0,,,8.4,0.16,,,,0.91,1.2,13.3,0.64,1.2,166.0,2.1,1.47,0.4,,0.5,0.2,0.2,5.7,77.0,0.0,0.0
9119,"Riz thaï ou basmati, cru",351.0,0.63,0.18,0.25,0.19,0.0057,0.01,0.01,0.0,78.4,0.0,1.06,7.08,0.032,,,,,,,,,,14.2,,0.0,,,,,,,,,,,,,,12.5,0.2,,0.2,0.2,0.2,0.2,,0.0,0.0
9124,"Riz thaï, cuit, sans sel ajouté",143.0,0.8,0.14,0.049,0.087,0.002,0.001,0.001,1.0,31.4,0.0,0.5,2.38,0.04,5.82,0.067,0.25,13.0,3.83,0.29,23.4,14.7,2.0,16.0,0.57,0.0,30.0,0.25,,0.8,,2.0,0.079,0.1,0.2,0.12,0.03,,,65.1,0.08,0.08,0.08,0.08,0.08,0.08,28.1,0.0,0.0
9121,"Riz, mélange de variétés (blanc, complet, rouge, sauvage, etc.), cru",355.0,1.0,0.2,,,,0.0,0.0,0.0,78.1,0.5,1.5,7.14,0.025,,,,,,,,,,10.0,,0.0,,,,,,,,,,,,,,12.2,,,,,,,,0.0,0.0
12847,Rocamadour (fromage de chèvre),274.0,22.2,17.0,1.78,0.42,0.086,,,65.5,0.93,0.23,0.5,18.1,1.14,102.0,0.1,0.2,30.0,13.8,,197.0,160.0,8.0,373.0,0.37,168.0,0.0,0.5,0.18,1.8,,,0.04,0.79,1.8,1.4,0.31,80.0,0.19,57.2,0.26,,0.25,0.26,0.25,0.26,0.0,0.0,0.0
31066,Rocher chocolat fourré praliné,558.0,35.3,15.5,17.3,2.42,0.061,0.01,0.01,7.55,51.4,49.2,3.88,6.53,0.14,120.0,0.58,3.4,20.0,82.0,1.9,200.0,430.0,20.0,56.5,1.2,21.0,10.4,0.25,,2.66,,0.5,0.099,0.22,0.23,0.43,0.092,22.9,0.5,1.1,0.2,,0.4,5.3,0.2,36.6,,,0.0
23033,"Rocher coco ou congolais (petit gâteau à la noix de coco), préemballé",459.0,23.0,19.7,0.87,,0.0,0.0,,,56.1,49.3,5.62,3.98,0.15,,,,,,,,,,,,,,,,,,,,,,,,,,,,,,,,,,0.0,0.0
40406,"Rognon, agneau, braisé",131.0,3.62,1.23,,,,0.06,0.04,565.0,0.99,0.0,0.0,23.7,0.38,18.0,0.37,12.4,10.0,20.0,0.14,290.0,178.0,,151.0,3.8,137.0,,0.0,0.41,,,12.0,0.35,2.07,5.99,2.04,0.12,81.0,78.9,70.5,,,,,,,0.0,0.0,0.0
40407,"Rognon, agneau, cru",93.9,3.43,0.93,0.74,0.17,0.013,0.023,0.02,337.0,1.08,0.5,0.0,14.7,0.52,13.0,0.45,3.97,7.0,17.0,0.12,246.0,277.0,93.5,209.0,2.37,95.0,,,0.43,,,11.0,0.62,2.24,7.51,4.22,0.22,28.0,31.5,79.7,,,,,,,0.0,0.0,0.0
40402,"Rognon, boeuf, cru",95.7,2.65,0.5,0.21,0.22,0.013,0.0,0.0,411.0,0.85,0.0,0.0,17.1,0.42,13.0,0.43,7.04,8.73,17.0,0.14,257.0,262.0,118.0,169.0,1.52,419.0,0.0,1.1,0.22,0.0,,9.4,0.36,2.84,7.91,3.97,0.36,98.0,21.1,79.8,,,,,,,0.0,0.0,0.0
40403,"Rognon, boeuf, cuit",171.0,7.0,2.2,,,0.011,0.0,0.0,436.0,0.0,0.0,0.0,27.0,0.24,19.0,0.56,9.5,10.0,12.0,0.19,304.0,135.0,168.0,94.0,3.1,0.0,0.0,1.1,0.08,0.0,,,0.43,2.97,6.5,2.34,0.66,83.0,26.0,66.9,,,,,,,0.0,0.0,0.0
40401,"Rognon, cuit (aliment moyen)",165.0,6.68,2.08,,,,,,425.0,0.018,0.0,0.0,26.3,0.25,,,7.03,10.0,,,,,,,4.05,130.0,,0.46,,,,,0.46,,6.32,3.88,0.58,,32.3,67.5,,,,,,,0.0,0.0,0.0
40404,"Rognon, porc, cru",99.5,3.25,1.04,0.74,0.16,0.0066,0.0,0.0,319.0,1.1,0.0,0.0,16.5,0.3,9.0,0.62,4.89,6.35,17.0,0.12,204.0,229.0,187.0,121.0,2.75,59.0,,1.0,,0.0,,13.3,0.34,1.7,8.21,3.13,0.44,42.0,8.49,80.1,0.0,0.0,0.0,,,,0.0,0.0,0.0
40405,"Rognon, porc, cuit",144.0,4.7,1.51,,,,0.0,0.0,480.0,0.0,,0.0,25.4,0.2,13.0,0.68,5.29,10.0,18.0,0.15,240.0,143.0,311.5,80.0,4.15,78.0,,0.0,,,,10.6,0.4,1.59,5.79,2.87,0.46,41.0,7.79,68.7,,,,,,,0.0,0.0,0.0
40408,"Rognon, veau, braisé ou grillé/poêlé",167.0,7.0,2.14,,,,,,396.0,0.0,0.0,0.0,26.0,0.28,,,5.0,10.0,,,,,,,4.9,260.0,,0.0,1.2,,,,0.5,,6.3,5.6,0.55,,42.0,67.7,,,,,,,0.0,0.0,0.0
40409,"Rognon, veau, cru",94.5,3.12,0.96,0.38,0.059,0.006,0.05,0.02,364.0,0.85,,0.0,15.8,0.45,11.0,0.49,3.36,5.6,16.0,0.08,241.0,272.0,81.7,178.0,1.97,92.0,,1.0,,,,5.0,0.32,1.9,6.99,3.3,0.37,21.0,28.2,79.1,,,,,,,0.0,0.0,0.0
11068,"Romarin, frais",121.0,5.86,2.84,,,,0.0,0.0,0.0,6.6,,14.1,3.31,0.065,317.0,0.3,6.65,,91.0,0.96,66.0,668.0,,26.0,0.93,0.0,,0.0,,,,21.8,0.036,0.15,0.91,0.8,0.34,,0.0,67.8,,,,,,,,0.0,0.0
11036,"Romarin, séché",328.0,15.2,7.37,,,,0.0,0.0,0.0,21.5,,42.6,4.88,0.13,1280.0,0.55,29.3,,220.0,1.87,70.0,955.0,,50.0,3.23,0.0,,0.0,,,,61.2,0.51,0.43,1.0,,1.74,,0.0,9.31,,,,,,,,0.0,0.0
28917,Rond de jambon cuit,182.0,10.6,,,,,,,,1.4,,0.0,20.3,,,,,,,,90.0,,19.5,,,,0.0,0.8,0.28,0.0,,,,,,,,3.0,0.68,66.0,,,,,,,0.0,0.0,0.0
12500,Roquefort (fromage de brebis),384.0,33.9,24.9,5.28,0.52,0.23,0.02,0.01,74.7,0.0,0.0,0.0,19.5,3.22,660.0,0.024,0.1,51.2,31.9,0.019,392.0,115.0,10.0,1290.0,1.83,212.0,,,0.12,,,0.0,0.044,0.67,0.73,0.62,0.081,29.1,0.57,41.9,0.1,0.1,0.1,0.1,0.1,0.1,0.0,0.0,0.0
20217,"Roquette, crue",27.9,0.66,0.086,,,,0.0,0.0,0.0,2.1,2.05,1.6,2.58,0.068,160.0,0.076,1.46,,47.0,0.32,52.0,369.0,0.3,27.0,0.47,0.0,1420.0,0.0,0.43,109.0,,15.0,0.044,0.086,0.31,0.44,0.073,97.0,0.0,91.7,,,,,,,,,0.0
30304,Rosette ou fuseau,392.0,30.7,11.8,12.7,3.0,0.17,,,97.7,4.86,1.46,0.0,24.2,4.56,44.0,0.3,1.2,36.2,40.3,0.1,205.0,488.0,7.0,1790.0,2.9,2.0,,1.11,0.35,,,2.3,0.68,0.22,6.87,1.21,0.48,25.3,0.82,34.9,,,,,,,,0.0,0.0
4039,Rostis ou galette de pomme de terre,182.0,8.3,1.06,2.95,3.58,0.12,0.01,0.01,15.0,22.5,0.2,3.3,2.38,0.82,18.0,0.13,0.55,20.0,22.0,0.11,70.0,460.0,20.0,328.0,0.35,21.0,5.0,0.5,,2.31,,0.5,0.061,0.01,0.68,0.44,0.12,9.13,,61.4,0.2,0.2,0.2,0.2,0.2,0.2,19.5,0.5,0.0
28976,"Rôti de volaille en salaison, cuit",109.0,1.73,0.55,,,,0.0,,,1.28,0.97,0.44,22.0,2.0,,,,,,,,,11.7,806.0,,,0.0,,0.07,0.5,,,,,,,,3.0,0.24,,,,,,,,,0.0,0.0
26085,"Rouget-barbet de roche, cru",158.0,9.37,2.72,1.76,0.044,0.024,0.99,0.63,56.8,0.0,0.0,0.0,18.4,0.17,22.8,0.08,0.49,11.5,30.7,0.1,218.0,343.0,36.2,66.3,0.37,8.4,0.0,1.12,,,,0.0,0.06,0.065,4.46,0.34,0.37,11.0,4.52,70.6,,,,,,,0.0,0.0,0.0
26110,"Rouget-barbet de roche, vapeur",143.0,5.2,0.73,3.8,0.25,0.03,0.01,0.01,63.9,0.0,0.0,0.0,24.1,0.24,21.0,0.05,0.48,40.0,33.0,0.02,230.0,410.0,50.0,95.6,0.39,23.1,,1.27,,1.59,,3.17,0.02,0.032,3.47,0.41,0.17,14.3,3.74,69.6,,,,,,,0.0,0.0,0.0
26244,"Rouget-barbet, filet avec peau, surgelé, cru (Thaïlande,Vietnam, Sénégal…)",96.7,3.5,0.9,,,,,,,0.0,0.0,0.0,16.3,0.2,14.0,,0.3,,,,,,,78.0,,,,,,,,,,,,,,,,,,,,,,,0.0,0.0,0.0
8373,Roulade de porc pistachée,287.0,23.5,7.8,,,,0.0,,,3.0,0.7,1.2,15.3,2.5,,,,,,,,,,,,,,,,,,,,,,,,,,54.5,,,,,,,,0.0,0.0
25419,Rouleau de printemps,103.0,1.82,0.66,0.52,0.35,0.057,0.01,0.0085,13.9,16.6,3.6,1.2,4.57,0.29,22.5,0.1,0.4,25.0,12.6,0.15,14.9,87.0,5.0,116.0,0.45,2.0,74.0,,,,,1.5,0.04,0.04,0.64,0.16,0.11,16.0,0.16,73.9,,,,,,,13.0,0.0,0.0
26074,"Roussette ou petite roussette ou saumonette, crue",97.8,0.5,0.11,0.037,0.0032,0.00046,0.012,0.086,29.8,0.0,0.0,0.0,23.3,0.31,11.7,0.1,0.37,26.2,20.9,0.1,147.0,258.0,28.8,125.0,0.87,2.0,0.0,0.5,1.0,0.1,,0.0,0.025,0.083,3.14,0.2,0.25,3.07,1.95,75.2,0.0,,0.0,0.0,0.0,0.0,0.0,0.0,0.0
26033,"Roussette ou petite roussette ou saumonette, cuite",104.0,0.29,,,,,0.012,,60.1,0.0,0.0,0.0,25.4,0.2,,0.1,,24.8,,0.1,,,42.0,,0.67,5.0,0.0,0.5,,,,,,,,0.24,0.36,3.0,,73.2,0.0,,0.0,0.0,0.0,0.0,0.0,0.0,0.0
20201,"Rutabaga, cru",33.2,0.16,0.027,0.012,0.018,0.03,0.0,0.0,0.0,5.7,4.46,2.3,1.08,0.03,43.0,0.032,0.44,0.75,20.0,0.13,53.0,305.0,0.0,12.0,0.24,0.0,1.0,0.0,0.3,0.3,,25.0,0.09,0.04,0.7,0.16,0.1,21.0,0.0,89.4,1.61,0.0,2.3,0.0,0.02,0.53,0.4,,0.0
20165,"Rutabaga, cuit",26.0,0.18,0.029,,,,0.0,0.0,0.0,4.26,3.95,1.8,0.93,0.013,18.0,0.029,0.18,,10.0,0.097,41.0,216.0,0.7,5.0,0.12,0.0,1.0,0.0,0.24,0.2,,18.8,0.082,0.041,0.72,0.16,0.1,15.0,0.0,91.5,1.54,0.0,2.06,0.0,0.0,0.35,0.31,,0.0
24071,"Sablé pâtissier, artisanal",484.0,22.9,,,,,,,98.0,59.4,22.0,3.3,8.38,0.41,31.9,1.0,1.0,10.0,21.8,1.0,131.0,123.0,6.3,163.0,1.0,173.0,50.0,0.2,,,,,0.05,0.09,0.3,0.58,0.09,14.5,0.79,5.0,0.5,,0.5,0.5,0.5,22.0,29.3,0.0,0.0
26153,"Sabre, cru",125.0,5.9,,,,,,,,0.0,0.0,0.0,18.0,0.28,12.0,,0.6,,,,150.0,270.0,,110.0,,15.0,,,,,,0.0,0.14,0.13,3.0,,,,,74.8,,,,,,,0.0,0.0,0.0
11039,Safran,352.0,5.85,1.59,,,,0.0,0.0,0.0,61.5,42.4,3.9,11.4,0.37,111.0,0.33,11.1,,264.0,28.4,252.0,1720.0,,148.0,1.09,0.0,318.0,0.0,1.69,,,80.8,0.12,0.27,1.46,,1.01,,0.0,11.9,,,,,,,19.1,0.0,0.0
16520,Saindoux,900.0,100.0,39.2,33.0,8.91,0.9,0.0,0.0,95.0,0.0,0.0,0.0,0.0,0.0,0.0,0.0,0.0,1.15,0.0,0.0,0.0,0.0,3.55,0.0,0.11,0.0,0.0,2.5,,0.0,,0.0,0.0,0.0,0.0,0.0,0.0,0.0,0.0,0.0,0.0,,0.0,0.0,0.0,0.0,0.0,0.0,0.0
12052,Saint-Félicien,281.0,25.2,18.0,4.01,0.4,0.11,0.01,0.01,81.3,0.0,0.0,0.0,13.4,1.28,110.0,0.02,0.04,50.0,9.6,0.01,160.0,130.0,20.0,511.0,0.44,205.0,114.0,0.25,0.26,2.41,,0.5,0.053,0.61,1.57,2.11,0.31,57.7,1.23,58.6,0.1,0.1,0.1,0.2,0.1,0.1,0.0,0.0,0.0
12049,Saint-Marcellin,280.0,24.3,18.1,3.15,0.3,0.07,0.02,0.01,93.4,0.0,0.2,0.0,15.1,1.08,140.0,0.04,0.05,20.0,12.0,0.01,210.0,180.0,20.0,433.0,0.54,192.0,113.0,0.25,0.26,2.15,,0.5,0.015,0.91,1.53,2.49,0.53,93.4,1.83,58.3,0.2,,0.2,0.2,0.2,0.2,0.0,0.0,0.0
12751,"Saint-Nectaire, fermier",360.0,29.8,19.8,,,,,,,1.2,0.5,0.0,22.3,1.0,,,,,,,,,14.5,,,,10.0,0.5,0.24,2.3,,,,,,,,21.0,1.54,,,,,,,,0.0,0.0,0.0
12748,"Saint-Nectaire, laitier",333.0,27.2,18.2,,,,,,,0.9,3.3e-05,0.0,21.7,1.55,,,,,,,,,14.5,,,,10.0,0.5,0.24,2.3,,,,,,,,21.0,1.54,,,,,,,,0.0,0.0,0.0
12752,"Saint-Nectaire, sans précision",342.0,27.5,18.0,5.7,0.41,0.23,,,93.0,0.5,0.0,0.0,23.5,1.8,540.0,0.067,0.22,31.4,24.0,0.035,227.0,83.8,5.11,620.0,2.83,,10.0,0.5,0.24,2.3,,,,0.42,,,,21.0,1.03,44.6,0.2,0.2,0.2,0.2,0.2,0.2,0.0,0.0,0.0
12755,Saint-Paulin (fromage à pâte pressée non cuite demi-ferme),327.0,26.4,17.9,4.93,0.36,0.13,0.01,0.01,89.5,0.0,0.0,0.0,22.3,1.61,600.0,0.03,0.11,20.0,25.0,0.02,400.0,71.0,20.0,642.0,2.7,243.0,29.0,0.25,0.24,3.1,,,0.015,0.17,0.1,0.4,0.02,52.5,0.46,47.5,0.2,0.2,0.2,0.2,0.2,0.2,0.0,0.0,0.0
26104,"Saint-Pierre, cru",86.7,0.8,0.25,0.088,,0.0028,0.02,0.17,51.0,0.0,0.0,0.0,19.9,0.17,31.5,0.27,3.6,20.0,22.5,0.1,180.0,307.0,,60.0,0.95,0.0,,0.0,0.0,,,0.0,0.0,0.0,0.0,0.0,0.95,,0.0,77.8,0.0,,0.0,0.0,0.0,0.0,0.0,0.0,0.0
12842,Sainte-Maure (fromage de chèvre),298.0,24.0,17.1,5.05,0.63,0.12,0.0088,,89.5,0.91,0.52,2.5e-05,20.0,1.56,165.0,,0.1,56.0,17.0,,,169.0,,560.0,,310.0,,,0.7,,,,,,,,,,0.1,50.3,,,,,,,0.0,0.0,0.0
12807,Sainte-Maure de Touraine (fromage de chèvre),286.0,23.3,17.6,2.78,0.37,0.074,0.021,,122.0,1.12,0.017,0.0,18.5,1.32,122.0,0.1,0.3,40.0,14.5,,233.0,156.0,10.5,526.0,0.62,160.0,54.0,0.5,0.18,1.8,,,0.04,0.9,1.25,1.04,0.19,80.2,0.19,53.4,0.2,0.2,0.02,0.2,0.2,0.2,0.0,0.0,0.0
1026,Saké ou alcool de riz,113.0,0.0,0.0,,,,0.0,0.0,0.0,0.0,0.0,0.0,0.0,0.005,5.0,0.009,0.1,,6.0,,6.0,25.0,,2.0,0.02,0.0,0.0,0.0,,0.0,,0.0,0.0,0.0,0.0,,0.0,0.0,0.0,78.4,,,,,,,0.0,0.0,16.1
26277,"Salade Alaska au surimi, ananas, carottes, avec sauce, préemballée",170.0,13.4,1.03,,2.52,1.08,0.014,0.023,14.2,7.12,3.36,2.3,3.81,1.38,25.8,0.02,0.25,13.0,9.3,0.22,23.5,64.8,6.2,551.0,0.5,16.0,1640.0,0.6,,3.8,,8.68,0.04,0.02,0.2,0.09,0.04,,0.19,71.5,0.66,,0.68,0.19,0.19,2.02,3.77,0.0,0.0
25628,"Salade César au poulet (salade verte, fromage, croûtons, sauce), préemballée",151.0,10.0,2.36,4.6,1.7,0.39,0.01,0.01,40.7,4.88,1.71,2.0,8.13,0.75,100.0,0.11,0.5,20.0,19.0,0.15,150.0,300.0,20.0,301.0,0.69,27.9,627.0,0.5,,32.0,,1.11,0.096,0.068,2.29,0.47,0.094,29.3,0.48,71.8,0.6,,0.51,0.2,0.6,0.2,3.17,0.0,0.0
25670,"Salade composée à base de crudités et poulet, avec sauce, préemballée",88.0,5.35,0.75,,,,,,,4.28,2.85,3.1,4.13,0.41,,,,,,,,,,,,,,,,,,,,,,,,,,,,,,,,,,0.0,0.0
25667,"Salade composée à base de crudités et produits de la mer, avec sauce, préemballée",120.0,7.5,0.68,,,,,,,7.58,2.5,1.6,4.78,0.7,,,,,,,,,,,,,,,,,,,,,,,,,,,,,,,,,,0.0,0.0
25666,"Salade composée à base de crudités, charcuterie et fromage, avec sauce, préemballée",153.0,10.9,3.29,,,,,,,4.96,2.63,2.43,7.45,0.86,,,,,,,,,,,,,,,,,,,,,,,,,,,,,,,,,,0.0,0.0
25668,"Salade composée à base de crudités, oeuf et produits de la mer, avec sauce, préemballée",108.0,7.57,1.0,,,,,,,3.77,2.04,2.8,4.76,0.53,,,,,,,,,,,,,,,,,,,,,,,,,,,,,,,,,,0.0,0.0
25669,"Salade composée à base de crudités, poulet et fromage, avec sauce, préemballée",150.0,10.8,2.44,,,,,,,5.28,1.69,1.57,7.13,0.64,,,,,,,,,,210.0,,,,,,,,,,,,,,,,,,,,,,,,0.0,0.0
25602,"Salade composée avec viande ou poisson, appertisée",110.0,5.3,0.3,2.24,1.08,0.28,0.016,0.15,15.2,6.4,1.9,2.0,8.06,0.95,22.0,0.07,0.7,20.0,20.0,0.1,92.0,220.0,30.0,381.0,0.38,21.0,781.0,0.44,,9.75,,,0.032,0.022,4.13,0.2,0.12,11.1,1.23,76.7,0.7,,0.6,0.2,0.2,0.6,3.3,0.0,0.0
26258,"Salade de betterave, avec sauce, préemballée",59.4,3.0,0.32,,0.76,0.18,0.003,0.003,1.0,5.11,4.96,2.7,1.44,0.8,31.2,0.068,0.42,2.5,17.6,0.35,20.8,296.0,2.0,320.0,0.5,16.0,30.0,0.6,,7.0,,4.69,0.02,0.02,0.2,0.12,0.04,,0.1,86.2,0.51,,0.58,0.095,0.095,3.88,0.15,0.0,0.0
26257,"Salade de carottes râpées, avec sauce, préemballée",74.2,4.77,0.43,,0.97,0.24,,,,5.67,4.73,2.61,0.84,0.71,31.0,,,,,,,,,264.0,,,,,,,,,,,,,,,,84.7,0.54,,0.77,0.2,0.23,3.2,,0.0,0.0
25642,"Salade de céleri et carotte rémoulade, préemballée",79.6,5.33,0.36,,,,,,,5.43,3.63,3.0,1.0,0.83,,,,,,,,,,,,,,,,,,,,,,,,,,,,,,,,,,0.0,0.0
25600,"Salade de céleri rémoulade, préemballée",114.0,10.2,0.94,5.7,1.81,0.73,0.01,0.01,0.1,3.14,1.8,2.2,0.94,1.17,34.0,0.06,0.23,20.0,8.8,0.09,40.0,260.0,20.0,469.0,0.21,21.0,7.86,0.5,,10.5,,3.06,0.018,0.029,0.1,0.49,0.089,6.39,0.08,81.5,0.3,0.2,0.4,0.2,0.2,1.1,0.35,0.5,0.0
8407,"Salade de cervelas, avec sauce, préemballée",259.0,24.2,6.23,,,,0.0,,,1.93,1.29,1.28,7.6,1.75,,,,,,,,,,,,,,,,,,,,,,,,,,,,,,,,,,0.0,0.0
26259,"Salade de chou et carotte ou coleslaw, avec sauce, préemballée",105.0,8.1,0.63,4.39,1.54,0.66,0.01,0.01,,5.78,4.72,3.0,0.94,0.88,39.0,0.03,1.3,20.0,9.3,0.26,29.0,210.0,20.0,353.0,0.27,,1340.0,0.25,,23.0,,21.6,0.026,0.01,0.1,0.21,0.093,14.6,,80.4,0.85,,1.06,0.2,0.2,2.82,0.0,1.06,0.0
26281,"Salade de chou rouge, avec sauce, préemballée",103.0,8.25,0.73,,,,,,,4.73,3.9,2.25,1.23,0.82,,,,,,,,,,,,,,,,,,,,,,,,,,,,,,,,,,0.0,0.0
26260,"Salade de concombre à la crème/fromage blanc, préemballée",77.9,7.5,1.0,,1.23,0.58,0.005,0.005,6.5,0.58,0.58,1.5,1.06,0.99,25.2,0.03,0.25,2.5,10.5,0.069,30.8,137.0,2.0,394.0,0.5,16.0,79.0,0.6,,29.6,,5.77,0.02,0.03,0.2,0.16,0.05,,0.1,87.8,0.3,,0.27,0.095,0.095,0.1,0.0,0.0,0.0
13134,"Salade de fruits, crue",79.3,0.24,0.031,,,,0.0,0.0,0.0,18.0,14.2,1.36,0.61,0.002,14.5,0.071,0.29,1.18,16.4,0.34,16.7,203.0,4.9,0.81,0.094,0.0,35.0,0.0,0.37,,,22.3,0.043,0.032,0.32,0.15,0.17,,0.0,78.0,,,,,,,,,0.0
26261,"Salade de lentilles et saucisse fumée, préemballée",177.0,11.8,0.9,,,,,,,8.9,0.9,3.6,7.0,0.89,,,,,,,,,,355.0,,,,,,,,,,,,,,,,,,,,,,,,0.0,0.0
25610,"Salade de museau de boeuf, avec sauce, préemballée",118.0,7.6,1.1,,,,0.0,,,0.8,0.6,0.0,11.7,2.04,,,,,,,,,,634.0,,,,,,,,,,,,,,,,,,,,,,,,0.0,0.0
8406,"Salade de museau de porc, avec sauce, préemballée",172.0,14.8,3.59,7.45,3.46,0.22,0.0,,587.0,0.89,0.64,0.75,8.51,1.58,14.7,,1.4,,7.8,,,97.0,,700.0,1.6,,,,,,,,,,,,,,,75.5,0.23,,0.28,0.2,0.2,0.1,,0.0,0.0
25615,"Salade de pâtes au fromage et légumes, avec sauce",119.0,4.8,1.4,,,,,,6.0,13.7,2.1,1.7,4.4,0.74,14.0,0.06,0.6,4.0,11.0,0.2,37.0,84.0,,51.0,0.4,7.0,1180.0,0.0,1.95,,,21.0,0.04,0.02,0.4,0.0,0.09,16.0,0.0,75.4,0.6,0.0,0.6,0.0,0.1,0.8,10.0,0.0,0.0
26280,"Salade de pâtes au jambon cru, fromage et crudités, avec sauce, préemballée",191.0,10.6,2.15,,1.57,0.56,0.006,0.006,16.4,15.1,2.06,2.2,7.31,0.58,60.8,0.085,0.63,2.5,18.3,0.26,91.5,178.0,5.5,230.0,0.84,16.0,167.0,0.6,,23.3,,5.45,0.09,0.07,0.59,0.18,0.11,,0.11,63.1,0.55,,0.84,0.095,0.67,0.1,12.7,0.33,0.0
26282,"Salade de pâtes au poulet et crudités, avec sauce, préemballée",131.0,5.52,0.65,,,,,,,13.5,1.96,1.9,5.91,0.76,,,,,,,,,,,,,,,,,,,,,,,,,,,,,,,,,,0.0,0.0
26278,"Salade de pâtes au poulet, fromage et crudités, avec sauce, préemballée",175.0,9.5,1.87,,1.7,0.6,0.006,0.007,41.5,12.4,1.46,2.2,8.19,0.87,69.8,0.1,0.66,2.5,24.5,0.25,127.0,171.0,9.0,349.0,0.83,16.0,437.0,0.6,,8.5,,6.03,0.05,0.08,0.62,0.27,0.1,,0.18,65.4,0.4,,0.58,0.095,0.49,0.1,11.0,0.0,0.0
26276,"Salade de pâtes au surimi, avec sauce, préemballée",208.0,14.5,1.21,,2.63,1.11,0.008,0.009,10.6,14.1,1.07,1.7,4.19,1.0,22.7,0.065,0.48,2.5,13.0,0.2,45.4,62.6,22.8,399.0,0.5,16.0,118.0,0.6,,5.0,,4.69,0.03,0.02,0.2,0.09,0.04,,0.1,64.1,0.21,,0.19,0.095,0.24,0.43,13.0,0.0,0.0
25619,"Salade de pâtes aux légumes et poisson ou viande, avec sauce, préemballée",160.0,8.24,1.59,,,,0.0023,0.0098,11.3,14.2,1.59,1.96,6.24,0.89,24.0,0.085,0.95,3.13,23.3,0.15,69.4,193.0,5.3,378.0,0.53,11.0,494.0,0.12,1.18,,,12.3,0.064,0.057,1.77,0.28,0.14,18.4,0.14,70.2,0.77,,0.63,,0.28,0.19,7.92,0.0,0.0
26279,"Salade de pâtes aux poulet, oeuf, fromage et crudités, avec sauce, préemballée",167.0,8.7,1.93,,1.35,0.41,0.005,0.009,56.9,12.4,1.93,2.2,8.19,0.55,70.9,0.11,0.67,16.2,20.6,0.21,115.0,164.0,8.2,218.0,0.73,20.3,404.0,0.6,,18.1,,4.58,0.05,0.1,0.76,0.32,0.12,,0.18,66.6,0.35,,0.97,0.095,0.62,0.1,10.1,0.38,0.0
25609,"Salade de pomme de terre à la piémontaise, préemballée",130.0,8.3,0.82,4.57,1.47,0.57,0.01,0.01,29.6,8.87,1.2,0.5,4.5,1.08,13.0,0.07,0.43,20.0,16.0,0.08,72.0,300.0,20.0,433.0,0.49,21.0,93.6,0.5,,10.9,,21.6,0.08,0.049,0.98,0.44,0.099,21.6,,75.8,0.5,0.2,0.7,0.2,0.2,0.2,6.0,0.5,0.0
25665,"Salade de pomme de terre à la saucisse, préemballée",156.0,11.6,2.13,,,,,,,8.75,0.9,2.1,3.08,1.28,,,,,,,,,,,,,,,,,,,,,,,,,,,,,,,,,,0.0,0.0
25664,"Salade de pomme de terre au thon, préemballée",124.0,7.7,1.0,,,,,,,8.13,0.73,,5.57,0.86,,,,,,,,,,,,,,,,,,,,,,,,,,,,,,,,,,0.0,0.0
25606,"Salade de pommes de terre, faite maison",127.0,8.2,1.43,,,,,,68.0,9.9,,1.3,2.68,1.32,19.0,0.12,0.65,,15.0,0.1,52.0,254.0,,529.0,0.31,29.0,36.0,0.0,,,,10.0,0.077,0.06,0.89,0.53,0.14,7.0,0.0,76.0,,,,,,,,0.0,0.0
26263,"Salade de riz au thon et légumes, avec sauce, préemballée",145.0,5.98,0.76,,0.64,0.3,,,,16.8,1.54,1.77,5.08,0.76,,,,,,,,,,300.0,,,,,,,,,,,,,,,,72.0,0.55,,0.53,,0.3,0.42,,0.0,0.0
25614,"Salade de riz, appertisée",127.0,4.35,0.53,2.23,1.05,0.2,,0.013,6.5,16.1,1.0,1.7,5.13,1.1,23.3,0.1,0.43,5.0,13.1,0.1,66.6,143.0,17.7,431.0,0.3,2.0,34.0,0.5,1.63,,,4.48,0.058,0.045,2.65,0.14,0.13,33.5,0.43,72.5,,,,,,,14.3,0.0,0.0
25601,"Salade de thon et légumes, appertisée",117.0,4.7,0.56,,1.15,0.056,0.008,0.039,19.2,8.13,3.63,2.7,9.15,1.11,20.7,0.1,1.1,2.0,25.1,0.1,88.4,232.0,,445.0,0.6,2.0,,0.5,1.6,,,2.75,0.04,0.053,4.45,0.16,0.29,31.0,1.45,76.5,0.82,,0.78,,0.3,0.97,4.1,0.0,0.0
20295,"Salade feuille de chêne, crue",10.7,0.5,0.01,0.01,0.01,0.01,0.01,0.01,0.0,1.03,0.6,1.8,1.13,0.023,33.0,0.04,0.82,20.0,12.0,0.19,20.0,280.0,20.0,9.0,0.18,0.0,854.0,,,34.8,,2.16,0.047,0.01,0.2,0.11,0.069,,,95.8,0.3,,0.3,0.2,0.2,0.2,0.35,0.5,0.0
26262,"Salade grecque, avec sauce, préemballée",81.5,7.1,2.7,,,,,,,1.4,1.4,2.0,2.0,1.04,,,,,,,,,,416.0,,,,,,,,,,,,,,,,,,,,,,,,0.0,0.0
20012,"Salade ou chicorée frisée, crue",26.0,0.3,0.073,0.004,0.075,0.013,0.0,0.0,0.0,2.13,0.7,4.0,1.7,0.11,100.0,0.3,0.9,0.4,30.0,0.43,47.0,420.0,1.0,45.0,0.42,0.0,3430.0,0.0,,298.0,,24.0,0.06,0.1,0.5,1.16,0.11,,0.0,92.0,,,,,,,,,0.0
20288,"Salade sucrine, crue",16.6,0.3,0.01,0.01,0.01,0.01,0.01,0.01,0.0,2.58,1.78,0.8,1.13,0.013,23.0,0.05,0.27,,9.6,0.12,30.0,230.0,20.0,5.0,0.18,0.0,181.0,,,9.88,,2.32,0.048,0.027,0.16,0.17,0.068,,,94.8,0.98,0.1,0.8,0.1,0.1,0.1,,0.0,0.0
25629,"Salade végétarienne à base de boulgour et/ou quinoa et légumes, préemballée",168.0,8.3,0.92,3.71,2.79,0.25,0.01,0.01,,17.4,4.61,3.3,3.79,0.77,37.0,0.16,1.2,20.0,46.0,0.62,110.0,140.0,20.0,309.0,0.77,,611.0,0.25,,10.0,,0.5,0.071,0.01,0.18,0.27,0.059,22.1,,65.5,0.99,0.1,1.9,0.1,1.72,0.1,9.9,0.0,0.0
25604,"Salade verte, crue, sans assaisonnement",13.5,0.1,0.028,0.0022,0.021,0.016,0.0,0.0,0.5,1.5,0.83,1.3,1.01,0.046,35.3,0.061,0.64,5.0,15.3,0.22,23.5,260.0,3.23,18.3,0.18,0.0,2000.0,0.5,0.17,,,1.95,0.041,0.04,0.14,0.16,0.052,,0.0,96.1,,,,,,,0.5,,0.0
30350,Salami,457.0,41.8,16.2,15.9,4.4,0.35,0.01,0.01,95.9,2.59,0.2,0.0,17.7,4.05,7.2,0.07,1.0,20.0,15.0,0.28,150.0,300.0,20.0,1620.0,1.9,21.0,0.0,0.68,,0.8,9.0,3.61,0.3,0.17,3.52,1.02,0.24,8.54,1.58,33.2,0.2,,0.2,0.2,0.2,0.2,0.1,0.0,0.0
30351,Salami pur porc,446.0,41.5,16.6,,,,0.0,0.0,79.0,0.75,0.5,0.5,17.0,4.0,13.0,0.16,1.3,,22.0,0.07,229.0,378.0,25.4,1600.0,4.2,0.0,0.0,,,,,0.0,0.93,0.33,5.6,1.06,0.55,2.0,2.8,36.2,,,,,,,,0.0,0.0
30366,Salami type danois,455.0,43.0,17.0,,,,0.0,,75.0,2.42,0.5,0.0,14.5,4.05,,,,,,,,,33.6,1600.0,,,0.0,0.9,0.64,0.0,,,,,,,,0.0,1.15,35.3,,,,,,,,0.0,0.0
12725,Salers,388.0,31.4,20.0,6.8,0.48,0.18,0.01,0.01,103.0,0.0,0.2,0.0,25.9,2.19,680.0,0.03,0.11,20.0,25.0,0.02,480.0,96.0,20.0,875.0,2.9,311.0,107.0,0.31,0.78,2.03,,0.5,0.063,0.37,0.1,0.31,0.079,37.5,1.86,38.6,0.2,,0.2,0.2,0.2,0.2,0.0,0.0,0.0
20283,"Salicorne (Salicornia sp.), crue",13.1,0.17,,,,,0.0,0.0,0.0,0.98,0.021,1.79,1.02,2.96,39.7,,2.6,0.0,53.0,0.6,201.0,201.0,0.4,1180.0,0.5,0.0,1.08,0.059,0.49,79.3,,1.05,0.0074,0.0074,0.23,,0.043,,0.0,92.2,,,,,,,,,0.0
20197,"Salsifis noir, ou scorsonère d'Espagne, cru",83.0,0.3,0.1,,0.024,0.036,0.0,0.0,0.0,15.3,,3.3,3.13,0.011,24.1,0.12,0.7,0.2,32.1,,94.0,387.0,,4.5,,0.0,,0.0,,,,3.0,0.15,0.05,0.3,,0.07,,0.0,77.0,,,,,,,,,0.0
20081,"Salsifis, appertisé, égoutté",29.2,0.17,0.07,,,,0.0,0.0,,4.33,1.0,2.5,1.33,0.64,21.0,,,0.2,8.9,,,173.0,0.6,243.0,,0.0,19.0,,,,,,,,,,,,,91.5,,,,,,,2.5,,0.0
20333,"Salsifis, bouilli/cuit à l'eau",56.9,0.3,0.01,0.01,0.01,0.01,0.01,0.01,,9.29,2.3,4.5,2.63,0.02,38.0,0.2,0.56,20.0,23.0,0.21,88.0,170.0,20.0,8.0,0.49,0.0,5.0,0.0,0.19,0.8,,0.74,0.07,0.01,0.11,0.16,0.042,15.0,0.0,82.8,0.5,0.2,0.2,0.2,0.2,1.8,0.35,0.5,0.0
20046,"Salsifis, cuit",67.7,0.17,0.041,,,,0.0,0.0,0.0,12.3,2.9,3.1,2.73,0.04,47.0,0.07,0.55,0.2,18.0,0.21,56.0,283.0,0.6,16.0,0.3,0.0,0.0,0.0,0.19,0.3,,4.6,0.056,0.17,0.39,0.28,0.22,15.0,0.0,,,,,,,,,,0.0
20237,"Salsifis, surgelé, cru",41.1,0.16,0.0,,,,0.0,0.0,0.0,4.68,2.5,5.8,2.34,0.043,,,,,,,,,,16.0,,0.0,,,,,,,,,,,,,,85.8,,,,,,,,,0.0
25558,"Samossa ou samoussa ou brick au boeuf, fait maison, cuit",342.0,17.0,,,,,,,75.0,33.5,3.2,6.8,10.4,3.76,,0.06,5.2,15.0,29.8,1.8,119.0,221.0,3.6,1510.0,1.53,28.0,9.0,0.28,6.6,,,3.1,0.07,0.15,1.58,0.48,0.16,23.0,0.62,27.0,,,,,,,,0.0,0.0
25108,"Samossa ou samoussa ou brick garni, préemballé, cuit",230.0,13.7,2.78,,,0.041,,,23.0,16.5,2.45,1.8,9.33,1.26,31.0,0.1,1.3,3.0,17.8,0.4,95.0,182.0,38.6,493.0,0.87,2.0,34.0,0.5,1.45,,,0.7,0.068,0.12,1.5,0.22,0.13,20.0,0.34,55.2,1.01,,1.09,0.1,0.074,0.28,14.1,0.0,0.0
25438,"Samoussa ou samossa ou brick garni, fait maison, cuit",187.0,11.5,2.77,,,,0.033,0.035,85.3,8.48,0.72,0.59,12.2,1.41,32.8,0.13,1.03,12.9,21.5,0.15,115.0,183.0,9.35,565.0,0.9,45.7,88.2,0.51,4.95,,,2.93,0.057,0.12,2.9,0.6,0.19,16.6,0.67,65.1,,,,,,,7.75,0.0,0.0
27024,"Sandre, cru",87.2,1.08,0.3,0.29,0.075,0.013,0.098,0.25,70.3,1.06,0.0,0.0,18.3,0.12,54.0,0.014,0.3,21.5,29.0,0.03,220.0,340.0,20.0,57.0,0.4,0.0,,0.7,,0.13,0.78,1.0,0.16,0.25,2.31,,,,,78.4,,,,,,0.0,0.0,0.0,0.0
25522,Sandwich (aliment moyen),280.0,11.7,5.34,,,,,,39.8,30.3,2.03,2.08,12.4,1.56,65.6,0.13,1.0,8.87,20.6,0.31,149.0,189.0,6.83,619.0,1.26,137.0,66.6,0.36,1.45,,,2.63,0.19,0.12,2.17,0.37,0.15,20.0,0.41,41.4,,,,,,,28.5,0.0,0.0
25543,Sandwich baguette (aliment moyen),293.0,12.1,5.55,,,,,,38.4,33.2,2.21,2.08,11.7,1.64,69.6,0.12,1.0,10.0,20.8,0.33,149.0,164.0,6.83,653.0,1.15,137.0,66.6,0.36,1.45,,,2.63,0.19,0.12,2.17,0.37,0.15,20.0,0.41,38.9,,,,,,,30.9,0.0,0.0
25518,"Sandwich baguette, camembert beurre, fait maison",341.0,16.7,10.4,,,,,,45.1,34.8,2.21,1.92,11.9,1.72,137.0,0.11,0.7,7.57,20.6,0.34,150.0,111.0,4.02,670.0,1.42,153.0,68.6,0.21,0.52,,,0.0,0.062,0.2,0.86,0.41,0.13,40.4,0.68,32.9,,,,,,,32.6,0.0,0.0
25640,"Sandwich baguette, camembert beurre, vente à emporter",303.0,13.7,7.62,3.49,1.01,0.2,0.006,0.006,36.0,32.9,1.26,1.4,11.4,1.35,180.0,0.09,0.64,13.0,21.8,0.36,172.0,127.0,4.9,539.0,1.3,91.6,52.0,0.0,,,21.8,2.0,0.1,0.16,0.27,0.18,0.13,,0.35,38.4,0.3,,0.3,0.3,1.26,0.3,24.6,0.0,0.0
25530,"Sandwich baguette, crudités diverses mayonnaise",224.0,7.9,1.69,,,,,,37.6,30.6,2.72,2.18,6.54,1.07,26.6,0.092,0.87,14.9,16.6,0.31,75.9,153.0,6.77,426.0,0.54,16.6,672.0,0.17,2.88,,,7.02,0.062,0.074,0.69,0.37,0.092,31.1,0.13,52.0,,,,,,,27.8,0.0,0.0
25531,"Sandwich baguette, dinde crudités mayonnaise",257.0,8.82,1.94,,,,,,28.5,31.2,2.27,1.86,12.4,1.1,23.3,0.096,0.99,13.0,19.8,0.3,108.0,174.0,12.9,446.0,0.97,1.68,111.0,0.05,3.14,,,3.11,0.07,0.083,2.19,0.43,0.16,19.5,0.32,44.9,,,,,,,28.8,0.0,0.0
25517,"Sandwich baguette, jambon beurre, fait maison",285.0,10.5,6.16,,,,,,38.8,35.1,2.38,1.92,11.6,1.78,22.7,0.12,0.95,5.63,19.7,0.35,152.0,171.0,4.9,723.0,1.25,71.4,20.0,0.21,0.4,,,3.09,0.31,0.1,2.21,0.32,0.17,17.0,0.15,39.3,,,,,,,32.6,0.0,0.0
25633,"Sandwich baguette, jambon beurre, vente à emporter",254.0,6.0,2.69,1.28,0.83,0.073,0.006,0.006,18.0,38.8,2.07,1.4,10.4,1.5,21.5,0.096,0.74,2.5,21.2,0.4,110.0,185.0,3.96,599.0,0.91,31.5,31.0,0.0,,,4.61,11.3,0.18,0.05,1.42,0.25,0.11,,0.1,41.4,0.18,,0.1,0.1,1.89,0.1,34.5,0.0,0.0
25521,"Sandwich baguette, jambon emmental beurre",298.0,13.2,7.62,3.15,0.69,0.17,,0.01,50.6,30.2,2.32,2.5,13.4,1.6,188.0,0.12,0.83,10.2,23.2,0.3,242.0,152.0,5.03,628.0,1.79,103.0,31.7,0.36,0.42,,,2.33,0.25,0.14,1.73,0.31,0.14,15.8,0.47,37.5,,,1.17,,1.1,0.2,27.8,0.0,0.0
25485,"Sandwich baguette, jambon emmental, préemballé",284.0,12.9,7.1,2.88,0.52,0.12,,0.01,,27.9,2.0,3.0,12.7,1.54,,,,,,,,,,635.0,,,,,,,,,,,,,,,,41.3,0.3,,0.22,,1.78,0.25,,0.0,0.0
25634,"Sandwich baguette, jambon emmental, vente à emporter",263.0,8.2,4.46,1.43,0.52,0.069,0.006,0.006,27.8,34.5,2.42,1.2,12.0,1.43,177.0,0.094,0.71,2.5,22.6,0.41,158.0,165.0,6.1,570.0,1.2,47.0,46.0,0.0,,,4.91,9.1,0.14,0.08,1.1,0.24,0.09,,0.18,41.8,0.2,,0.1,0.1,2.22,0.1,32.1,0.0,0.0
25475,"Sandwich baguette, jambon, oeuf, crudités, beurre",225.0,5.98,3.01,,,,,,44.1,31.7,2.61,1.88,10.1,1.45,24.6,0.093,0.97,7.66,19.2,0.3,108.0,186.0,8.61,569.0,0.84,42.9,179.0,0.2,0.43,,,5.77,0.2,0.11,1.49,0.39,0.13,22.8,0.16,49.1,,,,,,,29.1,0.0,0.0
25535,"Sandwich baguette, merguez ketchup moutarde",289.0,11.4,5.2,,,,,,28.5,32.7,2.98,1.81,13.1,2.12,26.6,0.091,1.25,40.5,20.9,0.3,100.0,280.0,6.68,851.0,1.31,9.66,258.0,0.084,0.82,,,0.64,0.12,0.11,2.14,0.34,0.15,15.3,0.51,40.2,,,,,,,28.7,0.0,0.0
25532,"Sandwich baguette, oeuf crudités mayonnaise",249.0,9.47,2.18,,,,,,95.7,31.6,2.43,1.89,8.52,1.13,33.6,0.092,1.08,21.2,16.4,0.31,101.0,135.0,8.6,457.0,0.68,44.8,135.0,0.43,2.99,,,3.31,0.07,0.14,0.59,0.55,0.092,39.0,0.3,47.7,,,,,,,29.1,0.0,0.0
25519,"Sandwich baguette, pâté cornichons",304.0,13.9,6.12,,,,,,49.5,33.5,2.52,1.99,10.1,1.8,26.2,0.26,2.49,5.59,18.1,0.36,119.0,143.0,5.02,712.0,1.17,1340.0,52.0,0.25,0.36,,,1.67,0.12,0.33,3.13,0.99,0.14,37.8,1.0,39.8,,,,,,,30.6,0.0,0.0
25533,"Sandwich baguette, porc crudités mayonnaise",272.0,10.6,2.61,,,,,,29.5,31.2,2.38,1.86,12.0,1.1,21.6,0.091,0.98,12.3,19.2,0.3,125.0,178.0,10.4,449.0,1.0,1.68,111.0,0.05,3.14,,,3.11,0.21,0.1,1.67,0.37,0.16,19.9,0.45,44.0,,,,,,,28.8,0.0,0.0
25476,"Sandwich baguette, poulet crudités mayonnaise, fait maison",263.0,8.54,1.93,,,,,,23.3,34.9,2.67,2.21,10.4,1.3,27.4,0.14,1.04,12.7,20.2,0.35,96.7,167.0,9.39,513.0,0.71,1.85,111.0,0.069,2.56,,,3.61,0.07,0.066,1.85,0.41,0.15,20.4,0.08,43.3,,,,,,,32.1,0.0,0.0
25638,"Sandwich baguette, poulet crudités mayonnaise, vente à emporter",223.0,6.7,1.17,2.97,1.51,0.39,0.006,0.006,27.3,29.7,2.8,1.3,10.3,1.16,45.4,0.1,0.84,2.5,28.9,0.41,142.0,226.0,4.8,464.0,0.74,16.0,40.0,0.0,,10.8,9.39,2.0,0.1,0.06,1.76,0.31,0.11,,0.1,50.1,0.41,,0.52,0.3,1.87,0.3,24.9,0.2,0.0
25663,"Sandwich baguette, poulet crudités, préemballé",216.0,7.0,0.76,,,,,,,28.2,2.8,2.17,9.0,1.48,,,,,,,,,,,,,,,,,,,,,,,,,,,,,,,,,,0.0,0.0
25536,"Sandwich baguette, salami beurre",381.0,21.4,9.65,,,,,,43.8,33.9,2.04,1.82,12.5,2.76,25.3,0.1,1.41,5.08,17.5,0.36,133.0,160.0,6.85,1070.0,1.39,45.9,20.0,0.34,0.31,,,0.0,0.15,0.1,1.7,0.47,0.14,14.5,0.54,28.0,,,,,,,31.8,0.0,0.0
25520,"Sandwich baguette, saucisson beurre, fait maison",374.0,19.4,9.41,,,,,,50.5,35.2,2.21,1.92,13.7,2.71,29.1,0.12,1.09,5.13,22.2,0.36,129.0,224.0,3.56,1060.0,1.34,70.9,20.0,0.12,0.43,,,2.0,0.32,0.12,2.77,0.42,0.24,18.0,0.3,26.6,,,,,,,33.0,0.0,0.0
25639,"Sandwich baguette, saucisson beurre, vente à emporter",293.0,11.3,5.11,3.23,1.13,0.11,0.006,0.006,29.6,36.9,1.93,1.2,10.4,2.01,21.7,0.097,0.89,2.5,20.9,0.41,108.0,194.0,4.7,802.0,1.1,29.2,30.0,0.0,,,18.3,2.82,0.35,0.08,0.92,0.32,0.14,,0.21,37.7,0.3,,0.31,0.3,1.61,0.3,32.4,0.0,0.0
25488,"Sandwich baguette, saumon fumé beurre",268.0,5.6,2.49,,,,0.42,0.27,15.8,41.7,2.71,2.4,11.5,1.89,26.5,0.15,0.91,22.3,21.8,0.39,118.0,178.0,11.2,742.0,0.6,26.1,7.2,2.28,0.7,,,2.84,0.1,0.062,2.39,0.38,0.23,21.3,0.9,37.4,,,,,,,39.0,0.0,0.0
25431,"Sandwich baguette, thon crudités mayonnaise, fait maison",275.0,11.3,2.54,,,,0.0072,0.03,24.6,32.1,1.4,1.78,10.3,1.28,26.8,0.079,0.83,15.1,19.5,0.31,90.0,160.0,11.3,514.0,0.53,49.1,132.0,0.73,4.05,,,2.63,0.051,0.055,2.73,0.28,0.13,19.0,0.63,43.0,,,,,,,30.5,0.0,0.0
25632,"Sandwich baguette, thon crudités mayonnaise, vente à emporter",232.0,8.5,0.85,4.0,1.7,0.61,0.008,0.056,22.4,28.8,2.27,1.8,9.31,1.19,24.5,0.091,1.1,2.5,21.1,0.36,96.8,166.0,24.0,474.0,0.66,16.0,96.0,0.0,,14.5,3.97,3.12,0.1,0.05,2.21,0.2,0.06,,0.5,49.8,0.47,,0.3,0.1,1.49,0.1,23.2,0.47,0.0
25490,"Sandwich baguette, thon maïs crudités, préemballé",193.0,6.03,1.02,2.67,1.14,0.39,,0.03,,23.9,2.83,3.93,8.87,1.02,,,,,,,,,,410.0,,,,,,,,,,,,,,,,54.6,0.85,,0.8,,1.17,0.23,,0.0,0.0
25429,"Sandwich grec ou kebab, baguette, crudités",272.0,9.8,4.26,,,,,,32.0,29.9,3.3,2.0,15.0,1.13,22.1,0.1,2.1,4.87,22.4,0.3,117.0,263.0,10.0,469.0,2.05,1.0,62.0,0.0,0.2,,,2.0,0.09,0.11,2.3,0.4,0.13,15.0,0.88,44.8,,,,,,,26.6,0.0,0.0
25428,"Sandwich grec ou kebab, pita, crudités",232.0,10.9,4.29,3.04,0.66,0.066,,,47.3,17.0,1.1,2.3,15.2,1.23,33.6,0.2,0.95,3.0,21.5,0.2,,316.0,,492.0,1.8,,,,,,,,,,,,,,,51.8,0.2,,0.2,0.2,1.1,0.2,15.9,0.0,0.0
25645,"Sandwich pain de mie complet, bacon crudités, préemballé",257.0,12.4,2.22,,,,,,,25.8,3.16,2.58,9.28,1.39,,,,,,,,,,,,,,,,,,,,,,,,,,,,,,,,,,0.0,0.0
25654,"Sandwich pain de mie complet, jambon crudités, préemballé",197.0,7.58,1.36,,,,,,,22.4,3.38,2.66,8.51,1.59,,,,,,,,,,,,,,,,,,,,,,,,,,,,,,,,,,0.0,0.0
25653,"Sandwich pain de mie complet, jambon fromage crudités, préemballé",227.0,9.92,2.87,,,,,,,22.9,3.27,3.38,9.81,1.52,,,,,,,,,,550.0,,,,,,,,,,,,,,,,,,,,,,,,0.0,0.0
25576,"Sandwich pain de mie complet, jambon fromage, préemballé",240.0,10.5,3.03,3.91,1.49,0.53,0.006,0.006,25.9,23.8,2.95,2.7,11.2,1.72,117.0,0.11,0.95,2.5,32.1,0.59,206.0,202.0,5.3,687.0,1.4,19.8,30.0,0.0,,,4.56,3.2,0.02,0.09,0.99,0.26,0.07,,0.2,49.2,0.51,,0.89,0.16,1.41,0.1,19.0,0.0,0.0
25652,"Sandwich pain de mie complet, jambon oeuf crudités, préemballé",213.0,7.65,1.28,,,,,,,25.6,2.85,3.2,8.97,1.45,,,,,,,,,,,,,,,,,,,,,,,,,,,,,,,,,,0.0,0.0
25599,"Sandwich pain de mie complet, jambon, préemballé",246.0,10.5,4.43,2.83,0.95,0.25,0.006,0.006,36.2,26.3,3.56,2.7,10.1,1.77,30.6,0.11,0.98,2.5,31.0,0.59,180.0,229.0,5.1,706.0,1.1,51.7,30.0,0.0,,,4.69,5.33,0.18,0.06,1.73,0.26,0.09,,0.1,48.1,0.46,,1.06,0.33,1.7,0.1,20.1,0.01,0.0
25577,"Sandwich pain de mie complet, poulet crudités, préemballé",199.0,7.4,0.88,3.39,1.54,0.55,0.006,0.006,19.2,23.0,3.11,3.1,8.75,1.15,28.7,0.1,0.94,2.5,28.6,0.57,124.0,216.0,4.49,460.0,0.73,16.0,59.0,0.0,,6.2,6.03,3.25,0.06,0.06,1.43,0.34,0.08,,0.1,55.8,0.1,,1.37,0.31,1.43,0.1,18.3,0.7,0.0
25662,"Sandwich pain de mie complet, poulet, préemballé",229.0,8.5,1.02,,,,,,,25.3,3.07,3.43,11.2,1.43,,,,,,,,,,,,,,,,,,,,,,,,,,,,,,,,,,0.0,0.0
25641,"Sandwich pain de mie complet, saucisson ou rosette, préemballé",336.0,19.5,9.22,6.67,1.93,0.26,,0.01,,26.3,2.73,3.46,11.9,2.21,,,,,,,,,,777.0,,,,,,,,,,,,,,,,,,,0.8,,1.43,0.2,,0.0,0.0
25651,"Sandwich pain de mie complet, saumon fumé, préemballé",206.0,7.69,1.47,,,,,,,24.1,2.93,2.68,8.63,1.53,,,,,,,,,,,,,,,,,,,,,,,,,,,,,,,,,,0.0,0.0
25575,"Sandwich pain de mie complet, thon crudités, préemballé",207.0,7.28,0.98,,,,,,,24.3,2.8,3.2,9.48,1.15,,,,,,,,,,432.0,,,,,,,,,,,,,,,,,,,,,,,,0.0,0.0
25650,"Sandwich pain de mie complet, thon oeuf crudités, préemballé",196.0,6.65,1.03,,,,,,,23.1,2.68,2.64,9.78,1.09,,,,,,,,,,,,,,,,,,,,,,,,,,,,,,,,,,0.0,0.0
25661,"Sandwich pain polaire, jambon fromage, préemballé",266.0,12.3,6.12,,,,,,,27.2,5.31,2.27,10.5,1.71,,,,,,,,,,,,,,,,,,,,,,,,,,,,,,,,,,0.0,0.0
25659,"Sandwich pain polaire, poulet crudités, préemballé",218.0,7.01,0.91,,,,,,,28.1,5.14,1.9,9.81,1.18,,,,,,,,,,,,,,,,,,,,,,,,,,,,,,,,,,0.0,0.0
25660,"Sandwich pain polaire, saumon, préemballé",238.0,9.05,2.7,,,,,,,27.2,4.65,2.25,10.7,1.35,,,,,,,,,,,,,,,,,,,,,,,,,,,,,,,,,,0.0,0.0
25655,"Sandwich pain viennois, jambon oeuf crudités, préemballé",236.0,9.77,1.37,,,,,,,26.6,4.59,2.2,9.16,1.38,,,,,,,,,,,,,,,,,,,,,,,,,,,,,,,,,,0.0,0.0
25658,"Sandwich pain viennois, poulet crudités, préemballé",234.0,9.28,1.04,,,,,,,26.4,4.16,2.2,10.1,1.11,,,,,,,,,,,,,,,,,,,,,,,,,,,,,,,,,,0.0,0.0
25657,"Sandwich pain viennois, poulet oeuf crudités, préemballé",218.0,7.32,0.86,,,,,,,27.0,3.92,2.33,9.94,1.08,,,,,,,,,,,,,,,,,,,,,,,,,,,,,,,,,,0.0,0.0
25656,"Sandwich pain viennois, thon oeuf crudités, préemballé",229.0,8.73,0.96,,,,,,,26.6,3.88,2.5,9.74,1.07,,,,,,,,,,,,,,,,,,,,,,,,,,,,,,,,,,0.0,0.0
25434,"Sandwich panini, jambon cru mozzarella, tomates",237.0,8.35,,,,,,,,25.7,,1.4,14.2,1.24,97.0,,1.1,,16.9,,,184.0,,493.0,1.3,,,,,,,,,,,,,,,46.6,,,,,,,,0.0,0.0
25501,"Sandwich panini, trois fromages",294.0,14.0,8.9,,,,,,,25.0,0.6,,17.0,1.6,,,,,,,,,,,,,,,,,,,,,,,,,,,,,,,,,,0.0,0.0
40600,"Sang, boeuf, cru",82.1,0.12,0.04,,,,,,190.0,0.8,0.8,0.0,19.5,0.6,4.0,,46.5,,,,14.5,107.0,,240.0,0.2,5.0,93.0,0.1,0.4,,,,0.055,0.065,0.85,,0.0,7.0,,80.5,,,,,,,0.0,0.0,0.0
14002,"Sanglier, viande crue",150.0,7.14,2.62,4.13,0.36,0.033,,,63.0,0.0,0.0,0.0,21.5,0.21,8.95,0.11,1.43,2.0,21.3,0.022,178.0,342.0,6.9,84.7,2.93,0.0,,0.36,,,,0.0,0.74,0.15,6.2,0.77,0.38,2.0,0.85,71.1,0.0,,0.0,0.0,0.0,0.0,0.0,0.0,0.0
14003,"Sanglier, viande rôtie/cuite au four",153.0,4.38,1.3,,,,0.0,0.0,77.0,0.0,0.0,0.0,28.3,0.15,16.0,0.056,1.12,,27.0,,134.0,396.0,,60.0,3.01,0.0,0.0,0.0,,1.4,,0.0,0.31,0.14,4.21,,0.42,6.0,0.7,63.9,,,,,,,0.0,0.0,0.0
1017,"Sangria, faite maison",88.7,0.05,0.0,,,,0.0,0.0,0.0,11.0,9.5,0.0,0.0,0.0075,9.35,0.056,0.37,0.91,10.7,0.19,12.6,123.0,0.25,3.0,0.07,0.0,54.0,0.0,0.14,,,12.1,0.023,0.022,0.18,0.11,0.055,9.11,0.0,83.0,,,,,,,0.21,,6.32
26136,"Sardine,  grillée/poêlée",194.0,10.4,3.23,,,,0.473,0.509,0.0,0.0,0.0,0.0,25.1,0.35,130.0,0.14,1.7,32.0,34.0,0.08,320.0,400.0,38.0,140.0,1.4,0.0,0.0,12.3,,,,0.0,0.0,0.25,6.9,0.88,0.41,4.0,12.0,64.0,0.0,,0.0,0.0,0.0,0.0,0.0,0.0,0.0
26698,"Sardine, à l'huile d'arachide, appertisée, égouttée",223.0,14.9,4.5,,,,0.473,0.509,,1.07,,0.0,21.2,0.99,382.0,,,,,,490.0,,52.7,,,,0.0,4.8,2.04,2.6,,,,,,,,10.0,8.94,,,,,,,,,0.0,0.0
26040,"Sardine, à l'huile d'olive, appertisée, égouttée",224.0,14.5,3.07,3.37,0.79,0.091,0.91,0.86,64.2,0.11,0.0,0.0,23.3,0.79,432.0,0.13,2.5,21.2,44.0,0.13,457.0,412.0,42.3,291.0,1.8,16.0,0.0,10.3,2.04,4.3,,0.0,0.03,0.16,6.47,0.54,0.22,10.0,20.0,60.9,0.0,,0.0,0.0,0.0,0.0,0.0,0.0,0.0
26697,"Sardine, à l'huile de tournesol, appertisée, égouttée",219.0,13.8,2.97,,,,0.473,0.509,,0.27,,0.0,23.5,0.84,382.0,,,,,,490.0,,52.7,,,,0.0,4.8,2.04,2.6,,,,,,,,10.0,8.94,,,,,,,,,0.0,0.0
26034,"Sardine, à l'huile, appertisée, égouttée",217.0,13.7,3.06,3.27,0.9,0.18,0.67,1.0,59.4,0.31,0.0,0.0,23.3,0.88,333.0,0.062,1.97,80.1,38.5,0.1,306.0,368.0,35.0,300.0,1.89,4.7,0.0,7.56,2.04,0.0,,0.0,0.04,0.16,7.1,0.68,0.28,10.7,13.6,60.5,0.1,,0.1,0.0,0.1,0.1,0.0,0.0,0.0
26065,"Sardine, crue",160.0,9.17,2.66,0.51,0.12,0.38,1.26,1.84,78.9,0.0,0.0,0.0,19.5,0.22,57.5,0.41,1.67,26.8,36.0,0.33,286.0,584.0,52.8,101.0,1.5,28.0,0.0,14.0,,,,2.5,0.038,0.23,7.56,0.81,0.47,3.18,8.6,,0.0,,0.0,0.0,0.0,0.0,0.0,0.0,0.0
26231,"Sardine, filets sans arêtes à l'huile d'olive, appertisés, égouttés",202.0,11.6,2.68,1.82,0.21,0.09,0.68,0.84,,1.16,0.0,0.0,23.2,1.07,108.0,0.1,2.3,40.0,37.0,0.1,262.0,357.0,46.0,282.0,2.0,2.5,,7.4,2.1,,,,0.04,0.23,7.3,0.75,0.4,,13.6,61.4,0.2,,0.2,0.2,0.2,0.2,0.0,0.0,0.0
26035,"Sardine, sauce tomate, appertisée, égouttée",194.0,11.6,3.04,2.05,1.12,0.23,1.53,1.24,80.8,1.83,0.5,1.0,20.2,0.7,378.0,0.2,2.6,45.1,32.5,0.24,352.0,393.0,37.7,280.0,1.8,4.0,26.0,12.5,1.38,0.0,,0.0,0.04,0.23,7.38,0.6,0.25,14.5,9.88,64.9,0.31,,0.19,0.0,0.1,0.13,,0.0,0.0
9380,"Sarrasin complet, cru",362.0,3.4,0.74,0.99,0.96,0.078,0.0,0.0,0.0,67.5,,4.0,13.3,0.0025,18.0,1.1,2.2,2.5,231.0,1.3,347.0,460.0,,1.0,2.4,0.0,,0.0,,,,0.0,0.1,0.43,7.02,1.23,0.21,,0.0,9.75,,,,,,,,0.0,0.0
11062,"Sarriette, séchée",264.0,5.91,3.26,,,,,,0.0,23.0,,45.7,6.73,0.06,2130.0,0.85,37.9,,377.0,6.1,140.0,1050.0,,24.0,4.3,0.0,,0.0,,,,50.0,0.37,,4.08,,1.81,,0.0,9.0,,,,,,,,0.0,0.0
11184,Sauce (aliment moyen),246.0,23.3,2.79,9.62,5.11,1.69,0.012,0.011,11.0,6.74,4.64,1.18,1.51,1.81,24.7,0.042,0.45,12.7,13.3,0.085,27.1,184.0,14.2,724.0,0.18,9.88,239.0,0.8,,20.7,,6.71,0.069,0.041,0.54,0.17,0.052,11.5,0.14,64.1,1.28,,1.61,0.1,0.1,1.58,1.24,0.013,0.003
11122,"Sauce à l'échalote à la crème, préemballée",106.0,5.53,3.03,,,,,,,11.9,2.27,0.9,1.7,1.61,,,,,,,,,,647.0,,,,,,,,,,,,,,,,,,,,,,,,0.0,0.0
11302,"Sauce à l'oseille, préemballée",153.0,15.0,10.0,,,,,,,1.7,1.7,3.2,1.3,0.63,,,,,,,,,,,,,,,,,,,,,,,,,,,,,,,,,,0.0,0.0
11159,Sauce à la crème,78.2,5.55,3.0,,,,,,12.9,5.9,0.73,0.17,1.08,1.38,20.5,0.018,0.29,9.06,5.2,0.039,22.5,37.2,0.26,551.0,0.12,27.6,12.0,0.012,0.56,,,0.042,0.011,0.07,0.25,0.052,0.016,4.6,0.036,86.2,,,,,,,4.9,0.0,0.0
11161,Sauce à la crème aux épices,82.5,5.75,3.12,,,,,,13.3,6.2,0.95,0.65,1.16,1.29,26.6,0.027,0.71,10.8,8.1,0.17,25.6,56.5,0.37,517.0,0.14,28.8,14.5,0.015,0.56,,,0.5,0.013,0.071,0.29,0.05,0.025,4.8,0.035,84.7,,,,,,,4.95,0.0,0.0
11162,Sauce à la crème aux herbes,76.6,5.49,2.94,,,,,,12.7,5.5,0.74,0.4,1.09,1.39,27.0,0.026,0.59,11.1,6.0,0.069,23.8,48.5,0.27,555.0,0.14,26.7,79.5,0.01,0.58,,,2.2,0.014,0.073,0.28,0.055,0.025,6.95,0.035,86.0,,,,,,,4.76,0.0,0.0
11163,"Sauce aigre douce, préemballée",153.0,0.2,0.2,0.005,0.005,0.01,,0.01,,37.0,15.9,0.97,0.3,3.4,,,,1.2,,,,,,406.0,,,0.0,,,,,,,,,,,,,,,,4.92,,0.2,9.36,,0.022,0.0
11168,"Sauce aïoli, préemballée",480.0,50.2,4.8,15.9,7.27,2.46,0.0,0.0041,,5.44,2.61,0.25,1.13,1.82,,,,,,,,,,736.0,,,,,,,,,,,,,,,,,1.05,,0.95,0.1,0.1,0.1,,0.0,0.0
11240,"Sauce algérienne, préemballée",486.0,46.8,3.77,,,,,,,14.0,10.6,0.9,1.76,1.73,,,,,,,,,,,,,,,,,,,,,,,,,,,,,,,,,,0.0,0.0
11167,"Sauce américaine, préemballée",409.0,39.8,3.09,8.22,18.7,2.45,0.0,0.0098,,9.99,6.05,1.0,1.34,2.84,,,,,,,,,,1180.0,,,,,,,,,,,,,,,,45.7,1.9,,2.05,0.1,0.1,0.075,,0.0,0.0
11243,"Sauce andalouse, préemballée",548.0,56.5,5.4,,,,,,,8.03,5.77,0.7,1.61,1.36,,,,,,,,,,,,,,,,,,,,,,,,,,,,,,,,,,0.0,0.0
11111,"Sauce armoricaine, préemballée",83.6,6.6,6.3,0.22,0.05,0.024,0.00053,0.0032,,3.95,0.73,0.0,2.1,1.3,,,,,,,,58.9,,530.0,,,,,,,,,,,,,,,,86.2,,,,,,,3.22,0.0,0.0
11140,"Sauce au beurre blanc, préemballée",212.0,21.4,11.9,5.17,1.96,0.2,0.01,0.01,,3.4,1.35,0.5,1.13,1.16,,,,,,,,,,463.0,,,,,,,,,,,,,,,,72.4,0.33,0.1,0.25,0.77,0.1,0.1,,0.0,0.0
11158,"Sauce au beurre, préemballée",192.0,17.9,12.1,3.92,0.29,0.084,,,51.4,5.2,1.0,1.0,2.2,1.36,26.3,0.1,0.25,2.0,4.3,0.1,24.0,55.8,,543.0,0.1,117.0,,3.2,0.47,,,0.5,0.073,0.04,0.16,0.16,0.044,22.0,0.08,75.3,,,,,,,1.1,0.0,0.0
11300,"Sauce au chocolat, préemballée",308.0,5.1,2.37,1.18,0.11,0.005,0.003,0.003,1.0,62.3,48.9,1.8,2.16,0.048,16.7,0.45,12.0,2.5,54.6,0.51,66.4,364.0,2.0,19.0,0.77,16.0,30.0,0.0,,1.0,,2.0,0.02,0.02,2.35,0.05,0.07,,0.1,27.6,2.66,,12.0,0.5,14.8,19.5,1.4,0.0,0.0
11132,"Sauce au curry, chaude, préemballée",77.4,3.16,2.11,,,,,,7.5,10.6,5.83,1.28,1.02,1.12,22.4,0.2,0.5,10.0,11.9,0.2,11.1,139.0,5.0,447.0,0.2,10.0,,3.35,2.8,,,1.05,0.08,,0.3,0.16,0.14,22.9,0.14,81.1,2.92,,2.92,0.2,0.2,0.2,1.9,0.0,0.0
11247,"Sauce au curry, froide, préemballée",367.0,36.5,3.2,,,,,,,8.49,5.01,0.58,0.88,2.06,,,,,,,,,,,,,,,,,,,,,,,,,,,,,,,,,,0.0,0.0
11189,"Sauce au fromage pour risotto ou pâtes, préemballée",118.0,9.53,7.0,,,,,,,4.24,0.68,1.4,3.11,1.38,,,,,,,,,,543.0,,,,,,,,,,,,,,,,82.9,0.1,,0.1,0.3,0.1,0.1,,0.0,0.0
11115,"Sauce au poivre vert, préemballée",88.9,6.65,2.95,2.28,0.96,0.33,0.00025,0.00047,,5.3,1.3,1.3,1.3,1.15,,,,,,,,,,317.0,,,,,,,,,,,,,,,,,,,,,,,,0.0,0.0
11182,"Sauce au poivre, chaude, préemballée",160.0,14.8,1.91,7.47,2.98,1.01,0.01,0.01,19.5,4.8,1.76,1.13,1.0,1.58,19.0,0.02,0.43,20.0,4.6,0.13,31.0,60.0,20.0,630.0,0.16,21.0,5.0,0.25,,27.3,,,0.31,0.039,0.16,0.2,0.013,11.3,0.074,75.7,0.19,,0.28,0.46,0.2,0.84,3.04,0.0,0.0
11212,"Sauce au poivre, froide, préemballée",472.0,49.3,3.78,25.8,11.1,3.98,0.01,0.01,,5.8,5.19,0.5,0.69,2.31,,,,,,,,,,924.0,,,,,,,,,,,,,,,,40.8,0.93,0.1,0.92,0.44,0.1,2.9,,0.0,0.0
11191,"Sauce au roquefort, préemballée",128.0,10.9,7.18,,0.29,0.085,,,,4.4,1.1,0.6,2.85,1.25,,,,,,,,,,495.0,,,,,,,,,,,,,,,,80.9,0.23,,0.3,,0.3,0.3,,0.0,0.0
11164,"Sauce au vin rouge, faite maison",64.5,2.22,1.32,,,,,,4.87,7.0,2.47,0.46,0.81,1.7,13.1,0.12,0.56,9.27,9.99,0.11,19.3,90.0,0.15,678.0,0.11,14.1,134.0,0.028,0.46,,,2.5,0.022,0.073,0.54,0.088,0.048,9.62,0.024,87.6,,,,,,,2.66,0.0,1.76
11166,"Sauce au yaourt, faite maison",98.5,6.91,1.46,,,,,,3.01,5.04,4.37,0.8,3.64,1.28,141.0,0.047,0.78,14.3,21.3,0.13,92.5,230.0,2.67,510.0,0.5,7.61,,0.075,0.74,,,8.02,0.049,0.18,0.26,0.35,0.1,20.0,0.16,80.1,,,,,,,0.62,0.0,0.0
11192,"Sauce aux champignons et à la crème, préemballée",75.5,5.0,2.51,1.71,0.33,0.05,0.01,0.01,,6.2,1.52,0.5,1.38,0.96,,,,,,,,,,383.0,,,,,,,,,,,,,,,,86.1,0.1,0.1,0.14,0.51,0.63,0.24,,0.0,0.0
11160,"Sauce aux champignons, préemballée",98.8,6.26,,,,,,,15.1,6.3,2.2,2.25,3.2,0.9,17.3,0.1,0.7,9.0,6.8,0.1,38.4,90.0,,360.0,0.26,30.0,,0.94,0.59,,,0.5,0.27,0.06,1.3,0.2,0.033,28.0,0.08,83.8,,,1.32,,0.2,0.88,4.1,0.0,0.0
11100,"Sauce barbecue, préemballée",136.0,0.6,0.1,0.24,0.19,0.019,0.01,0.01,0.0,30.3,27.5,1.2,0.56,1.77,46.0,0.04,0.93,20.0,12.0,0.16,15.0,220.0,20.0,706.0,0.1,0.0,87.1,0.25,,1.62,,0.5,0.015,0.01,0.53,0.096,0.043,9.28,0.0,63.4,5.2,0.1,5.6,0.1,0.31,16.4,2.7,0.0,0.0
11170,"Sauce basquaise ou sauce aux poivrons, préemballée",63.1,2.71,0.49,0.78,1.44,0.0096,,0.01,,7.41,4.46,2.09,1.17,1.13,,,,,,,,,,460.0,,,,,,,,,,,,,,,,,,,2.11,,0.2,1.18,,0.0,0.0
11102,"Sauce béarnaise, préemballée",455.0,47.7,3.55,26.9,8.89,3.7,0.01,0.01,48.9,4.87,2.3,0.13,0.88,1.95,15.0,0.01,0.27,20.0,2.5,0.04,23.0,39.0,20.0,778.0,0.17,21.0,370.0,0.25,,89.4,,0.5,0.015,0.018,0.1,0.22,0.014,11.5,0.18,43.6,0.48,,0.58,0.2,0.2,1.25,1.7,0.0,0.0
11143,"Sauce béchamel au beurre, faite maison",147.0,10.6,2.85,,,,0.0,0.0,7.0,8.97,4.38,0.2,3.84,0.89,118.0,0.016,0.33,,14.0,0.043,98.0,156.0,,354.0,0.41,103.0,21.0,1.2,,0.9,,0.8,0.069,0.19,0.4,0.33,0.04,5.0,0.28,74.9,,,,,,,,0.0,0.0
11101,"Sauce béchamel, préemballée",105.0,7.4,4.61,1.47,0.46,0.03,0.01,0.01,30.0,6.2,3.1,1.3,2.56,0.69,82.3,0.018,0.1,25.0,7.52,0.016,33.0,126.0,4.18,274.0,0.27,64.0,20.0,0.5,0.17,,,0.5,0.04,0.12,0.27,0.27,0.045,16.0,0.17,81.3,0.1,0.1,0.1,2.92,0.1,0.18,3.1,0.0,0.0
11120,"Sauce bourguignonne, préemballée",439.0,44.6,3.55,22.9,7.67,3.73,0.01,0.01,32.0,7.85,5.79,0.53,1.34,2.76,15.0,0.05,0.7,20.0,8.8,0.07,35.0,210.0,20.0,1080.0,0.27,21.0,1710.0,0.25,,68.8,,0.5,0.025,0.03,2.77,0.26,0.035,17.4,0.2,45.5,1.4,,2.3,0.2,0.2,0.5,1.3,0.0,0.0
11196,"Sauce burger, préemballée",427.0,40.4,3.31,,,,,,20.5,13.2,10.3,0.58,1.28,2.04,19.0,,,,,,30.0,29.6,,847.0,,,,,1.5,,,,0.021,0.13,,,0.053,,,,0.6,,1.1,0.0,,7.3,,0.0,0.0
11248,"Sauce Caesar, préemballée",448.0,45.7,4.77,,,,,,,7.04,5.09,1.0,1.8,2.18,,,,,,,,,,,,,,,,,,,,,,,,,,,,,,,,,,0.0,0.0
11128,"Sauce carbonara, préemballée",160.0,12.8,8.25,,,,,,,4.7,1.0,2.65,5.17,1.49,,,,,,,,,,590.0,,,,,,,,,,,,,,,,,,,,,,,,0.0,0.0
11129,"Sauce chasseur, préemballée",38.8,1.61,,,,,,,,4.66,,0.43,1.21,1.03,4.6,,0.17,,3.91,,,78.2,,410.0,,,,,,,,,,,,,,,,91.0,,,,,,,,0.0,0.0
11218,Sauce chaude (aliment moyen),123.0,8.67,2.65,,,,,,,7.65,4.21,1.88,2.67,1.28,,,,,,,,,,498.0,,,,,,,,,,,,,,,,82.4,,,,,,,,0.0038,0.0083
11244,"Sauce cocktail, préemballée",572.0,58.7,5.0,,,,,,,9.2,7.85,0.78,1.33,1.65,,,,,,,,,,,,,,,,,,,,,,,,,,,,,,,,,,0.0,0.0
11198,"Sauce crudités ou sauce salade, allégée en matière grasse, préemballée",160.0,14.3,1.25,8.68,3.06,1.34,0.1,0.1,0.04,6.7,4.55,0.62,0.8,2.2,9.5,,0.5,0.7,3.2,0.34,10.1,13.8,0.5,1010.0,0.34,0.088,0.21,0.1,7.39,,,1.22,0.1,0.1,,0.1,0.1,,,71.4,0.5,0.5,0.5,0.3,0.5,4.25,1.83,0.0,0.0
11187,"Sauce crudités ou sauce salade, préemballée",303.0,30.5,2.53,16.3,4.78,3.15,0.01,0.01,0.0,6.17,4.17,0.56,0.61,2.33,28.0,0.01,0.19,20.0,5.1,0.03,23.0,56.0,20.0,949.0,0.12,21.0,12.3,0.5,,99.8,,0.5,0.022,0.012,0.1,0.16,0.13,5.0,,61.8,1.3,,1.7,0.2,0.2,0.4,0.9,0.0,0.0
11223,"Sauce d'huître, préemballée",50.7,0.25,0.043,,,,0.001,0.001,0.0,10.6,0.0,0.3,1.35,6.83,32.0,0.15,0.18,,4.0,0.053,22.0,54.0,,2730.0,0.09,0.0,0.0,0.0,,0.0,,0.1,0.01,0.12,1.47,0.016,0.016,15.0,0.41,80.0,,,,,,,,0.0,0.0
11213,Sauce froide (aliment moyen),318.0,31.9,2.88,12.1,6.41,2.21,0.013,0.013,12.2,6.23,4.89,0.79,0.83,2.12,21.4,0.028,0.4,12.4,10.5,0.079,24.1,115.0,17.5,854.0,0.12,9.06,230.0,1.03,,23.0,,6.67,0.063,0.026,0.4,0.16,0.038,9.79,0.15,56.9,1.21,0.19,1.6,0.081,0.11,1.88,0.95,0.018,0.0
11199,"Sauce grand veneur, préemballée",103.0,7.0,4.85,,,,,,,8.45,6.6,0.0,1.5,1.14,,,,,,,,,,440.0,,,,,,,,,,,,,,,,,,,,,,,,0.0,0.0
11105,"Sauce hollandaise, préemballée",197.0,19.8,7.23,5.54,5.31,0.07,0.01,0.01,56.7,3.2,0.7,0.5,1.19,1.19,17.0,0.01,0.2,20.0,2.6,0.02,34.0,62.0,20.0,476.0,0.18,76.7,200.0,0.25,,2.3,,9.1,0.015,0.054,0.1,0.26,0.019,10.7,0.15,72.5,0.2,,0.2,0.5,0.2,0.2,2.3,0.0,0.0
11202,"Sauce indienne type tandoori ou tikka masala, préemballée",86.7,1.7,0.35,,,,,,,14.3,12.3,1.9,2.6,2.4,,,,,,,,,,930.0,,,,,,,,,,,,,,,,,,,,,,,,0.0,0.0
11203,"Sauce kebab, préemballée",433.0,44.1,3.35,,,,,,,6.93,4.35,0.3,1.22,1.65,,,,,,,,,,600.0,,,,,,,,,,,,,,,,,,,,,,,,0.0,0.0
11121,"Sauce madère, préemballée",37.6,2.2,1.1,,,,,,,3.6,1.9,0.5,0.6,1.1,,,,,,,,160.0,,440.0,,,,,,,,,,,,,,,,,,,,,,,,0.0,0.0
11157,"Sauce moutarde, préemballée",233.0,22.8,,,,,,,40.8,4.7,0.8,1.2,1.66,2.35,34.3,0.1,0.5,4.0,12.5,0.1,36.0,68.7,1.6,940.0,0.3,44.0,29.0,0.5,7.4,,,0.5,0.056,0.05,0.26,0.16,0.052,20.0,0.08,65.4,,,,,,,3.9,0.0,0.0
11194,"Sauce nuoc mâm ou sauce au poisson, préemballée",81.2,0.0,0.0,,,,,,,10.9,8.34,0.2,9.3,22.2,,,,,,,,,,8860.0,,,,,,,,,,,,,,,,,,,,,,,,0.0,0.0
11210,"Sauce pesto rosso, préemballée",305.0,27.0,3.95,,,,,,,8.58,2.75,4.15,4.8,1.99,,,,,,,,,,775.0,,,,,,,,,,,,,,,,,1.45,,1.3,0.1,0.1,0.1,,0.0,0.0
11179,"Sauce pesto, préemballée",370.0,35.4,4.39,17.3,11.6,0.06,0.01,0.01,18.2,6.6,3.2,2.5,3.94,2.64,150.0,0.28,0.59,20.0,36.0,0.38,94.0,200.0,20.0,1060.0,0.66,13.0,831.0,0.25,,127.0,,92.6,0.047,0.097,0.59,0.31,0.073,25.8,,46.6,0.2,,0.9,1.0,0.3,0.8,1.9,0.5,0.0
11245,"Sauce pommes frites, préemballée",330.0,31.6,2.55,,,,,,,10.3,6.59,0.2,0.82,2.08,,,,,,,,,,,,,,,,,,,,,,,,,,,,,,,,,,0.0,0.0
11217,"Sauce pour nems à base de nuoc-mam dilué, préemballée",132.0,0.5,0.01,0.01,0.01,0.01,0.01,0.01,,31.2,30.9,0.0,1.38,4.29,6.5,0.01,0.1,20.0,29.0,0.01,3.4,53.0,20.0,1710.0,0.05,,5.0,0.25,,0.8,,,0.015,0.013,6.38,0.065,0.01,5.0,,,9.6,,4.6,0.2,0.2,16.7,0.0,0.5,0.0
11205,"Sauce rouille, préemballée",551.0,59.8,4.3,,,,,,,2.7,0.8,0.5,0.6,1.6,,,,,,,,,,470.0,,,,,,,,,,,,,,,,,,,,,,,,0.0,0.0
11246,"Sauce samouraï, préemballée",523.0,55.2,4.43,,,,,,,5.09,3.04,0.65,1.11,2.05,,,,,,,,,,,,,,,,,,,,,,,,,,,,,,,,,,0.0,0.0
11216,"Sauce soja sucrée, préemballée",171.0,0.5,0.01,0.01,0.01,0.01,0.01,0.01,,39.5,39.5,0.0,2.88,6.9,18.0,0.01,0.62,20.0,17.0,0.35,39.0,410.0,20.0,2760.0,0.41,,5.0,0.25,,0.8,,,0.015,0.01,1.18,0.07,0.039,11.5,,42.1,6.5,,8.5,0.2,1.4,23.1,,0.5,0.0
11104,"Sauce soja, préemballée",39.9,0.5,0.006,0.006,0.006,0.006,0.006,0.006,0.0,1.72,0.0,0.9,7.25,13.1,28.9,0.02,2.1,13.2,60.9,0.86,141.0,375.0,3.2,5250.0,0.78,0.0,30.0,0.0,,5.3,0.0,2.64,0.03,0.1,0.2,0.15,0.11,,0.1,75.4,0.5,,0.5,0.5,0.5,0.5,0.1,0.01,0.0
11051,"Sauce tartare, préemballée",500.0,52.7,4.39,29.8,11.3,4.52,0.01,0.01,35.1,5.11,3.32,0.34,0.92,2.06,15.0,0.02,0.32,20.0,3.9,0.04,25.0,54.0,20.0,799.0,0.16,,23.3,0.25,,154.0,,0.5,0.019,0.015,0.1,0.22,0.022,5.23,0.31,37.1,1.07,,1.46,0.2,0.2,0.78,0.8,0.0,0.0
11301,"Sauce teriyaki, préemballée",88.1,0.02,0.0,,,,0.0,0.0,0.0,16.0,14.1,0.1,5.93,9.58,25.0,0.1,1.7,,61.0,0.0,154.0,225.0,,3830.0,0.1,0.0,0.0,0.0,,0.0,,0.0,0.03,0.07,1.27,0.2,0.1,8.0,0.0,67.7,,,,,,,,0.0,0.0
11114,"Sauce tomate à la viande ou sauce bolognaise, préemballée",93.8,4.81,1.78,1.49,0.66,0.018,0.00085,0.005,13.7,7.27,4.74,2.29,4.22,1.18,22.9,0.097,0.87,8.0,29.9,0.11,40.0,426.0,10.0,469.0,0.82,2.0,415.0,0.5,1.88,,,7.55,0.25,0.057,1.65,0.16,0.19,39.0,0.31,82.4,2.19,,1.79,,0.22,0.76,1.7,0.0,0.0
11208,"Sauce tomate au fromage, préemballée",180.0,14.2,3.83,,,,,,,8.09,4.6,2.41,3.94,1.31,,,,,,,,,,516.0,,,,,,,,,,,,,,,,,,,,,,,,0.0,0.0
11177,"Sauce tomate aux champignons, préemballée",68.3,2.68,0.26,0.38,0.86,0.01,0.01,0.01,0.7,7.78,4.58,2.35,1.79,1.04,12.0,0.07,0.44,20.0,14.0,0.15,32.0,150.0,20.0,410.0,0.18,,1070.0,0.94,,0.8,,8.54,0.03,0.02,2.22,0.16,0.062,34.5,0.074,86.1,1.85,,1.76,0.2,0.2,0.97,0.35,0.0,0.0
11107,"Sauce tomate aux oignons, préemballée",78.8,4.18,0.49,0.75,0.63,0.038,,0.01,0.0,7.69,5.44,2.17,1.52,1.17,24.4,0.098,0.58,18.2,24.7,0.1,26.0,553.0,10.0,467.0,0.17,0.0,259.0,0.0,,2.8,,5.45,0.027,0.093,0.86,0.31,0.079,9.0,0.0,84.7,1.74,0.0,1.91,0.0,0.0,0.49,,0.0,0.0
11178,"Sauce tomate aux olives, préemballée",110.0,7.32,0.88,4.51,1.62,0.05,0.01,0.01,0.7,7.5,3.68,3.34,1.41,1.83,30.0,0.09,0.96,20.0,9.1,0.11,30.0,160.0,20.0,738.0,0.17,,1720.0,,,4.62,,3.75,0.025,0.01,3.26,0.41,0.06,16.5,,80.9,1.64,,1.47,0.2,0.2,0.57,0.5,0.0,0.0
11207,"Sauce tomate aux petits légumes, préemballée",66.8,2.9,0.35,1.46,0.47,0.18,,0.01,,7.57,5.22,2.12,1.54,0.99,,,,,,,,,,389.0,,,,,,,,,,,,,,,,,,,1.78,,0.2,0.54,,0.0,0.0
25525,Sauce tomate cuisinée pour pizza,41.5,0.75,0.097,0.1,0.23,0.074,0.00025,0.00025,0.0,4.71,4.57,2.81,2.04,0.96,50.0,,0.9,,18.0,,29.0,908.0,,385.0,,0.0,,0.0,2.9,,,7.0,0.07,0.05,1.13,0.4,0.15,22.0,0.0,86.8,2.47,,2.07,0.2,0.2,0.4,,,0.0
11219,"Sauce végétale type bolognaise, aux protéines de soja, préemballée",68.0,3.0,0.48,1.17,1.07,0.03,0.01,0.01,,5.05,5.05,2.46,3.56,0.77,27.0,0.21,0.91,20.0,25.0,0.23,52.0,400.0,20.0,309.0,0.36,,457.0,0.25,,7.35,,1.1,0.027,0.014,0.88,0.16,0.076,18.8,,83.7,2.4,0.1,2.27,0.1,0.1,0.39,0.0,0.0,0.0
11110,"Sauce vinaigrette (50 à 75% d'huile), préemballée",475.0,51.0,5.52,,,,,,0.7,2.91,2.11,0.75,0.55,2.2,20.0,0.02,0.64,20.0,12.0,0.14,33.0,110.0,50.0,1010.0,0.18,21.0,30.0,0.0,,98.8,,0.5,0.12,0.01,0.4,0.046,0.049,6.58,0.037,40.4,0.2,,0.2,0.2,0.2,1.2,0.35,0.0,0.0
11108,"Sauce vinaigrette à l'huile d'olive (50 à 75% d'huile), préemballée",471.0,50.5,5.15,,,,,,,3.03,2.73,0.53,0.7,2.47,7.63,0.014,,1.0,0.11,0.0067,,,3.35,953.0,0.018,,,,,,,,,,,,,,,35.1,,,,,,,,0.0,0.0
11109,"Sauce vinaigrette allégée en matière grasse (25 à 50% d'huile), préemballée",251.0,26.4,2.2,13.5,6.44,1.77,0.01,0.01,0.7,2.39,1.73,0.5,0.25,1.9,21.0,0.01,0.18,20.0,6.3,0.05,15.0,32.0,50.0,761.0,0.08,21.0,185.0,1.8,,0.0,,0.5,0.026,0.01,0.21,0.13,0.01,9.98,0.15,67.3,0.41,0.1,1.05,0.1,0.1,0.27,0.66,0.0,0.0
30780,Saucisse (aliment moyen),286.0,23.4,9.62,8.82,2.24,0.23,0.021,0.019,77.8,1.22,0.81,0.24,17.4,2.06,21.7,0.068,1.24,11.9,19.6,0.039,150.0,414.0,8.48,828.0,2.14,16.2,178.0,0.33,,,,5.76,0.3,0.16,4.15,0.52,0.18,6.3,0.77,55.3,,,,,,,0.33,0.074,0.0
30125,Saucisse alsacienne fumée ou gendarme,300.0,24.9,8.56,,,0.17,,,84.6,,,0.0,19.0,2.75,18.3,0.1,2.2,2.0,21.3,0.1,202.0,283.0,,1100.0,1.5,6.0,,0.5,0.64,,,16.8,0.37,0.15,5.35,0.54,0.25,16.0,0.95,49.5,,,,,,,,0.0,0.0
30746,Saucisse cocktail,290.0,25.9,9.59,10.7,2.71,0.23,,,64.7,1.46,1.09,0.27,12.7,2.1,31.6,0.1,0.65,10.5,20.0,0.1,112.0,305.0,5.0,849.0,1.1,3.5,0.0,0.5,0.22,0.0,,8.8,0.2,0.14,2.43,0.3,0.13,24.2,0.8,59.5,0.15,,1.04,,0.15,0.03,,0.0,0.0
30766,Saucisse de bière,319.0,29.7,,,,,,,,,,0.0,13.0,,,,,,,,,,20.9,,,,,0.9,,,,,,,,,,3.0,0.87,53.6,,,,,,,,0.0,0.0
30176,Saucisse de foie,374.0,35.9,12.0,,,,,,128.0,0.9,0.9,0.3,11.7,2.03,41.0,,5.3,,,,154.0,143.0,58.0,810.0,2.7,102.0,0.0,1.09,2.15,,,2.0,0.24,0.92,3.6,,0.17,23.0,,50.7,,,,0.9,,,0.0,0.0,0.0
30134,Saucisse de Francfort,279.0,23.4,9.0,10.6,2.75,0.22,,,73.1,3.37,1.0,0.5,13.7,2.0,16.5,0.18,0.91,14.0,11.9,0.2,152.0,164.0,5.48,790.0,1.4,0.0,0.0,0.26,,,,,0.29,0.2,2.47,,0.11,1.6,0.42,56.7,0.3,,0.28,0.3,0.3,0.3,0.75,0.0,0.0
30764,Saucisse de jambon pur porc,236.0,17.5,6.8,,,,,,,3.96,0.7,0.0,15.7,2.0,,,,,,,,,12.7,780.0,,,0.0,1.4,0.26,0.3,,,,,,,,5.0,0.93,60.8,,,,,,,,0.0,0.0
30778,Saucisse de langue à la pistache,294.0,25.8,,,,,,,,,,0.0,15.3,,,,,,,,,,,,,,,,,,,,,,,,,,,55.6,,,,,,,,0.0,0.0
30105,"Saucisse de Montbéliard, à cuire",322.0,27.3,10.0,12.0,2.77,0.28,,,78.0,1.72,0.5,0.0,17.3,2.33,29.9,0.1,0.5,29.7,26.8,0.1,146.0,311.0,5.0,931.0,2.0,6.5,0.0,0.5,0.34,,,0.5,0.53,0.18,5.28,0.74,0.34,28.5,0.63,50.5,,,,,,,,0.0,0.0
30104,Saucisse de Morteau,398.0,36.6,,,,,,,,1.17,0.5,0.0,16.0,2.6,,,,7.0,,,,,18.3,1040.0,,,0.0,1.1,0.25,0.0,,,,,,,,1.0,0.66,43.7,,,,0.0,,,,0.0,0.0
30108,Saucisse de Morteau bouillie/cuite à l'eau,323.0,29.1,12.2,12.6,3.47,0.26,,,77.3,0.0,0.0,0.0,15.2,2.02,8.4,0.1,0.8,9.0,15.0,0.1,126.0,230.0,7.0,809.0,1.9,11.0,30.0,0.5,0.25,0.0,,1.0,0.41,0.15,3.75,0.61,0.27,20.0,0.49,49.6,,,,,,,0.0,0.0,0.0
30742,"Saucisse de Strasbourg ou knack, à cuire",291.0,25.9,10.9,8.2,2.75,0.22,0.0013,0.0027,73.1,1.39,1.06,1.37,12.4,1.99,23.7,0.065,1.12,7.0,13.4,0.015,152.0,204.0,10.0,807.0,1.13,,0.0,0.26,0.38,,,9.4,0.29,0.2,2.47,,0.11,1.6,0.42,57.9,0.3,,0.93,,0.3,0.13,,0.0,0.0
30743,"Saucisse de Strasbourg ou knack, à teneur réduite en sel, à cuire",284.0,25.3,9.83,,,,,,,1.5,1.37,0.8,12.0,1.48,,,,,,,,,27.8,590.0,,,0.0,,,,,,,,,,,3.0,0.49,,,,,,,,,0.0,0.0
30110,Saucisse de Toulouse crue,321.0,29.5,11.3,8.6,2.95,0.24,0.042,0.052,65.9,0.64,0.5,0.0,13.3,1.89,28.9,0.069,0.9,7.0,21.7,0.023,137.0,,11.2,747.0,2.22,,0.0,1.5,0.22,0.0,,,,,,,,0.0,2.0,53.2,,,,0.0,,,,0.0,0.0
30011,Saucisse de Toulouse cuite,279.0,22.1,8.2,9.31,2.45,0.18,0.042,0.052,88.5,1.28,0.6,0.0,18.8,1.71,11.5,0.1,0.9,8.0,18.2,0.1,141.0,650.0,9.0,686.0,2.2,14.0,30.0,0.5,0.25,3.4,,1.0,0.41,0.22,4.4,0.56,0.24,20.0,0.41,54.9,,,,,,,1.0,0.0,0.0
30130,Saucisse de volaille façon charcutière,239.0,19.1,6.2,,,,,,,1.14,0.9,0.0,15.6,1.75,8.0,,,,,,,,20.2,,,,0.0,,,,,,,,,,,6.0,1.6,59.8,,,,,,,,0.0,0.0
30131,Saucisse de volaille type knack,236.0,18.9,5.34,7.27,3.42,0.44,0.01,0.01,60.0,1.82,1.01,0.0,14.0,1.87,,,,,,,,,20.2,746.0,,,0.0,,,,,,,,,,,6.0,1.6,64.0,0.1,0.1,0.45,0.56,0.1,0.1,0.0,0.0,0.0
1034,"Saucisse de volaille type knack (contenant du soja), préemballée",208.0,15.8,4.75,5.25,3.72,0.44,0.006,0.006,78.1,2.72,0.64,1.1,12.1,2.84,61.1,0.068,1.3,2.5,15.2,0.062,201.0,189.0,7.8,1140.0,1.6,19.9,30.0,0.0,,0.9,34.2,18.8,0.05,0.09,2.95,0.4,0.1,,0.62,63.7,0.1,,0.56,0.1,0.1,0.08,2.08,0.0,0.0
30102,Saucisse fumée à cuire,336.0,30.4,,,,,,,,,0.0,0.0,15.6,2.04,,,,,,,,,18.3,755.0,,,0.0,1.1,0.25,0.0,,,,,,,,1.0,0.66,49.5,0.3,,0.3,,0.3,0.3,,0.0,0.0
30309,Saucisse sèche,460.0,37.1,14.5,,,,,,,4.04,1.21,0.59,27.3,4.74,,,,7.0,,,,,25.4,1900.0,,,,,,,,,,,,,,2.0,2.8,26.2,,,,,,,,0.0,0.0
25232,"Saucisse végétale au blé ou seitan, préemballé",250.0,10.5,2.79,6.32,0.78,0.04,0.01,0.01,,7.53,1.74,4.6,27.1,1.82,37.0,0.27,1.7,20.0,32.0,0.75,110.0,200.0,20.0,728.0,1.8,,132.0,0.25,,2.29,,0.5,0.11,0.16,0.49,0.46,0.078,40.6,,47.7,0.59,0.1,0.48,0.1,0.67,0.1,1.8,0.0,0.0
20337,"Saucisse végétale au tofu (convient aux véganes ou végétaliens), préemballée",228.0,16.3,1.95,4.8,8.24,0.37,0.01,0.01,,5.69,0.5,3.0,13.4,1.68,140.0,0.23,2.0,20.0,58.0,0.86,210.0,120.0,20.0,670.0,1.4,,98.2,0.25,,12.8,,0.5,0.042,0.026,0.18,0.19,0.027,17.3,,60.4,0.1,0.1,0.21,0.1,0.1,0.29,2.4,0.0,0.0
30750,Saucisse viennoise crue,233.0,21.3,,,,,,,,,,0.0,10.3,,,,,,,,,,11.3,,,,0.0,,,,,,,,,,,,1.0,56.8,,,,,,,,0.0,0.0
30700,Saucisson à l'ail,276.0,23.6,9.92,,,0.18,0.0,,,0.56,0.56,0.63,15.0,2.0,9.0,,2.3,7.0,9.0,,174.0,230.0,12.7,783.0,,,0.0,1.4,0.26,0.3,,5.0,0.16,0.22,2.6,,,5.0,0.93,57.2,,,,0.0,,,,0.0,0.0
30707,"Saucisson brioché, cuit",303.0,17.4,8.6,6.01,1.47,0.13,0.0081,0.016,86.4,20.9,3.8,2.0,14.7,1.38,19.0,0.09,1.1,20.0,21.0,0.22,160.0,240.0,50.0,550.0,1.7,49.7,,0.5,,0.8,,,0.3,0.14,2.66,1.02,0.18,12.0,0.54,42.4,0.6,,0.5,0.2,0.8,0.4,15.8,0.0,0.0
30801,Saucisson de cheval type cervelas,244.0,20.0,7.1,7.5,2.12,0.6,0.01,0.01,48.2,1.4,1.4,0.0,14.2,2.46,15.0,0.09,1.9,20.0,13.0,0.05,290.0,200.0,20.0,985.0,1.9,21.0,,0.25,,,,,0.059,0.064,2.04,0.41,0.15,6.18,2.18,57.6,0.2,,0.56,0.84,0.2,0.2,,0.0,0.0
30701,Saucisson pur porc cuit,322.0,29.0,,,,,0.0,,,1.3,,0.0,13.8,1.9,,,,,,,,,12.7,,,,0.0,1.4,0.26,0.3,,5.0,,,,,,5.0,0.93,52.1,,,,,,,,0.0,0.0
30300,Saucisson sec,418.0,33.1,11.3,14.0,3.04,0.21,0.0078,0.016,99.4,5.48,2.55,0.73,24.2,4.75,14.4,0.099,1.27,7.0,32.0,0.12,237.0,583.0,10.0,1900.0,2.7,0.0,0.0,0.5,,,,5.0,0.62,0.37,8.55,,0.43,1.64,0.67,30.0,,,,,,,2.6,0.0,0.0
30314,Saucisson sec allégé en matière grasse,286.0,15.7,5.0,,,,,,,1.57,1.57,0.5,34.6,5.8,,,,,,,,,25.4,2320.0,,,,,,,,,,,,,,2.0,2.8,,,,,,,,,0.0,0.0
30311,Saucisson sec aux noix et/ou noisettes,477.0,39.7,14.1,,,,,,,1.78,1.04,0.75,27.7,4.31,,,,,,,,,,1660.0,,,,,,,,,,,,,,,,,,,,,,,,0.0,0.0
30308,Saucisson sec de Lyon pur porc,255.0,22.0,6.5,,,,,,,0.83,0.83,1.0,12.8,2.54,,,,,,,,,25.4,1000.0,,,,,,,,5.0,,,,,,2.0,2.8,,,,,,,,,0.0,0.0
30301,Saucisson sec pur porc,417.0,32.3,12.2,11.8,3.42,0.27,0.01,0.01,99.3,1.79,1.4,0.0,28.7,4.46,15.8,0.4,1.68,4.1,26.7,0.2,243.0,525.0,11.8,1780.0,3.6,,,0.55,0.58,,,5.0,0.6,0.3,8.64,,0.43,1.35,0.68,32.8,0.1,0.12,0.13,1.15,0.1,0.1,0.0,0.0,0.0
30302,"Saucisson sec pur porc, qualité supérieure",368.0,27.6,10.9,,2.54,0.2,,,100.0,2.1,1.9,0.5,27.7,4.22,20.0,0.3,1.6,,29.5,0.2,260.0,510.0,5.0,1790.0,3.5,,,0.45,0.74,,,5.0,0.7,,8.2,,0.45,2.8,0.66,36.9,,,,,,,,0.0,0.0
11069,"Sauge, fraîche",34.9,0.5,0.01,0.01,0.01,0.01,0.01,0.01,0.0,0.97,0.3,7.0,4.0,0.028,230.0,0.13,4.6,20.0,54.0,1.9,57.0,510.0,20.0,11.1,0.28,0.0,652.0,0.25,,44.9,,0.5,0.14,0.09,0.1,0.68,0.14,,,85.6,0.2,,0.3,0.2,0.2,0.2,0.35,0.5,0.0
11037,"Sauge, séchée",320.0,12.8,7.03,,,,0.0,0.0,0.0,20.4,1.71,40.3,10.6,0.028,1650.0,0.76,28.1,,428.0,3.13,91.0,1070.0,,11.0,4.7,0.0,3490.0,0.0,,1710.0,,32.4,0.75,0.34,5.72,,2.69,,0.0,7.96,,,,,,,,0.0,0.0
26223,"Saumon argenté du Pacifique (coho), cru",147.0,6.8,1.54,,,,0.41,0.74,48.0,0.0,0.0,0.0,21.4,0.12,24.0,0.05,0.45,,31.0,0.013,277.0,437.0,,46.5,0.42,48.0,0.0,9.0,,0.1,,1.05,0.1,0.13,7.02,0.98,0.6,11.0,3.42,71.6,,,,,,,0.0,0.0,0.0
25210,"Saumon farci, préemballé",227.0,16.2,3.8,,,,,,,0.4,0.4,2.4,18.8,0.65,,,,,,,,,,,,,,,,,,,,,,,,,,,,,,,,,,0.0,0.0
26037,Saumon fumé,184.0,10.5,1.81,1.76,0.72,0.25,0.63,0.79,72.1,0.13,0.13,0.26,22.2,2.86,5.97,0.035,0.16,40.0,38.3,0.0098,315.0,551.0,10.0,1220.0,0.24,15.0,8.0,5.45,2.85,0.0,,0.0,0.18,0.15,9.2,0.79,0.52,10.0,3.35,64.3,0.1,,0.1,0.0,0.1,0.1,0.0,0.0,0.0
25993,"Saumon fumé, à l'aneth et au citron",201.0,12.8,1.93,,,,,,,0.37,0.37,0.0001,21.2,2.67,,,,,,,,,,1200.0,,,,,,,,,,,,,,,,,,,,,,,0.0,0.0,0.0
25992,"Saumon fumé, aux cinq baies",199.0,11.4,2.39,,,,,,,1.44,0.56,0.0001,22.6,2.89,,,,,,,,,,,,,,,,,,,,,,,,,,,,,,,,,0.0,0.0,0.0
25077,"Saumon sauce à l'oseille, préemballé",157.0,9.5,4.0,,0.57,0.18,,,,8.23,0.5,0.5,9.5,0.59,,,,,,,,,,235.0,,,,,,,,,,,,,,,,71.2,0.3,,0.3,,0.3,0.3,,0.0,0.0
26119,"Saumon, appertisé, égoutté",144.0,4.5,0.81,1.75,0.091,0.052,0.53,0.72,64.0,4.9,0.0,0.0,21.0,1.02,181.0,0.044,0.53,49.3,33.5,0.048,305.0,280.0,30.7,406.0,0.75,71.0,0.0,18.1,1.88,0.0,,0.0,0.03,0.2,6.45,0.65,0.34,12.0,3.55,67.5,0.0,,0.0,0.0,0.0,0.0,,0.0,0.0
26038,"Saumon, cuit à la vapeur",199.0,11.5,2.39,1.29,0.39,0.18,0.64,1.11,36.3,0.9,0.0,0.0,23.0,0.13,9.23,0.026,0.4,17.0,21.4,0.007,270.0,390.0,19.0,51.5,0.39,5.0,0.0,8.7,1.14,0.1,,0.0,0.22,0.11,7.0,1.09,0.49,11.7,3.05,63.5,0.0,,0.0,0.0,0.0,0.0,0.0,0.0,0.0
25996,"Saumon, cuit, sans précision (aliment moyen)",205.0,12.2,2.48,,,,0.68,1.34,54.5,0.61,0.0,0.0,23.2,0.13,10.2,0.044,0.36,,28.4,0.026,239.0,383.0,,50.4,0.41,,,,,,,2.45,0.26,0.092,7.45,1.4,0.5,19.7,2.8,62.8,,,,,,,0.0,0.0,0.0
26217,"Saumon, élevage, bouilli/cuit à l'eau",193.0,10.3,,,,,,,,0.0,0.0,0.0,25.0,0.084,4.6,0.1,0.3,,29.7,0.1,150.0,347.0,5.0,33.6,0.4,14.0,,3.45,2.63,,,,0.25,0.056,6.25,1.5,0.58,28.0,,63.4,,,,,,,0.0,0.0,0.0
26036,"Saumon, élevage, cru",193.0,12.4,2.15,2.56,1.15,0.32,0.62,0.88,53.6,0.0,0.0,0.25,20.5,0.16,5.84,0.1,0.48,8.21,27.4,0.1,181.0,358.0,16.5,45.4,0.36,4.27,0.008,4.92,3.55,0.3,0.25,1.8,0.21,0.076,8.25,0.95,0.58,20.8,3.95,66.5,0.088,0.05,0.088,0.017,0.088,0.088,0.0,0.0,0.0
26211,"Saumon, élevage, cuit au micro-onde",200.0,11.4,,,,,,,,0.0,0.0,0.0,24.2,0.098,5.0,0.1,0.4,,31.6,0.1,250.0,402.0,5.0,39.0,0.4,15.0,,3.3,2.4,,,,0.21,0.054,7.6,1.45,0.71,19.0,,63.0,,,,,,,0.0,0.0,0.0
26696,"Saumon, élevage, fumé",188.0,11.0,1.89,,,,,,,0.14,0.0,0.0,22.1,2.86,,,,,,,,,,,,,,,,,,,,,,,,,,,,,,,,,0.0,0.0,0.0
26230,"Saumon, élevage, rôti/cuit au four",214.0,13.5,2.5,,,,0.69,1.46,63.0,0.98,0.0,0.0,22.1,0.15,15.0,0.049,0.34,,30.0,0.016,252.0,384.0,41.4,61.0,0.43,,0.0,13.1,1.14,0.1,,3.7,0.3,0.11,8.05,1.49,0.39,21.1,2.65,62.2,,,,,,,0.0,0.0,0.0
26229,"Saumon, grillé/poêlé",223.0,13.5,2.87,1.79,,,0.78,1.5,71.8,0.0,0.0,0.0,25.5,0.11,8.4,0.05,0.43,13.5,31.7,0.05,263.0,414.0,11.0,44.2,0.48,17.5,,,3.52,,,,0.23,0.086,8.15,1.7,0.34,18.0,3.4,60.1,,,,,,,0.0,0.0,0.0
26161,"Saumon, sauvage, cru",166.0,9.17,1.92,1.52,,,0.32,1.12,53.0,0.0,0.0,0.0,21.0,0.12,13.5,0.16,0.66,12.2,29.2,0.016,225.0,436.0,27.0,46.0,0.58,19.5,,8.6,,0.3,0.3,0.0,0.21,0.24,8.83,1.48,0.49,13.1,4.84,68.4,,,,,,,0.0,0.0,0.0
26695,"Saumon, sauvage, fumé",121.0,2.91,0.71,,,,,,,0.048,0.0,0.0,23.6,2.93,,,,,,,,,,,,,,,,,,,,,,,,,,,,,,,,,0.0,0.0,0.0
26111,"Saupe, crue",96.5,2.5,,,,,,,,0.5,0.0,0.0,18.0,,28.0,0.6,4.3,,27.0,0.1,,540.0,,,3.3,,,,,,,,,,,,,,,78.0,,,,,,,0.0,0.0,0.0
25035,"Sauté d'agneau au curry, préemballé",167.1,13.9,6.7,,,,,,,,,1.0,10.5,0.71,17.5,0.07,2.15,,13.3,0.04,181.0,200.0,,284.0,2.77,,,,,,,,,,,,,,,73.5,,,,,,,,0.0,0.0
20090,"Scarole, crue",20.5,0.23,0.049,0.004,0.075,0.013,0.0,0.0,0.0,2.0,0.7,2.3,1.44,0.036,53.7,0.099,0.38,0.4,14.0,0.42,30.3,314.0,0.6,13.7,0.5,0.0,1500.0,0.0,0.44,231.0,,11.5,0.08,0.12,0.33,0.9,0.013,142.0,0.0,92.9,,,,,,,0.2,,0.0
26210,"Sébaste du nord ou grand sébaste, ou dorade sébaste, ou daurade sébaste, crue",89.5,1.6,0.31,0.16,0.019,0.0058,0.097,0.22,47.2,0.0,0.0,0.0,18.8,0.18,12.5,0.1,0.26,21.7,27.5,0.1,168.0,333.0,28.3,72.8,0.33,6.9,0.0,3.96,,0.0,0.0,0.0,0.063,0.07,2.16,0.17,0.19,9.0,1.78,78.4,0.0,0.0,0.0,0.0,0.0,0.0,0.0,0.0,0.0
10016,"Seiche, crue",76.3,1.05,0.37,0.046,0.014,0.0097,0.07,0.22,111.0,0.51,0.0,0.0,16.2,0.93,37.1,0.76,2.74,21.0,31.0,0.082,236.0,351.0,65.0,372.0,1.81,25.0,0.0,0.0,,,,5.3,0.057,0.37,2.1,0.5,0.33,14.0,2.5,80.6,0.0,,0.0,0.0,0.0,0.0,0.0,0.0,0.0
9390,"Seigle complet, cru",332.0,1.63,0.2,0.21,0.68,0.089,0.0,0.0,0.0,60.8,0.98,15.1,10.3,0.005,24.0,0.37,2.63,2.7,110.0,2.58,332.0,510.0,4.25,2.0,2.65,0.0,7.0,0.0,,5.9,,0.0,0.32,0.25,4.27,1.46,0.29,,0.0,10.6,0.11,0.0,0.16,0.0,0.0,0.71,53.8,0.0,0.0
25598,"Seitan, préemballé",134.0,2.5,0.38,1.48,0.42,0.02,0.01,0.01,,6.74,0.81,0.9,20.6,1.13,20.0,0.23,1.5,20.0,18.0,0.61,62.0,75.0,30.0,451.0,1.2,0.0,24.6,0.5,,0.8,,0.5,0.036,0.03,6.92,0.16,0.022,14.7,0.038,67.8,0.12,0.1,0.17,0.1,0.52,0.1,5.93,0.0,0.0
11044,Sel au céleri,49.0,2.53,,,,,,,0.0,4.14,0.0,1.19,1.81,87.5,,,,,,,,,,35000.0,,0.0,,,,,,,,,,,,,,,,,,,,,,0.0,0.0
11096,"Sel blanc alimentaire, iodé, fluoré à 25 mg /100 g (marin, ignigène ou gemme)",0.0,0.0,0.0,0.0,0.0,0.0,0.0,0.0,0.0,0.0,0.0,0.0,0.0,97.8,13.3,,,1860.0,3.15,,,16.9,,39100.0,,0.0,,,,,,,,,,,,,,0.027,,,,,,,0.0,0.0,0.0
11058,"Sel blanc alimentaire, iodé, non fluoré (marin, ignigène ou gemme)",0.0,0.0,0.0,0.0,0.0,0.0,0.0,0.0,0.0,0.0,0.0,0.0,0.0,97.8,13.3,,,1860.0,3.15,,,16.9,,39100.0,,0.0,,,,,,,,,,,,,,0.027,,,,,,,0.0,0.0,0.0
11017,"Sel blanc alimentaire, non iodé, non fluoré (marin, ignigène ou gemme)",0.0,0.0,0.0,0.0,0.0,0.0,0.0,0.0,0.0,0.0,0.0,0.0,0.0,97.8,13.3,0.03,0.33,1.8,3.15,0.1,0.0,16.9,1.1,39100.0,0.1,0.0,0.0,0.0,,0.0,,0.0,0.0,0.0,0.0,0.0,0.0,0.0,0.0,0.027,,,,,,,0.0,0.0,0.0
11083,"Sel marin gris, non iodé, non fluoré",0.0,0.0,0.0,0.0,0.0,0.0,0.0,0.0,0.0,0.0,0.0,0.0,0.0,80.5,181.0,,,200.0,503.0,,,99.3,,32200.0,,0.0,,,,,,,,,,,,,,5.09,,,,,,,0.0,0.0,0.0
12845,Selles-sur-Cher (fromage de chèvre),289.0,23.5,17.5,2.56,0.37,0.088,0.0066,,,1.17,0.58,0.0,18.8,1.47,161.0,,,56.0,,,,,,562.0,,,,,0.6,,,,,,,,,,0.1,53.1,0.1,0.2,0.02,,0.1,0.1,0.0,0.0,0.0
39218,"Semoule au lait, rayon frais",132.0,4.73,2.24,,0.086,0.014,,,10.1,18.9,12.8,0.33,3.41,0.11,83.7,0.036,1.0,8.4,11.0,0.038,177.0,135.0,2.2,37.8,0.39,14.0,53.0,0.7,,,,0.5,0.05,0.14,0.13,0.39,0.05,5.0,0.2,67.2,1.15,0.0016,1.15,2.66,0.43,7.42,5.8,0.0,0.0
9610,"Semoule de blé dur, crue",350.0,1.28,0.23,0.12,0.4,0.028,0.0,0.0,0.0,69.8,1.0,3.7,11.8,0.0025,17.0,0.19,1.23,3.5,47.0,0.62,136.0,186.0,1.0,1.0,1.05,0.0,,0.0,,30.0,,0.0,0.28,0.08,3.31,0.58,0.1,72.0,0.0,12.7,,,,,,,,0.0,0.0
9685,"Semoule ou graine de couscous complète, cuite, sans sel ajouté",142.0,1.0,0.21,0.13,0.41,0.028,0.002,0.002,1.0,26.8,1.38,3.7,4.28,0.04,14.0,0.18,0.74,2.5,28.3,0.67,86.6,136.0,5.0,16.0,0.83,0.0,30.0,,,,,2.0,0.1,0.1,0.22,0.17,0.04,3.6,,63.8,0.08,0.08,0.08,0.08,1.06,0.26,22.1,0.0,0.0
9686,"Semoule ou graine de couscous semi-complète, cuite, sans sel ajouté",170.0,1.0,0.22,0.14,0.45,0.031,0.002,0.002,1.0,32.4,1.15,3.2,5.59,0.02,20.4,0.22,1.1,13.0,37.4,0.75,123.0,166.0,5.0,8.0,1.3,0.0,30.0,,,,,2.0,0.11,0.1,0.22,0.19,0.04,3.6,,57.2,0.08,0.08,0.08,0.08,0.84,0.27,24.1,0.0,0.0
9683,"Semoule ou graine de couscous, cuite, sans sel ajouté",164.0,0.9,0.21,0.12,0.42,0.027,0.002,0.002,1.0,31.0,3.36,2.8,5.81,0.038,15.0,0.16,0.76,2.5,25.9,0.45,90.2,133.0,9.5,15.0,0.75,0.0,30.0,0.0,,0.8,,2.0,0.09,0.1,0.2,0.16,0.03,3.5,0.0,59.0,0.08,0.08,0.08,0.08,3.23,0.08,27.7,0.0,0.0
15010,"Sésame, graine",606.0,49.7,6.96,18.7,21.2,0.26,0.0,0.0,0.0,12.8,0.3,11.8,17.7,0.1,962.0,1.58,14.6,5.0,324.0,1.24,629.0,468.0,26.5,2.31,5.74,0.0,5.0,0.0,0.25,0.0,,0.0,0.79,0.25,4.52,0.05,0.79,97.0,0.0,3.48,,,,,,,0.4,,0.0
15035,"Sésame, graine décortiquée",620.0,51.0,7.9,19.0,21.8,0.39,0.0,0.0,0.0,10.3,0.48,11.6,20.4,0.12,60.0,1.4,6.36,0.2,345.0,1.44,667.0,370.0,24.4,47.0,6.73,0.0,40.0,0.0,1.68,0.0,,0.0,0.7,0.09,5.8,0.29,0.4,,0.0,3.75,0.07,0.0,0.1,0.0,0.0,0.31,,,0.0
15038,"Sésame, grillé, graine décortiquée",582.0,48.0,6.72,,,,0.0,0.0,0.0,9.14,0.48,16.9,17.0,0.098,131.0,1.46,7.78,,346.0,1.43,774.0,406.0,,39.0,10.2,0.0,40.0,0.0,0.25,0.0,,0.0,1.21,0.47,5.44,0.68,0.15,,0.0,5.0,,,,,,,,,0.0
18017,"Sirop à diluer, sucré",252.0,0.5,0.0,,,,0.0,0.0,0.0,62.5,58.8,0.5,0.25,0.017,2.7,0.01,0.06,20.0,1.2,0.03,2.5,17.0,20.0,6.76,0.05,0.0,5.0,,,0.8,,0.5,0.015,0.01,0.1,0.0074,0.01,5.0,,36.2,17.3,,19.2,0.6,2.89,19.4,0.0,0.5,0.0
31089,Sirop d'agave,317.5,0.5,0.01,0.01,0.01,0.01,0.0,0.01,0.0,78.0,68.0,0.0,0.25,0.0072,,,,,,,,,,3.99,,0.0,,,,,,,,,,,,,,21.8,,,9.55,,,0.55,,,0.0
31034,Sirop d'érable,269.0,0.06,0.007,0.0,0.0,0.0,0.0,0.0,0.0,67.2,60.2,0.0,0.04,0.026,106.0,0.018,0.11,,21.0,2.6,2.0,219.0,,10.5,1.09,0.0,0.0,0.0,,0.0,,0.0,0.066,1.27,0.081,0.036,0.002,,0.0,32.3,0.43,0.0,1.13,0.0,0.0,58.6,0.0,,0.0
20919,Sirop léger pour fruits appertisés au sirop,58.9,0.5,,,,,,,,14.3,13.6,0.5,0.34,0.011,7.13,0.025,0.095,20.0,6.3,0.3,5.98,99.5,20.0,4.23,0.043,0.0,3.57,,,0.8,,4.5,0.18,0.01,0.12,0.044,0.0082,9.02,,84.3,4.44,,4.88,0.15,0.44,3.87,,0.0,0.0
20924,Sirop léger pour poire appertisée,57.9,0.3,,,,,,,,14.6,12.5,0.5,0.25,0.0043,6.7,0.04,0.05,,3.6,0.01,5.2,70.0,20.0,1.7,0.05,0.0,5.0,0.25,,0.8,,0.66,0.14,0.01,0.1,0.025,0.01,6.74,,84.2,6.55,0.1,3.81,0.1,0.62,1.48,,1.1,0.0
20918,Sirop pour fruits appertisés au sirop,73.0,0.5,,,,,,,,17.7,14.9,0.5,0.25,0.019,6.4,0.025,0.07,16.0,3.75,0.045,6.8,74.0,20.0,7.5,0.05,0.0,132.0,,,0.8,,0.5,0.37,0.01,0.095,0.049,0.041,11.0,,80.6,5.4,,6.7,0.13,1.55,1.18,,0.0,0.0
2500,"Smoothie, sans précision sur la teneur en fruits et les ingrédients autres que fruits",60.2,0.26,0.17,,,,0.0,0.0,,12.9,11.7,1.08,0.62,0.01,9.65,0.045,0.24,20.0,11.5,0.27,15.5,165.0,20.0,3.84,0.07,,238.0,,,0.88,,20.2,0.059,0.012,0.2,0.079,0.064,28.6,,84.2,5.03,,3.41,0.15,0.15,2.59,0.35,0.0,0.0
12356,Snack pour enfants à base de fromage fondu et de gressins,298.0,17.9,10.1,,,,,,49.0,24.0,4.88,1.0,9.83,1.63,394.0,0.4,0.63,14.8,21.0,,383.0,131.0,5.45,720.0,3.79,188.0,74.9,0.27,0.99,,,0.0,0.15,0.3,0.49,0.36,0.07,11.5,0.63,42.6,,,,,,,19.1,0.0,0.0
20901,"Soja, graine entière",441.0,19.9,2.88,4.35,9.04,1.29,0.0,0.0,0.0,20.9,7.33,9.3,36.5,0.005,277.0,1.66,15.7,3.3,280.0,2.52,704.0,1800.0,8.8,2.0,4.89,0.0,13.0,0.0,,47.0,,6.0,0.87,0.87,1.62,0.79,0.38,,0.0,8.54,,,,,,6.1,12.3,0.5,0.0
26200,"Sole tropicale ou sole-langue, crue",70.3,0.58,0.18,0.036,0.0038,0.00088,0.035,0.058,45.1,0.53,0.0,0.0,15.7,0.35,15.6,0.1,0.22,21.7,20.1,0.1,80.4,125.0,30.6,140.0,0.29,2.0,0.0,0.5,0.63,0.1,,,0.038,0.034,1.14,0.1,0.1,5.0,0.92,82.3,,,,,,,0.0,0.0,0.0
26061,"Sole, bouillie/cuite à l'eau",69.0,1.0,0.2,0.6,,,,,65.0,0.0,0.0,0.0,15.0,0.21,90.0,,0.9,,22.0,,195.0,137.0,32.6,82.0,,,0.0,3.5,0.77,0.1,,,0.07,0.2,1.7,,1.0,6.0,1.31,84.0,,,,,,,0.0,0.0,0.0
26058,"Sole, crue",77.3,0.6,0.13,0.037,0.003,0.00052,0.019,0.081,51.8,0.0,0.0,0.0,18.0,0.19,22.5,0.1,0.35,88.2,26.9,0.1,170.0,349.0,23.0,76.3,0.42,5.0,0.0,0.75,0.63,0.0,,0.0,0.046,0.077,3.51,0.24,0.26,7.5,1.91,80.1,0.0,,0.0,0.0,0.0,0.0,0.0,0.0,0.0
26059,"Sole, cuite à la vapeur",94.6,1.48,0.2,0.2,0.0,0.0,0.043,0.16,70.8,0.0,0.0,0.0,20.3,0.41,96.0,0.026,0.72,14.5,23.1,0.007,128.0,175.0,103.0,166.0,0.39,,0.0,3.5,0.77,0.1,,,0.064,0.2,2.39,,0.22,6.0,1.12,77.0,0.0,,0.0,0.0,0.0,0.0,0.0,0.0,0.0
26062,"Sole, frite",72.2,1.0,0.2,0.6,,,,,65.0,0.0,0.0,0.0,15.8,0.36,,,0.86,,28.0,,250.0,240.0,42.3,144.0,,,0.0,3.5,0.77,0.1,,,0.07,0.18,1.53,,,6.0,1.31,83.0,,,,,,,0.0,0.0,0.0
26248,"Sole, grillée/poêlée",94.4,0.5,0.01,0.01,0.01,0.01,0.01,0.01,69.3,0.0,0.0,0.0,23.6,0.37,39.0,0.02,0.14,20.0,27.0,0.01,180.0,370.0,30.0,147.0,0.45,21.0,0.0,0.47,0.77,0.8,,0.87,0.058,0.094,2.18,0.37,0.34,15.0,1.4,75.6,,,,,,,0.0,0.0,0.0
26060,"Sole, rôtie/cuite au four",78.2,1.69,0.31,0.43,,,0.094,0.11,60.5,0.0,0.0,0.0,15.7,0.29,47.7,0.027,0.57,30.0,31.3,0.035,285.0,224.0,17.4,117.0,0.58,12.0,0.0,3.5,0.77,0.1,0.3,0.0,0.048,0.11,1.49,0.23,0.56,6.0,1.31,82.4,0.0,0.0,0.0,0.0,0.0,0.0,0.0,0.0,0.0
9640,Son d'avoine,361.0,6.52,1.16,,,,0.0,0.0,0.0,50.6,2.23,16.7,16.8,0.016,58.0,0.4,5.41,,235.0,5.63,734.0,566.0,45.2,6.5,3.11,0.0,0.0,0.0,,3.2,,0.0,1.17,0.22,0.93,1.49,0.17,,0.0,6.55,,,,,,,,0.0,0.0
9621,Son de blé,270.0,3.88,0.82,0.64,2.06,0.14,0.0,0.0,0.0,22.7,2.39,42.9,14.8,0.015,73.0,1.0,10.6,2.4,611.0,11.5,1010.0,1180.0,28.8,6.0,7.27,0.0,6.0,0.0,,1.9,,0.0,0.52,0.58,13.6,2.18,1.3,,0.0,9.89,0.48,,0.49,0.0,0.0,1.42,20.3,0.0,0.0
9641,Son de maïs,226.0,0.92,0.13,,,,0.0,0.0,0.0,6.65,0.0,79.0,8.36,0.018,42.0,0.25,2.79,,64.0,0.14,72.0,44.0,,7.0,1.56,0.0,32.0,0.0,,0.3,,0.0,0.01,0.1,2.74,0.64,0.15,,0.0,4.71,,,,,,,,0.0,0.0
9643,Son de riz,398.0,20.9,4.17,,,,0.0,0.0,0.0,28.0,0.9,21.0,14.0,0.013,57.0,0.73,18.5,,781.0,14.2,1680.0,1490.0,15.6,5.0,6.04,0.0,0.0,0.0,,1.9,,0.0,2.75,0.28,34.0,7.39,4.07,,0.0,6.13,0.2,,0.2,,,0.5,,0.0,0.0
31013,"Sorbet, bâtonnet",103.0,0.28,0.22,,,,0.0,0.0,0.0,24.8,22.4,0.34,0.23,0.01,3.6,0.01,0.03,20.0,2.1,0.01,1.9,21.0,20.0,0.0,0.05,0.0,11.9,0.25,,0.8,,5.48,0.094,0.01,0.1,0.15,0.01,5.0,,77.3,0.2,,0.4,0.2,2.6,16.5,0.35,0.0,0.0
39528,"Sorbet, cône",216.0,5.78,4.7,,,,0.0,0.0,0.0,38.2,27.7,1.85,1.82,0.088,,,,,,,,,,42.0,,0.0,,,,,,,,,,,,,,,,,,,,,0.0,0.0,0.0
39524,"Sorbet, en bac",122.0,0.56,0.33,,,,0.0,0.0,1.0,28.7,24.9,0.99,0.41,0.04,19.7,0.028,0.18,1.0,6.18,0.011,23.7,56.9,1.6,8.54,0.48,12.0,1.0,0.0,,0.0,,2.3,0.014,0.069,0.048,0.13,0.017,2.5,0.065,67.1,,,,,,,0.0,0.0,0.0
39525,"Sorbet, pot individuel",126.0,1.03,0.83,,,,0.0,0.0,0.0,28.4,25.5,0.96,0.5,0.055,,,,,,,,,,10.0,,0.0,,,,,,,,,,,,,,,,,,,,,0.0,0.0,0.0
9360,"Sorgho complet, cru",349.0,3.46,0.61,0.11,0.44,0.054,0.0,0.0,0.0,65.4,2.48,6.7,10.6,0.005,13.0,0.28,3.36,,165.0,1.61,289.0,363.0,43.0,2.0,1.67,0.0,,0.0,,,,0.0,0.33,0.096,3.69,0.37,0.44,,0.0,12.4,,,,,,,62.9,0.0,0.0
25020,Soufflé au fromage,185.0,13.4,8.15,,,,,,118.0,4.75,2.15,1.15,10.9,0.95,226.0,0.04,0.6,14.8,19.7,0.03,196.0,138.0,4.74,391.0,1.37,131.0,38.0,0.5,0.6,,,1.0,0.05,0.24,0.53,0.58,0.06,20.1,0.6,67.3,,,,,,,2.6,0.0,0.0
25969,Soupe (aliment moyen),39.5,1.42,0.6,0.35,0.094,0.026,0.009,0.012,7.33,4.81,1.61,0.94,1.42,0.71,28.7,0.041,0.27,17.2,6.98,0.064,24.4,103.0,9.24,291.0,0.18,15.5,1040.0,,,4.09,,5.42,0.042,0.038,0.53,0.26,0.11,16.6,0.24,90.7,,,0.39,,0.12,0.66,2.31,0.0,0.0
25942,"Soupe à l'oignon, déshydratée reconstituée",19.4,0.38,0.14,,,,,,,3.36,0.99,0.34,0.5,0.69,20.0,0.043,,1.0,5.26,0.043,0.01,56.7,3.35,318.0,0.083,,,,,,,,,,,,,,,94.1,,,,,,,,0.0,0.0
25910,"Soupe à l'oignon, préemballée à réchauffer",60.8,3.83,2.03,,,,0.0,0.0,0.0,4.26,2.65,1.38,1.64,0.7,12.0,0.054,0.27,,1.0,0.098,4.0,28.0,,315.0,0.25,1.0,1.0,0.0,,0.2,,0.5,0.013,0.01,0.24,0.0,0.02,6.0,0.0,90.6,,,,,,,,0.0,0.0
25913,"Soupe à la carotte, préemballée à réchauffer",35.8,1.61,1.05,,,,,,,4.03,1.81,1.26,0.68,0.64,15.0,,0.3,,7.0,,20.0,140.0,,259.0,,4.0,3500.0,,,,,11.0,0.05,,0.65,,0.08,9.0,,91.2,,,,,,,2.22,0.0,0.0
25949,"Soupe à la tomate et aux vermicelles, déshydratée reconstituée",27.7,0.29,0.073,0.01,0.01,0.01,0.01,0.01,0.7,5.36,1.38,0.33,0.8,0.72,9.1,0.05,0.18,20.0,4.8,0.06,0.0,62.0,20.0,271.0,0.08,21.0,162.0,0.5,,0.8,,0.5,0.02,0.04,1.44,1.04,0.018,11.0,,92.2,0.3,,0.3,0.2,0.3,0.4,3.98,0.0,0.0
25933,"Soupe à la tomate et aux vermicelles, préemballée à réchauffer",38.0,0.77,0.3,,,,,,,6.09,2.12,1.01,1.2,0.7,,,,,,,,,,307.0,,,,,,,,20.0,,,,,,,,,,,,,,,,0.0,0.0
25935,"Soupe à la tomate, déshydratée reconstituée",39.6,0.98,0.54,0.32,0.12,0.0077,0.01,0.01,2.02,6.45,2.65,0.72,0.98,0.69,11.0,0.03,0.14,20.0,5.0,0.04,10.0,65.0,20.0,278.0,0.1,21.0,147.0,,,1.33,,0.5,0.02,0.017,0.46,0.064,0.027,6.85,0.14,90.4,0.5,,0.7,0.2,0.3,1.0,2.4,0.0,0.0
25914,"Soupe à la tomate, préemballée à réchauffer",36.2,0.88,0.32,0.28,0.11,0.015,0.01,0.01,2.9,5.88,2.99,0.95,0.76,0.63,11.0,0.03,0.14,20.0,5.9,0.04,15.0,130.0,20.0,259.0,0.08,21.0,1680.0,0.6,,1.01,,6.4,0.01,0.056,0.58,0.2,0.2,23.8,0.01,90.3,0.9,,0.8,0.2,0.2,1.2,1.8,0.0,0.0
25928,"Soupe à la volaille et aux légumes, déshydratée reconstituée",27.3,0.44,0.17,,,,,,,4.58,0.55,0.51,0.99,0.73,,,,,,,,,,292.0,,,,,,,,3.0,,,,,0.03,8.0,,,,,,,,,,0.0,0.0
25901,"Soupe à la volaille et aux légumes, préemballée à réchauffer",30.8,0.8,0.3,,,,,,,2.6,1.2,0.4,3.09,1.75,,,,,,,,,,700.0,,,,,,,,,,,1.9,,,,0.11,,,,,,,,,0.0,0.0
25950,"Soupe à la volaille et aux vermicelles, déshydratée reconstituée",21.2,0.24,0.096,0.01,0.01,0.01,0.01,0.01,0.72,3.85,0.56,0.32,0.78,0.79,7.2,0.02,0.1,20.0,3.5,0.05,14.0,36.0,20.0,272.0,0.1,21.0,20.7,,,0.8,,0.5,0.28,0.01,0.1,0.041,0.025,,0.026,94.2,0.2,,0.2,0.2,0.2,0.2,3.29,0.0,0.0
25908,"Soupe à la volaille et aux vermicelles, préemballée à réchauffer",23.2,0.56,0.16,,,,0.0,0.0,5.0,3.28,0.74,0.25,1.24,0.75,7.96,0.069,0.14,0.5,7.93,0.057,17.0,30.5,10.0,326.0,0.1,1.0,119.0,0.0,,0.0,,,0.055,0.045,0.54,0.074,0.02,2.0,0.02,93.8,,,,,,,,0.0,0.0
25923,"Soupe asiatique, avec pâtes, déshydratée reconstituée",38.4,1.14,0.47,,,,,,,5.69,1.17,0.47,1.12,0.75,,,,,,,,37.8,,334.0,,,,,,,,,,,,,,,,93.3,,,,,,,,0.0,0.0
25955,"Soupe asiatique, avec pâtes, préemballée à réchauffer",33.5,1.23,0.2,,,,,,,4.06,0.59,0.52,1.3,0.9,,,,,,,,,,360.0,,,,,,,,,,,,,,,,,,,,,,,,0.0,0.0
25976,"Soupe asiatique, avec poulet et pâtes, préemballée à réchauffer",67.6,2.75,2.03,,,,,,,6.3,1.61,0.94,3.96,0.78,,,,,,,,,,,,,,,,,,,,,,,,,,,,,,,,,,0.0,0.0
25975,"Soupe au boeuf et aux vermicelles, déshydratée reconstituée",22.6,0.15,0.014,,,,,,,4.29,0.67,0.28,0.87,0.71,,,,,,,,,,,,,,,,,,,,,,,,,,,,,,,,,,0.0,0.0
25957,"Soupe au cresson, déshydratée reconstituée",25.1,0.8,0.42,,,,,,,3.95,0.31,0.19,0.42,0.77,,,,,,,,,,308.0,,,,,,,,,,,,,,,,,,,,,,,,0.0,0.0
25958,"Soupe au cresson, préemballée à réchauffer",34.0,0.8,0.5,,,,,,,5.4,0.9,0.6,1.0,0.78,,,,,,,,,,310.0,,,,,,,,,,,,,0.25,30.0,,,,,,,,,,0.0,0.0
25917,"Soupe au pistou, déshydratée reconstituée",27.0,0.28,0.023,,,,,,1.0,4.77,0.92,0.69,1.01,0.69,19.0,0.1,0.4,1.0,14.0,0.1,24.0,132.0,2.2,256.0,0.19,0.0,900.0,,0.2,,,7.0,,,,,0.07,18.0,,89.4,,,,,,,3.85,0.0,0.0
25953,"Soupe au pistou, préemballée à réchauffer",52.6,2.8,0.55,,,0.1,,,,3.94,1.28,2.06,1.88,0.53,,,,,,,,,,260.0,,,,,,,,,,,,,,,,,,,0.2,,0.2,0.25,,0.0,0.0
25954,"Soupe au potiron, déshydratée reconstituée",36.1,1.32,0.74,,,,,,,4.95,2.0,0.81,0.72,0.59,,,,,,,0.01,0.01,,279.0,,,,,,,,,,,,,,,,,,,,,,,,0.0,0.0
25945,"Soupe au potiron, préemballée à réchauffer",36.2,1.51,1.01,0.38,0.041,0.015,0.01,0.01,4.95,4.48,2.15,0.99,0.66,0.62,15.0,0.03,0.14,20.0,5.8,0.04,17.0,130.0,20.0,256.0,0.13,21.0,2530.0,0.0,,1.03,,0.5,0.018,0.014,0.1,0.13,0.065,9.35,0.036,91.8,0.36,,0.27,0.2,0.2,1.52,1.1,0.0,0.0
25932,"Soupe aux asperges, déshydratée reconstituée",37.4,1.34,0.63,,,,,,,5.38,1.19,0.36,0.79,0.78,,,,,,,0.015,0.035,,303.0,,,,,,,,,,,,,,10.0,,90.8,,,,,,,2.8,0.0,0.0
25968,"Soupe aux asperges, préemballée à réchauffer",57.6,3.8,2.29,,,,,,,3.8,1.02,1.05,1.54,0.67,,,,,,,,,,,,,,,,,,,,,,,,,,,,,,,,,,0.0,0.0
25934,"Soupe aux céréales et aux légumes, déshydratée reconstituée",47.8,1.4,0.8,,,,,,,6.8,1.2,1.2,1.4,0.78,12.5,,0.29,,9.35,,,94.0,,312.0,,,,,,,,3.84,0.04,,0.47,,0.07,16.8,,90.0,,,,,,,,0.0,0.0
25936,"Soupe aux champignons, déshydratée reconstituée",37.7,1.67,0.83,0.6,0.15,0.01,0.01,0.01,0.87,4.86,0.53,0.33,0.66,0.68,10.0,0.02,0.02,20.0,2.5,0.03,9.51,48.0,20.0,311.0,0.07,21.0,14.7,0.25,,0.8,,0.5,0.03,0.034,0.37,0.16,0.033,8.25,0.028,91.3,0.2,,0.2,0.2,0.2,0.2,2.3,0.0,0.0
25912,"Soupe aux champignons, préemballée à réchauffer",40.3,2.12,1.16,0.28,0.31,0.01,0.0,0.0,3.3,4.1,0.71,0.61,0.94,0.73,7.0,0.016,0.09,8.4,2.0,0.018,12.0,62.0,,312.0,0.06,5.5,0.0,0.1,,9.6,,,0.006,0.008,0.17,0.072,0.007,1.0,0.0,92.0,,,,,,,,0.0,0.0
25962,"Soupe aux légumes avec fromage, préemballée à réchauffer",46.3,2.26,1.3,,,,,,,4.77,1.57,0.92,1.26,0.64,,,,,,,,,,268.0,,,,,,,,11.0,,,,,0.3,30.0,,,,,,,,,,0.0,0.0
25973,"Soupe aux légumes et aux vermicelles, déshydratée reconstituée",35.6,0.77,0.33,,,,,,,6.19,1.07,0.33,0.8,0.71,,,,,,,,,,,,,,,,,,,,,,,,,,,,,,,,,,0.0,0.0
25974,"Soupe aux légumes et aux vermicelles, préemballée à réchauffer",37.0,1.01,0.43,,,,,,,5.4,1.76,1.01,1.07,0.71,,,,,,,,,,,,,,,,,,,,,,,,,,,,,,,,,,0.0,0.0
25905,"Soupe aux légumes variés, déshydratée reconstituée",35.5,0.91,0.47,0.37,0.067,0.0084,0.01,0.01,2.12,5.7,1.41,0.74,0.76,0.69,21.0,0.03,0.19,1.0,7.0,0.05,12.5,60.0,20.0,276.0,0.12,21.0,261.0,0.0,,2.42,,6.17,0.05,0.24,0.13,0.12,0.044,8.4,0.029,90.9,0.2,,0.2,0.2,0.2,0.7,2.6,0.0,0.0
25903,"Soupe aux légumes variés, préemballée à réchauffer",36.8,1.45,0.58,0.44,0.11,0.0068,0.01,0.01,3.7,4.5,1.63,1.23,0.84,0.63,14.0,0.02,0.14,20.0,5.3,0.04,19.0,110.0,20.0,275.0,0.11,21.0,1710.0,0.0,,2.53,,5.75,0.29,0.062,0.31,0.33,0.16,39.8,0.052,90.2,0.27,,0.27,0.2,0.2,1.08,2.2,0.0,0.0
25964,"Soupe aux légumes verts, déshydratée reconstituée",32.0,1.05,0.57,0.37,0.12,0.01,0.01,0.01,0.7,4.84,0.62,0.48,0.63,0.65,12.0,0.02,0.11,20.0,3.0,0.03,15.0,50.0,20.0,264.0,0.09,21.0,10.5,0.5,,2.82,,6.0,0.05,0.014,0.15,0.072,0.033,7.6,,91.8,0.2,,0.2,0.2,0.2,0.4,3.3,0.0,0.0
25963,"Soupe aux légumes verts, préemballée à réchauffer",35.0,1.38,0.71,0.44,0.13,0.03,0.01,0.01,3.52,3.96,1.06,1.16,1.13,0.61,24.0,0.02,0.27,20.0,7.1,0.06,24.0,120.0,20.0,280.0,0.18,21.0,177.0,0.25,,16.5,,9.0,0.17,0.042,0.53,0.22,0.25,27.5,,90.9,0.2,,0.2,0.2,0.2,0.4,2.89,0.0,0.0
25900,"Soupe aux lentilles, préemballée à réchauffer",63.3,1.87,0.91,,,,,,3.0,7.64,0.96,1.59,3.19,0.52,25.0,0.17,1.07,4.0,19.0,0.24,74.0,144.0,16.1,143.0,0.61,0.0,430.0,,0.0,,,1.7,0.07,0.045,0.55,0.14,0.09,20.0,0.12,85.8,,,,,,,,0.0,0.0
25925,"Soupe aux poireaux et pommes de terre, déshydratée reconstituée",36.2,1.4,0.73,,,,,,,4.93,0.88,0.45,0.76,0.76,,,,,,,0.013,0.023,,292.0,,10.0,90.0,,,,,30.0,0.07,,0.8,0.27,,,,92.8,,,,,,,,0.0,0.0
25907,"Soupe aux poireaux et pommes de terre, préemballée à réchauffer",37.1,1.25,0.68,0.38,0.13,0.064,0.01,0.01,4.73,5.12,1.17,0.88,0.91,0.62,16.0,0.02,0.17,20.0,5.6,0.04,16.0,94.0,20.0,290.0,0.13,21.0,120.0,,,9.13,,7.95,0.01,0.03,0.23,0.14,0.23,29.3,0.045,90.8,0.2,,0.3,0.2,0.2,0.2,3.2,0.0,0.0
25965,"Soupe aux pois cassés, préemballée à réchauffer",48.8,1.47,0.33,,,,,,,5.69,0.81,1.47,2.47,0.57,,,,,,,,,,279.0,,,,,,,,,,,,,,,,,,,,,,,,0.0,0.0
25915,"Soupe chorba frik, à base de viande et de frik",62.9,2.5,,,,,,,11.0,5.4,0.9,1.9,3.75,0.84,19.0,0.07,0.97,2.0,17.0,0.31,54.0,157.0,1.4,337.0,0.84,4.4,172.0,0.02,0.6,,,3.2,0.03,0.04,0.96,0.18,0.07,16.0,0.11,85.1,,,,,,,3.9,0.0,0.0
25919,"Soupe de poissons et/ou crustacés, déshydratée reconstituée",40.9,1.54,0.7,0.068,,0.025,,,,5.66,1.12,0.39,0.91,0.77,,,,,,,0.0,0.01,,253.0,,,,,,,,,,,,,,,,90.6,,,,,,,,0.0,0.0
25904,"Soupe de poissons et/ou crustacés, préemballée à réchauffer",50.0,2.35,0.78,0.62,0.13,0.035,0.035,0.053,30.0,2.71,0.86,0.8,4.11,0.91,130.0,0.07,0.61,70.0,11.0,0.05,80.0,110.0,20.0,284.0,0.25,59.8,446.0,0.2,,0.93,,0.5,0.03,0.039,0.63,0.18,0.032,5.0,1.35,89.4,0.29,,0.29,0.29,0.2,0.2,1.7,0.0,0.0
25967,"Soupe froide type gaspacho ou gazpacho, préemballée",40.2,2.33,0.38,0.01,0.14,0.02,0.01,0.01,,3.21,2.7,1.07,0.81,0.7,11.0,0.04,0.11,20.0,8.9,0.06,25.0,210.0,20.0,293.0,0.1,,291.0,0.25,,52.6,,1.98,0.01,0.02,0.56,0.093,0.041,5.0,,91.1,1.39,,1.3,0.2,0.2,0.2,0.35,0.0,0.0
25924,"Soupe marocaine, déshydratée reconstituée",39.9,0.46,0.13,,,,,,,6.43,1.34,1.03,2.07,0.7,,,,,,,,80.5,,318.0,,,,,,,,,,,,,,,,90.0,,,,,,,,0.0,0.0
25956,"Soupe minestrone, déshydratée reconstituée",32.4,0.44,0.029,,,,,,,5.56,1.25,1.01,1.11,0.68,,,,,,,,122.0,,281.0,,,,,,,,5.0,,,,,0.06,18.0,,91.3,,,,,,,,0.0,0.0
25916,"Soupe minestrone, préemballée à réchauffer",46.5,1.93,0.18,,,,,,1.5,4.97,1.53,1.65,1.51,0.61,33.3,0.11,0.56,1.0,12.5,0.11,34.5,106.0,2.2,300.0,0.19,0.0,885.0,0.0,,3.2,,1.25,0.023,0.034,0.44,0.22,0.071,10.0,0.0,89.4,,,,,,,,0.0,0.0
25972,"Soupe miso, déshydratée reconstituée",16.5,0.34,0.05,0.0098,0.0098,0.0098,0.0098,0.0098,,2.37,0.86,0.098,1.24,1.0,18.0,0.06,0.19,70.0,6.9,0.08,19.0,49.0,20.0,438.0,0.11,,,0.25,,1.15,,,0.015,0.01,0.1,0.068,0.01,16.5,1.98,94.6,0.2,,0.7,0.2,0.2,0.2,,0.0,0.0
20252,Soupe pour bébé légumes et pomme de terre,38.1,0.91,0.16,0.34,0.26,0.034,0.0002,0.0002,700.0,5.88,1.32,1.4,1.0,0.18,30.7,0.035,0.27,20.0,6.72,0.047,20.0,95.4,1.0,70.2,0.17,21.0,650.0,0.5,,5.25,,0.5,0.027,0.03,0.28,0.12,0.028,5.0,0.043,90.4,0.25,,0.22,0.22,0.2,0.63,4.1,0.0,0.0
20253,"Soupe pour bébé légumes, céréales et lait",59.5,2.5,0.41,1.06,0.66,0.11,0.01,0.01,1.39,7.19,3.23,0.9,1.5,0.21,28.3,0.04,0.28,20.0,7.37,0.055,35.0,96.5,1.0,83.0,0.2,21.0,726.0,0.5,,3.18,,3.09,0.026,0.04,0.65,0.15,0.025,17.6,0.03,87.2,0.36,0.1,0.58,1.14,0.38,0.77,3.1,0.0,0.0
19432,"Spécialité à base de crème légère 4-5% MG, fluide ou épaisse",75.0,5.0,3.0,,,,,,,4.5,4.5,0.0,3.06,0.1,,,,,,,,,,40.0,,,,,,,,,,,,,,,,,,,,,,,,0.0,0.0
19433,"Spécialité à base de crème légère 4% MG environ, fluide ou épaisse",73.2,4.3,2.88,0.85,0.06,0.01,0.01,0.01,30.0,5.28,4.44,3.0,3.25,0.11,105.0,0.007,0.04,10.6,10.0,0.007,80.0,140.0,1.3,43.0,0.34,76.9,,0.14,,0.0,,0.9,0.04,0.17,0.08,0.3,0.04,13.0,0.25,84.8,0.1,0.1,0.1,4.25,0.1,0.19,,0.0,0.0
18220,"Spécialité à diluer au citron pour boissons ou usages culinaires, sans sucres ajoutés",18.4,0.0,0.0,,,,0.0,0.0,0.0,1.01,0.91,0.0,0.25,0.0035,6.1,0.01,0.05,20.0,3.2,0.01,4.7,44.0,20.0,1.4,0.05,0.0,5.0,,0.0,,,5.56,0.27,0.01,0.1,0.025,0.01,6.44,,93.8,0.45,,0.46,0.15,0.15,0.1,,0.0,0.0
25169,"Spécialité chinoise type bouchée à la vapeur, préemballée, cuite",149.0,1.4,0.31,,,,,,,28.0,3.9,0.21,5.9,1.26,,,,,,,,,,540.0,,,,,,,,,,,,,,,,64.6,0.92,,0.88,0.1,0.088,2.01,,0.0,0.0
19434,"Spécialité culinaire à base de crème et d'aromates 19% MG, à cuisiner",195.0,19.0,13.0,,,,,,60.0,3.0,3.0,0.0,3.06,1.28,100.0,,,,,,,,4.6,510.0,,,37.0,1.1,0.12,1.7,,,,,,,,2.0,0.14,70.0,,,,,,,0.0,0.0,0.0
19435,"Spécialité culinaire à base de crème légère et d'aromates 12% MG, à cuisiner",128.0,12.0,8.5,,,,,,40.0,2.0,2.0,0.0,3.06,1.28,100.0,,,,,,,,4.6,510.0,,,37.0,1.1,0.12,1.7,,,,,,,,2.0,0.14,,,,,,,,0.0,0.0,0.0
13208,"Spécialité de fruits divers, sucrée (mélange chairs et/ou purées de fruits, mais toujours avec autre ingrédient), préemballée, rayon frais",79.2,0.22,0.061,,,,0.0,0.0,0.0,18.2,17.1,1.87,0.36,0.0051,,,,,,,,,,1.87,,,,,,,,14.8,,,,,,,,,,,,,,,,,0.0
13215,"Spécialité de fruits, tout type de fruits, (mélange chairs et/ou purées de fruits, mais toujours avec autre ingrédient), sans précision sur la teneur en sucres ni sur le rayon (aliment moyen)",72.7,0.41,0.18,,,,0.0,0.0,0.0,16.5,15.1,1.71,0.28,0.011,5.0,0.03,0.18,20.0,4.9,0.04,12.0,120.0,20.0,3.9,0.05,,19.1,,3.0,0.8,,27.0,0.23,0.27,3.0,0.095,0.33,,,,7.4,,2.7,0.2,0.2,1.8,,,0.0
13174,"Spécialité de fruits, tout type de fruits, sans sucres ajoutés (mélange chairs et/ou purées de fruits, mais toujours avec autre ingrédient), préemballée, rayon ambiant",58.3,0.37,0.14,,,,0.0,0.0,0.0,12.7,11.5,1.91,0.32,0.0063,,,,,,,,,,2.36,,,,,,,,,,,,,,,,,,,,,,,,,0.0
13209,"Spécialité de fruits, tout type de fruits, sans sucres ajoutés (mélange chairs et/ou purées de fruits, mais toujours avec autre ingrédient), préemballée, rayon frais",55.6,0.3,0.1,,,,0.0,0.0,0.0,12.2,11.2,1.8,0.38,0.0061,,,,,,,,,,2.36,,,,,,,,13.3,,,,,,,,,,,,,,,,,0.0
13154,"Spécialité de fruits, tout type de fruits, sucrée (mélange chairs et/ou purées de fruits, mais toujours avec autre ingrédient), préemballée, rayon ambiant",72.7,0.41,0.18,,,,0.0,0.0,0.0,16.5,15.1,1.71,0.28,0.011,5.0,0.03,0.18,20.0,4.9,0.04,12.0,120.0,20.0,3.9,0.05,,19.1,,3.0,0.8,,27.0,0.23,0.27,3.0,0.095,0.33,,,,7.4,,2.7,0.2,0.2,1.8,,,0.0
12355,Spécialité fromagère fondante au fromage blanc et aux noix,311.0,28.5,13.0,,3.97,0.87,0.03,0.03,68.8,2.5,1.5,0.5,11.2,1.7,285.0,0.17,0.45,20.0,31.0,0.02,590.0,160.0,50.0,665.0,1.3,186.0,,0.5,0.7,4.32,,,0.056,0.11,0.29,0.18,0.054,17.9,0.3,50.8,,,,,,,0.4,0.0,0.0
12302,Spécialité fromagère fondue aromatisée en cubes pour l’apéritif (cubes de fromage fondu au lait de vache),251.0,19.9,12.9,,0.28,0.1,0.012,0.06,60.2,5.57,4.45,0.0,12.4,2.18,335.0,0.029,0.25,22.9,19.3,0.02,627.0,183.0,6.8,873.0,1.8,213.0,120.0,0.6,0.19,2.1,20.0,,0.04,0.27,0.2,0.38,0.05,7.0,0.16,58.3,0.01,0.076,0.043,4.33,0.01,0.01,,0.0,0.0
12054,"Spécialité fromagère non affinée en coque, enrichie en vitamines",242.0,22.9,15.7,,,,,,,3.5,3.0,0.0,5.51,1.1,600.0,,,,,,,,8.6,,,,59.0,1.5,0.86,2.1,,,,,,,,9.0,0.22,,,,,,,,,0.0,0.0
19686,"Spécialité laitière ou dessert lacté, aromatisé, à faible teneur en matière grasse, sucré, avec édulcorants, rayon frais",75.5,1.05,0.68,,,,,,,11.9,9.76,1.73,3.8,0.2,122.0,,,,,,,,,,,,,,,,,,,,,,,,,,,,,,,,,0.0,0.0
19724,"Spécialité laitière riche en protéines, nature",74.5,2.7,1.9,,,,,,,3.45,3.45,0.1,9.29,0.12,109.0,,,,,,,,9.7,,,,0.0,0.0,0.01,0.0,,,,,,,,7.0,0.75,,,,,,,,,0.0,0.0
19669,"Spécialité laitière riche en protéines, sur lit de fruits, sucrée",97.6,2.29,1.56,0.41,0.04,0.01,0.01,0.01,11.3,11.5,11.3,,7.46,0.083,110.0,0.02,0.06,20.0,9.5,0.04,120.0,120.0,20.0,33.0,0.39,23.0,26.4,2.43,0.07,0.8,,0.5,0.015,0.13,0.1,0.37,0.03,36.7,0.58,76.3,1.2,,1.7,2.3,0.2,6.1,0.35,0.0,0.0
1027,"Spécialité végétale type fromage à tartiner, au soja, préemballée",174.0,13.1,1.87,5.14,4.48,0.66,0.01,0.01,,1.05,0.0,0.5,11.7,1.15,32.0,0.28,1.3,20.0,32.0,0.75,120.0,170.0,20.0,459.0,1.0,,47.4,0.25,,23.2,,0.5,0.052,0.047,0.16,0.2,0.056,74.3,,71.9,0.1,0.1,0.1,0.1,0.1,0.1,0.35,0.0,0.0
1029,"Spécialité végétale type fromage en tranche ou râpé, sans soja, préemballée",271.0,20.1,17.4,1.42,0.38,0.02,0.01,0.01,,21.2,0.25,2.3,0.25,1.88,46.0,0.02,0.15,20.0,5.2,0.03,16.0,34.0,20.0,751.0,0.1,,92.7,0.25,,0.8,,0.5,0.015,0.01,0.1,0.059,0.01,5.63,,54.1,0.1,0.1,0.25,0.1,0.1,0.1,18.0,0.0,0.0
1028,"Spécialité végétale type fromage, à la noix de cajou, préemballée",441.0,35.3,5.78,19.2,8.07,0.31,0.01,0.01,,15.2,0.28,2.6,14.5,0.88,51.0,1.3,3.9,20.0,120.0,1.1,260.0,290.0,20.0,351.0,3.4,,15.4,0.25,,18.3,,0.5,0.3,0.07,0.52,0.42,0.27,34.3,,29.5,0.16,0.12,0.1,0.1,0.1,0.1,8.5,1.0,0.0
1031,"Spécialité végétale type pâté, préemballée",197.0,15.4,4.13,4.65,5.69,0.06,0.01,0.01,,9.45,1.49,2.96,3.56,1.27,30.0,0.11,1.3,40.0,23.0,0.33,72.0,170.0,20.0,509.0,0.96,,362.0,0.25,,8.46,,0.5,0.05,0.096,1.31,0.35,0.053,14.7,,66.7,0.56,0.1,0.58,0.1,0.1,0.35,7.3,0.0,0.0
24009,Spéculoos,476.0,18.1,7.81,7.06,2.27,0.31,0.01,0.01,1.0,71.2,32.5,3.0,5.63,0.92,14.0,0.072,0.73,2.5,14.9,0.39,64.3,103.0,2.44,367.0,0.5,16.0,30.0,0.0,,6.7,,5.72,0.02,0.02,0.38,0.15,0.03,,0.39,0.9,0.32,0.32,0.32,0.32,0.3,32.5,33.1,0.0,0.0
20982,"Spiruline (algue), fraîche, crue",36.1,0.39,0.14,,,,,,0.0,2.02,0.3,0.4,5.92,0.25,12.0,0.6,2.79,,19.0,0.19,11.0,127.0,,98.0,0.2,0.0,33.0,0.0,,2.5,,0.9,0.22,0.34,1.2,0.33,0.034,9.0,0.0,90.7,,,,,,,,0.0,0.0
11086,"Spiruline (Spirulina sp.), séchée ou déshydratée",374.0,6.27,3.28,,,,0.0,0.0,0.0,17.7,1.23,2.71,60.4,1.89,469.0,0.9,80.6,22.4,615.0,3.94,1100.0,1560.0,34.8,755.0,4.26,0.0,155000.0,0.0,11.2,1270.0,,57.2,4.19,2.61,9.11,0.9,0.75,279.0,0.0,5.39,,,,,,,,0.0,0.0
26173,"Sprat, cru",189.0,11.9,3.32,1.4,0.46,0.42,0.75,1.39,87.0,0.57,0.0,0.0,19.8,,,0.13,0.59,,20.0,0.13,220.0,230.0,10.0,,1.02,150.0,,,,0.0,,0.0,0.04,0.26,5.0,,,,,66.7,,,,,,,0.0,0.0,0.0
42000,"Substitut de repas hypocalorique, crème dessert",89.4,2.75,0.98,,0.67,,,,10.0,9.29,6.57,1.18,6.43,0.21,120.0,0.2,2.3,24.1,30.5,0.16,114.0,250.0,7.75,84.5,1.75,151.0,,0.8,1.65,,,6.43,0.17,0.27,2.65,0.51,0.23,32.7,0.22,79.6,,,,,,,2.5,0.0,0.0
42004,"Substitut de repas hypocalorique, poudre reconstituée avec lait écrémé",79.1,1.73,0.22,,0.4,,,,10.0,9.34,8.86,1.18,6.09,0.43,161.0,0.17,2.15,17.1,30.0,0.2,212.0,237.0,7.7,172.0,1.5,93.0,,0.7,1.3,,,4.85,0.15,0.22,2.3,0.6,0.2,26.3,0.33,80.6,,,,,,,0.48,0.0,0.0
42005,"Substitut de repas hypocalorique, poudre reconstituée avec lait écrémé, type milkshake",86.6,2.28,0.3,,0.4,,,,10.0,10.1,9.92,0.63,6.19,0.19,172.0,0.41,1.91,17.0,28.0,0.2,138.0,234.0,7.8,77.3,3.13,78.0,,0.7,1.57,,,6.78,0.17,0.2,2.83,0.4,0.33,36.0,0.34,80.0,,,,,,,0.2,0.0,0.0
42003,"Substitut de repas hypocalorique, prêt à boire",87.9,2.45,0.55,0.5,0.67,0.037,,,3.4,9.8,7.2,0.5,6.79,0.19,124.0,0.1,2.2,16.8,20.3,20.3,112.0,213.0,13.8,76.1,2.0,103.0,,0.91,3.92,,,20.3,0.42,0.41,2.72,1.74,0.62,68.1,0.4,79.7,2.3,,0.2,2.7,0.2,2.2,2.5,0.0,0.0
31016,Sucre blanc,399.0,0.0,0.0,0.0,0.0,0.0,0.0,0.0,0.0,99.7,99.7,0.0,0.0,0.0054,3.69,0.0055,0.077,0.3,1.65,0.0063,0.0,13.5,10.0,2.17,0.02,0.0,0.0,0.0,,0.0,,0.0,0.0,0.019,0.0,0.0,0.0,,0.0,0.23,,,,,,99.7,0.0,0.0,0.0
31017,Sucre roux,393.0,0.0,0.0,0.0,0.0,0.0,0.0,0.0,0.0,98.1,97.0,0.0,0.12,0.07,83.0,0.047,0.71,0.3,9.0,0.064,4.0,133.0,1.1,28.0,0.03,0.0,0.0,0.0,,0.0,,0.0,0.0,0.0,0.11,0.13,0.041,,0.0,1.34,1.11,0.0,1.35,0.0,0.0,94.6,0.0,0.0,0.0
31044,Sucre vanillé,397.0,0.33,0.053,0.01,0.01,0.01,0.01,0.01,0.0,98.6,97.2,0.37,0.1,0.0075,,,,,,,,2.0,,3.0,,0.0,,,,,,,,,,,,,,0.56,0.2,,0.2,0.2,0.2,,0.0,0.0,0.0
13126,"Sureau, baie, crue",52.7,0.5,0.023,0.029,0.13,0.11,0.0,0.0,0.0,11.4,6.52,7.0,0.66,0.015,38.0,0.061,1.6,2.5,5.0,,39.0,280.0,0.6,6.0,0.11,0.0,,0.0,,,,36.0,0.07,0.06,0.5,0.14,0.23,6.0,0.0,79.8,3.12,,3.15,,,0.25,,,0.0
26046,"Surimi, bâtonnets, tranche ou râpé saveur crabe",117.0,4.33,0.41,2.36,0.74,0.3,0.098,0.21,10.8,11.8,2.71,0.73,7.54,1.77,19.0,0.04,0.4,10.0,11.5,0.0089,44.0,51.8,9.23,628.0,0.19,28.0,0.0,0.5,1.1,0.1,,0.0,0.02,0.021,0.22,0.07,0.03,2.0,0.71,72.5,0.3,,0.5,,0.3,2.21,9.04,0.0,0.0
26239,"Surimi, fourré au fromage frais",148.0,9.3,3.84,3.2,0.83,0.36,0.01,0.02,28.3,9.24,2.8,1.0,6.6,1.72,19.0,0.02,0.08,20.0,9.5,0.01,36.0,49.0,20.0,688.0,0.2,47.4,,0.25,,4.15,,0.5,0.015,0.031,0.1,0.091,0.018,10.5,0.47,72.3,0.2,,0.2,0.3,0.2,2.4,,0.0,0.0
25456,Sushi ou maki aux produits de la mer,171.0,3.7,0.6,1.36,0.73,0.16,0.08,0.09,13.1,26.9,4.93,0.9,6.69,0.55,16.0,0.08,0.25,20.0,14.0,0.21,81.0,130.0,20.0,218.0,0.44,21.0,66.4,1.14,,2.78,,1.11,0.031,0.018,1.28,0.34,0.15,9.19,1.36,60.3,1.76,0.1,2.28,0.1,0.31,0.58,19.0,0.0,0.0
26269,"Taboulé ou salade de semoule au poulet, préemballé",176.0,7.45,0.88,3.78,1.33,0.42,0.01,0.01,8.24,20.1,2.63,2.47,5.9,0.99,18.0,0.1,0.8,20.0,24.0,0.32,100.0,190.0,20.0,424.0,0.65,21.0,135.0,0.25,,3.22,,0.5,0.14,0.045,1.16,0.4,0.096,96.5,0.1,62.6,0.8,,0.8,0.2,0.7,0.2,16.6,0.0,0.0
25608,"Taboulé ou salade de semoule aux légumes, préemballé",179.0,6.7,0.67,3.95,1.1,0.34,0.01,0.01,0.1,23.7,4.9,2.5,4.88,1.0,24.0,0.16,0.88,20.0,25.0,0.4,80.0,210.0,20.0,399.0,0.65,0.0,149.0,0.0,,10.6,,6.27,0.087,0.024,0.5,0.26,0.052,14.5,0.0,60.3,2.0,0.2,1.5,0.2,1.4,0.2,17.7,0.9,0.0
26133,"Tacaud, cru",81.3,0.33,0.098,0.022,0.0012,0.001,0.043,0.1,46.4,0.0,0.0,0.0,19.7,0.2,26.7,0.1,0.21,214.0,26.5,0.1,148.0,306.0,35.4,81.5,0.34,2.0,,0.32,,0.0,,0.0,0.062,0.082,1.49,0.17,0.13,7.0,1.47,78.9,,,,,,,0.0,0.0,0.0
15203,Tahin ou purée de sésame,631.0,53.4,7.48,,,,0.0,0.0,0.0,13.8,0.49,7.0,17.7,0.19,284.0,1.61,6.69,,95.0,1.46,761.0,437.0,,75.0,4.62,0.0,40.0,0.0,0.25,0.0,,4.2,1.41,0.3,5.55,0.69,0.15,,0.0,3.03,,,,,,,,,0.0
25159,"Tajine de mouton, préemballé",131.0,6.83,2.73,,,,,,57.8,4.5,2.4,1.0,12.8,0.99,5.1,0.1,1.6,2.0,14.7,0.1,102.0,211.0,1.0,394.0,3.0,4.0,700.0,0.5,0.71,,,0.5,0.07,0.16,2.95,0.23,0.19,24.0,1.65,73.0,,,,,,,2.1,0.0,0.0
25204,"Tajine de poulet, préemballé",127.0,3.7,0.4,2.14,0.85,0.15,0.01,0.01,27.7,14.4,6.8,3.0,7.54,1.17,18.0,0.06,0.45,20.0,17.0,0.13,82.0,220.0,20.0,466.0,0.46,21.0,152.0,0.25,,7.32,,0.5,0.14,0.037,2.3,0.39,0.096,30.2,0.075,72.7,3.1,,3.2,0.2,0.2,0.5,2.3,0.0,0.0
13080,"Tamarin, fruit mûr, chair sans peau, avec pépins, cru",246.2,0.6,0.27,0.16,0.052,0.0,0.0,0.0,0.0,57.4,38.8,5.1,2.8,0.07,74.0,0.086,2.8,,92.0,,113.0,628.0,,28.0,0.1,0.0,18.0,0.0,,2.8,,3.5,0.43,0.15,1.94,0.14,0.066,,0.0,31.4,,,,,,,,,0.0
11043,"Tapenade, préemballée",229.0,21.9,5.44,14.4,1.95,0.17,,0.0,3.2,3.29,0.51,5.26,1.93,2.98,63.0,0.15,4.3,4.5,20.0,0.05,23.0,258.0,2.2,1280.0,0.4,0.0,162.0,0.0,4.49,,,1.05,0.0,0.09,1.1,0.02,0.02,0.0,0.0,62.3,,,,,,,0.0,0.0,0.0
4000,"Tapioca ou perles du Japon, cru",354.0,0.02,0.005,0.0036,0.0012,0.00027,0.0,0.0,0.0,87.8,3.35,0.9,0.19,0.0025,20.0,0.02,1.58,2.7,1.0,0.11,7.0,11.0,0.3,1.0,0.12,0.0,0.0,0.0,,0.0,,0.0,0.004,0.0,0.0,0.14,0.008,,0.0,11.0,,,,,,,,0.0,0.0
8290,"Tarama, au saumon fumé, préemballé",501.0,50.0,4.12,,,,,,,4.74,0.68,0.38,7.7,1.33,,,,,,,,,,533.0,,,,,,,,,,,,,,,,,,,,,,,,0.0,0.0
8293,"Tarama, aux oeufs de cabillaud, préemballé",518.0,53.0,4.31,31.9,9.98,4.32,0.41,0.32,65.2,4.01,0.62,0.48,6.11,1.53,8.5,0.1,0.4,10.0,6.6,0.1,79.0,80.9,5.0,720.0,0.7,5.0,53.0,0.96,9.0,,,0.5,0.1,0.095,0.57,0.64,0.084,16.0,2.7,30.0,0.3,,0.21,,0.17,0.24,3.3,0.0,0.0
53200,"Taro, tubercule, cru",105.0,0.2,0.041,,,,0.0,0.0,0.0,22.4,0.4,4.1,1.5,0.028,43.0,0.17,0.55,,33.0,0.38,84.0,591.0,,11.0,0.23,0.0,35.0,0.0,,1.0,,4.5,0.095,0.025,0.6,0.3,0.28,,0.0,70.6,,,,,,,20.8,0.0,0.0
53201,"Taro, tubercule, cuit",131.0,0.11,0.023,,,,0.0,0.0,0.0,29.5,0.49,5.1,0.52,0.038,18.0,0.2,0.72,,30.0,0.45,76.0,484.0,,15.0,0.27,0.0,39.0,0.0,,1.2,,5.0,0.11,0.028,0.51,0.34,0.33,,0.0,63.8,,,,,,,,0.0,0.0
25529,"Tarte à l'oignon, préemballée",280.0,17.2,7.5,,,,,,,23.5,5.63,1.9,7.0,0.87,,,,,,,,,,367.0,,,,,,,,,,,,,,,,,,,,,,,,0.0,0.0
25454,"Tarte à la provençale, préemballée",224.0,12.5,6.92,4.18,1.23,0.13,,,45.4,21.8,4.0,1.8,5.34,1.17,62.5,0.1,0.63,8.7,14.5,0.2,80.8,140.0,4.92,293.0,0.5,37.5,,0.95,1.54,,,4.25,0.05,0.1,,,0.1,14.7,0.22,54.3,,,,,,,17.1,0.0,0.0
25561,"Tarte à la tomate, préemballée",225.0,11.6,6.7,3.39,0.48,0.1,0.01,0.01,32.6,23.4,4.75,1.65,6.0,0.83,21.0,0.05,0.77,20.0,16.0,0.33,64.0,280.0,20.0,318.0,0.28,81.5,551.0,,,3.61,,5.2,0.05,0.025,0.44,0.28,0.091,40.9,0.071,58.4,1.8,,1.7,0.2,0.6,0.2,13.9,0.0,0.0
23497,"Tarte au chocolat, fabrication artisanale",469.0,30.7,18.9,6.87,1.24,0.12,0.01,0.01,82.9,40.9,22.7,2.9,5.94,0.19,53.0,0.32,4.7,20.0,47.0,0.52,120.0,230.0,20.0,74.4,0.79,183.0,67.9,0.25,,4.02,,0.0,0.064,0.59,0.13,0.35,0.09,80.0,0.32,18.6,1.4,,1.8,1.0,0.5,18.0,15.4,0.0,0.0
23485,Tarte au citron,319.0,13.6,7.65,3.61,0.88,0.083,0.0,0.021,121.0,43.1,34.1,0.97,5.56,0.3,25.2,1.0,1.2,10.0,9.7,1.0,67.0,95.8,5.8,51.6,1.0,62.0,50.0,0.2,,,,13.4,0.05,0.12,0.05,0.36,0.05,39.9,0.35,34.1,1.8,,2.1,0.5,0.5,25.2,1.8,0.0,0.0
25444,"Tarte au fromage, préemballée",271.0,16.7,10.4,5.04,1.22,0.06,,0.017,59.1,20.0,1.64,1.57,9.44,0.86,170.0,,0.54,,16.0,,151.0,110.0,,427.0,,66.2,,1.06,1.34,,,0.21,0.05,0.16,,,0.07,13.7,0.46,53.3,0.3,,0.083,1.36,0.21,0.28,17.5,0.0,0.0
25623,"Tarte au maroilles ou flamiche au maroilles, préemballée",318.0,18.3,12.8,,,,,,,23.0,2.8,2.5,14.0,1.66,,,,,,,,,,,,,,,,,,,,,,,,,,,,,,,,,,0.0,0.0
25555,"Tarte au saumon, préemballée",251.0,13.2,7.51,3.74,0.88,0.15,0.068,0.11,20.9,24.2,2.81,0.9,8.41,0.85,59.2,0.1,0.63,12.4,17.7,0.2,111.0,162.0,10.3,333.0,0.42,49.9,,2.59,1.47,,,1.83,0.07,0.14,,,0.17,20.1,0.73,54.6,0.24,,0.33,0.45,0.81,0.2,21.4,0.0,0.0
23494,Tarte aux abricots,285.0,10.7,6.43,2.67,0.41,0.02,,,39.8,41.0,17.5,5.9,3.18,0.22,25.0,,6.0,,,,,,,89.3,,,,,,,,,,,,,,,,41.5,4.6,,6.6,0.2,2.0,4.3,15.7,0.0,0.0
23491,"Tarte aux fraises, artisanale",318.0,19.8,9.04,4.65,,0.13,0.0043,,29.0,31.0,12.9,1.5,3.19,0.14,53.6,1.0,0.51,10.0,18.0,1.0,70.0,146.0,22.1,57.3,1.0,34.0,50.0,0.2,,,,5.1,0.05,0.11,0.05,0.31,0.05,28.9,0.39,46.9,5.7,,7.2,0.5,0.5,0.5,5.7,0.0,0.0
23479,Tarte aux fruits et crème pâtissière,205.0,7.7,4.8,1.75,0.37,0.06,0.01,0.01,34.0,30.0,18.7,1.3,2.94,0.26,42.0,0.06,0.43,,11.0,0.25,56.0,150.0,20.0,104.0,0.25,54.7,129.0,0.5,,5.9,,5.42,0.053,0.33,0.1,0.24,0.015,20.6,0.091,56.8,5.6,,6.0,1.1,1.4,4.6,10.0,0.0,0.0
23495,Tarte aux fruits rouges,231.0,6.87,3.85,1.67,0.45,0.094,,,14.8,36.5,20.8,4.5,3.5,0.21,,,,,,,,,,82.5,,,66.0,,,,,,,,,,,,,49.1,4.4,,5.0,0.2,1.3,10.1,13.8,0.0,0.0
25417,"Tarte aux légumes, préemballée",216.0,11.7,6.0,,,0.15,,,,21.8,3.2,1.7,5.0,0.98,104.0,0.058,,,13.9,0.13,,242.0,2.95,392.0,0.62,,,,,,,,,,,,,,,57.4,,,,,,,,0.0,0.0
25564,"Tarte aux noix de Saint-Jacques, préemballée",222.0,11.5,5.93,,,,,,,21.7,2.33,1.35,7.2,1.06,,,,,,,,,,449.0,,,,,,,,,,,,,,,,,,,,,,,,0.0,0.0
24663,Tarte aux poires amandine,310.0,14.9,7.2,4.88,1.3,0.06,0.01,0.01,64.8,37.7,21.2,2.3,4.9,0.14,37.0,0.11,0.57,20.0,27.0,0.27,84.0,140.0,20.0,54.1,0.44,103.0,65.6,0.25,,1.07,,0.82,0.046,0.09,0.1,0.24,0.032,109.0,0.13,39.2,3.1,,2.8,0.3,1.3,13.7,11.8,0.0,0.0
26267,"Tarte épinard chèvre, préemballée",233.0,13.1,8.44,3.47,1.02,0.15,0.01,0.01,46.4,21.3,2.54,1.48,6.69,0.9,79.0,0.05,0.77,20.0,19.0,0.32,98.0,180.0,20.0,393.0,0.56,69.0,893.0,0.25,,7.14,,0.5,0.07,0.12,0.2,0.22,0.054,62.5,0.2,51.7,0.2,,0.2,1.4,0.8,0.2,18.3,0.0,0.0
23481,"Tarte normande aux pommes (garniture farine, oeufs, crème, sucre, calvados), artisanale",313.0,15.0,8.37,4.0,0.9,0.08,0.01,0.03,71.4,38.7,25.8,2.5,4.44,0.23,39.0,0.08,0.57,20.0,16.0,0.22,75.0,180.0,20.0,93.0,0.39,97.9,68.9,0.5,,1.83,,7.05,0.028,0.063,0.1,0.35,0.022,22.4,0.16,38.6,4.48,,2.34,0.29,0.29,18.4,12.9,0.0,0.0
25573,Tarte ou quiche salée (aliment moyen),268.0,15.1,7.87,4.52,1.31,0.14,0.0049,0.011,62.6,24.3,3.05,1.55,8.04,1.13,86.3,0.049,0.64,20.6,17.7,0.16,121.0,193.0,5.39,501.0,0.72,50.2,,0.89,,,,1.32,0.12,0.12,0.78,,0.12,24.8,0.32,50.8,0.41,,0.52,1.1,0.72,0.13,,0.0,0.0
23498,Tarte ou tartelette aux fruits (aliment moyen),245.0,9.99,5.52,,0.57,0.061,0.0046,0.0061,40.4,34.1,21.6,2.4,3.18,0.26,22.7,0.14,0.87,4.48,11.9,0.27,50.5,140.0,6.2,97.9,0.28,43.8,63.8,0.43,,,,5.79,0.032,0.13,0.19,0.2,0.074,22.8,0.12,48.9,5.9,,4.72,0.41,1.54,8.42,10.0,0.0,0.0
23490,Tarte ou tartelette aux pommes,227.0,8.79,4.66,,0.55,0.05,0.012,0.012,19.0,32.7,20.7,3.3,2.52,0.31,4.5,0.1,0.55,3.0,11.0,0.2,36.0,149.0,2.2,122.0,0.2,27.0,36.0,0.5,0.7,,,5.0,0.04,0.04,0.39,0.12,0.14,16.0,0.08,50.4,7.76,,4.3,0.2,2.24,6.36,12.1,0.0,0.0
25553,"Tarte ou tourte aux poireaux, préemballée",229.0,13.3,7.96,4.11,1.1,0.11,0.01,0.01,51.1,20.9,2.27,2.12,5.29,0.97,95.0,0.06,0.6,20.0,14.0,0.24,110.0,130.0,20.0,381.0,0.66,58.2,216.0,0.5,,14.6,,0.5,0.074,0.11,0.11,0.36,0.06,87.1,0.45,54.5,0.2,,0.6,1.0,0.4,0.2,16.0,0.0,0.0
23496,Tarte tatin aux pommes,245.0,9.25,5.79,1.78,0.55,0.07,0.01,0.01,39.6,38.1,28.5,1.25,1.76,0.15,9.4,0.05,0.33,20.0,6.7,0.13,41.0,100.0,20.0,76.0,0.19,21.0,54.6,0.5,,1.2,,0.5,0.03,0.01,0.1,0.18,0.023,10.0,0.051,50.0,8.1,,5.5,0.2,0.5,10.7,9.5,,0.0
25137,"Tartiflette (pommes de terre, reblochon, lardons…), préemballée",161.0,8.9,4.47,2.35,0.96,0.07,0.01,0.01,18.2,13.5,1.25,0.8,6.0,0.75,74.0,0.05,0.26,20.0,14.0,0.06,95.0,270.0,20.0,300.0,0.57,35.7,16.5,0.5,,0.82,,0.5,0.05,0.061,1.01,0.23,0.13,33.4,0.2,68.9,0.17,0.1,0.41,0.49,0.1,0.18,9.3,0.0,0.0
7410,"Tartine craquante extrudée, classique",385.0,3.6,0.79,1.35,1.11,0.2,0.003,0.003,1.0,75.8,7.8,4.8,9.01,1.6,63.3,0.12,1.7,14.6,27.0,0.86,135.0,240.0,3.3,639.0,0.84,16.0,30.0,0.0,,0.97,,2.0,0.13,0.1,0.38,0.45,0.03,4.1,0.1,4.3,0.12,0.08,0.08,1.37,0.14,6.16,64.1,0.0,0.0
7414,"Tartine craquante extrudées, source ou riche en fibres",376.0,3.5,0.98,0.82,0.93,0.059,0.003,0.003,1.0,71.3,5.06,7.2,9.86,1.32,48.7,0.24,3.5,13.0,69.6,1.4,203.0,315.0,3.04,526.0,1.3,40.7,30.0,0.0,,1.1,,2.0,0.19,0.14,1.2,0.58,0.16,4.2,0.1,5.5,0.08,0.08,0.08,1.06,0.19,3.8,64.3,0.0,0.0
7412,"Tartine craquante, extrudée et grillée, fourrée au chocolat",445.0,15.6,5.84,6.08,2.09,0.53,0.009,0.009,1.3,65.4,29.7,5.3,7.88,0.19,144.0,0.49,7.5,13.0,71.9,0.89,218.0,357.0,4.0,76.0,1.1,16.0,30.0,0.0,,6.5,1.25,2.0,0.11,0.16,1.95,0.38,0.15,4.6,0.1,3.8,0.16,0.16,0.16,2.92,0.15,26.8,31.2,0.0,0.0
7413,"Tartine craquante, extrudée et grillée, fourrée aux fruits",372.0,5.1,2.54,1.57,0.7,0.06,0.004,0.004,1.0,74.9,31.3,2.6,4.22,0.23,125.0,0.065,0.53,16.0,14.7,0.39,121.0,136.0,2.0,90.0,0.5,16.0,30.0,0.0,,0.67,,2.0,0.079,0.1,0.22,0.2,0.03,4.6,0.1,11.6,3.36,0.34,12.8,0.6,5.28,8.89,38.3,0.0,0.0
7359,"Tartine croustillante au seigle, source ou riche en fibres",342.0,3.0,0.42,0.32,0.95,0.13,0.002,0.002,1.0,57.4,1.96,21.9,9.29,0.99,61.3,0.49,3.6,31.6,128.0,3.3,390.0,615.0,3.78,395.0,4.2,16.0,30.0,0.0,,3.3,,2.0,0.24,0.13,0.88,0.39,0.18,5.2,0.1,5.7,0.1,0.08,0.08,0.08,0.79,1.03,50.1,0.0,0.0
20917,Tempeh,157.0,4.7,0.57,1.04,2.51,0.24,0.01,0.01,0.0,7.89,0.24,6.2,16.1,0.098,88.0,0.46,1.7,20.0,60.0,1.3,190.0,310.0,20.0,39.0,1.3,0.0,5.0,0.25,,20.3,,0.5,0.03,0.18,1.46,0.57,0.091,38.5,0.019,63.7,0.1,0.1,0.11,0.1,0.1,0.13,0.35,0.0,0.0
8232,Terrine de canard,322.0,27.1,9.91,11.0,2.81,0.25,0.01,0.03,161.0,5.64,0.47,0.54,13.2,1.39,23.0,0.62,5.2,20.0,16.0,0.16,170.0,210.0,40.0,554.0,2.6,4350.0,0.0,0.75,,1.43,,12.9,0.17,0.41,7.97,2.49,0.14,343.0,13.6,50.7,,,,,,,,0.0,0.0
8292,"Terrine de fruits de mer (par ex. de Saint-Jacques), avec ou sans poisson, préemballée",190.0,13.3,2.5,5.07,1.63,0.71,0.49,0.3,37.3,7.89,1.74,1.2,9.13,1.25,30.5,0.1,0.4,25.0,19.0,0.1,66.0,210.0,13.0,590.0,0.4,15.0,,1.2,4.0,,,0.5,0.045,0.11,1.6,0.32,0.12,23.0,1.05,66.5,0.1,,0.1,,0.1,0.1,4.0,0.0,0.0
8242,Terrine de lapin,266.0,18.0,7.0,,,,,,,6.44,1.0,1.0,19.0,1.68,,,,,,,,,,670.0,,,,,,,,,,,,,,,,53.8,,,,,,,,0.0,0.0
8291,"Terrine de poisson, préemballée",205.0,16.7,2.77,,,,,,,4.21,1.59,1.36,9.01,1.16,36.0,,,,,,,,,500.0,,,,,,,,,,,,,,,,67.0,0.067,,0.067,0.1,0.1,0.1,,0.0,0.0
8296,"Terrine ou mousse de légumes, premballée",140.0,9.56,3.59,,,,,,1.75,5.5,1.33,2.55,6.67,1.46,68.6,,1.76,6.0,24.0,,132.0,232.0,,578.0,0.7,20.0,,0.2,2.11,,,2.16,,,3.98,,0.36,110.0,0.0,75.9,,,,,,,4.17,0.0,0.0
12764,Tête de moine,415.0,34.5,21.5,,,,,,,0.5,0.0,0.0,26.0,2.0,,,,,,,,,14.5,,,,33.0,0.6,0.28,2.7,,,,,,,,10.0,1.6,,,,,,,,0.0,0.0,0.0
20158,"Tétragone cornue, cuite",13.5,0.17,0.027,,,,0.0,0.0,0.0,1.0,0.25,1.4,1.3,0.27,48.0,0.077,0.66,,32.0,0.53,22.0,102.0,,107.0,0.31,0.0,,0.0,,292.0,,16.0,0.03,0.11,0.39,0.26,0.24,,0.0,94.8,,,,,,,,,0.0
18020,"Thé infusé, sans sucres ajoutés",0.4,0.0,0.0,,,,0.0,0.0,0.0,0.0,0.0,0.0,0.1,0.0041,1.1,0.018,0.015,0.61,2.0,0.19,1.75,25.8,2.98,1.65,0.025,0.0,0.0,0.0,,0.0,,0.0,0.0,0.016,0.055,0.011,0.0,3.25,0.0,99.7,,,,,,,0.0,0.0,0.0
18154,"Thé noir, infusé, sans sucres ajoutés",1.26,0.007,0.002,,,,0.0,0.0,0.0,0.3,0.0,0.0,0.0,0.0075,0.0,0.01,0.02,,3.0,0.22,1.0,37.0,,3.0,0.02,0.0,0.0,0.0,,0.0,,0.0,0.0,0.014,0.0,0.011,0.0,5.0,0.0,99.7,,,,,,,,0.0,0.0
18155,"Thé vert, infusé, sans sucres ajoutés",5.1,0.0,,,,,,,,1.09,,0.0,0.0,0.011,3.78,0.03,0.06,20.0,3.49,1.49,3.68,53.8,20.0,4.25,0.05,0.0,5.0,,,0.8,,0.5,0.015,0.01,0.21,0.13,0.01,6.99,,98.5,,,,,,,0.0,0.0,0.0
18076,"Thé, feuille",232.0,2.0,,,,,0.0,0.0,0.0,6.3,,55.8,19.4,0.11,430.0,2.5,18.0,16.0,250.0,71.0,630.0,2160.0,,45.0,2.9,0.0,,0.0,,,,0.0,0.14,0.95,7.5,1.3,0.3,,0.0,9.3,,,,,,,,0.0,0.0
26180,"Thon à l'huile de tournesol, entier, appertisé, égoutté",206.0,12.2,1.34,3.55,6.44,0.01,0.02,0.09,41.4,0.76,,0.0,23.3,0.93,12.0,0.06,0.77,20.0,32.0,0.01,180.0,220.0,90.0,373.0,0.65,21.0,0.0,0.81,0.87,0.8,,,0.015,0.028,10.9,0.16,0.14,9.99,3.05,62.1,,,,,,,0.0,0.0,0.0
26245,"Thon à l'huile de tournesol, miettes, appertisées, égouttées",227.0,14.8,1.62,4.36,7.76,0.01,0.02,0.12,38.0,0.0,0.25,0.0,23.4,0.85,11.0,0.06,1.0,20.0,27.0,0.01,160.0,210.0,100.0,339.0,0.71,21.0,0.0,1.21,0.87,0.8,,,0.015,0.027,12.2,0.19,0.11,6.71,4.46,60.9,,,0.2,,0.2,0.25,0.0,0.0,0.0
26242,"Thon à la tomate, miettes, appertisées, égouttées",140.0,7.67,1.17,,2.39,0.01,,,,4.33,3.67,0.67,13.0,1.67,,,,,,,,,76.0,666.0,,,0.0,6.7,0.87,44.0,,,,,,,,5.0,2.2,,1.2,,1.0,,0.3,0.8,,0.0,0.0
26181,"Thon albacore, au naturel, appertisé, égoutté",127.0,1.46,0.44,0.26,0.014,0.0046,0.072,0.4,60.7,3.67,0.0,0.0,24.8,0.78,1.5,0.1,1.3,1.0,26.1,0.1,166.0,245.0,68.0,283.0,0.4,22.0,,6.1,1.08,2.3,,,0.04,0.045,10.6,0.16,0.4,,2.05,68.5,0.3,,0.23,,0.23,0.26,,0.0,0.0
26064,"Thon albacore, cru",112.0,0.94,0.17,0.08,0.006,0.002,0.012,0.088,43.0,1.0,0.0,0.0,25.0,0.11,7.77,0.089,0.98,23.7,40.8,0.021,257.0,410.0,79.6,40.0,0.23,195.0,0.0,2.3,0.24,0.1,,2.6,0.14,0.098,13.5,0.47,0.97,8.5,3.44,71.6,0.0,,0.0,0.0,0.0,0.0,0.0,0.0,0.0
26179,"Thon germon ou thon blanc, à l'huile d'olive, appertisé, égoutté",192.0,6.95,1.41,3.79,0.35,0.035,0.14,0.68,40.1,1.01,0.0,0.0,31.3,0.67,1.0,0.1,0.5,6.0,35.9,0.1,196.0,331.0,11.0,270.0,0.4,4.0,0.0,0.86,1.75,,,0.0,0.04,0.051,15.6,0.16,0.63,5.0,2.45,59.3,0.0,,0.0,0.0,0.0,0.0,0.0,0.0,0.0
26076,"Thon germon ou thon blanc, cru",121.0,1.37,0.26,0.11,0.0046,0.0035,0.04,0.16,35.2,0.0,0.0,0.0,27.2,0.29,3.5,0.1,0.95,14.0,37.6,0.1,242.0,355.0,188.0,77.7,0.38,3.02,,2.62,,,,,0.062,0.047,19.4,0.14,0.95,15.3,2.78,69.5,,,,,,,0.0,0.0,0.0
26077,"Thon germon ou thon blanc, cuit à la vapeur sous pression",165.0,5.06,1.35,,,,0.037,0.16,,0.0,0.0,0.0,30.0,0.1,1.33,0.22,1.01,40.0,34.3,0.02,307.0,390.0,65.7,41.1,0.54,4.0,0.0,,,,,,,,,,,,,64.0,0.0,,0.0,0.0,0.0,0.0,,0.0,0.0
26068,"Thon listao ou bonite à ventre rayé, cru",97.1,1.01,0.33,,,,0.071,0.19,47.0,0.0,0.0,0.0,22.0,0.093,29.0,0.086,1.25,,34.0,0.015,222.0,407.0,36.5,37.0,0.82,16.0,,,,,,1.0,0.033,0.1,15.4,0.42,0.85,9.0,1.9,,,,,,,,0.0,0.0,0.0
26069,"Thon rouge, cru",157.0,6.81,1.26,,,,0.28,0.89,38.0,0.59,0.0,0.0,23.3,0.098,8.0,0.086,1.02,,50.0,0.015,254.0,252.0,73.4,39.0,0.6,655.0,0.0,5.7,1.0,0.0,,0.0,0.24,0.25,8.65,1.05,0.46,2.0,9.43,68.1,,,,,,,0.0,0.0,0.0
26243,"Thon, à la catalane ou à l'escabèche (sauce tomate), appertisé",149.0,8.6,0.67,4.48,1.68,0.72,,0.05,,6.0,3.0,0.0,12.0,0.99,,,,,,,,,76.0,395.0,,,0.0,6.7,0.87,44.0,,,,,,,,5.0,2.2,,,,1.1,,0.2,0.35,,0.0,0.0
26039,"Thon, au naturel, appertisé, égoutté",143.0,3.94,1.01,0.31,0.025,0.012,0.2,0.87,50.0,0.0,0.0,0.0,26.8,0.74,6.26,0.031,0.76,16.0,24.0,0.0037,155.0,207.0,305.0,251.0,0.45,6.5,0.0,5.08,,0.0,,0.0,0.03,0.053,13.6,0.094,0.44,16.3,2.53,68.0,0.0,,0.0,0.0,0.0,0.0,0.0,0.0,0.0
26053,"Thon, cru",155.0,5.38,1.0,0.96,,0.0058,0.5,1.57,34.0,2.72,0.0,0.0,24.0,0.12,17.7,0.13,1.77,26.9,34.9,0.023,229.0,429.0,97.1,49.0,0.55,265.0,0.0,7.8,0.24,0.1,,1.37,0.13,0.12,11.0,0.66,0.54,13.6,3.79,66.6,0.0,,0.0,0.0,0.0,0.0,0.0,0.0,0.0
26041,"Thon, rôti/cuit au four",136.0,1.83,1.0,0.25,0.042,0.0067,0.11,0.4,43.5,0.0,0.0,0.0,29.9,0.14,18.7,0.047,1.8,150.0,46.0,0.0076,273.0,445.0,81.2,56.0,0.44,8.0,0.0,1.83,0.32,,,,0.052,0.062,16.4,0.13,0.47,40.6,2.57,66.9,0.0,,0.0,0.0,0.0,0.0,0.0,0.0,0.0
11070,"Thym, frais",107.0,1.68,0.47,,,,0.0,0.0,0.0,10.5,,14.0,5.56,0.023,405.0,0.56,17.5,,160.0,1.72,106.0,609.0,,9.0,1.81,0.0,2850.0,0.0,1.7,,,160.0,0.048,0.47,1.82,0.41,0.35,,0.0,65.1,,,,,,,,0.0,0.0
11038,"Thym, séché",285.0,7.43,2.73,,,,0.0,0.0,0.0,26.9,1.71,37.0,9.11,0.14,1890.0,0.86,124.0,,220.0,7.87,201.0,814.0,,55.0,6.18,0.0,2260.0,0.0,,1710.0,,50.0,0.51,0.4,4.94,0.0,0.55,,0.0,7.79,,,,,,,,0.0,0.0
20834,"Ti nain, chair sans peau, cuit à la vapeur, prélevé à la Martinique",5.0,0.05,,,,,0.0,0.0,,,,,1.13,,,,,,,,,,,,,0.0,,,,,,9.23,,,,,,,,72.1,,,,,,,20.7,,0.0
26268,"Tielle sétoise, préemballée",285.0,14.4,1.5,,,,,,,29.4,5.6,1.8,8.5,1.3,,,,,,,,,,610.0,,,,,,,,,,,,,,,,39.4,1.35,,1.0,0.1,1.25,0.1,,0.0,0.0
27019,"Tilapia, cru",91.6,2.13,0.56,0.44,0.21,0.028,0.011,0.071,39.5,0.0,0.0,0.0,18.1,0.071,8.16,0.1,0.27,6.38,25.4,0.1,131.0,282.0,17.8,28.3,0.32,2.0,0.0,19.6,,1.3,0.0,0.0,0.04,0.051,3.28,0.68,0.23,24.0,1.07,78.5,,,,,,,0.0,0.0,0.0
19698,"Tiramisu au café, rayon frais",242.0,9.8,6.41,2.2,0.39,0.02,0.01,0.01,44.8,30.2,19.5,1.2,4.25,0.19,94.0,0.06,0.68,20.0,18.0,0.1,110.0,230.0,20.0,77.0,0.46,37.6,10.8,0.25,,,,0.5,0.022,0.095,0.24,0.7,0.32,5.52,0.078,51.6,0.2,0.2,1.0,3.6,6.2,8.5,3.8,0.5,1.8
19699,"Tiramisu aux fruits, rayon frais",220.0,8.27,6.18,,,,,,,32.1,21.7,1.39,3.62,0.14,,,,,,,,,,,,,,,,,,,,,,,,,,,,,,,,,,0.0,
18022,"Tisane infusée ou infusion, sans sucres ajoutés",0.8,0.0,0.0,,,,0.0,0.0,0.0,0.2,0.0,0.0,0.0,0.0025,2.0,0.015,0.08,1.0,1.0,0.044,0.0,9.0,,1.0,0.04,0.0,0.0,0.0,,0.0,,0.0,0.01,0.004,0.0,0.011,0.0,1.0,0.0,99.7,,,,,,,0.0,0.0,0.0
7399,"Toast ou pain grillé brioché aux raisins secs, tranches, préemballé",405.0,5.9,2.45,,,,0.0,,,74.3,18.8,4.03,10.7,0.62,,,,,,,,,,231.0,,,,,,,,,,,,,,,,4.83,8.7,,8.4,0.18,1.35,0.1,53.0,0.0,0.0
25523,"Toasts ou canapés salés, garnitures diverses, préemballés",251.0,13.3,7.11,4.88,1.11,0.15,,,57.2,22.4,5.6,2.8,9.09,1.11,153.0,0.096,1.79,7.17,23.4,0.18,181.0,152.0,3.77,445.0,1.38,446.0,41.4,0.32,0.42,,,1.57,0.27,0.27,3.43,0.6,0.16,26.1,0.72,53.5,1.6,,2.0,0.4,1.6,0.2,11.7,0.0,0.0
20912,"Tofu fumé, préemballé",164.0,9.5,1.53,1.83,4.86,0.68,0.01,0.025,,2.91,0.85,0.5,14.9,0.74,62.0,0.25,2.0,,140.0,1.1,190.0,190.0,20.0,295.0,1.4,,5.0,0.5,,13.0,,0.5,0.026,0.01,0.11,0.21,0.044,16.4,0.019,70.3,0.1,0.1,0.1,0.1,0.3,0.55,0.35,0.0,0.0
20904,"Tofu nature, préemballé",147.0,8.5,1.35,1.79,4.26,0.55,0.01,0.01,0.0,2.87,0.57,0.5,13.4,0.025,100.0,0.24,2.4,20.0,100.0,0.93,210.0,140.0,20.0,10.0,1.3,0.0,5.0,0.25,,12.7,,0.5,0.024,0.01,0.13,0.14,0.028,25.1,0.0,73.8,0.1,0.1,0.18,0.1,0.1,0.39,0.35,0.0,0.0
20906,"Tofu soyeux, préemballé",54.3,2.9,0.47,0.61,1.44,0.18,0.01,0.01,,1.53,1.13,0.6,4.57,0.013,21.0,0.19,0.64,20.0,64.0,0.27,58.0,210.0,20.0,5.0,0.47,,5.0,0.25,,5.48,,0.5,0.036,0.01,0.1,0.21,0.048,24.2,,89.4,0.1,0.1,0.33,0.1,0.1,0.8,0.35,0.0,0.0
25524,"Tomate à la provençale, fait maison",75.7,4.32,0.94,,,,,,4.0,6.55,2.71,2.0,1.65,0.47,23.0,0.068,0.67,2.37,13.1,0.18,33.0,247.0,0.93,188.0,0.22,11.0,1480.0,0.01,1.64,,,21.5,0.063,0.038,0.61,0.32,0.11,22.2,0.0,83.6,,,,,,,3.84,0.0,0.0
20345,"Tomate allongée, crue",18.8,0.0,,,,,0.0,0.0,0.0,3.29,3.29,2.1,,,,,,,,,,,,,,0.0,,,,,,16.8,,,,,,,,94.4,1.91,,1.35,,,0.03,,,0.0
20172,"Tomate cerise, crue",31.8,0.5,0.01,0.01,0.01,0.01,0.01,0.01,0.0,5.62,4.8,1.2,1.31,0.013,6.6,0.05,0.37,20.0,11.0,0.16,31.0,330.0,20.0,5.0,0.18,0.0,1360.0,0.0,,2.83,,21.8,0.048,0.018,0.92,0.079,0.096,,0.0,90.1,2.5,,2.3,0.2,0.2,0.2,0.35,0.5,0.0
20192,"Tomate côtelée ou coeur de boeuf, crue",17.4,0.5,0.01,0.01,0.01,0.01,0.01,0.01,0.0,3.4,2.98,0.9,0.5,0.013,7.2,0.03,0.14,20.0,6.9,0.12,19.0,210.0,20.0,5.0,0.09,0.0,825.0,,,0.82,,17.8,0.035,0.01,0.44,0.06,0.057,,,94.6,1.69,,1.25,0.2,0.2,0.034,0.35,0.5,0.0
25103,"Tomate farcie, préemballée",127.0,9.67,3.24,,,0.086,,,42.0,2.95,1.38,2.1,6.0,0.7,18.4,0.066,0.87,4.0,12.8,0.12,62.0,199.0,2.2,280.0,0.75,10.0,,0.1,1.1,,,7.0,0.06,0.06,0.9,,0.07,,,78.5,0.73,,0.65,0.3,0.3,0.3,1.57,0.0,0.0
20584,"Tomate grappe, crue",19.8,0.5,0.01,0.01,0.01,0.01,0.01,0.01,0.0,3.67,3.25,1.5,0.5,0.013,6.6,0.02,0.18,20.0,6.5,0.12,20.0,200.0,20.0,5.0,0.08,0.0,966.0,,,0.97,,20.1,0.036,0.01,0.47,0.06,0.07,,,94.1,1.73,,1.48,0.2,0.2,0.04,0.35,0.5,0.0
20343,"Tomate marmande, crue",11.2,0.0,,,,,0.0,0.0,0.0,2.81,2.81,,,,,,,,,,,,,,,0.0,,,,,,19.3,,,,,,,,94.5,1.6,,1.16,,,0.039,,,0.0
20344,"Tomate noire de Crimée, crue",12.3,0.0,,,,,0.0,0.0,0.0,3.08,3.08,,,,,,,,,,,,,,,0.0,,,,,,23.5,,,,,,,,94.0,1.65,,1.38,,,0.052,,,0.0
20276,"Tomate ronde, crue",17.5,0.5,0.01,0.01,0.01,0.01,0.01,0.01,0.0,3.42,3.0,1.0,0.5,0.013,6.8,0.02,0.17,20.0,7.0,0.1,20.0,210.0,20.0,5.0,0.08,0.0,807.0,,,1.13,,19.9,,0.01,0.45,0.061,0.07,,,94.6,1.74,,1.23,0.2,0.2,0.03,0.35,0.5,0.0
20385,"Tomate sans précision, crue (aliment moyen)",19.2,0.5,0.01,0.01,0.01,0.01,0.0099,0.0099,0.0,3.69,3.22,1.02,0.6,0.013,6.78,0.024,0.19,20.0,7.49,0.11,21.3,225.0,20.0,5.0,0.092,0.0,874.0,,,1.34,,20.1,,0.0065,0.51,0.063,0.073,,,94.1,1.83,,1.36,0.2,0.2,0.039,0.35,0.5,0.0
20119,"Tomate verte, crue",24.8,0.2,0.028,,,,0.0,0.0,0.0,4.0,4.0,1.1,1.2,0.033,13.0,0.09,0.51,,10.0,0.1,28.0,204.0,,13.0,0.07,0.0,346.0,0.0,,10.1,,23.4,0.06,0.04,0.5,0.5,0.081,,0.0,93.0,,,,,,,,,0.0
20242,"Tomate, chair et peau, bouillie/cuite à l'eau",17.4,0.11,0.015,,,,0.0,0.0,0.0,2.8,2.49,0.7,0.95,0.028,11.0,0.075,0.68,1.5,9.0,0.11,28.0,218.0,0.18,11.0,0.14,0.0,293.0,0.0,,2.8,,22.8,0.036,0.022,0.53,0.13,0.079,,0.0,94.3,1.31,0.0,1.18,0.0,0.0,0.0,0.0,,0.0
20358,"Tomate, chair et peau, cuite (aliment moyen)",19.8,0.21,0.049,,,,0.0036,0.0036,0.0,3.06,2.71,1.13,0.97,0.02,11.4,0.059,0.51,4.55,9.07,0.13,28.4,251.0,3.71,7.95,0.13,0.0,391.0,0.09,,2.2,,20.0,0.026,0.016,0.54,0.11,0.074,,0.0,93.7,1.45,0.0,1.26,0.072,0.072,0.072,0.13,,0.0
20289,"Tomate, chair et peau, rôtie/cuite au four",24.0,0.4,0.11,0.08,0.15,0.02,0.01,0.01,,3.53,3.1,1.9,1.0,0.013,12.0,0.03,0.22,20.0,9.2,0.18,29.0,310.0,20.0,5.0,0.11,0.0,567.0,0.25,,1.12,,14.9,0.015,0.01,0.57,0.089,0.066,,,92.6,1.7,,1.4,0.2,0.2,0.2,0.35,0.5,0.0
20169,"Tomate, chair, appertisée",22.6,0.5,0.01,0.01,0.01,0.01,0.01,0.01,0.0,3.63,3.2,1.8,1.2,0.068,20.0,0.08,0.39,20.0,11.0,0.08,20.0,260.0,20.0,27.1,0.09,0.0,1980.0,0.25,1.25,0.8,,10.5,0.036,0.023,0.65,0.054,0.083,13.0,0.0,93.0,1.7,0.0,1.5,0.2,0.2,0.2,0.35,0.5,0.0
20068,"Tomate, concentré, appertisé",99.2,0.53,0.1,0.067,0.15,0.01,0.0,0.0,0.0,17.1,13.3,4.2,4.4,0.27,45.6,0.1,1.2,4.4,63.3,0.1,103.0,1010.0,0.4,108.0,0.1,0.0,784.0,0.0,5.7,11.4,,2.6,0.08,0.1,2.2,0.2,0.09,58.0,0.0,72.0,6.6,0.0,6.7,0.5,0.5,0.5,0.22,,0.0
20260,"Tomate, coulis, appertisé (purée de tomates mi-réduite à 11%)",45.5,0.2,0.08,0.01,0.01,0.01,0.0,0.01,,7.57,5.5,2.6,2.05,0.88,,,,,,,,,0.6,350.0,,0.0,129.0,0.0,1.25,5.3,,,,,,,,13.0,0.0,89.1,2.6,,2.6,0.1,0.15,0.25,,,0.0
20268,"Tomate, double concentré, appertisé",99.5,0.47,0.0,,,,,,,19.3,19.3,1.5,3.75,0.93,,,,,,,,,,329.0,,0.0,,,,,,,,,,,,,,74.3,7.14,,6.56,,0.3,0.3,,,0.0
20835,"Tomate, entière, crue, prélevée à la Martinique",4.8,0.06,,,,,0.0,0.0,0.0,,,,1.06,,,,,,,,,,,,,0.0,,,,,,15.2,,,,,,,,94.1,,,,,,,,,0.0
20137,"Tomate, pelée, appertisée, au jus, non égouttée",21.8,0.25,0.034,,,,0.0,0.0,0.0,3.15,2.55,1.9,0.79,0.025,33.0,0.052,0.57,,10.0,0.068,17.0,191.0,0.6,10.0,0.12,0.0,265.0,0.0,1.25,2.9,,12.6,0.58,0.055,0.71,0.12,0.11,13.0,0.0,94.8,1.31,0.0,1.24,0.0,0.0,0.0,,0.011,0.0
20048,"Tomate, pelée, appertisée, égouttée",16.4,0.28,0.034,0.034,0.092,0.0095,0.0,0.0,0.0,1.61,1.6,1.27,0.9,0.33,21.1,0.06,0.57,1.73,9.2,0.073,17.0,191.0,2.2,130.0,0.11,0.0,245.0,0.0,1.25,2.6,,12.6,0.58,0.055,0.71,0.12,0.11,13.0,0.0,94.8,0.82,0.0,0.78,0.0,0.0,0.0,,0.0064,0.0
20170,"Tomate, purée, appertisée",47.6,0.2,0.052,0.03,0.11,0.012,0.0,0.01,0.0,8.42,3.3,1.6,1.5,0.42,19.9,0.15,0.6,2.2,30.0,0.16,41.9,798.0,0.4,168.0,0.2,0.0,129.0,0.0,1.25,5.3,,9.0,0.1,0.05,1.3,0.25,0.18,13.0,0.0,85.6,1.58,,1.72,,0.24,0.26,,0.011,0.0
20189,"Tomate, séchée",257.1,2.97,0.43,0.49,1.1,0.011,0.0,0.0,0.0,43.5,37.6,12.3,14.1,0.62,110.0,1.42,9.09,,194.0,1.85,356.0,3430.0,5.5,247.0,1.99,0.0,524.0,0.0,0.01,43.0,,39.2,0.53,0.49,9.05,2.09,0.33,68.0,0.0,14.6,,,,,,,,,0.0
20256,"Tomate, séchée, à l'huile",171.0,13.2,1.89,,2.05,0.0058,0.0078,0.0078,0.0,7.98,6.5,5.8,5.06,0.67,47.0,0.47,2.68,,81.0,0.47,139.0,1570.0,,266.0,0.78,0.0,,0.0,,,,,0.19,0.38,3.63,0.48,0.32,,0.0,53.8,3.63,,2.88,,0.3,0.3,,0.011,0.0
12763,Tome des Bauges,381.0,30.8,19.0,5.82,0.56,0.29,0.015,,,0.0,0.0,0.0,26.6,1.15,,,,,,,,,14.5,459.0,,,33.0,0.6,0.28,2.7,,,,,,,,10.0,1.6,39.5,,0.2,0.02,0.2,,,0.0,0.0,0.0
12771,Tomme ou tome de Savoie,361.0,29.2,20.8,5.3,0.4,0.2,0.021,0.021,88.6,0.97,0.058,0.0,23.5,1.31,600.0,0.31,0.07,20.0,20.0,0.02,510.0,140.0,20.0,547.0,2.9,265.0,161.0,0.25,0.24,1.48,,0.5,0.015,0.26,3.23,0.32,0.049,47.6,2.03,42.5,0.2,,0.2,0.2,0.2,0.2,0.0,0.0,0.0
12758,Tomme ou tome de vache,364.0,29.4,19.4,5.7,0.47,0.16,0.01,0.01,,3.37,0.0,0.0,21.6,1.28,953.0,0.11,,20.0,33.8,0.022,,,3.73,510.0,4.36,,10.0,0.5,0.24,2.3,,,,,,,,21.0,1.54,42.3,0.1,0.1,0.1,0.1,0.1,0.1,0.0,0.0,0.0
12773,Tomme ou tome des Pyrénées,340.0,27.9,19.5,,,,,,,0.7,0.18,0.0,22.1,1.79,,,,,,,,,14.5,680.0,,,10.0,0.5,0.24,2.3,,,,,,,,21.0,1.54,,0.1,,0.1,0.1,0.1,0.1,0.0,0.0,0.0
12760,"Tomme ou tome, allégée en matière grasse",240.0,13.2,8.44,,,,,,44.9,0.0,0.0,0.0,31.0,1.84,852.0,,,,,,,,14.5,737.0,,,10.0,0.5,0.24,2.3,,,,,,,,21.0,1.54,49.8,,,,,,,0.0,0.0,0.0
18356,"Tonic ou bitter, sans précision sur la teneur en sucres et édulcorants (aliment moyen)",28.8,1.2e-05,1.1e-05,,,,0.0,0.0,0.0,7.21,7.16,0.15,1.2e-05,0.0044,7.48,0.0029,0.03,1.0,2.45,0.0011,0.0,1.0,2.2,11.7,0.017,0.0,0.0,0.0,,0.0,,0.0,0.0,0.0,0.0,0.0,0.0,0.0,0.0,88.9,2.55,,2.53,0.2,0.2,3.13,0.0,0.0,0.0
18013,"Tonic ou bitter, sans sucres ajoutés, avec édulcorants",0.2,2e-05,2e-05,,,,0.0,0.0,0.0,0.058,0.058,0.5,2e-05,0.0025,,,,,,,,,,50.0,,0.0,,,,,,,,,,,,,,,,,,,,,,0.0,0.0
18344,"Tonic ou bitter, sucré",33.1,0.0,0.0,,,,0.0,0.0,0.0,8.27,8.21,0.14,0.0,0.0048,7.48,0.0029,0.03,1.0,2.45,0.0011,0.0,1.0,2.2,6.83,0.017,0.0,0.0,0.0,,0.0,,0.0,0.0,0.0,0.0,0.0,0.0,0.0,0.0,88.9,2.55,,2.53,0.2,0.2,3.13,0.0,0.0,0.0
18014,"Tonic ou bitter, sucré, avec édulcorants",22.2,6.3e-05,5e-05,,,,0.0,0.0,,5.54,5.53,0.0,7.1e-05,3.3e-05,,,,,,,,,,0.0,,0.0,,,,,,,,,,,,,,,,,,,,,,0.0,0.0
20196,"Topinambour, cru",74.7,0.01,0.0,0.004,0.00079,0.00021,0.0,0.0,0.0,15.8,9.6,1.6,2.0,0.01,14.0,0.14,3.4,0.1,17.0,0.06,78.0,429.0,0.03,4.0,0.12,0.0,12.0,0.0,0.19,0.1,,4.0,0.2,0.06,1.3,0.4,0.077,13.0,0.0,78.0,,,,,,,,0.0,0.0
20050,"Topinambour, cuit",69.3,0.01,0.0,,,,0.0,0.0,0.0,14.4,1.7,2.2,1.8,0.09,32.9,0.1,0.2,10.0,14.1,0.1,64.0,452.0,,35.9,0.34,0.0,50.0,0.0,,0.1,,3.2,0.05,0.03,0.05,0.38,0.04,,0.0,80.2,0.5,,0.5,0.5,0.5,1.7,0.5,0.0,0.0
20826,"Topinambour, pulpe, cuit à la vapeur, prélevé à la Martinique",6.5,0.18,,,,,0.0,0.0,0.0,,,,1.23,,,,,,,,,,,,,0.0,,,,,,9.57,,,,,,,,82.7,,,,,,,10.0,0.0,0.0
22510,"Tortilla espagnole aux oignons (omelette aux pommes de terre et oignons), préemballée",165.0,9.9,1.55,3.63,3.93,0.03,0.01,0.02,99.2,11.7,1.22,2.7,5.56,1.06,26.0,0.12,0.64,20.0,24.0,0.12,90.0,450.0,20.0,425.0,0.55,29.6,6.49,0.25,,1.92,,1.98,0.051,0.098,0.29,0.97,0.1,31.1,0.34,67.8,0.29,0.1,0.38,0.1,0.1,0.55,10.5,0.0,0.0
7815,"Tortilla souple (à garnir), à base de blé",320.0,7.48,1.39,3.11,1.46,0.26,0.01,0.01,0.79,53.0,2.12,2.89,8.01,1.41,45.0,0.1,0.76,20.0,19.0,0.4,360.0,150.0,20.0,650.0,0.57,21.0,5.0,,,4.78,,,0.11,0.01,0.17,0.35,0.027,39.4,,26.0,0.2,,0.5,0.2,1.1,0.2,50.6,0.0,0.0
7813,"Tortilla souple (à garnir), à base de maïs",316.0,5.57,1.13,3.26,0.96,0.21,0.01,0.01,,58.0,2.37,3.57,6.08,1.4,23.0,0.09,0.81,20.0,20.0,0.31,280.0,120.0,20.0,430.0,0.63,,12.7,,,4.49,,0.5,0.086,0.01,0.1,0.24,0.042,24.5,,26.0,0.2,,1.0,0.2,1.18,0.18,40.0,0.0,0.0
15011,"Tournesol, graine",653.0,55.5,6.23,,27.8,0.16,0.0,0.0,0.0,10.1,2.62,6.4,21.3,0.023,78.0,1.5,4.9,5.0,364.0,1.95,477.0,645.0,8.41,9.0,3.8,0.0,30.0,0.0,35.17,0.0,0.0,1.4,1.98,0.16,4.8,0.83,1.24,227.0,0.0,3.38,,,,,,2.5,3.8,,0.0
15045,"Tournesol, graine, grillé, salé",626.0,51.0,2.2,,,,0.0,0.0,0.0,12.7,3.3,8.3,21.2,2.63,70.0,1.83,5.0,,129.0,2.11,1160.0,850.0,,2000.0,36.0,0.0,5.0,0.0,26.1,2.7,,1.4,0.11,0.25,7.04,7.04,0.8,,0.0,1.2,0.0,0.0,0.03,0.0,0.0,2.7,,,0.0
25560,"Tourte au riesling (porc, riesling, champignons), préemballée",251.0,12.6,6.2,,,,,,,23.7,2.25,1.2,10.2,1.45,,,,,,,,,,,,,,,,,,,,,,,,,,,,,,,,,,0.0,0.0
8601,"Tripes à la mode de Caen (estomac et pied de boeuf, carottes…), préemballées",120.0,3.68,2.0,1.0,0.086,0.011,,,119.0,0.5,0.0,1.5,20.4,1.06,23.3,,1.1,6.0,6.5,,,38.6,,423.0,0.64,,,,0.47,,,0.0,0.02,,0.37,0.42,0.023,,1.2,74.0,0.2,,0.2,0.2,0.2,0.2,0.3,0.0,0.0
8612,"Tripes à la tomate ou à la provençale, préemballées",100.0,3.13,1.68,1.31,0.1,0.02,,0.01,,0.55,0.4,0.0,17.5,1.38,,,,,,,,,,551.0,,,,,,,,,,,,,,,,76.6,,,0.2,,0.2,0.4,,0.0,0.0
40502,"Tripes, boeuf, crues",81.5,3.69,1.29,,,0.007,0.0,0.0,122.0,0.0,0.0,0.0,12.1,0.24,69.0,0.07,0.59,,13.0,0.085,64.0,67.0,12.5,97.0,1.42,0.0,0.0,0.0,0.09,0.0,,3.0,0.0,0.064,0.88,0.23,0.014,5.0,1.39,84.2,,,,,,,0.0,0.0,0.0
27009,"Truite arc en ciel, élevage, crue",132.0,6.24,1.15,0.89,0.36,0.066,0.19,0.64,59.1,0.0,0.0,0.0,19.0,0.11,41.7,0.06,0.46,8.1,28.7,0.026,246.0,410.0,17.6,45.5,0.61,49.0,0.0,12.1,,0.33,3.39,0.0,0.13,0.11,4.36,1.58,0.38,12.8,4.33,74.0,0.0,,0.0,0.0,0.0,0.0,0.0,0.0,0.0
27015,"Truite arc en ciel, élevage, cuite à la vapeur",117.0,4.14,0.86,,,,0.17,0.68,,0.0,0.0,0.0,20.0,,,0.03,,8.0,,0.027,,,3.0,,0.56,,0.0,,,,,,,,,,,,,75.0,0.0,,0.0,0.0,0.0,0.0,0.0,0.0,0.0
27014,"Truite arc en ciel, élevage, rôtie/cuite au four",143.0,6.33,1.51,1.91,0.78,0.2,0.3,0.65,56.9,0.0,0.0,0.0,21.5,0.13,60.5,0.03,0.35,9.5,28.3,0.027,263.0,391.0,2.85,53.3,0.59,9.5,0.0,15.0,2.79,0.1,,2.9,0.17,0.11,5.42,1.79,0.37,11.0,4.56,71.0,0.0,,0.0,0.0,0.0,0.0,0.0,0.0,0.0
26092,"Truite de mer, crue",114.0,3.63,0.62,,0.11,0.0,,,66.0,0.81,0.0,0.0,19.6,0.14,12.7,0.04,1.23,20.0,29.3,0.027,270.0,458.0,22.9,55.0,0.95,12.0,0.0,2.1,0.2,0.0,,0.55,0.1,0.14,3.5,1.95,0.54,16.0,5.0,74.5,0.0,,0.0,0.0,0.0,0.0,0.0,0.0,0.0
27007,"Truite ou truite fario, cuite à la vapeur",99.4,2.6,0.54,,,,0.29,0.64,,0.0,0.0,0.0,19.0,,,0.03,,6.0,,0.027,,,3.0,,0.56,,0.0,,,,,,,,,,,,,75.0,0.0,,0.0,0.0,0.0,0.0,0.0,0.0,0.0
27008,"Truite ou truite fario, élevage, crue",133.0,6.22,1.25,1.43,0.73,0.28,0.29,0.66,54.8,0.0,0.0,0.0,19.3,0.1,17.1,0.1,0.5,9.23,27.5,0.1,188.0,410.0,9.75,41.8,0.44,13.5,0.008,5.92,,,,,0.14,0.1,5.54,1.51,0.34,9.23,2.54,73.9,,,,,,,0.0,0.0,0.0
27021,"Truite saumonée, crue",143.0,7.4,1.2,,,,,,48.0,0.0,0.0,0.0,19.2,0.2,46.7,0.043,0.52,8.89,30.5,0.0,210.0,346.0,14.8,92.8,0.61,20.0,,18.7,,0.0,,0.0,0.16,0.09,,,,22.0,4.7,74.2,,,,,,,0.0,0.0,0.0
26998,"Truite saumonée, sautée/poêlée",146.0,6.4,0.93,2.11,0.85,0.27,0.13,0.45,69.6,0.0,0.0,0.0,22.0,0.13,12.8,0.041,0.35,2.5,27.7,0.02,227.0,426.0,16.1,51.0,0.5,16.0,30.0,11.1,2.79,0.1,0.0,2.03,0.07,0.08,5.25,1.56,0.16,12.0,6.9,71.2,0.1,,0.1,0.1,0.1,0.1,0.0,0.0,0.0
27029,"Truite, élevage, fumée",171.0,7.69,1.36,1.71,0.54,0.19,0.38,0.61,47.9,3.17,0.21,0.28,22.3,3.1,2.7,0.1,0.4,40.0,31.4,0.1,254.0,412.0,23.0,1300.0,0.4,51.0,0.0,5.2,2.3,,,0.0,0.21,0.081,7.1,2.05,0.67,26.0,1.7,61.7,,,,,,,0.0,0.0,0.0
27006,"Truite, rôtie/cuite au four",183.0,8.47,1.47,,,,0.28,0.66,74.0,0.0,0.0,0.0,26.6,0.17,55.0,0.14,1.92,6.0,28.0,0.027,314.0,463.0,3.0,67.0,0.71,19.0,0.0,,,,,0.5,0.43,0.42,5.77,2.24,0.23,15.0,7.49,63.4,0.0,,0.0,0.0,0.0,0.0,0.0,0.0,0.0
26174,"Turbot, cru",85.5,1.55,0.19,0.095,0.01,0.01,,0.16,48.0,0.0,0.0,0.0,17.9,0.23,49.0,,0.25,35.0,23.0,,203.0,415.0,36.5,84.0,,11.7,,,,0.0,,1.7,0.043,0.085,3.6,0.25,0.15,16.0,1.05,79.2,,,,,,,0.0,0.0,0.0
26201,"Turbot, élevage, cru",109.0,3.94,0.57,0.26,0.14,0.017,0.21,0.25,50.9,0.0,0.0,0.0,18.3,0.19,10.2,0.1,0.16,24.2,24.9,0.1,134.0,306.0,17.7,77.9,0.65,9.6,0.008,0.71,,,,,0.057,0.042,3.49,0.42,0.19,8.0,1.25,76.5,,,,,,,0.0,0.0,0.0
26094,"Turbot, rôti/cuit au four",121.0,3.64,0.9,,,,0.32,0.38,62.0,0.83,0.0,0.0,21.3,0.25,42.5,0.049,0.53,30.0,63.5,0.022,213.0,323.0,,192.0,0.29,12.0,0.0,0.0,0.0,,,1.7,0.068,0.12,2.54,0.66,0.24,9.0,2.54,71.5,0.0,,0.0,0.0,0.0,0.0,0.0,0.0,0.0
26042,"Turbot, sauvage, cru",91.5,2.54,0.71,,,,,,48.0,0.0,0.0,0.0,17.2,0.24,38.7,0.039,0.45,35.0,49.0,0.017,176.0,253.0,47.3,95.3,0.21,11.0,,0.0,0.0,,,0.85,0.055,0.1,2.13,0.57,0.21,8.0,2.07,78.1,0.0,,0.0,0.0,0.0,0.0,0.0,0.0,0.0
19864,"Tzatziki à base de fromage frais, préemballé",132.0,10.2,1.01,,1.76,0.82,,,,2.98,2.25,1.15,6.46,0.96,,,,,,,,,,310.0,,,,,,,,,,,,,,,,79.4,0.3,,0.3,,0.3,0.3,,0.0,0.0
19863,"Tzatziki à base de yaourt, préemballé",138.0,10.9,0.81,6.07,1.95,0.93,0.01,0.01,8.77,3.8,2.7,,6.19,0.88,88.0,0.01,0.09,20.0,8.8,0.04,100.0,150.0,20.0,351.0,0.32,10.0,69.9,0.03,,21.4,,0.51,0.045,0.19,1.54,0.24,0.048,14.8,0.59,77.8,0.3,,0.5,1.9,0.2,0.4,,0.0,0.0
12848,Valençay (fromage de chèvre),295.0,24.3,17.7,3.75,0.49,0.11,0.0084,,85.0,0.64,0.64,0.0,18.9,1.42,120.0,0.1,0.19,40.0,15.3,,181.0,150.0,9.0,509.0,0.55,166.0,54.0,0.5,0.18,1.8,,,0.04,0.64,1.12,0.95,0.11,84.8,0.19,51.8,0.2,,0.2,0.2,0.2,0.2,0.0,0.0,0.0
11065,"Vanille, extrait alcoolique",240.0,0.0,,,,,0.0,0.0,0.0,2.41,,0.0,0.05,0.01,,0.023,0.13,,5.0,0.48,22.0,98.0,,4.0,0.06,0.0,,0.0,,,,0.0,0.008,0.071,0.32,0.026,0.019,,0.0,64.5,,,,,,,,0.0,32.9
11098,"Vanille, extrait aqueux",57.7,0.0,0.0,,,,0.0,0.0,0.0,14.4,14.4,0.0,0.03,0.0075,3.0,0.003,0.05,,1.0,0.001,0.0,,,3.0,0.01,0.0,,0.0,,0.0,,0.0,0.003,0.029,0.13,0.011,0.008,,0.0,85.6,,,,,,,,0.0,0.0
11057,"Vanille, gousse",,,,,,,0.0,0.0,0.0,,,,,0.0,,,0.0,,,,0.0,,,0.0,,0.0,,,,,,0.0,0.0,0.0,0.0,,0.0,,0.0,,,,,,,,,0.0,0.0
6513,"Veau, carré cru",128.0,5.44,2.26,,,,0.0,0.0,82.0,0.4,0.0,0.0,19.3,0.21,21.0,0.12,1.0,,25.0,0.028,208.0,327.0,18.0,83.0,3.2,0.0,0.0,0.0,0.27,4.6,,0.0,0.08,0.27,7.63,1.26,0.44,15.0,1.37,74.1,,,,,,,0.0,0.0,0.0
6512,"Veau, carré grillé/poêlé",171.0,6.6,2.64,,,,,,94.0,0.0,0.0,0.0,28.0,,,,1.0,,,,,,,,7.6,,,,0.46,,,,0.1,,3.0,0.44,0.37,,1.7,,,,,,,,0.0,0.0,0.0
6591,"Veau, collier braisé ou bouilli",233.0,10.4,3.5,3.46,0.69,0.031,0.036,0.0014,79.0,0.0,0.0,0.0,34.9,,,,0.65,,,,,,12.7,,7.54,,,,0.34,,,,0.7,,4.87,0.37,0.13,,2.01,53.9,,,,,,,0.0,0.0,0.0
6590,"Veau, collier cru",133.0,5.92,1.99,1.97,0.39,0.018,0.021,0.0041,,0.0,0.0,0.0,19.8,0.15,,,1.01,,,,,,7.21,59.9,4.29,,0.0,1.2,0.27,1.1,,,,,4.87,,0.21,3.0,2.02,73.8,,,,,,,0.0,0.0,0.0
6510,"Veau, côte crue",189.0,12.9,4.84,4.29,0.74,0.036,0.0,0.0,82.0,0.0,0.0,0.0,18.3,0.11,13.0,0.1,1.26,2.8,22.0,0.027,184.0,290.0,5.62,43.4,4.29,0.0,0.0,1.2,0.27,1.1,,0.0,0.07,0.23,2.69,1.13,0.2,12.0,2.82,68.9,,,,,,,0.0,0.0,0.0
6511,"Veau, côte grillée/poêlée",156.0,6.24,2.11,1.98,0.46,0.016,,0.00048,89.5,0.0,0.0,0.0,25.1,0.25,29.0,0.1,1.3,31.0,22.5,0.1,196.0,305.0,8.98,100.0,6.54,68.0,30.0,0.5,0.49,,,1.0,0.1,0.11,3.41,0.44,0.26,20.0,2.82,69.4,,,,,,,0.0,0.0,0.0
6563,"Veau, épaule braisée ou bouillie",219.0,8.14,2.91,2.67,0.65,0.024,,0.0018,,0.0,0.0,0.0,36.4,,,,0.74,,,,,,12.1,,6.99,,0.0,0.0,0.42,7.0,,,,,6.0,,0.25,15.0,2.69,55.9,,,,,,,0.0,0.0,0.0
6560,"Veau, épaule crue",124.0,4.63,1.55,1.42,0.34,0.013,,,86.0,0.0,0.0,0.0,20.7,0.15,22.0,0.12,1.16,2.8,24.0,0.029,208.0,311.0,6.9,61.1,3.98,0.0,0.0,0.5,0.27,1.1,,0.0,0.09,0.29,6.0,1.45,0.38,11.0,2.69,74.9,,,,,,,0.0,0.0,0.0
6562,"Veau, épaule grillée/poêlée",166.0,6.17,2.07,1.9,0.47,0.017,,0.0013,,0.0,0.0,0.0,27.6,,,,1.16,,,,,,9.2,,5.3,,0.0,0.0,0.49,5.5,,,,,6.0,,0.38,16.0,2.69,66.5,,,,,,,0.0,0.0,0.0
6521,"Veau, escalope crue",114.0,3.28,0.83,1.15,0.87,0.061,0.057,0.015,,0.58,0.0,0.0,20.5,0.097,9.79,0.09,1.8,2.52,21.0,0.013,171.0,380.0,7.2,38.7,2.56,0.0,,,0.15,,,,0.13,0.28,5.7,0.85,0.44,5.0,2.0,73.7,,,,,,,0.0,0.0,0.0
6520,"Veau, escalope cuite",147.0,2.5,0.82,0.69,0.39,0.011,0.0092,0.002,75.0,0.0,0.0,0.0,31.0,0.15,10.8,0.067,1.0,6.0,29.5,0.012,,,6.22,58.9,3.21,,,,0.11,,,,0.2,,10.0,0.38,0.72,,2.0,65.0,,,,,,,0.0,0.0,0.0
6530,"Veau, filet cru",95.0,1.4,0.5,,,,,,,0.0,0.0,0.0,20.6,0.24,12.0,,2.0,2.4,,,,,18.0,95.0,,,0.0,1.2,0.27,1.1,,,,,,,,3.0,2.65,,,,,,,,0.0,0.0,0.0
6531,"Veau, filet rôti/cuit au four",212.0,12.3,5.26,,,,0.0,0.0,103.0,0.5,0.0,0.0,24.8,0.23,19.0,0.11,0.87,6.0,25.0,0.029,212.0,325.0,13.0,93.0,3.03,0.0,0.0,0.0,0.49,5.5,,0.0,0.05,0.28,8.86,1.2,0.34,15.0,1.24,60.7,,,,,,,0.0,0.0,0.0
6581,"Veau, jarret braisé ou bouilli",207.0,6.43,1.95,2.09,0.47,0.019,,0.0015,84.0,0.0,0.0,0.0,37.4,,,,0.77,,,,,,11.1,,8.81,,,,0.33,,,,0.4,,5.92,0.39,0.19,,2.3,56.7,,,,,,,0.0,0.0,0.0
6583,"Veau, jarret cru",118.0,3.66,1.11,1.19,0.26,0.011,,,,0.0,0.0,0.0,21.3,0.21,9.0,,1.2,,,,,,6.29,82.8,5.01,,0.0,1.2,0.27,1.1,,,,,5.92,,0.3,3.0,2.3,75.4,,,,,,,0.0,0.0,0.0
6523,"Veau, noix grillée/poêlée",147.0,3.44,1.06,0.93,0.33,0.0084,,0.0011,,0.0,0.0,0.0,29.1,,,,0.92,,,,,,9.26,,3.52,,0.0,0.0,0.49,5.5,,,,,7.4,,0.53,16.0,2.08,67.2,,,,,,,0.0,0.0,0.0
6524,"Veau, noix rôtie/cuite au four",147.0,3.44,1.06,0.93,0.33,0.0084,,0.0011,,0.0,0.0,0.0,29.1,,,,0.73,,,,,,9.26,,3.52,,0.0,0.0,0.49,5.5,,,,,6.91,,0.42,16.0,2.08,67.2,,,,,,,0.0,0.0,0.0
6522,"Veau, noix,crue",111.0,2.58,0.79,0.7,0.25,0.0063,0.0,0.0,78.0,0.0,0.0,0.0,21.8,0.16,5.0,0.11,0.92,,26.0,0.029,220.0,367.0,6.95,63.0,2.64,0.0,0.0,0.0,0.27,3.9,,0.0,0.08,0.27,7.41,1.07,0.53,14.0,2.08,75.4,,,,,,,0.0,0.0,0.0
6580,"Veau, pied cru",184.0,12.0,,,,,,,,0.0,0.0,0.0,19.1,0.12,11.0,,2.9,,15.0,,206.0,320.0,,48.0,,,,,,,,0.0,0.18,0.27,6.3,,0.2,6.9,1.4,,,,,,,,0.0,0.0,0.0
6540,"Veau, poitrine crue",203.0,14.8,3.1,,,,,,71.0,0.0,0.0,0.0,17.5,0.18,7.0,0.094,0.53,2.8,18.0,0.01,172.0,286.0,8.0,71.0,2.33,,0.0,1.2,0.27,1.1,,,,,,,,3.0,2.65,67.7,,,,,,,0.0,0.0,0.0
6550,"Veau, rôti cru",145.0,3.96,2.27,1.03,0.53,0.024,0.079,0.021,26.2,0.0,0.0,0.0,27.3,0.2,9.0,,1.9,5.0,,,,,9.11,94.0,,,0.0,1.2,0.27,1.1,,,,,,,,3.0,2.65,66.5,,,,,,,0.0,0.0,0.0
6551,"Veau, rôti cuit",143.0,3.39,1.22,,,,,,103.0,0.0,0.0,0.0,28.1,0.17,6.0,0.13,0.9,,28.0,0.031,236.0,393.0,11.6,68.0,3.08,0.0,0.0,0.0,0.49,5.5,,0.0,0.06,0.33,10.1,1.0,0.31,16.0,1.18,67.0,,,,,,,0.0,0.0,0.0
6536,"Veau, steak haché 15% MG cru",208.0,15.0,6.2,,,,,,,0.0,0.0,0.0,18.2,0.17,,,,,,,,,13.1,,,,0.0,1.3,0.49,1.4,,,,,,,,3.0,2.28,,,,,,,,0.0,0.0,0.0
6535,"Veau, steak haché 20% MG cru",243.0,19.5,8.5,,,,,,,0.4,0.0,0.0,16.7,0.19,11.0,,0.84,,,,,,13.1,74.5,,,0.0,1.3,0.49,1.4,,,,,,,,3.0,2.28,,,,,,,,0.0,0.0,0.0
6582,"Veau, tête, bouillie/cuite à l'eau",187.0,11.4,4.18,,,,,,102.0,0.0,0.0,0.0,21.0,,,,0.7,,,,,,,,1.6,,,,0.57,,,,0.04,,1.8,0.75,0.06,,2.3,,,,,,,,0.0,0.0,0.0
6564,"Veau, viande, cuite (aliment moyen)",164.0,5.25,1.87,1.49,0.45,0.015,,0.0014,88.1,0.011,0.0,0.0,29.1,0.19,15.7,0.076,0.99,,26.9,0.028,,,8.6,74.6,5.01,,,,0.32,,,,0.13,,6.68,0.54,0.42,,2.11,65.1,,,,,,,0.0,0.0,0.0
9901,"Vermicelle de riz, cuite, sans sel ajouté",86.6,0.5,0.01,0.01,0.01,0.01,0.01,0.01,0.0,20.1,0.2,0.5,1.43,0.024,5.2,0.03,0.08,20.0,1.3,0.05,13.0,2.2,20.0,9.5,0.15,0.0,0.0,0.25,,0.8,,0.5,0.015,0.01,0.1,0.054,0.01,6.57,0.0,77.8,0.2,,0.2,0.2,0.2,0.2,19.3,0.0,0.0
9903,"Vermicelle de soja, cuite, sans sel ajouté",60.0,0.1,,,,,0.0,0.0,,14.4,0.0,0.8,0.29,0.0063,14.2,,1.0,10.0,2.9,1.0,10.0,1.2,5.0,2.5,1.0,0.0,50.0,,,,,,0.05,0.05,0.05,0.11,0.05,10.0,,84.4,0.5,,0.5,0.5,0.5,0.5,14.4,0.0,0.0
9900,"Vermicelles de riz sèches, crues",365.0,1.0,0.3,,,,0.0,0.0,,80.5,0.0,1.2,7.44,0.03,14.2,1.0,1.0,10.0,13.0,1.0,60.0,20.3,5.0,12.0,1.3,0.0,50.0,,,,,,0.05,0.05,0.05,0.22,0.05,10.0,,9.5,0.5,,0.5,0.5,0.5,0.5,63.0,0.0,0.0
9902,"Vermicelles de soja sèches, crues",343.0,0.14,0.0,,,,0.0,0.0,,84.7,0.0,1.6,0.29,0.039,25.2,1.0,1.0,10.0,9.6,1.0,40.0,13.2,5.0,15.6,1.0,0.0,50.0,,,,,,0.05,0.05,0.05,1.1,0.05,7.0,,13.1,0.5,,0.5,0.5,0.5,0.5,77.0,0.0,0.0
11510,Vermicelles multicolores,389.0,0.15,0.01,,,,,,,95.6,93.6,0.5,1.16,0.025,,,,,,,,,,7.5,,,,,,,,,,,,,,,,,,,,,,,,0.0,0.0
6584,"Viande blanche, cuite (aliment moyen)",177.0,7.12,2.45,2.45,0.87,0.084,0.0061,0.0097,92.9,0.1,0.0023,0.0019,28.0,0.18,9.95,0.06,0.88,7.36,30.5,0.015,229.0,372.0,16.7,71.4,2.1,9.51,0.47,0.32,,1.37,,0.81,0.29,0.14,8.28,1.0,0.34,7.35,0.63,63.8,,,,,,,,0.0,0.0
6999,Viande cuite (aliment moyen),174.0,7.18,2.59,2.37,0.6,0.06,0.0051,0.0067,86.7,0.14,0.0075,0.0084,27.2,0.2,9.97,0.083,1.67,6.7,29.6,0.019,222.0,364.0,13.3,80.1,3.38,8.62,0.61,0.26,,1.46,,0.74,0.24,0.17,7.18,1.0,0.39,7.91,1.34,64.4,,,,,,,0.0042,0.0,0.0
28860,Viande des Grisons,207.0,5.47,2.52,1.25,0.087,0.011,0.0,,91.9,0.56,0.56,0.0,38.9,3.83,30.8,0.15,1.8,53.8,46.6,0.1,278.0,660.0,9.0,1530.0,5.9,3.0,,0.5,0.01,,,0.5,0.062,0.26,11.8,1.33,0.7,33.9,2.39,49.5,,,,,,,,0.0,0.0
25172,Viande en sauce (aliment moyen),109.0,4.7,1.82,1.32,0.56,0.038,,0.01,50.9,4.23,1.9,1.22,11.7,0.92,16.1,0.058,1.06,6.98,14.2,0.072,143.0,199.0,6.48,366.0,2.26,12.8,,0.29,,,,1.06,0.065,0.061,2.69,0.4,0.16,18.2,0.74,76.2,,,,,,,1.91,0.0,0.0
6585,"Viande rouge, cuite (aliment moyen)",170.0,7.22,2.81,2.27,0.24,0.028,,,77.1,0.025,0.0,0.0,26.3,0.21,9.88,0.11,2.73,5.94,28.4,0.027,,351.0,8.67,89.9,5.14,,1.64,,,,,,,,5.68,,0.45,,2.34,65.2,,,,,,,0.0,0.0,0.0
7600,Viennoiserie (aliment moyen),385.0,17.0,8.33,4.84,1.35,0.26,0.0047,0.0058,55.9,49.0,12.9,2.43,7.63,1.03,40.3,0.14,1.71,10.7,22.2,0.4,100.0,142.0,8.39,418.0,0.72,77.2,112.0,0.13,,5.46,,0.49,0.12,0.058,0.46,0.44,0.037,28.0,0.15,22.6,2.99,0.17,2.69,0.28,1.5,4.62,30.0,0.0,0.025
5210,Vin (aliment moyen),76.7,0.3,0.0,0.0,0.0,0.0,0.0,0.0,0.0,0.96,0.83,0.61,0.16,0.61,7.71,0.015,0.47,1.59,9.22,0.13,16.4,101.0,1.31,2.24,0.17,0.0,22.7,0.061,,0.14,,1.27,0.015,0.016,0.098,0.03,0.036,,0.0,86.9,0.63,,0.48,0.44,0.44,0.2,0.0,0.0,10.4
5201,Vin blanc mousseux,72.3,0.0,0.0,0.0,0.0,0.0,0.0,0.0,0.0,1.78,1.78,0.0,0.1,0.0035,9.16,0.0019,0.6,1.0,5.28,0.045,7.17,54.8,2.2,1.41,0.024,0.0,0.0,0.0,,0.0,,0.0,0.005,0.01,0.085,0.03,0.019,0.1,0.0,88.5,0.7,,0.7,,,,0.0,,9.26
5209,Vin blanc mousseux aromatisé,83.5,0.0,0.0,0.0,0.0,0.0,0.0,0.0,0.0,5.1,5.1,0.0,0.2,0.033,14.0,,0.6,,,,13.0,110.0,,13.0,0.0,0.0,0.0,0.0,0.0,,,0.0,0.0,0.01,0.1,,0.01,0.0,,,,,,,,,0.0,,8.9
5215,Vin blanc sec,55.3,0.0,0.0,0.0,0.0,0.0,0.0,0.0,0.0,0.17,0.17,0.0,0.25,0.0063,7.1,0.01,0.34,20.0,7.3,0.09,13.9,84.3,20.0,2.5,0.05,0.0,0.0,0.0,,0.8,,0.5,0.01,0.01,0.1,0.038,0.01,5.0,0.0,92.1,0.08,,0.09,0.1,0.1,0.05,0.0,,7.75
5217,Vin cuisiné (alcool évaporé),15.0,0.0,0.0,0.0,0.0,0.0,0.0,0.0,0.0,3.66,,0.0,0.1,0.0075,8.38,,0.66,,,,16.0,111.0,,2.99,0.1,0.0,,0.0,0.0,,,0.038,0.0079,0.034,0.16,,0.033,0.88,,,,,,,,,0.0,,0.0
1006,Vin doux,148.0,0.0,0.0,0.0,0.0,0.0,0.0,0.0,0.0,9.96,7.78,0.0,0.2,0.023,8.0,0.045,0.24,1.0,9.0,0.12,9.0,92.0,0.035,9.0,0.07,0.0,0.0,0.0,,0.0,,0.0,0.018,0.018,0.21,0.032,0.0,0.0,0.0,70.5,5.14,,2.59,,,0.05,0.0,,15.3
5216,Vin rosé,69.2,0.0,0.0,0.0,0.0,0.0,0.0,0.0,0.0,1.4,1.4,0.0,0.15,0.01,12.0,0.028,0.95,1.0,7.0,0.1,6.0,75.0,0.1,4.0,0.034,0.0,,0.0,,0.0,,0.0,0.005,0.04,0.085,0.04,0.022,0.1,0.0,88.1,0.7,,0.7,,,,0.0,,9.0
5214,Vin rouge,75.7,0.5,0.0,0.0,0.0,0.0,0.0,0.0,0.0,0.0,0.0,1.0,0.16,2.0,6.31,0.02,0.36,1.0,10.5,0.15,21.5,115.0,0.83,2.0,0.5,0.0,30.0,0.1,,0.1,,2.0,0.02,0.01,0.2,0.05,0.05,,0.0,87.2,0.5,,0.5,0.5,0.5,0.5,0.0,0.0,10.8
11018,Vinaigre,22.5,0.1,0.0,,,,0.0,0.0,0.0,0.95,0.04,0.0,0.04,0.013,6.0,0.008,0.24,5.0,2.5,0.051,6.0,20.5,0.1,5.0,0.02,0.0,0.0,0.0,,0.0,,0.5,0.0,0.0,0.0,0.0,0.0,0.0,0.0,92.9,0.1,,0.1,0.1,0.1,0.1,0.0,0.0,0.0
11091,Vinaigre balsamique,91.7,0.6,0.0,,,,,0.0,,18.0,18.0,0.75,0.69,0.068,18.0,0.03,0.95,20.0,12.0,0.19,24.0,160.0,20.0,27.0,0.12,0.0,5.0,0.25,,0.8,,0.5,0.015,0.01,0.1,0.072,1.71,5.5,,77.0,8.95,0.0,9.05,0.2,0.2,0.2,,0.0,0.0
11090,Vinaigre de cidre,3.7,0.0,0.0,,,,0.0,0.0,0.0,0.93,0.4,0.0,0.0,0.013,7.0,0.008,0.2,,5.0,0.25,8.0,73.0,,5.0,0.04,0.0,0.0,0.0,,0.0,,0.0,0.0,0.0,0.0,0.0,0.0,0.0,0.0,93.8,0.3,0.0,0.1,0.0,0.0,0.0,,0.0,0.0
11220,Vinaigre de vin rouge,20.6,0.0,,,,,,0.0,,0.0,0.0,0.0,0.25,0.013,10.0,0.01,0.41,,5.9,0.06,11.0,74.0,20.0,5.1,0.08,0.0,8.94,0.25,,0.8,,0.5,0.015,0.01,0.1,0.037,0.015,5.0,,91.5,0.5,,0.5,1.0,1.0,0.5,,0.0,0.11
26146,"Vivaneau, cru",94.1,1.34,0.29,,,,0.051,0.26,37.0,0.0,0.0,0.0,20.5,0.16,32.0,0.028,0.69,,32.0,0.013,198.0,417.0,38.2,64.0,0.36,32.0,0.0,10.2,0.96,0.1,,1.6,0.046,0.003,0.28,0.75,0.4,5.0,3.0,78.0,,,,,,,0.0,0.0,0.0
26147,"Vivaneau, cuit",121.0,1.72,0.37,,,,0.048,0.27,47.0,0.0,0.0,0.0,26.3,0.14,40.0,0.046,0.82,,37.0,0.017,201.0,522.0,49.0,57.0,0.44,35.0,,,,,,1.6,0.053,0.004,0.35,0.87,0.46,6.0,3.5,71.7,,,,,,,0.0,0.0,0.0
1008,Vodka,250.0,0.0,0.0,0.0,0.0,0.0,0.0,0.0,0.0,0.0,0.0,0.0,0.0,0.0025,0.0,0.016,0.025,1.0,0.0,0.018,4.5,1.5,,1.0,0.04,0.0,0.0,0.0,,0.0,,0.0,0.0055,0.0055,0.013,0.0,0.001,0.0,0.0,64.4,,,,,,,0.0,0.0,35.7
36900,"Volaille, cuite (aliment moyen)",167.0,6.37,2.07,1.95,0.88,0.063,0.0065,0.014,102.0,0.033,0.0037,0.0029,27.3,0.25,9.06,0.089,1.1,7.54,32.2,0.017,233.0,369.0,15.3,102.0,1.63,11.9,0.92,0.26,,2.12,,1.21,0.094,0.18,9.43,1.34,0.37,7.79,0.6,65.2,,,,,,,,0.0,0.0
36042,"Volaille, viande cuite (aliment moyen)",152.0,4.36,1.23,1.41,0.62,0.036,0.0055,0.011,95.0,0.031,0.0,0.0,27.8,0.2,7.07,0.068,0.86,7.53,34.1,0.014,245.0,384.0,14.4,78.5,1.5,9.63,0.0,0.16,,1.83,,0.85,0.086,0.13,10.1,1.34,0.36,8.22,0.48,66.7,,,,,,,,0.0,0.0
20999,"Wakamé atlantique (Alaria esculenta), séché ou déshydraté",201.0,1.5,0.31,,,,,,0.0,13.3,0.04,42.9,12.2,9.13,771.0,0.3,44.6,36200.0,931.0,1.9,223.0,4310.0,25.4,3650.0,2.4,0.0,9600.0,,3.1,498.0,,65.0,0.01,0.08,4.0,,0.1,429.0,,8.7,,,,,,,,0.0,0.0
1005,Whisky,252.0,0.0,0.0,0.0,0.0,0.0,0.0,0.0,0.0,0.096,0.096,0.0,0.0,0.0,0.0,0.014,0.02,1.25,0.0,0.008,3.0,1.0,,0.0,0.02,0.0,0.0,0.0,,0.0,,0.0,0.008,0.001,0.05,0.0,0.0,0.0,0.0,63.9,,,,,,,0.0,0.0,36.0
25648,Wrap jambon crudités,234.0,10.4,2.38,,,,,,,25.2,2.25,3.07,8.55,1.37,,,,,,,,,,,,,,,,,,,,,,,,,,,,,,,,,,0.0,0.0
25647,Wrap poulet crudités,222.0,9.22,1.68,,,,,,,23.6,2.19,2.87,9.57,1.18,,,,,,,,,,,,,,,,,,,,,,,,,,,,,,,,,,0.0,0.0
25646,Wrap végétarien fromage crudités,246.0,13.8,4.68,,,,,,,19.5,3.18,3.67,9.28,0.9,,,,,,,,,,,,,,,,,,,,,,,,,,,,,,,,,,0.0,0.0
25565,Yakitori (brochettes japonaises grillées en sauce),172.0,3.3,1.2,1.18,0.68,0.07,0.01,0.01,86.6,9.3,6.6,0.6,26.0,1.19,9.8,0.06,0.61,20.0,31.0,0.15,220.0,340.0,20.0,475.0,1.5,21.0,10.5,0.25,,0.8,,,0.09,0.042,7.69,1.36,0.25,31.8,0.41,58.8,1.1,,1.4,0.2,0.2,3.9,1.3,0.0,0.0
19862,"Yaourt à la grecque aromatisé, sucré",134.0,7.49,5.0,,,,,,,14.2,13.5,0.15,2.39,0.1,158.0,,,,,,,,9.6,70.0,,,7.0,0.0,0.07,0.3,,,,,,,,5.0,0.5,,,,,,,,,0.0,0.0
19860,Yaourt à la grecque nature,103.0,8.16,5.26,1.25,0.12,0.025,0.005,0.005,14.1,3.73,3.11,0.071,3.02,0.08,116.0,0.02,0.25,20.7,10.1,0.02,82.6,143.0,2.0,32.0,0.5,74.5,7.0,0.0,0.01,0.0,,2.0,0.02,0.18,0.1,0.34,0.03,5.0,0.13,83.5,0.08,,0.08,2.95,0.08,0.08,0.1,0.0,0.0
19550,"Yaourt à la grecque nature, au lait de brebis",124.0,9.78,7.12,,,,,,14.0,4.28,3.06,0.5,4.82,0.12,158.0,0.0,0.0,0.0,16.0,0.0,140.0,190.0,1.0,60.0,0.5,86.0,,0.24,0.73,,,0.0,0.05,0.33,0.23,0.0,0.08,3.0,0.2,80.9,0.0,0.85,0.0,2.21,0.0,0.0,,0.0,0.0
19552,"Yaourt à la grecque sur lit de fruits, sucré",126.0,6.53,4.32,1.27,0.19,0.047,0.0027,0.0027,20.9,14.4,13.5,0.27,2.34,0.1,104.0,0.02,0.07,20.0,8.4,0.12,71.0,110.0,20.0,38.7,0.27,55.0,37.1,0.0,0.07,1.17,,0.5,0.028,0.1,0.1,0.24,0.031,5.14,0.22,75.2,1.8,,,3.1,0.4,7.6,0.35,0.0,0.0
19553,"Yaourt au lait de brebis, aromatisé, sucré",93.1,3.7,2.52,0.66,0.08,0.03,0.01,0.01,11.4,9.16,8.3,0.17,5.04,0.12,180.0,0.01,0.06,70.0,16.0,0.01,120.0,110.0,20.0,47.0,0.43,35.0,5.0,0.25,,1.42,,0.5,0.05,0.23,0.1,0.35,0.02,17.6,0.27,80.0,0.2,0.5,0.2,2.5,0.2,5.3,,0.0,0.0
19554,"Yaourt au lait de brebis, nature, 3% MG environ",66.5,3.01,2.13,0.54,0.09,0.04,0.01,0.01,14.4,3.48,3.31,0.13,5.61,0.13,178.0,0.01,0.04,40.0,15.0,0.01,130.0,110.0,20.0,3.15,0.43,37.2,5.0,0.25,,0.8,,0.5,0.049,0.22,0.31,0.29,0.013,31.9,0.53,85.7,0.2,,0.2,2.6,0.2,0.2,,0.0,0.0
19882,"Yaourt au lait de brebis, nature, 6% MG environ",98.9,6.77,4.76,,,,,,,3.98,2.54,0.49,5.42,0.13,170.0,,,,,,,,1.7,40.0,,,,,,,,,,,,,,7.0,0.71,,,,,,,,,0.0,0.0
19555,"Yaourt au lait de brebis, sur lit de fruits, sucré",112.0,3.73,2.49,,,,,,,15.2,13.6,0.47,4.34,0.097,138.0,,,,,,,,1.7,,,,,,,,,,,,,,,7.0,0.71,,,,,,,,,0.0,0.0
19727,"Yaourt au lait de chèvre, aux fruits, sucré",99.9,4.29,2.97,,,,,,,11.6,11.2,,3.83,0.088,130.0,,,,,,,,1.4,,,,7.0,1.3,0.07,0.3,,,,,,,,1.0,0.07,,,,,,,,,0.0,0.0
19556,"Yaourt au lait de chèvre, nature",74.4,4.9,3.24,1.04,0.11,0.03,0.01,0.01,11.0,2.53,2.53,0.25,4.28,0.096,164.0,0.01,0.2,,14.0,0.0,110.0,170.0,,36.0,0.4,,0.0,,0.03,,,1.0,0.04,0.17,0.27,0.23,0.06,7.0,0.0,86.2,0.1,0.74,0.1,1.79,0.1,0.1,0.0,0.0,0.0
19728,"Yaourt au lait de chèvre, sur lit de fruits, sucré",107.0,4.38,3.05,,,,,,,13.2,12.4,,3.85,0.093,125.0,,,,,,,,1.4,,,,7.0,1.3,0.07,0.3,,,,,,,,1.0,0.07,,,,,,,,,0.0,0.0
19682,"Yaourt ou lait fermenté, aromatisé ou aux fruits (aliment moyen)",87.5,2.65,1.7,0.42,0.044,0.016,0.016,0.016,9.33,11.9,11.4,0.26,3.29,0.097,125.0,0.011,0.11,20.9,11.1,0.03,88.3,162.0,4.12,37.4,0.31,25.0,31.9,0.16,,0.33,,1.41,0.022,0.19,0.056,0.34,0.041,,0.15,80.2,0.4,0.47,0.41,3.32,0.076,6.71,0.36,0.016,0.0
19671,"Yaourt ou lait fermenté, aromatisé ou aux fruits, 0% MG (aliment moyen)",47.2,0.053,0.06,0.15,0.15,0.15,0.15,0.15,2.57,6.14,5.32,0.54,4.54,0.12,154.0,0.038,0.25,33.6,14.9,0.04,118.0,222.0,1.45,49.4,0.57,12.8,25.7,0.33,,,,4.75,0.039,0.28,0.1,0.44,0.041,,0.17,86.5,0.39,0.62,0.24,3.84,0.031,0.25,0.21,0.0,0.0
19675,"Yaourt ou lait fermenté, aromatisé ou aux fruits, avec édulcorants (aliment moyen)",47.2,0.053,0.06,0.15,0.15,0.15,0.15,0.15,2.57,6.14,5.32,0.54,4.54,0.12,154.0,0.038,0.25,33.6,14.9,0.04,118.0,222.0,1.45,49.4,0.57,12.8,25.7,0.33,,,,4.75,0.039,0.28,0.1,0.44,0.041,,0.17,86.5,0.39,0.62,0.24,3.84,0.031,0.25,0.21,0.0,0.0
19672,"Yaourt ou lait fermenté, aromatisé ou aux fruits, non allégé en matière grasse (aliment moyen)",91.6,2.92,1.87,0.45,0.041,0.011,0.0037,0.0037,9.93,12.5,12.0,0.23,3.15,0.093,122.0,0.01,0.11,19.5,10.7,0.029,85.7,156.0,4.42,35.9,0.28,27.2,32.6,0.14,,0.33,,1.11,0.021,0.18,0.057,0.33,0.041,,0.14,79.6,0.4,0.45,0.43,3.26,0.082,7.44,0.38,0.018,0.0
19677,"Yaourt ou lait fermenté, aromatisé ou aux fruits, non allégé en matière grasse, sucré (aliment moyen)",91.8,2.94,1.88,0.45,0.041,0.011,0.0037,0.0037,9.93,12.6,12.1,0.23,3.16,0.094,122.0,0.01,0.11,19.5,10.7,0.029,85.6,157.0,4.42,36.1,0.28,27.2,32.6,0.14,,0.33,,1.11,0.021,0.18,0.057,0.33,0.04,,0.14,79.5,0.4,0.45,0.43,3.26,0.082,7.44,0.38,0.017,0.0
19676,"Yaourt ou lait fermenté, aromatisé ou aux fruits, sucré (aliment moyen)",91.9,2.94,1.89,0.45,0.041,0.011,0.0037,0.0037,9.93,12.6,12.1,0.23,3.16,0.094,122.0,0.011,0.11,19.5,10.7,0.029,85.6,157.0,4.42,36.1,0.28,27.2,32.5,0.14,,0.33,,1.11,0.021,0.18,0.057,0.33,0.041,,0.14,79.5,0.4,0.45,0.43,3.26,0.081,7.44,0.38,0.017,0.0
19559,"Yaourt ou lait fermenté, aromatisé, 0% MG, avec édulcorants",54.4,0.063,0.0075,,,,,,,7.73,5.08,0.0,5.09,0.13,135.0,0.1,,15.1,,0.1,,,5.0,57.5,0.52,2.0,8.0,1.25,0.0,0.2,,,,,,,,12.0,0.61,85.2,0.3,0.5,0.3,3.49,0.0016,0.49,,0.0,0.0
19574,"Yaourt ou lait fermenté, aromatisé, 0% MG, avec édulcorants, enrichi en vitamine D",52.3,0.39,0.25,,,,,,,7.75,7.12,0.0,4.58,0.15,139.0,,,,,,,,3.6,,,,0.0,1.27,0.0,0.2,,,,,,,,12.0,0.61,,,,,,,,,0.0,0.0
19577,"Yaourt ou lait fermenté, aromatisé, à la crème, sucré",123.0,6.59,4.16,1.01,0.12,0.0025,0.0025,0.0025,19.0,13.0,12.0,0.013,2.98,0.11,145.0,0.01,0.04,20.0,9.2,0.01,82.0,120.0,20.0,35.5,0.38,49.1,29.5,0.75,0.06,0.8,,0.5,0.1,0.15,0.1,0.62,0.034,14.7,0.19,77.6,0.3,0.19,0.66,2.64,0.3,8.49,0.35,0.0,0.0
19575,"Yaourt ou lait fermenté, aromatisé, sucré",86.1,2.25,1.39,0.28,0.028,0.009,0.002,0.002,7.8,12.7,12.5,0.017,3.15,0.083,123.0,0.02,0.25,21.0,10.8,0.02,89.5,157.0,2.45,33.0,0.5,19.2,30.0,0.0,0.03,0.0,,2.0,0.02,0.19,0.1,0.35,0.03,11.0,0.12,80.3,0.08,0.46,0.11,3.64,0.08,8.3,0.22,0.0,0.0
19578,"Yaourt ou lait fermenté, aromatisé, sucré, enrichi en vitamine D",71.4,1.06,0.66,0.14,0.014,0.005,0.002,0.002,4.1,11.7,11.4,0.067,3.16,0.083,137.0,0.02,0.25,25.5,11.0,0.02,92.6,156.0,2.56,33.0,0.5,16.0,30.0,1.55,0.03,0.2,,2.0,0.02,0.2,0.1,0.38,0.03,11.0,0.2,82.4,0.23,,0.11,3.47,0.08,7.41,0.25,0.0,0.0
19579,"Yaourt ou lait fermenté, aux céréales",111.0,3.43,2.22,0.92,0.15,0.032,0.005,0.005,14.5,16.0,14.6,1.0,3.64,0.11,125.0,0.1,0.19,5.0,12.6,0.01,88.0,143.0,5.0,42.3,0.4,25.6,,0.067,,0.0,,0.55,0.058,0.19,0.51,0.31,0.11,26.0,0.15,74.1,1.74,0.76,1.18,2.8,1.07,7.09,1.4,0.0,0.0
19580,"Yaourt ou lait fermenté, aux copeaux de chocolat, à la crème, sucré",126.0,5.52,3.57,1.17,0.11,0.02,0.01,0.01,10.5,14.9,14.8,0.2,3.62,0.093,120.0,0.02,0.3,17.0,14.0,0.02,98.0,178.0,1.3,34.0,0.4,42.0,19.0,0.1,0.16,,,0.2,0.04,0.2,0.15,0.34,0.05,20.0,0.19,74.2,0.35,0.42,0.37,3.07,0.1,10.5,0.099,0.0,0.0
19628,"Yaourt ou lait fermenté, aux fruits (aliment moyen)",91.2,3.12,2.04,0.53,0.055,0.024,0.03,0.03,10.5,11.7,11.0,0.43,3.29,0.1,121.0,0.01,0.085,20.8,11.1,0.05,86.0,166.0,5.77,39.4,0.35,32.0,50.2,0.068,,0.65,,1.88,0.019,0.19,0.051,0.31,0.031,,0.14,79.9,0.73,0.49,0.7,3.15,0.11,5.79,0.52,0.034,0.0
19581,"Yaourt ou lait fermenté, aux fruits, 0% MG, avec édulcorants",45.1,0.1,0.15,0.15,0.15,0.15,0.15,0.15,2.6,5.66,5.4,0.7,4.38,0.12,160.0,0.02,0.25,39.0,14.9,0.036,118.0,222.0,2.0,47.0,0.58,16.0,33.0,0.0,0.0,0.2,,4.95,0.04,0.28,0.1,0.44,0.04,12.0,0.17,86.9,0.42,0.66,0.2,3.95,0.08,0.16,0.21,0.0,0.0
19582,"Yaourt ou lait fermenté, aux fruits, 0% MG, avec édulcorants, enrichi en vitamine D",45.5,0.1,0.15,0.15,0.15,0.15,0.15,0.15,2.1,6.0,5.42,0.6,4.31,0.12,161.0,0.02,0.25,39.0,14.9,0.061,119.0,215.0,3.88,48.0,0.58,16.0,30.0,1.19,0.0,0.8,,2.0,0.03,0.25,0.1,0.46,0.06,12.0,0.21,86.9,0.3,,0.54,3.96,0.08,0.41,0.28,0.0,0.0
19589,"Yaourt ou lait fermenté, aux fruits, à la crème, sucré",113.0,5.1,3.33,0.85,0.062,0.018,0.01,0.01,16.4,13.4,12.8,0.14,2.73,0.11,104.0,0.01,0.05,20.0,8.5,0.07,68.0,140.0,20.0,37.0,0.3,43.0,40.7,0.25,0.07,1.13,,0.5,0.015,0.13,0.1,0.24,0.026,15.0,0.2,77.1,0.98,0.36,0.91,2.74,0.16,7.7,0.49,0.088,0.0
19587,"Yaourt ou lait fermenté, aux fruits, sucré",88.9,2.41,1.58,0.39,0.038,0.009,0.002,0.002,7.8,12.6,11.6,0.6,3.23,0.095,118.0,0.02,0.25,22.1,11.6,0.04,86.4,163.0,2.41,38.0,0.5,29.6,65.0,0.0,0.06,0.1,,2.0,0.02,0.2,0.1,0.32,0.03,10.0,0.1,79.5,0.62,0.54,0.7,3.1,0.11,6.5,0.76,0.0,0.0
19592,"Yaourt ou lait fermenté, aux fruits, sucré, enrichi en vitamine D",89.5,2.65,1.76,0.43,0.04,0.009,0.002,0.002,8.6,12.3,11.6,0.2,3.32,0.088,119.0,0.02,0.25,25.7,11.6,0.021,90.1,165.0,2.0,35.0,0.5,29.2,87.0,1.15,0.06,0.8,,2.0,0.03,0.19,0.1,0.33,0.04,10.0,0.21,79.8,0.38,,0.38,3.33,0.08,7.34,0.34,0.0,0.0
19593,"Yaourt ou lait fermenté, nature",50.1,1.68,1.08,0.25,0.022,0.011,0.002,0.002,6.4,4.26,4.0,0.0,3.83,0.1,137.0,0.02,0.25,38.0,12.4,0.02,104.0,180.0,2.16,40.0,0.52,17.7,30.0,0.0,0.03,0.27,0.68,2.0,0.03,0.22,0.1,0.4,0.05,11.0,0.15,88.4,0.08,0.7,0.095,3.21,0.08,0.08,0.1,0.0,0.0
19624,"Yaourt ou lait fermenté, nature ou aux fruits (aliment moyen)",72.9,2.6,1.69,0.41,0.045,0.02,0.011,0.022,8.83,7.98,7.51,0.18,3.7,0.097,132.0,0.01,0.11,28.0,11.5,0.026,94.6,167.0,3.67,37.9,0.4,26.3,27.7,0.13,,0.41,,1.3,0.024,0.2,0.053,0.35,0.04,,0.15,83.9,0.33,0.56,0.34,3.19,0.069,3.12,0.27,0.012,0.0
19594,"Yaourt ou lait fermenté, nature, 0% MG",39.1,0.1,0.15,0.15,0.15,0.15,0.15,0.15,2.5,4.89,4.63,0.031,4.16,0.11,152.0,0.02,0.25,29.2,13.9,0.02,114.0,196.0,3.84,43.0,0.55,16.0,30.0,0.0,0.0,0.2,0.1,2.0,0.03,0.24,0.1,0.42,0.04,12.0,0.16,88.9,0.08,0.65,0.08,3.98,0.08,0.08,0.1,0.0,0.0
19596,"Yaourt ou lait fermenté, nature, 0% MG, enrichi en vitamine D",38.5,0.19,0.072,,,,,,,4.86,4.79,0.12,4.58,0.14,141.0,,,,,,,,3.6,54.0,,,0.0,0.93,0.0,0.2,,,,,,,,12.0,0.61,,,,,,,,,0.0,0.0
19598,"Yaourt ou lait fermenté, nature, à la crème",107.0,8.5,5.49,1.3,0.12,0.033,0.005,0.005,23.1,3.8,3.56,1.7e-05,3.22,0.085,113.0,0.02,0.25,19.2,10.4,0.02,84.8,149.0,3.56,34.0,0.5,73.4,30.0,0.0,0.06,0.8,,2.0,0.02,0.19,0.1,0.31,0.02,7.0,0.1,82.9,0.08,0.2,0.08,3.51,0.08,0.08,0.24,0.0,0.0
19723,"Yaourt ou lait fermenté, nature, enrichi en vitamine D",63.4,2.85,1.85,0.45,0.042,0.012,0.002,0.002,9.8,4.4,4.19,0.0071,4.32,0.1,139.0,0.02,0.25,27.0,13.5,0.02,111.0,196.0,2.77,40.0,0.53,34.5,30.0,1.06,0.03,0.2,,2.0,0.03,0.23,0.1,0.42,0.05,11.0,0.25,86.5,0.08,,0.12,3.87,0.08,0.08,0.1,0.0,0.0
19600,"Yaourt ou lait fermenté, nature, sans précision sur teneur en matière grasse et sucre (aliment moyen)",62.3,2.3,1.49,0.35,0.038,0.018,0.0086,0.017,7.86,5.85,5.5,0.029,3.93,0.093,137.0,0.01,0.13,32.1,11.7,0.014,99.3,167.0,2.49,37.0,0.44,23.1,29.6,0.16,,0.27,0.68,0.99,0.027,0.21,0.052,0.37,0.044,,0.16,86.2,0.092,0.59,0.13,3.21,0.04,1.59,0.12,0.0,0.0
19599,"Yaourt ou lait fermenté, nature, sucré",81.7,2.81,1.81,0.42,0.039,0.009,0.002,0.002,9.6,10.7,10.1,0.031,2.92,0.075,114.0,0.02,0.25,23.6,9.51,0.02,78.6,138.0,2.17,30.0,0.5,30.4,30.0,0.0,0.03,0.2,,2.0,0.02,0.17,0.1,0.32,0.04,11.0,0.12,82.2,0.14,0.45,0.18,2.85,0.08,6.45,0.15,0.0,0.0
19726,"Yaourt ou lait fermenté, nature, sucré, enrichi en vitamine D",85.4,3.02,1.93,0.47,0.044,0.014,0.002,0.002,9.0,10.9,10.8,0.017,3.09,0.078,106.0,0.02,0.25,20.8,9.73,0.02,77.8,141.0,2.86,31.0,0.5,36.7,30.0,1.47,0.03,0.2,,2.0,0.02,0.18,0.1,0.31,0.03,11.0,0.1,81.5,0.08,,0.08,3.28,0.08,7.31,0.1,0.0,0.0
19733,"Yaourt ou lait fermenté, sur lit de fruits, à la crème, sucré",126.0,6.47,4.08,,,,,,,14.2,13.6,0.52,2.56,0.1,,,,,,,,,9.6,,,,7.0,0.0,0.07,0.3,,,,,,,,5.0,0.5,,,,,,,,,0.0,0.0
19557,"Yaourt ou lait fermenté, sur lit de fruits, sucré",97.6,2.77,1.84,,0.053,0.025,,,,14.0,12.9,0.3,4.08,0.11,120.0,,,,,,,,3.1,39.2,,,4.0,0.0,0.06,1.2,,,,,,,,10.0,0.52,81.0,1.68,,1.5,,0.3,4.45,,0.0,0.0
90001,"Whey (protéine de lactosérum), isolat, poudre, enrichie en vitamines et minéraux",359.0,1.16,0.581,0.114,0.018,0.003,0.0,0.0,12.0,29.07,1.16,0.0,58.14,0.93,698.0,1.163,1.26,,233.0,1.16,581.0,872.0,40.7,372.0,8.72,872.0,1.0,0.0,7.85,46.5,,34.9,0.872,0.988,11.628,5.814,1.163,233.0,3.49,0.86,,,,,,,,,0.0
90002,"Whey (protéine de lactosérum), poudre, boisson protéinée",352.0,1.56,0.781,0.135,0.264,0.034,0.0,0.0,16.0,6.25,0.0,3.1,78.13,0.39,469.0,0.049,1.13,,195.0,,1321.0,500.0,26.7,156.0,6.18,0.0,0.0,0.0,0.0,0.0,,0.0,0.609,2.017,1.136,5.516,0.607,33.0,2.45,3.44,,,,,,,,,0.0
90003,"Protéine de soja, isolat, poudre, nature",335.0,3.39,0.422,0.637,1.453,0.195,0.0,0.0,0.0,0.0,0.0,0.0,88.32,2.513,178.0,1.599,14.5,,39.0,1.493,776.0,81.0,0.8,1005.0,4.03,0.0,0.0,0.0,0.0,0.0,,0.0,0.176,0.1,1.438,0.06,0.1,176.0,0.0,4.98,,,,,,,,,0.0
90004,"Protéine de soja, poudre, boisson protéinée aromatisée",388.0,5.56,1.111,1.044,2.381,0.32,0.0,0.0,0.0,28.89,22.22,6.7,55.56,1.833,178.0,2.62,12.0,,64.0,,1272.0,933.0,1.3,733.0,6.6,0.0,0.0,0.0,0.0,0.0,,0.0,0.288,0.164,2.357,,0.164,289.0,0.0,4.13,,,,,,,,,0.0
90005,"Blanc d'oeuf, déshydraté, poudre",376.0,0.65,,,,,,,17.0,6.02,,,79.9,3.125,104.0,0.0,0.0,34.0,87.6,0.0,107.0,959.0,,1250.0,0.43,,,0.0,,,,,,,,,,,,7.98,,,,,,,,,
90006,Natto (soja fermenté),211,11.0,1.591,,,,,,0.0,12.68,,5.4,19.4,0.02,217.0,0.667,8.6,,115.0,1.528,174.0,729.0,8.8,7.0,3.03,,,,0.01,23.1,,13.0,0.16,0.19,0.0,0.215,0.13,8.0,0.0,55.02,,,,,,,,,
