nom,Énergie_kcal_100g,Lipides_g_100g,AG_saturés_g_100g,Acide_oléique_W9_g_100g,Acide_linoléique_W6_LA_g_100g,Acide_alpha-linolénique_W3_ALA_g_100g,EPA_g_100g,DHA_g_100g,Cholestérol_mg_100g,Glucides_g_100g,Sucres_g_100g,Fibres_g_100g,Protéines_g_100g,Sel_g_100g,Calcium_mg_100g,Cuivre_mg_100g,Fer_mg_100g,Iode_µg_100g,Magnésium_mg_100g,Manganèse_mg_100g,Phosphore_mg_100g,Potassium_mg_100g,Sélénium_µg_100g,Sodium_mg_100g,Zinc_mg_100g,Rétinol_µg_100g,Beta-Carotène_µg_100g,Vitamine_D_µg_100g,Vitamine_E_mg_100g,Vitamine_K1_µg_100g,Vitamine_K2_µg_100g,Vitamine_C_mg_100g,Vitamine_B1_mg_100g,Vitamine_B2_mg_100g,Vitamine_B3_mg_100g,Vitamine_B5_mg_100g,Vitamine_B6_mg_100g,Vitamine_B9_µg_100g,Vitamine_B12_µg_100g
"Abat, cuit (aliment moyen)",162,"6,24","2,13","1,64","0,44","0,033","0,0052","0,0068",322,"1,36","0,026","0,12","25,1","0,6","9,73","4,93","6,54","11,6","17,8","0,18",263,252,"24,5",244,"4,23",3450,"34,3","0,77","0,39","1,4",0,"10,3","0,2","1,34","9,44","2,89","0,52",238,"21,4"
Abondance,393,"31,6","20,1","6,41","0,53","0,27","0,02","0,01",106,0,"0,2",0,"27,1","1,73",760,"0,49","0,09",20,28,"0,02",570,120,20,690,"3,5",261,149,"0,25","0,75","2,25",0,"0,5","0,015","0,27","0,1","0,34","0,092","39,6","2,19"
"Abricot au sirop (sans précision sur léger ou classique), appertisé, égoutté (aliment moyen)","69,05","0,25",0,0,0,0,0,0,0,"16,2","15,3","1,4","0,5","0,03",16,"0,04","0,13",10,"5,3","0,02",10,130,10,12,"0,06",0,"7,98",0,0,"0,4",0,"0,25","0,7","0,005","0,11","0,071","0,02","9,3",0
"Abricot au sirop léger, appertisé, égoutté","63,06","0,5",0,0,0,0,0,0,0,"13,7","13,3","1,4","0,94","0,024",18,"0,04","0,12",20,"4,9","0,03",11,140,20,"9,7","0,06",0,925,0,0,"0,8",0,"2,19","0,7","0,01","0,1","0,12","0,017","6,85",0
"Abricot au sirop léger, appertisé, non égoutté","59,627","0,043","0,003",0,0,0,0,0,0,14,14,"0,83","0,81","0,025","14,3","0,036","0,1",20,"4,74","0,026","9,25",136,20,"9,86","0,06",0,551,0,"0,6","0,8",0,"2,28","0,68","0,01","0,1","0,11","0,017","6,98",0
"Abricot au sirop, appertisé, égoutté","71,3","0,5",0,0,0,0,0,0,0,"16,2","15,3","1,4","0,5","0,03",16,"0,04","0,13",20,"5,3","0,02",10,130,20,12,"0,06",0,"7,98",0,0,"0,8",0,"0,5","0,7","0,01","0,11","0,071","0,02","9,3",0
"Abricot au sirop, appertisé, non égoutté","72,06","0,5",0,0,0,0,0,0,0,"16,6","15,1","0,81","0,29","0,03","11,3","0,036","0,11",20,"4,8","0,02","8,66",114,20,12,"0,035",0,114,0,0,"0,8",0,"0,5",0,"0,01","0,12","0,073","0,036","9,89",0
"Abricot pays, pulpe, au sirop, appertisé, non égoutté, prélevé à la Martinique","55,22","0,1",0,0,0,0,0,0,0,"13,3","7,3","1,8","0,28",0,0,0,0,0,0,0,0,0,0,0,0,0,"25,2",0,0,0,0,0,0,0,0,0,0,0,0
"Abricot pays, pulpe, cru, prélevé à la Martinique","45,57","0,05",0,0,0,0,0,0,0,"10,8","3,7","3,1","0,48",0,0,"0,095",0,0,0,0,0,0,0,0,0,0,0,0,0,0,0,0,0,0,0,0,0,"12,7",0
"Abricot, dénoyauté, cru","45,9","0,5","0,01","0,01","0,01","0,01","0,01","0,01",0,"9,01","6,7","1,7","0,81","0,013",15,"0,06","0,19",20,"8,4","0,07",22,260,20,5,"0,09",0,2350,0,"0,7","0,8",0,"2,55","0,03","0,013","0,1","0,19","0,054","7,6",0
"Abricot, dénoyauté, sec",239,"0,5","0,19","0,12","0,09","0,06","0,01","0,01",0,"59,1","34,3","8,3","2,88","0,013",71,"0,45","1,4",20,41,"0,27",79,1400,20,5,"0,35",0,2160,"0,25","5,52","0,8",0,"0,5","0,015","0,01","1,12","0,69","0,48","8,85",0
"Abricot, dénoyauté, sec, moelleux (réhydraté à 35045%)",200,"0,4","0,16","0,11","0,05","0,03","0,01","0,01",0,"51,1","29,9","3,5","2,31","0,013",53,"0,29","0,86",20,32,"0,19",59,980,20,5,"0,3",0,"21,7","0,25","3,45","0,8",0,"0,5","0,015","0,01","0,46","0,43","0,51","7,59",0
Accra de poisson,275,"17,6","2,3","9,34","4,67","0,073","0,023","0,046","68,8","15,1","2,55",3,"12,4","1,24","55,3","0,1","1,1",20,18,"0,3",110,216,18,583,"0,8","7,5",0,"0,5","4,84",0,0,"0,5","0,064","0,1","1,1","0,35","0,19",33,"0,43"
"Agar (algue), cru","27,43","0,03","0,006",0,0,0,"0,008",0,0,"6,25","0,28","0,5","0,54","0,023",54,"0,061","1,86",0,67,"0,37",5,226,0,9,"0,58",0,0,0,"0,87","2,3",0,0,"0,005","0,022","0,055","0,3","0,032",85,0
"Agar (algue), séché","20,14","0,3","0,061",0,0,0,"0,087",0,0,0,"2,97",0,"4,36","0,13",658,"0,56","15,2",36000,770,"4,3",33,577,0,53,"3,4",0,0,0,5,"24,4",0,0,"0,01","0,22","0,2","3,02","0,3",580,0
"Agneau, collier, braisé ou bouilli",365,"25,6",0,0,0,0,0,0,93,0,0,0,"33,6",0,0,0,"0,66",0,0,0,0,0,"13,9",0,"7,14",0,0,0,"0,36",0,0,0,"0,1",0,"4,26","0,69","0,095",0,"2,06"
"Agneau, collier, cru",195,"13,7","5,79","3,98","0,5","0,091",0,0,0,0,0,0,18,"0,2",0,0,"1,14",0,0,0,0,0,"7,41","80,1","3,82",0,0,0,0,0,0,0,0,0,"4,27",0,"0,16",0,"2,18"
"Agneau, côte découverte, crue",205,15,"5,69","5,35","0,48","0,08","0,005",0,0,"1,38","0,5",0,"16,3","0,21",0,0,"1,58",0,0,0,0,0,"7,5",82,"3,77",0,0,0,0,0,0,0,0,0,0,0,0,0,"1,77"
"Agneau, côte filet, crue",242,18,"7,75","5,04","0,69","0,12",0,0,0,"2,3",0,0,"17,6","0,18",9,0,"1,15",0,0,0,0,0,"5,7","69,6","2,08",0,0,0,0,0,0,0,0,0,"5,51",0,"0,23",0,"1,47"
"Agneau, côte filet, grillée/poêlée",157,"5,78","2,21","1,58","0,28","0,038",0,"0,0057",86,0,0,0,"26,3",0,0,0,"1,27",0,0,0,0,0,"10,1",0,"3,55",0,0,0,"0,16",0,0,0,"0,1",0,"6,72","0,62","0,3",0,"1,22"
"Agneau, côte ou côtelette, crue (aliment moyen)",273,"22,6","10,1","7,3","0,71","0,29",0,0,0,"0,92","0,063",0,"16,3","0,19","9,97",0,"1,34",0,0,0,0,0,"4,85","74,7","2,78",0,0,0,0,0,0,0,0,0,"4,98",0,"0,21",0,"1,52"
"Agneau, côte ou côtelette, cuite (aliment moyen)",157,"5,78","2,21","1,58","0,28","0,038",0,"0,0057",86,0,0,0,"26,3",0,0,0,"1,27",0,0,0,0,0,"10,1",0,"3,55",0,0,0,"0,16",0,0,0,"0,1",0,"6,72","0,62","0,3",0,"1,22"
"Agneau, côte ou côtelette, grillée/poêlée (aliment moyen)",157,"5,78","2,21","1,58","0,28","0,038",0,"0,0057",86,0,0,0,"26,3",0,0,0,"1,27",0,0,0,0,0,"10,1",0,"3,55",0,0,0,"0,16",0,0,0,"0,1",0,"6,72","0,62","0,3",0,"1,22"
"Agneau, côte première, crue",276,"23,1",10,"6,53","0,87","0,15",0,0,0,0,0,0,"16,9","0,2",8,0,"1,12",0,0,0,0,0,"4,81","81,2","1,84",0,0,0,0,0,0,0,0,0,"5,14",0,"0,21",0,"1,64"
"Agneau, côte première, grillée/poêlée",185,"9,01","3,67","2,58","0,39","0,06",0,"0,004",90,0,0,0,"26,1","0,18",22,"0,12","1,27",0,20,"0,019",166,271,"9,36",73,"3,43",0,0,0,"0,1",0,0,0,"0,1","0,21","6,64","0,7","0,28",15,"1,38"
"Agneau, côtelette, crue",368,"34,5","16,8","12,3","0,8","0,8",0,0,82,0,0,0,"14,4","0,17","12,9","0,12","1,5","0,7",17,"0,01",136,218,"1,4",66,"3,42",45,0,"0,4","0,7",0,0,1,"0,18","0,3","4,3","0,55","0,2","2,6","1,2"
"Agneau, côtelette, grillée",240,"15,2","6,52","4,19","0,35","0,11","0,014","0,014","48,9",0,0,0,"25,7","0,31","19,7","0,077",0,5,"20,1","0,0079",184,0,"9,97",0,"3,5","5,5",0,0,0,0,0,0,0,0,"7,45",0,0,0,"2,8"
"Agneau, épaule, crue",170,"10,6","3,87","4,04","0,34","0,057","0,005",0,"72,5","0,45","0,5",0,"18,3","0,2","12,7","0,11","1,63","0,7",19,"0,015",170,224,"7,53","78,8","3,43",45,0,"0,4","0,46","3,4",0,1,"0,15","0,26","4,98","0,62","0,17","10,8","1,65"
"Agneau, épaule, maigre, crue",139,"6,76","2,42",0,0,0,0,0,66,0,0,0,"19,6","0,18",15,"0,11","1,66",0,24,"0,024",184,274,0,70,"4,77",0,0,"0,1","0,22","3,4",0,0,"0,12","0,22","5,45","0,71","0,16",23,"2,78"
"Agneau, épaule, maigre, rôtie/cuite au four",197,"10,8","4,08",0,0,0,0,0,87,0,0,0,"24,9","0,17",19,"0,11","2,13",5,25,"0,026",200,265,6,68,"6,04",0,0,"0,1","0,18","4,5",0,0,"0,09","0,26","5,76","0,73","0,15",25,"2,7"
"Agneau, épaule, rôtie/cuite au four",252,"14,5","5,26",0,0,0,0,0,"99,8","0,1",0,0,"30,5","0,24","8,8","0,2","2,2","8,6","25,4","0,1",231,376,5,"95,5","4,7","7,5",0,"0,5","0,14","4,6",0,"6,9","0,064","0,3","7,2","0,3","0,21","24,2","2,72"
"Agneau, gigot, braisé",222,"9,03","3,46","2,6","0,45","0,067",0,"0,012",0,0,0,0,"35,2",0,0,0,"0,97",0,0,0,0,0,"13,6",0,"5,28",0,0,0,0,0,0,0,0,0,"6,52",0,"0,16",0,"1,88"
"Agneau, gigot, cru",128,"5,13","1,97","1,48","0,25","0,038",0,0,"72,7","0,48",0,0,20,"0,12",10,"0,12","1,51","0,7","21,9","0,015",177,255,"7,73","48,7",3,45,0,"0,4","0,46",0,0,1,"0,15","0,27","6,52","0,63","0,26","9,8","2,17"
"Agneau, gigot, grillé/poêlé",174,"7,08","2,63","1,98","0,34","0,051",0,"0,009",0,0,0,0,"27,6",0,0,0,"1,51",0,0,0,0,0,"10,7",0,"4,15",0,0,0,0,0,0,0,0,0,"6,52",0,"0,23",0,"1,88"
"Agneau, gigot, rôti/cuit au four",169,"6,85","2,63","1,98","0,34","0,051","0,0076","0,009","97,6",0,0,0,"26,8","0,19","21,8","0,12","1,4",5,"30,7","0,015",183,301,"10,3","75,5","4,01",0,0,0,"0,13",0,0,0,"0,1","0,28","6,52","0,83","0,24",17,"1,88"
"Agneau, selle, crue",236,"18,4","7,95","5,16","0,71","0,12",0,0,78,0,0,0,"17,5","0,14","12,8","0,13","1,16","0,7",19,"0,014",175,222,"5,73",55,"2,11",45,0,"0,4","0,44",0,0,0,"0,1","0,19","5,41","0,59","0,22","9,2","1,73"
"Agneau, selle, partie maigre, grillée/poêlée",153,"5,45","2,05","1,52","0,29","0,039",0,"0,0081",0,0,0,0,"26,1",0,0,0,"1,28",0,0,0,0,0,"10,3",0,"3,67",0,0,0,0,0,0,0,0,0,"6,67",0,"0,29",0,"1,53"
"Agneau, selle, partie maigre, rôtie/cuite au four",153,"5,45","2,01","1,49","0,28","0,039",0,"0,008",91,0,0,0,"26,1","0,16",18,"0,12","1,21",0,23,"0,02",180,246,"10,3",64,"3,67",0,0,"0,1","0,11","4,7",0,0,"0,1","0,24","6,67","0,83","0,27",19,"1,53"
"Agneau, viande, cuite (aliment moyen)",208,"10,6","3,66",0,0,0,0,"0,0058","92,8","0,011",0,0,"28,1",0,0,0,"1,74",0,0,0,0,0,"7,86",0,"4,94",0,0,0,"0,17",0,0,0,"0,083",0,"6,37","0,58","0,2",0,"2,27"
"Ail séché, poudre",344,"0,77","0,2","0,062","0,27","0,016",0,0,0,"62,8","2,43","9,45","16,7","0,11","79,5","0,53","4,2",0,"67,5","0,98",416,1150,0,43,"2,81",0,0,0,"0,67","0,4",0,"2,39","0,45","0,15","0,74","0,74","1,65",47,0
"Ail, cru",111,"0,5","0,01","0,01","0,01","0,01","0,01","0,01",0,"18,6","1,2","5,8","5,31","0,023",11,"0,19","0,63",20,20,"0,2",130,530,20,9,"0,75",0,5,"0,25","0,08","0,8",0,"0,5","0,2","0,01","0,1","0,36","1,1","26,1",0
"Ail, rôti/cuit au four",127,"0,5","0,01","0,01","0,01","0,01","0,01","0,01",0,"23,8","1,4","2,7","5,56","0,013",11,"0,18","0,64",20,21,"0,22",140,490,20,5,"0,73",0,5,"0,25","0,44","0,8",0,"0,5","0,16","0,043","0,1","0,34","1,37","37,4",0
"Ail, sauté/poêlé, sans matière grasse",130,"0,4","0,2","0,04","0,1","0,01","0,01","0,01",0,22,1,"5,8",6,"0,013",12,"0,17","0,77",20,22,"0,23",150,580,20,5,"0,96",0,"5,6",0,"0,39","0,8",0,"4,09","0,14","0,032","0,75","0,3","0,94","19,3",0
Alcool pur,660,0,0,0,0,0,0,0,0,0,0,0,0,0,0,0,0,1,0,0,0,0,0,0,0,0,0,0,0,0,0,0,0,0,0,0,0,0,0
"Aligot (purée de pomme de terre à la tomme fraîche), préemballé",195,"13,3","8,25","2,67","0,21","0,11","0,01","0,01",0,"9,5","0,57","1,3","8,06",1,0,0,0,0,0,0,0,0,0,398,0,0,0,0,0,0,0,0,0,0,0,0,0,0,0
Amande (avec peau),576,"51,3","4,11","33,3","10,5","0,01","0,01","0,01",0,"9,51","4,2","12,5","18,8","0,013",260,"0,96","3,4",20,270,"1,9",510,800,20,5,"3,5",0,"7,33","0,25","22,3","0,8",0,"0,5","0,15","0,29","1,97","0,62","0,07",120,0
"Amande, grillée, salée","604,38","53,9","4,09","32,7","12,9","0,006",0,0,0,"8,72","4,86","10,9","21,1","1,25",268,"1,1","3,73",0,279,"2,23",471,713,0,498,"3,31",0,1,0,"23,9",0,0,0,"0,077","1,2","3,64","0,32","0,14",55,0
"Amande, mondée, émondée ou blanchie","593,14","52,5","3,95",0,0,0,0,0,0,"8,76","4,63","9,9","21,4","0,048",236,"1,03","3,28",0,268,"1,84",481,659,0,19,"2,97",0,4,0,"23,8",0,0,0,"0,19","0,71","3,5","0,31","0,12",49,0
"Amarante, crue",369,"7,02","1,46","1,43","2,74","0,041",0,0,0,"58,6","1,68","6,7","13,5","0,01",159,"0,53","7,61",0,248,"3,33",557,508,0,4,"2,87",0,1,0,"1,19",0,0,"4,2","0,12","0,2","0,92","1,46","0,59",82,0
Amidon de maïs ou fécule de maïs,362,"0,25","0,009",0,0,0,0,0,0,"89,2",0,"0,8","0,43","0,019",6,"0,05","0,38","0,6","3,5","0,53",56,4,"2,8","10,2","0,28",0,0,0,0,0,0,0,0,"0,008","0,03",0,"0,005",1,0
Amidon de riz,343,0,0,0,0,0,0,0,0,85,0,0,"0,6",0,0,0,0,0,0,0,0,0,0,0,0,0,0,0,0,0,0,0,0,0,0,0,0,0,0
"Ananas au jus d'ananas, appertisé, non égoutté","60,9","0,5",0,0,0,0,0,0,0,"13,6","12,6","0,92","0,5","0,00049","10,3","0,033","0,19",20,"11,7","1,13","7,14",127,20,"0,2","0,11",0,"15,9",0,0,"0,8",0,"4,98","0,063","0,01","1,44","0,061","0,064","12,9",0
"Ananas au jus d'ananas, égoutté, appertisé","60,9","0,5",0,0,0,0,0,0,0,"13,6","12,8","1,4","0,5",0,11,"0,04","0,19",20,12,"1,2","7,8",130,20,1,"0,11",0,"24,2",0,0,"0,8",0,"4,99","0,063","0,01","2,2","0,067","0,076","13,5",0
"Ananas au sirop léger, appertisé, égoutté","70,1","0,5",0,0,0,0,0,0,0,"15,9","15,9","1,6","0,5","0,0048","6,4","0,04","0,13",20,11,"1,2","4,8",95,20,"1,9","0,05",0,"19,7",0,0,"0,8",0,"5,22","0,034","0,01","0,1","0,04","0,046","11,9",0
"Ananas au sirop léger, appertisé, non égoutté","66,702","0,078","0,009",0,0,0,0,0,0,16,"15,7","1,01","0,5","0,0047","5,77","0,033","0,12",20,"11,4","1,16","4,06",101,20,"1,86","0,031",0,"12,4",0,"0,01","0,8",0,"5,11","0,037","0,01","0,1","0,03","0,029","11,8",0
"Ananas Victoria ou ananas Queen Victoria, pulpe crue, prélevé à La Réunion Ananas comosus (L.) merr var. Queen)","71,8","0,3","0,01","0,01","0,01","0,01","0,01","0,01",0,"15,1","14,9","2,4","0,94","0,013","6,3","0,07","0,17",20,15,"0,2","9,6",130,20,5,"0,11",0,"21,2",0,"0,08","0,8",0,"18,3","0,084","0,022","0,23","0,19","0,055","25,4",0
"Ananas, pulpe, cru","54,4","0,5","0,01","0,01","0,01","0,01","0,01","0,01",0,"11,7","10,5","1,2","0,5","0,013",8,"0,06","0,17",20,15,"0,84","8,1",140,20,5,"0,08",0,"66,9",0,"0,08","0,8",0,"46,1","0,056","0,033","0,31","0,17","0,052","19,6",0
"Ananas, pulpe, cru , prélevé à la Martinique","2,24",0,0,0,0,0,0,0,0,0,0,0,"0,56",0,0,0,0,0,0,0,0,0,0,0,0,0,0,0,0,0,0,"38,3",0,0,0,0,0,0,0
"Anchois au sel (anchoité, semi0conserve)",128,"3,1","0,82",0,0,0,0,0,70,0,0,0,25,"9,01",542,0,"6,9",0,0,0,481,215,0,3600,"1,7",55,0,"4,6","0,29",0,0,0,"0,06","0,26",14,0,"0,14",8,0
"Anchois commun, cru",129,"6,07","1,64","0,89","0,17","0,073","0,48","0,93",124,0,0,0,"18,6","0,18","86,5","0,38","2,63",55,"22,3","0,23",162,294,"21,3",73,"1,86","65,7",0,11,"0,57","0,1",0,0,"0,061","0,32","12,7","0,65","0,14",9,"0,62"
"Anchois commun, mariné, préemballé",136,"3,26","1,04","0,57","0,33","0,026","0,35","0,54",105,"2,7",0,0,"23,9","5,58",120,"0,17","2,8",8,102,"0,14",148,159,46,2230,"1,95",11,0,"2,4","1,1",0,0,0,"0,04","0,2","2,75","0,41","0,18",37,"15,3"
"Anchois, filets à l'huile, semi0conserve, égoutté",182,"8,45","3,08","3,42","0,34","0,053","0,41","0,58","75,5","0,2",0,"0,25","26,4","11,3",189,"0,25","3,22",30,"43,7","0,1",231,355,8,4210,"2,92",5,0,"1,7","1,16","12,1",0,"0,5","0,04","0,25","3,9","0,63","0,37","14,5","20,9"
"Anchois, filets roulés aux câpres, semi0conserve, égoutté",198,"10,3","0,86",0,"3,78","0,028","0,0073","0,026",0,"1,48",0,1,"24,8",0,0,0,0,0,0,0,0,0,0,0,0,0,0,0,0,0,0,0,0,0,0,0,0,0,0
Andouille,211,"15,1",0,0,0,0,0,0,0,"0,3",0,0,"18,4","2,08",0,0,0,2,0,0,0,0,0,820,0,0,0,0,0,0,0,0,0,0,0,0,0,0,0
Andouille de Guéméné,234,18,0,0,0,0,0,0,0,0,0,0,18,0,0,0,0,0,0,0,0,0,0,0,0,0,0,0,0,0,0,0,0,0,0,0,0,0,0
Andouille de Vire,238,18,0,0,0,0,0,0,0,0,0,0,19,0,0,0,0,0,0,0,0,0,0,0,0,0,0,0,0,0,0,0,0,0,0,0,0,0,0
"Andouille, réchauffée à la poêle",271,20,"9,29","7,25","1,37","0,087",0,0,330,0,"0,2",1,"22,5","2,82",18,"0,2","2,4",24,"12,2","0,1",150,104,24,1130,"3,4",11,16,"0,5","0,48",0,0,1,"0,056","0,28","1,55","0,48","0,12",20,"1,35"
"Andouillette de Troyes, à cuire",254,19,"7,91",0,"1,75","0,12",0,0,310,"0,5","0,5","0,9","19,7","1,97","26,1","0,2","2,8",0,"9,4","0,2",110,"58,4",22,830,"2,6",0,0,"0,25","0,55",0,0,0,"0,02",0,"0,8",0,"0,1",2,"0,5"
"Andouillette, à cuire",227,"16,3","6,94",0,"1,26","0,12",0,0,284,1,"0,5","0,71","18,8","1,46","34,1","0,28","1,67",2,"12,5","0,16",112,"55,6","18,3",584,"2,6",0,0,"0,25","0,39",0,0,0,"0,028","0,15","0,81",0,"0,1","1,2","0,49"
"Andouillette, sautée/poêlée",303,"22,3","11,1","7,76","2,27","0,2",0,0,344,1,"0,2",1,"24,5","2,73","35,6","0,2","2,3",15,"9,6","0,1","98,3",64,19,1090,"4,3",52,30,"0,5","0,41",0,0,1,"0,035","0,15","0,96","0,24","0,09",20,"0,91"
"Aneth, frais","48,2","1,1","0,27","0,54","0,056","0,0087",0,0,0,"3,9","1,2","3,5","3,93","0,15",202,"0,22","5,5","3,9",28,"2,7","51,9",647,"2,7",27,"1,8",0,0,0,"1,7",0,0,70,"0,19","0,43","2,4","0,3","0,3",116,0
"Anguille, bouillie/cuite à l'eau",197,"12,7","3,28",0,0,0,"0,24","0,47",0,0,0,0,"20,5",0,0,"0,029",0,8,0,"0,04",0,0,28,0,"2,08",0,0,0,"5,1",0,0,0,0,0,0,0,0,0,0
"Anguille, crue",232,"18,6","3,89","5,28","0,66","0,21","0,49","0,68",120,0,0,0,"16,1","0,16","23,6","0,041","0,71","36,3",18,"0,078",285,260,"28,7","65,5","2,27",1280,0,16,6,"1,25",0,"1,6","0,17","0,24","3,16","0,17","0,21","13,8","2,8"
"Anguille, cuite (aliment moyen)",213,"13,8","3,15",0,0,0,"0,2","0,37",0,0,0,0,"22,1",0,0,"0,029",0,8,0,"0,04",0,0,0,0,"2,08",0,0,0,0,0,0,0,0,0,0,0,0,0,0
"Anguille, rôtie/cuite au four",229,15,"3,02",0,0,0,"0,17","0,28",161,0,0,0,"23,6","0,16",26,"0,029","0,64",8,26,"0,04",277,349,0,65,"2,08",1140,0,0,0,0,0,"1,8","0,18","0,051","4,49","0,28","0,077",17,"2,89"
"Anone ou chérimole, pulpe, crue","74,24","0,64","0,23","0,021","0,028","0,16",0,0,0,"15,4","12,9","2,65","1,72","0,018",9,"0,069","0,29","0,4",17,"0,093",26,287,0,7,"0,16",0,2,0,"0,27",0,0,"12,1","0,096","0,13","0,61","0,35","0,26",23,0
"Ao0nori (Enteromorpha sp.), séchée ou déshydratée",224,"2,47","0,23",0,0,0,0,0,0,"18,8",0,36,"13,7","11,9",1610,"1,21",234,9390,2440,"24,7",1040,1850,"10,7",4760,"6,08",0,0,0,11,0,0,"35,4","0,29","1,1","4,77",0,0,"39,6","30,6"
Apéritif à base de vin ou vermouth,"45,416",0,0,0,0,0,0,0,0,"11,3","11,1",0,"0,054","0,038","7,37","0,1","0,44","1,2",7,0,"6,25",48,0,15,"0,035",0,0,0,0,0,0,0,0,0,"0,045",0,"0,0075",0,"0,0033"
Apéritif anisé sans alcool,4,0,0,0,0,0,0,0,0,1,"0,03",1,0,"0,038","1,83",0,0,"1,2","0,33","0,004",0,"3,9",0,15,"0,03",0,0,0,0,0,0,0,0,0,0,0,0,0,0
"Arachide, bouillie/cuite à l'eau, salée","298,16",22,"3,06",0,0,0,0,0,0,"9,54","2,47","8,8","15,5","1,88",55,"0,5","1,01",0,102,"1,02",198,180,0,751,"1,83",0,0,0,"4,1",0,0,0,"0,26","0,063","5,26","0,83","0,15",75,0
"Araignée de mer, cuite","107,4","3,8","1,14","0,44","0,03","0,01","0,52","0,35",115,0,0,0,"18,3","0,96",230,"0,91",2,80,64,"0,07",250,260,110,385,"5,9",21,0,"0,25","6,42","0,8",0,"0,5","0,015","1,25","1,43","0,79","0,12","95,1","9,13"
"Artichaut, appertisé, égoutté","33,8","0,2",0,0,0,0,0,0,0,"6,5","1,5",3,"1,5","0,8",0,0,0,0,0,0,0,0,0,320,0,0,0,0,0,0,0,0,0,0,0,0,0,0,0
"Artichaut, coeur, appertisé, égoutté",26,"0,5","0,01","0,01","0,01","0,01","0,01","0,01",0,"2,31","1,2","3,2","1,8","0,78",25,"0,07","0,4",20,18,"0,13",34,150,20,310,"0,28",0,"24,6","0,25","1,12","6,29",0,"12,2","0,021","0,03","0,39","0,13","0,026","54,3",0
"Artichaut, cru","34,1","0,18","0,036",0,0,0,0,0,0,"4,92","0,99","5,4","3,2","0,15",52,"0,23","1,19","0,5","47,8","0,26","81,2",387,"0,23","60,5","0,49",0,8,0,"0,27","14,8",0,"11,7","0,081","0,063","1,05","0,32","0,11",68,0
"Artichaut, cuit","16,6","0,28","0,069","0,0029","0,11","0,025",0,0,0,"0,99","0,99","8,3","2,53","0,15","42,9","0,082","0,67",5,"44,6","0,14",73,427,10,60,"0,29",0,8,0,"0,19","14,8",0,"9,1","0,05","0,089","1,11","0,24","0,081",89,0
"Artichaut, cuit à la vapeur sous pression","47,3","0,3","0,01","0,01","0,01","0,01","0,01","0,01",0,"3,24","1,9","10,9","2,63","0,068",42,"0,05","0,7",20,41,"0,17",56,480,20,27,"0,27",0,"43,4",0,"0,08","1,47",0,"0,5","0,03","0,023","0,82","0,35","0,086","52,6",0
"Artichaut, fond, appertisé, égoutté","25,2","0,5","0,01","0,01","0,01","0,01","0,01","0,01",0,"3,02","0,8","2,6","1,2","0,73",36,"0,06","0,36",20,20,"0,05",26,140,20,293,"0,2",0,"10,7","0,25","0,42","1,57",0,18,"0,041","0,01","0,2","0,09","0,22","53,6",0
"Artichaut, fond, surgelé, cru","44,55","0,43","0,1",0,0,0,0,0,0,"8,09","1,89","7,54","2,08","0,18",0,0,0,0,0,0,0,0,0,45,0,0,0,0,0,0,0,0,0,0,0,0,0,0,0
"Ascophylle noueux ou goémon noir (Ascophyllum nodosum), séché ou déshydraté",211,"2,78",0,0,0,0,0,0,0,"18,5",0,"41,8","7,22","7,15",1650,"0,72","21,8",68200,836,"2,52",162,2270,"6,69",2860,"6,45",0,3730,"0,89",14,1020,0,"94,8","0,31","0,96","2,74","0,018","5,61","22,7","2,11"
Asiago,356,"25,6","15,9",0,0,0,0,0,90,0,0,0,"32,1","1,9",770,0,"0,7",0,0,0,530,97,0,760,"2,2",175,150,"0,19","0,48",0,0,0,"0,03","0,35","0,1",0,"0,09",40,0
"Asperge blanche, bouillie/cuite à l'eau","18,6","0,3","0,1","0,08","0,08","0,01","0,01","0,01",0,"1,63","1,2","1,3","1,44","0,013",15,"0,09","0,26",20,"7,1","0,07",29,120,20,5,"0,3",0,"19,1",0,"0,39","0,8",0,"5,16","0,04","0,018","0,15","0,1","0,029","66,8",0
"Asperge verte, bouillie/cuite à l'eau","26,6","0,3","0,07","0,01","0,13","0,06","0,01","0,01",0,"1,73","1,3","2,2","2,69","0,013",21,"0,11","0,64",20,10,"0,13",49,220,20,5,"0,49",0,438,0,"1,5","12,5",0,"4,73","0,067","0,056","0,7","0,24","0,046","69,9",0
"Asperge, appertisée, égouttée","14,47","0,27","0,085","0,002","0,05","0,004",0,0,0,"1,43","1,23","1,5","1,58","0,73","15,8","0,076","1,09","0,7","8,5","0,16",35,142,"0,2",291,"0,42",0,493,0,"0,74","41,3",0,"18,4","0,046","0,07","0,63","0,1","0,11",72,0
"Asperge, blanche ou violette, pelée, crue","22,7","0,3","0,07","0,005","0,15","0,014",0,0,0,"2,5",0,"1,8","2,5","0,019","16,6",0,0,0,"7,3",0,"42,5",169,0,"7,7",0,0,0,0,0,0,0,18,0,0,0,0,"0,072",150,0
"Asperge, bouillie/cuite à l'eau","16,84","0,32","0,072",0,0,0,0,0,0,"0,81","0,81","1,8","2,68","0,021","19,9","0,074","0,74","0,25","6,31","0,049","51,5",198,"3,35","8,5","0,2",0,544,0,"1,35","65,3",0,"16,1","0,11","0,12","1,06","0,19","0,05",142,0
"Asperge, pelée, crue","19,65","0,21","0,051","0,004","0,09","0,0081",0,0,0,"2,4","1,88","1,95","2,04","0,011",22,"0,12","1,32","0,15","11,5","0,16",52,202,1,"4,2","0,49",0,449,0,"0,72","40,3",0,"8,8","0,13","0,12","0,99","0,17","0,076",101,0
"Asperge, verte, crue","20,39","0,27","0,069","0,005","0,15","0,013",0,0,0,"2,03","1,5","2,15","2,46","0,014","22,4",0,1,0,"12,2",0,"85,5",267,0,"3,85",0,0,0,0,0,0,0,"15,5",0,0,0,0,"0,15",150,0
"Aubergine, crue","15,3","0,14","0,034","0,011","0,067","0,0091",0,0,0,"2,39","2,39","2,7","1,12","0,0063","8,7","0,081","0,32","0,15",12,"0,24","27,2",235,"0,2","2,5","0,16",0,14,0,"0,17","3,5",0,"2,1","0,045","0,034","0,72","0,25","0,082","24,5",0
"Aubergine, cuite","24,52","0,28","0,052","0,012","0,12",0,0,0,0,"4,17","3,41","4,3","1,33","0,015","20,1","0,058","0,25",1,15,"0,12",15,123,"3,35","5,95","0,098",0,22,0,"0,41","2,9",0,"1,3","0,076","0,02","0,6","0,075","0,086",14,0
"Aubergine, pulpe et peau, rôtie/cuite au four","33,8","0,3","0,01","0,01","0,01","0,01","0,01","0,01",0,"3,83","3,4","1,9","1,31","0,013",13,"0,08","0,59",20,20,"0,15",31,310,20,5,"0,14",0,"60,2",0,"0,08","0,8",0,"0,5","0,015","0,01","0,42","0,52","0,053",5,0
"Autruche, viande crue",159,"8,7",0,0,0,0,0,0,71,0,0,0,"20,2","0,18",7,"0,13","2,91",0,20,"0,017",199,291,0,72,"3,51",0,0,0,"0,24",0,0,0,"0,18","0,27","4,38","1,08","0,48",7,"4,61"
"Autruche, viande cuite",168,"7,07",0,0,0,0,0,0,83,0,0,0,"26,2","0,2",8,"0,14","3,43",0,23,"0,017",224,323,0,80,"4,33",0,0,"0,1","0,24","3,5",0,0,"0,21","0,27","6,56","1,21","0,5",14,"5,74"
"Avocat, pulpe, cru",205,"20,6","4,51","8,72","2,68","0,15","0,01","0,01","0,5","0,83","0,4","3,6","1,56","0,015","9,4","0,18","0,34",20,21,"0,2",38,430,20,6,"0,43",0,5,0,"2,23","14,5",0,"0,5","0,052","0,037","1,56","1,07","0,17","70,4",0
"Avoine, crue",378,"6,9","1,22","2,17","1,65","0,073",0,0,0,"55,7","1,2","10,6","16,9","0,005",54,"0,63","4,72",0,177,"4,92",523,429,9,2,"3,97",0,0,0,"1,09",0,0,0,"0,76","0,14","0,96","1,35","0,12",56,0
Baba au rhum,"243,3","9,9","6,42","2,08","0,26","0,05","0,01","0,01",47,"36,3","29,9","0,8","2,25","0,22",24,"0,04","0,7",10,"6,7","0,07",41,60,20,87,"0,23","76,5","34,1","0,25","0,41","1,88",0,"0,82","0,015","0,1","0,1","0,26","0,016","6,37","0,14"
"Baba au rhum, préemballé",169,"3,86","2,77",0,"0,16","0,013",0,0,0,"23,6","18,2","0,87","2,83","0,24",0,0,0,0,0,0,0,0,0,"96,5",0,0,0,0,0,0,0,0,0,0,0,0,0,0,0
Bagel,272,"3,98","1,02",0,0,0,0,0,0,"47,3","5,36","3,42","9,26","1,08","37,3","0,17","1,83",0,"36,3","0,84",111,122,0,410,"0,95",0,2,0,"0,32","1,5",0,0,"0,24","0,1","2,3","0,37","0,083",25,0
Baklava ou Baklawa (pâtisserie orientale aux amandes et sirop),"458,9","24,5","4,7","13,8","5,26","0,077",0,0,37,"49,2","39,6",1,"10,4","0,075","98,3","0,4","1,5",20,95,"0,9",125,255,5,"29,8","1,12",92,26,"0,18","6,55",0,0,"0,4","0,062","0,3","1,2","0,16","0,18",24,"0,02"
"Bambou, pousse, crue","35,1","0,2","0,053",0,0,0,0,0,0,"5,08",3,"1,45","2,52","0,01","15,5","0,19","0,4",0,3,"0,26","54,5",517,0,4,"1,1",0,12,0,1,0,0,"7,5","0,095","0,095","0,55","0,16","0,24",7,0
"Bambou, pousses, appertisées, égouttées","15,39","0,15","0,041",0,0,0,0,0,0,"1,9","1,15","1,25","1,61","0,19",17,"0,098","0,24",0,"3,5","0,14","26,8",196,0,"74,1","0,56",0,8,0,"0,63",0,0,"1,1","0,017","0,039","0,16","0,079","0,12","2,5",0
"Banane jaune, pulpe, cuite à la vapeur, prélevée à la Martinique","4,753","0,057",0,0,0,0,0,0,0,0,0,0,"1,06",0,0,0,0,0,0,0,0,0,0,0,0,0,0,0,0,0,0,"6,07",0,0,0,0,0,0,0
"Banane plantain, crue","127,03","0,39","0,14",0,0,0,0,0,0,"29,6",0,"2,3","1,28","0,01",3,"0,081","0,6","2,5",37,0,34,499,0,4,"0,14",0,457,0,"0,14","0,7",0,"18,4","0,052","0,054","0,69","0,26","0,3",22,0
"Banane plantain, cuite",125,"0,18","0,069",0,0,0,0,0,0,"28,9",14,"2,3","0,79","0,013",2,"0,066","0,58",0,32,0,28,465,0,5,"0,13",0,369,0,"0,13","0,7",0,"10,9","0,046","0,052","0,76","0,23","0,24",26,0
"Banane, pulpe, crue","90,5","0,5","0,01","0,01","0,01","0,01","0,01","0,01",0,"19,7","15,6","2,7","1,06","0,013","5,1","0,06","0,2",20,28,"0,36",29,320,20,5,"0,14",0,"28,5",0,"0,08","0,8",0,"7,16","0,054","0,01","0,39","0,31","0,18",19,0
"Banane, pulpe, sèche","345,45","1,81","0,7",0,0,0,0,0,0,"78,4","47,3","9,9","3,89","0,0075",22,"0,39","1,15",3,108,"0,57",74,1490,0,3,"0,61",0,101,0,"0,39",2,0,7,"0,18","0,24","2,8",0,"0,44",14,0
"Bar commun ou loup (Méditerranée), cru, élevage",124,"4,25","1,04","0,57","0,24","0,038","0,4","0,54","56,8",0,0,0,"21,4","0,12","5,6","0,1","0,39","9,36","32,3","0,1",209,430,"7,57","46,6","0,41","14,7","0,0063","2,31","1,35",0,0,0,"0,18","0,09","6,79","0,53","0,39",0,"4,33"
"Bar commun ou loup (Méditerranée), cru, sauvage","97,9","1,94","0,49","0,26","0,015","0,008","0,13","0,28","58,1",0,0,0,"20,1","0,18","1,56","0,1","0,4","23,3","28,3","0,1",191,371,"25,4","71,4","0,43","5,6",0,"3,65","0,71",0,0,0,"0,064","0,098","3,72","0,33","0,39",0,"4,16"
"Bar commun ou loup, cru, sans précision","82,5","0,7","0,2","0,14","0,02","0,01","0,04","0,12","47,6",0,0,0,"19,1","0,23",10,"0,04","0,26","21,9",27,"0,01",207,390,30,"92,3","0,3",21,0,"5,59","0,79","0,8",0,"0,66","0,025","0,058","3,67","0,55","0,34","22,2","3,12"
"Bar commun ou loup, rôti/cuit au four",147,"6,51","1,27","1,45","0,56","0,15","0,35","0,5","63,3",0,0,0,"22,2","0,17",11,"0,05","0,28","13,4","30,3","0,01",183,410,50,"68,8","0,42",21,0,"4,15","0,97","0,8",0,0,"0,17","0,08","3,49","0,53","0,26","12,6","3,7"
"Bar ou loup de l'Atlantique, cru","89,9","2,61","0,42","0,47","0,036","0,015","0,38","0,29",50,0,0,0,"16,6","0,25","20,3","0,04","0,72",60,"26,4","0,013",185,286,"57,5",99,"0,74","49,7",0,"0,77","2,4",0,0,0,"0,19","0,064","2,33","0,57","0,37",3,"2,08"
"Bar rayé ou bar d'Amérique, cru",113,"3,58","0,76",0,0,0,"0,24","0,47","78,3",0,0,0,"20,3","0,19",66,"0,081","1,41",60,36,"0,68",218,356,0,"76,3","0,63","30,7",0,0,0,0,0,"2,05","0,087","0,065","1,62","0,79","0,19","13,7","2,71"
"Barre à la noix de coco, enrobée de chocolat",475,"23,8","18,3","3,86","0,49","0,023",0,0,"5,5","60,2",53,3,"3,88","0,5","78,8","0,3","1,8",11,"46,8","0,6",103,331,1,200,"0,8",8,11,"0,5","0,18",0,0,"0,5","0,042","0,18","0,47","0,27","0,21",25,"0,17"
"Barre biscuitée fourrée aux fruits, allégée en matière grasse","380,16","7,12","2,64","3,39","0,7","0,015","0,0043","0,005",0,"75,7","41,9",3,"3,32","0,42",0,0,0,0,0,0,0,0,0,167,0,0,0,0,"2,8",0,0,0,"0,29",0,0,0,0,0,0
"Barre céréalière ""équilibre"" aux fruits, enrichie en vitamines et minéraux",379,"6,53","3,5",0,0,0,0,0,0,"72,8","30,2","4,13","6,13","0,75",511,0,"8,05",20,20,0,85,140,15,297,"0,85",0,0,0,"2,8",0,0,50,"1,07","1,25","14,4","5,1","1,45",169,"1,47"
"Barre céréalière ""équilibre"" chocolatée, enrichie en vitamines et minéraux",418,"10,9","6,65",0,0,0,0,0,0,"72,9","32,4","3,7","5,99","0,7",607,0,"6,94",0,35,0,105,180,0,277,1,0,0,"1,1",10,0,0,"56,7","0,91","1,07","12,1","4,8","1,26",140,"1,01"
Barre céréalière aux amandes ou noisettes,444,"18,2","4,03","10,2","2,74","0,12","0,01","0,01",0,"60,6","20,4","4,6","8,69","0,45",37,"0,32","1,7",7,73,"1,8",190,240,20,179,"1,4",0,"8,59","0,25","4,2","2,17",0,"0,5","0,11","0,015","0,43","0,52","0,074","25,4","0,7"
Barre céréalière aux fruits,377,"7,07","3,44","2,23","0,96","0,13","0,0051","0,0072",0,"73,5","29,6","3,8","5,49","0,63",84,"0,38","2,18",20,91,"1,2",241,392,0,249,"1,6",0,0,0,"2,5",0,0,0,"0,19","0,19","2,61","0,43","0,12",30,"0,24"
Barre céréalière chocolatée,451,"14,9","7,37","3,39","0,88","0,1","0,0049","0,0049","3,3",73,"32,9","4,5","6,55","0,51",260,"0,28","3,1",4,45,"0,6",280,217,5,201,1,6,11,"0,62","1,45","16,4",0,"0,5","0,58","0,56","6,8","0,33","0,81",74,"0,2"
Barre céréalière chocolatée aux fruits,"410,6","11,8","7,45",0,"0,62","0,025","0,015","0,015",0,"70,4","34,8","4,04","5,7","0,56",0,0,0,0,0,0,0,0,0,221,0,0,0,0,0,0,0,"41,2","0,6","0,75","8,3",0,"0,9","99,5","0,43"
Barre céréalière diététique hypocalorique,386,"11,2","9,6",0,"0,2",0,0,0,0,"65,3","8,5","5,8","5,9","0,75",281,"0,57","6,55",43,"95,1","0,58",354,763,"25,5",300,"5,54",0,0,"2,3","4,04",0,0,"22,4","0,55","0,73","8,18","2,01","0,79",73,"0,65"
"Barre céréalière pour petit déjeuner au lait, chocolatée ou non, enrichie en vitamines et minéraux",382,"3,2","1,74","0,89","0,33","0,02","0,01","0,01",0,"79,5","28,1","4,5","7,06","0,54",752,0,"9,65",7,30,0,150,320,0,217,"0,97",0,0,0,0,0,0,0,"0,99","1,11","12,4","4,2","1,4",138,"0,69"
Barre chocolat au lait avec nougat,532,29,"17,4","8,51","1,01","0,09","0,01","0,01","25,3","60,5","60,1","2,9","5,8","0,11",150,"0,28","2,3",20,50,"0,36",160,260,20,"45,3","0,97","55,6","31,5","0,25","0,84","3,32",0,"0,5","0,073","0,21","0,11","0,71","0,07","19,2","0,37"
Barre chocolatée aux fruits secs,494,26,"9,53","5,76","0,92","0,057",0,0,"5,55","57,6","45,1","1,53","7,23","0,38",122,"0,4","1,3","4,96","13,6",0,198,"47,3","2,8",151,"0,64",1,0,"0,03","4,34",0,0,0,"0,036","0,19","0,084","0,47","0,035","0,11","0,3"
Barre chocolatée biscuitée,523,"28,1",16,"7,62","1,08","0,11",0,"0,01","5,89","60,5","46,9","1,93","6,14","0,39",263,"0,18","1,76","5,84",45,"0,3",234,356,10,155,"0,63",188,0,"0,058","3,74",0,0,"0,62","0,089","0,2","0,97","0,46","0,09","2,31","0,32"
Barre chocolatée non biscuitée enrobée,496,"24,1","13,5","7,77","1,28","0,086","0,014","0,011","24,6","66,4","60,5","0,6","3,7","0,5","99,8","0,15","3,59","15,6","50,9","0,13",155,42,"2,2",200,"0,56",200,0,"0,046","11,2",0,0,"0,54","0,049","0,22","0,14","0,31","0,037","0,47","0,33"
Barre glacée chocolatée,359,"21,4","15,2","4,25","1,26","0,07",0,0,"8,8","35,8","27,7","1,31","5,12","0,29",145,"0,2","1,1",16,"40,3","0,2",48,251,5,115,"1,1",58,42,"0,5","1,5",0,0,1,"0,067","0,32","0,82","0,56","0,13","0,87","0,26"
Barre goûter frais au lait et chocolat,"447,74","28,5",17,"8,62","1,15","0,05","0,01","0,01",0,41,"32,8","1,6","6,81","0,17",323,0,0,0,45,0,270,0,0,68,0,0,0,0,0,0,0,0,0,0,0,0,0,0,0
Barre goûter frais au lait et chocolat avec génoise,"490,52","34,2","19,7","10,7","1,63","0,16",0,0,"22,9",39,"33,3","4,3","6,68","0,13",174,"0,3","0,9",10,"47,3","0,3",157,296,5,"50,3","1,15","30,5",23,"0,53","2,45",0,0,"0,5","0,07","0,28","0,37","0,63","0,28","26,9","0,39"
"Barre pâtissière, préemballé","374,42","14,9","1,59","8,14","2,73","0,94","0,01","0,01","48,6","54,7","26,8","1,4","5,38","1,28",15,"0,05","0,52",0,10,"0,21",190,140,20,512,"0,37",21,"51,6","0,25","3,05","18,2",0,"0,5","0,035","0,039","0,26","0,39","0,015","10,1","0,16"
Barres ou confiserie chocolatées au lait,551,"34,2","16,6","13,4","2,08","0,08","0,01","0,01","9,46","50,9","43,3","1,7","8,75","0,23",116,0,"0,63","9,33",187,0,183,147,0,90,"5,26",166,0,"0,045","5,75",0,0,"1,52","0,08","0,28","0,32","0,71","0,077","6,8","0,68"
Base de pizza à la crème,261,"2,6","0,8",0,0,0,0,0,0,"51,1","1,8",1,"7,7","1,75",9,0,0,0,0,0,0,0,0,700,0,0,0,0,0,0,0,0,0,0,0,0,0,0,0
Base de pizza tomatée,232,"2,7","0,8",0,0,0,0,0,0,"44,6","1,5",1,"6,9","1,75",12,0,0,0,0,0,0,0,0,700,0,0,0,0,0,0,0,0,0,0,0,0,0,0,0
"Basilic, frais","34,8","0,47","0,13",0,0,0,0,0,0,"2,55","0,37","3,47","3,35","0,028",273,"0,39","5,24",0,64,"1,15",56,295,0,12,"0,81",0,3140,0,"0,8",415,0,"14,5","0,034","0,076","0,9","0,21","0,16",68,0
"Basilic, séché",244,"4,07","2,16","1,07",0,"0,3",0,0,0,"10,1","1,71","37,7",23,"0,19",2240,"2,1","89,8",0,711,"9,8",274,2630,0,76,"7,1",0,378,0,"10,7",1710,0,"0,8","0,08","1,2","4,9","0,84","1,34",310,0
"Batavia, crue","17,9","0,5","0,01","0,01","0,01","0,01","0,01","0,01",0,"1,78","1,1","2,1","1,25","0,015",26,"0,04","0,39",20,"8,7","0,28",17,200,20,6,"0,16",0,891,0,"0,08","20,6",0,"4,38","0,042","0,01","0,2","0,079","0,051","65,6",0
"Bâtonnet pané soja et blé (convient aux véganes ou végétaliens), préemballée",245,10,"1,1","4,59","3,61","0,08","0,01","0,01",0,"18,8",0,"5,41","16,9","1,13",70,"0,32","2,5",20,59,1,170,350,20,452,"1,3",0,"8,16","0,25","2,55","2,64",0,"0,5","0,099","0,026","0,4","0,3","0,075","30,3",0
"Baudroie rousse ou Lotte, crue","70,2","0,37","0,084","0,03","0,003","0,00087","0,018","0,084","44,1",0,0,0,"16,7","0,32","1,02","0,1","0,26","41,2","28,7","0,1",149,339,414,127,"0,44","27,5",0,"0,33","0,33",0,0,0,"0,025","0,026","2,43","0,17","0,14",0,"0,46"
Beaufort,410,34,"19,2","5,84","0,61","0,33","0,024",0,0,0,0,0,"26,5","1,27",745,"0,09","0,24","37,3",0,"0,03",788,118,"7,22",506,"4,75",0,100,0,0,0,0,0,0,0,0,0,0,0,0
Beignet à la confiture,378,"18,7","4,84",0,0,0,"0,008","0,01",26,"45,6","19,9","0,9","6,36","0,71","30,8","0,081","1,76",15,"12,7","0,31",85,79,"2,2",283,"0,53",16,8,0,"0,43","7,1",0,0,"0,31","0,14","2,14","0,88","0,1",17,"0,22"
Beignet de crevette,222,10,"0,5",0,0,0,"0,06","0,051",0,26,11,1,"6,5","1,9",77,0,1,22,"18,1",0,0,102,"41,7",770,"0,5",0,0,0,0,0,0,0,0,0,0,0,0,0,0
Beignet de légumes,"182,76","8,52","0,99",0,0,0,0,0,34,23,"3,03","1,95","3,52","0,69","52,4","0,078","0,72","6,62","17,7","0,18","68,1",209,"2,55",275,"0,4","20,1",197,"0,16","2,86",0,0,"13,2","0,058","0,14","0,42","0,39","0,12",43,"0,14"
"Beignet de viande, volaille ou poisson, fait maison, cru",238,"13,5","2,88",0,0,0,"0,037","0,12","85,2",10,"0,92","0,41","18,7","0,71","36,6","0,073","1,23","34,3","25,4","0,082",180,272,"13,9",285,"1,61","22,3","2,48","0,29","2,91",0,0,"0,27","0,1","0,18","3,43","0,62","0,24","15,8","1,13"
"Beignet fourré aux fruits, préemballé",362,16,"6,05",0,0,0,0,0,0,"47,6","14,5","2,15","5,65","0,78",39,0,"0,6",0,0,0,0,0,0,338,0,0,0,0,0,0,0,0,0,0,0,0,0,0,0
"Beignet fourré goût chocolat, préemballé",420,"22,5","8,41","8,26","4,19","0,65","0,01","0,01","45,2","45,9","18,6","2,6","7,31","0,7",80,"0,19",2,20,32,"0,44",110,180,20,280,"0,83",21,"49,5","0,25","3,18","10,4",0,"0,5","0,15","0,075","0,4","0,49","0,048","24,5","0,28"
"Beignet rond moelleux, sans fourrage, saupoudré de sucre",404,"23,7","9,46","9,12","3,5","0,21","0,01","0,01",19,"39,4","10,7",2,"7,25","1,11",24,"0,09","0,68",20,18,"0,31",140,93,20,444,"0,62",21,"55,5","0,25","4,28","5,43",0,0,"0,14","0,01","0,1","0,42","0,043","30,4","0,089"
"Bette ou blette, côte et feuille, bouillie/cuite à l'eau","16,9","0,3","0,1","0,07","0,04","0,06","0,01","0,01",0,"1,43",1,"2,5","0,88","0,19",60,"0,04","0,52",20,10,"0,34",18,160,20,77,"0,11",0,1260,0,"0,08","8,29",0,"0,5","0,015","0,01","0,1","0,1","0,098","18,3",0
"Bette ou blette, crue","16,4","0,5","0,01","0,01","0,01","0,01","0,01","0,01",0,"1,63","1,2","1,8",1,"0,57",25,"0,03","0,85",20,17,"0,16",10,300,20,"53,2","0,07",0,"25,9","0,25","0,25","0,8",0,"3,08","0,015","0,015","0,1","0,2","0,036","24,7",0
"Bette ou blette, cuite","14,7","0,5","0,01","0,01","0,01","0,01","0,01","0,01",0,"1,23","0,8","2,5","0,7","0,25",56,"0,04","0,35",20,18,"0,16",11,240,20,"99,6","0,08",0,"89,2","0,25","0,41",327,0,"0,5","0,015","0,01","0,1","0,17","0,024","43,2",0
"Betterave rouge, crue","45,52","0,24","0,038","0,026","0,078","0,016",0,0,0,"9,1","6,76","2,55","1,74","0,15","22,1","0,098","0,7","0,5",19,"0,46","38,1",328,"0,2","60,5","0,54",0,20,0,"0,06","0,2",0,"6,45","0,028","0,043","0,27","0,15","0,059",100,0
"Betterave rouge, cuite","42,8","0,4","0,15","0,13","0,07","0,01","0,01","0,01",0,"7,13","6,7","2,5","1,44","0,23",24,"0,07","0,29",20,17,"0,31",18,320,20,90,"0,29",0,5,0,"0,08","0,8",0,"0,5","0,015","0,01","0,1","0,14","0,031","12,4",0
"Beurre à 39041% MG, léger, doux",391,"41,7","26,2","9,04","0,61","0,24","0,02","0,01","84,5","3,6","1,26",0,"0,5","0,45",0,0,"0,1",2,0,0,0,0,0,178,0,0,0,0,"1,22",0,0,0,0,0,0,0,0,0,0
"Beurre à 60062% MG, à teneur réduite en matière grasse, demi0sel",555,61,"34,3",0,0,0,0,0,106,"0,5","0,5",0,"0,9","1,13",48,0,"1,09",2,5,0,34,71,0,450,"0,26",456,107,1,"1,58","4,8",0,0,"0,01","0,07","0,02",0,"0,01",1,"0,13"
"Beurre à 60062% MG, à teneur réduite en matière grasse, doux",550,"60,6","40,1","11,8","0,91","0,33","0,03","0,01",181,"0,7","0,2",0,"0,56","0,045",18,"0,01","0,05",20,"1,8","0,01",20,27,20,18,"0,13",660,304,"0,25","1,38",0,0,1,"0,015","0,01","0,1","0,091","0,01",5,"0,1"
"Beurre à 80% MG, demi0sel",738,"81,4","54,9","18,6","1,61","0,45",0,0,218,"0,55","0,39",0,"0,72","1,9","17,8","0,0092","0,13","1,5","4,94","0,0047",24,39,10,762,"0,052",697,158,"1,13","2,11",7,0,0,"0,006","0,035","0,071","0,11","0,003",3,"0,17"
"Beurre à 80% MG, salé",732,"80,8","52,9","16,7","1,16","0,4","0,04","0,01",245,"0,68",0,0,"0,5","2,52",24,"0,01","0,23",20,"7,4","0,01",24,35,20,1010,"0,17",887,0,"0,25","1,77","6,11",0,"0,5","0,015","0,01","0,1","0,05","0,01",5,"0,076"
"Beurre à 82% MG, doux",753,"82,9","55,4","16,2","1,22","0,38","0,01","0,01",218,"0,9","0,83",0,"0,7","0,063","17,8","0,026","0,026","1,5","2,05","0,0018",24,28,10,25,"0,083",675,158,"1,12","2,11",7,15,0,"0,006","0,035","0,071","0,11","0,0035",3,"0,17"
"Beurre à 82% MG, doux, tendre",755,"83,4",0,0,0,0,0,0,0,"0,5",0,0,"0,7","0,055",0,0,0,0,0,0,0,0,0,0,0,0,0,0,0,0,0,0,0,0,0,0,0,0,0
"Beurre à teneur en matière grasse inconnue (allégé ou non), demi0sel (aliment moyen)",727,"80,2","53,7","18,6","1,61","0,45",0,0,211,"0,55","0,4",0,"0,73","1,86","19,6","0,0086","0,19","1,53","4,94","0,0047","24,6","40,9",5,743,"0,064",682,155,"1,12","2,08","6,87",0,0,"0,0062","0,037","0,068","0,11","0,0034","2,88","0,17"
Beurre de cacahuète ou Pâte d'arachide,623,"52,5","10,4","25,7","12,9","0,027",0,0,0,"16,1","10,5",5,"22,2","0,97",43,"0,56","1,92","0,5",174,"1,59",333,629,"6,9",388,"2,76",0,0,0,"6,9","0,3",0,0,"0,16","0,15","14,1","1,09","0,47",70,0
"Beurre ou assimilé à teneur en matière grasse inconnue, doux (aliment moyen)",741,"81,5","54,5","15,9","1,2","0,37","0,0055","0,005",214,"0,99","0,84","0,017","0,69","0,073","17,8","0,031","0,032","1,62","2,05","0,0074","23,9","28,2","5,05","29,4","0,088",672,166,"1,1","2,09",7,15,"0,0098","0,0062","0,034","0,07","0,11","0,0038","2,99","0,17"
"Beurre ou assimilé allégé (léger ou à teneur reduite en matière grasse), doux (aliment moyen)",368,"38,9",25,"8,03","0,58","0,22","0,019","0,005",101,"3,73","1,06","0,51","0,33","0,4",0,0,"0,22","5,09",0,0,0,0,0,161,0,0,0,0,"1,53",0,0,0,0,0,0,0,0,0,0
Bicarbonate de soude,"0,4",0,0,0,0,0,0,0,0,0,0,0,"0,1",0,0,0,0,0,0,0,0,0,0,27400,0,0,0,0,0,0,0,0,0,0,0,0,0,0,0
"Bière ""coeur de marché"" (405° alcool)","12,36",0,0,0,0,0,0,0,0,"2,7","0,98",0,"0,39","0,0047","6,05","0,003","0,01","4,1","7,2","0,0057","11,5","36,6","2,2","1,88",0,0,0,0,0,0,0,0,"0,005","0,028","0,74","0,053","0,05","5,64","0,02"
"Bière ""de spécialités"" ou d'abbaye, régionales ou d'une brasserie (degré d'alcool variable)","15,32",0,0,0,0,0,0,0,0,"3,2",0,0,"0,63","0,0093","4,9","0,006","0,012","1,5","7,9","0,008","21,5","41,6","0,11","3,7","0,018",0,0,0,0,0,0,0,"0,006","0,019","0,65","0,14","0,045","2,6","0,02"
"Bière ""spéciale"" (506° alcool)","20,57","0,05",0,0,0,0,0,0,0,"4,55",4,0,"0,48","0,0048","5,89","0,004","0,006","1,9","9,84","0,005",25,"48,8","0,9","1,92",0,0,0,0,0,0,0,0,"0,04","0,3","0,8",1,"0,05","7,98",0
Bière blanche,"34,6","0,6",0,0,0,0,0,0,0,"0,43","0,18",0,"0,5","0,0073","3,5","0,006","0,005",20,"7,4","0,02","26,1","50,2",20,"2,9","0,005",0,5,0,0,"0,8",0,"0,5","0,015","0,029","0,21","0,067","0,038","10,1","0,052"
Bière brune,"18,12",0,0,0,0,0,0,0,0,"4,1","4,1",0,"0,43","0,029","6,91","0,07","0,02","4,1","9,55",0,14,45,0,"11,6","0,17",0,0,0,0,0,0,0,"0,005","0,03","0,59","0,11","0,03","8,5",0
Bière faiblement alcoolisée (3° alcool),"20,17","0,05",0,0,0,0,0,0,0,"4,62","0,09",0,"0,31","0,0048","7,08","0,004","0,007","1,25","5,97","0,006","11,3","34,1","0,13","1,9",0,0,0,0,0,0,0,0,"0,005","0,021","0,74","0,043","0,05","5,64","0,02"
Bière forte (>8° alcool),"20,92",0,0,0,0,0,0,0,0,"4,6",0,0,"0,63","0,017","4,3","0,009","0,02","1,5",9,"0,018","18,4","64,2","0,11","6,8","0,013",0,0,0,0,0,0,0,"0,007","0,03","0,47","0,085","0,045","2,6","0,02"
"Bière sans alcool (1,2° alcool)","25,3","0,05",0,0,0,0,0,0,0,"4,89","2,55",0,"0,31","0,0038","4,75","0,003","0,011",1,"6,2","0,0075","9,85","29,3","2,2","1,53",0,0,0,0,0,0,0,0,"0,0028","0,013","0,65","0,047","0,04",5,"0,0089"
"Bigorneau, cuit","96,7","3,5","0,26","1,91","0,61","0,29","0,01","0,03",106,0,0,0,"16,3","0,48","0,2","0,01","0,01",570,"0,05","0,01","0,3","0,3",20,193,"0,05",21,0,"0,25","2,18","2,59",0,"0,5","0,034","0,061","1,3","0,28","0,014","32,7","60,7"
Biscotte briochée,417,"9,28","6,17",0,0,0,0,0,0,69,"9,01","4,85","10,9","0,99",0,0,0,0,0,0,0,0,0,394,0,0,0,0,0,0,0,0,0,0,0,0,0,0,0
Biscotte classique,409,"5,9","1,98","2,61","0,85","0,07","0,01","0,01",0,"76,6","6,8","3,1","9,8","1,27",29,"0,16","1,1",20,24,"0,62",100,160,20,509,"0,79",53,0,"0,25","0,83","2,22",0,0,"0,12","0,01","0,7","0,52","0,081","22,3",0
Biscotte complète ou riche en fibres,393,"6,17","2,61","1,15","0,66","0,033",0,"0,01",0,67,"4,32","8,84","11,7","1,25","40,6",1,"3,1",10,115,2,260,350,5,492,"1,9",0,50,0,"0,68",0,0,0,"0,15","0,13","1,9","0,74","0,14",26,0
Biscotte multicéréale,398,"7,22","2,51","2,37","1,68","0,047",0,"0,01",0,"66,7","5,4","7,08","11,8","1,51","39,5",1,"2,3",10,57,"1,1",233,233,5,597,"1,5",0,50,0,"0,66",0,0,0,"0,16","0,12","1,6","0,58","0,16",29,0
Biscotte sans adjonction de sel,405,"5,88","2,63","0,93","0,36","0,016",0,"0,01","0,02",74,"5,67","5,16","10,4","0,046","23,5","0,18","1,3","6,3","22,5","0,7",121,161,"3,35","18,1",7,0,0,0,"4,7",0,0,0,"0,66","0,22","8,5",0,"0,94",94,0
Biscuit apéritif (aliment moyen),486,"22,3","9,48","6,59","2,4","0,054","0,0038","0,0059",12,"60,3","3,82","3,41","9,2","2,43","34,8",0,"2,2","7,36","31,6",0,101,247,0,999,"0,76",0,0,0,"2,8",0,0,0,"0,34","0,065","1,59",0,"0,46",0,0
"Biscuit apéritif à base de pomme de terre, type tuile salée",521,"28,8","9,02","11,4","5,34","0,088",0,0,"37,7","59,1","2,86","3,31","4,63","1,62",0,0,0,0,0,0,0,0,0,651,0,0,0,0,0,0,0,0,0,0,0,0,0,0,0
Biscuit apéritif feuilleté,509,"26,5","17,5",0,"1,37","0,097",0,0,0,"53,7","1,86","2,69","12,3","2,54",0,0,0,0,0,0,0,0,0,1010,0,0,0,0,0,0,0,0,0,0,0,0,0,0,0
"Biscuit apéritif soufflé, à base de maïs, à la cacahuète",487,"22,9","5,94","7,81","4,7","0,053","0,0076","0,0015",0,"54,8","3,13","3,99","13,3","1,88",0,0,0,0,0,0,0,0,0,749,0,0,0,0,0,0,0,0,0,0,0,0,0,0,0
"Biscuit apéritif soufflé, à base de maïs, sans cacahuète",489,23,"9,66","7,47","3,48","0,068","0,0057","0,0021","5,6","62,1","2,79","3,1","6,96","2,48","55,4","0,2","1,2",11,"38,5","0,42","95,8",371,7,990,"0,5",2,33,"0,5","3,7",0,0,0,"0,17","0,14","3,4","0,62","0,26",42,"0,15"
"Biscuit apéritif soufflé, à base de pomme de terre",484,"24,1","6,34","9,98","2,25","0,1","0,013","0,037",0,"60,5","1,61","3,81","4,25","3,14",31,"0,18","1,37",0,36,"0,27",129,630,"0,8",1250,"0,69",0,0,0,0,0,0,0,"0,25","0,082","2,8","0,53","0,33",69,0
"Biscuit apéritif soufflé, à base de pomme de terre et de soja",409,"9,33","0,9",0,0,0,0,0,0,"58,3","7,17","7,67","17,4","2,08",0,0,0,0,0,0,0,0,0,833,0,0,0,0,0,0,0,0,0,0,0,0,0,0,0
"Biscuit apéritif, crackers, garni ou fourré, au fromage",537,"32,2","19,9","7,12","3,04","0,068","0,0018","0,0058",0,"46,3","5,38","3,37","13,8","1,89",236,0,"3,3",8,"26,5",0,0,148,0,755,"1,4",40,20,0,4,0,0,0,"0,62",0,0,0,"0,62",100,0
"Biscuit apéritif, crackers, nature",499,"23,9","12,1","5,18","1,45","0,034",0,0,"5,9",59,"5,44","3,14","10,5","2,3",28,0,"2,75",8,"30,5",0,89,152,0,919,"0,8",0,0,0,3,0,0,0,"0,42","0,05",1,0,"0,6",0,0
"Biscuit apéritif, crackers, nature, allégé en matière grasse",410,"9,33","4,67","3,32","0,91","0,031",0,0,0,"73,1","3,97","3,67","6,53",3,72,"0,2","2,9",8,29,"0,7",108,152,0,1200,"0,75",0,0,0,"3,2",0,0,0,"0,44","0,27","3,5","1,9","0,56",80,0
"Biscuit apéritif, mini bretzel ou sticks",379,"3,13","1,4","1,27","0,3","0,016","0,01","0,01",0,"74,4","2,02","4,32","11,2","3,73",21,"0,16","1,3",20,28,"0,83",120,160,20,1770,"0,77",0,0,0,"1,09","0,88",0,0,"0,18","0,013","1,03","0,51","0,11",44,"0,038"
"Biscuit aux céréales pour petit déjeuner, enrichis en vitamines et minéraux",445,"15,7","4,12","7,15","2,47","0,68","0,01","0,01","2,96","67,7","23,4","5,3","7,44","0,87",39,"0,24","4,1",20,120,"1,2",220,270,20,348,"1,1",21,5,"0,25","7,74",14,0,"0,5","0,6","0,019","2,61","0,47","0,1","36,9","0,074"
Biscuit de Savoie,256,"0,8","0,12",0,0,0,0,0,0,"56,3",0,"1,5","5,9","1,87",140,"0,078","0,52",25,12,"0,085",324,93,0,749,"0,07",0,20,0,0,0,0,0,"0,1","0,49","0,88","0,2","0,031",3,"0,06"
Biscuit moelleux fourré à l'orange et enrobé de sucre glace,"351,48","1,92","0,86","0,54","0,26","0,049",0,0,"18,4","79,3","52,9",1,"4,25","0,015",0,"0,11","0,7",11,"10,1","0,25",55,81,5,"5,9","0,4",2,30,"0,5","0,7",0,0,1,"0,096","0,051","0,59","0,28","0,52",26,"0,08"
Biscuit pâtissier meringué,"529,98","30,7","18,9",0,0,0,0,0,0,56,"46,1","3,62","7,42","0,3",0,0,0,0,0,0,0,0,0,122,0,0,0,0,0,0,0,0,0,0,0,0,0,0,0
Biscuit pour bébé,439,"12,3","4,35","5,24","1,45","0,29","0,01","0,01","23,5","73,3","24,8","2,4","7,5","0,36",145,"0,16","3,39",20,"31,5","0,44",47,227,"6,3",145,"0,78",21,10,"0,5","2,92",0,0,"0,5","0,63","0,62","5,9","4,69","0,66","31,1","0,28"
"Biscuit sec (génoise) nappage aux fruits, type barquette",341,"2,1","0,75","0,76","0,34","0,01","0,01","0,01","70,9","74,4","51,1","2,8","4,44","0,12",19,"0,04","0,7",5,11,"0,23",66,110,20,48,"0,38",21,"24,4","0,25","0,48","1,51",0,"1,61","0,037","0,055","0,15","0,5","0,013","10,4","0,19"
Biscuit sec à teneur garantie en vitamines,"456,72","14,2","6,07","3,95","3,02","0,25",0,0,"15,5","72,6","23,3","0,75","9,63","0,16",0,"0,28",2,13,54,"1,59",149,275,6,"62,3","1,5",2,30,"0,55","6,3",0,0,3,"2,6","1,8","20,1","0,82","3,35",212,"0,08"
Biscuit sec à teneur garantie en vitamines et minéraux,469,"19,8","8,44","6,71","3,16","0,12",0,0,"1,7","61,9","22,1","3,5","10,8","0,44",0,"0,35","6,4",11,195,"5,69",213,256,8,177,"1,9","0,68",30,"0,5","31,2",0,0,1,"1,7","1,95","2,1","0,61","3,7",157,"0,08"
"Biscuit sec au beurre, sablé, galette ou palet","489,1","22,7","14,7","4,91","1,3","0,11","0,0043","0,005",130,"64,8","24,3","1,99","6,4","0,82","37,7","0,09","1,82",18,14,"0,39",66,88,0,324,"0,49",0,1,0,"2,44",11,0,0,"0,35","0,31","3,28","0,32","0,071",20,0
"Biscuit sec au beurre, sablé, galette ou palet, au chocolat","498,26","25,3",16,"5,47","0,8","0,09","0,01","0,01","63,7",61,"28,9","3,19","6,64","0,77",34,"0,33",7,20,51,"0,65",140,270,20,306,"0,9",116,52,"0,25","2,67",3,0,"0,5","0,1","0,089","0,22","0,35","0,066","25,6","0,41"
Biscuit sec au lait,"432,1","11,5","5,45",0,0,0,0,0,0,"73,9",20,"2,2","8,25","1,14","27,9",0,0,0,0,0,0,0,0,455,0,0,0,0,0,0,0,0,0,0,0,0,0,0,0
"Biscuit sec aux fruits hyposodé, sans sucres ajoutés","467,5","20,7","8,37",0,0,0,0,0,0,"47,6","14,3","2,63","22,7","0,35",20,0,"2,1",0,30,0,170,350,0,137,0,0,0,0,5,0,0,0,"0,6","0,8",5,0,"0,85",95,0
"Biscuit sec aux fruits, hyposodé",431,"15,8","6,8",0,0,0,0,0,0,"61,4","20,2",6,"10,8","0,038",45,"0,1","1,95",12,40,"0,3",160,325,"2,5",15,"0,35",1,7,"0,25","2,5",0,0,0,"1,63","1,95","19,5","10,9","2,4",435,"0,04"
Biscuit sec aux oeufs à la cuillère (cuiller) ou Boudoir,"385,45","3,77","0,99","1,11","0,69","0,036",0,"0,023",109,"79,9","47,9","1,37","7,98","0,41","25,5",1,"1,1",10,"14,3",1,107,109,3,161,1,"7,8",50,"0,2","0,9",0,0,0,"0,05","0,11","0,05","0,6","0,05","9,6","0,36"
Biscuit sec avec nappage chocolat,"500,32",25,"14,9","7,47","1,69","0,047","0,005","0,005",9,"61,9","36,7","2,09","6,93","0,4",45,0,"2,7","7,13","11,7",0,131,193,0,156,"0,89",0,0,0,0,0,0,"0,3",0,0,0,0,0,0,0
Biscuit sec avec tablette de chocolat,"496,58","24,1","15,1","5,6","0,99","0,072","0,005","0,005","26,4","63,3","36,8","2,65","6,62","0,61",94,"0,25","5,3",24,"37,5","0,35",185,218,5,240,"0,8",75,49,"0,5","0,89",0,0,"1,1","0,17","0,28","0,68","0,51","0,2",36,"0,2"
"Biscuit sec chocolaté, préemballé","514,62","26,9","14,2",0,0,0,0,0,0,"61,7","34,3","2,71","6,43","0,5","53,4","0,23","2,66",6,"31,8","0,43",165,221,"2,2",200,"0,69",0,7,0,"1,1",0,0,0,"0,08","0,11","1,3","0,53","0,08",32,0
"Biscuit sec chocolaté, type barquette","478,36","22,8","3,03","12,6","3,79","1,23","0,0043","0,005",0,"60,9","43,1","2,41","7,39","0,4",0,0,0,0,0,0,0,0,0,160,0,0,0,0,0,0,0,0,0,0,0,0,0,0,0
"Biscuit sec chocolaté, type galette","493,66","23,5","13,2",0,0,0,0,0,0,"63,7","28,2","3,01","6,84","0,65",0,0,"3,97",0,"60,5",0,171,0,0,261,0,0,0,0,4,0,0,0,"0,6","0,7",6,0,1,79,0
"Biscuit sec chocolaté, type tartelette","499,6","25,8",16,"6,8","1,61","0,09","0,01","0,01",21,"60,2","29,2","3,24","6,65","0,45",58,"0,29","0,15",20,59,"0,88",160,360,20,178,1,"25,1","7,66","0,25","2,46","4,2",0,"0,5","0,098","0,083","0,32","0,35","0,046","39,1","0,15"
"Biscuit sec croquant (ex : tuile) sans chocolat, allégé en matière grasse","422,12","8,8","2,85","2,61",0,"0,1",0,0,40,"80,1","29,4","2,5","5,63","0,78",199,1,1,10,"25,5",1,239,211,3,311,1,2,50,"0,2","2,07",0,0,0,"0,17","0,11","0,05","0,67","0,05","11,7","0,97"
"Biscuit sec croquant au chocolat, allégé en matière grasse",403,11,"3,18","3,84",0,"0,39",0,0,0,69,"22,4","8,4",7,"2,18",0,0,0,0,90,0,0,0,0,870,0,0,0,0,"3,9",0,0,0,"0,42",0,0,0,"0,6",0,0
"Biscuit sec feuilleté, type palmier ou autres","514,8","27,6","14,4","8,55","2,6","0,23","0,0029","0,005","11,7","60,5","21,6","2,06","6,1","1,01","16,7","0,1","0,4",3,"14,6","0,3","57,6","91,2",5,400,"0,4","26,5",35,"0,92","2,07",0,0,0,"0,15","0,052","0,75","0,29","0,24","34,7","0,08"
Biscuit sec fourré à la pâte ou purée de fruits,"376,51","9,11","3,6","3,74","0,76","0,19","0,005","0,005","3,8","69,2","43,4","3,52","4,43","0,41",64,"0,1",1,12,294,"0,3",37,269,5,160,"0,3",2,7,0,"3,02","5,8",0,"0,5","0,45","0,055","0,63","0,28","0,31",21,"0,08"
"Biscuit sec fourré aux fruits, allégé en matière grasse","384,76","7,2","2,82","2,74",0,"0,14",0,0,13,"75,3",0,3,"4,69","0,58",59,1,1,10,"15,6",1,94,152,3,230,1,2,50,"0,2","3,2",0,0,0,"0,2","0,05","0,05","0,45","0,05","49,6","0,35"
Biscuit sec fourré fruits à coque (non ou légèrement chocolaté),511,"27,2","16,7","6,67","1,64","0,19","0,01","0,01","35,4","59,8","29,7","3,4","5,5","0,37",23,"0,18","1,5",0,28,"0,7",110,210,20,149,"0,59","70,3","19,9","0,25","2,21","4,77",0,"0,5","0,038","0,022","0,12","0,42","0,028","18,9","0,069"
"Biscuit sec nappé aux fruits, tartelette","431,8","14,2","7,98","4,33","1,29","0,038","0,005","0,005",0,"71,3","32,7","2,27","4,7","0,37",0,0,0,0,0,0,0,70,0,146,0,0,0,0,0,0,0,0,0,0,0,0,0,0,0
Biscuit sec nature,"442,98","15,1","6,81","5,58","1,86","0,16",0,0,3,70,"23,6","2,81","6,77","0,84","39,5","0,1","2,12","1,9","15,3","0,47",150,125,"2,2",334,"0,47",0,0,0,"0,26","5,9",0,0,"0,2","0,19","2,34","0,39","0,049","14,9","0,05"
"Biscuit sec ou tuile, aux amandes",471,"18,1","5,65","8,07","2,19","0,05","0,01","0,01","43,6",68,"39,2","2,1","7,8","0,21",49,"0,14","0,81","10,5",40,"0,46",120,170,20,82,"0,67","43,9","44,3","0,25","4,17","1,02",0,"0,5","0,061","0,041","0,23","0,47","0,044","15,3","0,084"
Biscuit sec pauvre en glucides,"424,9","18,5","8,75",0,0,0,0,0,0,"43,8","19,3","11,5","20,8","0,86",0,0,0,0,0,0,0,0,0,345,0,0,0,0,0,0,0,0,0,0,0,0,0,0,0
Biscuit sec petit beurre,"439,14","12,1","7,82","2,37","0,53","0,07","0,01","0,01",40,"74,5","21,5","2,3","8,06","1,16",34,"0,12","0,82",20,18,"0,5",100,150,20,462,"0,52",107,0,"0,25","0,53","1,09",0,"0,5","0,082","0,035","0,1","0,48","0,026","19,1","0,092"
Biscuit sec petit beurre au chocolat,"457,16",16,"9,37","3,72","0,63","0,094","0,008","0,005",0,"71,1","24,5","2,91","7,19","1,21",0,0,0,0,0,0,0,0,0,490,0,0,0,0,0,0,0,0,0,0,0,0,0,0,0
Biscuit sec pour petit déjeuner,"441,14","16,3","2,83","8,21","3,02","0,87","0,01","0,01","2,91","65,8",21,"5,5","7,81","1,19",250,"0,16",4,0,140,"1,1",240,190,20,477,"0,94",21,5,"0,25","3,21","16,9",0,"0,5","0,13","0,01","0,3","0,72","0,071","13,9","0,033"
"Biscuit sec pour petit déjeuner, allégé en sucres","439,92",16,"4,4",0,0,0,0,0,0,"66,3","20,2","6,33","7,68","0,68",200,0,"2,8",0,90,0,200,0,0,270,0,0,0,0,"4,17",0,0,0,"0,28",0,0,0,0,0,0
"Biscuit sec pour petit déjeuner, au chocolat","454,2","16,6","8,75","5,32","1,65","0,11","0,013","0,013","4,95","69,7","29,8","2,8","6,5","0,95","93,6",1,"5,1",10,"76,3","0,75",232,259,"5,4",380,"0,9",2,50,"0,2","3,35",0,0,0,"0,28","0,085","1,5","0,51","0,22","32,5","1,01"
Biscuit sec type langue de chat ou cigarette russe,"430,54","10,7","6,85","2,59","0,79","0,022",0,"0,01",67,"77,9","40,3","1,86","5,66","0,57","21,8","0,12","0,6",2,"15,4","0,4",84,135,2,229,"0,3",2,8,"0,5","1,1",0,0,"0,5","0,11","0,092","0,99","0,31","0,14",41,"0,08"
"Biscuit sec type tuile, aux fruits",384,"8,28","3,69",0,0,0,0,0,0,"74,9","26,9","7,14","5,43","0,7",0,0,0,0,0,0,0,0,0,296,0,0,0,0,"1,5",0,0,0,0,0,0,0,0,0,"0,25"
"Biscuit sec, avec matière grasse végétale","433,92","11,8","6,68","3,09","0,75","0,056",0,0,"21,4","74,7","21,7",4,"7,23","0,72","57,7","0,16","2,16",6,"34,5","0,9",142,"89,7",0,289,"0,92",0,0,0,0,0,0,0,0,0,0,0,0,0,0
"Biscuit sec, petits fours en assortiment","508,96","26,4","6,21","13,9","2,98","0,34","0,08","0,06","20,1","61,4","39,4","2,9","6,44","0,46",55,"0,24","2,6",0,35,"0,42",110,200,20,185,"0,66","27,2","14,6","0,25","2,12","4,26",0,"0,5","0,1","0,14","1,14","0,45","0,031","48,7","0,21"
"Biscuit sec, sablé, galette ou palet, aux fruits","467,82","19,3",11,"5,65","1,66","0,059","0,01","0,01","25,5","67,6",31,"2,74","5,93","0,49",35,"0,19",1,20,32,"0,71",130,210,20,196,"0,66","25,4","10,8","0,25","2,2","1,99",0,"0,5","0,12","0,036","0,18","0,23","0,056","19,6","0,41"
"Biscuit sec, sans précision",473,"20,6","6,09","6,41","1,76","0,37",0,0,65,65,"24,7","2,03","6,9","0,63","26,5","0,13","1,58","2,3",16,"0,66",152,129,24,252,"0,62",0,0,"0,4","0,76","5,9",0,0,"0,2","0,19","2,06","0,34","0,031",14,"0,075"
Blanquette de veau,113,4,"2,03","1,18","0,21","0,02","0,01","0,01","56,6","3,1","0,3","0,8","15,4","0,74",15,"0,07","0,92",20,12,"0,04",110,190,20,295,"3,2",21,736,"0,25","0,37","2,55",0,"0,5","0,062","0,047","1,77","0,33","0,074","23,3","1,59"
"Blé de Khorasan, cru",342,"2,13","0,2",0,0,"0,048",0,0,0,"59,5","7,74","11,1","14,5","0,013",22,"0,51","3,77",0,130,"2,74",364,403,0,5,"3,68",0,5,0,"0,61","1,8",0,0,"0,57","0,18","6,38","0,95","0,26",0,0
"Blé dur entier, cru",343,"2,24","0,37","0,22","0,86","0,06",0,0,0,"62,4","3,17",11,"12,1","0,0088","30,2","0,44","3,51","2,7",130,"3,31",390,408,"4,1","3,5","3,48",0,0,0,"1,4",30,0,0,"0,38","0,12","6,17","1,02","0,39",32,0
"Blé dur précuit cuisiné, en sachet micro0ondable",188,"4,84","1,11",0,0,0,0,0,0,"29,5","2,21","2,58","4,93","1,16",0,0,0,0,0,0,0,0,0,463,0,0,0,0,"8,99",0,0,0,"0,72","0,016",3,0,"0,12",118,0
"Blé dur précuit, entier, cru",359,"1,83","0,37",0,0,0,0,0,"0,37","67,7","0,83","6,67","13,7","0,01",55,"0,4",0,0,50,"3,4",238,950,0,4,0,0,0,0,0,0,0,0,"1,11",0,"8,4","0,6","0,3",331,0
"Blé dur précuit, grains entiers, cuisiné, à poêler",344,"1,59","0,69",0,0,0,0,0,0,"67,2","2,64","6,28","11,1","1,51",0,0,0,0,0,0,0,0,0,603,0,0,0,0,0,0,0,0,0,0,0,0,0,0,0
"Blé dur précuit, grains entiers, cuit, non salé",149,"0,9","0,23","0,25","0,31","0,02","0,01","0,01","0,16","27,4",0,"3,8","5,54","0,013",21,"0,17","0,78",20,28,"0,8",96,99,20,5,"0,71",0,5,0,"0,08",0,0,"0,5","0,061","0,01","0,26","0,29","0,052","10,2",0
"Blé germé, cru",211,"1,27","0,21",0,0,0,0,0,0,"41,4",0,"1,1","7,49","0,04",28,"0,26","2,14",0,82,"1,86",200,169,0,16,"1,65",0,0,0,0,0,0,"2,6","0,23","0,16","3,09","0,95","0,27",38,0
Blé khorasan complet soufflé,378,"1,96","0,52","0,54","0,48","0,024",0,0,0,"80,5",0,"4,4","6,68","0,027",0,0,0,0,0,0,0,0,0,"10,8",0,0,0,0,0,0,0,0,0,0,0,0,0,0,0
"Blé tendre entier ou froment, cru",0,0,0,0,"0,81",0,0,0,0,0,0,0,0,0,0,0,0,0,0,0,0,0,0,0,0,0,0,0,0,0,0,0,0,0,0,0,0,0,0
Bleu de Gex ou Fromage bleu du Haut0jura ou Bleu de septmoncel (AOC),364,"30,7","20,2",0,0,0,0,0,0,0,0,0,"22,5","1,44",600,0,0,0,0,0,0,0,0,575,0,0,0,0,0,0,0,0,0,0,0,0,0,0,0
Blini,"259,52","11,2","3,19","2,89","0,95","0,06",0,"0,01","24,7","33,7","3,14","2,35","5,98","1,32","38,9","0,1","0,6",30,"14,2","0,3",116,137,5,521,"0,45",23,0,"0,5","2,4",0,0,0,"0,11","0,12","0,73","0,35","0,07",33,"0,28"
Boeuf aux carottes,"96,6","3,15","1,21","1,47","0,39","0,02",0,0,47,"3,3","0,6","1,1","13,2","0,58","15,9","0,1","0,9","3,5","11,3","0,1",95,119,"3,2",231,"3,5",0,456,0,"0,4",0,0,2,"0,07","0,16","1,77","0,44","0,16","9,5","0,8"
Boeuf bourguignon,"84,6","3,3","0,88","0,71","0,22","0,022",0,"0,01",64,"4,17","1,57","1,25","8,93","0,88","16,9","0,053","1,75","3,8","13,3","0,054",215,230,"2,58",354,"2,91",10,0,"0,5","0,6",0,0,"0,8","0,07","0,1","2,3","0,3","0,23",11,"0,6"
"Boeuf, à bourguignon ou pot0au0feu, cru",164,"7,5","2,7",0,0,0,0,0,0,0,0,0,24,"0,1",18,0,"2,1",0,0,0,0,0,0,"41,8",0,0,0,0,0,0,0,0,0,0,0,0,0,0,0
"Boeuf, à bourguignon ou pot0au0feu, cuit",172,"4,05","2,77",0,"0,087","0,014","0,0022","0,0078",75,0,0,0,34,"0,15",0,0,"4,3",6,0,0,171,0,"4,1",0,"9,7",0,0,0,"0,51",0,0,0,"0,04",0,"2,6","0,5","0,24","4,5","1,2"
"Boeuf, basse0côte, crue",201,"13,2","5,94","4,54","0,14","0,05","0,0017",0,0,"1,45","0,5",0,19,"0,17",0,0,"2,75",0,0,0,0,0,"8,68",68,"5,97",0,0,0,0,0,0,0,0,0,0,0,0,0,"1,22"
"Boeuf, bavette d'aloyau, crue",133,"5,67","2,2","1,72","0,13","0,028",0,0,65,0,0,0,"20,4","0,085","14,2","0,072","3,31",0,22,"0,012",195,328,11,"34,4","6,8",0,0,0,"0,31","1,2",0,0,"0,066","0,1","4,17","0,61","0,26",11,"3,12"
"Boeuf, bavette d'aloyau, grillée/poêlée",162,"6,94","2,73","2,14","0,17","0,035",0,"0,0015",53,0,0,0,25,0,0,0,"3,38",0,"24,8",0,0,0,"13,5",0,"8,33",0,0,0,"0,54",0,0,0,"0,06",0,"4,17","0,38","0,26",0,"3,12"
"Boeuf, boule de macreuse, crue",118,"3,36","1,23","0,95","0,094","0,018",0,0,59,0,0,0,"21,8","0,097","4,95","0,09","2,86",0,22,0,192,354,"10,7","37,9","4,59",0,0,0,"0,13",0,0,0,"0,12","0,19","4,43",0,"0,44",7,"1,89"
"Boeuf, boule de macreuse, grillée/poêlée",144,"4,11","1,53","1,19","0,12","0,023",0,"0,0028",0,0,0,0,"26,7",0,0,0,"2,86",0,0,0,0,0,13,0,"5,62",0,0,0,0,0,0,0,0,0,"4,42",0,"0,44",0,"1,89"
"Boeuf, boule de macreuse, rôtie/cuite au four",147,"4,2","1,59","1,23","0,12","0,024",0,"0,0029",0,0,0,0,"27,3",0,0,0,"3,03",0,0,0,0,0,"13,3",0,"5,74",0,0,0,0,0,0,0,0,0,"4,42",0,"0,44",0,"1,89"
"Boeuf, boulettes cuites",217,"13,3","4,88","4,31","0,24","0,043",0,0,37,"5,65",2,"0,63","18,5","1,13",29,"0,083","2,2","9,01","26,9","0,15",172,326,"5,66",452,"2,88","19,3",160,"0,2","0,38",0,0,"6,94","0,072","0,1","2,8","0,48","0,23","25,8","1,23"
"Boeuf, braisé",240,"12,4","5,72",0,"0,31","0,015",0,0,0,0,0,0,"32,1","0,15",0,0,"5,9",6,"24,3",0,0,0,0,0,"10,5",0,0,0,0,0,0,0,0,0,0,0,0,0,0
"Boeuf, collier, braisé",184,"5,8","1,97","1,64","0,3","0,015","0,0054","0,00039",59,0,0,0,33,0,0,0,"4,5",0,0,0,0,0,"5,9",0,"9,3",0,0,0,"0,62",0,0,0,"0,04",0,"3,9","1,2","0,28",0,"1,9"
"Boeuf, collier, cru",198,"12,7","5,41","4,87","0,16","0,072","0,006",0,0,"0,78","0,5",0,"20,1","0,17",0,0,"2,42",0,0,0,0,0,"6,64","67,5","6,06",0,0,0,0,0,0,0,0,0,0,0,0,0,"1,3"
"Boeuf, côte, crue",251,"19,6",0,0,0,0,0,0,0,0,0,0,"18,7","0,16",11,0,"2,8","2,4",18,0,188,355,0,65,0,0,0,0,0,0,0,0,"0,08","0,17","4,5",0,"0,42","6,9","1,4"
"Boeuf, entrecôte, crue",231,"17,1","8,07","5,02","0,19","0,053",0,0,69,0,0,0,"19,4","0,075","5,44","0,066","2,21","1,1","19,5","0,011",154,270,"8,13","29,8","4,25","14,5",0,"0,45","0,66","1,5",0,0,"0,069","0,2","3,91","0,6","0,29",4,"1,85"
"Boeuf, entrecôte, partie maigre, grillée/poêlée",198,"10,7","4,75","3,22","0,16","0,037","0,0059","0,00018",45,"0,1",0,0,"25,5","0,15",12,"0,085","2,55",6,23,0,200,279,"12,3",58,"6,34",7,0,"0,1","0,58","1,6",0,0,"0,07","0,15","4,4","0,22","0,34",6,"1,85"
"Boeuf, épaule, crue",168,"9,64","4,02","3,79","0,23","0,099","0,001",0,65,0,0,0,"20,4","0,17","7,38","0,073","2,29","0,95","22,5","0,012",192,342,"7,25","67,5","5,46","8,67",0,"0,55","0,32","1,5",0,0,"0,057","0,19","5,38","0,77","0,5",5,"1,84"
"Boeuf, faux0filet, cru",152,"6,74",0,0,0,0,0,0,"67,3","0,6",0,0,"22,3","0,082","9,28","0,076","2,26","0,9","21,3","0,011",189,318,"10,6","32,2","3,26",19,0,"0,55","0,37","1,4",0,0,"0,059","0,15","5,77","0,73","0,48","9,6","1,19"
"Boeuf, faux0filet, grillé/poêlé",182,"8,17","3,39","2,59","0,12","0,03","0,003","0,0013",60,0,0,0,"27,1","0,14",20,"0,081","2,26",6,22,"0,009",209,336,"12,9",56,"3,95",0,0,"0,2","0,44","1,6",0,0,"0,04","0,13","5,77","0,3","0,48",8,"1,19"
"Boeuf, faux0filet, rôti/cuit au four",194,"8,71","3,62","2,76","0,13","0,032",0,"0,0013",0,0,0,0,"28,8",0,0,0,"2,41",0,0,0,0,0,"13,8",0,"4,21",0,0,0,0,0,0,0,0,0,"5,77",0,"0,47",0,"1,19"
"Boeuf, filet, cru",132,"4,95","2,06","1,7","0,12","0,022","0,005",0,0,"0,22","0,5",0,"21,6","0,15",0,0,"2,57",0,0,0,0,0,"8,83","61,8","3,22",0,0,0,0,0,0,0,0,0,0,0,0,0,"1,73"
"Boeuf, gîte à la noix, cru",148,"7,05","2,72","2,57","0,12","0,079",0,0,68,0,0,0,"21,3","0,14","10,3","0,086","1,85","0,9",22,"0,012",185,334,"6,5","54,3","4,16",3,0,"0,4","0,29","1,4",0,0,"0,063","0,13","6,09","0,75","0,56",9,"1,45"
"Boeuf, gîte à la noix, cuit",102,"1,9","0,8",0,0,0,0,0,0,"0,2",0,0,21,0,0,0,0,0,0,0,0,0,0,0,0,0,0,0,0,0,0,0,0,0,0,0,0,0,0
"Boeuf, hampe, crue",154,"8,63","3,91","2,42","0,19","0,039","0,005","0,002",71,0,0,0,19,"0,15",6,"0,17","3,68",0,19,"0,17",142,242,"11,8","59,3","4,51",4,0,"0,1","0,15","1,5",0,0,"0,1","0,56","3,97","1,13","0,29",3,"4,61"
"Boeuf, hampe, grillée/poêlée",174,"9,76","4,36","2,7","0,21","0,043",0,"0,0026",0,0,0,0,"21,6",0,0,0,"3,79",0,0,0,0,0,"13,4",0,"5,11",0,0,0,0,0,0,0,0,0,"3,93",0,"0,28",0,"4,6"
"Boeuf, jarret, bouilli/cuit à l'eau",161,"4,1","1,13",0,0,0,0,0,50,0,0,0,31,0,0,0,"3,9",0,0,0,0,0,"2,8",0,11,0,0,0,"0,53",0,0,0,"0,03",0,"3,2","0,4","0,21",0,"1,2"
"Boeuf, jarret, cru",122,"4,25","1,22","1,43","0,14","0,0076",0,0,59,0,0,0,"20,9","0,14",5,"0,074","1,96",0,24,"0,011",215,363,0,54,"5,32",0,0,0,"0,21",0,0,0,"0,071","0,19","5,01","0,73","0,53",11,"4,49"
"Boeuf, joue, braisée ou bouillie",236,"8,82","3,19","2,38","0,41","0,071",0,"0,0099",0,0,0,0,"39,2",0,0,0,"2,04",0,0,0,0,0,"25,3",0,"4,75",0,0,0,0,0,0,0,0,0,"4,67",0,"0,096",0,"7,23"
"Boeuf, joue, crue",136,"5,02","1,81","1,35","0,23","0,04",0,0,0,"0,4",0,0,"22,3","0,18",0,0,"3,18",0,0,0,0,0,"14,4",71,"2,7",0,0,0,0,0,0,0,0,0,"4,67",0,"0,15",0,"7,24"
"Boeuf, onglet, cru",138,"6,18","2,76","2,11","0,12","0,03","0,0033",0,0,"0,62","0,5",0,"19,9","0,18",0,0,"3,63",0,0,0,0,0,"8,12","70,9","4,67",0,0,0,0,0,0,0,0,0,0,0,0,0,"3,6"
"Boeuf, onglet, grillé",171,"8,8",0,0,0,0,0,0,76,0,0,0,23,0,0,0,4,0,0,0,0,0,"4,1",0,6,0,0,0,"0,53",0,0,0,"0,09",0,"4,8","1,4","0,43",0,"3,9"
"Boeuf, paleron, braisé ou bouilli",251,"11,4","4,5","3,57","0,23","0,054","0,004","0,0014",113,"0,2",0,0,"36,8","0,17",14,"0,14","1,63",0,22,"0,025",230,298,"17,7",67,"9,57",7,0,"0,1","0,11","1,6",0,0,"0,083","0,28","3,67","0,91","0,15",8,"2,77"
"Boeuf, paleron, cru",144,"6,54","2,59","2,05","0,13","0,031",0,0,67,0,0,0,"21,2","0,12","7,45","0,087","2,5",0,25,"0,012",223,343,"10,2",49,"5,51",3,0,"0,1","0,2","1,5",0,0,"0,08","0,21","3,67","0,86","0,27",3,"2,77"
"Boeuf, plat de côtes, braisé",269,"13,3","5,58","4,06","0,19","0,044","0,003","0,0011",66,0,0,0,"37,3","0,13",12,"0,099","1,41",0,15,"0,013",162,224,"18,4",50,"8,02",0,0,"0,7","0,29","2,4",0,0,"0,03","0,15","4,87",1,"0,23",5,"2,57"
"Boeuf, plat de côtes, cru",287,"23,7","10,6","7,28","0,22","0,06",0,0,76,0,0,0,"18,4","0,12",9,"0,053","1,9",0,14,"0,011",137,232,"6,68",49,"3,08",0,0,0,0,0,0,0,"0,071","0,12","3,72","0,24","0,25",5,"2,57"
"Boeuf, queue, bouillie/cuite à l'eau",196,"9,3","3,72",0,0,0,0,0,82,0,0,0,28,0,0,0,"2,9",0,0,0,0,0,0,0,8,0,0,0,"0,16",0,0,0,"0,02",0,"2,1","0,23","0,15",0,"1,1"
"Boeuf, queue, crue",203,"12,9","4,41","5,47","0,15","0,042","0,005",0,0,"0,23","0,5",0,"21,5","0,28",0,0,"2,55",0,0,0,0,0,"5,45",111,"4,52",0,0,0,0,0,0,0,0,0,0,0,0,0,"1,47"
"Boeuf, rond de gîte, cru",111,"2,02","0,73","0,69","0,045","0,017","0,01",0,0,"0,38","0,5",0,"22,9","0,15",0,0,"2,08",0,0,0,0,0,"6,9","60,2","3,28",0,0,0,0,0,0,0,0,0,0,0,0,0,"0,93"
"Boeuf, rosbif, rôti/cuit au four",117,"3,16","0,62","0,67","0,09","0,023",0,0,"18,1","0,3",0,0,"21,9","0,1","10,1","0,1","3,1",5,32,"0,012",203,369,"16,1","70,4","5,43",0,0,0,"0,2",0,0,0,"0,1","0,12","6,1","1,8","0,66","9,1","1,3"
"Boeuf, rumsteck, cru",114,"2,5","0,78","0,86","0,081","0,031","0,00095","0,00047",63,"0,4",0,0,"22,5","0,13","7,33","0,067","2,48","0,9","16,5","0,0075",195,326,"9,3","50,5","3,54",6,0,"0,5","0,29","1,5",0,0,"0,062","0,21","6,17","0,58","0,57",5,"1,52"
"Boeuf, rumsteck, grillé",123,"2,5","0,74",0,0,0,0,0,35,0,0,0,25,0,0,0,"2,9",0,0,0,0,0,"4,6",0,"4,2",0,0,0,"0,44",0,0,0,"0,1",0,"7,3","1,5","0,56",0,"1,5"
"Boeuf, steak haché 10% MG, cru",171,"10,1","2,88",0,"0,21","0,051",0,0,65,"0,05",0,0,20,"0,16",12,"0,072","2,24","6,8",20,"0,01",184,321,"13,9","64,7","4,79",4,0,"0,1","0,17","0,8","6,7",0,"0,042","0,15","5,07","0,6","0,37",6,"2,21"
"Boeuf, steak haché 10% MG, cuit",210,"11,8","4,63",0,0,"0,045",0,0,88,0,0,0,"26,1","0,17",13,"0,09","2,71","6,1",22,"0,013",202,333,0,68,"6,37",3,0,0,"0,12","1,1",0,0,"0,044","0,18","5,66","0,66","0,4",8,"2,56"
"Boeuf, steak haché 15% MG, cru",209,"14,1","5,71","4,65","0,2","0,049","0,002","0,001",67,"0,47",0,0,"20,2","0,1","9,33","0,069","2,64",1,20,"0,011",171,302,"6,78","41,7","4,8","9,5",0,"0,35","0,26","1,3",0,1,"0,048","0,17","4,1","0,51","0,2","5,75","1,9"
"Boeuf, steak haché 15% MG, cuit",239,"16,1","7,08","5,93","0,3","0,055","0,003","0,001","76,3",0,0,0,"23,6","0,21",15,"0,078","2,6","6,1","29,5","0,06",198,318,5,"84,3","4,9",3,0,0,"0,12","1,2",0,0,"0,046","0,18","5,2","0,66","0,29",9,"2,3"
"Boeuf, steak haché 20% MG, cru",249,20,"7,99",0,0,"0,051",0,0,71,0,0,0,"17,3","0,16","12,7","0,061","1,94","6,8",17,"0,01",158,270,"12,7",64,"4,18",4,0,"0,1","0,17","1,8",0,0,"0,043","0,15","4,23","0,5","0,32",7,"2,14"
"Boeuf, steak haché 20% MG, cuit",265,"19,2","8,14","7,49","0,27","0,073",0,0,"76,4","0,14",0,0,23,"0,19",24,"0,08","2,48","6,1",20,"0,011",115,304,"19,4",75,"4,3",3,0,0,"0,12","1,6",0,0,"0,047","0,18","5,18","0,66","0,27","27,4","3,31"
"Boeuf, steak haché 5% MG, cru",130,"4,59","1,64","1,44","0,11","0,024",0,0,62,"0,3",0,0,"21,9","0,097",7,"0,082","2,65","0,8",22,"0,011",184,353,"6,72","37,8","4,54",4,0,"0,25","0,2","0,3",0,0,"0,048","0,17","4,7","0,64","0,34",6,"2,12"
"Boeuf, steak haché 5% MG, cuit",155,"5,85","2,67","2,27","0,18","0,036","0,0059","0,0029",88,0,0,0,"25,5","0,16",7,"0,096","2,83","6,1",22,"0,014",180,347,0,65,"6,43",3,0,0,"0,12","1,3",0,0,"0,042","0,18","5,94","0,66","0,41",7,"2,47"
"Boeuf, steak haché, cuit (aliment moyen)",231,"15,1","6,65","5,6","0,29","0,053","0,0032","0,001","77,5","0,0018",0,0,"23,8","0,21","14,3","0,08","2,62","6,1","28,6","0,054",195,321,"2,75","82,2","5,05",3,0,0,"0,12","1,21",0,0,"0,046","0,18","5,27","0,66","0,31","9,04","2,33"
"Boeuf, steak ou bifteck, cru",223,"16,2","6,75","5,87","0,32","0,13",0,0,67,0,0,0,"19,2","0,15",6,"0,071","1,93",1,"19,8","0,012",174,307,"6,5","58,7","4,03",15,0,"0,6","0,48",0,0,0,"0,075","0,16","4,44","0,52","0,42","5,77","2,18"
"Boeuf, steak ou bifteck, grillé",128,"1,95","0,9","0,83","0,051","0,0032",0,0,"91,3",0,0,0,"27,6","0,16","7,07","0,076","2,21",6,"28,9","0,012",0,371,10,"63,9","5,39",0,0,0,0,0,0,0,0,0,"5,15",0,"0,46",0,"2,7"
"Boeuf, tende de tranche, crue",116,"2,34","0,8","0,64","0,068","0,014","0,004","0,002","61,5","0,57",0,0,"23,1","0,078","7,93","0,061","2,75","0,9",17,"0,006",196,329,"10,1","31,1","3,46",3,0,"0,4","0,23","1,5",0,0,"0,06","0,18","5,21","0,63","0,51","5,5","1,16"
"Boeuf, tende de tranche, grillée/poêlée",141,"2,92","0,98","0,79","0,083","0,017",0,"0,0025",0,0,0,0,"28,7",0,0,0,"2,75",0,0,0,0,0,"12,6",0,"4,32",0,0,0,0,0,0,0,0,0,"5,21",0,"0,51",0,"1,16"
"Boeuf, tende de tranche, rôtie/cuite au four",146,"3,03","1,03","0,83","0,088","0,018",0,"0,0027",0,0,0,0,"29,8",0,0,0,"2,93",0,0,0,0,0,13,0,"4,48",0,0,0,0,0,0,0,0,0,"5,21",0,"0,5",0,"1,16"
"Bogue, crue",90,"2,03",0,0,0,0,0,0,38,0,0,0,"17,9","0,28","52,5","0,33","2,3",60,"22,5","0,12",230,309,0,110,"0,96",0,0,0,0,0,0,0,"0,08","0,1","5,4","0,21","0,46",0,2
"Boisson à base d'avoine, nature, préemballée","42,6","1,1","0,2","0,36","0,5","0,01","0,01","0,01",0,"7,8",5,"0,5","0,46","0,066",1,"0,01","0,02",20,"2,3","0,04",11,32,20,"26,4","0,05",0,5,"0,25","0,37","0,8",0,"0,5","0,029","0,01","0,1","0,079","0,01","6,39",0
Boisson à base de plantes pour bébé,"29,7","0,5","0,0002","0,0002","0,0002","0,0002","0,0002","0,0002",700,"5,8","4,97","0,5","0,5","0,0017","6,61","0,0045","0,0083",20,"2,55","0,0055","2,8","4,38",1,"0,67","0,005",21,10,"0,5","0,08",0,0,"0,5","0,01","0,01","0,18","0,74","0,01",5,"0,012"
"Boisson à l'amande, nature, non sucrée, non enrichie, préemballée","36,3","3,2","0,31",2,"0,62","0,01","0,01","0,01",0,"0,68",0,"0,5","1,06","0,051",12,"0,05","0,1",20,"8,3","0,05",16,31,20,"20,5","0,11",0,5,"0,25","0,96","0,8",0,"0,5","0,015","0,016","0,16","0,028","0,01",5,0
"Boisson à l'amande, sucrée, enrichie en calcium, préemballée","44,4","2,8","0,58","1,52","0,49","0,01","0,01","0,01",0,"3,96","3,44","0,5","0,69","0,095",54,"0,04","0,35",20,12,"0,05",20,32,20,"38,1","0,12",0,5,"0,25","0,67","0,8",0,"0,5","0,015","0,012","0,11","0,02","0,01",5,0
"Boisson à l'eau minérale ou de source, aromatisée, non sucrée, avec édulcorants","2,238","0,086",0,0,0,0,0,0,0,"0,28",0,"0,067","0,086","0,012",0,0,0,0,0,0,0,0,0,"4,67",0,0,0,0,0,0,0,0,0,0,0,0,0,0,0
"Boisson à l'eau minérale ou de source, aromatisée, non sucrée, sans édulcorant","0,8",0,0,0,0,0,0,0,0,"0,14",0,0,"0,06","0,019",0,0,0,0,5,0,0,3,0,"7,17",0,0,0,0,0,0,0,0,0,0,0,0,0,0,0
"Boisson à l'eau minérale ou de source, aromatisée, sucrée","15,038","0,086",0,0,0,0,0,0,0,"3,48","3,48","0,044","0,086","0,012","11,7","0,005",0,1,"2,3",0,"0,001","0,33","0,5","4,74",0,0,0,0,0,0,0,0,0,0,0,0,0,0,0
"Boisson à la châtaigne, nature, préemballée","68,9","1,4","0,18","0,45","0,67","0,01","0,01","0,01",0,"13,5","9,01","0,61","0,42","0,077",77,"0,02","0,22",20,"9,3","0,17",11,42,20,"30,6","0,12",0,5,"0,25","0,51","0,8",0,"0,5","0,016","0,01","0,25","0,16","0,01",5,0
"Boisson à la noix de coco, nature, préemballée","31,4","2,1","1,87","0,12","0,04","0,01","0,01","0,01",0,"2,75","2,46","0,5","0,42","0,089","2,7","0,02","0,05",20,"2,1","0,03","3,9",14,20,"35,6","0,05",0,5,"0,25","0,08","0,8",0,"0,5","0,015","0,01","0,1","0,007","0,01",5,0
Boisson au jus de fruit et au lait,"47,5","0,3","0,2","0,09","0,01","0,01","0,01","0,01","0,5","9,63","9,63",3,"0,56","0,03","57,4","0,1","0,2",1,"8,1","0,1",19,"68,4",0,12,"0,1",2,0,"0,5","0,23",0,0,9,"0,01","0,035","0,11","0,085","0,04","9,2","0,08"
"Boisson au riz, nature, préemballée","53,7",1,"0,11","0,27","0,56","0,01","0,01","0,01",0,"10,8","5,6","0,5","0,46","0,074",5,"0,01","0,01",20,"3,3","0,03",10,16,20,"29,5","0,05",0,5,"0,25","0,48","0,8",0,"0,5","0,015","0,01","0,18","0,15","0,01",5,0
"Boisson au soja et jus de fruits concentrés, préemballée","56,2",1,0,0,0,0,0,0,"0,5","9,5","5,8",0,"2,3","0,22",0,0,0,0,0,0,0,0,0,87,0,0,0,0,0,0,0,0,0,0,0,0,0,0,0
"Boisson au soja, aromatisée, sucrée, enrichie en calcium, préemballée","42,8","1,8","0,28","0,34","0,89","0,13","0,01","0,01",0,"2,89","2,7","1,1","3,01","0,12",53,"0,1","0,4",20,21,"0,1",48,137,20,"47,9","0,2",0,"8,91","0,25","0,16","2,52",0,"0,5","0,015","0,055","0,12","0,11","0,064","7,31",0
"Boisson au soja, aromatisée, sucrée, non enrichie, préemballée","60,5","1,92","0,3","0,36","0,75","0,097","0,00077","0,00077","0,7","7,24","6,72","0,6","2,96","0,12",12,"0,11","0,51",20,18,"0,18",49,140,50,"48,7","0,3",21,2,"0,5","0,11","3,53",0,0,"0,025","0,01","0,1","0,068","0,021","5,4","0,014"
"Boisson au soja, nature, enrichie en calcium, préemballée","44,2","2,05","0,26","0,36","0,88","0,12","0,00082","0,00082","0,7","2,18","2,18",1,"3,42","0,097",98,"0,09","0,45",20,13,"0,17",81,86,50,"38,8","0,24",21,0,"1,16",0,"3,55",0,0,"0,025","0,01","0,1","0,033","0,022","22,3",0
"Boisson au soja, nature, non enrichie, préemballée","37,1","2,07","0,26","0,37","0,88","0,12","0,00083","0,00083","0,7","0,7","0,4","0,6","3,31","0,061",12,"0,11","0,41",20,16,"0,19",50,110,50,"24,3","0,29",21,2,"0,5","0,11","3,81",0,1,"0,025","0,01","0,18","0,058","0,034","26,1",0
"Boisson au thé, aromatisée, à teneur réduite en sucres",0,0,0,0,0,0,0,0,0,0,0,0,0,0,0,0,0,0,0,0,0,0,0,0,0,0,0,0,0,0,0,0,0,0,0,0,0,0,0
"Boisson au thé, aromatisée, non sucrée, avec édulcorants","1,416",0,0,0,0,0,0,0,0,"0,34","0,32",0,"0,014","0,099",0,0,0,0,"2,3",0,0,0,0,"40,3",0,0,0,0,0,0,0,0,0,0,0,0,0,0,0
"Boisson au thé, aromatisée, sucrée","27,3","0,022",0,0,0,0,0,0,0,"6,76","6,52",0,"0,033","0,058",2,"0,0027","0,0099","0,4","1,2","0,072",0,"12,9",10,"22,8","0,015",0,0,0,0,0,0,0,0,0,0,0,0,0,0
"Boisson au thé, aromatisée, sucrée, avec édulcorants","21,2",0,0,0,0,0,0,0,0,"5,3","5,3",0,0,0,0,0,0,0,0,0,0,0,0,0,0,0,0,0,0,0,0,0,0,0,0,0,0,0,0
"Boisson au thé, aromatisée, teneur en sucre et édulcorant inconnue (aliment moyen)","27,3","0,0092",0,0,0,0,0,0,0,"6,11","5,9",0,"0,028","0,061","1,8","0,0024","0,0089","0,36","1,31","0,065",0,"11,6","4,5","24,5","0,013",0,0,0,0,0,0,0,0,0,0,0,0,0,0
Boisson aux fruits pour bébé dès 4/6mois,"44,5","0,5","0,0002","0,0002","0,0002","0,0002","0,0002","0,0002",700,"9,5","8,23","0,5","0,5","0,0017","6,94","0,031","0,063",20,"5,34","0,077","5,9","70,3",1,"0,67","0,026",21,"13,1","0,5","0,13","0,8",0,"26,8","0,025","0,01","0,17","0,029","0,01","11,4","0,01"
"Boisson cacaotée ou au chocolat, instantanée, sucrée, enrichie en vitamines, prête à boire (reconstituée avec du lait demi0écrémé standard)","71,9","1,71","0,99","0,38","0,039","0,0098",0,0,0,"9,91",0,"0,5","4,08",0,0,0,0,0,0,0,0,0,0,0,0,0,0,0,0,0,0,0,0,0,0,0,0,0,"0,07"
"Boisson cacaotée ou au chocolat, instantanée, sucrée, prête à boire (reconstituée avec du lait demi0écrémé standard)","69,3","1,42","0,85","0,33","0,035","0,0081",0,0,7,"9,5",0,"1,7","3,78","0,12","97,1","0,11","0,87","24,3","27,5","0,1",0,239,10,"46,2","0,5","15,3",0,"0,083","0,046",0,0,0,"0,037","0,16","0,15","0,34","0,03","3,2","0,085"
"Boisson concentrée à diluer, sans sucres ajoutés, avec édulcorants, type ""sirop 0%""","21,7","0,5",0,0,0,0,0,0,0,"2,76","0,66","0,7","0,5","0,028","6,6","0,01","0,04",20,2,"0,02","2,2",57,20,11,"0,05",0,5,0,"0,08","0,8",0,"0,5","0,027","0,01","0,49","0,17","0,01",5,0
Boisson diététique pour le sport,"22,5","0,14",0,0,0,0,0,0,0,"5,26","5,26",0,"0,05","0,13",0,0,0,0,0,0,0,"6,24",0,"50,2",0,0,0,0,0,0,0,0,0,0,0,0,0,0,0
"Boisson énergisante, non sucrée, avec édulcorants","4,992","0,1",0,0,0,0,0,0,0,"0,95","0,45",0,"0,073","0,17",0,0,0,0,0,0,0,0,0,"68,3",0,0,0,0,0,0,0,0,0,"0,65","8,2",2,"1,64",0,0
"Boisson énergisante, sucrée","48,4",0,0,0,0,0,0,0,0,"11,9","11,7","0,1","0,2","0,11",0,0,0,0,0,0,0,0,0,"46,2",0,0,0,0,"1,8",0,0,40,"0,21","0,52","6,08","1,76","1,05",0,"0,63"
"Boisson gazeuse à la pomme (de 50 à 99% de fruits), non sucrée",30,0,0,0,0,0,0,0,0,"7,5","6,5",0,0,"0,00025","2,92","0,01","0,1","0,7","1,94",0,3,"60,3","0,05","0,1","0,01",0,2,0,0,0,0,0,"0,01","0,006","0,01","0,02","0,01",4,0
"Boisson gazeuse aux fruits (à moins de 10% de jus), non sucrée, avec édulcorants","3,222","0,13",0,0,0,0,0,0,0,"0,45","0,43",0,"0,063","0,022",0,0,0,0,0,0,0,"8,3",0,10,0,0,0,0,0,0,0,0,0,0,0,0,0,0,0
"Boisson gazeuse aux fruits (à moins de 10% de jus), non sucrée, sans édulcorant","16,68",0,0,0,0,0,0,0,0,"4,17",4,0,0,"0,002",0,0,0,0,0,0,0,0,0,5,0,0,0,0,0,0,0,0,0,0,0,0,0,0,0
"Boisson gazeuse aux fruits (à moins de 10% de jus), sucrée","40,663","0,051",0,0,0,0,0,0,0,"9,97","9,74","0,005","0,081","0,025",0,0,0,0,2,0,0,0,0,"9,73",0,0,0,0,0,0,0,0,0,0,0,0,0,0,0
"Boisson gazeuse aux fruits (à moins de 10% de jus), sucrée, avec édulcorants",28,0,0,0,0,0,0,0,0,7,7,0,0,"0,0075",0,0,0,0,0,0,0,0,0,3,0,0,0,0,0,0,0,0,0,0,0,0,0,0,0
"Boisson gazeuse aux fruits (de 10 à 50% de jus), non sucrée, avec édulcorants","5,978","0,014",0,0,0,0,0,0,0,"1,39","1,26",0,"0,073","0,017","6,37",0,0,0,"1,99",0,0,"63,7",0,"6,28",0,0,0,0,0,0,0,"3,89","0,01",0,"0,03",0,"0,04",0,0
"Boisson gazeuse aux fruits (de 10 à 50% de jus), sucrée","46,6","0,028",0,0,0,0,0,0,0,"11,3","9,92",0,"0,067","0,033","4,63","0,0065","0,025","0,4","2,67","0,0043",1,"26,5",10,"13,5","0,014",0,10,0,0,0,0,0,0,0,0,0,0,0,0
"Boisson gazeuse aux fruits (de 10 à 50% de jus), sucrée, avec édulcorants","15,588",0,0,0,0,0,0,0,0,"3,83","3,64",0,"0,067","0,058",0,0,0,0,0,0,0,0,0,"23,4",0,0,0,0,0,0,0,12,0,0,0,0,0,0,0
"Boisson gazeuse aux fruits (teneur en jus non spécifiée), sucrée (aliment moyen)","46,6","0,03",0,0,0,0,0,0,0,"11,2","9,91","0,00043","0,068","0,032","4,63","0,0065","0,025","0,4","2,61","0,0043",1,"26,5",5,"13,2","0,014",0,10,0,0,0,0,0,0,0,0,0,0,0,0
"Boisson gazeuse, sans jus de fruit, non sucrée, avec édulcorants","0,84",0,0,0,0,0,0,0,0,"0,16","0,16",0,"0,05","0,031",20,"0,005","0,05",1,0,"0,002",3,6,"0,001","12,5","0,013",0,0,0,0,0,0,0,0,0,0,0,0,0,0
"Boisson gazeuse, sans jus de fruit, sucrée","37,1","0,078",0,0,0,0,0,0,0,"8,67","8,67",0,"0,14","0,091","11,5","0,012","0,12","2,9",1,"0,013",3,"3,5","0,029","36,4","0,032",0,0,0,0,0,0,0,0,0,0,0,0,0,0
"Boisson gazeuse, sans jus de fruit, sucrée, avec édulcorants","27,2",0,0,0,0,0,0,0,0,"6,8","6,8",0,0,0,0,0,0,0,0,0,0,0,0,0,0,0,0,0,0,0,0,0,0,0,0,0,0,0,0
Boisson infantile céréales lactées (aliment moyen),"86,3","2,78","1,19","0,94","0,46","0,048","0,00015","0,00015",0,"12,6","4,71","1,1","2,22","0,066","63,4","0,24","5,51",0,"54,5","0,4","48,1",258,"1,62","26,6","0,73",0,0,"1,51","0,85",0,0,"9,59","0,12","0,14","0,89",0,"0,12","15,1","0,28"
Boisson infantile céréales lactées aux fruits pour le goûter dès 4/6 mois,"67,6",3,"1,23","1,05","0,51","0,063","0,0002","0,0002","2,04","7,7","6,8","1,5","1,75","0,096","70,5","0,055","0,87",20,"7,64","0,021",49,119,"2,1","38,4","0,63","66,3",10,"1,21","1,27",0,0,"3,92","0,089","0,14","0,85","0,44","0,066","11,8","0,14"
Boisson infantile céréales lactées aux légumes pour diner dès 12 mois,"174,77","8,93",0,0,0,0,0,0,0,"23,6","16,2","1,45",0,"0,094","68,6","0,035","0,63",0,"8,27","0,041",203,122,"1,2","37,6","0,41",0,0,"3,4","6,77",0,0,27,"0,28","0,39","1,87",0,"0,25","33,3","0,69"
Boisson infantile céréales lactées aux légumes pour dîner dès 4/6 mois,"82,1","2,83","1,42","0,92","0,3","0,029","0,0002","0,0002","1,36","11,6","3,71","0,9","2,14","0,09","93,5",0,"1,22",20,"6,5",0,52,0,0,"35,9","0,58","59,6",496,"1,38","1,43","9,06",0,"6,28","0,081","0,18","1,13","0,55","0,085","34,6","0,34"
Boisson infantile céréales lactées pour le petit déjeuner,"85,5","2,89","1,23","0,97","0,49","0,052","0,0002","0,0002","1,28","12,7","4,7","0,6","1,9","0,083",71,0,"1,2",20,"6,5",0,52,0,0,33,"0,7","53,1","12,8","1,53","1,42",0,0,"5,19","0,092","0,18","1,22","0,54","0,11","34,9","0,44"
Boisson infantile céréales lactées pour le petit déjeuner dès 12 mois,"86,3","2,78","1,19","0,94","0,46","0,048","0,0002","0,0002",0,"12,6","4,7","1,1","2,23","0,066","63,3","0,24","5,51",0,"54,9","0,4",48,259,"1,63","26,5","0,73",0,0,"1,51","0,86",0,0,"9,56","0,12","0,14","0,89",0,"0,12","15,1","0,28"
Boisson infantile céréales lactées pour le petit déjeuner dès 4/6 mois,"83,7","2,7","1,26","0,87","0,33","0,029","0,01","0,01",0,"12,1","5,7",3,"1,98","0,08","49,7","0,086","5,85",0,"18,1","0,4","55,5",115,"1,53",32,"0,55",0,0,"1,53","0,86",0,0,"10,8","0,12","0,15","0,79",0,"0,12","14,3","0,26"
Boisson infantile céréales lactées pour le petit déjeuner dès 8/9 mois,"84,2","2,8","1,26","0,92","0,41","0,03","0,01","0,01",0,"11,6","5,57",3,"2,36","0,083",127,"0,067","2,37",0,"9,68","0,077",48,"84,1",1,33,"0,93",0,0,"1,6","0,74",0,0,16,"0,12","0,16","0,74",0,"0,085",12,"0,12"
Boisson infantile lactées aux fruits pour le goûter dès 4/6 mois (sans céréales),"75,5","2,6","1,15","0,89","0,36","0,039","0,01","0,01",0,"10,4","5,78",3,"1,85","0,048","63,7","0,049","0,75",0,"6,53","0,021",0,95,"2,25",19,"0,58",0,0,0,0,0,0,0,0,0,0,0,0,0,0
"Boisson lactée aromatisée (arôme inconnu), sucrée, au lait partiellement écrémé, enrichie et/ou restaurée en vitamines et/ou minéraux (aliment moyen)","69,84","1,08","0,68",0,0,0,0,0,0,"12,1","11,5","0,045","2,93","0,098",122,0,0,0,0,0,0,0,0,"38,9",0,0,0,"0,77",0,0,0,0,0,"0,2",0,0,0,0,"0,34"
"Boisson lactée aromatisée à la fraise, sucrée, au lait partiellement écrémé, enrichie à la vitamine D","52,6","0,45","0,3",0,0,0,0,0,"2,7",10,10,0,"2,17","0,14","76,6","0,06",1,66,"9,3","0,05",72,125,"1,9",56,"0,4",2,50,"0,5","0,1",0,0,"0,96","0,04","0,16","0,16","0,71","0,05",5,"0,25"
"Boisson lactée aromatisée au chocolat, sucrée, au lait partiellement écrémé, enrichie et/ou restaurée en vitamines et/ou minéraux","63,8","0,99","0,7","0,24","0,02","0,005","0,005","0,005","7,5","10,8","9,45",1,"2,75","0,095",85,"0,11","0,3","15,4",17,"0,036",99,185,"1,34","38,1","0,44",39,11,"0,64","0,042","0,2",0,0,"0,041","0,17","0,15","0,44","0,027","2,6","0,21"
"Boisson lactée, lait fermenté ou yaourt à boire, aromatisé, avec édulcorants, allégé en sucres, 0% MG, au L Casei","27,06","0,1","0,018",0,0,0,0,0,0,"3,64","3,56","0,35","2,9","0,11",0,0,0,0,0,0,0,0,0,42,0,0,0,"0,75",0,0,0,0,0,0,0,0,"0,21",0,0
"Boisson lactée, lait fermenté ou yaourt à boire, aromatisé, sucré","73,7","1,4","0,95","0,2","0,013","0,0024","0,00066","0,00066","5,46","11,6","11,3","0,028","2,98","0,08",115,"0,01","0,12",20,11,"0,01",82,140,20,"31,3","0,42",21,7,"0,75","0,08","0,8",0,"0,5","0,038","0,14","0,1","0,33","0,029","5,12","0,2"
"Boisson lactée, lait fermenté ou yaourt à boire, aromatisé, sucré, au L Casei","75,72","1,52","1,05",0,0,0,0,0,0,"12,7","12,5","0,033","2,81","0,1",120,0,0,0,0,0,0,0,0,"40,5",0,0,0,"0,81",0,0,0,0,0,0,0,0,"0,21",0,0
"Boisson lactée, lait fermenté ou yaourt à boire, aromatisé, sucré, enrichi en vitamine D","73,52","1,2","0,74",0,0,0,0,0,0,"12,6",12,0,"3,08","0,091",134,0,0,0,0,0,0,0,0,"36,1",0,0,0,"0,83",0,0,0,0,0,"0,21",0,0,0,0,"0,38"
"Boisson lactée, lait fermenté ou yaourt à boire, aux fruits, sucré","82,8","1,69","1,06",0,0,0,0,0,0,"13,1","12,8","0,079","3,09","0,12",133,"0,004","0,13",11,10,"0,002",82,116,1,"46,9","0,3",15,7,"0,75","0,05",0,0,"0,5","0,031","0,16","0,11","0,29","0,05",28,"0,07"
"Boisson lactée, lait fermenté ou yaourt à boire, aux fruits, sucré, enrichie en vitamine D","81,22","1,5","0,97",0,0,0,0,0,0,"13,9","13,5","0,11","3,03","0,1",172,0,0,0,0,0,0,0,0,40,0,0,0,"1,14",0,0,0,0,0,"0,21",0,0,0,0,"0,38"
"Boisson lactée, lait fermenté ou yaourt à boire, nature, sucré, au L Casei","77,04","1,6","1,05","0,21","0,019","0,0047","0,00034",0,5,"12,9","12,9","0,05","2,76","0,1","99,1","0,1","0,1","9,6","7,8","0,1",66,112,5,40,"0,3",8,8,"0,5","0,015",0,0,"0,5","0,021","0,14","0,07","0,23","0,036","8,9","0,095"
"Boisson plate aux fruits (10 à 50% de jus de jus), sucrée, avec édulcorants","24,68",0,0,0,0,0,0,0,0,"6,17","6,17",0,0,"0,033",0,0,0,0,0,0,0,0,0,"13,3",0,0,0,0,0,0,0,0,0,0,0,0,0,0,0
"Boisson plate aux fruits (10 à 50% de jus), à teneur réduite en sucres","20,786","0,01",0,0,0,0,0,0,0,"5,16","5,06",0,"0,014","0,019",0,0,0,0,0,0,0,"1,6",0,"7,45",0,0,0,0,0,0,0,0,0,0,0,0,0,0,0
"Boisson plate aux fruits (10 à 50% de jus), non sucrée, avec édulcorants","6,9","0,1",0,0,0,0,0,0,0,"1,4","1,3","0,1","0,1","0,033",0,0,0,0,0,0,0,0,0,"13,3",0,0,0,0,0,0,0,0,0,0,0,0,0,0,0
"Boisson plate aux fruits (10 à 50% de jus), sucrée","41,46","0,06",0,0,0,0,0,0,0,"10,1","9,76","0,041","0,13","0,067","2,5","0,1","0,1",1,"2,4","0,1",10,"20,1","2,2",28,"0,1",0,2,0,0,0,0,"12,8","0,01","0,01","0,04","0,04","0,04","6,2",0
"Boisson plate aux fruits (à moins de 10% de jus), sucrée","18,9","0,1",0,0,0,0,0,0,0,"4,4","4,38","0,1","0,1","0,017",0,0,0,0,0,0,0,0,0,"6,86",0,0,0,0,0,0,0,0,0,0,0,0,0,0,0
"Boisson plate aux fruits (teneur en jus non spécifiée), sucrée","45,83","0,07",0,0,0,0,0,0,0,"11,2","10,6",0,"0,1","0,0018",13,"0,02","0,1",1,"4,6","0,007",5,48,0,"0,7","0,06",0,0,0,0,0,0,"4,33","0,043","0,01","0,9",0,"0,055",10,0
"Boisson plate aux fruits, (à moins de 10% de jus), non sucrée, avec édulcorants","5,25","0,13",0,0,0,0,0,0,0,"0,96","0,96","0,05","0,06","0,05",0,0,0,0,0,0,0,0,0,"19,9",0,0,0,0,0,0,0,0,0,0,0,0,0,0,0
"Boisson préparée à partir de boisson concentrée à diluer, non sucrée, avec édulcorants, type ""sirop 0%"", diluée dans l'eau","11,68",0,0,0,0,0,0,0,0,"2,42","0,83",0,"0,5","0,074",0,0,0,0,0,0,0,"61,3",0,"29,7",0,0,0,0,0,0,0,0,0,0,0,0,0,0,0
"Boisson préparée à partir de sirop à diluer type menthe, fraise, etc, sucré, dilué dans l'eau","31,02",0,0,0,0,0,0,0,0,"7,7","7,7",0,"0,055","0,012","7,55","0,004","0,025",0,"2,71","0,001","0,5","5,06",0,"4,94","0,01",0,2,0,0,0,0,"1,3","0,001","0,0011","0,0071","0,0033","0,0025","1,51",0
Boisson rafraîchissante sans alcool (aliment moyen),"30,498","0,042","0,0074",0,0,0,0,0,"0,06","7,42","7,26","0,025","0,11","0,028","6,22","0,01","0,066","1,16","2,5","0,012","6,02","11,3","1,21","11,3","0,02","0,21","1,32","0,0099","0,0092",0,0,"1,78","0,0034","0,0081","0,047","0,018","0,0085","1,3","0,0054"
Bonbon / bouchée au chocolat fourrage gaufrettes / biscuit,511,"29,4","17,8",0,0,0,0,0,"2,81","55,1","42,9","4,92","6,5","0,32",40,0,"3,6",0,0,0,0,0,0,128,0,0,0,0,0,0,0,1,0,0,0,0,0,0,0
"Bonbon au caramel, mou","418,96","8,04","5,62","1,39","0,17","0,013",0,"0,01","9,1","83,7","60,4","0,88","2,95","0,46","95,6","0,1","0,55","22,2","17,4","0,1","77,4",154,5,182,"0,3",0,0,"0,5","0,23",0,0,"0,5","0,04","0,14","0,15","0,23","0,16","31,8","0,08"
Bonbon dur au caramel,"348,84",6,"4,14",0,0,"0,1",0,0,0,"72,5","72,5",0,"1,21","1,12",0,0,0,0,0,0,0,0,0,449,0,0,0,0,0,0,0,0,0,0,0,0,0,0,0
Bonbon dur et sucette,"385,51","0,35","0,28",0,"0,007","0,05",0,0,0,"95,4","74,9","0,17","0,19","0,07",3,"0,029","0,3","0,3",3,"0,01",3,5,0,"27,4","0,01",0,0,0,0,0,0,0,"0,004","0,003","0,007","0,008","0,003",0,0
Bonbon gélifié,"348,17","0,25","0,15","0,044","0,015","0,0024",0,"0,01",0,"80,2","68,1","0,5","6,28","0,051",9,"0,09",0,"0,3",2,"0,01",0,85,0,"9,07","0,04",0,0,0,0,0,0,0,0,0,0,0,0,0,0
"Bonbons, tout type","409,88","6,32","3,79",0,"0,025","0,0083","0,0025","0,0025",0,"86,5","64,4","0,63","1,75","0,15","26,5","0,06","0,69",12,"19,6","0,066",15,"68,4",10,"61,5","0,13",0,0,0,0,0,0,0,0,0,0,0,0,0,0
"Bonite, crue",161,"8,01","2,11","4,12","0,26","0,18","0,45","0,087",0,0,0,0,"22,3","1,35",16,"0,26","2,08",0,10,"0,1",0,35,0,540,"0,68",0,0,0,0,0,0,0,0,0,0,0,0,0,0
"Bouchée à la reine, à la viande/volaille/quenelle",292,"18,9","9,66","5,7","1,46","0,22","0,01","0,01","36,3","23,5","2,6","1,65","6,12","1,27",40,"0,06","0,42",20,12,"0,19",86,170,20,498,"0,54","48,2",108,"0,25","1,29","3,14",0,"0,5","0,09","0,087","0,79","0,39","0,044","7,4","0,19"
"Bouchée à la reine, au poisson et fruits de mer",206,"13,8","7,41",0,0,0,"0,1","0,21","44,1","13,4","2,43","1,05","6,72","1,13","70,1","0,13","1,2","28,3","18,8","0,08","91,2",144,"4,95",451,"0,78","80,3","21,3","0,77","1,12",0,0,"0,9","0,068","0,11","1,14","0,38","0,079","10,5","1,25"
"Bouchée à la reine, garnie (aliment moyen)",249,"16,3","8,53",0,0,0,"0,054","0,11","40,2","18,4","2,52","1,35","6,42","1,2","55,1","0,093","0,81","19,2","15,4","0,14","88,6",157,"7,48",475,"0,66","64,2","64,7","0,45","1,21",0,0,"0,58","0,079","0,097","0,97","0,39","0,062","8,95","0,72"
Bouchée chocolat fourrage fruits à coques et/ou praliné,"554,7","34,7","13,6",0,0,0,0,0,0,"51,5","46,2","2,1","9,1","0,34",275,0,0,0,52,0,262,0,0,130,0,0,0,0,0,0,0,0,0,0,0,0,0,0,0
"Bouchées ou émincé au soja et blé  (ne convient pas aux véganes ou végétaliens), préemballé",185,7,"0,55","3,68","1,7","0,38","0,01","0,01",2,"8,19","2,07","5,24","17,6","1,24",74,"0,2","1,8",20,59,"0,73",190,570,20,494,"0,94",21,5,"0,25","1,75","6,32",0,"2,86","0,15","0,11","1,12","0,37","0,095","45,6","0,13"
"Bouchées ou émincé végétal au soja et blé (convient aux véganes ou végétaliens), préemballé",157,"3,7","0,66","1,11","1,47","0,17","0,01","0,01",0,"6,76","2,57","4,86","19,5","1,68",72,"0,54","2,8",20,84,1,220,680,20,670,2,0,5,"0,25","0,36","6,74",0,"0,5","0,1","0,066","0,79","0,86","0,12","48,7",0
"Boudin antillais, à cuire","231,3","16,5","6,9",0,0,0,0,0,0,"9,2","5,1",0,"11,5","1,22",0,0,0,0,0,0,0,0,0,544,0,0,0,0,0,0,0,0,0,0,0,0,0,0,0
"Boudin blanc truffé, à cuire",227,"17,8","7,4",0,0,0,0,0,0,"4,8","1,7","1,4","11,3","1,48",54,0,"1,9",0,"15,1",0,0,142,0,711,"1,3",0,0,0,0,0,0,0,0,0,0,0,0,0,0
"Boudin blanc, à cuire",229,21,"7,89",0,0,0,0,0,0,0,"3,64",0,10,"1,42",0,0,0,0,0,0,0,0,0,523,0,0,0,0,0,0,0,0,0,0,0,0,0,0,0
"Boudin blanc, sauté/poêlé","211,86","17,1","6,6","8,06","1,89","0,11",0,"0,019","61,4","4,6",2,0,"9,89","1,64","43,8","0,1","0,45","35,1","10,9","0,1",134,160,5,655,"0,9",14,0,"0,61","0,46",0,0,"0,5","0,16","0,14","1,87","0,38","0,11","20,7","0,54"
"Boudin noir, à cuire",313,"27,1","9,57",0,"2,92","0,22",0,0,"82,5","4,5","1,12","1,42","12,2","1,29","22,4","0,3","17,4",5,"6,84","0,2",137,162,8,574,"0,37",0,0,"0,25","0,12",0,0,0,"0,034","0,13","0,41",0,"0,1","2,22","0,19"
"Boudin noir, sauté/poêlé",246,"20,3","7,46","7,87","2,19","0,29","0,01","0,01","73,8","3,78","2,86",0,"11,9","1,31","27,2","0,1","22,8",40,"8,5","0,1","27,2",155,11,525,"0,7",7,80,"0,75","0,13",0,0,0,"0,052","0,062","0,53","0,16","0,094","25,4","0,2"
"Boudin, sauté/poêlé (aliment moyen)",246,"19,4","7,2","7,93","2,1","0,24","0,005","0,0091","70,1","4,02","2,6",0,"11,3","1,41","32,2","0,05","16,1","38,5","9,22","0,05",59,157,"8,46",564,"0,76","9,09",28,"0,71","0,23",0,0,"0,075","0,084","0,085","0,93","0,17","0,097",24,"0,3"
"Bouillon de boeuf, déshydraté",240,"13,3","7,03","2,6","0,96","0,038",0,0,"4,8","19,7","3,95","0,65","10,2",33,"32,7","0,12","0,35",5,"21,9","0,1",127,344,"4,6",13200,"0,32",0,0,0,"2,17",0,0,0,"1,38","0,23","2,09","0,48","0,29","76,3","0,34"
"Bouillon de boeuf, déshydraté reconstitué","9,05","0,15","0,057","0,068","0,0072",0,0,0,0,"1,33","0,33",0,"0,6","0,74","5,25","0,041","0,15",0,2,"0,027","0,01","0,01",0,290,"0,048",0,0,0,"0,01",0,0,0,"0,0029","0,015","0,55","0,016","0,0083","1,75","0,065"
"Bouillon de légumes, déshydraté reconstitué","5,38","0,16","0,14",0,0,0,0,0,0,"0,65","0,19",0,"0,34","0,61",1,0,"0,1",0,2,"0,01",0,8,0,240,0,0,2,0,0,0,0,0,"0,11","0,01","0,1",0,0,1,0
"Bouillon de viande et légumes type pot0au0feu, dégraissé, déshydraté",197,"3,1","1,08","1,58","0,25","0,01","0,01","0,01","12,8","30,9","2,2",0,"10,8","48,2",34,"0,02","0,29",20,16,"0,07",140,600,20,19300,"0,21",21,"44,7","0,25","0,98","11,8",0,0,"0,98","0,92","2,49","0,42","0,017","30,2","0,63"
"Bouillon de viande et légumes type pot0au0feu, déshydraté",213,"11,1","5,85","1,64","2,36","0,025",0,0,0,"17,7","2,87","0,67","10,3","54,1",0,0,0,0,0,0,0,511,0,21600,0,0,0,0,0,0,0,0,0,0,0,0,0,10,0
"Bouillon de viande et légumes type pot0au0feu, non dégraissé, déshydraté",212,"5,4","1,4","2,68","0,96","0,01","0,01","0,01","4,55","28,9","2,8",0,"11,6","48,4",23,"0,02","0,33",20,15,"0,08",100,300,20,19400,"0,17",21,"42,7","0,25","1,98","9,07",0,0,"0,015","0,053","2,41","0,33","0,018","20,4","0,47"
"Bouillon de viande et légumes type pot0au0feu, prêt à consommer","4,8","0,4","0,2",0,0,0,0,0,0,"0,1",0,0,"0,2","1,08",1,0,"0,1",0,2,"0,01",1,15,0,430,0,0,0,0,0,0,0,0,"0,06","0,01",0,"0,02","0,01",12,"0,05"
"Bouillon de volaille, déshydraté",233,"11,5","6,75","1,76","0,34","0,022",0,"0,0016",0,"20,8","5,38","0,58","11,3","49,6",0,0,0,0,0,0,0,0,0,19800,0,0,0,0,0,0,0,0,0,0,0,0,0,0,0
"Bouillon de volaille, déshydraté reconstitué","5,58","0,13","0,083",0,0,0,0,0,0,"0,5","0,18","0,0001","0,6","0,78",5,0,"0,05",0,1,"0,01",0,10,0,312,"0,01",1,0,0,0,0,0,0,"0,005","0,01","0,1","0,02",0,1,"0,01"
Boules de maïs soufflées au miel (non enrichies en vitamines et minéraux),393,"2,35","0,6","1,42","0,18","0,01","0,01","0,01","0,89","86,2","30,9","2,3","5,71","0,71",86,"0,06",7,20,21,"0,18",73,110,20,287,"0,48",21,"59,1","0,25","0,45","0,8",0,"0,5","0,9","1,2","13,3",5,"1,2",166,"2,1"
"Boules de maïs soufflées au miel, enrichies en vitamines et minéraux",384,"1,8","0,35","0,55","0,75","0,02","0,01","0,01",0,"85,3",27,"2,1","5,5","0,84",291,0,"7,18",3,10,0,180,70,0,335,"0,4",0,0,"1,7",10,0,0,68,1,"1,26","14,2","5,28","1,33",173,"1,92"
Boulette d'Avesne,355,30,"19,8","5,87","0,53","0,18","0,02","0,01","83,1",0,0,0,"20,9","1,99",600,"0,07","0,47",20,26,"0,1",460,150,20,797,"2,9",277,0,"0,25",1,"8,25",0,0,"0,015","0,38","0,1","1,08","0,36",103,"1,31"
"Boulette végétale au soja et/ou blé, préemballée",211,"10,6","1,11","4,29","4,21","0,24","0,01","0,01","5,19","7,98","3,47","5,45","17,6","1,51",73,"0,22","2,4",20,64,"0,85",170,620,20,605,1,21,56,"0,25","4,61","12,9",0,"0,5","0,048","0,086","0,25","0,22","0,057","27,8","0,078"
"Boulettes au boeuf et à l'agneau (type kefta), préemballées, crues",247,"15,7","5,81","6,55","0,92","0,34","0,01","0,01","56,2","9,46","1,2","0,8","15,7","1,03",24,"0,1","2,4",20,26,"0,33",150,330,20,413,"3,1",21,"72,6","0,25","1,04","13,5",0,0,"0,015","0,01","3,12","0,43","0,13","56,6","1,75"
"Boulettes au boeuf, à la sauce tomate, préemballées",117,"6,5",0,0,0,0,0,0,0,"5,5",0,0,9,0,0,0,0,0,0,0,0,0,0,0,0,0,0,0,0,0,0,0,0,0,0,0,0,0,0
"Boulettes au porc et au boeuf (à la suédoise), préemballées, crues",260,"18,6","6,99","7,36","1,66","0,28","0,01","0,01","55,3","7,78","0,8","0,8","14,4","1,51",12,"0,06","1,2",20,16,"0,18",130,250,20,603,"2,1",21,"6,95","0,25","0,33","3,65",0,0,"0,026","0,01","3,65","0,46","0,15","19,2","1,25"
"Boulgour de blé, cru",351,"1,71","0,27","0,21","0,71","0,05",0,0,0,"66,8","0,41","9,57","11,5","0,043","34,3","0,33","2,46","2,7",140,"3,32",285,410,"4,1",17,"2,37",0,5,0,"0,73",16,0,0,"0,23","0,12","5,11","1,07","0,35",24,0
"Boulgour de blé, cuit, non salé",111,"0,5","0,11","0,07","0,23","0,01","0,01","0,01",0,"21,7",0,"2,2","3,73","0,018",14,"0,16","0,55",20,22,"0,46",66,95,20,7,"0,73",0,5,0,"0,08","0,5",0,"0,5","0,047","0,01","0,34","0,19","0,039","10,8",0
"Brèdes chou de Chine ou bok choy ou pak choï, tiges et feuilles, cuites à la vapeur, prélevées à La Réunion (Brassica rapa subsp. Chinensis)","17,7","0,3","0,01","0,01","0,01","0,01","0,01","0,01",0,"1,7","0,4","1,3","1,69","0,038",88,"0,04","0,93",20,17,"0,25",28,330,20,15,"0,28",0,1760,0,"1,5","53,8",0,"9,54","0,026","0,061","0,36","0,18","0,073","71,9",0
"Brème, cru",104,4,"0,78",0,"0,076","0,094",0,0,66,0,0,0,"16,9","0,11",63,"0,028","0,44",7,26,"0,087",210,350,24,43,"0,42",14,0,"5,5","1,3",0,0,0,"0,07","0,07",4,0,0,0,0
Bresaola,165,"4,3","2,04",0,0,0,0,0,65,0,0,0,"31,6","3,46",35,0,"7,1",0,0,0,200,323,0,1390,"4,1",0,0,"0,5","0,13",0,0,0,"0,12","0,6","2,4",0,"0,53",19,0
"Bretzel, pain frais",330,"7,1","0,95","3,62","1,41","0,45","0,01","0,01",0,"54,6","3,58","3,8","9,18","3,35",53,"0,13","0,84",0,25,"0,55",170,170,20,1340,"0,88",0,5,0,"1,37","5,54",0,"0,5","0,15","0,038","0,68","0,6","0,075","26,4",0
"Brick à l'oeuf, fait maison, cuit",255,"18,1",0,0,0,0,0,0,264,"12,3","1,6","0,5","10,4","1,35","70,7","0,05","1,4",31,"13,8","0,08",141,132,"9,6",538,"0,83",122,100,"1,24",7,0,0,"3,6","0,06","0,38","0,32","1,09","0,1",92,"0,81"
"Brick à la pomme de terre, fait maison, cuit",215,"13,4",0,0,0,0,0,0,31,"19,6","1,5","1,7","3,25",1,"26,4","0,07","0,6","5,9","13,8","0,11",54,252,"1,5",400,"0,26",14,45,"0,14","7,7",0,0,"8,8","0,08","0,06","1,06","0,49","0,19",21,"0,09"
Brick au boeuf,342,17,0,0,0,0,0,0,75,"33,5","3,2","6,8","10,4","3,76",0,"0,06","5,2",15,"29,8","1,8",119,221,"3,6",1510,"1,53",28,9,"0,28","6,6",0,0,"3,1","0,07","0,15","1,58","0,48","0,16",23,"0,62"
"Brick garni (garniture : crevettes, légumes, volaille, viande, poisson, etc.), fait maison, cuit",187,"11,5","2,77",0,0,0,"0,033","0,035","85,3","8,48","0,72","0,59","12,2","1,41","32,8","0,13","1,03","12,9","21,5","0,15",115,183,"9,35",565,"0,9","45,7","88,2","0,51","4,95",0,0,"2,93","0,057","0,12","2,9","0,6","0,19","16,6","0,67"
Brie de Meaux,271,"20,7","14,5","3,46","0,33","0,08","0,01","0,01","83,6",0,"0,2",0,"21,4","2,02",310,"0,01","0,15",50,15,"0,02",310,120,20,806,"2,3",153,"42,1","0,25","0,44","0,8",0,"0,5","0,015","0,58",0,"0,36","0,094",115,"1,28"
Brie de Melun,288,"22,2","15,2","4,21","0,32","0,05","0,01","0,01","88,9",0,"0,2",0,22,"1,89",180,"0,03","0,08",70,17,"0,02",280,210,20,755,"0,84",218,"71,4","0,25","0,57","1,91",0,"0,5","0,029","0,57",0,"0,66","0,26",140,"1,89"
"Brie, sans précision",297,"25,5","16,3","4,54","0,51","0,2","0,019",0,"95,8",0,0,0,"17,3","1,51",424,"0,045","0,36","13,8",20,"0,1",282,145,"6,41",599,"2,38",204,9,"0,39","0,47","2,3",0,0,"0,06","0,43","0,38","0,69","0,24","77,7","0,76"
"Brioche (ou briochettes) aux pépites de chocolat, préemballée",348,"11,2","0,92","7,61","1,99","0,01","0,01","0,01","42,8","51,6",17,3,"8,56","0,94",52,"0,21","3,5",0,31,"0,5",110,170,20,376,"0,84",21,"78,1","0,25","1,93","8,88",0,"0,5","0,1","0,062","0,7","0,39","0,029","22,3","0,16"
Brioche fourrée au chocolat,351,"11,6","6,82",0,0,0,0,0,0,"53,2","21,1","2,17","7,47","0,86",0,0,0,0,0,0,0,0,0,353,0,0,0,0,0,0,0,0,0,0,0,0,0,0,0
"Brioche fourrée aux fruits, préemballée",346,"12,1","7,2","3,13","0,81","0,078",0,"0,01",0,"50,5","18,4","3,8","6,9",1,"14,7",0,0,0,0,0,0,0,0,400,0,0,0,0,0,0,0,0,0,0,0,0,0,0,0
"Brioche fourrée crème pâtissière (type ""chinois""), préemballée",300,"8,41","4,93",0,0,0,0,0,0,"49,2","20,7","1,5","6,22","0,68",0,0,0,0,0,0,0,0,0,274,0,0,0,0,0,0,0,0,0,0,0,0,0,0,0
"Brioche pur beurre, préemballée",366,14,"8,69","2,84","0,74","0,09","0,01","0,01",105,"51,6","13,4","1,1",8,"0,96",30,"0,08","0,85",20,19,"0,41",96,110,20,384,"0,72",105,132,"0,25","0,49","1,52",0,"0,5","0,14","0,068","0,1","0,43","0,052","48,4","0,22"
"Brioche, de boulangerie traditionnelle",374,"14,7","8,51",0,0,"0,16",0,0,99,"49,2",0,3,"9,81","1,47",30,"0,082","1,15",10,"25,5","0,35",140,198,10,590,"0,68",63,58,"0,2","1,2",0,0,0,"0,05","0,17","0,87","0,67","0,09",42,"0,53"
"Brioche, préemballée",354,"11,8","5,01","3,88","1,33","0,4","0,01","0,01","59,3","52,7","12,7","2,2","8,13",1,32,"0,11","0,94",20,18,"0,39",91,120,20,401,"0,74","57,9",158,"0,25","1,93","6,97",0,"0,5","0,14","0,053","0,6","0,34","0,032","23,9","0,21"
"Brioche, sans précision",401,"19,1","7,84","3,18","0,73","0,15",0,0,109,46,"5,7","0,5","11,3","1,13","41,2","0,12","1,65","31,8","19,7","0,44",138,178,"4,13",451,"0,76","83,5",240,"0,5","2,04",0,0,"0,5","0,11","0,2","1,42","0,92","0,12",53,"0,32"
"Brochet, cru","83,7","0,94","0,26",0,"0,033","0,011","0,033","0,074","43,8",0,0,0,"18,8","0,13",33,"0,09","0,9","15,3",21,"0,15",176,228,"12,7","51,9","0,97",21,0,"4,33","0,45","0,1",0,"3,6","0,076","0,058","1,83","0,75","0,13",15,2
"Brochet, rôti/cuit au four",100,"0,88","0,15",0,0,0,"0,088","0,18",50,0,0,0,"23,1","0,12",73,"0,058","0,71",12,40,"0,28",282,331,0,49,"0,77",24,0,"2,7",0,0,0,"3,8","0,067","0,077","2,8","0,81","0,14",16,"2,15"
Brochette d'agneau,112,"5,1","1,41",0,0,0,0,0,"39,6","2,54","1,57","2,6","12,6","0,48","15,8","0,061","1,34","2,59","19,5","0,042",109,240,"1,37",190,"0,87",0,135,0,"0,5",0,0,"11,7","0,079","0,15","3,71","0,43","0,18","8,61","0,93"
Brochette de boeuf,191,"12,9","3,12",0,0,0,0,0,"42,8","1,02",0,1,"17,1","0,13","7,8","0,062","1,8","4,49",21,"0,021",172,307,"7,02",50,"1,17",0,"76,5",0,"0,66",0,0,"9,46","0,062","0,21","3,02","0,28","0,32","14,2","1,39"
"Brochette de boeuf, cuite",139,"5,2","1,8","2,03","0,51","0,12","0,01","0,01","60,2","0,33",0,3,"21,9","0,86",23,"0,1","2,4",20,25,"0,08",200,430,20,345,"4,4",21,0,"0,25","0,65","3,71",0,"10,8","0,041","0,14","4,72","0,54","0,31","19,8","1,94"
Brochette de crevettes,"93,5","1,5","0,1",0,0,0,"0,05","0,084",120,"1,5",0,0,"18,5","0,35",100,"0,01","1,7","31,5","36,8","0,085",153,169,"4,92",140,"0,51","7,22","71,5","0,21","1,96",0,0,"8,33","0,034","0,038","1,79","0,25","0,11","10,1","1,14"
Brochette de poisson,127,"5,71","0,98",0,0,0,"0,11","0,23","43,5","0,86","0,85","0,29",18,"0,56","26,5","0,026","0,72","65,5","28,4","0,049",190,320,"11,7",223,"0,25","18,4","59,8","1,41","1,02",0,0,"6,33","0,074","0,067","2,84","0,29","0,26",12,"2,03"
"Brochette de porc, crue",131,"6,5","2,4",0,0,0,0,0,0,"2,1","1,1",1,"15,6","0,81",0,0,0,0,0,0,0,0,0,324,0,0,0,0,0,0,0,0,0,0,0,0,0,0,0
Brochette de volaille,195,13,2,0,0,0,0,0,"56,9","0,8",0,0,"18,6","0,29",14,"0,042",1,"3,74","22,2","0,023",151,239,"9,76",114,"0,85","2,05","76,5","0,06","0,64",0,0,"9,46","0,054","0,13","5,12","0,71","0,33","9,43","0,56"
"Brochette de volaille, cuite",137,4,"1,02","1,48","0,87","0,09","0,01","0,01","76,9","1,39",0,3,"23,1","0,75",13,"0,05","0,61",20,33,"0,1",230,520,20,299,"1,1",21,0,"0,25","0,74","2,41",0,"8,49","0,071","0,07","8,91","1,71","0,47","88,3","0,7"
Brochette mixte de viande,208,"13,8","2,51",0,0,0,0,0,"49,6","1,02","1,01","0,33","19,7","0,61","10,9","0,052","1,4","4,32","21,4","0,022",162,273,"8,36",247,"1,01","1,03","76,5","0,03","0,65",0,0,"9,46","0,058","0,17","4,09","0,49","0,32","11,5","0,98"
"Brocoli, bouilli/cuit à l'eau, croquant","23,5","0,4","0,1","0,06","0,06","0,14","0,01","0,01",0,"1,23","0,8","2,6","2,5","0,043",42,"0,11","0,41",20,12,"0,18",44,110,20,17,"0,23",0,663,0,"2,42","23,3",0,"22,7","0,015","0,01","0,1","0,27","0,06","67,1",0
"Brocoli, bouilli/cuit à l'eau, fondant","23,1","0,5","0,14","0,12","0,06","0,12","0,01","0,01",0,"1,03","0,6",3,"2,19","0,033",43,"0,15","0,33",20,11,"0,17",39,90,20,13,"0,18",0,576,0,"1,69","49,6",0,"18,1","0,015","0,01","0,1","0,25","0,048","24,7",0
"Brocoli, cru","26,92","0,48","0,061",0,0,0,0,0,0,"1,7","1,7","2,9","3,95","0,048","45,9","0,059","0,76","0,8","21,9","0,4","76,5",357,"0,6",19,"0,4",0,361,0,"1,04",181,0,106,"0,074","0,12","0,82","0,78","0,17",153,0
"Brocoli, cuit",35,"0,78","0,2","0,035","0,054","0,13",0,0,0,"1,1","1,1","1,5","2,1","0,098","43,3","0,1","0,1",10,"11,2","0,1",51,125,"2,58",39,"0,1",0,312,0,"0,9",141,0,"23,9","0,05","0,05","0,05","0,22","0,05","75,1",0
"Brocoli, cuit à la vapeur","37,6","0,7","0,25","0,18","0,07","0,12","0,01","0,01",0,"2,53","1,5","2,2","4,13","0,04",36,"0,04","0,58",20,23,"0,28",72,340,20,16,"0,53",0,567,0,"2,28","23,2",0,"20,7","0,059","0,11","0,81","0,77","0,16","81,7",0
"Brocoli, purée","24,42","0,38",0,0,0,0,0,0,0,"2,75","1,65","2,39","2,5","0,021",87,0,"0,9",0,0,0,0,0,0,"7,93",0,0,0,0,0,0,0,90,0,0,0,0,0,0,0
"Brocoli, surgelé, cru","21,36","0,44","0,097","0,001","0,00085","0,0043",0,0,0,"1,56","1,24","2,77","2,79","0,05","48,5","0,036","0,77",0,17,"0,26","54,5",231,"2,8","21,4","0,41",0,675,0,"1,29",101,0,"62,3","0,063","0,11","0,46","0,24","0,18","80,5",0
"Brocoli, surgelé, cuit","22,83","0,11","0,018",0,0,0,0,0,0,"2,36","1,47",3,"3,1","0,06",51,"0,043","0,61",0,20,"0,33",55,180,0,24,"0,3",0,597,0,"1,32","88,1",0,"40,1","0,055","0,081","0,46","0,27","0,13",30,0
"Brownie au chocolat, préemballé",458,"25,4","7,32","11,5","3,33","1,12","0,01","0,01","67,6","50,6","35,1","3,4","5,94","0,35",42,"0,36",5,12,47,"0,49",140,330,20,138,"0,9","29,9","8,84","0,25","3,98","27,9",0,"0,5","0,044","0,071","0,19","0,44","0,051","10,8","0,28"
Bûche de Noël pâtissière,"316,9","19,7",0,0,0,0,0,0,89,"30,7","23,7","1,3","4,2","0,18","58,3",1,"1,6",10,"22,7",1,94,157,3,"72,8",1,127,0,0,"1,5",0,0,"1,1","0,05","0,23","0,47","0,3","0,05",67,"0,4"
Bûche glacée,226,"10,4","7,1",0,0,0,0,0,0,30,"25,6","1,54","2,47","0,19",0,0,0,0,0,0,0,0,0,"74,8",0,0,0,0,0,0,0,0,0,0,0,0,0,0,0
"Bulot ou Buccin, cru",131,"0,57","0,031",0,0,0,"0,004","0,006",65,"7,61",0,0,"23,8","0,52",57,"1,03","5,02",0,86,"0,45",141,347,0,206,"1,62",26,0,0,"0,13","0,1",0,4,"0,028","0,11","1,08","0,21","0,34",6,"9,07"
"Bulot ou Buccin, cuit","97,7","0,47","0,072","0,02","0,005","0,002","0,056","0,023",127,"2,69",0,0,"20,7","0,97","64,5","0,27","0,64",114,144,"0,1",108,173,"31,4",387,"1,58",2,0,"0,5","0,8",0,0,"3,4","0,04","0,096","1,44","0,41","0,083","7,67","4,61"
"Burger au poisson, provenant de fast food",263,"11,5","4,92","2,58","2,96","0,03","0,01","0,01",26,"26,7","3,9","1,5","12,2","1,1",55,"0,06","0,49",20,22,"0,25",140,210,20,440,"0,59",21,0,"0,81","2,83","9,23",0,"0,5","0,049","0,01","0,63","0,33","0,066","23,3","0,83"
Burger au poulet,249,11,"1,88","5,45","2,21","0,45","0,01","0,01","27,7","23,8","2,9","1,2","12,7","1,16",66,"0,07","0,6",20,22,"0,25",170,220,20,463,"0,71",21,0,"0,25","2,1","9,45",0,"0,5","0,1","0,051","3,67","0,79","0,16","33,4","0,3"
Burritos,170,"8,5","4,33","2,93","0,7","0,11","0,0045","0,0045","29,1","14,3","1,9","1,9",8,"0,75",88,"0,07","1,1",20,20,"0,14",170,260,50,299,"1,8",21,470,"0,5","0,58",8,0,"6,5","0,098","0,07","1,7","0,26","0,11","14,9","1,36"
"Cabillaud, cru","77,6","0,57","0,1","0,03","0,003","0,001","0,05","0,13","43,9",0,0,"0,2","18,1","0,23","4,43","0,1","0,49",101,"25,6","0,1",163,357,136,"65,2","0,39",2,0,"1,41","0,51","0,1",0,1,"0,04","0,049","2,18","0,14","0,16","21,2","1,32"
"Cabillaud, cuit à la vapeur",106,"0,95","0,16","0,06","0,0092","0,0017","0,11","0,16","46,5",0,0,0,"24,5","0,16",10,"0,02","0,1",110,21,"0,01",240,360,"29,1",65,"0,5",2,0,0,"0,48",0,0,0,"0,025","0,04","1,55","0,23","0,19",13,2
"Cabillaud, cuit, sans précision (aliment moyen)","98,9","0,73","0,14","0,077","0,0085","0,0014","0,065","0,15","52,1",0,0,0,"23,1","0,2","15,2","0,018","0,22",122,"26,2","0,013",193,321,"24,9","80,8","0,5","5,73",0,"0,75","0,62","0,062",0,"0,62","0,046","0,055","2,08","0,22","0,22","11,1","1,7"
"Cabillaud, rôti/cuit au four","94,6","0,6","0,13","0,087","0,0081","0,0012","0,04","0,14","55,5",0,0,0,"22,3","0,23","18,4","0,017","0,3",130,"29,4","0,016",164,297,"22,4","90,5","0,5",8,0,"1,2","0,7","0,1",0,1,"0,059","0,065","2,41","0,22","0,24",10,"1,53"
Cacahuète ou Arachide,"592,3","49,1","8,4","24,7","12,9","0,04","0,01","0,01",0,"14,8","5,9","8,6","22,8","0,022",57,"0,46","1,6",20,190,"1,4",400,700,30,"8,6",3,0,5,0,"2,46","0,8",0,"0,5","0,43","0,024","10,6","1,76","0,4","89,3",0
"Cacahuète, grillée à sec, salée","588,5","47,7",7,0,"5,07","0,044",0,0,"1,77","18,2","3,7","7,4","21,6","1,8",0,0,0,0,0,0,0,0,0,700,0,0,0,0,0,0,0,0,0,0,0,0,0,0,0
"Cacahuète, grillée, salée",585,50,"8,64","23,8",11,"0,038",0,0,0,15,"4,22","8,04","22,9","1,33","47,4","0,68","1,2","5,7",169,"1,19",244,531,"4,8",531,"2,92",0,0,0,"2,5",0,0,"0,5","0,14","0,069","12,4","1,17","0,43","66,6",0
"Cacahuète, grillée, sans sel ajouté",613,"51,9","7,93","25,4","9,69","0,025",0,0,0,"11,3","2,54","8,67","23,4","0,018",58,"0,43","1,58",0,178,"1,79",363,634,0,8,"2,77",0,0,0,"4,93",0,0,0,"0,15","0,2","14,4","1,01","0,47",97,0
"Cacahuètes (arachide) enrobées d'un biscuit, pour apéritif",518,"29,7","7,8",0,0,0,0,0,0,"45,4","4,51","3,18","15,8","2,82",0,0,0,0,0,0,0,0,0,1120,0,0,0,0,0,0,0,0,0,0,0,0,0,0,0
Cacahuètes enrobées de chocolat dragéifiées,499,25,"9,87","12,2","1,19","0,05","0,01","0,01",0,"55,9","50,5","5,9","9,5","0,12",100,"0,52","2,9",20,95,"0,7",230,500,20,47,"1,4",0,"10,6","0,75","2,32","2,07",0,0,"0,34","0,17","2,29","0,78","0,034","80,4",0
"Cacao, non sucré, poudre soluble",387,"20,6","12,4","6,5","0,58","0,04","0,01","0,01",0,"11,6","0,9","29,5","22,4","0,11",140,"3,9","48,5",20,500,"4,1",690,3900,20,45,"6,4",0,5,"2,73","0,61","3,9",0,"0,5","0,076","0,12","1,15","0,82","0,01",107,0
"Café au lait ou cappuccino au chocolat, poudre soluble",402,"9,13","7,83",0,0,0,0,0,0,"67,1","62,2","3,51","11,2","1,29",0,0,0,0,0,0,0,0,0,516,0,0,0,0,0,0,0,0,0,0,0,0,0,0,0
"Café au lait ou cappuccino, poudre soluble",416,"8,8","7,47","0,66","0,19","0,01","0,01","0,01",0,"70,1",52,"3,3","12,2","0,79",0,0,0,0,0,0,0,0,0,316,0,0,0,0,0,0,0,0,0,0,0,0,0,0,0
"Café au lait, café crème ou cappuccino, instantané ou non, non sucré, prêt à boire","21,5","0,76","0,47","0,17","0,02","0,0035",0,0,"2,5","2,31","2,31",0,"1,39","0,059","62,2","0,007","0,13","5,6","8,52","0,016","42,6",109,"0,6","23,4","0,22","9,5",0,"0,025","0,02",0,0,0,"0,032","0,12","0,15","0,31","0,015","2,81","0,03"
"Café décaféiné, instantané, non sucré, prêt à boire","2,1","0,002","0,001",0,0,0,0,0,0,"0,4",0,0,"0,12","0,01",4,"0,01","0,04",1,4,"0,012",3,36,0,4,"0,01",0,0,0,0,0,0,0,0,"0,014","0,28","0,001",0,0,0
"Café décaféiné, non instantané, non sucré, prêt à boire","4,42","0,18","0,047","0,015",0,0,0,0,0,"0,6",0,0,"0,1","0,02",2,"0,029","0,09",1,"42,5","0,039",4,"84,5",0,8,"0,035",0,0,0,0,"0,1",0,0,"0,001","0,18","2,71","0,015",0,1,0
"Café expresso, non instantané, non sucré, prêt à boire","7,64","0,2","0,092","0,015",0,0,0,0,0,"1,16",0,"0,5","0,5","0,0071","3,5","0,01","0,05",20,"7,9","0,05","6,9",150,20,"2,82","0,05",0,5,"0,25","0,08","0,8",0,"0,5","0,015","0,01","1,73","0,028","0,74",5,0
"Café, décaféiné, poudre soluble",357,"0,2","0,087","0,015","0,067","0,006",0,0,0,76,0,0,"12,7","0,058",140,"0,069","3,8",0,311,"1,22",286,3500,"17,3",23,"0,11",0,0,0,0,"1,9",0,0,0,"1,36","28,1","0,097",0,0,0
"Café, instantané, non sucré, prêt à boire","1,64","0,004","0,002",0,0,0,0,0,0,"0,3",0,0,"0,1","0,01",4,"0,006","0,04",1,4,"0,015",3,30,"0,03",4,"0,008",0,0,0,0,0,0,0,0,"0,001","0,24","0,001",0,0,0
"Café, moulu",397,"15,4",0,0,0,0,0,0,0,"40,2",0,"19,8","14,4","0,19",120,"1,55","4,1","0,5",240,"2,13",160,2020,10,74,"0,79",0,0,0,"2,7",0,0,0,"0,07","0,2",15,"0,23","0,001",22,0
"Café, non instantané, non sucré, prêt à boire","6,88","0,018","0,002","0,015",0,0,0,0,0,"1,35",0,"0,5","0,5","0,0067","4,3","0,01","0,05",20,"9,2","0,07","7,4",150,20,"2,7","0,05",0,5,"0,25","0,08","0,8",0,"0,5","0,015","0,01","1,26","0,013","0,73",5,0
"Café, poudre soluble",296,"1,1","0,2",0,0,0,0,0,0,"42,6",0,"19,1","19,4","0,098",151,"0,12","4,41","0,5",359,"1,71",327,3770,"10,7",39,"0,46",0,0,0,0,"1,9",0,0,"0,008","0,092","25,1","0,25","0,03",22,0
"Caille, viande et peau, crue",136,"5,55","0,6",0,0,0,0,0,76,0,0,0,"21,5","0,13",14,"0,51","3,97","1,5",23,"0,019",275,216,0,50,"2,42",73,0,"0,5","0,05",0,0,"6,1","0,24","0,26","7,54","0,77","0,6",8,"0,43"
"Caille, viande et peau, cuite",206,"10,9","3,06","4,25","2,71","0,23","0,011",0,86,0,0,0,"26,8","0,13",15,"0,59","4,43",3,22,0,279,216,0,52,"3,1",70,0,"0,2","0,7","4,2",0,"2,3","0,22","0,3","7,92",0,"0,62",6,"0,36"
"Caille, viande, crue",126,"3,81","1,21",0,0,0,"0,01",0,70,"0,5","0,5",0,"22,5","0,12",14,"0,59","4,51","1,5",25,"0,019",307,237,0,49,"2,7",17,0,0,0,0,0,"7,2","0,28","0,29","8,2","0,79","0,53",7,"0,47"
"Caïmite, pulpe, cru, prélevé à la Martinique","27,07","2,87",0,0,0,0,0,0,0,0,0,0,"0,31",0,0,0,0,0,0,0,0,0,0,0,0,0,0,0,0,0,0,"5,6",0,0,0,0,0,0,0
"Cake aux fruits, préemballé",360,"12,6","1,6","6,56","2,27","0,9","0,01","0,01","60,8","55,2","35,8","2,1","4,19","0,59",42,"0,1","0,84",11,13,"0,2",92,190,20,234,"0,38",21,5,"1,27","2,62","17,9",0,"0,5","0,038","0,05","0,12","0,3","0,042",5,"0,21"
"Cake salé (garniture : fromage, légumes, viande, poisson, volaille, etc.), préemballé",321,"18,4","4,68","7,4",4,"0,53","0,01","0,02","76,3","25,6","2,68","2,3","11,6","1,64",170,"0,1","1,3",0,"16,1","0,1",0,165,0,657,"1,4",0,0,0,0,0,0,0,0,0,0,0,0,0,0
Calissons d'Aix en Provence,440,18,"1,65","11,7","3,5","0,01","0,01","0,01",0,"60,3","50,1","2,7","7,88","0,03",81,"0,32",0,20,67,"0,35",160,210,20,12,0,0,249,"0,25","6,26","1,46",0,"0,5","0,039","0,047","0,1","0,13","0,012",29,0
"Calmar ou Calamar ou encornet, à la romaine (beignet)",252,"14,4","1,77","3,45","4,04","0,036","0,055","0,088",90,"21,2","2,58","1,66","8,69","2,13","32,1","0,1",1,"18,8","20,4","0,11",236,"88,8",3,852,1,2,50,"0,2","1,8",0,0,0,"0,05","1,1","0,56","0,3","0,05","11,5","1,2"
"Calmar ou calamar ou encornet, bouilli/cuit à l'eau",149,"1,4","0,24",0,0,0,"0,078","0,13",224,"1,64",0,0,"32,5","1,86",180,1,"5,77",0,60,"0,21",0,637,0,744,"3,46",203,0,0,0,0,0,"8,5","0,017","1,73","2,19","0,9","0,27",24,"5,4"
"Calmar ou calamar ou encornet, cru",77,"1,19","0,28","0,034","0,0024",0,"0,12","0,27",247,"2,17",0,0,"14,4","0,61","17,5","0,15","0,2","12,8","44,2","0,1",166,227,"23,8",243,"1,13",2,0,"0,36","1,39",0,0,"4,7","0,04","0,032","1,57","0,24","0,096",11,"3,15"
"Calmar ou calamar ou encornet, frit ou poêlé avec matière grasse",173,"7,48","1,88",0,0,0,"0,16","0,38",260,"8,45",0,0,"17,9","0,77",39,"2,11","1,01",0,38,"0,07",251,279,0,306,"1,74",11,0,0,0,0,0,"4,2","0,056","0,46","2,6","0,51","0,058",5,"1,23"
Camembert au lait cru,267,"20,3","14,1","3,57","0,26","0,07","0,01","0,01","64,6",0,"0,2",0,"20,7","1,45",380,"0,02","0,09",20,18,"0,03",370,160,20,580,"2,8",181,0,"0,25","0,46","3,1",0,0,"0,015","0,6","10,9","0,44","0,26",88,"1,61"
"Camembert, sans précision",280,"22,5","15,8","3,93","0,31","0,06","0,01","0,01",74,0,0,0,"19,5","1,45",449,"0,03","0,18","13,8","19,3","0,016",370,148,"5,76",579,"2,5",190,0,"0,24","0,57",0,0,0,"0,045","0,45","1,8","1,36","0,25",62,"1,13"
"Canard en sauce (poivre vert, chasseur, etc.), préemballé",145,"7,3",0,0,0,0,0,0,0,"10,2",0,0,"9,55",0,0,0,0,0,0,0,0,0,0,0,0,0,0,0,0,0,0,0,0,0,0,0,0,0,0
"Canard, cuisse avec peau, sans os, crue",103,"3,1","1,05",0,0,0,0,0,0,0,0,0,"18,7","0,26",0,0,0,0,0,0,0,0,0,103,0,0,0,0,0,0,0,0,0,0,0,0,0,0,0
"Canard, magret fumé",364,"30,5","11,3",0,0,0,0,0,0,"0,55","0,55",0,"21,9","3,28",0,0,0,0,0,0,0,0,0,1310,0,0,0,0,0,0,0,0,0,0,0,0,0,0,0
"Canard, magret, cru",340,"29,4","8,95",0,0,0,0,0,0,"0,85","0,7",0,"17,9","0,21",5,0,0,0,0,0,0,0,0,"54,4",0,0,0,0,0,0,0,0,0,0,0,0,0,0,0
"Canard, magret, grillé/poêlé",222,"12,8","2,46","2,01","0,68","0,017",0,0,106,0,0,0,"26,7","1,09",5,"0,5","4,8",15,"31,2","0,1",273,390,34,435,"2,1",16,30,"0,93","0,46",0,0,"3,5","0,38","0,88","13,5","3,4","0,98",20,"3,3"
"Canard, viande et peau, cru",284,"22,6","7,47","10,1","2,4","0,15","0,01","0,01","77,2","2,75","0,2",0,"17,4","0,14","5,1","0,23","2,2",20,20,"0,05",180,310,20,"56,9","2,1","39,3",0,"0,68","0,69","0,8",0,"0,5","0,18","0,72","4,87","1,97","0,26","24,9","1,65"
"Canard, viande et peau, rôti/cuit au four",331,"28,4","9,67",0,0,0,0,0,84,0,0,0,19,"0,15",11,"0,23","2,7",0,16,"0,019",156,204,0,59,"1,86",63,0,"0,1","0,7","5,1",0,0,"0,17","0,27","4,83","1,1","0,18",6,"0,3"
"Canard, viande, crue",126,"5,33","1,94","0,97","0,39","0,079",0,0,77,0,0,0,"19,4","0,19",9,"0,2","2,63","1,2","20,5","0,019",199,277,24,"77,7","1,47",22,0,"0,55","0,7","2,8","3,6","5,85","0,38","0,42","4,83","1,6","0,41","36,5","0,49"
"Canard, viande, rôtie/cuite au four",194,"11,2","3,48","3,66","0,86","0,049",0,0,119,0,0,0,"23,3","0,39","6,78","0,35","3,35",4,"35,8","0,036",203,392,"9,08",154,"1,92",23,0,"0,1","0,7","3,8",0,0,"0,26","0,47","11,1","1,5","0,71",10,"2,9"
Cancoillotte (spécialité fromagère fondue),151,"10,5","7,06","2,01","0,17","0,04","0,01","0,01",26,"0,5",0,0,"13,8","1,73",101,"0,1","0,13",20,8,"0,02",425,59,"4,5",692,"1,4","65,2",0,"0,2","0,15",0,0,0,"0,08","0,31","0,49","0,4","0,04",12,"0,39"
Canelé,"292,14","3,7","2,11","0,62","0,25","0,035",0,0,"14,8","59,4","37,6","2,6","5,31","0,19","56,9",0,0,0,0,0,0,0,0,"74,4",0,0,0,0,0,0,0,0,0,0,0,0,0,0,0
"Canneberge ou cranberry, crue","34,57","0,13","0,011",0,0,0,0,0,0,"7,6","4,04","5,13","0,75","0,02",11,"0,061","0,44","0,15",6,"0,36","13,5","98,8",0,8,"0,1",0,36,0,"1,2","5,1",0,"13,7","0,012","0,018","0,3","0,3","0,057",1,0
"Canneberge ou cranberry, séchée, sucrée",333,1,"0,2","0,55","0,12","0,03","0,01","0,01",0,"76,4","72,8","5,7","0,5","0,013",8,"0,04","0,16",0,"3,9","0,19","7,5",58,20,5,"0,05",0,"15,5","0,25","1,92","5,09",0,"0,5","0,015","0,01","0,1","0,19","0,43",5,0
"Cannelle, poudre",243,"1,22","0,44","0,31","0,063","0,013",0,0,0,"27,5","2,17","53,1","3,87","0,025",1000,"0,34","8,32",0,60,"17,5",64,431,"3,1",10,"1,83",0,112,0,"2,32","31,2",0,"3,8","0,022","0,041","1,33","0,36","0,16",6,0
Cantal entre0deux,383,"30,5","19,9","6,28","0,49","0,18","0,01","0,01","99,1",0,0,0,"26,6","1,85",791,0,0,0,0,0,0,0,0,741,0,0,0,0,0,0,0,0,0,0,0,0,0,0,0
"Cantal, Salers ou Laguiole",378,31,"24,2","5,15","0,39","0,17","0,019","0,033",0,0,"0,5",0,"25,3","2,15",772,"0,09","0,54","21,8","25,7","0,04",487,"97,8","5,44",768,"4,1",160,140,0,0,0,0,0,0,0,0,0,0,"19,4",0
"Capelan, cru",90,"1,71",0,0,0,0,0,0,0,0,0,0,"18,7","0,27",0,0,0,0,0,0,0,0,0,0,0,0,0,0,0,0,0,0,0,0,0,0,0,0,0
"Câpres, au vinaigre","30,46","0,86","0,23",0,0,0,0,0,0,"3,5","0,41","3,6","2,18","4,06",40,"0,37","1,67",0,33,"0,078",10,40,0,1620,"0,32",0,83,0,"0,88","24,6",0,"4,3","0,018","0,14","0,65","0,027","0,023",23,0
"Carambole, pulpe, crue","23,08","0,32","0,019",0,0,0,0,0,0,"3,9","3,9","2,8","1,15","0,005",3,"0,14","0,08","0,4",10,"0,037",12,133,0,2,"0,12",0,25,0,"0,15",0,0,"34,4","0,014","0,016","0,37","0,39","0,017",12,0
Caramel liquide ou nappage caramel,324,0,0,0,0,0,0,0,0,81,61,0,0,"0,013",0,0,0,0,0,0,0,0,0,5,0,0,0,0,0,0,0,0,0,0,0,0,0,0,0
"Carangue, cru",104,"2,7",0,0,0,0,0,0,0,0,0,0,"19,9","0,22",47,"0,027","0,7",0,30,0,193,415,0,89,"0,42",0,0,0,0,0,0,0,"0,19","0,1","5,6",0,"0,65","2,9","9,1"
"Cardamome, poudre",321,"6,7",0,0,0,0,0,0,0,"40,5",0,28,"10,8","0,045",383,"0,38",14,0,229,28,178,1120,0,18,"7,47",0,0,0,0,0,0,21,"0,2","0,18","1,1",0,"0,23",0,0
"Cardine franche, crue","93,4","1,53","0,43",0,"0,014","0,009",0,"0,35",43,0,0,0,"19,9",0,0,0,0,17,0,0,0,0,0,0,0,0,0,0,0,0,0,0,0,0,0,0,0,0,0
"Cardon, cru","10,5","0,1","0,011",0,0,0,0,0,0,"1,7","1,5","1,6","0,7","0,43",70,"0,23","0,7","0,095",42,"0,26",23,400,"0,2",170,"0,17",0,0,0,"0,19",0,0,2,"0,02","0,03","0,3","0,34","0,12",68,0
"Cardon, cuit","18,55","0,11","0,012",0,0,0,0,0,0,"3,63",0,"1,7","0,76","0,44",72,0,"0,73",0,43,"0,13",23,392,0,176,"0,18",0,0,0,0,0,0,"1,7","0,018","0,031","0,29","0,097","0,042",22,0
"Carotte, appertisée, égouttée","21,9","0,2","0,057","0,007","0,078","0,011",0,0,0,"3,4","2,49","1,75","0,67","0,58",25,"0,1","0,64",2,8,"0,45",24,179,"0,85",233,"0,26",0,5330,0,"0,74","9,8",0,"2,7","0,018","0,03","0,55","0,14","0,11",9,0
"Carotte, bouillie/cuite à l'eau, croquante","35,7","0,3","0,01","0,01","0,01","0,01","0,01","0,01",0,"6,33","5,9","3,2","0,75","0,11",27,"0,07","0,19",20,8,"0,17",16,170,20,45,"0,22",0,8470,0,"0,8","2,36",0,"1,71","0,016","0,01","0,31","0,2","0,047","19,3",0
"Carotte, bouillie/cuite à l'eau, fondante","31,6","0,3","0,01","0,01","0,01","0,01","0,01","0,01",0,"5,73","5,1","3,3","0,5","0,12",28,"0,09","0,19",20,"9,4","0,14",17,140,20,46,"0,22",0,8700,0,"0,78","2,76",0,"0,52","0,015","0,01","0,35","0,2","0,051","17,7",0
"Carotte, crue","40,2","0,5","0,01","0,01","0,01","0,01","0,01","0,01",0,"7,59",6,"2,7","0,63","0,11",25,"0,05","0,24",20,10,"0,1",22,230,20,43,"0,18",0,8290,0,"0,27","2,96",0,"2,05","0,028","0,01","0,1","0,2","0,093","59,4",0
"Carotte, cuite","18,9","0,1","0,019",0,0,0,0,0,0,"2,6","1,3","2,8","0,55","0,051","31,5","0,1","0,1",10,"7,5","0,1",18,"96,4","2,97","20,2","0,1",0,3340,0,"0,56","13,7",0,1,"0,05","0,05","0,05","0,1","0,05","23,3",0
"Carotte, cuite à la vapeur","41,6","0,3","0,07","0,06","0,13","0,01","0,01","0,01",0,"7,33","6,9","3,7","0,63","0,11",26,"0,04","0,22",20,10,"0,18",19,240,20,45,"0,21",0,8930,0,"0,84","2,39",0,"1,28","0,018","0,01","0,41","0,26","0,066","21,3",0
"Carotte, déshydratée","269,81","1,49","0,26",0,0,0,0,0,0,56,"38,8","23,6","8,1","0,69",212,"0,37","3,93",0,118,"1,12",346,2540,0,275,"1,57",0,34000,0,"5,45",108,0,"14,6","0,53","0,42","6,57","1,47","1,04",55,0
"Carotte, purée","31,5","0,3","0,01","0,01","0,01","0,01","0,01","0,01",2,"5,06","4,8","3,1","0,88","0,13",30,"0,06","0,32",20,"8,4","0,1",25,230,20,52,"0,23",21,6060,0,"1,16","1,66",0,"0,5","0,024","0,01","0,13","0,31","0,056","14,3",0
"Carotte, purée cuisinée à la crème, préemballée","44,4","1,6","0,99","0,29","0,13","0,01","0,01","0,01","5,54","4,57","4,39",3,"1,44","0,53",30,"0,04","0,19",20,"6,4","0,08",21,190,20,212,"0,18",21,7330,0,1,"5,76",0,"0,5","0,024","0,013","0,24","0,31","0,051","11,7",0
"Carotte, surgelée, crue","24,91","0,27","0,067","0,004","0,11","0,007",0,0,0,"4,99","4,73","2,76","0,63","0,15","34,9","0,074","0,41",0,12,"0,17",33,235,0,51,"0,33",0,12800,0,"0,57","17,6",0,"4,32","0,044","0,037","0,46","0,19","0,095",10,0
"Carotte, surgelée, cuite","32,9","0,68","0,12",0,0,0,0,0,0,"4,52","4,08","3,3","0,58","0,15",35,"0,082","0,53",0,11,"0,17",31,192,0,59,"0,35",0,8200,0,"1,01","13,6",0,"2,3","0,03","0,037","0,42","0,17","0,084",11,0
"Carottes râpées, avec sauce, préemballées","72,96",5,"0,43",0,"0,97","0,24",0,0,0,"6,01","5,2","3,64","0,98","0,67",31,0,0,0,0,0,0,0,0,264,0,0,0,0,0,0,0,0,0,0,0,0,0,0,0
"Carpaccio de boeuf, avec marinade",271,23,"7,38",0,0,0,0,0,"55,6","0,55","0,5","0,36","15,2","1,12",112,"0,1","1,84","9,12","22,6","0,064",187,242,"5,84",437,"2,79","23,6","98,3","0,38","3,18",0,0,"5,87","0,088","0,17","2,11","0,28","0,27",12,"2,04"
Carpaccio de saumon avec marinade,194,"12,7","2,44",0,0,0,"0,4","0,57","51,9","0,22",0,0,"19,8","0,098","14,9","0,08","0,64","37,9","24,7","0,06",173,279,"19,5",39,"0,55","13,6",0,"4,23","3,25",0,0,"4,21","0,25","0,08","6,26","1,46","0,55","16,3","4,33"
"Carpe, crue, élevage",114,"4,76","1,28","1,6","0,49","0,13","0,063","0,055","58,3",0,0,0,"17,7","0,077","29,2","0,1","1,58","18,3","23,7","0,1",143,310,20,"30,6","0,58","3,5",0,"3,84","0,63","0,1",0,"1,3","0,04","0,072","2,81","1,25","0,13",16,"3,16"
"Carpe, rôtie/cuite au four",151,"7,17","1,27",0,0,0,"0,19","0,1",84,0,0,0,"21,6","0,16",52,"0,12","1,59",6,38,"0,23",531,427,"20,2",63,"1,58",10,0,"3,25",0,0,0,"1,6","0,14","0,07","2,1","0,87","0,22",17,"1,47"
Carré de l'Est,327,27,19,0,0,0,0,0,0,0,0,0,"21,4","1,58",450,"0,06",0,21,20,"0,02",350,140,5,630,6,0,0,0,0,0,0,0,0,0,0,0,0,0,0
"Carrelet ou plie, cru","88,6","0,94","0,2","0,071","0,0036","0,0016","0,091","0,077","44,5",0,0,0,20,"0,2",127,"0,1","0,21",191,"28,5","0,1",174,352,"31,4","79,5","0,49",2,0,"1,11","0,72","0,15","2,2","1,5","0,42","0,096","4,32","1,29","0,25","9,5","0,64"
"Carrelet ou plie, cuit à la vapeur",93,"1,89","0,22",0,0,0,"0,072","0,38",0,0,0,0,19,0,0,"0,05",0,30,0,"0,04",0,0,"30,4",0,"0,68",0,0,0,0,0,0,0,0,0,0,0,0,0,0
"Carrelet ou plie, pané, frit",242,"16,8",2,0,0,0,0,0,60,"8,86",0,1,"13,4","0,66",27,"0,052","0,54",14,"22,4","0,29",132,234,20,264,"0,73",0,0,0,0,0,0,0,"0,18","0,06","0,8","0,82","0,12",27,0
"Carvi, graine",334,"14,6","0,62",0,0,0,0,0,0,"11,9","0,64",38,"19,8","0,043",689,"0,91","16,2",0,258,"1,3",568,1350,0,17,"5,5",0,206,0,"2,5",0,0,21,"0,38","0,38","3,61",0,"0,36",10,0
"Cassis, cru","51,78","0,86","0,14","0,071","0,3","0,15",0,0,0,"9,68","9,68","5,8","1,33","0,0063","57,1","0,093","1,17","1,5",23,"0,28","53,5",330,"1,1","2,5","0,28",0,100,0,"2,1",0,0,181,"0,038","0,038","0,3","0,4","0,073","8,2",0
"Cassoulet au canard ou oie, appertisé",161,"7,86","2,43","2,26","0,73","0,11",0,"0,01",0,"10,1","1,09","3,86","10,5","1,05",0,0,0,0,0,0,0,307,0,416,0,0,0,0,0,0,0,0,0,0,0,0,0,0,0
"Cassoulet au porc, appertisé",132,"6,3","2,2",0,0,0,0,0,0,"8,6","1,8",4,"8,3","1,1",0,0,0,0,0,0,0,293,0,500,0,0,0,0,0,0,0,0,0,0,0,0,0,0,0
"Cassoulet, appertisé",129,"5,77","2,07",0,"0,53","0,14",0,0,"21,3","9,41","1,06","3,55","8,06","0,97","45,7","0,14","1,23",6,"34,8","0,22",107,289,10,388,"0,88","3,5",0,"0,5","0,18",0,0,"2,94","0,083","0,057","1,25","0,16","0,091",30,"0,12"
"Caviar d'aubergine, préemballé","209,04",21,"0,65",0,"11,7","0,035",0,0,0,"4,3","1,85","2,93","0,71","1,36",0,0,0,0,0,0,0,0,0,562,0,0,0,0,0,0,0,0,0,0,0,0,0,0,0
Caviar de tomates,218,"19,2","1,88","6,87","8,54","0,54","0,01","0,01",0,"6,8","6,5","3,5","2,19","2,09",61,"0,18",1,20,24,"0,19",42,470,20,835,"0,29",0,2180,"0,25","11,4","21,1",0,"0,5","0,048","0,01","1,04","0,17","0,063","26,7",0
"Caviar, semi0conserve",254,"17,1","3,21",0,0,0,"1,36","1,77",0,0,0,0,25,0,0,"0,04",0,117,0,"0,07",0,0,8,0,"0,8",0,0,0,"1,6",0,0,0,"0,49","0,071","0,08","0,28","0,08",25,"5,45"
"Céleri branche, appertisé, égoutté","13,1","0,15","0,1",0,0,0,0,0,0,"1,38","0,8",2,"0,63","0,54","29,2","0,04",0,"0,2",8,"0,11",0,281,1,213,"0,14",0,56,0,0,0,0,0,0,0,0,0,0,0,0
"Céleri branche, cru","17,6","0,5","0,01","0,01","0,01","0,01","0,01","0,01",0,"2,41","1,3","2,2","0,63","0,2",46,"0,03","0,06",20,11,"0,08",24,390,20,79,"0,09",0,"74,6",0,"0,08","4,86",0,"5,51","0,015","0,01","0,1","0,27","0,052","56,8",0
"Céleri branche, cuit","9,56","0,16","0,04",0,0,0,0,0,0,"1,2","1,2","1,6","0,83","0,23","53,3","0,059","0,42","0,3",9,"0,11",25,284,"2,58",91,"0,077",0,313,0,"0,35","37,8",0,"6,1","0,023","0,07","0,37","0,32","0,086",33,0
"Céleri branche, cuit à l'étouffée","16,7","0,3","0,01","0,01","0,01","0,01","0,01","0,01",0,"2,48","1,7","1,5","0,75","0,35",31,"0,04","0,12",20,"8,3","0,07",24,340,20,138,"0,08",0,"47,8",0,"1,58","1,26",0,"0,5","0,015","0,019","0,21","0,27","0,034","7,98",0
"Céleri rave, bouilli/cuit à l'eau","26,2","0,3","0,09","0,05","0,1","0,01","0,01","0,01",0,"4,32","1,2","2,6","0,94","0,093",41,"0,11","0,27",20,10,"0,16",38,300,20,37,"0,17",0,"7,35",0,"1,13","0,8",0,"0,87","0,019","0,02","0,36","0,28","0,074","84,5",0
"Céleri rémoulade, préemballé",113,"10,2","0,94","5,7","1,81","0,73","0,01","0,01","0,1","3,14","1,8","2,2","0,94","1,17",34,"0,06","0,23",20,"8,8","0,09",40,260,20,469,"0,21",21,"7,86","0,5","2,2","10,5",0,"3,06","0,018","0,029","0,1","0,49","0,089","6,39","0,08"
"Céleri0rave, cru","29,3","0,5","0,01","0,01","0,01","0,01","0,01","0,01",0,"3,98","1,6","4,5","1,38","0,085",40,"0,11","0,28",20,13,"0,2",56,500,20,34,"0,33",0,5,0,"0,12","0,8",0,"2,87","0,059","0,041","0,3","0,59","0,2",39,0
"Céleri0rave, cuit","31,34","0,86",0,0,0,0,0,0,0,"4,6","2,8","2,6","1,3","0,15","52,4","0,12","0,32",10,"15,1","0,27",58,306,0,"58,2","0,24",0,50,0,"0,22",0,0,"2,7","0,05","0,05","0,92","0,41","0,07","67,4",0
"Céleri0rave, purée","18,42","0,18",0,0,0,0,0,0,0,"2,83","2,11","4,01","1,37","0,13",50,0,"0,5",0,0,0,0,0,0,"54,5",0,0,0,0,0,0,0,"8,3",0,0,0,0,0,0,0
"Céréales chocolatées pour petit déjeuner, non fourrées, (non enrichies en vitamines et minéraux)",386,"2,93","1,21","0,49","0,28","0,024","0,0021","0,0074",0,"79,6","31,2","5,24","7,73","0,41",0,0,7,0,0,0,0,0,0,159,0,0,0,0,0,0,0,68,"0,9","1,2","13,3","5,03","1,2",166,"2,1"
"Céréales complètes soufflées, enrichies en vitamines et minéraux",385,"3,85","0,85",0,0,0,0,0,0,"76,8",32,"5,65","7,42","0,95",362,0,"9,95",0,0,0,0,0,0,375,0,0,0,"1,7",0,0,0,51,"1,05","1,3","14,3","5,1","1,45",168,"1,48"
"Céréales instantanées, poudre à reconstituer, dès 4/6 mois",393,"1,7","0,64","0,49","0,28","0,02","0,0002","0,0002",700,"88,3","12,7","1,8","5,1","0,041","45,2","0,12","3,71",20,"21,9","0,45",120,165,"1,6","16,5","0,62","71,6",604,"1,9","3,74",0,0,"42,7","0,66","0,04","5,02","1,33","0,38",100,"0,44"
"Céréales instantanées, poudre à reconstituer, dès 6 mois",391,2,"0,61","0,34","0,35","0,023","0,0002","0,0002","1,72","81,1","32,8","4,3",10,"0,037","95,8","0,18","6,1",20,36,"0,72",230,235,"2,03","14,7","0,88",123,10,"3,77","5,08",0,0,"33,4","0,7","0,04","4,43","1,58","0,29","86,5","0,29"
"Céréales pour petit déjeuner ""équilibre"" au chocolat (non enrichies en vitamines et minéraux)",411,"7,01","4,07","2,23","0,34","0,02","0,01","0,01","2,35","74,6","22,9","4,06","10,3","1,03",24,"0,4",6,20,45,"1,2",166,250,20,414,"1,3",21,5,"0,49","0,57","0,8",0,"40,8","0,46","0,69","9,18","0,51","0,63","97,4",0
"Céréales pour petit déjeuner ""équilibre"" au chocolat, enrichies en vitamines et minéraux",394,"5,9","3,02","1,95","0,48","0,03","0,01","0,01",0,"73,9","19,5","7,1","7,5","0,69",361,"0,34","7,75",40,60,"0,6",169,235,2,274,"1,5",0,0,0,"10,8",0,0,"69,6","1,07","1,35","15,2","5,46","1,43",185,"1,98"
"Céréales pour petit déjeuner ""équilibre"" aux fruits (non enrichies en vitamines et minéraux)",378,"1,4","0,32","0,19","0,54","0,14","0,01","0,01","1,38","78,7",19,"4,32","10,5","1,24",30,"0,24","7,3",20,63,"1,8",170,380,20,496,"1,5",21,"23,8","0,25","0,91","0,8",0,74,"0,74","1,16",13,"0,39","0,94","68,1",0
"Céréales pour petit déjeuner ""équilibre"" aux fruits secs (à coque), enrichis en vitamines et minéraux",394,"4,93","0,83",0,0,0,0,0,0,"75,5","23,7","4,33","8,91",1,405,0,"10,2",0,0,0,0,0,0,400,0,0,0,0,0,0,0,"75,8","1,06","1,34","15,2","4,55","1,34",190,"2,36"
"Céréales pour petit déjeuner ""équilibre"" aux fruits, enrichies en vitamines et minéraux",378,"1,74","0,57",0,0,0,0,0,0,"77,9","20,6","4,4","10,5","1,06",354,0,"10,6",20,"58,3","1,6",170,237,"27,8",424,"1,5",0,0,0,"10,1",0,0,"77,4","1,25","1,52","17,2","5,79","1,67",205,"2,03"
"Céréales pour petit déjeuner ""équilibre"" nature (non enrichies en vitamines et minéraux)",379,"1,25","0,39",0,0,0,0,0,0,79,"15,4","3,45","11,3","1,18",0,0,7,0,0,0,174,0,0,475,0,0,0,0,12,0,0,0,"1,1","1,4",16,6,"1,4",200,"2,5"
"Céréales pour petit déjeuner ""équilibre"" nature ou au miel, enrichies en vitamines et minéraux",382,"1,65","0,54",0,0,0,0,0,0,"78,6","17,2","3,36","11,4","1,25",530,0,"10,6",5,"47,5",0,180,223,0,497,"1,5",0,0,0,11,0,0,"88,9","1,41","1,73","19,5","6,98","1,89",233,"2,3"
Céréales pour petit déjeuner (aliment moyen),398,"6,08","2,19","2,5","1,06","0,12","0,0041","0,0046","0,87","75,3","24,6","5,16","7,78","0,79",231,"0,29","7,05",24,53,1,171,306,"5,61",316,"1,23",0,0,"1,19","6,44",0,0,"40,6","0,86","1,05","12,1","4,46","1,14",155,"1,8"
"Céréales pour petit déjeuner chocolatées, non fourrées, enrichies en vitamines et minéraux",408,"8,9",3,"3,72","1,27","0,29","0,01","0,01",0,"70,4","26,2","6,7","8,13","0,53",340,"0,2","8,23",8,"30,6","0,47",85,402,"2,2",211,"0,7",0,0,"1,7",10,0,0,"59,6","0,98","1,21","13,6","4,86","1,31",165,"1,72"
Céréales pour petit déjeuner fourrées au chocolat ou chocolat0noisettes,442,"14,8","3,03","4,09","6,88","0,033",0,"0,01",0,"67,2","34,3","5,3","7,33","0,46",0,0,"8,07",0,0,0,0,0,0,183,0,0,0,0,"9,4",0,0,0,"0,97","1,17","14,2","4,4","1,3",161,"1,58"
"Céréales pour petit déjeuner fourrées au chocolat ou chocolat0noisettes, enrichies en vitamines et minéraux",433,13,"3,22","5,96","2,33","0,49","0,01","0,01",3,"69,2","29,1","3,6","7,81","0,89",242,"0,28","7,19",40,"57,7","0,6",204,344,2,357,"1,4",0,0,"1,7","9,64",0,0,"57,5","0,94","1,21","13,4","5,4","1,27",164,"1,85"
"Céréales pour petit déjeuner fourrées, fourrage autre que chocolat, enrichies en vitamines et minéraux",419,"13,3","5,52",0,0,0,0,0,1,"64,7","31,2","3,32","8,42","0,77",266,"0,34",7,7,20,"1,38",272,270,3,313,"1,4",0,0,0,10,0,0,0,"0,95","1,22","13,6",5,"1,28",167,"1,89"
"Céréales pour petit déjeuner riches en fibres, au chocolat, enrichies en vitamines et minéraux",386,"6,75","3,5",0,0,0,0,0,0,64,"19,3","11,5","10,7","0,78",0,0,"6,6",0,0,0,0,0,0,310,0,0,0,"2,8",0,0,0,0,"0,9","1,05",12,5,"1,25",196,"1,1"
"Céréales pour petit déjeuner riches en fibres, avec ou sans fruits, enrichies en vitamines et minéraux",360,"4,42","1,91",0,"0,75","0,053",0,0,0,"59,3","22,1","18,3","11,5","1,27","37,5",0,"8,21",5,146,0,317,500,"9,93",503,4,0,0,"2,8",10,0,0,"45,5","1,05","1,26","14,2","5,08","1,44",196,"1,47"
"Céréales pour petit déjeuner très riches en fibres, enrichies en vitamines et minéraux",338,"3,5","0,7",0,0,0,0,0,0,49,18,27,14,"0,58",60,0,"8,8",0,220,0,610,820,0,225,6,0,0,0,0,0,0,0,"0,7","0,9","10,1",0,"0,9",250,"1,6"
"Céréales pour petit déjeuner, enrichies en vitamines et minéraux (aliment moyen)",401,"6,77","2,42","2,92","1,18","0,15","0,0041","0,0046","0,85",75,"24,4","4,98","7,51","0,86",272,"0,26","7,48","26,2","47,1","0,83",159,285,"4,8",342,"1,15",0,0,"1,39","7,58",0,0,"47,4","0,99","1,23","13,9","5,19","1,34",179,"1,76"
"Céréales pour petit déjeuner, non enrichies en vitamines et minéraux (aliment moyen)",388,"3,24","1,48","0,98","0,49","0,028","0,0041","0,0047","1,14","79,2","28,6","4,88","8,23","0,67","41,1","0,39","5,8","11,6","75,1","1,39",191,418,10,271,"1,37","10,5","4,15","0,14","1,52","0,63",0,"20,1","0,39","0,45","6,45","2,04","0,47","74,7","2,26"
"Cerf, cru",113,"2,04","0,88",0,0,0,0,0,85,0,0,0,"23,7","0,13","5,25","0,25","3,79",0,23,"0,041",202,318,0,"51,4","2,09",0,0,0,"0,2","1,1",0,0,"0,22","0,48","6,37",0,"0,37",4,"6,31"
"Cerf, rôti/cuit au four",150,"3,19","1,25",0,0,0,0,0,112,0,0,0,"30,2","0,14",7,"0,3","4,47",0,24,"0,046",226,335,0,54,"2,75",0,0,0,0,0,0,0,"0,18","0,6","6,71",0,0,0,0
"Cerfeuil, frais","39,9","0,6","0,22",0,"0,08","0,17",0,0,0,"3,63","0,6","2,55","3,72","0,038",273,"0,073","1,6","2,8",34,"1,7","40,6",597,"0,1",10,"1,1",0,0,0,"2,9",0,0,37,"0,13","0,34","1,5","0,3","0,026",220,0
"Cerise acérola, pulpe, crue, prélevée à la Martinique","3,113","0,097",0,0,0,0,0,0,0,0,0,0,"0,56",0,0,0,0,0,0,0,0,0,0,0,0,0,0,0,0,0,0,2850,0,0,0,0,0,0,0
"Cerise, dénoyautée, crue","55,7","0,3","0,01","0,01","0,01","0,01","0,01","0,01",0,13,10,"1,6","0,81","0,013","9,9","0,08","0,17",20,"8,8","0,06",19,190,20,5,"0,06",0,242,0,"0,08","0,8",0,"4,09","0,015","0,012","0,1","0,14","0,04","6,75",0
Cervelas,278,"24,8","9,37","9,91","3,28","0,27",0,0,"66,8","1,56","0,63","0,4","11,9","1,95","32,6","0,11","0,5","37,9","20,4","0,1",197,187,5,763,1,3,0,"0,5","0,56",0,0,"18,1","0,21","0,11","3,43","0,43","0,17","32,9","0,61"
"Cervelas à l'ail, pur porc",297,"27,4",0,0,0,0,0,0,0,"0,2",0,0,"12,5",0,0,0,0,0,0,0,0,0,0,0,0,0,0,0,0,0,0,0,0,0,0,0,0,0,0
Cervelas obernois,305,"27,5","11,5",0,0,0,0,0,0,1,"0,6","0,6",13,2,0,0,"0,5",0,0,0,0,0,0,800,0,0,0,0,0,0,0,0,0,0,0,0,0,0,0
"Cervelle, agneau, crue",122,"8,58","2,19",0,0,0,0,"0,49",1350,"0,8",0,0,"10,4","0,28",9,"0,24","1,75",0,12,"0,044",270,296,0,112,"1,17",0,0,0,0,0,0,16,"0,13","0,3","3,9","0,92","0,29",3,"11,3"
"Cervelle, agneau, cuite",145,"10,2","2,6",0,0,0,0,"0,59",2040,"0,8",0,0,"12,6","0,34",12,"0,21","1,68",1,14,"0,059",337,205,0,134,"1,36",0,0,0,0,0,0,12,"0,11","0,24","2,47","0,99","0,11",5,"9,25"
"Cervelle, porc, braisée",174,"13,8","3,14","2,13","0,07","0,0077","0,0039","0,46",2430,"0,05",0,0,"12,4","0,33",14,"0,31","1,5",20,15,"0,03",390,230,70,131,"1,2",21,0,"0,5","0,68","0,8",0,14,"0,067","0,08","1,8","0,7","0,11",5,"5,11"
"Cervelle, porc, crue",124,"9,21","2,08",0,0,0,0,"0,45",2200,0,0,0,"10,3","0,3",10,"0,24","1,6","0,6",14,"0,094",282,258,9,120,"1,27",0,0,0,0,0,0,"13,5","0,16","0,28","4,28","2,8","0,19",6,"2,19"
"Cervelle, veau, crue",117,"8,21","1,91",0,0,0,0,0,1590,"0,5",0,0,"10,3","0,32",10,"0,22","2,13","0,62",14,"0,037",274,315,"11,6",127,"1,11",0,0,0,0,0,0,14,"0,13","0,26","4,3","2,72","0,28",3,"12,2"
"Cervelle, veau, cuite",133,"9,63","2,18",0,0,0,0,0,3100,0,0,0,"11,5","0,39",16,"0,26","1,67",1,16,"0,038",385,214,0,156,"1,61",0,0,0,0,0,0,13,"0,08","0,2","2,43",1,"0,17",3,"9,65"
Chabichou (fromage de chèvre),294,"23,8","17,1","3,24",0,"0,12",0,0,"97,3",0,"0,5",0,"20,5","1,85",104,"0,1","0,35",30,"14,1",0,194,238,"11,5",742,"0,52",162,0,"0,5","0,31",0,0,0,"0,04","0,82","1,61","0,51","0,23",46,0
"Chadèque, pulpe, cru, prélevé à la Martinique","4,62","0,3",0,0,0,0,0,0,0,0,0,0,"0,48",0,0,0,0,0,0,0,0,0,0,0,0,0,0,0,0,0,0,"44,2",0,0,0,0,0,0,0
"Chair à saucisse, crue",323,"29,1",0,0,0,0,0,0,0,"0,6",0,0,"14,7","1,39","14,1",0,"1,2",6,"17,1",0,0,293,0,556,"2,3",0,0,0,0,0,0,0,0,0,0,0,0,0,0
"Chair à saucisse, pur porc, crue",273,"21,2","7,87",0,0,0,0,0,72,"5,25",0,0,"15,4","0,14",14,"0,045","0,88",0,19,"0,01",175,287,0,56,"2,2",2,0,0,"0,28",0,0,"0,7","0,73","0,24","4,34","0,67","0,38",5,"0,7"
Champagne,"12,44",0,0,0,0,0,0,0,0,"2,81","1,4",0,"0,3","0,0048","7,15","0,0062","0,11","0,7","7,97","0,049",7,"22,8",10,"1,93","0,042",0,0,0,0,0,0,0,0,"0,01","0,1","0,045","0,02",0,0
"Champignon de Paris ou champignon de couche, appertisé, égoutté","19,4","0,37","0,065","0,006","0,21","0,00059",0,0,0,"0,7",0,"2,5","2,23","0,63","22,2","0,17","0,9",5,"4,85","0,027",47,"72,1",1,251,"0,44",0,10,0,0,0,0,"6,5","0,081","0,12","0,5","0,34","0,025","29,6",0
"Champignon de Paris ou champignon de couche, bouilli/cuit à l'eau","28,7","0,47","0,061",0,0,0,0,0,0,3,"2,34","2,2","2,17","0,005",6,"0,5","1,74",0,12,"0,12",87,356,"11,9",2,"0,87",0,0,"0,2","0,01",0,0,4,"0,073","0,3","4,46","2,16","0,095",18,0
"Champignon de Paris ou champignon de couche, cru",28,"0,36","0,067","0,003","0,14","0,00026",0,0,0,"3,15","2,5",1,"2,62","0,098","6,03","0,35","0,31",1,"10,5","0,076","96,6",364,"6,47",39,"0,5",0,0,"0,3","0,02",0,0,"3,09","0,073","0,29",5,"1,57","0,1","34,5",0
"Champignon de Paris ou champignon de couche, sauté/poêlé, sans matière grasse","38,4","0,6","0,18","0,16","0,18","0,01","0,01","0,01",0,"4,53",0,"0,9","4,44","0,028","2,7","0,39","0,31",20,14,"0,05",140,540,20,11,"0,81",0,5,"0,2","0,08","0,8",0,"0,5","0,062","0,36","4,53","2,33","0,029","14,3",0
"Champignon de Paris ou champignon de couche, surgelé, cru","15,9","0,25","0,1",0,0,0,0,0,0,"0,83","0,25","1,97","1,8","0,02",10,0,"0,8",0,0,0,0,0,0,5,0,0,0,0,0,0,0,4,0,0,0,0,0,0,0
"Champignon noir, séché","29,755","0,075",0,0,0,0,0,0,0,0,0,0,"7,27","0,094",0,0,0,0,0,0,0,0,0,"37,8",0,0,0,0,0,0,0,0,0,0,0,0,0,0,0
"Champignon, cèpe, cru","31,6","0,43","0,071",0,0,0,0,0,0,"3,03","1,7","1,93","3,13","0,024",23,"0,23",1,0,12,"0,17",129,361,0,5,"0,4",0,0,"3,1","0,04",0,0,3,"0,21","0,32","4,45","2,7","0,18",44,0
"Champignon, chanterelle ou girolle, crue","33,1","0,78","0,5",0,0,0,0,0,0,"2,3","1,87","4,23","2,28","0,016","8,33","0,39","3,52","3,3",10,"0,28","53,5",449,"0,9",5,"0,84",0,0,"5,3","0,06",0,0,"5,5","0,053","0,31","5,44","1,08","0,042",2,0
"Champignon, lentin comestible ou shiitaké, cuit","60,9","0,22","0,05",0,0,0,0,0,0,"12,3","3,84","2,1","1,56","0,01",3,"0,9","0,44",0,14,"0,2",29,117,0,4,"1,33",0,0,"0,7",0,0,0,"0,3","0,037","0,17","1,5","3,59","0,16",21,0
"Champignon, lentin comestible ou shiitaké, séché",316,"0,99","0,23",0,0,0,0,0,0,"63,9","2,21","11,5","9,58","0,033",11,"5,17","1,72",0,132,"1,18",294,1530,0,13,"7,66",0,0,"3,9",0,0,0,"3,5","0,3","1,27","14,1","21,9","0,97",163,0
"Champignon, morille, crue","24,5","0,54","0,16","0,022","0,22",0,0,0,0,"0,1","0,044","3,35","3,16","0,064",43,"0,63","1,2",0,19,"0,59",194,411,0,21,"2,03",0,0,"5,1","0,05",0,0,5,"0,069","0,21","2,25","0,44","0,14",9,0
"Champignon, oronge vraie, crue","23,2","0,3","0,07",0,0,0,0,0,0,"2,45",1,"1,7",2,"0,013",17,0,"1,1",0,0,0,89,320,0,5,"0,4",0,0,"2,1","0,12",0,0,3,"0,1","0,31",4,0,"0,18",44,0
"Champignon, pleurote, crue","25,5","0,36","0,062",0,0,0,0,0,0,"1,5","0,71","2,4","3,06","0,034",5,"0,24","1,17",0,18,"0,11",120,420,0,"13,5","0,77",0,29,"0,7",0,0,0,4,"0,13","0,35","4,96","1,29","0,11",38,0
"Champignon, rosé des prés, cru","25,3","0,4","0,1",0,0,0,0,0,0,"2,45",1,"1,7","2,3","0,013",10,0,"1,2",0,0,0,102,320,0,5,"0,4",0,0,0,"0,12",0,0,4,"0,1","0,13","4,2",0,"0,18",44,0
"Champignon, tout type, appertisé, égoutté","24,9","0,29","0,038",0,0,0,0,0,0,"2,56","2,19","2,4","1,87","1,06","18,9","0,15","0,79",2,"6,65","0,035",66,129,"2,2",425,"0,51",0,0,"0,2","0,01",0,0,0,"0,085","0,021","1,59","0,81","0,061",12,0
"Champignon, tout type, cru","21,7","0,23","0,055","0,003","0,023","0,099",0,0,0,"1,88","1,43","1,72","2,37","0,012","7,78","0,32","0,69",1,"10,9","0,061","85,6",341,"2,78","4,76","0,65",0,0,"0,2","0,01",0,0,"3,4","0,084","0,42","4,55","1,75","0,082",29,0
"Champignon, truffe noire, crue","27,67","0,51","0,11",0,0,0,0,0,0,0,"0,7","8,5","5,77","0,17",24,0,"3,5",0,"23,8",0,62,447,0,66,"3,8",0,0,0,"0,12",0,0,1,"0,05","0,09",2,0,"0,18",44,0
"Champignons à la grecque, appertisés","56,07","3,55","0,23",0,0,"0,026",0,0,"0,11","3,95","2,38","2,35","2,08","1,26",27,"0,17","1,06","2,46","13,5","0,13","64,1",277,"1,79",500,"0,4",0,747,0,"1,08",0,0,"6,67","0,056","0,21","1,84","0,88","0,088","19,6","0,018"
Chaource,276,"22,9","15,8","3,97","0,46","0,09","0,01","0,01",83,0,"0,2",0,"17,3","1,9",110,"0,03","0,06",20,12,"0,03",220,130,20,760,"0,56",236,"78,2","0,25","0,59","0,89",0,"0,5","0,032","0,53",0,"0,36","0,2","63,2","1,6"
Chapelure,374,"3,77","0,94","0,8","0,59","0,03",0,0,0,70,"6,9","4,5","11,6","1,82","72,8","0,1","1,8",10,"55,5","1,2",196,270,5,728,"1,5",0,50,0,"0,2",0,0,0,"0,2","0,09",1,"0,71","0,12",22,0
"Chapon, viande et peau, cru",183,"10,6","1,5",0,0,0,0,0,75,0,0,0,"21,8","0,56",11,"0,05","1,09",0,21,"0,02",183,217,0,272,"1,17",37,0,0,"0,32","2,4",0,"1,7","0,064","0,13","7,27","0,97","0,36",6,"0,34"
"Chapon, viande et peau, rôti/cuit au four",221,"11,7","3,26",0,0,0,"0,01","0,03",86,0,0,0,29,"0,12",14,"0,069","1,49",0,24,"0,021",246,255,0,49,"1,74",0,0,0,0,0,0,0,"0,07","0,17","8,95","1,1","0,43",6,"0,33"
Charcuterie (aliment moyen),238,"17,1","6,61","6,43","1,7","0,14","0,0077","0,009",77,"1,47","0,86","0,25","19,7","2,47","14,6","0,19","1,61","9,77","21,8","0,075",194,380,"10,7",992,"2,23",234,"51,9","0,51","0,4",0,0,0,"0,46","0,27","5,63","0,7","0,29","14,3","0,96"
Charlotte aux fruits,"193,2","6,64","3,34","2,02","0,67","0,056",0,0,"74,5","28,2","21,7","2,8","5,16","0,038","37,6","0,1","0,75",50,"18,7",1,41,138,5,"15,1","0,47",55,15,"0,2","1,75",0,0,"8,15","0,04","0,13","0,43","0,43","0,05",23,"0,15"
"Châtaigne ou Marron, appertisé","135,64","1,4","0,4",0,0,0,0,0,"0,2","28,8","3,9",4,"1,96","0,13","21,1",0,1,0,"24,1",0,51,359,0,"52,1",0,0,0,0,"0,1",0,0,0,"0,05","0,07","1,5","0,44","0,22",58,0
"Châtaigne, bouillie/cuite à l'eau","112,42","1,38","0,26",0,0,0,0,0,0,23,0,"4,5",2,"0,068",46,"0,47","1,73","0,1",54,"0,85",99,715,"2,2",27,"0,25",0,10,0,1,0,0,"26,7","0,15","0,1","0,73","0,32","0,23",38,0
"Châtaigne, crue","173,31","2,23","0,37","0,75","0,74","0,083",0,0,0,"36,5","7,86","7,45","1,81","0,0081",27,"0,33","0,94","0,1","34,5","2,16","69,8",550,"0,9","3,25","0,51",0,0,0,"0,5",0,0,"41,6","0,22","0,1","1,47","0,48","0,35",60,0
"Châtaigne, grillée","224,08","2,2","0,41",0,0,0,0,0,0,"47,9","10,6","5,1","3,17","0,005",29,"0,51","0,91","0,12",33,"1,18",107,592,0,2,"0,57",0,14,0,"0,5","7,8",0,26,"0,24","0,18","1,34","0,55","0,5",70,0
Chausson aux pommes,338,"18,7","10,3","2,8","1,15","0,061",0,0,"45,6","36,6","11,2","3,1","4,17","0,87",15,"0,038","0,44","7,24",10,"0,1",150,106,"1,3",340,"0,3",99,"63,6","0,32","1,21",0,0,"5,36","0,1","0,051","0,67","0,084","0,065","5,15",0
"Chayote ou christophine ou chouchou, bouillie/cuite à l'eau","15,96","0,48","0,086",0,0,0,0,0,0,"2,29",0,"2,8","0,62","0,0025",13,"0,11","0,22",0,12,"0,17",29,173,0,1,"0,31",0,0,0,0,0,0,8,"0,026","0,04","0,42","0,41","0,12",18,0
"Chayote ou christophine ou chouchou, crue","15,16","0,12","0,028",0,0,0,0,0,0,"2,8","1,66","1,7","0,72","0,005",17,"0,12","0,34",0,12,"0,19",18,125,0,2,"0,74",0,0,0,"0,12","4,1",0,"7,7","0,025","0,029","0,47","0,25","0,076",93,0
"Chayote ou christophine ou chouchou, pulpe avec pépins, cuite à la vapeur, prélevée à La Réunion (Sechium edule)","22,2","0,3","0,01","0,01","0,01","0,01","0,01","0,01",0,"3,5","2,8","1,4","0,63","0,018",14,"0,03","0,46",20,"8,5","0,14",23,170,20,7,"0,1",0,"8,74",0,"0,08","1,77",0,"0,5","0,015","0,01","0,35","0,32","0,024","16,2",0
Cheddar,399,"33,8","19,5","6,54","0,55","0,18","0,01",0,102,0,0,0,24,"1,61",675,"0,056","0,16","37,5",27,"0,033",473,76,"11,1",644,"3,43",256,85,"0,6","0,78","2,9",0,0,"0,027","0,43","0,039","0,48","0,049",26,"0,88"
"Cheeseburger, provenant de fast food",268,"12,9","5,07","3,81","0,87","0,18",0,0,25,"23,1","5,47","1,8","13,7","1,33","91,3","0,1","1,2",15,"21,3","0,2",142,198,0,528,"2,1",50,55,"0,1","0,09","5,5",0,"0,4","0,32","0,19","3,51","0,42","0,37",7,"1,31"
"Cheesecake ou Gâteau au fromage frais, préemballé",330,"20,3","12,2","4,69","0,9","0,15","0,01","0,01",86,"31,7","21,6","0,9","4,57","0,38",55,"0,04","0,34",20,12,"0,14",84,110,20,154,"0,41",172,"53,4","0,25","0,9","3,39",0,"0,5","0,059","0,14","0,1","0,42","0,031",12,"0,2"
"Cheval, entrecôte, crue",118,"3,34","1,08","0,69","0,33","0,24",0,0,0,0,0,0,"22,1",0,0,0,"2,84",0,0,0,0,0,"5,37",0,"2,51",0,0,0,0,0,0,0,0,0,"6,15",0,"0,66",0,"1,44"
"Cheval, entrecôte, grillée/poêlée",169,"6,24","1,99","1,36","0,54","0,39",0,0,0,0,0,0,"28,2",0,0,0,"3,38",0,0,0,0,0,"7,92",0,"3,18",0,0,0,0,0,0,0,0,0,"5,55",0,"0,66",0,"1,44"
"Cheval, faux0filet, cru",121,"3,58","1,17","0,79","0,32","0,26",0,0,0,0,0,0,"22,2",0,0,0,"2,55",0,0,0,0,0,"5,35",0,"1,91",0,0,0,0,0,0,0,0,0,"5,6",0,"0,66",0,"1,51"
"Cheval, faux0filet, grillé/poêlé",163,"6,27","2,1","1,54","0,49","0,4",0,0,0,0,0,0,"26,6",0,0,0,"3,3",0,0,0,0,0,"7,54",0,"2,25",0,0,0,0,0,0,0,0,0,"5,22",0,"0,69",0,"1,51"
"Cheval, faux0filet, rôti/cuit au four",173,"6,68","2,23","1,64","0,52","0,43",0,0,0,0,0,0,"28,3",0,0,0,"3,3",0,0,0,0,0,"8,03",0,"2,4",0,0,0,0,0,0,0,0,0,"5,22",0,"0,69",0,"1,51"
"Cheval, steak, cru",129,"4,6","1,44",0,0,0,0,0,52,"0,4",0,0,"21,4","0,13",6,"0,14","3,82","1,2",24,"0,019",221,360,"12,2",53,"2,9",0,0,0,0,0,0,1,"0,13","0,1","4,6",0,"0,38",0,3
"Cheval, tende de tranche, crue",106,"1,68","0,48","0,26","0,24","0,087",0,0,0,0,0,0,"22,7",0,0,0,"3,06",0,0,0,0,0,"5,22",0,"2,32",0,0,0,0,0,0,0,0,0,"5,39",0,"0,7",0,"1,63"
"Cheval, tende de tranche, grillée/poêlée",135,"2,58","0,77","0,46","0,34","0,13",0,0,0,0,0,0,"27,9",0,0,0,"3,99",0,0,0,0,0,"7,47",0,"3,32",0,0,0,0,0,0,0,0,0,"5,28",0,"0,69",0,"1,63"
"Cheval, tende de tranche, rôtie/cuite au four",144,"2,75","0,82","0,49","0,36","0,14",0,0,0,0,0,0,"29,7",0,0,0,"3,99",0,0,0,0,0,"7,96",0,"3,53",0,0,0,0,0,0,0,0,0,"5,28",0,"0,69",0,"1,63"
"Cheval, viande, crue",167,10,"3,64","2,8","1,15","1,01",0,0,75,"0,6",0,0,"18,8","0,16",10,"0,14","3,5",1,20,"0,02",185,291,6,62,"4,61",21,0,"0,3","0,23",0,0,"0,6","0,14","0,27","4,5","0,6","0,5",8,"3,1"
"Cheval, viande, rôtie/cuite au four",138,"2,85","2,41","0,12","0,045","0,031","0,00058","0,00038","83,6",0,0,0,28,"0,1","4,8","0,16","3,4",4,"28,1","0,1",214,333,5,"39,8","3,1",18,0,"0,5","1,15",0,0,1,"0,15","0,36","9,5","0,45","0,7",20,"4,05"
"Chevreau, cru",103,"2,31","0,71",0,0,0,0,0,57,0,0,0,"20,6","0,21",13,"0,26","2,83",0,0,"0,038",180,385,0,82,4,0,0,0,0,0,0,0,"0,11","0,49","3,75",0,0,5,"1,13"
"Chevreau, cuit",136,"3,03","0,93",0,0,0,0,0,75,0,0,0,"27,1","0,22",17,"0,3","3,73",0,0,"0,042",201,405,0,86,"5,27",0,0,0,"0,34","1,2",0,0,"0,09","0,61","3,95",0,0,5,"1,19"
"Chevreuil, cru",110,2,1,0,0,0,0,0,0,0,0,0,23,"0,053",5,0,"3,4",0,0,0,0,0,0,21,0,0,0,0,0,0,0,0,0,0,0,0,0,0,0
"Chevreuil, rôti/cuit au four",150,"3,19","1,25",0,0,0,0,0,112,0,0,0,"30,2","0,14",7,"0,3","4,47",4,24,"0,046",226,335,"8,9",54,"2,75",0,0,0,0,2,"0,7",0,"0,18","0,6","6,71",0,"0,65",6,"0,8"
Chevrot (fromage de chèvre),277,"22,8","15,5","3,88",0,"0,11",0,0,"78,1",0,0,0,"18,5","1,12","98,4","0,1","0,26",30,"12,9",0,160,0,10,449,"0,28",140,0,"0,5","0,34",0,0,0,"0,04","0,83","1,24","1,24","0,11",77,0
"Chewing0gum, sans sucre",228,"0,45","0,17",0,0,0,0,0,0,"78,1","0,03","1,98","0,69","0,026",3700,"0,09","5,2",20,130,"0,2",60,73,50,"10,3","0,09",0,0,0,"0,16",0,0,0,"0,11","0,01","0,1",0,"0,01","31,5",0
"Chewing0gum, sucré",372,"0,32","0,042",0,0,0,0,0,0,"90,6","68,1","2,4","0,5","0,013",18,"0,16","9,5","0,2",340,"0,09","4,6","3,5",20,5,"0,06",0,5,"0,25",1,"0,8",0,"0,5",0,0,0,0,0,0,0
"Chewing0gum, teneur en sucre inconnue (aliment moyen)",279,"0,41","0,12",0,0,0,0,0,0,"82,5",24,"2,12","0,53","0,019",2400,"0,11","6,72","6,55",204,"0,16","40,5","48,5","19,7","7,55","0,079",0,"0,88","0,044","0,46","0,14",0,"0,088","0,069","0,0032","0,032","1,12","0,0032","20,4",0
"Chia, graine, séchée","373,18","30,7","3,33",0,"5,84","17,8",0,0,0,"7,72",0,"34,4","16,5","0,04",631,"0,92","7,72",0,335,"2,72",860,407,0,16,"4,58",0,0,0,"0,5",0,0,"1,6","0,62","0,17","8,83",0,0,49,0
"Chicorée et café, instantané, non sucré, prêt à boire (reconstituée avec de l'eau)","28,7","0,3",0,0,0,0,0,0,0,"6,06","0,43","0,6","0,56","0,022",11,"0,02","0,2",20,35,"0,1",15,160,20,"8,93","0,05",0,5,"0,25","0,08","0,8",0,"0,5","0,015","0,01","1,53","0,055","0,86","5,5",0
"Chicorée et café, instantané, non sucré, prête à boire (reconstituée avec du lait demi0écrémé standard)","53,7","1,62",1,0,0,0,0,0,"4,4","5,9",5,"0,46","3,74","0,13",117,0,"0,37","10,4","13,2",0,0,162,"0,9","52,2","0,5","17,9",0,"0,01","0,16",0,0,0,"0,054","0,18","0,93","0,35","0,025","2,6","0,26"
"Chicorée et café, poudre soluble",332,"0,35","0,12",0,0,0,0,0,0,"66,9",0,12,"9,3","0,72",103,"0,05","4,76","0,5",213,"1,2",271,3400,0,289,"0,37",0,0,0,0,0,0,0,0,"0,29","21,7","0,097","0,029",0,0
"Chicorée rouge, crue","12,9","0,1","0,02",0,0,0,0,0,0,"1,6","1,6",3,"1,4","0,018",36,0,"0,3",0,0,0,30,180,0,7,"0,2",0,0,0,"0,57",0,0,10,"0,07","0,05","0,3",0,"0,07",13,0
"Chicorée verte, crue","14,1","0,5","0,12",0,0,0,0,0,0,"0,5","0,5",1,"1,9","0,041","82,5","0,06","4,15",0,17,"0,3",45,498,0,"16,5","0,32",0,3250,0,"0,57",0,0,46,"0,06","0,53","0,3",0,"0,02",29,0
"Chicorée, instantanée, non sucrée, prête à boire (reconstituée avec du lait demi0écrémé standard)","93,5","7,1",0,0,0,0,0,0,0,"7,1",0,"0,59",0,"0,13",0,0,0,0,0,0,0,0,0,"50,9",0,0,0,0,0,0,0,0,0,0,0,0,0,0,0
"Chicorée, poudre soluble",323,"2,5","0,75",0,0,0,0,0,0,"57,2","21,7","29,2","3,3","0,39",109,"0,1","5,5","0,5",65,"0,1",223,0,5,156,"0,1",0,0,0,0,0,0,0,"0,04","0,12","10,1","0,05","0,28","19,1",0
"Chili con carne, préemballé",118,"3,35","1,13","1,1","0,18","0,1",0,"0,005","14,6",13,"2,58","3,56","7,13","0,93","32,8","0,15","1,6",2,"27,3","0,2","78,5",282,0,371,"1,2",2,233,"0,5","0,88","4,6",0,"2,25","0,088","0,068","1,25","0,16","0,15",44,"0,35"
"Chinchard gras, cru",147,"7,66","1,79","0,83","0,071","0,042","0,29","0,7","45,3",0,0,0,"19,6","0,14","5,72","0,1","0,85","20,8","31,7","0,1",195,382,"42,8","54,7","0,38","4,7",0,"48,5","0,48",0,0,0,"0,08","0,12","6,7","0,29","0,37",0,"7,5"
"Chinchard maigre, cru","96,7","2,42","0,66","0,39","0,021","0,0093","0,14","0,34","49,6",0,0,0,"18,7","0,16","20,1","0,1","0,96","37,3","31,7","0,1",206,386,"16,6",62,"0,36",4,0,"41,2","0,64",0,0,0,"0,1","0,12","4,12","0,38","0,3",0,"6,99"
"Chinchard, cru",116,"4,42","2,31","0,3","0,027","0,023",0,"0,43",47,0,0,0,19,0,92,"0,99",0,0,69,"0,2",0,986,26,0,"1,59",0,0,0,0,0,0,0,0,0,0,0,0,0,0
"Chipolata, crue",253,"20,6","7,61","8,44","1,8","0,17",0,0,"55,5",1,"0,32","0,4","15,8","1,58",20,"0,8","0,48",7,"16,6","0,2",144,404,"5,44",722,"1,76",0,0,"0,19","0,34",0,0,0,"0,4",0,"4,6",0,"0,21","1,5","0,36"
"Chipolata, cuite",282,"22,4","8,27","8,51","2,61","0,27","0,01","0,01","75,2","0,8","0,4",0,"18,8","2,15",19,"0,07","0,79",20,23,"0,04",170,370,20,859,2,21,0,"0,46","0,36",0,0,11,"0,38","0,041","4,66","0,66","0,13",5,"0,81"
"Chips d'abricot pays, pulpe, prélevé à la Martinique","446,94","18,7",0,0,0,0,0,0,0,"68,7","33,3","6,2","0,96",0,0,0,0,0,0,0,0,0,0,0,0,0,297,0,0,0,0,"0,2",0,0,0,0,0,0,0
Chips de crevette,508,"26,6","2,4",0,"14,5","0,061",0,0,13,"63,7","7,1",1,"3,1","1,53",46,1,"1,4",194,"15,5",1,42,"41,5",3,610,1,2,50,"0,2","5,8",0,0,0,"0,05","0,05","0,05","0,1","0,05","5,1","0,22"
"Chips de giraumon (variété locale), pulpe, prélevé à la Martinique","49,2",0,0,0,0,0,0,0,0,"12,3","0,44","8,4",0,0,0,0,0,0,0,0,0,2400,0,0,0,0,326,0,0,0,0,0,0,0,0,0,0,0,0
"Chips de giraumon (variété phoenix), pulpe, prélevé à la Martinique","55,6",0,0,0,0,0,0,0,0,"13,9","0,2","8,7",0,0,0,0,0,0,0,0,0,2580,0,0,0,0,767,0,0,0,0,0,0,0,0,0,0,0,0
Chips de maïs ou tortilla chips,495,"24,7","9,98","6,31","3,23","0,025",0,0,0,"59,5","2,62","4,19","6,56","1,42","94,5","0,11","1,17",12,"64,5","0,34",204,228,"2,55",565,"1,18",0,1,0,"5,85","11,2",0,0,"0,098","0,087","1,39","0,47","0,17","27,5","0,36"
"Chips de pommes de terre et assimilés nature ou aromatisées, allégées en matière grasse",463,"19,8","1,94",14,"1,33","0,03","0,01","0,01","1,01","62,1","2,49","5,19","6,58","1,22",56,"0,25","1,2",20,67,"0,26",210,1300,20,487,"0,87",0,"9,62",0,"3,32","2,56",0,0,"0,32","0,029","2,56","1,57","0,43",0,"0,049"
"Chips de pommes de terre nature ou aromatisées, à l'ancienne",570,"37,6","3,53","26,7","2,44","0,05","0,01","0,01","0,72","49,8","1,38","4,51","5,62","1,78",21,"0,19","0,98",20,55,"0,25",120,1100,20,702,"0,6",21,5,"0,25","15,3","4,56",0,"5,07","0,31","0,02","4,74","0,83","0,35","27,3",0
"Chips de pommes de terre nature ou aromatisées, standard",545,"34,3","3,23","23,7","2,03","0,04","0,01","0,01","0,7","51,1","1,59","4,57","5,67","1,65",27,"0,22","1,2",20,66,"0,35",140,1300,20,652,"0,82",21,5,"0,25","12,3","5,02",0,"8,26","0,13","0,014","19,4","0,85","0,44","31,6",0
"Chocolat au lait aux céréales croustillantes, tablette","510,4","26,6","16,7","5,78","0,73","0,039",0,"0,005",23,"60,6","50,8","2,59","7,15","0,52",166,"0,49","2,65",23,48,"0,48",207,370,0,205,"2,29",65,0,0,"0,5","5,7",0,"0,6","0,13","0,32","0,67","0,47","0,055",11,"0,8"
"Chocolat au lait aux fruits secs (noisettes, amandes, raisins, praline), tablette","551,62","35,9",17,"15,6","1,66","0,1",0,"0,005","17,5","48,7","43,6","3,52","8,43","0,25",187,"0,44","1,4",17,61,"1,1",206,617,10,101,"0,98",37,22,"0,5","0,25",0,0,"0,1","0,13","0,39","0,57","0,8","0,4",42,"0,32"
Chocolat au lait fourré,"606,2",45,"32,5",0,0,0,0,0,0,"45,5","44,5","2,3","4,8","0,25",0,0,0,0,0,0,0,0,0,100,0,0,0,0,0,0,0,0,0,0,0,0,0,0,0
"Chocolat au lait fourré au praliné, tablette","554,86","34,9","16,4","11,2","1,92","0,062","0,015","0,015","14,3","52,9","49,9","2,51","7,29","0,2",150,"0,42","3,2",20,70,"0,83",210,420,50,"81,3","1,2","37,7","31,2","0,5","3,18","3,03",0,"0,5","0,094","0,28","0,33","0,57","0,041","14,7","0,99"
"Chocolat au lait sans sucres ajoutés, avec édulcorants, tablette",487,"34,6","21,2",0,0,0,0,0,0,"54,2","11,3",2,"5,75","0,34",130,0,0,0,0,0,150,0,0,135,0,0,0,0,0,0,0,0,0,0,0,0,0,0,0
"Chocolat au lait, tablette",537,"30,8","18,7","9,19","0,95","0,08","0,01","0,01","22,1","55,6","53,1","2,9","7,5","0,2",220,"0,29","3,6","33,7",59,"0,35",230,510,20,78,"1,1","40,1","32,8","1,5","0,45","5,87",0,"1,58","0,071","0,26","0,18","1,26","0,066","18,7","0,54"
"Chocolat blanc aux fruits secs (noisettes, amandes, raisins, praliné) , tablette","574,46","39,1","21,8",14,"1,65","0,068",0,"0,01",0,48,"45,1","2,43","7,64","0,29",230,0,0,0,0,0,0,0,0,115,0,0,0,0,0,0,0,0,0,0,0,0,0,0,0
"Chocolat blanc, tablette","560,84","34,2","21,3","9,4","0,94","0,064","0,01","0,01",23,"57,1",56,1,"6,16","0,22",281,0,"0,2","0,8","26,5",0,230,350,3,88,"0,9","6,5",75,0,"1,14",0,0,0,"0,08","0,49","0,2","0,59","0,07",10,0
"Chocolat noir à 40% de cacao minimum, à pâtisser, tablette","529,06","33,1",22,"9,57","0,93","0,069",0,"0,01","1,73","51,4","41,6","8,76","6,39","0,015",46,0,"4,35",0,130,0,186,300,0,"5,36","1,3",0,54,0,"1,44",0,0,"0,28","0,07","0,07","0,6",0,"0,03",12,0
"Chocolat noir à 70% cacao minimum, extra, dégustation, tablette",591,"46,3","28,7","13,7","1,33","0,09","0,01","0,04","6,07","26,9","17,9","12,8","10,4","0,02",62,"1,6",11,20,200,"1,7",280,750,20,8,3,21,5,"2,16","0,67","7,39",0,"0,5","0,13","0,11","0,49","0,44","0,01",52,"0,35"
"Chocolat noir à moins de 70% de cacao, à croquer, tablette",558,"33,8","22,5","9,03","0,88","0,06","0,01","0,01","1,45","42,9","38,3",12,"6,63","0,023","53,7",1,"3,7",20,120,"1,2",218,490,20,"7,73",2,21,"21,3","0,25","0,72","0,8","1,5","0,15","0,15","0,065","0,5","0,22","0,14","22,3",0
"Chocolat noir aux fruits (orange, framboise, poire), tablette",518,"34,4","22,5","8,87","1,45","0,077","0,018","0,011","2,4","45,3","35,7","10,3","6,8","0,078",76,0,4,0,102,0,0,0,0,"31,3",0,0,0,0,0,0,0,"0,5",0,0,0,0,0,0,0
"Chocolat noir aux fruits secs (noisettes, amandes, raisins, praline), tablette",567,39,"17,5","15,5",2,"0,07","0,01","0,01","0,88","40,7","38,2","8,4","8,69","0,03",64,"1,1","8,7",0,140,"1,8",230,510,20,12,2,0,"18,7","1,09","4,97","4,93",0,"0,5","0,087","0,052","0,41","0,57","0,05","41,7",0
Chocolat noir fourrage confiseur à la menthe,"437,6",16,11,"2,11","0,39","0,02","0,01","0,01","3,22","70,5",69,4,"2,9",0,14,"0,4",3,20,48,"0,43",70,150,20,0,"0,7",21,"17,8",0,"0,33","0,8",0,"0,5","0,042","0,03","1,46","0,16","0,032","13,9","0,14"
"Chocolat noir fourré praliné, tablette","548,32","34,8","16,9","13,8",2,"0,067","0,017","0,017","7,92","52,4","48,8","5,07","6,38","0,039",70,"0,84","6,1",20,110,"1,4",180,400,50,"13,7","1,7",21,"26,8","0,5","4,21","2,25",0,"0,5","0,11","0,08","0,76","0,85","0,05","32,2","0,32"
"Chocolat noir sans sucres ajoutés, avec édulcorants, en tablette",525,"42,3","26,6",0,0,0,0,0,"3,3","34,1",2,"10,2","8,48","0,0063","45,6","1,7","22,8",50,152,"1,39",225,793,10,"1,7","2,51",0,32,0,"0,74",0,0,0,"0,18","0,29","0,87","0,26","0,37",35,"0,27"
"Chocolat, en tablette (aliment moyen)",557,"36,1","22,3","10,5","1,19","0,077","0,0057","0,013","11,5","45,3","39,5","7,39","7,81","0,11",130,"0,81","5,89","21,4",109,"0,94",238,562,"10,6","44,9","1,81","23,7","23,4","1,27","0,96","5,16",0,"0,75","0,1","0,19","0,37","0,78","0,068","29,1","0,38"
"Chop suey (porc ou poulet), préemballé","78,2",3,0,0,0,0,0,0,0,"7,8",0,0,5,0,0,0,0,0,0,0,0,0,0,0,0,0,0,0,0,0,0,0,0,0,0,0,0,0,0
Chorizo,433,"36,1","14,3","15,3","5,3","0,29",0,0,0,"3,05","2,01","0,93","23,5","4,24",0,0,0,7,0,0,0,0,0,1690,0,0,663,0,0,0,0,0,0,0,0,0,0,0,0
"Chorizo supérieur, doux ou fort, type charcuterie en tranches",322,"23,9","8,8","8,79","3,28","0,21","0,01","0,01",75,"2,1","2,1",0,"22,6","4,3",28,"0,1","1,4",20,30,"0,23",300,650,20,1720,"2,7",21,0,"0,73","1,6",0,0,0,"0,35","0,21","4,92","1,19","0,32","49,1","0,82"
"Chorizo supérieur, doux ou fort, type saucisse sèche",476,"41,9",16,"15,6","4,91","0,35","0,01","0,01",111,"2,6","2,6",0,"20,9","3,91",24,"0,11","1,8",30,27,"0,27",220,490,20,1560,2,21,0,"0,83","2,25",0,0,0,"0,39","0,22","6,14","1,24","0,27","51,4","1,11"
Chou à la crème (chantilly ou pâtissière),"324,9","22,9","14,5","5,09","0,72","0,1","0,01","0,01","92,5","25,2","16,7","0,5","4,5","0,28","71,6",1,1,10,"9,6",1,"75,5",104,"18,4",110,1,114,50,"0,2","1,08",0,0,0,"0,05","0,065","0,05","0,37","0,05",51,"0,61"
"Chou à la crème chantilly, Saint0honoré","347,72","26,4","13,6","4,94",0,"0,12","0,0092",0,122,"22,9","8,9",1,"4,63","0,37","71,6",1,1,10,"9,2",1,75,108,"27,2",149,1,211,50,"0,2","1,4",0,0,0,"0,05","0,08","0,05","0,36","0,05","50,8","0,65"
Chou à la crème pâtissière,"222,54","7,3","3,38","1,77","0,51","0,022","0,00059",0,63,"34,9","13,5",1,"4,31","0,25","71,6",1,1,10,10,1,76,"99,5","9,6","99,5",1,17,50,"0,2","0,76",0,0,0,"0,05","0,05","0,05","0,37","0,05","51,2","0,57"
"Chou blanc, bouilli/cuit à l'eau","23,5","0,3","0,01","0,01","0,01","0,01","0,01","0,01",0,"3,23","2,8","2,7",1,"0,018",42,"0,07","0,19",20,"6,4","0,08",19,120,20,7,"0,07",0,5,0,"0,64",13,0,"13,3","0,015","0,01","0,18","0,059","0,048","9,55",0
"Chou blanc, cru","36,5","0,6","0,27","0,16","0,06","0,04","0,01","0,01",0,"4,63","4,2","3,5","1,38","0,033",59,"0,02","0,3",20,11,"0,1",33,240,20,13,"0,16",0,5,0,"0,08","9,6",0,"8,88","0,04","0,01","0,2","0,18","0,17","69,6",0
"Chou chinois (pak0choi ou pé0tsai), cuit","10,65","0,17","0,029",0,0,0,0,0,0,"0,75","0,75","1,35","1,53","0,054","62,5","0,024","0,67",0,"10,5","0,15",34,298,0,"21,5","0,18",0,2550,0,"0,09",34,0,"20,9","0,038","0,054","0,46","0,08","0,17",47,0
"Chou chinois ou pak0choi ou pé0tsai, cru","13,92","0,2","0,031","0,017","0,027","0,053",0,0,0,"1,65","1,18","1,05","1,38","0,13","86,4","0,021","0,68","0,3","17,5","0,17","37,8",249,"0,29",51,"0,17",0,2680,0,"0,11","45,5",0,"40,3","0,04","0,065","0,48","0,092","0,19","73,6",0
"Chou de Bruxelles, appertisé, égoutté","31,17","0,53","0,078",0,0,0,0,0,0,"4,1","2,5","3,3","2,5","0,57","26,3","0,03","0,7",1,"12,2","0,1",53,252,"1,5",222,"0,2",0,465,0,"0,69",0,0,18,0,0,0,0,0,0,0
"Chou de Bruxelles, bouilli/cuit à l'eau","45,4","0,3","0,01","0,01","0,01","0,01","0,01","0,01",0,"5,4","4,1","4,8","3,19","0,023",35,"0,13","0,51",20,19,"0,2",62,410,20,9,"0,31",0,216,0,"0,44","61,8",0,"55,4","0,067","0,058","0,48","0,33","0,11","49,3",0
"Chou de Bruxelles, cru","42,2","0,4","0,07","0,014","0,054","0,18",0,0,0,"5,67","2,2","3,95","3,98","0,041","32,3","0,062","1,15","0,25","23,5","0,3","76,4",436,"1,1","16,5","0,43",0,450,0,"0,89",214,0,103,"0,13","0,13","0,77","0,52","0,25","95,5",0
"Chou de Bruxelles, cuit","28,19","0,11","0,023",0,0,0,0,0,0,"4,2","1,7","3,2","2,6","0,024","36,2","0,1","0,1",10,"16,9","0,1",65,324,0,"9,7","0,1",0,209,0,"0,43",140,0,"56,4","0,05","0,06","0,72","0,27","0,06",113,0
"Chou de Bruxelles, surgelé, cru","34,69","0,33","0,062","0,014","0,042","0,14",0,0,0,"4,5","2,35","4,28","3,43","0,029",34,"0,043","0,82","0,25",22,"0,29","65,5",427,"1,1",14,"0,37",0,370,0,"0,34",250,0,"77,5","0,12","0,11","0,69","0,35","0,19","93,5",0
"Chou de Bruxelles, surgelé, cuit","34,95","0,39","0,081",0,0,0,0,0,0,"4,22","2,08","4,1","3,64","0,038",26,"0,034","0,48",0,18,"0,21",56,290,0,15,"0,24",0,555,0,"0,51",194,0,"45,7","0,1","0,11","0,54","0,34","0,29",101,0
"Chou dur ou chou caraïbe, pulpe, cuit à la vapeur, prélevé à la Martinique","13,0297","0,0033",0,0,0,0,0,0,0,0,0,0,"3,25",0,0,0,0,0,0,0,0,0,0,0,0,0,0,0,0,0,0,"19,3",0,0,0,0,0,0,0
"Chou farci, préemballé","94,9","6,6",0,0,0,0,0,0,0,2,2,"3,13","5,3","0,87",145,"0,23",0,0,"41,4","0,65",0,0,"5,33",350,"0,8",0,0,0,0,0,0,0,0,0,0,0,0,0,0
"Chou frisé, cru","43,75","1,07","0,12",0,"0,14","0,4",0,0,0,"4,2","2,26","4,9","4,33","0,091",185,"0,8","1,74","1,4","33,5","0,58",83,378,"2,1","36,5","0,59",0,5930,0,"3,47",477,0,145,"0,13","0,21","1,9","0,55","0,31",101,0
"Chou frisé, cuit","25,72","0,4","0,052",0,0,0,0,0,0,"3,63","1,25",2,"1,9","0,058",72,"0,16","0,9",0,18,"0,42",28,228,0,23,"0,24",0,0,0,"0,85",817,0,41,"0,053","0,07","0,5","0,049","0,14",13,0
"Chou romanesco ou brocoli à pomme, cru","24,12","0,4","0,047",0,0,0,0,0,0,"2,2","2,2","2,35","2,93","0,039","34,5","0,041","0,92",0,20,"0,25",62,300,0,"15,5","0,64",0,93,0,"0,04","20,2",0,"70,6","0,08","0,1","0,73","0,7","0,22",57,0
"Chou romanesco ou brocoli à pomme, cuit","35,8","0,8","0,27","0,15","0,08","0,18","0,01","0,01",0,"2,03","1,6","4,3",3,"0,013",32,"0,05","0,53",20,13,"0,19",55,260,20,5,"0,32",0,"81,1","0,25","0,74","12,4",0,"15,1","0,025","0,046","0,23","0,59","0,13","49,1",0
"Chou rouge, bouilli/cuit à l'eau","20,13","0,09","0,011",0,0,0,0,0,0,"3,32","3,32","2,6","1,51","0,07","54,6","0,034","0,66","1,35","11,8","0,16",33,262,"2,97",28,"0,14",0,20,0,"0,12","47,6",0,"34,4","0,071","0,06","0,38","0,15","0,23",24,0
"Chou rouge, cru",30,"0,5","0,01","0,01","0,01","0,01","0,01","0,01",0,"4,33","3,9","2,8","1,13","0,035",36,"0,02","0,25",20,"9,7","0,12",30,260,20,14,"0,15",0,5,0,"0,08","6,41",0,"18,7","0,036","0,01","0,12","0,24","0,14","31,9",0
"Chou rouge, cuit à l'étouffée","34,9","0,3","0,01","0,01","0,01","0,01","0,01","0,01",0,"5,7","4,5",3,"1,19","0,033",44,"0,02","0,29",20,13,"0,16",26,250,20,13,"0,15",0,"11,9",0,"0,08","0,84",0,"26,2","0,047","0,03","0,29","0,32","0,11","45,1",0
"Chou vert, bouilli/cuit à l'eau","21,6","0,3","0,01","0,01","0,01","0,01","0,01","0,01",0,"1,83","1,4","3,3","1,63","0,013",48,"0,11","0,34",20,"7,3","0,11",29,130,20,5,"0,13",0,130,0,"0,08","9,77",0,12,"0,02","0,01","0,1","0,078","0,052","12,4",0
"Chou vert, cru","21,49","0,41","0,054","0,013","0,036","0,039",0,0,0,"1,92","1,92","3,08","2,53","0,065","96,2","0,049","0,93","0,3",18,"0,17","32,7",231,"1,86","25,8","0,22",0,321,0,"0,16",121,0,69,"0,059","0,039","0,26","0,17","0,15","67,9",0
"Chou vert, cuit","20,33","0,45","0,14","0,013","0,011","0,022",0,0,0,"3,04","2,79","2,4","1,03","0,098","69,7","0,098","0,28","1,45","15,1","0,18",33,190,"3,56",39,"0,22",0,48,0,"0,14",109,0,"27,3","0,056","0,029","0,14","0,17","0,13",38,0
"Chou0fleur, cru","26,2","0,7","0,24","0,1","0,08","0,17","0,01","0,01",0,"2,13","1,7","2,2","1,81","0,015",23,"0,02","0,27",20,"9,8","0,14",40,270,20,6,"0,22",0,5,0,"0,08","3,31",0,"4,14","0,031","0,01","0,26","0,72","0,22","56,2",0
"Chou0fleur, cuit","20,9","0,46","0,097","0,032","0,045","0,15",0,0,0,"1,6","1,59",2,"1,6","0,017","19,2","0,05","0,31",5,"12,9","0,12",34,238,10,39,"0,22",0,50,0,"0,07","13,8",0,"9,7","0,05","0,05","0,21","0,23","0,05","78,8",0
"Chou0fleur, cuit à la vapeur","30,1","0,3","0,09","0,05","0,02","0,09","0,01","0,01",0,"3,41","2,4","1,8","2,56","0,013",26,"0,03","0,38",20,12,"0,16",46,300,20,5,"0,28",0,"5,61",0,"0,08","8,13",0,"21,4","0,034","0,056","0,44","0,94","0,13","54,3",0
"Chou0fleur, surgelé, cru","22,25","0,37","0,1","0,019","0,029","0,099",0,0,0,"2,64","1,91","1,82","2,09","0,047","21,7","0,031","0,51","0,3",12,"0,2","41,6",193,"0,8","20,3","0,17",0,7,0,"0,07","15,4",0,"51,9","0,051","0,07","0,43","0,14","0,12",64,0
"Chou0fleur, surgelé, cuit",18,"0,22","0,034",0,0,0,0,0,0,"1,05","1,03","2,7","1,61","0,045",17,"0,024","0,41","0,1",9,"0,15",24,139,0,18,"0,13",0,6,0,"0,06","11,9",0,"31,3","0,037","0,053","0,31","0,098","0,088",41,0
"Chou0rave, bouilli/cuit à l'eau","25,79","0,11","0,014",0,0,0,0,0,0,"4,4","2,8","1,1","1,8","0,053",25,"0,13","0,4",0,19,"0,14",45,340,0,21,"0,31",0,21,0,"0,52","0,1",0,54,"0,04","0,02","0,39","0,16","0,15",12,0
"Chou0rave, cru","17,46","0,1","0,013","0,007","0,021","0,027",0,0,0,"2,35","2,35","3,6","1,79","0,05",24,"0,13","0,4","0,71",19,"0,14",46,350,"0,47",20,"0,03",0,22,0,"0,48","0,1",0,"55,1","0,05","0,02","0,4","0,17","0,15",16,0
"Choucroute garnie, préemballée",109,"8,06","3,22",0,"0,82","0,074",0,0,"34,7","2,8","0,66","2,71","5,06","1,39","27,1","0,076","0,83","17,8",18,"0,067","60,6","97,5",10,552,"0,84",0,0,0,"0,25",0,0,"9,09","0,14","0,11","0,68",0,"0,02",10,0
"Choucroute, sans garniture, égouttée, cuite","75,3","6,6","2,02","2,81","0,97","0,1","0,01","0,01","8,44","0,1","0,2","4,5","1,38","1,26",43,"0,05","0,3",20,"6,8","0,09",15,83,20,505,"0,15",21,5,"0,25","0,4",31,0,"17,2","0,015","0,01","0,1","0,11","0,055","19,1","0,028"
Chouquette,381,"18,6","9,89","4,51","1,17","0,14","0,0065","0,017",191,"42,6","27,1","6,1","7,76","1,08",36,1,"1,6",10,"13,9",1,113,107,16,433,1,150,50,"0,2","2,4","24,5",0,0,"0,05","0,19","0,2","0,58","0,07","78,9","1,1"
"Christophine à peau blanche, pulpe, cuite à la vapeur, prélevée à la Martinique","28,857","0,033",0,0,0,0,0,0,0,"5,93",0,"1,9","1,21",0,0,"0,063",0,0,0,0,0,192,0,0,0,0,0,0,0,0,0,"7,4",0,0,0,0,0,"20,8",0
"Christophine à peau verte, pulpe, cuite à la vapeur, prélevée à la Martinique","23,527","0,023",0,0,0,0,0,0,0,"4,6",0,3,"1,23",0,0,"0,0019",0,0,0,0,0,198,0,0,0,0,0,0,0,0,0,"12,5",0,0,0,0,0,"17,8",0
"Christophine blanche, pulpe, appertisée, non égouttée, prélevée à la Martinique",0,0,0,0,0,0,0,0,0,0,0,1,0,0,0,0,0,0,0,0,0,0,0,0,0,0,0,0,0,0,0,"0,23",0,0,0,0,0,"23,4",0
"Christophine, pulpe, cuite à la vapeur, surgelée, prélevée à la Martinique",0,0,0,0,0,0,0,0,0,0,0,"1,6",0,0,0,0,0,0,0,0,0,0,0,0,0,0,0,0,0,0,0,"6,1",0,0,0,0,0,"14,9",0
"Ciboule ou Ciboulette, fraîche","29,7","0,52","0,15","0,017","0,083","0,12",0,0,0,"2,1","1,75","3,19","2,57","0,028","92,8","0,1","1,31","2,2","23,8","0,85","46,3",275,"0,35","11,5","0,45",0,1610,0,"0,99",260,0,"39,7","0,065","0,12","0,57","0,19","0,12","78,3",0
Cidre (aliment moyen),"13,903","0,083",0,0,0,0,0,0,0,"3,22","2,82",0,"0,069","0,01","7,65","0,0038","0,62","3,27","3,13","0,025","3,83","99,7","3,44","4,19","0,022",0,"0,69",0,0,0,0,"10,3",0,0,0,0,0,0,0
Cidre aromatisé (framboise),"35,4","0,6",0,0,0,0,0,0,0,"5,34","4,96",0,"0,5","0,008",16,"0,01","0,1",20,4,"0,05",5,110,20,"3,2","0,05",0,5,0,0,"0,8",0,"0,5","0,015","0,01","0,1","0,078","0,015",5,0
Cidre bouché demi0sec,48,"0,6",0,0,0,0,0,0,0,"4,4","3,7",0,"0,5","0,007",17,"0,01","0,2",20,"3,4","0,04",7,120,20,"2,8","0,05",0,5,0,0,"0,8",0,"0,5","0,015","0,01","0,1","0,086","0,02",5,0
Cidre brut,"10,48",0,0,0,0,0,0,0,0,"2,62","2,22",0,0,"0,01","3,24","0,0033","0,84","0,7","2,92","0,024",3,"95,8","2,2","4,12","0,022",0,0,0,0,0,0,"14,1",0,0,0,0,0,0,0
Cidre doux,"37,5","0,6",0,0,0,0,0,0,0,"5,09","4,61",0,"0,5","0,0098",17,"0,01","0,1",20,"3,5","0,03",6,110,20,"3,9","0,05",0,5,0,0,"0,8",0,"0,5","0,015","0,01","0,1","0,064","0,01",5,0
Cidre traditionnel,"7,48",0,0,0,0,0,0,0,0,"1,87","1,58",0,0,"0,013","8,95","0,003","0,74","0,7","3,4","0,02",3,"95,8",0,"5,35","0,02",0,0,0,0,0,0,"14,1",0,0,0,0,0,0,0
Cigarette,"520,66","27,5","17,5",0,0,"0,2",0,0,0,63,38,1,"5,29","0,28",0,0,0,0,0,0,0,163,0,111,0,0,0,0,0,0,0,0,0,0,0,0,0,0,0
Citron givré ou Orange givrée (sorbet),133,"1,77",0,0,0,0,0,0,0,"29,1","24,4",0,"0,14","0,034",0,0,0,0,0,0,0,0,0,"13,6",0,0,0,0,0,0,0,0,0,0,0,0,0,0,0
"Citron ou Lime, spécialité à diluer pour boissons, sans sucres ajoutés","19,7",0,0,0,0,0,0,0,0,"1,31","0,91",0,"0,5","0,0035","6,1","0,01","0,05",20,"3,2","0,01","4,7",44,20,"1,4","0,05",0,5,0,0,0,0,"5,56","0,27","0,01","0,1","0,025","0,01","6,44",0
"Citron vert ou Lime, pulpe, cru","40,2","0,3","0,01","0,01","0,01","0,01","0,01","0,01",0,"3,14","2,1","4,3","1,13","0,015",57,"0,08","0,2",20,14,"0,09",24,190,20,6,"0,15",0,"12,4",0,"0,45","0,8",0,"29,3","0,015","0,023","0,25","0,23","0,018","36,5",0
"Citron, pulpe, cru","27,6","0,5","0,01","0,01","0,01","0,01","0,01","0,01",0,"1,56","0,8","0,5","0,5","0,013",11,"0,04","0,15",20,"7,9","0,02",12,140,20,5,"0,33",0,5,0,"0,08","0,8",0,45,"0,043","0,01","0,1","0,14","0,023","28,4",0
"Citron, zeste, cru","29,82","0,3","0,042","0,011","0,067","0,028",0,0,0,"5,4","4,17","10,6","1,38","0,015",134,"0,092","0,9",0,15,0,12,160,7,6,"0,25",0,7,0,"0,25",0,0,129,"0,06","0,08","0,4","0,32","0,17",13,0
"Citrouille, pulpe, crue","28,9","0,1","0,052",0,0,0,0,0,0,6,"2,76","0,5",1,"0,0025",21,"0,13","0,8",0,12,"0,13",44,340,0,1,"0,32",0,3100,0,"1,06","1,1",0,9,"0,05","0,11","0,6","0,3","0,061",16,0
"Clafoutis aux fruits, préemballé",192,"6,51","3,9","1,81","0,32","0,029","0,0058","0,012",68,"27,2","21,4","1,88","5,22","0,18",84,"0,069","0,57","11,9",15,"0,087","76,2",182,10,"76,7","0,39",56,"31,7","0,5","0,43",0,0,"0,5","0,043","0,15","0,32","0,49","0,1",23,"0,24"
"Clam, Praire ou Palourde, bouilli/cuit à l'eau","99,2","1,48","0,14",0,0,0,"0,16","0,14","50,5","5,33",0,0,"16,2","1,56","72,5","0,5","9,67",80,"12,9","0,75",231,432,"51,8",625,"2,05",81,0,0,1,0,0,"22,1","0,11","0,29","2,03","0,47","0,13","20,1","39,5"
"Clam, Praire ou Palourde, cru","80,5","2,65","0,21","0,054","0,027","0,015","0,043","0,064",40,"2,66","0,16",0,"11,5","0,82",46,"0,053","7,81",80,19,"0,085",168,180,0,329,"0,96",53,0,0,"0,68","0,2",0,13,"0,048","0,13","1,08","0,15","0,035","10,5","11,3"
"Clémentine ou Mandarine, pulpe, crue","47,3","0,5","0,01","0,01","0,01","0,01","0,01","0,01",0,"9,17","8,6","1,7","0,81","0,013",23,"0,04","0,09",20,"9,3","0,02",18,140,20,5,"0,1",0,147,0,"0,21","0,8",0,"49,2","0,064","0,01","0,23","0,2","0,079","27,6",0
Clou de girofle,335,13,"3,95","0,78","2,56","0,59","0,008",0,0,"31,6","2,38","33,9","5,97","0,69",632,"0,37","11,8",0,259,"60,1",104,1020,0,277,"2,32",0,45,0,"8,82",142,0,"0,2","0,16","0,22","1,56","0,51","0,39",25,0
Cocktail à base de rhum,"109,71","2,19","1,64",0,0,0,0,0,0,"22,5","22,3","0,3",0,"0,015",8,"0,079","0,21",0,8,"0,53",7,71,0,6,"0,13",0,1,0,"0,02","0,1",0,"4,9","0,029","0,017","0,12","0,061","0,045",12,0
Cocktail à base de whisky,"63,78","0,02","0,003",0,0,0,0,0,0,"15,9","15,8",0,0,"0,12",46,"0,034","0,08",0,3,"0,007",4,4,0,47,"0,04",0,0,0,0,0,0,"0,4","0,003","0,002","0,005","0,01",0,0,0
Cocktail sans alcool (à base de jus de fruits et de sirop),"53,2",0,0,0,0,0,0,0,0,"12,8","11,2",0,"0,5","0,0075","12,8","0,043","0,1","5,43","8,31","0,035","10,9",132,"0,36",2,"0,034",0,75,0,1,0,0,12,"0,17","0,019","2,4","0,9","0,21",30,"0,38"
"Cocktail type punch, 16% alcool",79,"0,6","0,00024","0,00024","0,00024","0,00024","0,00024","0,00024",0,"17,8","17,8","0,5","0,6","0,042",13,"0,01","0,06",20,"3,1","0,09",13,43,50,"16,7","0,26",0,"52,9",0,"0,08",0,0,"1,2","0,021","0,01","0,16","0,053","0,02","5,08","0,077"
"Coeur de palmier, appertisé, égoutté","30,42","0,5","0,13",0,0,0,0,0,0,"4,03","1,5","2,32","2,45","0,81",58,"0,13","3,13","0,5",38,"1,39",65,177,0,316,"1,15",0,0,0,0,0,0,"7,9","0,011","0,057","0,44","0,13","0,022",39,0
"Coeur, agneau, cru",119,"5,68","2,25",0,0,0,"0,04","0,03",135,"0,4","0,4",0,"16,5","0,22",6,"0,4","4,6",0,17,"0,046",175,316,0,89,"1,87",0,0,"0,51","0,48",0,0,5,"0,37","0,99","6,14","2,63","0,39",2,"10,3"
"Coeur, agneau, cuit",179,"7,91","3,14",0,0,0,"0,06","0,04",249,"1,93",0,0,25,"0,16",14,"0,61","5,52",0,24,"0,055",254,188,0,63,"3,68",0,0,0,0,0,0,7,"0,17","1,19","4,36","1,37","0,3",2,"11,2"
"Coeur, boeuf, cru",103,"2,95","0,74","0,4","0,27","0,026",0,0,137,"0,7",0,0,"18,5","0,2","5,48","0,35","5,14","1,8",19,"0,034",213,264,"23,5","81,7","1,49",0,0,1,"0,21",0,0,2,"0,29","0,83","6,78","2,15","0,11","11,5","8,44"
"Coeur, boeuf, cuit",133,"4,5","1,81",0,0,"0,012",0,0,142,"0,15",0,0,23,"0,15",5,"0,56","6,7",3,21,"0,033",254,219,0,59,"2,3",0,0,"0,1","0,29","0,5",0,0,"0,36","1,21","6,9","1,06","0,33",5,"11,5"
"Coeur, dinde, cru",135,"7,44","1,92","1,8","1,76","0,093","0,002","0,006",225,"0,4",0,0,"16,7","0,32",18,"0,49","3,7",0,21,"0,1",183,179,0,129,"3,21",80,23,"0,4","0,31",0,0,3,"0,17","1,13","6,44","3,12","0,48",6,"13,3"
"Coeur, dinde, cuit",167,"7,52","1,9","1,48","1,39","0,049","0,009","0,005",359,0,0,0,"24,9","0,35",21,"0,83","6,96",0,28,"0,12",241,203,0,140,"4,6",16,0,0,"0,13",0,0,0,"0,24","1,54","7,76","1,58","0,61",8,"13,9"
"Coeur, porc, cru",109,"4,33","1,08","0,85","0,71",0,0,0,131,"0,4",0,0,"17,1","0,2","5,15","0,41","5,34","1,1",20,"0,051",187,296,"12,1","81,5","2,45",7,0,"0,51","0,42",0,0,"4,15","0,53","1,09","6,63","2,51","0,41","6,5","3,25"
"Coeur, poulet, cru",149,"9,32","2,66","1,98","1,91","0,07",0,0,136,"0,7",0,0,"15,6","0,17",12,"0,35","5,96",0,16,"0,089",177,177,0,69,"6,59",9,0,0,0,0,0,"3,2","0,23","0,73","4,88","2,56","0,3","58,5","7,29"
"Coeur, poulet, cuit",177,"7,92","2,26",0,0,0,0,0,242,"0,1",0,0,"26,4","0,12",19,"0,5","9,03",0,20,"0,11",199,132,0,48,"7,3",8,0,0,0,0,0,"1,8","0,07","0,74","2,8","2,65","0,32",80,"7,29"
"Coeur, veau, cru",106,"3,84","1,24","0,85","0,54",0,"0,03",0,127,"1,8",0,0,"16,1","0,23","4,71","0,32","3,92","1,9",20,"0,034",213,261,14,"90,5","1,44",6,0,1,"0,8",0,0,"6,5","0,43","0,84","6,2","2,79","0,37",11,"12,9"
"Coing, cru","56,54","0,1","0,0085","0,027","0,036",0,0,0,0,"13,4","6,3","1,9","0,51","0,01",11,"0,13","0,7","0,4",8,0,17,197,0,4,"0,04",0,0,0,"0,55",0,0,15,"0,02","0,03","0,2","0,081","0,04",3,0
"Cola, non sucré, avec édulcorants","1,3","0,053",0,0,0,0,0,0,0,"0,11","0,11","0,003","0,081","0,024","2,26","0,0068","0,065","0,8","2,38","0,0012",10,6,"2,2","9,88","0,016",0,0,0,0,0,0,0,"0,005","0,023",0,0,0,0,0
"Cola, non sucré, avec édulcorants, sans caféine","0,87",0,0,0,0,0,0,0,0,"0,2","0,2",0,0,"0,018",3,"0,002","0,02",0,0,0,10,7,0,7,"0,01",0,0,0,0,0,0,0,"0,005","0,023",0,0,0,0,0
"Cola, sucré","41,8","0,062",0,0,0,0,0,0,0,"10,2","10,2",0,"0,093","0,017","1,92","0,0044","0,11","0,8","2,44","0,0012",10,2,"2,2","6,71","0,016",0,0,0,0,0,0,0,0,0,0,0,0,0,0
"Cola, sucré, avec édulcorants","26,6669","0,0033",0,0,0,0,0,0,0,"6,65","6,65","0,0033","0,0093","0,011",0,0,0,0,0,0,17,10,0,"4,2",0,0,0,0,0,0,0,0,0,0,0,0,0,0,0
"Cola, sucré, sans caféine","43,8",0,0,0,0,0,0,0,0,11,11,0,0,"0,025",2,0,"0,02",0,0,0,11,3,0,10,"0,01",0,0,0,0,0,0,0,0,0,0,0,0,0,0
"Cola, teneur en sucre et édulcorant inconnue (aliment moyen)","30,7","0,059",0,0,0,0,0,0,0,"7,45","7,41","0,00084","0,089","0,019",2,"0,005","0,097","0,79","2,4","0,0006","10,1","3,14","1,09","7,55","0,0081",0,0,0,0,0,0,0,"0,0014","0,0062",0,0,0,0,0
Compote de pomme,102,"0,21","0,017","0,0074","0,039","0,0092","0,00002","0,00002",0,"24,4","20,7","1,53","0,23",0,"4,44","0,043","0,11","0,2","5,09","0,027",6,104,10,0,"0,025",0,3,0,"0,18","0,6",0,"14,5","0,017","0,022","0,072","0,044","0,027",1,0
"Compote de pomme, allégée en sucres","65,1","0,08","0,064",0,0,0,0,0,0,"15,1","14,3","1,3","0,5","0,013","3,8","0,04","0,12",0,"3,9","0,03","9,5",120,20,5,"0,05",0,"8,51","0,25","0,32","0,8",0,"7,75","0,015","0,01","0,1","0,072","0,032","15,1",0
"Compote ou assimilé, tout type de fruits, teneur en sucre (allégée en sucres ou non, sans sucres ajoutés...) inconnue (aliment moyen)","80,1","0,15","0,03","0,0074","0,017","0,0054","0,0021","0,0021",0,"18,6","16,7","1,68","0,25","0,0048","7,87","0,046","0,092","3,72","5,59","0,05",10,132,"9,12","1,9","0,033","3,8","45,9","0,091","0,45","0,67",0,"19,6","0,01","0,0096","0,12","0,087","0,02","7,3",0
"Compote, tout type de fruits",102,"0,092","0,068",0,0,0,0,0,0,"23,9","23,1",2,"0,5","0,013",18,"0,05","0,13","0,1","5,8","0,04",13,150,20,5,"0,07",0,"82,7","0,25","0,87","1,52",0,42,"0,015","0,01","0,15","0,12","0,025","13,6",0
"Compote, tout type de fruits, allégée en sucres",66,"0,08","0,037","0,013","0,0098","0,0018","0,000056","0,000075",0,"15,3","14,6","1,6","0,5","0,013","6,2","0,04","0,14","0,1","5,5","0,08",11,140,20,5,"0,05",0,"99,3","0,25","0,53","0,8",0,"11,5","0,015","0,01","0,1","0,095","0,027","9,03",0
"Compote, tout type de fruits, allégée en sucres, rayon frais","65,2","0,48","0,14","0,0002","0,0002","0,0002","0,0002","0,0002",0,"14,9","14,3","1,4","0,32","0,011","4,7","0,04","0,09",20,"4,7","0,03","9,6",120,50,"4,38","0,05",21,"23,9",0,"0,37",0,0,"10,1","0,01","0,01","0,12","0,036","0,044",5,0
Comté,418,"34,6","22,5","5,5","0,45","0,12","0,025",0,115,0,0,0,"27,2","0,8",993,"0,61","0,49","24,4","43,7","0,03",681,116,"7,02",322,"3,84",263,0,0,"0,8",0,0,0,0,"0,38",0,0,0,5,"2,59"
"Concombre, pulpe avec graines, cru, prélevé à la Martinique","8,14","0,58",0,0,0,0,0,0,0,0,0,0,"0,73",0,0,0,0,0,0,0,0,0,0,0,0,0,0,0,0,0,0,"0,1",0,0,0,0,0,0,0
"Concombre, pulpe et peau, cru","15,6","0,11","0,035","0,003","0,02","0,018",0,0,0,"2,54","1,67","0,6","0,64","0,012","19,2","0,026","0,13","0,3","13,6","0,085","24,7",157,10,"4,8","0,095",0,45,0,"0,09","16,4",0,"8,25","0,022","0,025","0,15","0,28","0,037","12,3",0
"Concombre, pulpe, cru","14,7","0,5","0,01","0,01","0,01","0,01","0,01","0,01",0,"2,23","1,8","0,8","0,56","0,013",16,"0,02","0,14",20,"8,9","0,11",25,140,20,5,"0,13",0,"24,3",0,"0,08","2,75",0,"3,52","0,015","0,01","0,1","0,15","0,042","7,2",0
"Concombre, pulpe, cru, prélevé à la Martinique","4,11","0,27",0,0,0,0,0,0,0,0,0,0,"0,42",0,0,0,0,0,0,0,0,0,0,0,0,0,0,0,0,0,0,"0,3",0,0,0,0,0,0,0
"Cône ou cornet classique, pour glace","396,6",5,"4,1",0,0,0,0,0,0,"80,4","25,6",2,"7,5","0,54",0,0,0,0,0,0,0,0,0,215,0,0,0,0,0,0,0,0,0,0,0,0,0,0,0
Confiserie au chocolat dragéifiée,505,"24,3",15,0,0,0,0,0,"12,1",65,"57,4","1,98","5,49","0,28",231,"0,8","12,5","7,87","40,5",0,292,112,0,113,"0,97",194,0,"0,46","5,69",0,0,"0,95","0,057","0,28","0,17","0,5","0,08","6,5","0,68"
Confit de canard,273,"18,8","7,26","3,27","1,17","0,034",0,0,132,"0,15","0,14","0,4","25,7","1,44","5,3","0,1","2,7",17,"18,8","0,1",179,241,28,568,"5,7",21,30,"1,8","0,46",0,0,1,"0,056","0,34","7,1","0,74","0,3",20,"2,95"
"Confit de canard, viande (cuisse), sans peau, réchauffé",195,"7,4","2,31","3,16","0,85","0,03","0,01","0,01",112,0,0,0,32,"1,89",13,"0,16","2,3",20,17,"0,01",170,300,40,757,"5,5",21,0,"1,14","0,59","0,8",0,"0,5","0,043","0,23","5,16","0,92","0,18","23,8","4,24"
Confit de foie de porc,346,25,"9,5",0,0,0,0,0,0,"14,1",1,"0,5",16,"1,51",0,0,0,0,0,0,0,0,0,605,0,0,0,0,0,0,0,0,0,0,0,0,0,0,0
Confit de foie de volaille,356,30,11,0,0,0,0,0,0,"7,42",0,0,14,"1,93",0,0,0,0,0,0,0,0,0,770,0,0,0,0,0,0,0,0,0,0,0,0,0,0,0
Confiture d'abricot (extra ou classique),247,"0,3","0,041",0,0,0,0,0,0,"59,7","56,8","1,1","0,5","0,013","8,7","0,03","0,14",20,"4,4","0,03","7,7",110,20,5,"0,07",0,"82,1","0,25","0,7","0,8",0,"6,42","0,015","0,01","0,1","0,072","0,022",5,0
Confiture de cerise (extra ou classique),"246,56","0,16",0,0,0,0,0,0,0,"60,9",60,"0,55","0,38","0,018",12,"0,05","0,22",20,"7,1","0,08",16,110,20,7,"0,05",0,"54,8",0,0,"1,14",0,"19,6","0,024","0,013","0,1","0,1","0,01",6,0
Confiture de fraise (extra ou classique),251,"0,5","0,11","0,15","0,09","0,05","0,01","0,01",0,"60,5","60,1","0,7","0,5","0,018",9,"0,02","0,17",20,"5,7","0,2",10,77,20,7,"0,05",0,5,0,"0,28","0,8",0,"11,4","0,015","0,01","0,1","0,063","0,01","24,6",0
Confiture de framboise (extra ou classique),"247,77","0,21",0,0,0,0,0,0,0,61,"59,5","0,95","0,47","0,013","9,9","0,02","0,28",20,"9,5","0,87",11,100,20,5,"0,12",0,5,0,0,2,0,"2,93","0,019","0,012","0,1","0,077","0,029","13,9",0
Confiture de lait,"306,85","5,45","2,87","1,46","0,099","0,031","0,004",0,23,58,"51,7","0,58","6,45","0,27",211,"0,004","0,17",0,22,"0,002",193,350,0,109,"0,79",73,0,"0,2","0,2",0,0,"2,6","0,016","0,41","0,21","0,84","0,016",11,"0,31"
Confiture de myrtilles (extra ou classique),246,"0,4","0,028",0,0,0,0,0,0,"58,9","58,9","2,1","0,5","0,013","8,7","0,02","0,14",0,"3,2","1,2","6,6",35,20,5,"0,06",0,5,"0,25","0,52","0,8",0,"0,5","0,015","0,01","0,1","0,064","0,01",5,0
Confiture de prune (extra ou classique),"239,18","0,1",0,0,0,0,0,0,0,"59,3","59,3","0,87","0,27","0,04",0,0,0,0,0,0,0,0,0,16,0,0,0,0,0,0,0,0,0,0,0,0,0,0,0
"Confiture ou Marmelade, tout type de fruits (aliment moyen)",249,"0,31","0,055",0,0,"0,027",0,0,0,"60,2",59,"0,91","0,29","0,019","11,5","0,026","0,17",10,"5,85","0,22","9,43","89,3",10,"7,73","0,05",0,"27,9",0,"0,44","0,69",0,"9,28","0,011","0,0066","0,05","0,071","0,014","13,7",0
"Confiture ou Marmelade, tout type de fruits, teneur en sucre inconnue (aliment moyen)",228,"0,29","0,053",0,0,"0,034",0,0,0,"56,5","55,5","1,05","0,37","0,02","11,8","0,027","0,18","8,99","6,02","0,23","9,95","93,4",10,"7,94","0,052",0,"46,7",0,"0,46","0,8",0,"9,34","0,01","0,0063","0,067","0,078","0,015","14,4",0
"Confiture, tout type de fruits, allégée en sucres (extra ou classique)",162,"0,3","0,044","0,036","0,051","0,054","0,00008","0,00008",0,38,38,"1,8","0,75","0,023",13,"0,03","0,2",10,"6,7","0,25",12,110,20,9,"0,06",0,122,"0,25","0,54","1,22",0,"9,57","0,015","0,01","0,14","0,11","0,019","17,5",0
"Congre, cru",115,"4,6",0,0,0,0,0,0,78,0,0,0,"18,3","0,13",71,"0,2","1,3",30,20,"0,01",270,240,0,50,"0,9",0,0,0,0,0,0,0,"0,06","0,04","4,3","0,24",0,0,3
Cookie aux pépites de chocolat,"494,98","25,9","12,9","9,37","2,15","0,049","0,0026","0,005","17,3",59,"31,5","3,38","6,47","1,01","30,5","0,44","3,43",11,"70,2","0,75",153,270,5,403,"1,2",30,11,"0,5","2,6",0,0,1,"0,26","0,24","1,05","0,43","0,09",38,"0,08"
Coppa,284,20,"6,83","5,92","1,61","0,063",0,0,0,1,"0,5",0,25,"4,5",0,0,0,12,0,0,0,0,0,1800,0,0,0,0,0,0,0,0,0,0,0,0,0,0,0
Coq au vin,133,7,1,0,0,0,0,0,65,4,1,"0,9",13,"1,05",14,"0,03","1,3","3,3",16,"0,14",128,145,"0,11",420,"0,21",0,0,"0,04","0,48",0,0,"1,5","0,07","0,19","3,7","0,74","0,17",31,"1,4"
"Coquille Saint0Jacques, noix et corail, crue",83,"1,31","0,19","0,011","0,0076","0,0086","0,12","0,14","42,2","0,78","0,5",0,17,"0,48",220,"0,09","1,16","42,6","51,4","2,4",225,388,"21,4",191,"2,91",2,0,"0,5",0,0,0,0,"0,04","0,14","1,9","0,4","0,1",17,"4,99"
"Coquille Saint0Jacques, noix et corail, cuite",110,"1,77","0,32","0,06","0,009","0,011","0,12","0,12",44,"3,22","0,3",0,"20,2","0,46","17,1","0,073","1,4",20,"62,8","1,27",357,348,"61,4",183,"2,89",2,0,0,0,0,0,0,"0,046","0,037","0,99","0,26","0,11",19,"8,39"
"Coquille Saint0Jacques, noix, crue","83,6","0,84","0,094","0,003","0,0018","0,0014","0,05","0,081",38,"1,15",0,0,"17,9","0,34","11,9","0,1","0,58",28,44,"1,15",224,392,"7,7",137,"1,56",2,0,"0,5","1,04",0,0,0,"0,04","0,046","1,97","0,092","0,13",0,2
"Corb, cru","87,2","0,8",0,0,0,0,0,0,0,0,0,0,20,0,74,"0,8",0,0,61,"0,3",0,527,0,0,"2,1",0,0,0,0,0,0,0,0,0,0,0,0,0,0
"Cordon bleu de volaille, préemballé",226,"12,2","3,2","4,08","2,93","0,12",0,0,"37,5","14,6","2,2","0,78",14,"1,73","60,6","0,071","0,68",8,"37,6","0,18",172,336,10,683,"1,16",25,7,"0,5","2,4",0,0,0,"0,13","0,12","4,8","0,6","0,28",16,"0,58"
"Corégone lavaret, cru",115,"3,72","0,61",0,"0,066","0,1","0,23","0,69","56,3",0,0,0,"20,5","0,13",43,"0,049","0,44",12,"31,5","0,059",280,349,16,50,"0,77",22,0,"7,5","1,45","0,1",0,0,"0,11","0,095","3,5","0,75","0,3",15,1
"Coriandre, fraiche","22,3","0,52","0,014",0,0,0,0,0,0,"0,87","0,87","2,8","2,13","0,12",67,"0,23","1,77",0,26,"0,43",48,521,0,46,"0,5",0,3930,0,"2,5",310,0,27,"0,067","0,16","1,11","0,57","0,15",62,0
"Coriandre, graine",346,"17,8","0,97","13,5","1,76",0,0,0,0,13,0,"41,9","12,4","0,088",709,"0,98","16,3",0,330,"1,9",409,1270,0,35,"4,7",0,0,0,0,0,0,21,"0,24","0,29","2,13",0,0,0,0
Corne de gazelle (pâtisserie orientale aux amandes et sirop),"473,9","22,1","7,78","9,78","3,68","0,22",0,0,0,"60,2",32,1,"8,55","0,15","68,2","0,2",1,40,"44,9","0,5",70,165,5,"59,2","0,7",0,0,0,0,0,0,0,"0,096","0,19","1,05","0,36","0,14",37,0
"Corned0beef, appertisé",188,"10,5","4,54","3,61","0,24","0,05",0,"0,005","75,5","0,1","0,2","1,5","23,1","1,95","14,5","0,064","2,24",0,14,"0,014",111,244,0,781,"3,57",0,0,"0,2","0,15","1,6",0,0,"0,055","0,19","3,32","0,63","0,13",9,"1,62"
"Cornichon, aigre0doux",36,"0,35",0,0,0,0,0,0,0,5,4,"1,5","1,25","1,1",0,0,0,0,0,0,0,0,0,386,0,0,0,0,0,0,0,0,0,0,0,0,0,0,0
"Cornichon, au vinaigre","19,4","0,6","0,01","0,01","0,01","0,01","0,01","0,01",0,"0,78","0,6","1,5","1,06","1,72",65,"0,05","0,25",20,23,"0,06",26,120,20,689,"0,13",0,369,0,"0,48","42,8",0,"0,5","0,13","0,01","0,2","0,11","0,01","11,5",0
"Coulirou, cru","70,9","0,1",0,0,0,0,0,0,0,0,0,0,"17,5","0,15",50,0,"0,4",0,30,0,115,614,0,61,0,0,0,0,0,0,0,0,"0,03","0,08","3,2",0,0,0,0
"Coulis de fruits rouges (framboises, fraises, groseilles, cassis)","108,46","0,54","0,051","0,01","0,01","0,01",0,"0,01",0,"25,1","25,1","3,46","0,8","0,014","25,6","0,074","0,71","0,88","14,5","0,32","26,9",204,"0,3","7,79","0,2",0,44,0,"0,45",0,0,"60,9","0,024","0,067","0,33","0,22","0,055","34,6",0
Coulommiers,279,"22,8","15,8","4,29","0,36","0,1","0,011",0,85,0,0,0,"18,8","1,37",400,"0,07","0,23",28,"21,7",0,185,165,5,534,"3,28",196,0,0,"0,6",0,0,0,0,0,0,0,0,0,0
Coupe glacée parfum pêche Melba ou poire Belle0Hélène,163,"3,36","1,79",0,0,0,0,0,0,"32,2","31,4","0,35","0,91","0,094",0,0,0,0,0,0,0,0,0,36,0,0,0,0,0,0,0,0,0,0,0,0,0,0,0
Coupe glacée type café ou chocolat liégeois,220,10,"7,74",0,0,0,0,0,0,"28,6","25,6","1,82","3,04","0,12",0,0,0,0,0,0,0,0,0,"47,4",0,0,0,0,0,0,0,0,0,0,0,0,0,0,0
"Courge doubeurre (butternut), pulpe, crue","26,5","0,1","0,021",0,0,0,0,0,0,"5,4","2,2",2,1,"0,01",48,"0,072","0,7",0,34,"0,2",33,352,0,4,"0,15",0,4230,0,"1,44","1,1",0,21,"0,1","0,02","1,2","0,4","0,15",27,0
"Courge doubeurre (butternut), pulpe, cuite","5,55","0,07","0,014",0,0,0,0,0,0,0,0,0,"1,23","0,005",19,"0,036","0,58",0,9,"0,17",14,133,0,2,"0,12",0,0,0,0,0,0,"3,5","0,05","0,039","0,46","0,15","0,069",16,0
"Courge hokkaïdo, pulpe, crue","50,92","0,6",0,0,0,0,0,0,0,"9,98",0,"2,6","1,4",0,"24,7",0,"0,4",0,"10,8",0,"32,8",436,0,0,0,0,0,0,0,0,0,"13,9","0,015",0,0,0,0,0,0
"Courge melonnette, pulpe, crue","28,09","0,13",0,0,0,0,0,0,0,"5,98",0,"1,35","0,75",0,"18,3",0,"0,48",0,"16,8",0,"23,5",359,0,0,0,0,0,0,0,0,0,"9,7","0,01",0,0,0,0,0,0
"Courge musquée, pulpe, crue","21,5","0,1",0,0,0,0,0,0,0,"4,6",0,1,"0,55",0,"18,3",0,"0,43","0,5","6,25",0,"18,3",235,0,0,0,0,0,0,0,0,0,"4,6","0,01",0,0,0,0,0,0
"Courge musquée, pulpe, cuite","30,7","0,5","0,01","0,01","0,01","0,01","0,01","0,01",0,"5,24",4,"1,8","1,06","0,013",17,"0,05","0,15",20,"7,4","0,04",17,340,20,5,"0,13",0,1150,"0,25","0,94","0,8",0,"2,28","0,02","0,01","0,5","0,23","0,064","30,5",0
"Courge spaghetti, pulpe, crue","29,33","0,57","0,12",0,0,0,0,0,0,"5,41","2,76","1,5","0,64","0,043",23,"0,037","0,31",0,12,"0,13",12,108,0,17,"0,19",0,64,0,"0,13","0,9",0,"2,1","0,037","0,018","0,95","0,36","0,1",12,0
"Courge spaghetti, pulpe, cuite","25,22","0,26","0,062",0,0,0,0,0,0,"5,06","2,53","1,4","0,66","0,045",21,"0,035","0,34",0,11,"0,11",14,117,0,18,"0,2",0,59,0,"0,12","0,8",0,"3,5","0,038","0,022","0,81","0,36","0,099",8,0
"Courge, crue","12,33","0,17","0,037","0,013","0,028","0,048",0,0,0,"1,6","1,6","1,3","1,1","0,011","28,5","0,061","0,6","0,15","16,5","0,17","30,5",312,"0,24","4,5","0,26",0,820,0,"0,12","1,1",0,"14,7","0,028","0,1","0,49","0,17","0,13",34,0
"Courgette, pulpe et peau, crue","16,5","0,26","0,061","0,01","0,03","0,055",0,0,0,"1,8","1,79","1,05","1,23","0,023","18,7","0,052","0,36","1,64","17,5","0,18","44,7",262,"0,58",9,"0,31",0,120,0,"0,12","4,3",0,"17,5","0,047","0,12","0,47","0,18","0,19",36,0
"Courgette, pulpe et peau, cuite","15,5","0,36","0,1","0,0046","0,041","0,11",0,0,0,"1,4","1,39","1,5","0,93","0,098","19,3","0,085","0,32",5,"22,3","0,089",65,238,10,39,"0,22",0,173,0,"0,12","4,2",0,"2,9","0,05","0,05","0,05","0,05","0,05","32,8",0
"Courgette, pulpe et peau, rôtie/cuite au four",23,"0,3","0,01","0,01","0,01","0,01","0,01","0,01",0,"3,13","2,7","1,7","1,5","0,013",24,"0,07","0,4",20,23,"0,14",41,300,20,5,"0,27",0,415,0,"0,13","2,92",0,"0,5","0,02","0,035","0,64","0,2","0,038","16,4",0
"Courgette, pulpe et peau, surgelée, crue","14,74","0,14","0,027",0,0,0,0,0,0,"2,18","1,56","1,48","1,19","0,019",20,"0,05","0,64",0,13,"0,24",28,218,0,"8,36","0,21",0,119,0,"0,12","4,2",0,"9,32","0,048","0,042","0,43","0,3","0,05",10,0
"Courgette, purée","54,3","1,9","1,3",0,0,0,0,0,0,"6,5","2,3","1,5","2,8","0,6",0,0,0,0,0,0,0,0,0,220,0,0,0,0,0,0,0,0,0,0,0,0,0,0,0
"Couronne de Noël (Brioche) aux fruits confits, préemballée",355,"12,3","5,83",0,0,0,0,0,0,"53,3","19,6","1,35","7,2","0,89",0,0,0,0,0,0,0,0,0,354,0,0,0,0,0,0,0,0,0,0,0,0,0,0,0
"Court0bouillon pour poissons, déshydraté",260,23,16,0,0,0,0,0,0,7,"4,5","2,5",5,"47,5",0,0,0,0,0,0,0,0,0,19000,0,0,0,0,0,0,0,0,0,0,0,0,0,0,0
"Couscous à la viande ou au poulet, préemballé, allégé","90,7","1,9","0,4",0,0,0,0,0,16,"11,5","2,1",2,"5,9","0,7",22,0,"0,78","2,3",17,"0,16",88,148,0,300,0,34,779,"0,04","0,97",0,0,7,"0,07","0,07",2,"0,3","0,13",18,"0,04"
"Couscous à la viande, préemballé",128,"4,73","1,24",0,0,"0,067",0,0,0,"12,5","1,97","2,53","7,59","0,78","25,2","0,098",0,0,"18,8","0,21",0,179,"2,58",313,"1,02",0,0,0,0,0,0,0,0,0,0,0,0,0,0
Couscous au mouton,149,"7,2",0,0,0,0,0,0,"17,5","12,2","1,38","1,3","8,31","0,81","31,6","0,1","1,24",3,"23,2","0,19","95,4",187,0,322,"1,22",0,724,"0,14","0,4",0,0,5,"0,075","0,075","1,7","0,3","0,11",18,"0,5"
Couscous au poisson,105,"1,6","0,2",0,0,0,0,0,"15,6","14,2","1,7","1,7","7,5","0,84",24,"0,1","4,1",10,23,"0,2",89,192,0,337,"0,4","0,9",1020,"0,1","1,2",0,0,"7,6","0,1","0,1",0,"0,2","0,1",24,"0,5"
Couscous au poulet,130,"3,85","1,17",0,0,0,0,0,"26,6","15,6","2,87","1,47","7,5","0,79","18,4",0,"0,86",3,"18,4",0,69,153,0,307,0,14,700,"0,01","0,48",0,0,"4,05","0,08","0,09","1,9","0,3","0,14","19,1","0,13"
"Couscous de légumes, préemballé",108,"2,25","0,8",0,"0,76","0,072",0,0,0,"16,4","2,54","2,24","4,32","0,73",0,0,0,0,0,0,0,0,0,274,0,0,0,0,0,0,0,0,0,0,0,0,0,0,0
"Couscous royal (avec plusieurs viandes), préemballé",132,"4,53","1,54","1,93","0,52","0,07",0,"0,01",20,14,"1,57","2,1","7,69","0,88","25,2","0,098","0,93","5,8","18,8","0,21","72,3",179,"2,58",345,"1,02","10,6",700,0,"0,4",0,0,"1,69","0,07","0,09","1,9","0,3","0,15","17,2","0,28"
"Crabe ou Tourteau, bouilli/cuit à l'eau",124,"4,29","0,55","0,62","0,076","0,11","0,61","0,28","73,3","1,79",0,0,"19,5","1,23",53,"1,99","1,62",100,55,"0,087",302,248,"39,6",478,"4,42",26,0,0,"2,4",0,0,"3,6","0,084","0,53","2,1","0,73","0,2","25,5","6,79"
"Crabe, cru",104,"2,86","0,47","0,71","0,047","0,041","0,32","0,15",78,"0,027",0,0,"19,5","0,69",84,"0,44","1,67",60,"42,5",0,208,268,82,275,"7,7",2,0,0,"2,4",0,0,"2,5","0,097","0,17","2,4","0,71","0,21","25,9","9,55"
"Crabe, miettes et ou pattes décortiquées, appertisé, égoutté",111,"1,8","0,23","0,15","0,04","0,031","0,27","0,13",78,"8,72","0,6","0,33","14,8","1,59",120,"0,44","3,5",60,32,0,220,110,31,638,"11,9",0,0,0,"2,4",0,0,0,"0,05","0,4","1,7","0,71","0,3",20,"13,5"
Crackers de table au froment,450,12,"4,5",0,0,0,0,0,0,75,"0,4","4,1","7,75","1,5",0,0,0,0,0,0,0,0,0,600,0,0,0,0,0,0,0,0,0,0,0,0,0,0,0
"Crème anglaise, préemballée",105,"2,5","1,55","0,63","0,08","0,0095","0,0024","0,0024","26,6","16,7","12,9",1,"3,44","0,13",110,"0,01","0,11",20,10,"0,01",91,140,50,"53,7","0,38","28,9","69,8","0,5","0,24","0,8",0,"0,45","0,028","0,19","0,11","0,39","0,021","9,03","0,23"
"Crème aux oeufs (petit pot de crème chocolat, vanille, etc.), rayon frais",176,"8,88","5,23","1,85","0,23","0,035","0,0039","0,0061","66,6","19,4","16,4","0,67","4,32","0,14",100,"0,08","0,79",20,19,"0,09",110,210,20,"54,2","0,53","79,3","53,6","0,25","0,46","0,81",0,"0,5","0,04","0,17","0,1","0,68","0,029","12,4","0,26"
"Crème brûlée, rayon frais",272,"20,8","12,9",0,"0,55","0,066",0,0,193,"16,6","15,6","0,61","4,46","0,11","64,3","0,1","0,8","17,5","7,6","0,1",97,94,5,"46,1","0,6",174,64,"0,5","1,17",0,0,"0,5","0,04","0,19","0,16","0,59","0,042","26,2","0,35"
"Crème caramel, rayon frais",132,"3,6","1,93","0,52","0,1","0,014",0,0,12,"20,6",18,0,"4,45","0,14","84,9","0,0084","0,32","14,4","12,8","0,004",77,150,10,"57,1","0,31",37,8,"0,07","0,16",0,0,0,"0,03","0,2","0,1","0,5","0,03",8,"0,3"
"Crème chantilly, sous pression, UHT",308,"28,2","18,9","5,59","0,48","0,11","0,01","0,01",76,"10,6","10,4",3,"2,11","0,065",101,"0,01","0,05",11,11,"0,001",89,147,0,26,"0,37",184,43,"0,4","0,64","1,9",0,0,"0,037","0,065","0,07","0,31","0,041",3,"0,29"
"Crème d'Isigny AOP, >= 35% MG","381,32",40,"28,9",0,0,0,0,0,0,3,"2,05",0,"2,33","0,076",0,0,0,0,0,0,0,0,0,"30,5",0,0,0,0,0,0,0,0,0,0,0,0,0,0,0
Crème de cassis,245,0,0,0,0,0,0,0,0,41,"40,9",0,0,0,"16,6","0,097","0,62","0,87","8,44","0,11","18,5",128,"0,57",0,"0,12",0,"48,1",0,"0,52",0,0,5,"0,015","0,015","0,11","0,15","0,03","2,96",0
"Crème de lait ou spécialité à base de crème légère, teneur en matière grasse inconnue (aliment moyen)",269,26,"17,8","5,08","0,38","0,091","0,005","0,005","90,6","2,87","2,77","1,39","2,88","0,08","82,2","0,0075","0,098","10,6","8,13","0,0031","66,2",105,"1,18","31,9","0,27",211,"78,1","0,17","0,52","0,47",0,"0,3","0,028","0,18","0,15","0,25","0,035","22,3","0,18"
"Crème de lait, 15 à 20% MG, légère, épaisse, rayon frais",166,"15,3","10,4","2,89","0,19","0,05","0,01","0,01",61,3,3,3,"2,81","0,085",98,"0,007","0,22","10,6",9,"0,007",73,117,"1,29",34,"0,34",189,105,"0,2","0,28",0,0,0,"0,037","0,23","0,2","0,3","0,044",34,"0,24"
"Crème de lait, 15 à 20% MG, légère, fluide, rayon frais","150,54","13,5","9,4",0,0,0,0,0,0,"4,3","4,2",0,"2,96","0,15",105,0,0,0,9,0,71,127,0,60,0,0,0,0,0,0,0,0,0,0,0,0,0,0,0
"Crème de lait, 15 à 20% MG, légère, semi0épaisse, UHT",194,"18,7","12,7","3,54","0,25","0,07","0,01","0,01",44,"2,89","2,89",3,"2,62","0,083",99,"0,007","0,04",12,10,"0,007",84,128,"1,3",33,"0,35",113,0,"0,18","0,34",0,0,"0,5","0,036","0,19","0,08","0,3","0,047",12,"0,37"
"Crème de lait, 30% MG, épaisse, rayon frais",304,"30,7","20,8","5,87","0,45","0,11","0,01","0,01","94,8","2,8","2,66",3,3,"0,07","76,9","0,0075","0,08","10,6","7,92","0,0018",64,101,"2,2",28,"0,24",195,73,"0,2","0,5",0,0,"0,5","0,024","0,17","0,16","0,24","0,034","23,5","0,12"
"Crème de lait, 30% MG, semi0épaisse, UHT",297,"30,7","21,4","5,48","0,43","0,08","0,01","0,01",125,"1,94","1,94",3,"2,49","0,073",67,"0,0083","0,041","10,6","6,93","0,0025","59,3","89,5","1,29",29,"0,24",329,66,"0,51","0,97","2,95",0,"0,7","0,027","0,14","0,055","0,23","0,024","7,4","0,32"
Crème de marrons,"231,15","0,67",0,0,0,0,0,0,0,55,0,"1,3","1,28",0,0,0,0,0,0,0,0,0,0,0,0,0,0,0,0,0,0,"10,3",0,0,0,0,0,0,0
"Crème de marrons vanillée, appertisée","249,34","0,7",0,0,0,0,0,0,0,"59,8",43,"3,2","0,96","0,01","11,3","0,08","1,7","0,4","12,2","0,24",0,174,1,10,"0,3",0,0,0,0,0,0,"2,27",0,0,0,0,0,30,0
"Crème dessert à la vanille, appertisée",132,"3,62","1,8",0,0,0,0,0,12,"21,1",16,"0,5","3,7","0,17",115,"0,05","0,8",14,10,"0,05",80,134,"1,1","66,5","0,6",33,3,"0,1","0,1",0,0,"0,2","0,04","0,22","0,3","0,52","0,06",22,"0,1"
"Crème dessert à la vanille, rayon frais",105,"3,6","2,48","0,66","0,05","0,01","0,01","0,01",0,"14,4","14,2",3,"3,06","0,12",133,0,0,0,0,0,0,131,1,48,0,0,0,0,0,0,0,0,0,0,0,0,0,0,0
"Crème dessert au café, rayon frais",116,"3,69","2,5",0,"0,06","0,017",0,0,0,"17,8",14,"0,042","2,93","0,16",0,0,0,0,0,0,0,0,0,"67,1",0,0,0,0,0,0,0,0,0,0,0,0,0,0,0
"Crème dessert au caramel, rayon frais",117,"3,47","2,22",0,"0,04","0,013",0,0,0,"18,6","15,9","0,12","2,92","0,18",0,0,0,0,0,0,0,0,0,78,0,0,0,0,0,0,0,0,0,0,0,0,0,0,0
"Crème dessert au chocolat, appertisée",138,"3,42","0,6",0,0,0,0,0,3,"21,8","16,8","3,6","3,25","0,1","89,7","0,17","1,35","6,1","27,9","0,19",80,247,5,"41,6","0,58",11,0,"0,03","0,13",0,0,2,"0,03","0,16","0,3","0,18","0,03",3,0
"Crème dessert au chocolat, rayon frais",130,"3,93","2,6","0,84","0,071","0,013","0,0017","0,0017","10,7","19,9","16,5","0,72","3,39","0,15",123,"0,12","1,6",20,25,"0,14",100,260,20,"59,2","0,48","23,7","9,05",0,"0,1","0,8",0,"0,5","0,038","0,14","0,1","0,5","0,025","6,99","0,075"
"Crème dessert, allégée en MG, rayon frais","79,2","1,3","0,83","0,31","0,02","0,01","0,01","0,01",0,"12,4","11,8",3,"3,64","0,14",127,0,0,0,0,0,0,0,0,54,0,0,0,0,0,0,0,0,0,0,0,0,0,0,0
"Crème dessert, appertisée (aliment moyen)",135,"3,52","1,22",0,0,0,0,0,"7,7","21,4","16,4","1,98","3,49","0,14",103,"0,11","1,06","10,2","18,6","0,12",80,188,"1,77","54,6","0,59","22,5","1,57","0,067","0,11",0,0,"1,06","0,035","0,19","0,3","0,35","0,046","12,9","0,052"
"Crème dessert, rayon frais (aliment moyen)",133,"5,1","3,3","0,84","0,1","0,017","0,0024","0,0027",35,"17,9","15,7","0,85","3,42","0,14",119,"0,1","1,37",11,22,"0,12","99,7",201,"6,51","56,4","0,49","45,4","19,4",0,"0,25",0,0,"0,24","0,038","0,15","0,055","0,53","0,027","9,54","0,13"
"Crème dessert, rayon frais ou appertisée (aliment moyen)",133,"5,07","3,25","0,84","0,1","0,017","0,0024","0,0027",34,18,"15,7","0,88","3,42","0,14",119,"0,1","1,36","10,9","21,9","0,12",99,201,"6,4","56,3","0,49","44,6","18,8",0,"0,24",0,0,"0,27","0,038","0,15","0,064","0,52","0,028","9,66","0,13"
Crème pâtissière,120,"3,6","1,76",0,0,0,0,0,123,18,"15,3",0,"3,79","0,2",105,"0,03","0,64","25,5","11,6","0,1",124,150,4,"79,1","0,7","89,5",100,"0,24","0,34",0,0,"0,93","0,065","0,19","0,21","0,68","0,055",15,1
Crêpe dentelle,"452,98","15,5","10,2",0,0,"0,1",0,0,0,"72,1","36,7","1,7","6,27","0,64",0,0,0,0,0,0,0,0,0,255,0,0,0,0,0,0,0,0,0,0,0,0,0,0,0
"Crêpe dentelle (pour apéritif) au fromage, préemballée",555,"35,6","23,3",0,0,0,0,0,"33,6","48,8","14,2","1,25","9,3","1,73",0,0,0,0,0,0,0,0,0,692,0,0,0,0,0,0,0,0,0,0,0,0,0,0,0
"Crêpe dentelle au chocolat, préemballée","491,44","21,8","13,5","5,9","1,09","0,35",0,"0,0056",0,"67,9","42,4","3,45","5,91","0,5",0,0,0,0,0,0,0,0,0,198,0,0,0,0,0,0,0,0,0,0,0,0,0,0,0
"Crêpe fourrée à la confiture, maison","293,7","5,74","3,36",0,0,0,0,0,"41,3",54,"19,4",1,"6,51","0,89","49,8","0,062","0,77","1,82","12,2","0,16",144,126,"10,6",356,"0,43","40,6","86,8","0,11","0,26",0,0,"4,62","0,14","0,2","1,12","0,3","0,041","29,5","0,15"
"Crêpe fourrée au chocolat ou à la pâte à tartiner chocolat et noisettes, maison",381,"14,6","7,21",0,0,0,0,0,"43,8","54,3","20,4","2,44","8,1","0,9","72,6","0,2","2,43","3,68","35,7","0,44",190,223,"11,3",359,"0,76","40,6","78,2","0,49","1,38",0,0,"0,25","0,16","0,25","1,43","0,37","0,056","31,7","0,19"
"Crêpe fourrée au sucre, préemballée","403,48","15,8","9,38","1,25","0,62","0,05",0,0,0,"58,7",31,"1,04","6,62","1,44","82,5","0,087",0,0,"17,4","0,31",0,0,"2,2",572,"0,58",0,0,0,0,0,0,0,0,0,0,0,0,0,0
"Crêpe fourrée chocolat, préemballée","444,12","20,4","5,52","7,02","6,4","0,16","0,01","0,01","53,6","58,7","38,2","1,96","6,43","0,83",71,"0,24","2,9",20,36,"0,43",120,240,20,330,"0,84","47,1","14,7","0,25","7,78","2,97",0,"0,5","0,066","0,11","0,1","0,51","0,026","13,9","0,34"
"Crêpe fourrée fraise, préemballée","347,6","6,6",2,0,0,0,0,0,0,"66,7","30,8",1,"5,35","1,02",0,0,0,0,0,0,0,0,0,400,0,0,0,0,0,0,0,0,0,0,0,0,0,0,0
"Crêpe ou Galette aux noix de St Jacques, préemballée",168,8,"2,4",0,0,0,0,0,0,"15,8","2,8","1,2","7,7","1,18",0,0,0,0,0,0,0,0,0,0,0,0,0,0,0,0,0,0,0,0,0,0,0,0,0
"Crêpe ou Galette complète (oeuf, jambon, fromage), préemballée",209,"9,8","6,02","2,59","0,56","0,052","0,01","0,1",105,"15,2","1,1","4,5","12,7","1,12",240,"0,11","0,96",20,52,"0,24",280,190,20,445,"1,8",116,0,"0,25","0,41","1,49",0,"0,9","0,19","0,17","1,1","0,75","0,11","38,1","1,04"
"Crêpe ou Galette fourrée au poisson et / ou fruits de mer, préemballée",206,"12,4","6,95",0,0,0,0,0,0,"14,3","2,4","1,6","8,5","1,13",0,0,0,0,0,0,0,0,0,445,0,0,0,0,0,0,0,0,0,0,0,0,0,0,0
"Crêpe ou Galette fourrée béchamel champignon, cuite, préemballée",172,"7,7","2,48","1,99","2,54","0,03","0,01","0,01","34,5","18,5","3,16","3,4","5,5","0,76",82,"0,07","0,43",20,14,"0,18",100,180,20,304,"0,53","25,4",5,"0,25","1,88","0,8",0,"0,5","0,068","0,15","0,5","0,75","0,027","31,7","0,21"
"Crêpe ou Galette fourrée béchamel champignon, préemballée",150,"5,02","0,92",0,0,0,0,0,0,"20,7","2,7","1,32","4,83","0,99","59,5",0,"0,3",0,14,0,0,260,0,333,0,0,0,0,0,0,0,0,0,0,0,0,0,0,0
"Crêpe ou Galette fourrée béchamel fromage, préemballée",149,"5,75","2,02",0,0,0,0,0,"37,3","17,7","3,86","1,05","6,02","0,92","87,5",0,"0,35",0,"18,6",0,162,118,0,404,0,"33,9",0,"0,47","0,93",0,0,"0,37","0,1","0,2",0,0,"0,08","29,3","0,5"
"Crêpe ou Galette fourrée béchamel jambon fromage champignon, préemballée",159,"6,3","1,5",0,0,0,0,0,"31,2","16,6","2,7","1,2","8,3","0,95","35,3",0,"0,6",0,"12,3",0,86,"86,6",0,260,0,"17,6",0,"0,48","0,94",0,0,"1,23","0,15","0,17",0,0,"0,1","30,5","0,26"
"Crêpe ou Galette fourrée béchamel jambon fromage, préemballée",182,"7,5","3,9","1,85","0,46","0,019",0,"0,01","15,2","19,1","1,7","1,55","8,83","1,1",105,"0,1","0,49","12,6","14,9","0,15",118,148,"5,06",466,"0,61","17,4",0,"0,73","1,24",0,0,"1,59","0,19","0,19",0,0,"0,11","30,4","0,34"
"Crêpe ou Galette fourrée béchamel jambon, préemballée",136,4,"0,95","1,72","1,02","0,064","0,00024","0,0021",30,"18,7","1,89","1,2","5,75","0,84",41,"0,1","0,73",5,"16,9","0,22","74,6",220,0,236,"0,88",0,0,0,0,0,0,0,0,0,0,0,0,0,0
"Crêpe, nature, préemballée, rayon frais","250,85","7,21","6,5","0,24","0,063","0,0047","0,01","0,0023","60,9",40,"19,1","1,9","6,49","0,61",75,"0,04","0,56",20,14,"0,2",120,140,20,240,"0,52",23,"7,04","0,25","1,06","2,02",0,"0,5","0,081","0,16","0,1","0,77","0,03",17,"0,41"
"Crêpe, nature, préemballée, rayon température ambiante","393,3","14,1","6,51","4,5","1,21","0,3","0,01","0,01","54,7","58,1","28,1","1,3","8,5","1,71",63,"0,12","0,8",11,"17,7","0,37",87,162,6,685,"0,7",62,14,"0,5","0,6",0,0,1,"0,1","0,15","0,65","0,68","0,055",33,"0,14"
"Cresson alénois, cru","24,4","0,6","0,047","0,03","0,065","0,2",0,0,0,"2,2","2,2","1,35","2,55","0,096","75,5","0,13","1,8","0,9",41,"0,55",76,368,0,"38,5","0,35",0,4150,0,"2,15",542,0,52,"0,13","0,23","1,75","0,27","0,27",95,0
"Cresson de fontaine, cru","13,31","0,15","0,027",0,0,0,0,0,0,"0,9","0,2","0,85","2,09","0,13",101,"0,11","0,9","13,5",19,"0,37","64,2",320,0,"50,5","0,16",0,1910,0,1,250,0,"51,5","0,095","0,11","0,4","0,21","0,13",9,0
"Cresson, feuille, cru, prélevé à la Martinique","9,9","0,1",0,0,0,0,0,0,0,0,0,"2,1","2,25",0,"0,059",0,"1,31",0,0,"0,41",0,432,0,0,0,0,1060,0,0,"22,5",0,"2,67",0,0,0,0,0,"57,2",0
"Crevette géante tigrée, cuite","102,42","0,98","0,19","0,082","0,089","0,0044","0,05","0,084",205,0,0,0,"23,4","1,43","44,4","1,21","0,34","22,1",49,"0,1",183,291,"43,8",570,2,2,"0,015","0,36","1,92",0,0,0,"0,024","0,029","3,77","0,44","0,18",0,"1,85"
"Crevette grise, cuite","89,9","1,2","0,31","0,14","0,01","0,01","0,24","0,17",164,"1,47",0,0,"18,3","1,15",1000,1,"0,79",260,53,"0,14",280,97,40,458,"2,4",21,0,"0,25","4,32","0,8",0,"0,5","0,015","0,28","0,49","0,11","0,094","33,5","12,6"
"Crevette pattes blanches, cuite","99,04","0,96","0,23","0,088","0,089","0,0054","0,086","0,077",181,0,0,0,"22,6","1,82",109,"0,73","1,64","4,12","43,5","0,1",177,288,"31,8",730,"1,38",2,"0,0086","0,5","2,15",0,0,0,"0,04","0,041","3,16","0,26","0,19",0,"6,62"
"Crevette rose bouquet, cuite","102,63","1,27","0,22","0,11","0,012","0,0064","0,16","0,11",209,0,0,0,"22,8","0,47","35,4","0,94","0,2","14,1","29,7","0,064",171,318,"20,4",188,"1,32",2,"0,043","0,5","5,98",0,0,0,"0,057","0,046","1,91","0,09","0,12",0,"1,77"
"Crevette rose, crue","92,3","0,53","0,11","0,036","0,012","0,0024","0,029","0,063",112,0,0,0,"21,9","0,3",64,"0,39","0,52",0,35,"0,033",214,264,0,119,"1,34",0,0,0,0,0,0,0,0,0,0,0,0,0,0
"Crevette royale rose, cuite","117,02","1,18","0,25","0,061","0,011","0,002","0,1","0,068",237,0,0,0,"26,6","0,34","81,1","0,29","0,84","40,9","54,3","0,1",203,207,"52,2",138,"1,99",2,"0,013","0,5","1,91",0,0,0,"0,04","0,042","2,91","0,13","0,18",0,"2,46"
"Crevette, crue",99,"0,84","0,19",0,0,0,0,0,150,"3,21",0,0,"19,7","0,45","84,8","0,72","3,21",120,"49,8","0,17",195,278,34,182,"2,81",0,0,"0,2","1,7",0,0,0,"0,035","0,03","3,2","0,37","0,15",19,1
"Crevette, cuite","93,8","1,16","0,31","0,1",0,0,"0,17","0,17",159,"1,87","0,25",0,19,"1,35",240,"0,68","1,98",5,61,"0,077",57,254,"21,5",541,"1,69",2,0,"0,5","2,48","0,2",0,"0,83","0,019","0,04","1,77","0,31","0,1","14,6","1,64"
"Crevette, surgelée, crue",105,"0,9","0,17",0,0,0,0,0,160,"0,74",0,"0,5","23,4","0,6",0,0,0,0,0,0,0,0,0,240,"0,9",2,0,0,"2,85",0,0,0,0,"0,02",0,0,"0,07",13,0
"Croissant au beurre, artisanal",420,"22,6","15,1","4,32","0,54","0,11","0,01","0,01","76,6","45,7","7,3","2,5","6,61","1,16",22,"0,09","0,7",20,15,"0,37",78,120,20,463,"0,53",200,53,"0,25","0,6","2,01",0,"0,71","0,066","0,039","0,2","0,43","0,029","18,3","0,13"
Croissant au jambon,243,"14,6","8,5","3,36","0,67","0,14",0,"0,01",0,"19,2","2,6","1,53","7,9","1,1",219,0,0,5,"18,9",0,0,216,0,500,"1,7",0,0,0,0,0,0,0,0,0,0,0,0,0,0
"Croissant au jambon fromage, préemballé",258,"14,5","8,77",0,0,0,0,0,0,22,"2,77",2,"8,92","1,28",117,0,0,0,0,0,0,0,0,510,0,0,0,0,0,0,0,0,0,0,0,0,0,0,0
"Croissant aux amandes, artisanal",446,"29,1",15,"8,53","1,75","0,083",0,0,"78,5","35,9","14,1","3,7","7,62","0,79","55,7","0,21","1,1","7,06","36,6","0,43",116,174,"2,48",317,"0,76",111,"64,3","0,44","4,02",0,0,"0,044","0,093","0,15","0,89","0,46","0,13","35,6","0,12"
"Croissant ordinaire, artisanal",412,"21,1","11,6","6,27","1,77","0,12","0,01","0,01","21,7","47,6","7,88","1,8","6,33","1,31",21,"0,09","0,85",20,17,"0,37",88,130,20,523,"0,63",21,"70,2","0,25","1,35","3,52",0,"0,5","0,062","0,01","0,1","0,48","0,046","32,8","0,089"
"Croissant, sans précision",375,20,"11,6","4,75","1,59","0,23",0,0,"26,5","40,4","8,83","2,32","6,65","1,1","33,6","0,075","0,8","5,9","22,4","0,34",91,172,10,450,"0,53",0,70,0,"1,1",0,0,0,"0,13","0,11",0,0,"0,051",56,0
Croque0madame,264,"15,5","7,42",0,0,0,0,0,172,"16,9","1,37","1,13","13,7","1,29",200,"0,069","1,27","16,1","19,5","0,2",189,154,"10,9",515,"1,1",141,"69,8","0,6","0,78",0,0,"0,014","0,17","0,22","1,19","0,48","0,035","17,4","0,55"
"Croque0monsieur, fait maison","222,8","18,4",0,0,0,0,0,0,"81,7",0,0,0,"14,3","1,71",249,"0,08","1,32",11,"21,9",0,200,189,0,686,"1,34",120,0,"0,15","0,55",0,0,"0,02","0,2","0,16","1,55",0,0,0,0
"Croque0monsieur, préemballé",273,"12,9","6,5","3,92","1,14","0,29","0,0041",0,"30,8","26,8","2,14","2,45","11,3","1,57",251,1,1,"11,1","21,5",1,259,189,"5,8",595,"1,6","44,5",50,"0,7","0,6",0,0,"1,7","0,15","0,15","0,64","0,37","0,05","23,1","0,39"
"Crosne, cuit","50,8","0,5","0,01","0,01","0,01","0,01","0,01","0,01",0,"9,11","0,2","1,9","2,13","0,013",20,"0,21","0,37",20,14,"0,09",58,310,20,5,"0,24",0,5,"0,25","0,08","0,8",0,0,"0,025","0,01","0,32","0,38","0,068","32,3",0
"Crosne, surgelé, cru","40,4",0,0,0,0,0,0,0,0,"8,7","0,5",0,"1,4","0,0025",0,0,0,0,0,0,0,0,0,1,0,0,0,0,0,0,0,0,0,0,0,0,0,0,0
Crottin de Chavignol (fromage de chèvre),296,"24,4","16,2","4,4","0,74","0,14","0,015",0,"92,9",0,"0,5",0,"19,7","1,3",147,"0,1","0,28",30,"17,2",0,207,300,11,518,"0,83",204,0,"0,5","0,54",0,0,0,"0,04","0,88","1,3","2,15","0,25","89,5",0
"Crottin de chèvre, au lait cru",384,"32,6","24,1","4,36",0,"0,13",0,0,133,0,0,0,"23,2","1,01",141,"0,1","0,4",30,"18,7",0,239,0,12,405,"0,57",201,0,"0,5","1,05",0,0,0,"0,025","1,09","1,67","1,7","0,48","91,9",0
"Crottin de chèvre, sans précision",340,28,"19,6","4,34","0,6","0,13","0,01",0,111,0,"0,25",0,"22,4","1,17",107,"0,1","0,22",30,"12,7",0,186,238,13,467,"0,59",175,0,"0,5","0,44",0,0,0,"0,04","0,65","1,12","0,79","0,16","77,5","0,1"
"Croûton à l'ail aux fines herbes ou aux oignons, préemballé",492,"24,1","2,24","16,5","3,97","0,03","0,01","0,01",0,"58,9","11,8",2,"8,81","2,44",31,"0,11","1,1",20,27,"0,58",110,200,20,976,"0,67",0,0,"0,25","10,1","8,15",0,0,"0,071","0,065","0,1","0,63","0,063","57,1",0
Croûton à tartiner,374,"2,85","1,45",0,0,0,0,0,0,70,"7,5",7,"12,3","1,3",0,0,0,0,0,0,0,0,0,500,0,0,0,0,0,0,0,0,0,0,0,0,0,0,0
"Croûtons nature, préemballés",495,"24,1","4,3","15,3","3,08","0,04","0,01","0,01",0,"59,1",4,"2,6","8,38","1,7",27,"0,11","1,5",20,24,"0,57",110,190,20,680,"0,67",0,0,"0,25","7,86","2,04",0,0,"0,099","0,056","0,22","0,67","0,054","37,1",0
"Crudité, sans assaisonnement (aliment moyen)","29,9","0,7","0,12","0,21","0,078","0,017","0,0041","0,0041","0,076","3,07","2,27","1,51","0,94","0,031","25,1","0,048","0,42","7,21","11,7","0,17","25,6",241,"7,79","12,5","0,17","0,017",1930,"0,093","0,34",24,0,"12,2","0,042","0,025","0,37","0,17","0,082","38,8",0
Crumble aux pommes,"229,46","9,5","6,25","1,82","0,3","0,05","0,01","0,01","0,5","33,8",19,"1,7","2,19","0,085","8,6","0,1","0,3",50,"7,47","0,2",32,"75,6",5,34,"0,2",2,37,"0,5","2,05",0,0,0,"0,051","0,04","0,3","0,16","0,07",16,"0,08"
"Cucurbitacées, graine","581,54","49,1","8,66","16,1","20,7","0,12",0,0,0,"4,71","1,4",6,"30,2","0,018",46,"1,34","8,82",0,592,"4,54",1230,809,0,7,"7,81",0,9,0,"2,18","7,3",0,"1,9","0,27","0,15","4,99","0,75","0,14",58,0
"Cumin, graine",427,"22,3","1,54",14,"2,53",0,0,0,0,"33,7","2,25","10,5","17,8","0,42",931,"0,87","66,4",0,366,"3,33",499,1790,0,168,"4,8",0,762,0,"3,33","5,4",0,"7,7","0,63","0,33","4,58",0,"0,44",10,0
"Curcuma, poudre",291,"3,25","1,84","0,075",0,"0,003",0,0,0,"44,4","3,21","22,7","9,68","0,068",168,"1,3",55,0,208,"19,8",299,2080,0,27,"4,5",0,0,0,"4,43","13,4",0,"0,7","0,058","0,15","1,35","0,54","0,11",20,0
"Curry, poudre",301,14,"1,65","8,74",0,"0,26",0,0,0,"2,63","2,63","53,2","14,5","0,13",525,"1,2","19,1","0,5",255,"8,3",367,1170,0,52,"4,7",0,11,0,"25,2","99,8",0,"0,7","0,18","0,2","3,26","1,07","0,11",56,0
"Dachine, pulpe, cuit à la vapeur, prélevé à la Martinique","7,3","0,3",0,0,0,0,0,0,0,0,0,0,"1,15",0,0,0,0,0,0,0,0,0,0,0,0,0,0,0,0,0,0,"4,07",0,0,0,0,0,0,0
"Datte, pulpe et peau, sèche",282,"0,25","0,075","0,044","0,018","0,0026",0,0,0,"64,7","64,7","7,3","1,81","0,098","44,9","0,22","0,9","1,4","47,3","0,3",62,696,"3,05",39,"0,23",0,89,0,"0,46","2,7",0,3,"0,04","0,075","1,41","0,79","0,19",18,0
"Denté, cru","99,3","3,5","0,45",0,0,0,0,0,70,0,0,0,17,"0,19",34,"0,015",1,0,0,0,226,350,0,77,"0,41",48,0,0,"0,4",0,0,0,"0,08","0,13","2,7",0,"0,19",5,0
"Dés, allumettes, râpé ou haché de jambon",121,"4,46","1,81",0,0,0,0,0,0,"2,08","1,69","0,36","17,9","2,06",0,0,0,0,0,0,0,0,0,811,0,0,0,0,0,0,0,0,0,0,0,0,0,0,0
"Dés, allumettes, râpé ou haché de jambon de volaille",132,"5,88","2,35",0,0,0,0,0,0,"1,58","1,25","0,5",18,"2,2",0,0,0,0,0,0,0,0,0,850,0,0,0,0,0,0,0,0,0,0,0,0,0,0,0
Dessert (aliment moyen),"281,02","12,9","5,18","4,62","1,32","0,37","0,0041","0,0051","56,7","36,6","23,7","1,54","4,63","0,38",75,"0,15","1,45",11,"23,8","0,23",107,181,"7,04",153,"0,5","56,3","34,6","0,27","1,97",0,0,"1,37","0,084","0,15","0,61","0,4","0,056","30,8","0,21"
"Dessert au soja, aromatisé, sucré, enrichi en calcium, préemballé",95,"1,9","0,48","0,46","0,74","0,099","0,01","0,01",0,"15,3","13,2","1,1","3,25","0,13",120,"0,16","1,1",20,21,"0,24",99,170,20,51,"0,32",0,5,"0,25","0,08","3,08",0,"0,5","0,015","0,01","0,1","0,13","0,017","9,32",0
"Dessert au soja, aromatisé, sucré, non enrichi, préemballé","93,1","1,7","0,47","0,42","0,6","0,079","0,01","0,01",0,16,"12,5","0,8","2,74","0,11",16,"0,15","0,79",20,22,"0,24",46,160,20,42,"0,42",2,"6,02","0,25","0,08","3,2",0,"0,5","0,015","0,01","0,1","0,14","0,011","12,2",0
"Dessert au soja, aux amandes, fermenté, préemballé",56,"2,8","0,38","0,94","1,14","0,13","0,01","0,01",0,"2,85","1,09","0,6","3,65","0,19",58,"0,15","0,42",0,22,"0,25",59,140,20,74,"0,36",0,5,"0,63","1,64","4,83",0,"0,5","0,015","0,01","0,1","0,07","0,044","18,1","0,26"
"Dessert au soja, aux fruits, sucré, enrichi en calcium, fermenté, préemballé","86,7","2,3","0,79","0,37","0,85","0,11","0,01","0,01",0,"12,9","11,6","0,5","2,74","0,07",87,"0,07","0,43",20,13,"0,27",63,89,20,28,"0,21",2,"17,8","0,25","0,19","4,19",0,"0,5","0,015","0,01","0,1","0,046","0,01","12,9",0
"Dessert au soja, aux fruits, sucré, non enrichi, fermenté, préemballé",78,"1,7","0,34","0,33","0,82","0,11","0,01","0,01",0,11,"10,6","1,1","3,31","0,085",36,"0,08","0,41",20,14,"0,28",53,91,20,34,"0,33",0,"49,9","0,25","0,27","4,11",0,"0,5","0,015","0,01","0,1","0,058","0,017","17,7",0
"Dessert au soja, nature, non sucré, enrichi en calcium, fermenté, préemballé",42,"2,1","0,34","0,44","1,03","0,13","0,01","0,01",0,"1,1","0,27","0,6","3,59","0,053",120,"0,12","0,47",20,16,"0,22",87,130,20,21,"0,3",2,5,"0,25","0,23","3,96",0,"0,5","0,015","0,01","0,1","0,066","0,025","15,1",0
"Dessert au soja, nature, non sucré, non enrichi, fermenté, préemballé","44,7","1,9","0,22","0,44","0,98","0,13","0,01","0,01",0,"2,05","0,69","0,8","3,76","0,085",12,"0,09","0,4",20,16,"0,22",47,110,20,34,"0,29",0,5,"0,25","0,23","5,02",0,"0,5","0,015","0,01","0,1","0,044","0,01","18,6",0
"Dessert de fruits, tout type de fruits (en taux de sucres : compotes allégées en sucres  desserts de fruits  compotes allégée)","81,08","0,2","0,028",0,0,0,0,0,0,"19,5","16,6","1,61","0,32","0,0049",4,"0,04","0,15",20,4,"0,03","9,3",130,20,"1,71","0,05",0,"22,6",0,0,"0,8",0,"11,8","0,01","0,01","0,28","0,067","0,03",5,0
"Dessert glacé feuilleté, à partager",262,"16,1","13,3","1,18","0,31","0,1",0,"0,000075",0,"26,2","21,9","0,94","2,71","0,18",0,0,0,0,0,0,0,0,0,72,0,0,0,0,0,0,0,0,0,0,0,0,0,0,0
Dessert glacé type mystère ou vacherin,275,"10,7","6,53","1,27","0,15","0,03","0,01","0,01","27,7","40,5","33,7","2,18","3,18","0,12",38,"0,02","0,25",20,9,"0,38",40,120,20,"53,6","0,18","44,3",5,"0,25","0,29","0,8",0,"3,6","0,022","0,11","1,37","0,28","0,036","18,7","0,24"
"Dessert glacé, type sundae",230,"9,7","6,8",0,0,0,0,0,0,"32,6","24,9",2,"2,57","0,24",0,0,0,0,0,0,0,0,0,"97,2",0,0,0,0,0,0,0,0,0,0,0,0,0,0,0
Dessert lacté infantile au riz ou à la semoule,"93,8","3,3","2,21","0,65","0,06","0,01","0,01","0,01","10,8","11,7","8,65",3,"3,45","0,075","64,1","0,027","0,21",20,"7,94","0,024",140,109,1,30,"0,31","29,5",10,"0,5","0,08",0,0,"0,5","0,027","0,12","0,16","0,24","0,033",5,"0,17"
Dessert lacté infantile nature sucré ou aux fruits,100,"3,5","2,28","0,7","0,07","0,01","0,01","0,01",11,"12,5","9,26",3,"3,19","0,075",118,"0,016","0,27",20,"21,5","0,014",88,131,"1,08",30,"0,67","27,2",27,"0,5","0,41",0,0,"6,72","0,03","0,11","0,12","0,26","0,029","9,06","0,2"
Dessert lacté infantile type crème dessert,90,"3,1","1,74","0,76","0,18","0,03","0,01","0,01","8,07","11,3","8,55",3,"3,32","0,088",115,"0,02","0,28",20,"20,1","0,02",110,153,"1,35",35,"0,82",21,10,"0,5","0,39",0,0,"0,5","0,033","0,12","0,1","0,21","0,01",5,"0,41"
"Dessert végétal sans soja (amande, avoine, chanvre, coco, riz), aromatisé, sucré, non enrichi, préemballé",148,8,"4,92","1,84","0,75","0,07","0,01","0,01",0,"15,8","12,4","2,1","1,66","0,065",17,"0,2","1,3",20,28,"0,26",53,200,20,26,"0,39",0,5,"0,25","0,79","0,8",0,"0,5","0,019","0,099","0,18","0,11","0,01","6,72",0
"Dessert végétal sans soja (coco, riz), aux fruits, sucré, enrichi en calcium, fermenté, préemballé","76,6",1,"0,83","0,07","0,02","0,01","0,01","0,01",0,16,"10,8","0,5","0,42","0,095",50,"0,02","0,15",20,"8,2","0,15",18,46,20,38,"0,12",0,"21,1","0,25","0,08","0,8",0,"0,5","0,015","0,01","0,13","0,097","0,01",5,0
Diabolo (limonade et sirop),"42,7",0,0,0,0,0,0,0,0,"10,6","10,6","0,069","0,075","0,021",0,0,0,0,0,0,0,0,0,"8,5",0,0,0,0,0,0,0,0,0,0,0,0,0,0,0
"Dinde, aile, crue",192,"12,3","3,28",0,0,0,0,"0,01",70,0,0,0,"20,2","0,14",14,"0,077","1,26",0,21,"0,017",165,240,0,55,"1,54",3,0,0,0,0,0,0,"0,05","0,11","4,43","0,55","0,41",7,"0,39"
"Dinde, cuisse, viande et peau, crue",150,"7,85","2,24","2,1","1,74","0,11","0,003","0,017",79,0,0,0,"19,8","0,24",14,"0,11","1,36",0,"21,5","0,018",172,241,0,"95,3","2,71","13,5",0,"0,5","0,11",0,0,0,"0,066","0,22","4,16","0,97","0,37",8,"1,12"
"Dinde, cuisse, viande sans peau, crue",109,"2,5","0,68",0,0,0,"0,001","0,002",79,"0,4","0,1",0,"21,3","0,31",11,"0,092","1,04",0,25,"0,014",176,226,28,124,"2,59",13,0,"0,3","0,12",0,0,0,"0,062","0,26","5,7","0,94","0,44",7,"2,05"
"Dinde, escalope viennoise ou milanaise ou escalope panée",211,"10,9","1,53",0,0,0,0,0,0,"13,5","1,07","1,3","14,1","1,03",0,0,0,0,0,0,0,0,0,356,0,0,0,0,0,0,0,0,0,0,0,0,0,0,0
"Dinde, escalope, crue",109,"1,22","0,29","0,23","0,2","0,009",0,"0,002",57,"0,51","0,32",0,"24,1","0,2","16,4","0,07","1,02",0,28,"0,011",201,242,10,"82,8","1,28",6,0,"0,1","0,06",0,0,0,"0,042","0,15","9,92","0,78","0,81",7,"0,63"
"Dinde, escalope, rôtie/cuite au four",128,"3,04",1,"0,54","0,43","0,02","0,004","0,004",80,"0,5",0,0,"24,6","0,25",9,"0,063","0,57",0,32,"0,011",230,249,"30,8",99,"1,72",3,0,"0,3","0,06",0,0,0,"0,035","0,21","11,8","0,9","0,81",9,"0,39"
"Dinde, escalope, sautée/poêlée",124,"1,09","0,51",0,"0,21","0,016",0,0,"72,5",0,0,0,"28,5","0,16","5,42","0,054","0,49",4,"44,4","0,012",293,462,"6,48","65,2","1,22",2,0,"0,5","0,08",0,0,"0,75","0,049","0,083","13,5","0,84","0,59",0,"0,61"
"Dinde, viande et peau, crue",132,"4,31","1,15","1,17",1,"0,058","0,036","0,12",68,0,0,0,"23,4","0,25","10,5","0,11","0,83","1,5",23,"0,012",167,227,24,103,"1,57","9,5",0,"0,3","0,3",0,0,0,"0,056","0,17","5,86","0,78","0,5","8,5","1,11"
"Dinde, viande, crue",110,"1,88","0,52","0,37","0,36","0,053",0,"0,002","65,5","0,8","0,14",0,"22,4","0,25","10,5","0,067","0,82","1,5",24,"0,012",170,233,"9,9",106,"2,22",9,0,"0,2","0,15",0,0,0,"0,07","0,18",8,"0,82","0,56",11,"1,62"
"Dinde, viande, rôtie/cuite au four",151,"3,84","0,96","0,94","0,65","0,049","0,016","0,0043",101,0,0,0,"29,1","0,25","9,66","0,094","1,14",6,"44,3","0,02",222,483,10,101,"3,75",4,0,"0,3","0,06",0,0,0,"0,047","0,28","9,5","0,95","0,64",9,"0,94"
"Diot, cru",342,30,0,0,0,0,0,0,0,0,0,0,18,"2,25",0,0,0,0,0,0,0,0,0,900,0,0,0,0,0,0,0,0,0,0,0,0,0,0,0
"Dorade (Daurade) royale, cuite au four",148,"5,9","1,3","1,59","0,74","0,16","0,18","0,42","72,4",0,0,0,"23,6","0,18",13,"0,02","0,2",20,29,"0,01",230,420,20,71,"0,48",21,0,"5,71","0,65","1,18",0,"0,59","0,015","0,01","6,41","0,4","0,26","17,2","2,37"
"Dorade grise, ou daurade grise, ou griset, crue",130,"5,27","1,41","0,83","0,038","0,02","0,47","0,39","68,8",0,0,1,"20,5","0,15",100,"0,1","0,39","30,9","31,2","0,1",250,400,"20,2","60,6","0,8","1,5",0,"0,57","0,69",0,0,0,"0,025","0,062","4,83","0,28","0,36",0,"2,65"
"Dorade grise, ou daurade grise, ou griset, rôtie/cuite au four",121,"3,3","0,75","0,28","0,028","0,0092","0,45","0,17",67,0,0,0,"22,9",0,0,0,0,0,0,0,0,0,50,0,0,0,0,0,0,0,0,0,0,0,0,0,0,0,0
"Dorade rose, ou daurade rose, crue",102,2,0,0,0,0,0,0,0,0,0,0,21,0,34,"0,4","4,3",0,22,"0,1",0,690,0,0,"1,6",0,0,0,0,0,0,0,0,0,0,0,0,0,0
"Dorade royale ou daurade ou vraie daurade, crue, élevage",129,"5,1","1,19","0,83","0,32","0,037","0,31","0,56","66,3",0,0,0,"20,9","0,13","2,34","0,1","0,39",5,"30,7","0,1",248,458,"3,7","51,5","0,41","4,9","0,008","3,11","0,95",0,0,0,"0,077","0,065","7,4","0,28","0,43",5,"3,16"
"Dorade royale, ou daurade ou vraie daurade, crue, sauvage","93,2","2,31","0,46","0,08","0,061","0,017","0,024","0,14",55,0,0,0,"18,1","0,12","33,3","0,11","1,6",40,19,"0,12",178,439,20,"46,5","0,76",7,0,"7,15","0,85",0,0,1,"0,15","0,095","1,2",0,"0,24",7,0
"Double cheeseburger, provenant de fast food",299,"16,7","6,32","6,51","1,08","0,34",0,0,"48,4","21,5",0,1,"15,5","1,15",104,"0,15","1,4",5,"20,2","0,2",161,184,"6,6",461,"2,9",34,0,"0,5","1,35",0,0,"0,9","0,089","0,15","2,99","0,35","0,2","28,9","0,99"
"Dourian, pulpe, cru","147,05","5,33",0,0,0,0,0,0,0,"23,3",0,"3,8","1,47","0,005",6,"0,21","0,43",0,30,"0,33",39,436,0,2,"0,28",0,23,0,0,0,0,"19,7","0,37","0,2","1,07","0,23","0,32",36,0
Dragée amande,"470,4","17,2","1,39",0,0,0,0,0,0,"73,9","71,9",0,5,"0,17",91,"0,37","3,3",0,48,"0,35",165,244,0,67,"0,93",0,0,0,"7,77",0,0,0,"0,1","0,14","0,7",0,"0,05",16,0
"Dulse (Palmaria palmata), séchée ou déshydratée",227,"1,33",0,0,0,0,0,0,0,"22,6",0,28,"17,2","4,15",547,"1,1","34,8",32500,241,"12,1",280,6810,"8,95",1660,"4,17",0,15700,"0,93","3,45",420,0,"83,6","0,37","0,48","4,31","0,4","0,013",92,"9,81"
Eau de coco,"15,2","0,3","0,01","0,01","0,01","0,01","0,01","0,01",0,"3,33","2,48","0,5","0,42","0,051",14,"0,01","0,05",20,"8,3","0,15","7,9",200,20,"20,4","0,05",0,5,"0,25","0,08","0,8",0,"0,5","0,015","0,01","0,1","0,028","0,031",5,0
"Eau de source Cristaline, embouteillée, non gazeuse",0,0,0,0,0,0,0,0,0,0,0,0,0,"0,0026","12,4",0,0,0,"2,5",0,0,"0,35",0,"1,1",0,0,0,0,0,0,0,0,0,0,0,0,0,0,0
"Eau de source Ogeu, embouteillée, faiblement minéralisée (Ogeu, 64)",0,0,0,0,0,0,0,0,0,0,0,0,0,0,0,0,0,0,0,0,0,0,0,0,0,0,0,0,0,0,0,0,0,0,0,0,0,0,0
"Eau de source, embouteillée (aliment moyen)",0,0,0,0,0,0,0,0,0,0,0,0,0,0,0,0,0,0,0,0,0,0,0,0,0,0,0,0,0,0,0,0,0,0,0,0,0,0,0
Eau de vie,229,0,0,0,0,0,0,0,0,"0,37",0,0,0,"0,0025","0,5","0,051","0,04","1,1",0,0,5,1,0,1,"0,019",0,0,0,0,0,0,0,0,0,0,0,0,0,0
"Eau de vie de vin, type armagnac, cognac",228,0,0,0,0,0,0,0,0,1,0,0,0,0,0,"0,16",0,0,0,0,0,0,0,0,"0,016",0,0,0,0,0,0,0,0,0,0,0,0,0,0
Eau du robinet,0,0,0,0,0,0,0,0,0,0,0,0,0,"0,0076","7,13","0,017","0,03",0,"0,99","0,00082",0,"0,73",0,"2,4","0,011",0,0,0,0,0,0,0,0,0,0,0,0,0,0
Eau embouteillée de source,0,0,0,0,0,0,0,0,0,0,0,0,0,0,"16,9","0,008","0,023",0,"1,81","0,00089",0,"0,99",10,"2,17","0,011",0,0,0,0,0,0,0,0,0,0,0,0,0,0
Eau minérale (aliment moyen),0,0,0,0,0,0,0,0,0,0,0,0,0,"0,0042","19,3","0,0012","0,0017",0,"4,01","0,0091","0,0034","0,58","2,82","5,02","0,0067",0,0,0,0,0,0,0,0,0,0,0,0,0,0
"Eau minérale Abatilles, embouteillée, non gazeuse, faiblement minéralisée (Arcachon, 33)",0,0,0,0,0,0,0,0,0,0,0,0,0,"0,023","1,9","0,0005","0,01",0,"0,9","0,0001","0,003","0,4",1,10,"0,0005",0,0,0,0,0,0,0,0,0,0,0,0,0,0
"Eau minérale Aix0les0Bains, embouteillée, non gazeuse, faiblement minéralisée (Aix0les0Bains, 73)",0,0,0,0,0,0,0,0,0,0,0,0,0,"0,00035","8,23","0,0005","0,001",0,"2,25","0,0001","0,003","0,08",1,"0,44","0,0005",0,0,0,0,0,0,0,0,0,0,0,0,0,0
"Eau minérale Aizac, embouteillée, gazeuse, faiblement minéralisée (Aizac, 07)",0,0,0,0,0,0,0,0,0,0,0,0,0,"0,00033","8,01","0,0005","0,001",0,"2,77","0,0001","0,003","0,12",1,"0,13","0,0016",0,0,0,0,0,0,0,0,0,0,0,0,0,0
"Eau minérale Amanda, embouteillée, non gazeuse, fortement minéralisée (St0Amand, 59)",0,0,0,0,0,0,0,0,0,0,0,0,0,"0,01",24,"0,0005","0,04",0,"6,6","0,0004","0,003","0,61",1,"5,5","0,0005",0,0,0,0,0,0,0,0,0,0,0,0,0,0
"Eau minérale Appollinaris, embouteillée, non gazeuse, fortement minéralisée (Allemagne)",0,0,0,0,0,0,0,0,0,0,0,0,0,"0,017",9,0,0,0,11,0,0,3,0,38,0,0,0,0,0,0,0,0,0,0,0,0,0,0,0
"Eau minérale Arcens, embouteillée, gazeuse, moyennement minéralisée (Arcens, 07)",0,0,0,0,0,0,0,0,0,0,0,0,0,"0,004","0,9","0,0005","0,0006",0,"1,6","0,015","0,003","0,53",1,"25,2","0,0005",0,0,0,0,0,0,0,0,0,0,0,0,0,0
"Eau minérale Ardesy, embouteillée, gazeuse, fortement minéralisée (Ardes, 63)",0,0,0,0,0,0,0,0,0,0,0,0,0,"0,064",17,"0,0005","0,0006",0,"9,2","0,039","0,003",13,1,65,"0,001",0,0,0,0,0,0,0,0,0,0,0,0,0,0
"Eau minérale Avra, embouteillée, non gazeuse, faiblement minéralisée (Grèce)",0,0,0,0,0,0,0,0,0,0,0,0,0,"0,0013","11,1",0,0,0,1,0,0,"0,07",0,"8,4",0,0,0,0,0,0,0,0,0,0,0,0,0,0,0
"Eau minérale Badoit, embouteillée, gazeuse, moyennement minéralisée (St0Galmier, 42)",0,0,0,0,0,0,0,0,0,0,0,0,0,"0,0089","15,3","0,0023","0,001",0,8,"0,0015","0,003","1,1",10,18,"0,01",0,0,0,0,0,0,0,0,0,0,0,0,0,0
"Eau minérale Beckerich, embouteillée, non gazeuse, faiblement minéralisée (Luxembourg)",0,0,0,0,0,0,0,0,0,0,0,0,0,"0,00075","9,7",0,0,0,"0,5",0,0,"0,06",0,"0,3",0,0,0,0,0,0,0,0,0,0,0,0,0,0,0
"Eau minérale Biovive, embouteillée, non gazeuse, faiblement minéralisée (Dax, 40)",0,0,0,0,0,0,0,0,0,0,0,0,0,"0,0028","4,2",0,0,0,"0,38",0,0,"0,24",0,"1,86",0,0,0,0,0,0,0,0,0,0,0,0,0,0,0
"Eau minérale Carola, embouteillée, gazeuse ou non gazeuse, moyennement minéralisée (Ribeauville, 68)",0,0,0,0,0,0,0,0,0,0,0,0,0,0,"7,3",0,0,0,2,0,0,0,0,"13,1",0,0,0,0,0,0,0,0,0,0,0,0,0,0,0
"Eau minérale Celtic, embouteillée, gazeuse ou non gazeuse, très faiblement minéralisée (Niederbronn, 67)",0,0,0,0,0,0,0,0,0,0,0,0,0,"0,00028","1,05","0,0005","0,001",0,"0,4","0,0001","0,003","0,19",1,"0,11","0,0005",0,0,0,0,0,0,0,0,0,0,0,0,0,0
"Eau minérale Chambon, embouteillée, non gazeuse, faiblement minéralisée (Chambon, 45)",0,0,0,0,0,0,0,0,0,0,0,0,0,"0,0027","9,6","0,0005","0,001",0,"0,61","0,0001","0,003","0,37",1,"1,06","0,0005",0,0,0,0,0,0,0,0,0,0,0,0,0,0
"Eau minérale Chantemerle, embouteillée, non gazeuse, faiblement minéralisée (Le Pestrin, 07)",0,0,0,0,0,0,0,0,0,0,0,0,0,"0,00028","2,62","0,0016","0,001",0,"0,96","0,06","0,003","0,13",1,"1,34","0,007",0,0,0,0,0,0,0,0,0,0,0,0,0,0
"Eau minérale Chateauneuf, embouteillée, gazeuse, fortement minéralisée (Chateauneuf, 63)",0,0,0,0,0,0,0,0,0,0,0,0,0,"0,038","11,9","0,0005","0,001",0,3,"0,004","0,003","4,4",1,"70,3","0,0005",0,0,0,0,0,0,0,0,0,0,0,0,0,0
"Eau minérale Chateldon, embouteillée, gazeuse, fortement minéralisée (Chateldon, 63)",0,0,0,0,0,0,0,0,0,0,0,0,0,"0,0012",34,"0,0005","0,001",0,"4,9","0,1","0,003","4,1",1,24,"0,004",0,0,0,0,0,0,0,0,0,0,0,0,0,0
"Eau minérale Chaudfontaine, embouteillée, non gazeuse, faiblement minéralisée (Belgique)",0,0,0,0,0,0,0,0,0,0,0,0,0,"0,0058","6,5",0,0,0,"1,8",0,0,"0,25",0,"4,4",0,0,0,0,0,0,0,0,0,0,0,0,0,0,0
"Eau minérale Christinen Brunnen, embouteillée, non gazeuse, moyennement minéralisée (Allemagne)",0,0,0,0,0,0,0,0,0,0,0,0,0,"0,047","3,3",0,0,0,0,0,0,0,0,37,0,0,0,0,0,0,0,0,0,0,0,0,0,0,0
"Eau minérale Cilaos, embouteillée, gazeuse, fortement minéralisée (Cilaos, 974)",0,0,0,0,0,0,0,0,0,0,0,0,0,"0,0005","11,1",0,0,0,"7,05",0,0,"0,53",0,"23,8",0,0,0,0,0,0,0,0,0,0,0,0,0,0,0
"Eau minérale Clos de l'Abbaye, embouteillée, non gazeuse, moyennement minéralisée (St0Amand, 59)",0,0,0,0,0,0,0,0,0,0,0,0,0,"0,006","16,4","0,0005","0,0005",0,"4,15","0,0013","0,003","0,36",1,"2,94","0,0005",0,0,0,0,0,0,0,0,0,0,0,0,0,0
"Eau minérale Contrex, embouteillée, non gazeuse, fortement minéralisée (Contrexéville, 88)",0,0,0,0,0,0,0,0,0,0,0,0,0,"0,0013","46,8","0,0042","0,0005",0,"7,45","0,0015","0,003","0,28",10,"0,94","0,0095",0,0,0,0,0,0,0,0,0,0,0,0,0,0
"Eau minérale Courmayeur, embouteillée, non gazeuse, fortement minéralisée (Italie)",0,0,0,0,0,0,0,0,0,0,0,0,0,"0,00025","51,7",0,0,0,"6,7",0,0,"0,2",0,"0,1",0,0,0,0,0,0,0,0,0,0,0,0,0,0,0
"Eau minérale Dax, embouteillée, non gazeuse, moyennement minéralisée (Dax, 40)",0,0,0,0,0,0,0,0,0,0,0,0,0,"0,031",0,0,0,0,0,0,0,0,0,0,0,0,0,0,0,0,0,0,0,0,0,0,0,0,0
"Eau minérale Didier, embouteillée non gazeuse, fortement minéralisée (Martinique)",0,0,0,0,0,0,0,0,0,0,0,0,0,"0,0041","17,2","0,0005","0,001",0,"10,7","0,016","0,003","1,31",1,13,"0,0005",0,0,0,0,0,0,0,0,0,0,0,0,0,0
"Eau minérale Didier, embouteillée, gazeuse, fortement minéralisée (Martinique)",0,0,0,0,0,0,0,0,0,0,0,0,0,"0,032","13,7","0,0005","0,0005",0,"11,3","0,026","0,003","1,4",1,"12,6","0,0005",0,0,0,0,0,0,0,0,0,0,0,0,0,0
"Eau minérale Eden (La Goa), embouteillée, non gazeuse, faiblement minéralisée (Suisse)",0,0,0,0,0,0,0,0,0,0,0,0,0,0,"3,45",0,0,0,"0,31",0,0,"0,07",0,"0,4",0,0,0,0,0,0,0,0,0,0,0,0,0,0,0
"Eau minérale Evian, embouteillée, non gazeuse, faiblement minéralisée (Evian, 74)",0,0,0,0,0,0,0,0,0,0,0,0,0,"0,0011",8,"0,002","0,0083",0,"2,6","0,0005","0,003","0,1",1,"0,65","0,005",0,0,0,0,0,0,0,0,0,0,0,0,0,0
"Eau minérale Hépar, embouteillée, non gazeuse, fortement minéralisée (Vittel, 88)",0,0,0,0,0,0,0,0,0,0,0,0,0,"0,0031","54,9","0,0023","0,001",0,"11,9","0,0015","0,003","0,41",10,"1,42","0,01",0,0,0,0,0,0,0,0,0,0,0,0,0,0
"Eau minérale Hydroxydase, embouteillée, gazeuse, fortement minéralisée (Le Breuil sur Couze, 63)",0,0,0,0,0,0,0,0,0,0,0,0,0,"0,058","20,1","0,0005","0,018",0,24,"0,07","0,003","18,2",1,184,"0,0005",0,0,0,0,0,0,0,0,0,0,0,0,0,0
"Eau minérale La Cairolle, embouteillée, non gazeuse, fortement minéralisée (Les Aires, 34)",0,0,0,0,0,0,0,0,0,0,0,0,0,"0,0021",34,0,0,0,4,0,0,"1,25",0,"2,7",0,0,0,0,0,0,0,0,0,0,0,0,0,0,0
"Eau minérale La Française, embouteillée, non gazeuse, fortement minéralisée (Propiac, 26)",0,0,0,0,0,0,0,0,0,0,0,0,0,"0,16","35,4",0,0,0,"8,3",0,0,"2,2",0,68,0,0,0,0,0,0,0,0,0,0,0,0,0,0,0
"Eau minérale Levissima, embouteillée, non gazeuse, faiblement minéralisée (Italie)",0,0,0,0,0,0,0,0,0,0,0,0,0,"0,00005",2,0,0,0,"0,2",0,0,"0,2",0,"0,2",0,0,0,0,0,0,0,0,0,0,0,0,0,0,0
"Eau minérale Luchon, embouteillée, non gazeuse, faiblement minéralisée (Luchon, 31)",0,0,0,0,0,0,0,0,0,0,0,0,0,"0,0002","2,65","0,0005","0,001",0,"0,1","0,0001","0,003","0,02",1,"0,08","0,0005",0,0,0,0,0,0,0,0,0,0,0,0,0,0
"Eau minérale Luso, embouteillée, non gazeuse, très faiblement minéralisée (Portugal)",0,0,0,0,0,0,0,0,0,0,0,0,0,"0,0015","0,1",0,0,0,"0,2",0,0,0,0,"0,6",0,0,0,0,0,0,0,0,0,0,0,0,0,0,0
"Eau minérale Mont0Blanc, embouteillée, non gazeuse, faiblement minéralisée (Italie)",0,0,0,0,0,0,0,0,0,0,0,0,0,0,"2,9",0,0,0,"0,24",0,0,"0,19",0,"0,16",0,0,0,0,0,0,0,0,0,0,0,0,0,0,0
"Eau minérale Mont0Roucous, embouteillée, très faiblement minéralisée (Lacaune, 81)",0,0,0,0,0,0,0,0,0,0,0,0,0,"0,0005","0,24","0,0005","0,001",0,"0,05","0,0001","0,003","0,04",1,"0,31","0,0005",0,0,0,0,0,0,0,0,0,0,0,0,0,0
"Eau minérale Montcalm, embouteillée, non gazeuse, très faiblement minéralisée (Auzat, 09)",0,0,0,0,0,0,0,0,0,0,0,0,0,"0,000099","0,3",0,0,0,"0,07",0,0,"0,06",0,"0,22",0,0,0,0,0,0,0,0,0,0,0,0,0,0,0
"Eau minérale Montclar, embouteillée, non gazeuse, faiblement minéralisée (Montclar, 04)",0,0,0,0,0,0,0,0,0,0,0,0,0,"0,0005","4,1",0,0,0,"0,3",0,0,0,0,"0,2",0,0,0,0,0,0,0,0,0,0,0,0,0,0,0
"Eau minérale Néro, embouteillée, non gazeuse, faiblement minéralisée (Grèce)",0,0,0,0,0,0,0,0,0,0,0,0,0,"0,01","5,9",0,0,0,"3,5",0,0,"0,2",0,"4,1",0,0,0,0,0,0,0,0,0,0,0,0,0,0,0
"Eau minérale Nessel, embouteillée, gazeuse, moyennement minéralisée (Soultzmatt, 68)",0,0,0,0,0,0,0,0,0,0,0,0,0,"0,0068","11,4",0,0,0,"5,42",0,0,4,0,"23,1",0,0,0,0,0,0,0,0,0,0,0,0,0,0,0
"Eau minérale Ogeu, embouteillée, gazeuse, faiblement minéralisée (Ogeu0les0Bains, 64)",0,0,0,0,0,0,0,0,0,0,0,0,0,"0,0078","4,8",0,0,0,"1,2",0,0,"0,1",0,"3,1",0,0,0,0,0,0,0,0,0,0,0,0,0,0,0
"Eau minérale Ogeu, embouteillée, non gazeuse, faiblement minéralisée (Ogeu0les0Bains, 64)",0,0,0,0,0,0,0,0,0,0,0,0,0,"0,0038","4,9",0,0,0,"1,7",0,0,"0,1",0,"2,7",0,0,0,0,0,0,0,0,0,0,0,0,0,0,0
"Eau minérale Orée du bois, embouteillée, non gazeuse, moyennement minéralisée (St0Amand, 59)",0,0,0,0,0,0,0,0,0,0,0,0,0,"0,01",24,"0,0005","0,0044",0,"6,12","0,0006","0,003","0,64",1,"4,92","0,0005",0,0,0,0,0,0,0,0,0,0,0,0,0,0
"Eau minérale Orezza, embouteillée, gazeuse, moyennement minéralisée (Rapaggio, 20B)",0,0,0,0,0,0,0,0,0,0,0,0,0,"0,0017","18,5","0,0005","0,035",0,"1,65","0,41","0,003","0,16","0,1","0,7","0,0005",0,0,0,0,0,0,0,0,0,0,0,0,0,0
"Eau minérale Parot, embouteillée, gazeuse, moyennement minéralisée (St0Romain0le0Puy, 42)",0,0,0,0,0,0,0,0,0,0,0,0,0,"0,016",11,"0,0005","0,025",0,"9,4","0,031","0,003",11,1,101,"0,0005",0,0,0,0,0,0,0,0,0,0,0,0,0,0
"Eau minérale Penacova, embouteillée, non gazeuse, très faiblement minéralisée (Portugal)",0,0,0,0,0,0,0,0,0,0,0,0,0,"0,0015","0,1",0,0,0,"0,1",0,0,0,0,"0,6",0,0,0,0,0,0,0,0,0,0,0,0,0,0,0
"Eau minérale Perrier, embouteillée, gazeuse, faiblement minéralisée (Vergèse, 30)",0,0,0,0,0,0,0,0,0,0,0,0,0,"0,0024",16,"0,0023","0,001",0,"0,42","0,0015","0,003","0,1",10,"0,95","0,011",0,0,0,0,0,0,0,0,0,0,0,0,0,0
"Eau minérale Plancoet, embouteillée, gazeuse ou non gazeuse, faiblement minéralisée (Plancoet, 22)",0,0,0,0,0,0,0,0,0,0,0,0,0,"0,0059","2,3","0,0005","0,001",0,"1,4","0,0018","0,003","0,45",1,"3,1","0,0005",0,0,0,0,0,0,0,0,0,0,0,0,0,0
"Eau minérale Prince Noir, embouteillée, non gazeuse, fortement minéralisée (St0Antonin0Noble0Val, 82)",0,0,0,0,0,0,0,0,0,0,0,0,0,"0,0015","52,8",0,0,0,"7,8",0,0,"0,3",0,"0,9",0,0,0,0,0,0,0,0,0,0,0,0,0,0,0
"Eau minérale Propiac, embouteillée, non gazeuse, fortement minéralisée (Propiac, 26)",0,0,0,0,0,0,0,0,0,0,0,0,0,"0,17",0,0,0,0,0,0,0,0,0,0,0,0,0,0,0,0,0,0,0,0,0,0,0,0,0
"Eau minérale Puits St0Georges, embouteillée, gazeuse, moyennement minéralisée (St0Romain0le0Puy, 42)",0,0,0,0,0,0,0,0,0,0,0,0,0,"0,0063","4,5","0,0005","0,0032",0,"3,3","0,025","0,003","1,8",1,43,"0,0005",0,0,0,0,0,0,0,0,0,0,0,0,0,0
"Eau minérale Quézac, embouteillée, gazeuse, moyennement minéralisée (Quézac, 48)",0,0,0,0,0,0,0,0,0,0,0,0,0,"0,003",17,"0,0005","0,001",0,"6,9","0,18","0,003","3,8",1,11,"0,0007",0,0,0,0,0,0,0,0,0,0,0,0,0,0
"Eau minérale Reine des basaltes, embouteillée, gazeuse, moyennement minéralisée (Asperjoc, 07)",0,0,0,0,0,0,0,0,0,0,0,0,0,"0,0019","12,5","0,003","0,001",0,"6,45","0,074","0,003","2,57",1,"24,6","0,0021",0,0,0,0,0,0,0,0,0,0,0,0,0,0
"Eau minérale Rozana, embouteillée, gazeuse, fortement minéralisée (Beauregard, 63)",0,0,0,0,0,0,0,0,0,0,0,0,0,"0,11","30,1","0,0011","0,001",0,16,"0,0011","0,003","5,2",1,"49,3","0,0005",0,0,0,0,0,0,0,0,0,0,0,0,0,0
"Eau minérale Sail0les0Bains, embouteillée, non gazeuse, faiblement minéralisée (Sail0les0Bains, 42)",0,0,0,0,0,0,0,0,0,0,0,0,0,"0,0057","2,1","0,0005","0,001",0,"0,2","0,0004","0,003","0,48",1,"8,5","0,0007",0,0,0,0,0,0,0,0,0,0,0,0,0,0
"Eau minérale Salvetat, embouteillée, gazeuse, moyennement minéralisée (La Salvetat, 34)",0,0,0,0,0,0,0,0,0,0,0,0,0,"0,00086",21,"0,0005","0,001",0,"0,95","0,08","0,003","0,23",1,"0,7","0,0005",0,0,0,0,0,0,0,0,0,0,0,0,0,0
"Eau minérale San Bernardo, embouteillée, très faiblement minéralisée (Italie)",0,0,0,0,0,0,0,0,0,0,0,0,0,"0,000083","1,1",0,0,0,"0,05",0,0,"0,04",0,"0,05",0,0,0,0,0,0,0,0,0,0,0,0,0,0,0
"Eau minérale San Pellegrino, embouteillée, gazeuse, moyennement minéralisée (Italie)",0,0,0,0,0,0,0,0,0,0,0,0,0,"0,011","20,8",0,0,0,"5,1",0,0,"0,3",0,"4,4",0,0,0,0,0,0,0,0,0,0,0,0,0,0,0
"Eau minérale Spa0Reine, embouteillée, gazeuse ou non non gazeuse, moyennement minéralisée (Belgique)",0,0,0,0,0,0,0,0,0,0,0,0,0,"0,00075","0,45",0,0,0,"0,13",0,0,"0,05",0,"0,3",0,0,0,0,0,0,0,0,0,0,0,0,0,0,0
"Eau minérale St0Alban, embouteillée, gazeuse, moyennement minéralisée (St0Alban, 42)",0,0,0,0,0,0,0,0,0,0,0,0,0,"0,0033",18,"0,0006","0,002",0,5,"0,072","0,003","2,8",1,25,"0,001",0,0,0,0,0,0,0,0,0,0,0,0,0,0
"Eau minérale St0Amand, embouteillée, gazeuse ou non gazeuse, moyennement minéralisée (St0Amand, 59)",0,0,0,0,0,0,0,0,0,0,0,0,0,"0,0061","17,6","0,0005","0,0008",0,"4,6","0,0006","0,003","0,5",1,"2,8","0,0005",0,0,0,0,0,0,0,0,0,0,0,0,0,0
"Eau minérale St0Antonin, embouteillée, non gazeuse, fortement minéralisée (St0Antonin0Noble0Val, 82)",0,0,0,0,0,0,0,0,0,0,0,0,0,"0,0015","56,8","0,0005","0,009",0,"8,9","0,0003","0,003","0,3",1,"0,79","0,0008",0,0,0,0,0,0,0,0,0,0,0,0,0,0
"Eau minérale St0Diéry, embouteillée, gazeuse, fortement minéralisée (St0Diéry, 63)",0,0,0,0,0,0,0,0,0,0,0,0,0,"0,019","8,5","0,0005","0,001",0,8,"0,019","0,003","6,5",1,"7,7","0,0005",0,0,0,0,0,0,0,0,0,0,0,0,0,0
"Eau minérale St0Géron, embouteillée, gazeuse, moyennement minéralisée (St0Géron, 43)",0,0,0,0,0,0,0,0,0,0,0,0,0,"0,0073","7,91",0,0,0,"5,37",0,0,"1,84",0,"25,6",0,0,0,0,0,0,0,0,0,0,0,0,0,0,0
"Eau minérale St0Michel0de0Mourcairol, embouteillée, gazeuse, moyennement minéralisée (Les Aires, 34)",0,0,0,0,0,0,0,0,0,0,0,0,0,"0,0036",23,0,0,0,10,0,0,"5,5",0,"17,5",0,0,0,0,0,0,0,0,0,0,0,0,0,0,0
"Eau minérale St0Yorre, embouteillée, gazeuse, fortement minéralisée (Saint0Yorre, 03)",0,0,0,0,0,0,0,0,0,0,0,0,0,"0,053",9,"0,0005","0,0015",0,"1,1","0,0013","0,003",11,1,171,"0,0005",0,0,0,0,0,0,0,0,0,0,0,0,0,0
"Eau minérale Ste0Marguerite, embouteillée, gazeuse, moyennement minéralisée (St0Maurice, 63)",0,0,0,0,0,0,0,0,0,0,0,0,0,"0,038","7,1","0,0019","0,001",0,4,"0,0001","0,003","3,3",1,"30,2","0,0012",0,0,0,0,0,0,0,0,0,0,0,0,0,0
"Eau minérale Thonon, embouteillée, non gazeuse, faiblement minéralisée (Thonon, 74)",0,0,0,0,0,0,0,0,0,0,0,0,0,"0,0014","9,2","0,0005","0,001",0,"1,9","0,0001","0,003","0,1",1,"0,57","0,0005",0,0,0,0,0,0,0,0,0,0,0,0,0,0
"Eau minérale Treignac, embouteillée, non gazeuse, très faiblement minéralisée (Treignac, 19)",0,0,0,0,0,0,0,0,0,0,0,0,0,"0,00053","0,12",0,0,0,0,0,0,"0,05",0,"0,28",0,0,0,0,0,0,0,0,0,0,0,0,0,0,0
"Eau minérale Vals, embouteillée, gazeuse, moyennement minéralisée (Vals0les0Bains, 07)",0,0,0,0,0,0,0,0,0,0,0,0,0,"0,0041","2,22","0,0005","0,001",0,"1,35","0,06","0,0023","3,38",1,"38,1","0,0031",0,0,0,0,0,0,0,0,0,0,0,0,0,0
"Eau minérale Valvert, embouteillée, non gazeuse, faiblement minéralisée (Belgique)",0,0,0,0,0,0,0,0,0,0,0,0,0,"0,00049","6,78",0,0,0,"0,2",0,0,"0,045",0,"0,2",0,0,0,0,0,0,0,0,0,0,0,0,0,0,0
"Eau minérale Vauban, embouteillée, non gazeuse, moyennement minéralisée (St0Amand0les0Eaux, 59)",0,0,0,0,0,0,0,0,0,0,0,0,0,"0,0096",23,0,0,0,"6,6",0,0,"0,8",0,4,0,0,0,0,0,0,0,0,0,0,0,0,0,0,0
"Eau minérale Ventadour, embouteillée, gazeuse, faiblement minéralisée (Le Pestrin, 07)",0,0,0,0,0,0,0,0,0,0,0,0,0,"0,00033","4,5","0,0027","0,001",0,"1,05","0,04","0,003","0,21",1,"1,34","0,006",0,0,0,0,0,0,0,0,0,0,0,0,0,0
"Eau minérale Vernet, embouteillée, gazeuse, faiblement minéralisée (Prades, 07)",0,0,0,0,0,0,0,0,0,0,0,0,0,"0,00086","3,2","0,0005","0,001",0,"1,7","0,05","0,003","2,2",1,"12,9","0,004",0,0,0,0,0,0,0,0,0,0,0,0,0,0
"Eau minérale Vernière, embouteillée, gazeuse, moyennement minéralisée (Les Aires, 34)",0,0,0,0,0,0,0,0,0,0,0,0,0,"0,0023",18,"0,0005","0,001",0,"7,3","0,04","0,003",4,1,11,"0,016",0,0,0,0,0,0,0,0,0,0,0,0,0,0
"Eau minérale Vichy Célestins, embouteillée, gazeuse, fortement minéralisée (Saint0Yorre, 03)",0,0,0,0,0,0,0,0,0,0,0,0,0,"0,039","10,3","0,0005","0,001",0,1,"0,0014","0,003","6,6",1,117,"0,0008",0,0,0,0,0,0,0,0,0,0,0,0,0,0
"Eau minérale Vittel, embouteillée, non gazeuse, moyennement minéralisée (Vittel, 88)",0,0,0,0,0,0,0,0,0,0,0,0,0,"0,0013",24,"0,0023","0,001",0,"4,2","0,0015","0,003","0,19",10,"0,52","0,02",0,0,0,0,0,0,0,0,0,0,0,0,0,0
"Eau minérale Volvic active, embouteillée, gazeuse, faiblement minéralisée (Volvic, 63)",0,0,0,0,0,0,0,0,0,0,0,0,0,"0,0019","1,07","0,0005","0,001",0,"0,75","0,0001","0,02","0,58",1,"1,17","0,0005",0,0,0,0,0,0,0,0,0,0,0,0,0,0
"Eau minérale Volvic, embouteillée, non gazeuse, faiblement minéralisée (Volvic, 63)",0,0,0,0,0,0,0,0,0,0,0,0,0,"0,0025","1,2","0,0023","0,001",0,"0,8","0,0015","0,02","0,6",10,"1,2","0,01",0,0,0,0,0,0,0,0,0,0,0,0,0,0
"Eau minérale Wattwiller, embouteillée, gazeuse ou non gazeuse, faiblement minéraliséee (Wattwiller, 68)",0,0,0,0,0,0,0,0,0,0,0,0,0,"0,00075","3,5","0,0005","0,001",0,"1,1","0,005","0,003","0,11",1,"0,3","0,011",0,0,0,0,0,0,0,0,0,0,0,0,0,0
"Eau minérale, embouteillée, faiblement minéralisée (aliment moyen)",0,0,0,0,0,0,0,0,0,0,0,0,0,"0,0019","6,54","0,0012","0,0033",0,"1,64","0,00069","0,0061","0,22","2,23","0,92","0,0047",0,0,0,0,0,0,0,0,0,0,0,0,0,0
"Eau minérale, gazeuse (aliment moyen)",0,0,0,0,0,0,0,0,0,0,0,0,0,"0,011","15,9","0,00057","0,00058",0,"3,78","0,033","0,0014","1,49","1,84","16,3","0,0036",0,0,0,0,0,0,0,0,0,0,0,0,0,0
"Eau minérale, plate (aliment moyen)",0,0,0,0,0,0,0,0,0,0,0,0,0,"0,0019","20,5","0,0014","0,0021",0,"4,16","0,0008","0,0041","0,26","3,07","0,96","0,0077",0,0,0,0,0,0,0,0,0,0,0,0,0,0
"Échalote, crue","63,6","0,5","0,01","0,01","0,01","0,01","0,01","0,01",0,"12,2","3,3","2,6","1,81","0,013","9,5","0,07","0,12",20,"7,5","0,08",46,220,20,5,"0,2",0,5,0,"0,08","0,8",0,8,"0,036","0,01","0,2","0,19","0,1","10,2",0
"Échalote, cuite","67,02","0,5","0,0002","0,0002","0,0002","0,0002","0,0002","0,0002",0,"13,5","6,3","3,4","2,13","0,031",28,"0,11","0,34",20,14,"0,15",76,400,50,"12,5","0,32",0,10,0,"0,12","0,8",0,"2,25","0,53",0,"0,17","0,22","0,19","12,9",0
"Échalote, sautée/poêlée sans matière grasse","66,9","0,4","0,12","0,12","0,11","0,01","0,01","0,01",0,"12,3","3,8","2,9",2,"0,013",22,"0,09","0,25",20,11,"0,12",48,270,20,5,"0,27",0,"5,29",0,"0,08","0,8",0,"0,84","0,032","0,01","0,59","0,23","0,1",0,0
Éclair,"255,72","11,8","5,49","2,62","0,94","0,033","0,00042","0,015","99,7","31,6","18,9","3,9","5,78","0,23","68,4","0,066","1,18",24,11,"0,091",107,117,12,"92,5","0,48","66,5",117,1,"2,01","17,5",0,"0,3","0,12","0,27","0,8","0,49","0,059",14,"0,34"
"Écrevisse, crue","68,3","0,64","0,11",0,"0,007","0,015","0,12","0,027",131,"0,81",0,0,"14,8","0,39","53,5","0,37","1,71",68,"25,5","0,15",245,300,70,157,"1,18",11,0,"0,25","1,5",0,0,"1,7","0,056","0,056","2,1","0,57","0,48",26,"2,2"
"Écrevisse, cuite","73,5","0,7","0,17","0,1","0,072","0,04","0,054","0,021",116,"0,56","0,25",0,"16,3","0,21",73,"0,89","0,65",20,26,"0,32",150,140,50,"85,7","1,5",21,0,"0,5",0,"0,8",0,"0,5","0,01","0,05","0,36","0,21","0,028","17,7","4,87"
Edam,329,"25,5","16,9","4,75","0,25","0,13",0,0,89,0,"0,25",0,"25,5","2,22",802,"0,056","0,12","28,4","41,2","0,018",536,106,10,890,"3,09",242,11,"0,5","0,24","2,3","47,5",0,"0,037","0,39","0,082","0,28","0,076",16,"1,54"
Édulcorant à base d'extrait de stévia,238,"0,2",0,0,0,0,0,0,0,98,"0,3","0,5",0,"0,42",0,0,0,0,0,0,0,0,0,169,0,0,0,0,0,0,0,0,0,0,0,0,0,0,0
"Édulcorant à l'aspartame, en pastilles",216,0,0,0,0,0,0,0,0,"69,3","6,65","2,2","6,35","0,82",0,0,0,0,0,0,0,0,0,327,0,0,0,0,0,0,0,0,0,0,0,0,0,0,0
"Édulcorant à l'aspartame, en poudre","383,57","0,25",0,0,0,0,0,0,0,"94,7","9,33","0,25","0,63","0,028",0,0,0,0,0,0,0,0,0,"12,6",0,0,0,0,0,0,0,0,0,0,0,0,0,0,0
Édulcorant à la saccharine,"360,2",0,0,0,0,0,0,0,0,"88,8",0,0,"1,25","1,07",0,0,"0,04",0,0,0,0,4,0,428,"0,01",0,0,0,0,0,0,0,0,0,0,0,0,0,0
"Églefin, cru","72,3","0,35","0,098","0,029","0,0034","0,001","0,049","0,092","42,3",0,0,0,"17,3","0,16","9,23","0,1","0,28",126,"26,4","0,1",144,292,36,"65,9","0,32",2,0,"0,5","0,42","0,1",0,0,"0,04","0,04","2,64","0,11","0,32","11,3","1,07"
"Églefin, cuit à la vapeur",89,"0,6","0,1",0,0,0,"0,049","0,092",38,0,0,0,"20,9","0,18",26,"0,02","0,1",260,24,"0,01",200,370,"34,3",73,"0,5",0,0,0,"0,41",0,0,0,"0,04","0,11","4,1","0,25","0,41",9,2
"Églefin, grillé/poêlé","84,9","0,55","0,11",0,0,0,"0,051","0,11",66,0,0,0,20,"0,65",14,"0,026","0,21",0,26,"0,013",278,351,0,261,"0,4",21,0,"0,6","0,55","0,1",0,0,"0,023","0,069","4,12","0,49","0,33",13,"2,13"
Emmental ou emmenthal,373,"28,8","19,7","5,52","0,35","0,11","0,01","0,01",96,0,0,0,"27,9","0,61",898,"0,043","0,15","13,8","48,9","0,024",610,"97,1",10,245,"3,48",247,133,"0,28","0,74","6,59","5,23",0,"0,04","0,5","0,1","0,3","0,08",20,"1,5"
Emmental ou emmenthal râpé,367,"28,6","18,1","5,39","0,41","0,16",0,0,107,0,"0,25",0,"28,1","0,75",979,"0,1","1,5","21,4","38,3","0,05",635,"97,4","16,4",297,"4,4",193,0,"0,5","0,43",0,0,"0,5","0,019","0,35","0,095","0,14","0,049","33,4","2,02"
"Empereur, filet, sans peau, cru","73,5","1,5","0,3",0,0,0,0,0,0,0,0,0,15,"0,21",0,0,0,0,0,0,0,0,0,83,0,0,0,0,0,0,0,0,0,0,0,0,0,0,0
Endive au jambon,"105,3","6,3","3,77","1,37","0,33","0,04","0,01","0,01","23,7","4,71","1,98","1,5","7,44","0,65","77,2","0,1","0,38","8,11","18,2","0,1",146,104,"3,13",259,"0,6","44,7",291,"0,28","0,23",0,0,"3,72","0,24","0,14","1,45","0,28","0,11","14,3","0,3"
"Endive, crue","20,2","0,5","0,01","0,01","0,01","0,01","0,01","0,01",0,"2,83","2,4","1,1","1,19","0,013",20,"0,04","0,12",20,"8,3","0,08",23,150,20,5,"0,13",0,5,0,"0,08","0,8",0,"2,12","0,067","0,01","0,21","0,15","0,026","25,6",0
"Endive, rôtie/cuite au four","23,5","0,3","0,01","0,01","0,01","0,01","0,01","0,01",0,"4,38","3,2","0,5","1,13","0,013",27,"0,07","0,23",20,10,"0,09",27,180,20,5,"0,18",0,"16,5",0,"0,08","2,09",0,"0,5","0,032","0,01","0,21","0,11","0,028","5,89",0
Entremets type Opéra,"395,16",24,"13,4","6,5","2,13","0,1","0,01","0,01","80,2","39,6","35,1","2,3","5,19","0,11",42,"0,29","3,2",20,44,"0,37",110,240,20,42,"0,76","91,5","66,7","0,25","1,21","2,22",0,"0,5","0,053","0,099","0,2","0,37","0,19","7,09","0,21"
"Épaule de porc, cuite, choix, découennée dégraissée",121,"4,5","1,4",0,0,0,0,0,48,"1,93","1,35","0,5",18,"2,33",11,"0,13","1,08",0,16,"0,03",143,292,0,950,"2,94",0,0,"0,9","0,26",0,0,0,"0,73","0,23","4,8","0,65","0,37",4,"1,11"
"Épaule de porc, cuite, standard, découennée dégraissée",123,"5,98",0,0,"0,59","0,035",0,0,0,"3,58",0,0,"13,7","3,62",0,0,0,0,0,0,155,0,0,1450,0,0,0,0,0,0,0,0,0,0,0,0,0,0,0
"Épeautre, cru",344,"2,43","0,41",0,0,"0,065",0,0,0,"59,5","6,68","10,7","14,6","0,02",27,"0,51","4,44",0,136,"2,98",401,388,0,8,"3,28",0,5,0,"0,79","3,6",0,0,"0,36","0,11","6,84","1,07","0,23",45,0
"Éperlan, cru","85,4","1,7","0,27",0,0,0,"0,18","0,35",71,0,0,0,"17,5","0,39",0,0,0,67,24,0,245,357,0,156,0,0,0,0,0,0,0,0,0,"0,12","1,45","0,64",0,37,"3,44"
Epice (aliment moyen),346,"10,4","4,84","2,36","1,55","0,59","0,0039","0,0039",0,"37,7","2,14","25,9","12,3","0,048",450,"0,97",17,"9,75",189,"13,1",186,1430,"8,86","19,2","1,44",0,576,"0,096","2,99",118,0,"2,61","0,15","0,064","1,05","1,77","0,29","30,2",0
"Épinard, appertisé, égoutté","19,46","0,5","0,081",0,0,0,0,0,0,"0,93","0,4","2,4","2,81","0,81",127,"0,18","2,3","2,79",76,"0,6",44,346,"1,35",322,"0,46",0,5880,0,"1,25",462,0,"14,3","0,016","0,14","0,39","0,047","0,1",98,0
"Épinard, bouilli/cuit à l'eau","28,1","0,7","0,13","0,07","0,07","0,37","0,01","0,01",0,"0,85",0,"3,5","3,38","0,03",240,"0,14","1,3",20,30,"0,81",30,160,20,12,"0,79",0,6680,0,"3,98","38,1",0,"0,5","0,015","0,053","0,1","0,15","0,038","62,7",0
"Épinard, cru","23,98","0,5","0,064","0,021","0,045","0,22",0,0,0,"2,25","0,32","2,37","2,62","0,17",114,"0,1","3,61","3,4","52,5","1,3","45,2",504,"0,1","66,7","0,82",0,5630,0,"2,47",521,0,"41,1","0,087","0,21","0,71","0,18","0,21",207,0
"Épinard, cuit","16,06","0,14","0,043",0,0,0,0,0,0,"0,5","0,47","2,7","3,2","0,069",140,"0,1","2,14",10,"54,4","0,43",40,396,10,"27,6","0,65",0,1610,0,"2,4",494,0,"2,1","0,05","0,1","0,24","0,05","0,06",125,0
"Épinard, jeunes pousses pour salades, cru","18,3","0,4","0,09","0,06","0,04","0,17","0,01","0,01",0,"0,85",0,"2,4","2,06","0,063",110,"0,08","1,8",60,44,"0,62",32,580,20,25,"0,43",0,2810,"0,25","0,56","75,5",0,"6,04","0,041","0,057","0,26","0,2","0,15","78,6",0
"Épinard, purée","55,4","2,2","1,2",0,0,0,0,0,0,"5,2","1,2","2,2","3,7","0,72",0,0,0,0,0,0,0,0,0,289,0,0,0,0,0,0,0,0,0,0,0,0,0,94,0
"Épinard, surgelé, cru","19,45","0,49","0,075","0,019","0,035","0,16",0,0,0,"0,89","0,6","2,7","2,87","0,098",159,"0,12","2,28","3,4","50,5","0,53","47,7",398,"0,1","46,5","0,49",0,7040,0,"2,9",356,0,"21,4","0,093","0,2","0,51","0,11","0,18",183,0
"Épinard, surgelé, cuit","25,91","0,87","0,16",0,0,0,0,0,0,"0,51","0,51","3,7","4,01","0,24",153,"0,16","1,96",0,82,"0,72",50,302,0,97,"0,49",0,7240,0,"3,54",541,0,"2,2","0,078","0,18","0,44","0,075","0,14",121,0
"Épinards à la crème, préemballés","52,5","2,9","1,82","0,57","0,08","0,1","0,01","0,01",0,"4,1","1,19","1,9","2,5","0,72",0,0,0,0,0,0,0,0,0,287,0,0,0,0,0,0,0,0,0,0,0,0,0,0,0
Époisses,290,"24,5","17,1",0,"0,37","0,11","0,023","0,023","80,5",0,"0,03",0,"17,8","1,76",120,"0,02","0,21",21,10,"0,01",220,140,20,702,"0,5",210,0,"0,25","0,64","1,73",0,0,"0,021","1,24","0,57","1,1","0,18",0,"1,7"
"Escalope panée, soja, blé et fromage, type cordon bleu, préemballée",247,"13,1","3,02","5,32","3,34","0,35","0,01","0,01","11,1","15,1","2,05","3,28","15,2","1,5",170,"0,19","1,3",20,40,"0,46",190,320,20,601,"1,3","24,4",27,"0,25","3,35","7,45",0,"0,5","0,074","0,11","0,26","0,35","0,045","31,5","0,33"
Escalope végétale ou steak à base de soja,"229,1","14,7","0,65","4,97","4,35","0,24","0,0059","0,0059","3,16","8,7","2,3","8,8","15,5","1,75",160,"0,28","2,3",20,81,"0,94",230,380,50,700,"1,3",21,24,"0,5","0,2","9,26",0,2,"0,13","0,06","0,65","0,34","0,08","54,6","0,4"
"Escargot en sauce au beurre persillé, préemballé, cuit",277,"23,7","14,8","4,44","0,41","0,11","0,021","0,011",225,"2,26","1,02","1,69","12,9","1,66",0,"2,3","2,5",20,35,"0,34",150,89,50,665,"1,2",131,0,"0,5",0,"10,4",0,0,"0,065","0,04","0,2","0,25","0,069","14,1","0,26"
"Escargot, cru","77,9","0,92","0,19","0,11","0,12","0,016","0,12",0,"57,5","1,29",0,0,"16,1","0,35",90,"2,8","2,6",6,"48,3","1,2",157,35,0,138,"1,17",30,0,"0,5",5,"0,1",0,15,"0,02","0,12","1,7",0,"0,028","8,5","0,92"
"Escargot, sans matière grasse ajoutée, cuit",80,"1,4","0,31","0,23","0,24","0,04","0,035","0,01",0,"0,23","0,3",0,"16,6","0,27",0,0,0,0,0,0,0,0,0,109,0,0,0,0,0,0,0,0,0,0,0,0,0,0,0
"Espadon, cru",130,"5,97",0,"2,06","0,011","0,016","0,37","0,37","51,4",0,0,0,"18,9","0,28","12,1","0,035","0,65",40,"33,6","0,017",289,362,"52,7",112,"0,79",191,0,"12,5","0,5","0,1",0,"0,5","0,089","0,11","7,38","0,39","0,47",2,"2,46"
"Espadon, rôti/cuit au four",266,"16,9","1,51",0,0,0,"0,2","1,31",129,0,0,0,"28,7","0,18","5,5","0,046","0,53","9,3","34,1","0,021",200,475,122,"73,4","0,78",43,0,"16,6","7,2","0,1",0,0,"0,047","0,13","9,8","0,46","0,62",2,"2,91"
"Estragon, frais",44,0,"0,6",0,0,0,0,0,0,"4,1","1,2","6,2","3,8","0,025",0,0,0,0,0,0,0,0,0,0,0,0,0,0,0,0,0,0,0,0,0,0,0,0,0
"Esturgeon, cru",123,"5,84","1,34","1,8",0,"0,046","0,28","0,093",63,0,0,0,"17,7","0,12","15,6","0,041","0,62",0,"40,9","0,025",225,307,0,"49,2","0,63",210,0,"10,3","0,5","0,1",0,0,"0,07","0,07","6,96","0,76","0,32",15,"1,74"
"Faisan, viande et peau, cru",164,"7,95","3,32","2,88","0,76","0,093",0,0,71,0,0,0,"23,2","0,09",15,"0,065","1,58",8,20,"0,017",214,243,0,36,"0,96",73,0,0,0,0,0,"5,3","0,072","0,14","6,43","0,93","0,66",6,"0,77"
"Faisan, viande, cru",127,"3,78","1,29","1,04","0,57","0,085",0,0,"67,4",0,0,0,"23,3","0,094","14,8","0,071","1,22",8,"20,1","0,017",231,261,14,"37,6",1,"52,3",0,0,0,0,0,"5,91","0,076","0,15","6,56","0,96","0,73","6,25","0,83"
"Faisan, viande, rôtie/cuite au four",239,"12,1","3,91",0,0,0,0,0,89,0,0,0,"32,4","0,11",16,"0,084","1,43",4,22,0,242,271,0,43,"1,37",57,0,"0,2","0,27","4,9",0,"2,3","0,07","0,18","7,53",0,"0,75",5,"0,72"
Faisselle au coulis de fruits,"93,28",5,"3,4",0,0,0,0,0,0,"8,5","8,5",0,"3,57","0,077",0,0,0,0,0,0,0,0,0,"30,7",0,0,0,0,0,0,0,0,0,0,0,0,0,0,0
"Faisselle, 0% MG","35,64",0,0,0,0,0,0,0,"4,91","4,44","3,99",0,"4,47","0,11",124,0,0,0,0,0,"98,2",151,0,"42,5",0,0,0,0,0,0,0,0,0,"0,15",0,0,0,0,"0,39"
"Faisselle, 6% MG environ","84,2","5,5","3,74","0,96","0,08","0,03","0,01","0,02","18,2","3,57","3,57",0,"4,47","0,088",130,"0,01","0,05",20,11,"0,01",110,150,20,35,"0,44","62,9",30,"0,25","0,13","0,8",0,"0,5","0,015","0,12","0,17","0,43","0,024","9,22","0,33"
Fajitas,158,"4,5","1,96","1,3","0,59","0,11","0,0086","0,0021","30,6",16,"2,2","1,4","12,7","0,89",77,"0,06","0,55",20,23,"0,14",210,280,50,357,"0,66",21,385,"0,5","0,93","3,17",0,"19,6","0,12","0,06","3,48","0,57","0,24","23,4","0,42"
"Falafel ou Boulette de pois0chiche et/ou fève, frite",252,"14,4","1,5","6,18","5,7","0,12","0,01","0,01","1,95","18,7","1,4","7,7","8,25","1,6",57,"0,3","2,1",20,51,"0,93",180,390,20,640,"1,3",0,35,"0,25","6,9",10,0,"0,5","0,047","0,01","0,1","0,43","0,17",105,0
"Falafel ou Boulette de pois0chiche et/ou fève, préemballé",211,"10,8","1,28","5,47","3,21","0,11","0,01","0,01",0,"17,7","3,57",6,"7,38","0,87",57,"0,24","1,6",20,40,"0,77",99,340,20,347,1,0,"43,8","0,25","4,04","23,6",0,"0,5","0,15","0,044","0,43","0,36","0,082","57,3",0
Far aux pruneaux,"220,52",8,"4,79","1,86","0,37","0,06","0,01","0,01","68,4",32,"21,5","3,4","5,13","0,23",71,"0,08","0,45",20,16,"0,13",85,230,20,93,"0,45","70,2","33,1","0,25","1,15","27,5",0,"0,5","0,031","0,19","0,1","0,53","0,042","34,5","0,3"
"Farce porc et boeuf, crue",309,"26,5",0,0,0,0,0,0,0,"4,4",0,"2,6","11,8",0,0,0,0,0,0,0,50,0,0,0,0,0,0,0,0,0,0,0,0,0,0,0,0,0,0
Farine d'épeautre (grand épeautre),352,3,"0,5","0,65","1,51","0,08","0,01","0,01",0,64,"1,3","9,3","11,4","0,13",31,"0,42",3,20,92,"2,5",340,360,20,5,"2,8",0,0,"0,25",0,"2,87",0,"0,5","0,29","0,01","0,64","0,71","0,21","59,3",0
Farine d'orge,339,"2,3","0,43","0,23","0,97","0,1",0,0,0,"64,5","0,8","8,85","9,91","0,0081","27,5","0,45","3,59",5,"92,5","1,32",298,335,1,"3,25","2,4",0,0,0,"0,41","2,2",0,0,"0,35","0,11","5,98","0,15","0,36",8,0
Farine de blé tendre ou froment avec levure incorporée,350,1,"0,5",0,0,0,0,0,0,74,"2,5","2,5","9,12",0,0,0,0,0,0,0,0,0,0,0,0,0,0,0,0,0,0,0,0,0,0,0,0,0,0
Farine de blé tendre ou froment T110,343,"1,5","0,27","0,26","0,82","0,06","0,01","0,01",0,"68,6","1,6","6,8","9,61","0,13",27,"0,28","2,2",20,73,"2,2",220,280,20,5,"1,9",0,5,"0,25","0,79","0,8",0,"0,5","0,26","0,01","0,1","0,48","0,11","25,7",0
Farine de blé tendre ou froment T150,342,"1,52","0,22","0,17","0,61","0,04",0,0,0,"64,9","1,77","10,2","11,4","0,035","31,9","0,35","2,7",0,"85,1","2,7",323,407,0,14,"2,5",0,0,0,"1,04",0,0,"0,5","0,34","0,11","3,48","1,02","0,26","52,4",0
Farine de blé tendre ou froment T45 (pour pâtisserie),356,"0,82","0,13","0,072","0,28","0,012",0,0,0,"75,9","0,41","2,5","9,06","0,098","17,4","0,13","1,18",5,25,"0,51",117,155,"2,76",39,"0,76",0,0,0,"0,43",0,0,0,"0,12","0,031","0,89","0,84","0,06",18,0
Farine de blé tendre ou froment T55 (pour pains),350,1,"0,19","0,15","0,58","0,04","0,01","0,01",0,"73,7","1,5","3,2","9,03","0,13",23,"0,14",1,20,27,"0,64",110,180,20,5,"0,81",0,1,"0,25","0,4","0,8",0,"0,5","0,15","0,01","0,1","0,56","0,054","15,4",0
Farine de blé tendre ou froment T65,346,1,0,0,0,0,0,0,0,"67,6","1,5","3,5","13,6","0,03","25,3","0,46","1,31",0,"30,4","0,8",124,176,"4,4",12,"0,8",0,0,0,"0,5",0,0,0,"0,19","0,05","1,46","0,5","0,08","18,3",0
Farine de blé tendre ou froment T80,355,"1,18","0,17","0,11","0,45","0,026",0,0,0,"73,2","1,77","4,2","9,95",0,"25,4","0,2","1,5",0,"45,6","1,2",153,206,0,"2,72","1,3",0,0,0,"0,79",0,0,"0,5","0,26","0,06","1,5","0,5","0,13","53,8",0
Farine de châtaigne,"335,23","3,43","0,52","0,97","1,03","0,12",0,0,0,"70,4",0,"12,6","5,69",0,"61,6","0,5","0,1",0,"67,9","3,2",0,0,0,0,"1,1",0,0,0,0,0,0,16,0,0,"2,1","1,53","0,58",215,0
Farine de maïs,361,"2,1","0,27","0,48","0,91","0,032",0,0,0,"78,1","0,64","2,55","6,23","0,0025",4,"0,14","1,01","0,6","32,5","0,056","79,5",105,"3,2",1,"0,44",0,97,0,"0,63","0,3",0,0,"0,2","0,084","4,18","0,052","0,21",34,0
Farine de millet,350,"4,1","0,76","0,95","2,01","0,05","0,01","0,01",0,"63,2","0,5","9,7","10,2","0,13",12,"0,6","3,8",20,140,"0,97",360,280,20,5,"3,1",0,0,"0,25","0,11","2,93",0,"0,5","0,45","0,043","0,1","0,74","0,25","54,5",0
Farine de pois chiche,359,"6,69","0,69",0,0,0,0,0,0,47,"10,9","10,8","22,4","0,16",45,"0,91","4,86",0,166,"1,6",318,846,0,64,"2,81",0,25,0,"0,83","9,1",0,0,"0,49","0,11","1,76","0,61","0,49",437,0
"Farine de pulpe de patate douce, prélevée à la Martinique","200,4",0,0,0,0,0,0,0,0,"50,1","0,018","11,3",0,0,0,0,0,0,0,0,0,0,0,0,0,0,483,0,0,0,0,0,0,0,0,0,0,0,0
Farine de riz,357,"2,5","0,46","0,94","0,88","0,04","0,01","0,01",0,"73,9","0,9","3,3","7,62","0,13","9,5","0,18","0,79",20,110,"2,3",300,270,20,5,"1,4",0,0,"0,25","0,66","1,78",0,"0,5","0,33","0,01","0,1","0,97","0,13","25,1",0
Farine de sarrasin,348,"2,19","0,33","0,48","0,64","0,024",0,"0,005",0,"68,4","0,03","4,2","11,5","0,042","23,8","0,5","2,5",0,157,"1,3",264,389,"4,9","16,8","2,3",0,0,0,"0,32",7,0,"0,5","0,38","0,15","4,75","1,45","0,46","66,8",0
Farine de seigle T130,344,"1,12","0,22","0,19","0,65","0,044",0,0,0,"70,9","1,1","9,5","7,24","0,0061","23,8","0,3","1,8",0,"64,6","1,8",208,344,"2,5","2,45","1,9",0,0,0,"1,01","5,9",0,"0,5","0,31","0,098","0,77","0,45","0,2","50,3",0
Farine de seigle T170,315,"2,22","0,27",0,0,0,0,0,0,"44,8","2,31","23,8","15,9","0,005",37,"0,56","4,97","4,6",160,"6,06",499,717,0,2,"5,04",0,7,0,"2,73","5,9",0,0,"0,32","0,25","4,27","1,46","0,44",33,0
Farine de seigle T85,344,"1,37","0,15",0,0,0,0,0,0,"70,7","0,93","7,15","8,12","0,0051","15,5","0,19",1,0,29,"0,93",125,214,0,"2,05","1,11",0,0,0,"0,56","5,9",0,0,"0,28","0,07","0,8","0,52","0,23",23,0
Farine de soja,460,"21,4","3,04","4,98","10,6","1,51",0,0,0,"22,9","7,5",10,"35,8","0,019",178,"2,26","5,19","0,5",335,"2,29",527,2230,11,"7,5","4,46",0,72,0,"11,5",135,0,0,"0,67","0,74","3,16","1,7","0,52",573,0
Fécule de pomme de terre,348,"0,2","0,039","0,006","0,048","0,064",0,0,0,"86,3",0,"0,55",0,"0,0094","27,5","0,1","0,84","0,48",6,"0,1","35,6","33,5","0,4","3,75","0,16",0,0,0,0,0,0,0,"0,0055","0,005","0,12",0,"0,01",82,0
"Feijoa, pulpe, crue","39,42","0,42","0,1","0,056","0,11","0,029",0,0,0,"8,2","8,2","6,4","0,71","0,0075",17,"0,036","0,14",0,9,"0,084",19,172,0,3,"0,06",0,2,0,"0,16","3,5",0,"32,9","0,006","0,018","0,3","0,23","0,067",23,0
"Fenouil, bouilli/cuit à l'eau","8,62","0,1","0,039","0,0021","0,03","0,0041",0,0,0,"0,8","0,5",2,"1,13","0,15",43,"0,16","0,2",10,"10,2","0,14","17,3",270,"3,6","58,1","0,18",0,14,0,"0,32",0,0,"1,6","0,024","0,04","0,36","0,15","0,12","31,8",0
"Fenouil, cru","21,8","0,5","0,01","0,01","0,01","0,01","0,01","0,01",0,"2,63","2,2","2,6",1,"0,055",37,"0,08","0,2",20,11,"0,1",28,320,20,22,"0,19",0,"8,01",0,"0,08","62,8",0,"2,57","0,015","0,01","0,1","0,22","0,05","19,6",0
"Fenouil, cuit à l'étouffée","13,7","0,3","0,01","0,01","0,01","0,01","0,01","0,01",0,"1,94","1,3","1,8","0,5","0,028",37,"0,04","0,12",20,"6,7","0,07",16,210,20,11,"0,08",0,12,0,"0,08","0,8",0,"0,5","0,015","0,01","0,12","0,11","0,019","16,8",0
"Fenouil, graine",326,"14,9","0,48","9,91","1,69",0,0,0,0,"12,5","12,5","39,8","15,7","0,22",1200,"1,07","18,5",0,385,"6,53",487,1690,0,88,"3,7",0,81,0,"2,72",0,0,21,"0,41","0,35","6,05",0,"0,47",0,0
"Fenugrec, graine",350,"6,41","1,46",0,0,0,0,0,0,"33,8","8,7","24,6","27,1","0,17",176,"1,11","33,5",0,191,"1,23",296,770,0,67,"2,5",0,0,0,0,0,0,3,"0,32","0,37","1,64",0,"0,6",57,0
Feta AOP,285,"24,3","16,8","4,46","0,56","0,16","0,01","0,01","65,2","0,65",0,0,"15,1","2,27",220,"0,04","0,08",80,12,"0,02",190,66,20,908,"1,2",215,0,"0,25","0,4","4,22",0,0,"0,016","0,27","0,18","0,18","0,01","18,9","0,53"
"Feuille de brick, cuite à sec sans matière grasse",378,"1,76","0,28","0,39","0,92",0,0,0,0,"82,4",0,3,"6,16",0,110,0,"1,1","17,5","23,7",1,97,175,5,0,"3,18",0,50,0,"0,1",0,0,0,"0,09","0,05","1,7","0,42","0,08","12,4",0
"Feuille de vigne farcie au riz ou dolmas, égouttée, préemballée",150,"6,5","0,85","2,01","3,07","0,17","0,01","0,01",0,"18,6","0,8","2,6","2,5","1,34",70,"0,15","1,1",20,14,"0,39",42,110,20,534,"0,36",0,685,"0,25","2,48","64,7",0,"0,5","0,018","0,01","0,1","0,12","0,042","19,9",0
Feuilleté au poisson et / ou fruits de mer,255,13,"9,7","1,82","0,62","0,18","0,03","0,03","59,2","26,5","4,3","2,9","6,55","1,02","39,4","0,1","0,4",50,"20,4","0,2",66,212,13,406,"0,42",86,280,"2,5","1,38",0,0,0,"0,087","0,069","2,9","0,35","0,22",16,"0,77"
"Feuilleté aux escargots, préemballé",321,"22,1","13,2",0,0,0,0,0,0,"23,1","1,09","1,74","6,69","1,17",0,0,0,0,0,0,0,0,0,491,0,0,0,0,0,0,0,0,0,0,0,0,0,0,0
"Feuilleté ou Friand à la viande, préemballé",348,"22,6","10,6","7,22","1,95","0,18","0,00087","0,0022","70,7","25,9","1,17","1,63","9,59","1,55","15,6","0,09","1,65","7,1","18,6","0,16","38,8",199,"5,63",610,"1,49",0,0,0,0,0,0,0,0,0,0,0,0,0,0
Feuilleté ou Friand au fromage,302,"17,1","10,2","4,33","0,93","0,09","0,01","0,01","16,7","28,1","3,86","1,3","8,25","1,58",119,"0,11","1,4","10,4","14,9","0,22",172,139,"1,4",632,"0,54",166,80,"0,82","1,38",0,0,"0,3","0,07","0,14","0,63","0,25","0,06",7,"0,5"
Feuilleté ou Friand jambon fromage,290,"16,7","10,8","3,29","0,56","0,09","0,0087","0,01","23,6","25,7","3,65","1,9","8,46","1,29",115,"0,075","0,43","11,5","14,6","0,17",114,126,"2,29",512,"0,77",131,"73,7","1,05","2,1",0,0,"0,95","0,099","0,1","0,78","0,29","0,078","7,29","0,29"
Feuilleté salé (aliment moyen),301,"17,8","10,1","4,61","1,1","0,13","0,0073","0,0071","39,1","26,1","3,03","1,65","8,39","1,43","93,4","0,093","1,25","13,5","16,9","0,19",112,171,"4,25",574,"0,93",146,116,"1,16","1,49",0,0,"0,34","0,078","0,12","1,07","0,27","0,092","7,23","0,52"
"Fève à écosser, fraîche","49,87","0,67","0,13",0,0,0,0,0,0,"4,2","0,37","5,85","6,76","0,094","29,5","0,24","1,73",0,"35,5","0,49",112,291,"0,6","37,5","0,79",0,196,0,"1,16","40,9",0,"18,4","0,15","0,2","1,87","0,16","0,071",122,0
"Fève, bouillie/cuite à l'eau","82,9","0,8","0,16","0,08","0,45","0,04","0,01","0,01",0,"9,35","0,4","3,1","8,06","0,025",37,"0,31","1,5",20,37,"0,31",160,200,20,10,1,0,206,0,"0,28","5,52",0,"0,5","0,043","0,064","0,69","0,12","0,037","65,3",0
"Fève, fraîche, surgelée","63,78","0,22","0,1",0,0,0,0,0,"0,83","7,95","2,15","3,6","7,5","0,022",0,0,0,0,0,0,0,0,0,0,0,0,0,0,0,0,0,0,0,0,0,0,0,0,0
"Fève, pelée, surgelée, crue","121,9","0,3",0,0,0,0,0,0,0,"14,9",2,"6,5","14,9","0,038",0,0,0,0,0,0,0,0,0,15,0,0,0,0,0,0,0,0,0,0,0,0,0,0,0
"Fève, pelée, surgelée, cuite à l'eau","66,1","0,5","0,11","0,08","0,26","0,02","0,01","0,01",0,9,"0,2","2,9","6,4","0,018",31,"0,17","1,3",20,22,"0,18",97,97,20,"7,2","0,62",0,"83,6","0,25",0,"3,2",0,"0,5","0,043","0,038","0,57","0,28","0,042","49,1",0
"Fève, sèche","251,37","1,53","0,25",0,0,0,0,0,0,"33,3","5,7",25,"26,1","0,033",103,"0,82","6,7",0,192,"1,63",421,1060,0,13,"3,14",0,32,0,"0,05",9,0,"1,4","0,56","0,33","2,83","0,98","0,37",423,0
"Fève, surgelée, bouillie/cuite à l'eau","56,5","0,5","0,01","0,01","0,01","0,01","0,01","0,01",0,"7,4",1,"5,8","5,6","0,02",61,"0,21","0,93",20,26,"0,23",88,150,20,8,"0,55",0,102,"0,25",0,"4,16",0,"0,5","0,061","0,055","0,98","0,13","0,038","37,1",0
"Fèves de Cacao concassées, non torréfiées (compagnie des sens)",632,20,30,0,0,0,0,0,0,0,0,0,0,0,0,0,0,0,0,0,0,0,0,0,0,0,0,0,0,0,0,0,0,0,0,0,0,0,0
"Ficelle picarde, préemballée",151,"7,5","2,8",0,0,0,0,0,0,"11,9","2,7","0,6","8,6","0,75",0,0,0,0,0,0,0,0,0,0,0,0,0,0,0,0,0,0,0,0,0,0,0,0,0
"Figue de Barbarie, pulpe et graines, crue","28,27","0,31","0,01",0,0,0,0,0,0,6,"1,02","4,45","0,37","0,011",118,"0,019","0,25","1,5",77,"0,58","17,5",175,0,"4,5","0,14",0,60,0,"0,01","2,9",0,"12,5","0,011","0,046","0,38",0,"0,079",8,0
"Figue, crue","69,4","0,5","0,01","0,01","0,01","0,01","0,01","0,01",0,"13,5","12,2","4,1","1,19","0,013",57,"0,08","0,27",20,22,"0,06",21,230,20,5,"0,16",0,"73,6",0,"0,08","5,22",0,"0,5","0,015","0,01","0,37","0,15","0,059","24,5",0
"Figue, sèche","236,99","0,87","0,35","0,18","0,22","0,02",0,0,0,"54,3","49,2","9,72","2,99","0,22",167,"0,27","2,12","1,1","52,5","0,4","75,1",845,"2,2","86,3","0,51",0,6,0,"0,35","15,6",0,"1,2","0,085","0,096","0,68","0,43","0,11",9,0
Filet de bacon,118,"2,6","1,02","0,97","0,27","0,019","0,01","0,01","47,2","0,7","0,2",0,"23,1","3,18","3,8","0,03","0,4",20,23,"0,01",190,470,20,1270,"1,4",21,0,"0,25","0,45","0,8",0,"6,55","0,6","0,082","6,53","0,93","0,34","49,1","0,38"
"Flammenkueche ou Tarte flambée aux lardons, préemballée",300,"14,8","6,27","4,77","1,85","0,26","0,01","0,01","14,2","31,8","4,15","1,7","8,81","1,64",52,"0,1","0,6",7,"19,4","0,2",102,230,5,654,"0,8",26,8,"0,5","1,4",0,0,"0,8","0,19","0,1","1,75","0,43","0,21",20,"0,44"
"Flan aux oeufs, rayon frais",111,"2,2","1,2","0,57","0,15","0,01","0,01","0,01",0,"18,5",16,"0,5","4,08","0,14","86,3","0,023","0,35",0,"12,9","0,048",0,150,10,56,"0,51",0,0,0,0,0,0,0,0,"0,14",0,0,0,0,0
Flan de légumes,"205,44","18,6","10,8","4,62","0,83","0,1","0,01","0,03",153,"4,13","2,06","2,3","5,38","0,89",72,"0,06","0,75",20,12,"0,09",100,200,20,354,"0,58",156,1790,"0,25","1,36","44,3",0,"0,5","0,1","0,18","0,7","0,44","0,073","51,4","0,6"
Flan pâtissier aux oeufs ou à la parisienne,"233,54","11,3","7,16","2,47","0,37","0,07","0,01","0,01","53,4","29,2","18,4","0,7","3,76","0,24",72,"0,02","0,35",20,9,"0,06",73,120,20,94,"0,39","75,4",118,"0,25","0,38","1,16",0,"0,5","0,027","0,59","0,1","0,37","0,02","33,8","0,13"
"Flétan de l'Atlantique ou flétan blanc, cru","96,5","1,31","0,21","0,32","0,018","0,039","0,13","0,23","43,7",0,0,0,"21,2","0,15",15,"0,2","0,65","12,6",23,"0,01",221,424,0,59,"0,45",40,0,0,"0,64",0,0,0,"0,05","0,063","4,9","0,28","0,38",12,"0,96"
"Flétan du Groënland ou flétan noir ou flétan commun, cru",168,"12,7","2,32","2,58","0,21","0,16","0,8","0,68","42,3",0,0,0,"13,5","0,43","17,7","0,03","0,4","17,3",24,"0,012",161,287,"30,5",202,"0,4",32,0,"21,2","0,79","0,1",0,1,"0,06","0,08","1,5","0,25","0,43","6,5",1
"Flétan du Groënland ou flétan noir ou flétan commun, cuit à la vapeur",173,"11,6","2,07","1,81","0,1","0,031","0,34","0,34","68,1",0,0,0,"17,3","0,36","8,6","0,02","0,07",20,21,"0,01",160,240,60,143,"0,36",21,0,"4,36",0,"0,8",0,0,"0,03","0,02","0,66","0,16","0,041",5,"0,69"
"Fleur de sel, non iodée, non fluorée",0,0,0,0,0,0,0,0,0,0,0,0,0,"94,3",171,0,0,0,424,0,0,103,0,37700,0,0,0,0,0,0,0,0,0,0,0,0,0,0,0
Flocon d'avoine,367,"6,51","1,13","2,08","2,4","0,096",0,0,0,"57,9","0,97","10,2","13,3","0,014","84,3","0,3","4,05","0,5",148,"4,72",422,377,"3,05","5,68","3,33",0,0,0,"0,59",2,0,0,"0,43","0,14","0,96","1,31","0,12","39,6",0
Flocon d'avoine précuit,370,"7,7","1,36","2,25","1,9","0,042",0,0,0,58,"1,84","10,6",11,"0,011",50,"0,35","3,8",0,104,"2,68",387,325,"3,35",4,"2,6",0,0,0,"1,5",0,0,0,"0,43","0,05","0,86","1,2","0,35",56,"0,36"
"Flocons d'avoine, bouillis/cuits à l'eau","75,5","1,52","0,31","0,42","0,54","0,018",0,0,0,"11,9","0,27","1,7","2,54","0,01",9,"0,074","0,9","0,3",27,"0,58",77,70,0,4,1,0,0,0,"0,08","0,3",0,0,"0,076","0,016","0,23","0,31","0,005",6,0
Florentin (biscuit sec sucré chocolaté aux amandes),514,"28,7","10,8","10,4","3,73","0,36","0,01","0,02","21,4","50,7","44,1","7,6","9,31","0,13",120,"0,44","2,5",0,84,"0,98",180,320,20,52,"1,1","32,2","18,5","1,01","6,15","4,28",0,"0,5","0,046","0,095","0,47","0,38","0,044","16,9","0,28"
"Focaccia, garnie",233,"8,75","1,75",0,0,0,0,0,0,"29,5","4,25","2,25",8,"1,45",0,0,0,0,0,0,0,0,0,585,0,0,0,0,0,0,0,0,0,0,0,0,0,0,0
"Foie de morue, appertisé, égoutté",433,"44,4","6,87","8,65","0,56","0,28","3,08","4,06",186,"1,1",0,0,"7,25","1,12",10,"0,4","2,1",105,"10,3","0,1",145,130,107,446,2,4170,0,"54,3","4,96",0,0,4,"0,04","0,6","3,28","0,54","0,15",188,"14,4"
"Foie de morue, cru",619,"66,6",14,"15,1","1,12","0,79","6,41","4,76",0,0,0,0,5,"1,47",10,"0,66",4,500,8,0,100,130,"63,5",589,"1,94",5100,0,100,20,0,0,4,"0,1","0,65","2,5","0,64","0,15",300,10
"Foie gras de canard, cru",600,"63,4","28,1",0,0,0,0,0,0,"1,41","1,14",0,"5,94","0,52",10,0,"6,4",0,0,0,0,0,0,385,0,0,0,0,0,0,0,0,0,0,0,0,0,0,0
"Foie gras, canard, bloc (aliment moyen)",489,"50,1","21,6",0,"0,61","0,053",0,0,0,"2,43","1,41",0,"6,88","1,29",0,0,"2,1",0,0,0,0,0,0,514,0,0,0,0,0,0,0,0,0,0,0,0,0,0,0
"Foie gras, canard, bloc, 30% de morceaux",489,"50,1","21,6",0,"0,61","0,053",0,0,0,"2,43","1,41",0,"6,88","1,29",0,0,"2,1",0,0,0,0,0,0,514,0,0,0,0,0,0,0,0,0,0,0,0,0,0,0
"Foie gras, canard, bloc, 50% de morceaux",479,"49,5","20,2",0,0,0,0,0,0,2,"1,2",0,"6,39","1,29",0,0,"2,1",0,0,0,0,0,0,516,0,0,0,0,0,0,0,0,0,0,0,0,0,0,0
"Foie gras, canard, bloc, sans morceaux",482,50,"19,7",0,0,0,0,0,395,"2,1","1,47","0,35","5,75","1,14","1,7","0,8","5,2",2,"8,4","0,1",109,130,0,457,"1,2",1430,0,"2,75","2,4",0,0,"14,7","0,1","0,57","5,8","2,15","0,95",142,"4,55"
"Foie gras, canard, entier, cuit",535,"54,6",23,0,"0,61","0,06",0,0,1040,"2,32","1,71","0,35","8,41","1,11","5,68","0,91","4,13",0,"9,33","0,11",0,135,"12,3",440,"1,19",5400,0,"0,2",0,0,0,31,0,0,0,0,"0,3",0,15
"Foie, agneau, cru",148,"5,45","1,45","0,54","0,36","0,029",0,0,371,"2,92",2,0,"21,8","0,14",7,"6,98","6,43",4,19,"0,18",364,313,"48,7","57,4",4,435,72,"0,45","0,69",1,0,4,"0,34","3,63",18,"6,13","0,37",230,"95,8"
"Foie, agneau, cuit",157,"5,8","1,81",0,0,0,0,0,235,"3,16",0,0,23,"0,23","8,5","8,45","4,1",5,"22,5","0,56",424,287,0,90,"4,7",7630,0,"0,51","0,38","1,6",0,"17,6","0,46","4,31","18,5","12,6","0,54",457,60
"Foie, canard, cru",131,"4,62","1,44","0,65","0,37",0,0,0,515,"3,5",0,0,"18,7","0,27",11,"5,96","30,5",0,22,"0,26",269,235,124,109,"3,07",12000,0,0,0,0,0,"4,5","0,56","0,89","6,5","6,18","0,76",738,54
"Foie, dinde, cru",123,"5,5","1,66","0,71","1,12","0,038","0,009","0,045",415,0,0,0,"18,3","0,33",20,"0,86","8,94",0,24,"0,3",279,214,0,131,"3,37",8060,29,"1,3","0,24",0,0,"24,5","0,21","2,25","11,2","6,28","1,04",677,"19,7"
"Foie, dinde, cuit",182,"8,18","2,3","0,91","1,45","0,033","0,016","0,053",648,0,0,0,27,"0,25",19,"1,05","1,79",0,26,"0,33",312,153,0,98,"4,53",10800,0,0,"0,15",0,0,"22,6","0,26","2,69","11,1","4,35","0,88",691,"28,2"
"Foie, génisse, cru",138,"4,3","1,26","0,32","0,31","0,007",0,"0,11",288,"3,67",0,0,21,"0,15","5,95","8,08","5,92","4,3","19,5","0,35",368,307,"39,3","59,9","3,57",6350,232,"0,67","0,4","53,6","7,94",23,"0,18","2,88","15,4","7,44","0,52",1300,"95,6"
"Foie, génisse, cuit",165,"5,71","1,69","0,63","0,3","0,032","0,021","0,02",204,"2,2",0,0,"26,3","0,19","6,14","3,46","5,8",5,"17,8","0,32",485,351,"2,2",77,"3,82",7730,182,"0,51","0,46","3,9",0,20,"0,33","3,43",18,"8,5","1,4",536,"1,9"
"Foie, lapin, cru",132,4,"0,81",0,0,0,0,0,263,5,"3,75",0,19,"0,17","12,3","0,81","6,61","2,69","24,2","0,14",241,335,"75,1","69,5","2,04",4530,140,0,"0,13",0,0,9,"0,31","0,5","5,7",0,"0,5",5,0
"Foie, oie, cru",129,"4,29","1,59","0,74","0,18","0,01",0,0,515,"6,3",0,0,"16,3","0,27",43,"7,52","30,5","2,8",22,0,261,235,61,109,"3,07",20400,0,0,0,"10,9",369,"4,5","0,56","2,05","6,5","6,18","0,85",738,54
"Foie, porc, cru",127,"4,2","1,66","0,32","0,23",0,0,"0,046",301,"1,85","1,1",0,"20,6","0,34","7,74","0,84","18,4","3,1",18,"0,37",329,272,"47,6",137,"6,27",10300,0,"0,2","0,2",30,"3,44","25,2","0,29","2,98","15,7","6,53","0,68",606,33
"Foie, porc, cuit",159,"4,4","1,41",0,0,0,0,"0,03",355,"3,76",0,0,26,"0,12",10,"0,63","17,9",0,14,"0,3",241,150,0,49,"6,72",5410,0,0,0,0,0,"23,6","0,26","2,2","8,44","4,77","0,57",163,"18,7"
"Foie, poulet, cru",121,"4,62","1,46","0,84","0,5","0,031",0,"0,2",398,"1,1",0,0,"18,8","0,17","10,5","0,5","8,68","2,4",19,"0,24",309,233,"49,8","69,3","2,79",8490,56,"0,21","0,51",80,0,"19,7","0,35","2,36","9,54","6,41","0,83",1640,"19,3"
"Foie, poulet, cuit",160,"6,51","2,06",0,"0,72","0,012",0,0,563,"0,8",0,0,"24,5","0,19",11,"0,5","11,6",5,25,"0,36",405,263,0,76,"3,98",3980,30,0,"0,82",0,0,"27,9","0,29","1,99",11,"6,67","0,76",578,"16,9"
"Foie, veau, cru",120,"3,4","1,31","0,57","0,63","0,05","0,02","0,06",286,"5,64",0,0,"15,5","0,16","4,9",22,"4,6",20,18,"0,13",280,320,40,"62,7","5,3",13800,11,"0,62","0,79","0,8",0,"9,75","0,14","0,67","17,1","3,13","0,5",1180,"46,5"
"Foie, veau, cuit",121,"3,02","0,98",0,"0,68","0,035",0,0,288,"4,47",0,0,19,"0,2","6,5","20,1","4,5",5,"21,5","0,29",302,341,"40,9","81,5","4,6",10500,"43,5","2,52","0,64","1,5",0,"13,2","0,15","1,72","18,8","1,81","1,03",592,"52,6"
"Foie, volaille, cru",133,"4,88","1,65",0,0,0,0,0,0,"1,13",0,0,"21,3","0,21",12,0,9,0,0,0,0,0,0,83,0,0,0,0,0,0,0,25,0,0,0,0,0,0,0
"Foie, volaille, cuit",164,"6,4","2,5","1,46","1,14","0,05","0,02","0,08",478,0,0,0,"25,8","0,25","6,6","0,51",12,20,24,"0,37",380,340,90,99,"3,9",18700,0,"1,29","1,51","3,2",0,"0,5","0,28","1,4","32,6","8,77","0,59",1440,"50,5"
"Fond de veau pour sauces et cuisson, déshydraté",343,"7,4","3,22","2,45","0,87","0,11","0,0035","0,0035","18,2","59,5","22,3","2,1","8,5","16,7",39,"0,06","0,68",20,30,"0,16",170,450,50,6660,"1,1",21,0,"0,5",0,"1,4",0,0,"2,19","0,29","4,23","0,87","0,13",223,"0,55"
"Fond de veau, préemballé","40,9","2,05",1,0,0,0,0,0,0,"2,4","0,7","0,1","3,15","1,1",0,0,0,0,0,0,0,0,0,340,0,0,0,0,0,0,0,0,0,0,0,0,0,0,0
"Fond de volaille pour sauces et cuisson, déshydraté",341,"4,9","1,65",0,0,"0,1",0,0,0,"66,3","13,6","1,3","7,4","12,5",0,0,0,0,0,0,0,0,0,4990,0,0,0,0,0,0,0,0,0,0,0,0,0,0,0
"Fondant au chocolat noir et crème anglaise, préemballé","228,9","14,3",0,0,0,0,0,0,0,20,0,0,"5,05",0,0,0,0,0,0,0,0,0,0,0,0,0,0,0,0,0,0,0,0,0,0,0,0,0,0
Fondue de poireau,"51,2","5,2","3,6",0,0,0,0,0,0,0,0,"3,6","1,1","0,5",0,0,0,0,0,0,0,0,0,200,0,0,0,0,0,0,0,0,0,0,0,0,0,0,0
Fontina,381,"31,1","19,2",0,0,0,0,0,116,0,0,0,"25,6",2,550,"0,025","0,23",0,14,"0,014",346,64,0,800,"3,5",258,32,"0,6","0,27","2,6",0,0,"0,021","0,2","0,15","0,43","0,083",6,"1,68"
"Fougasse, garnie",306,"11,8","2,74",0,0,0,0,0,"8,9","38,8","1,47","3,2","9,53","1,78","76,6","0,11","1,24",18,"23,7","0,39","88,9",177,"4,51",711,"0,95",0,21,0,"1,22",0,0,"0,1","0,12","0,061","1,38","0,31","0,1","16,8","0,074"
Fourme d'Ambert,326,"27,6",18,0,0,"0,041",0,0,97,0,0,0,"19,9","2,2",442,"0,11","0,36",27,16,"0,02",1040,111,"3,7",862,"3,37",0,0,0,0,0,0,0,0,0,0,0,0,0,0
Fourme de Montbrison,365,"30,8","20,5",0,0,0,0,0,0,0,0,0,"22,5","1,63",0,0,0,0,0,0,0,0,0,652,0,0,0,0,0,0,0,0,0,0,0,0,0,0,0
"Fraise, crue","38,6","0,5","0,01","0,01","0,01","0,01","0,01","0,01",0,"6,03","5,6","3,8","0,63","0,013",18,"0,02","0,19",20,12,"0,26",23,140,20,5,"0,11",0,5,0,"0,3","0,8",0,54,"0,015","0,01","0,21","0,13","0,04","98,9",0
Fraisier ou framboisier,"259,54","15,5","8,3","3,4",0,"0,056","0,0055",0,61,"26,7","17,3","1,3","3,31","0,15","57,1",1,1,10,"16,9",1,76,105,"15,1","61,7",1,89,50,"0,2","1,3",0,0,"4,3","0,05","0,47","0,05","0,32","0,05","78,1","0,45"
"Framboise, crue","49,2","0,8","0,13","0,16","0,27","0,16","0,01","0,01",0,"5,83","5,4","4,3","1,19","0,013",16,"0,04","0,4",20,20,"0,44",29,170,20,5,"0,24",0,100,0,"0,88","5,02",0,"18,7","0,015","0,02","0,35","0,85","0,032","38,1",0
"Framboise, surgelée, crue","37,56","0,8","0,062","0,061","0,28","0,24",0,0,0,"6,43","6,03","6,05","1,16","0,0053","29,9","0,11","0,78","0,4",17,"1,2",38,228,"0,19","2,17","0,34",0,0,0,"1,4",0,0,"24,5","0,03","0,05","0,5","0,24","0,09",44,0
"Frik (blé dur immature concassé), cru",323,"2,25",0,0,0,0,0,0,0,"55,8",0,"19,3","9,62","0,011","50,3",1,"5,2",10,114,"3,6",321,512,5,"4,2","3,6",0,50,0,"0,1",0,0,0,"0,24","0,09","3,49","0,82","0,14","68,2",0
"Frik (blé dur immature concassé), cuit, non salé",76,"0,48",0,0,0,0,0,0,0,14,0,"3,5","2,04","0,005","19,6",1,1,10,"30,4",1,55,"95,5",5,2,1,0,50,0,"0,1",0,0,0,"0,05","0,05","1,6","0,24","0,06",18,0
"Frites de pommes de terre, surgelées, cuites en friteuse",285,"11,9","2,94","5,85","2,45","0,087",0,0,0,"39,4","0,69","3,9","3,28","0,073","23,8","0,12","0,9",5,"23,3","0,16",106,684,"2,2",29,"0,36",2,0,0,"0,44","11,2",0,19,"0,11","0,059","2,57","0,43","0,37","32,3","0,04"
"Frites de pommes de terre, surgelées, préfrites, pour cuisson en friteuse",244,"12,1","4,09",0,0,0,0,0,0,"29,1","0,48","3,39","3,12","0,12",20,0,"1,8",0,0,0,0,0,0,"57,9",0,0,0,0,0,0,0,6,0,0,0,0,0,0,0
"Frites de pommes de terre, surgelées, préfrites, pour cuisson micro0ondes",254,"10,8","1,74",0,"4,2","0,013","0,0083","0,0083",0,34,"0,23","3,83","3,5","0,27",0,0,0,0,0,0,0,0,0,108,0,0,0,0,0,0,0,0,0,0,0,0,0,0,0
"Frites de pommes de terre, surgelées, préfrites, pour cuisson rôtie/ au four",154,"5,09","1,56",0,"1,91","0,0093","0,005","0,005",0,"23,4","0,35","2,58","2,41","0,28",0,0,0,0,0,0,0,0,0,109,0,0,0,0,0,0,0,0,0,0,0,0,0,0,0
"Frites de pommes de terre, surgelées, rôties/cuites au four",213,"6,6","0,75","2,16","3,28","0,02","0,01","0,01","0,7","32,6","0,29","4,2","3,75","0,39",11,"0,11","0,67",20,29,"0,15",81,590,20,156,"0,45",21,5,"0,25","7,64","0,8",0,"2,38","0,097","0,018","1,15","0,52","0,52","40,6",0
Fromage (aliment moyen),338,"27,4","18,2","5,02","0,41","0,13","0,0079","0,006","89,8","0,56","0,27",0,"21,8","1,28",626,"0,13","0,27","23,1","29,2","0,028",454,122,"7,75",510,"2,87",226,0,"0,29","0,55",0,0,"0,057","0,035","0,41",1,"0,51","0,11","34,4","1,36"
Fromage 100% brebis (Feta AOP ou type Feta),"274,4","22,8","14,3","4,27","0,6","0,3",0,0,"60,3","2,5","1,13",0,"14,8","2,59",318,"0,1","0,2",0,"18,3",0,207,95,0,1040,"1,03",179,0,"0,5","0,37",0,0,0,"0,055","0,29","0,19","0,27","0,07","29,5","0,77"
Fromage à pâte ferme environ 14% MG type Masdaam à teneur réduite en MG,238,"13,8","8,9","3,21","0,26","0,1",0,0,"45,3",0,0,0,29,"2,06",717,"0,086","0,21","13,8","31,6","0,059",568,"76,3","9,63",824,"4,23",117,0,"0,16","0,35",0,0,0,"0,058","0,32","0,1","0,34","0,085","59,5","1,56"
Fromage à pâte ferme environ 27% MG type Maasdam,359,"28,4","19,5","5,44","0,34","0,11","0,01","0,01",97,0,0,0,"25,5","1,29",848,"0,1","0,12",20,"33,5","0,1",519,81,8,517,"3,06",240,100,"0,2","0,5",0,0,0,"0,04","0,28","0,1","0,3","0,07",20,"1,9"
"Fromage à pâte ferme, enrobé de cire",303,"23,7","16,3","4,4","0,3","0,06","0,01","0,01",0,0,0,0,"21,7","1,7",608,"0,03","0,15",27,"29,3","0,014",546,"74,5",10,679,"2,57",0,0,0,0,0,0,0,"0,03","0,33","0,06",0,"0,08",21,0
"Fromage à pâte molle à croûte lavée, au lait pasteurisé (type Vieux Pané)",311,"25,7","17,4","4,91","0,35","0,11","0,01","0,01",0,0,0,0,"20,3","1,57",450,0,0,0,"18,1",0,357,"99,3",0,626,0,250,0,"0,95",0,0,0,0,0,"0,43",0,0,0,0,"1,3"
Fromage à pâte molle et croûte fleurie (type camembert),359,"32,3",0,0,0,0,0,0,0,0,0,0,"17,5","1,18",523,0,0,0,23,0,354,69,0,470,0,470,0,"0,4",0,0,0,0,0,"0,1",0,0,0,0,"1,1"
Fromage à pâte molle et croûte fleurie double crème environ 30% MG,333,"29,4","18,5","5,59","0,42","0,15",0,0,"79,5",0,0,0,"17,5","1,28",200,"0,1","0,3","13,8",6,"0,1",160,112,"3,5",511,"0,54",268,0,"0,31","0,8",0,0,0,"0,04","0,2","0,1","0,27","0,055",13,"0,22"
Fromage à pâte molle et croûte lavée (aliment moyen),320,"26,5","17,6","4,77","0,4","0,13","0,0045","0,004",0,0,"0,021",0,"20,6","1,66",535,0,0,0,"22,4",0,396,113,0,649,0,249,0,"0,68",0,0,0,0,0,"0,6",0,0,0,0,"1,54"
"Fromage à pâte molle et croûte lavée, allégé environ 13% MG",198,"12,6","8,08","2,84",0,0,0,0,43,0,0,0,"21,6","1,63",420,0,0,"31,5",19,0,268,94,0,650,0,132,0,0,0,0,0,0,0,"0,39",0,0,0,0,"2,6"
Fromage à pâte molle et croûte mixte (lavée et fleurie) colorée,332,29,"18,5",0,0,0,0,0,68,0,0,0,"18,2",0,450,0,"0,2",0,0,0,338,0,0,0,0,0,0,0,0,0,0,0,0,"4,2",0,0,0,40,"0,88"
Fromage à pâte molle triple crème environ 40% MG,376,"37,5","25,1","7,94","0,54","0,25",0,0,122,0,0,0,"9,89","1,09",230,"0,07","0,3","13,8",6,"0,035",140,119,"3,2",436,"0,54",314,0,"0,36","0,94",0,0,0,"0,035","0,2","0,1","0,27","0,055",13,"0,22"
Fromage à pâte pressée cuite (aliment moyen),390,"30,8","20,1","5,71","0,43","0,16","0,0096","0,0091",101,0,"0,0086",0,28,"0,8",935,"0,25","0,32","22,9","45,2","0,028",630,103,"7,53",310,"3,79",253,109,"0,28","0,66","5,52",0,"0,051","0,036","0,43","0,21","0,3","0,088","17,1","1,86"
"Fromage à pate pressée cuite type emmental ou emmenthal, allégé en matière grasse",282,18,"8,5",0,0,0,0,0,67,0,0,0,"30,6",1,950,"0,09","0,2","32,3",45,"0,09",629,110,10,400,"4,1",108,100,"0,48","0,22","7,2",0,0,"0,05","0,25","0,13","0,21","0,09","9,2","1,2"
"Fromage blanc et crème fouettée sur lit de fruits, sucré","145,36",7,"4,5",0,0,0,0,0,0,16,15,0,"4,59","0,09","88,2","0,015",0,0,"10,1","0,057",0,0,"3,35",36,"0,36",0,0,"0,1",0,0,0,0,"0,03",0,0,0,"0,04",32,0
Fromage blanc nature ou aux fruits (aliment moyen),"87,7","4,31","2,81","1,43","0,11","0,036",0,0,"17,9","5,68",5,"0,0048","7,1","0,11",122,"0,019","0,29","29,3","10,3","0,024",107,137,"1,91","47,1","0,47","48,9","25,4","0,71","0,078",0,0,"0,1","0,038","0,22","0,16","0,38","0,04","19,8","0,36"
"Fromage blanc nature, 0% MG","49,4","0,044","0,027",0,0,0,0,0,1,"3,89","3,89",0,"7,95","0,11",134,"0,011","0,16","10,4","12,2","0,0051",116,144,"3,35","44,3","0,49",4,3,"0,2",0,0,0,0,"0,044","0,24","0,2","0,33","0,058",24,"0,4"
"Fromage blanc nature, 0% MG, enrichi en vitamine D","51,1","0,1","0,06",0,0,0,0,0,0,5,5,0,"7,55","0,15",164,0,0,0,0,0,0,0,0,60,0,0,0,"1,25",0,0,0,0,0,0,0,0,0,0,0
"Fromage blanc nature, 3% MG environ","76,9","3,26","2,12","0,87","0,066","0,024",0,0,18,"3,46","3,46",0,"8,03","0,11",130,"0,01","0,13","14,5","10,2","0,1",115,132,"4,5","42,4","0,52",29,20,"1,5","0,14",0,0,"0,5","0,037","0,24","0,19","0,38","0,047",26,"0,4"
"Fromage blanc nature, 3% MG environ, au bifidus","74,04","3,28","2,06",0,0,0,0,0,0,"3,94","3,88",0,"7,19","0,11",0,0,0,0,0,0,0,0,0,42,0,0,0,0,0,0,0,0,0,0,0,0,0,0,0
"Fromage blanc nature, 3% MG environ, enrichi en vitamine D","78,56","3,2","2,2",0,0,0,0,0,0,"5,4","5,4",0,"7,04","0,2",200,0,0,0,0,0,120,0,0,80,0,0,0,"1,25",0,0,0,0,0,0,0,0,0,0,0
"Fromage blanc nature, gourmand, 8% MG environ",116,"7,65","4,99","2,02","0,16","0,048",0,0,"25,3","5,25","3,33",0,"6,19","0,1",104,"0,031",1,56,"9,6","0,0039",94,140,"3,35","40,8","0,41",90,41,"0,2","0,1",0,0,0,"0,038","0,18","0,1","0,39","0,05","10,8","0,29"
"Fromage blanc ou spécialité laitière nature et crème fouetté, 10% MG environ","134,32","10,2","6,63",0,0,0,0,0,0,"3,74","3,68",0,"6,89","0,13",95,0,0,10,0,0,0,0,0,"51,5",0,0,0,0,0,0,0,0,0,0,0,0,0,0,0
"Fromage blanc ou spécialité laitière, aromatisé, sucré, 0% MG","78,705","0,025","0,033",0,0,0,0,0,0,"12,5","12,2",0,"7,12","0,1",0,0,0,0,0,0,0,0,0,40,0,0,0,0,0,0,0,0,0,0,0,0,0,0,0
"Fromage blanc ou spécialité laitière, aromatisé, sucré, 3% MG environ","101,81","2,65","1,69",0,0,0,0,0,0,"13,1","12,4",0,"6,39","0,099",120,0,0,0,0,0,0,0,0,"84,3",0,0,0,0,0,0,0,0,0,0,0,0,0,0,0
"Fromage blanc ou spécialité laitière, aromatisé, sucré, 3% MG environ, au bifidus","107,12","3,2","2,03",0,0,0,0,0,0,14,"13,8","0,28","5,58","0,11",0,0,0,0,0,0,0,0,0,"43,3",0,0,0,0,0,0,0,0,0,0,0,0,0,0,0
"Fromage blanc ou spécialité laitière, aux copeaux de chocolat, sucré, 7% MG environ","139,89","5,97","3,93",0,0,0,0,0,0,"16,2","15,5","0,13","5,34","0,1",0,0,0,0,0,0,0,0,0,40,0,0,0,0,0,0,0,0,0,0,0,0,0,0,0
"Fromage blanc ou spécialité laitière, aux fruits, avec édulcorants, allégé en sucres, 0% MG","53,08","0,12","0,05",0,0,0,0,0,0,"6,76","6,19","0,58","6,24","0,14",121,"0,01","0,12",10,11,"0,005",115,145,2,"57,6","0,5",2,20,"1,25","0,095",0,0,0,"0,032","0,21","0,29","0,55","0,045",30,"0,32"
"Fromage blanc ou spécialité laitière, aux fruits, avec édulcorants, allégé en sucres, 3% MG environ","83,94","2,5","1,7",0,0,0,0,0,0,"12,2","11,9","0,2","3,16","0,13",320,0,0,0,0,0,0,0,0,50,0,0,0,4,0,0,0,0,0,0,0,0,0,0,0
"Fromage blanc ou spécialité laitière, aux fruits, sucré, 0% MG","85,72",0,0,0,0,0,0,0,0,"13,5",12,0,"7,93","0,075",0,0,0,0,0,0,0,0,0,30,0,0,0,0,0,0,0,0,0,0,0,0,0,0,0
"Fromage blanc ou spécialité laitière, aux fruits, sucré, 3% MG environ","109,51","3,31","2,2",0,0,0,0,0,0,"14,7","14,3","0,12","5,23","0,087",180,0,0,0,0,0,0,0,0,"35,5",0,0,0,1,0,0,0,0,0,0,0,0,0,0,0
"Fromage blanc ou spécialité laitière, aux fruits, sucré, 3% MG environ, au bifidus","102,26","2,98","1,94",0,0,0,0,0,0,"13,5","12,8","0,36","5,36","0,11",0,0,0,0,0,0,0,0,0,"42,5",0,0,0,0,0,0,0,0,0,0,0,0,0,0,0
"Fromage blanc ou spécialité laitière, aux fruits, sucré, gourmand, 7% MG environ","124,09","5,53","3,59",0,0,0,0,0,18,"13,4","12,5","0,68","5,18","0,13","93,3",0,1,54,"9,5",0,98,121,0,"52,2",0,9,50,"0,2","0,1",0,0,"0,5","0,04","0,17","0,1","0,4","0,05","15,4","0,44"
Fromage bleu au lait de vache,333,"28,3","17,7","5,69","0,45","0,19",0,0,"97,8",0,"0,25",0,"19,9","2,89",494,"0,1","0,23","13,8",23,"0,1",369,130,"5,5",850,"3,88",224,74,"0,42","0,59","2,4",0,0,"0,035","0,43","1,01","1,73","0,2",36,"1,23"
Fromage bleu d'Auvergne,343,"28,4",19,"5,31","0,35","0,19",0,0,59,0,0,0,"22,4","2,85",551,"0,07","0,3","27,1","18,1","0,1",301,126,"3,73",1050,"2,69",250,0,0,0,0,0,0,0,"0,55",0,"0,66",0,"54,8","0,85"
Fromage bleu de Bresse,342,"30,5","19,4","5,8","0,4","0,14",0,0,91,0,0,0,"17,4","1,58",434,"0,1",1,48,17,"0,1",320,128,"16,1",450,"2,5",108,50,"0,2","0,1",0,0,0,"0,05","0,46","1,5","0,49","0,07",47,"0,74"
Fromage bleu de Bresse allegé environ 15% MG,246,"15,5",0,0,0,0,0,0,0,0,0,0,"27,1","2,05",420,0,0,0,0,0,0,0,0,800,0,0,0,0,0,0,0,0,0,"0,45",0,0,0,0,"0,5"
Fromage bleu des Causses,350,30,19,0,0,0,0,0,103,0,0,0,"20,4","3,3",582,0,0,27,35,0,400,132,0,1300,3,0,0,0,0,0,0,0,0,0,0,0,0,25,0
Fromage de brebis à pâte molle et croûte fleurie,276,"23,3","16,2","5,37",0,0,0,0,67,0,0,0,"16,8","1,69",487,0,0,0,0,0,364,0,0,676,0,198,0,0,0,0,0,0,0,"0,5",0,0,0,0,"2,05"
Fromage de brebis à pâte pressée,384,"32,3","21,3",0,0,0,0,0,83,0,0,0,"23,9","1,85",722,0,0,0,0,0,498,0,0,738,0,263,0,0,0,0,0,0,0,"0,4",0,0,0,0,"1,2"
Fromage de brebis Corse à pâte molle,457,"38,4","25,7",0,0,0,0,0,"93,3",0,0,0,"28,5","2,39",576,"0,086","0,21",0,"34,2",0,0,105,0,957,2,292,0,0,"0,21",0,0,0,"0,036","0,75",0,"0,23","0,085","86,9","0,95"
Fromage de brebis des Pyrénées,397,"33,6","20,7","7,16","0,56","0,22",0,0,95,0,0,0,"24,1","1,62",750,"0,1","0,3",124,"35,9","0,1",505,"71,9","19,9",648,"2,4",250,100,"1,08","0,67",0,0,0,"0,032","0,49","0,19","0,16","0,064","26,8","0,73"
Fromage de chèvre à pâte molle et croûte fleurie type camembert,292,"23,8",16,"4,09","0,43","0,12","0,0056",0,"91,8",0,"0,05",0,"19,9",1,534,"0,1","0,32","26,7",32,0,326,153,"10,7",400,"2,4",176,0,"0,5","0,4",0,0,0,"0,04","0,4","0,8","0,35","0,2","60,8",2
"Fromage de chèvre à pâte molle non pressée non cuite croûte naturelle, au lait pasteurisé",279,"22,6","17,4",0,0,0,0,0,78,0,0,0,"19,3","1,56",90,0,0,0,0,0,0,0,0,624,0,0,0,0,0,0,0,0,0,0,0,0,0,0,0
"Fromage de chèvre à tartiner, nature","162,64","12,2","8,08","2,21","0,31","0,065","0,0043",0,"44,5","2,41","2,41",0,"10,8","0,92","78,1","0,07","0,14","32,9","9,73",0,101,93,8,369,"0,37","84,9",0,"0,5","0,21",0,0,"0,5","0,04","0,2","0,34","0,13","0,03","26,5","0,08"
Fromage de chèvre bûche,285,"23,3","16,2","4,47","0,5","0,1","0,01","0,01","95,9",0,0,0,"18,8","1,58",107,"0,1","0,22",30,"12,7",0,183,167,"10,1",630,"0,61",152,0,"0,5","0,29",0,0,0,"0,022","0,47","1,05","0,52","0,16","76,4",0
"Fromage de chèvre bûche, allégé en matière grasse",179,10,"6,8",0,0,0,0,0,50,0,0,0,"22,6","1,24",183,0,"0,1",0,15,0,275,210,0,801,0,0,0,0,0,0,0,0,0,0,0,0,0,0,0
Fromage de chèvre demi0sec,353,"29,8","20,6","5,24","0,59","0,12",0,0,79,0,0,0,"21,6","1,81",145,"0,068","1,62","69,5","18,2","0,036",375,165,"8,85",471,"0,64",401,77,"0,5","0,26","2,5",0,0,"0,072","0,68","1,15","0,19","0,06",2,"0,22"
"Fromage de chèvre frais, au lait cru (type palet ou crottin frais)","212,62","16,9","11,7","2,73",0,"0,091",0,0,"69,6","2,03","2,03",0,"13,1","0,77","91,6","0,1","0,28","29,1","12,1",0,154,0,"4,36",309,"0,37",113,0,"0,5","0,38",0,0,0,"0,04","0,43","0,55","0,29","0,042","43,1",0
"Fromage de chèvre frais, au lait pasteurisé (type bûchette fraîche)","252,72",20,"13,4","3,51",0,"0,1",0,0,"73,8","2,08","2,08",0,"16,1","0,97","96,7","0,1","0,22","28,3","11,2",0,161,0,"7,58",387,"0,79",146,0,"0,5","0,32",0,0,0,"0,04","0,34","0,6","0,18","0,045","50,8",0
"Fromage de chèvre frais, au lait pasteurisé ou cru (type crottin frais ou bûchette fraîche)","232,2","18,4","12,5","3,12","0,14","0,098",0,0,"71,7","2,05","2,05",0,"14,6","1,55","94,2","0,1","0,25","28,7","11,6","0,1",158,159,"6,04",349,"0,59",129,54,"0,5","0,35","1,8",0,0,"0,04","0,39","0,58","0,24","0,044",47,"0,19"
"Fromage de chèvre lactique affiné (type bûchette, crottin, Sainte0Maure)",315,"26,2",18,"4,23","0,56","0,13","0,012",0,104,0,0,0,"20,4","1,69",117,"0,055","0,28","30,6","14,9",0,199,161,"10,8",505,"0,58",169,0,"0,5","0,45",0,0,0,"0,021","0,74","1,3","1,03","0,22","81,5",0
"Fromage de chèvre lactique affiné, au lait cru (type Crottin de Chavignol, Picodon, Rocamadour, Sainte0Maure de Touraine)",324,27,"18,7","4,28",0,"0,13",0,0,107,0,0,0,"20,7","1,28",123,"0,057","0,31",31,"16,2",0,208,230,"10,9",513,"0,56",176,0,"0,5","0,53",0,0,0,"0,021","0,89","1,43","1,3","0,25","84,2",0
"Fromage de chèvre lactique affiné, au lait pasteurisé (type bûchette ou crottin)",300,"24,7","16,9","4,14",0,"0,12",0,0,"98,5",0,0,0,"19,8","1,23",107,"0,1","0,22",30,"12,7",0,183,260,"10,6",490,"0,61",156,0,"0,5","0,32",0,0,0,"0,022","0,5","1,06","0,57","0,16","76,6",0
"Fromage de chèvre pané à dorer, préemballé","284,4","19,2","9,99","4,09","3,43","0,07","0,01","0,01","76,9",15,"3,5",0,"12,9","1,27",100,"0,05","0,27",20,14,"0,13",160,120,20,507,"0,69",133,5,"0,25","2,79","1,58",0,"0,5","0,043","0,081","0,1","0,21","0,035","24,9","0,17"
Fromage de chèvre sec,440,"35,6","24,6",0,0,0,0,0,105,0,0,0,"30,5","1,06",895,"0,07","1,88",70,54,0,729,48,0,423,"1,59",478,91,"0,7","0,31",3,0,0,"0,14","1,19","2,4","0,41","0,08",53,"0,12"
Fromage de lactosérum de brebis,190,"14,8",0,0,0,0,0,0,0,"4,3",0,0,"10,1","0,63",216,0,"0,25",0,"21,7",0,0,0,0,253,"0,24",140,0,0,0,0,0,0,"0,08","0,26",0,"0,32",0,25,"0,4"
Fromage de tête,173,"12,9","4,37","6,2","1,28","0,091",0,0,61,"0,2",0,0,"14,1","1,91","13,1","0,11","1,23","2,1",9,"0,02",80,69,"7,4",754,"1,24",0,0,"0,9","0,17","3,4",0,0,"0,26","0,11","0,77","0,9","0,14","2,5","0,78"
"Fromage fondu double crème, environ 31% MG",311,"29,6","20,1","5,61","0,48","0,11","0,01","0,01",105,"1,78","1,78",0,"9,06","1,37",50,"0,1","0,2",20,18,"0,1",250,117,"6,7",547,2,300,0,0,0,0,0,0,0,"0,32",0,"0,47",0,0,"0,9"
Fromage fondu en portions ou en cubes environ 20% MG,242,"19,3","12,9","3,79","0,31","0,08","0,01","0,01",81,"6,38",0,0,"10,7","1,59",513,"0,35","0,34","13,8",26,"0,041",800,199,8,634,"2,6",209,0,"0,25","0,63",0,0,0,"0,09","0,38","0,1","0,4","0,025",7,"0,85"
Fromage fondu en portions ou en cubes environ 8% MG,"113,32","7,48","4,6",0,0,0,"0,006",0,"41,7",0,0,0,"11,5","0,74",327,"0,1",0,25,0,"0,1",695,204,0,79,"1,1",141,0,0,0,0,0,0,"0,06","0,34",0,"0,3",0,0,"0,5"
Fromage fondu en tranchettes,246,"18,5","12,3","3,68","0,3","0,08","0,01","0,01",60,"5,34","4,95",0,"14,1","2,46",490,"0,02","0,12",24,25,"0,01",840,370,20,983,"1,8",161,0,"0,25","0,53","1,39",0,0,"0,1","0,37","0,1","0,44","0,031",0,"0,56"
"Fromage frais type petit suisse, aromatisé chocolat, sucré","146,02","5,18","3,84",0,0,0,0,0,0,"20,9","18,9","0,2","3,95","0,27",144,0,0,0,8,0,66,321,0,108,0,0,0,0,0,0,0,0,0,0,0,0,0,0,0
"Fromage frais type petit suisse, aromatisé ou aux fruits, 203% MG, enrichi en calcium et vitamine D","90,4","2,5","1,61","0,47","0,04","0,01","0,01","0,01","10,9","10,2","10,1",2,"5,74","0,075",170,"0,01","0,07",20,"9,4","0,02",110,110,20,30,"0,43","24,9",43,"1,96","0,08","0,8",0,"0,5","0,015","0,13","0,1","0,37","0,03",25,"0,36"
"Fromage frais type petit suisse, aux fruits, 203% MG","92,7","2,8","1,79","0,49","0,03","0,03","0,01","0,01","11,7","9,34","9,3",1,"6,7","0,053",110,"0,01","0,06",20,"9,4","0,03",110,140,20,21,"0,37","25,2","30,5","0,25","0,13","0,8",0,"0,5","0,015","0,18","0,1","0,45","0,024","14,7","0,24"
"Fromage frais type petit suisse, aux fruits, 203% MG, enrichi en calcium et vitamine D","98,15","2,63","1,46","0,6","0,07","0,0014","0,0014","0,0014","12,4","12,2","10,9","0,2","6,42","0,076",155,"0,01","0,05",20,"9,2","0,02",120,110,20,"29,2","0,41","25,8","58,4","1,16","0,15","0,8",0,"0,5","0,044","0,17","0,1","0,24","0,029",151,"0,35"
"Fromage frais type petit suisse, nature, 0% MG","56,92","0,24",0,0,0,0,0,0,"6,5","3,8","3,2",0,"9,89","0,11",127,0,1,54,"11,4",0,129,166,"9,3","44,8",0,2,50,"0,2","0,1",0,0,0,0,"0,21","0,1","0,52","0,05","14,2","1,6"
"Fromage frais type petit suisse, nature, 10% MG environ",149,"10,4","6,99","2,01","0,16","0,03","0,01","0,01","33,7","3,17","3,17",3,"9,7","0,058",110,"0,01","0,2",20,"9,4","0,01",125,130,20,23,"0,43","75,3",0,0,"0,23","0,8",0,"0,5","0,029","0,17","0,14","0,34","0,044","20,2","0,57"
"Fromage frais type petit suisse, nature, 4% MG environ","88,8",4,"2,74","0,74","0,06","0,01","0,01","0,01",0,"2,84","2,84",0,"9,95","0,083",103,"0,01","0,14",14,40,0,126,114,2,33,"0,48",0,0,0,0,0,0,0,0,"0,24","0,26","0,34",0,0,"0,35"
Fromage pané au jambon,263,"14,6","7,15","4,08","2,27","0,051",0,0,"31,9","15,3","1,5",1,"17,4","2,32","84,9","0,1","0,8",13,"25,8","0,17",202,246,7,929,"1,4",26,21,"0,5","4,1",0,0,1,"0,087","0,12","5,7","0,55","0,25",20,"0,61"
Fromage rond à pâte molle et croûte fleurie 5 à 11% MG type camembert allégé en matière grasse,173,"9,3","6,8","1,36","0,13","0,02","0,01","0,01",36,0,0,0,"22,6","1,44",720,"0,07","0,18","13,8",20,"0,048",370,187,"8,5",576,"2,38","93,5",0,"0,14","0,28",0,0,0,"0,045","0,45","1,8","1,36","0,25",62,"1,13"
Fromage rond à pâte molle et croûte fleurie environ 11% MG type coulommiers allégé en matière grasse,187,11,"7,9",0,0,0,0,0,46,0,0,0,"22,5","0,9",0,0,"0,05",0,0,0,0,0,0,0,0,0,0,0,0,0,0,0,0,0,0,0,0,0,0
Fromage rond à pâte molle et croûte fleurie environ 5% MG type camembert allégé en matière grasse,150,"5,5",0,0,0,0,0,0,0,0,0,0,"25,7",0,570,0,0,0,0,0,440,0,0,0,0,0,0,0,0,0,0,0,0,0,0,0,0,0,0
"Fromage type feta, au lait de vache",270,"21,7","14,6","4,93","0,45","0,16",0,0,81,"1,42","1,42",0,"16,4","1,94",557,"0,051","0,42","13,8","19,5","0,044",349,125,"6,2",917,"2,63",157,3,"0,32","0,37","1,8",0,0,"0,1","0,65","1,4","1,16","0,34",47,"1,41"
"Fromage type feta, au lait de vache, à l'huile et aux aromates",283,"23,4","13,2","6,15","1,05","0,39","0,01","0,01","68,3","0,16","0,2",0,"17,6","2,52",440,"0,04","0,13",20,15,"0,03",280,65,20,1010,"1,9",161,0,"0,84","1,31","8,3",0,0,"0,015","0,22","0,1","0,18","0,022","32,3","1,3"
Fructose,"399,2",0,0,0,0,0,0,0,0,"99,8",0,0,0,"0,00025","0,1","0,01","0,07",5,0,"0,01","0,1","0,3","0,5","0,1","0,01",0,0,0,0,0,0,0,0,0,0,0,0,0,0
"Fruit à pain, cru",105,"0,23","0,048",0,0,0,0,0,0,"22,2",11,"4,9","1,07","0,005",17,"0,084","0,54",0,25,"0,06",30,490,0,2,"0,12",0,0,0,"0,1","0,5",0,29,"0,11","0,03","0,9","0,46","0,1",14,0
"Fruit à pain, pulpe, cuit à la vapeur, prélevé à la Martinique","6,15","0,11",0,0,0,0,0,0,0,0,0,0,"1,29",0,0,0,0,0,0,0,0,0,0,0,0,0,0,0,0,0,0,"8,17",0,0,0,0,0,0,0
Fruit confit,298,"0,3",0,0,0,0,0,0,0,"72,3","62,9","3,3","0,5","0,14",71,"0,04","0,27",0,"4,7","0,03","5,8",40,20,56,"0,05",0,"5,83","0,25","0,41","0,8",0,"0,5","0,015","0,01","0,1","0,0076","0,01",5,0
Fruit cru (aliment moyen),"59,5","0,26","0,023","0,018","0,026","0,02","0,0041","0,0035","0,0034","11,6","9,89","1,97","0,7","0,0088","14,5","0,059","0,18","6,83","12,1","0,12","20,1",197,"7,53","3,45","0,11",0,314,"0,003","0,29","1,98",0,"20,9","0,036","0,014","0,28","0,17","0,065",22,0
"Fruit de la passion ou maracudja, pulpe et pépins, cru",101,3,"0,54","0,39","1,65","0,17","0,01","0,01",0,"10,9","8,5","6,8","2,13","0,013","8,1","0,15","0,56",20,26,"0,19",46,240,20,5,"0,76",0,1010,0,"0,5","0,8",0,"25,6","0,015","0,053","1,37","0,56","0,17",101,0
Fruits de mer (aliment moyen),104,"1,76","0,35","0,11","0,018","0,015","0,2","0,15",111,"3,06","0,12","0,00092","18,9","1,1",130,"0,64","2,67","68,3","62,2","0,3",157,271,"37,4",439,4,35,"0,00025","0,18","1,91","0,13",0,"3,28","0,032","0,23","1,71","0,41","0,12","22,1","9,94"
"Fruits de mer, cuits, surgelés","79,5","1,57","0,45",0,"0,01","0,01",0,0,0,"2,83",0,0,"13,5","0,99",70,0,"8,48",0,0,0,0,0,0,402,0,0,0,0,0,0,0,0,0,0,0,0,0,0,0
"Fruits rouges, crus (framboises, fraises, groseilles, cassis)","38,75","0,31",0,0,0,0,0,0,0,"7,88","7,4","5,3","1,11","0,008",40,"0,088",1,"1,15","16,9","0,42","32,6",225,"0,35",3,"0,22",0,"49,5",0,"0,67",0,0,87,"0,031","0,084","0,38","0,21","0,064","37,6",0
"Fucus vésiculeux (Fucus serratus ou Fucus vesiculosus), séché ou déshydraté",194,"1,33","0,35",0,0,0,0,0,0,"15,7",0,"44,6","7,41","10,1",1170,"0,4","14,7",40000,885,"8,34",0,3270,"88,4",4020,"8,19",0,12400,0,"12,2",0,0,0,0,0,"1,67",0,0,0,0
Galantine (aliment moyen),279,"23,4","9,78",0,0,"0,18",0,0,0,"1,57","0,85","0,67","15,2","2,04",9,0,"2,3",7,9,0,174,230,0,783,0,0,0,0,0,0,0,5,"0,16","0,22","2,6",0,0,0,0
"Galette de céréales au fromage (sans soja), préemballé",241,"10,3","2,56","4,86","2,01","0,07","0,01","0,01","28,5","27,8","2,86","4,3",7,1,93,"0,2","1,1",20,97,"0,8",350,340,20,398,"1,3",21,5,"0,25","2,07","2,35",0,"0,5","0,083","0,039","0,68","0,44","0,047","12,1","0,12"
"Galette de céréales aux légumes (sans soja), préemballé",211,"7,6","0,89","4,01","2,2","0,03","0,01","0,01",0,28,"3,66","4,4","5,31","1,03",29,"0,21","1,3",20,48,"0,97",130,220,20,411,"1,1",0,149,"0,25","2,97","7,3",0,"0,5","0,081","0,01","0,7","0,4","0,054","20,7",0
Galette de maïs soufflé,"43,62","1,7","0,36",0,0,0,0,0,0,0,"0,3",0,"7,08","0,2",0,0,0,0,0,0,0,0,0,"79,8",0,0,0,0,0,0,0,0,0,0,0,0,0,0,0
Galette de riz soufflé complet,385,3,"0,54","1,07","1,11","0,04","0,01","0,01",0,"80,5","0,73","2,9","7,32","0,18",12,"0,23","1,1",20,160,"2,8",410,300,20,"72,6","1,8",0,0,0,"1,01","0,8",0,0,"0,088","0,02","1,26","0,74","0,18","41,5",0
"Galette de sarrasin, nature, préemballée","157,79","1,51","0,33","0,34","0,39","0,023",0,0,"0,7","30,1","1,08","3,08","5,95","1,32","21,6","0,3","1,8",20,"86,9","0,6","62,5",188,5,520,"1,6",2,0,"0,5","0,28",0,0,0,"0,25","0,046","2,1","0,6","0,25","34,9","0,13"
Galette des rois feuilletée,"348,9","23,3","13,4",0,0,0,0,0,0,"29,8","9,9","2,45",5,"0,61",0,0,0,0,0,0,0,0,0,0,0,0,0,0,0,0,0,0,0,0,0,0,0,0,0
"Galette des rois feuilletée, fourrée frangipane, et Pithiviers",434,30,14,"8,11","1,58","0,1","0,011",0,90,"33,4","15,6",2,"7,6","0,7","58,7",1,"1,1",10,"38,1",1,113,169,3,280,1,0,0,0,"3,3",0,0,"1,3","0,06","0,1","0,23","0,35","0,05",28,"0,56"
Galette multicéréales soufflée,394,"2,5","0,33",0,0,0,0,0,0,"82,4","0,98",3,"8,43","0,23",0,0,0,0,0,0,0,0,0,"90,1",0,0,0,0,0,0,0,0,0,0,0,0,0,0,0
"Galette ou pavé au blé (seitan) et légumes, préemballé",208,"7,1","0,73","4,93","0,98","0,02","0,01","0,01",0,"20,8","3,97","3,1","12,5",1,42,"0,21","1,2",20,38,"0,74",100,150,20,398,1,0,292,"0,25","1,65","4,63",0,"0,5","0,083","0,01","0,31","0,29","0,049","46,3",0
"Galette ou pavé au blé et soja (convient aux véganes ou végétaliens), préemballé",215,11,"1,04","7,92","1,28","0,08","0,01","0,01",0,"8,15","1,87","6,03",16,"1,3",89,"0,34","3,3",20,75,"1,2",200,520,20,519,"1,3",0,"32,4","0,25","2,67","2,66",0,"0,5","0,046","0,042","0,32","0,35","0,052","39,5",0
"Galette ou pavé au blé et soja (ne convient pas aux véganes ou végétaliens), préemballé",201,"10,2","1,07","3,96","4,18","0,2","0,01","0,01","4,43","13,3","2,62","5,36","10,2","1,14",72,"0,19","2,2",20,53,"0,84",150,400,20,454,"0,86",21,"32,3","0,25","4,7","7,01",0,"0,5","0,066","0,1","0,49","0,29","0,06",138,"0,05"
"Galette ou pavé au soja et fromage, préemballé",204,12,"4,63","2,55","3,33","0,44","0,01","0,01","12,5","6,08","0,75","1,8","16,8","1,07",250,"0,31","1,8",20,84,"0,88",280,230,20,427,"1,9","35,4",34,"0,25","0,75","9,06",0,"0,5","0,052","0,081","0,57","0,3","0,057","23,7","0,24"
"Galette ou pavé au soja et légumes, préemballé",175,"8,1","1,04","3,79","2,59","0,18","0,01","0,01",0,"8,36","3,45","4,97","13,1","0,93",99,"0,26","2,1",20,70,"0,93",180,430,20,372,"1,2",0,158,"0,25","2,29","12,3",0,"0,5","0,057","0,038","0,47","0,3","0,043","38,1",0
"Galette ou pavé au soja, fromage et légumes, préemballé",180,"9,1","2,36","2,45","3,3","0,4","0,01","0,01","6,12","7,72","2,03","2,83","15,1","0,97",170,"0,33",2,20,82,"0,99",210,320,20,389,"1,5",21,118,"0,25","1,74","12,8",0,"0,5","0,086","0,044","0,49","0,31","0,055","23,3","0,08"
"Galette ou pavé aux lentilles, soja et légumes, préemballé",170,"5,6","0,75","2,73","1,59","0,17","0,01","0,01",0,"16,7","2,77","4,76","9,71","0,85",69,"0,28","1,9",20,59,"0,81",150,230,20,338,"1,3",0,457,"0,25","2,14","13,5",0,"0,5","0,09","0,01","0,17","0,33","0,052","45,3",0
Gâteau (aliment moyen),"395,28","17,8","5,36","7,49","2,17","0,81","0,0047","0,0057","85,8","53,5",32,"1,75","5,27","0,73","65,4","0,12","1,24","11,5","21,4","0,24",150,161,"7,29",292,"0,52","69,1","43,7","0,41","3,23",0,0,"0,41","0,21","0,11","0,38","0,47","0,054",35,"0,21"
Gâteau au chocolat,"435,76","21,6","5,6","10,5","3,1","1,39","0,005","0,005",110,"54,6","32,2","2,42","5,74","0,76",153,"0,15","1,73",10,"33,4","0,21",159,184,10,304,"0,68",82,44,"0,5","5,4",0,0,1,"0,59","0,16","0,5","0,6","0,05",78,"0,2"
"Gâteau au chocolat type forêt noire (génoise au chocolat et crème multi0couches, avec ou sans cerises)","324,32",19,"12,4","4,32","0,48","0,07","0,01","0,01","61,7","34,2","29,5","2,2","4,13","0,17",53,"0,24","2,7",20,32,"0,3",98,190,20,69,"0,59","83,7","55,2","0,25","0,69","3,13",0,"0,5","0,026","0,075","0,1","0,33","0,013","48,2","0,23"
"Gâteau au chocolat, coeur fondant, préemballé (rayon frais)",364,"18,1","12,5",0,0,0,0,0,0,"41,9","30,9","3,24","6,86","0,073",0,0,0,0,0,0,0,0,0,29,0,0,0,0,0,0,0,0,0,0,0,0,0,0,0
"Gâteau au citron, tout type","427,7","21,3","8,64","4,83","3,17","0,38",0,0,0,54,0,1,5,"0,54",0,0,"0,4",0,0,0,0,170,0,217,0,0,0,0,0,0,0,0,0,0,0,0,0,0,0
Gâteau au fromage blanc,"237,08","11,6","5,16",0,"0,53","0,03",0,"0,005",55,27,"19,5","0,7","6,17","0,5",51,"0,02","0,63",10,11,"0,14",93,90,0,200,"0,51",156,34,"0,5","0,56","4,4",0,"0,4","0,028","0,19","0,2","0,57","0,052",15,"0,17"
Gâteau au yaourt,"423,28","21,4","2,23",0,0,0,0,0,0,"51,8","26,9","1,13","5,87","0,67",0,0,0,0,0,0,0,0,0,267,0,0,0,0,0,0,0,0,0,0,0,0,0,0,0
Gâteau aux amandes type financier,"460,2","27,4","13,3","8,86","2,44","0,11","0,01","0,01","57,9","44,3","34,6","2,6","9,1","0,47",54,"0,13","0,01",20,51,"0,33",140,180,20,189,"0,51",166,"57,5","0,25","3,75","2,09",0,"0,5","0,03","0,11","0,1","0,2","0,015","27,3","0,043"
"Gâteau aux amandes, préemballé","419,22","17,3","7,37",0,0,0,0,0,0,"60,1","37,4","2,15","5,78","0,5",0,0,0,0,0,0,0,0,0,200,0,0,0,0,0,0,0,0,0,0,0,0,0,0,0
"Gâteau basque, cerises","391,9","13,5","9,1",0,0,0,0,0,0,"63,3",42,"1,4","4,3","0,43",0,0,0,0,0,0,0,0,0,170,0,0,0,0,0,0,0,0,0,0,0,0,0,0,0
"Gâteau basque, crème pâtissière","365,42","13,3","7,55","2,66","0,43","0,07","0,01","0,01","53,1","57,4","28,1",1,"4,03","0,47",27,"0,08","0,44",20,11,"0,24",110,100,20,189,"0,28",116,"48,5","0,25","0,26","0,8",0,"0,5","0,034","0,094","0,13","0,36","0,027","19,5","0,1"
"Gâteau de riz au caramel, rayon frais",143,"3,1","1,88","0,68","0,13","0,02","0,01","0,01",32,"25,4","15,7","0,5","3,19","0,073",63,"0,1","0,3",2,"7,8","0,1",73,84,"3,35",29,"0,5",30,9,"0,5","0,2",0,0,"0,5","0,04","0,14","0,16","0,34","0,075",17,"0,08"
"Gâteau de riz, appertisé",115,"1,9",0,0,0,0,0,0,0,20,12,"0,3","4,29","0,15",130,0,0,0,130,0,0,210,0,60,0,0,0,0,0,0,0,0,0,0,0,0,0,0,0
"Gâteau de semoule aux raisins et caramel, rayon frais",146,"3,4","2,16","0,7","0,13","0,01","0,01","0,01",56,"24,8","19,2","0,5","3,81","0,08",64,"0,06","0,35",20,13,"0,07",71,270,20,32,"0,38","33,2","19,8","0,25","0,26","0,8",0,"0,5","0,044","0,17","0,1","0,45","0,042","14,3","0,31"
"Gâteau de semoule, appertisé",150,"3,03","1,18",0,0,"0,04",0,0,25,"27,4",0,1,"2,85","0,069","67,9","0,1","0,3",2,"9,2","0,1",63,93,"3,35","27,5","0,3",13,12,"0,5","0,34",0,0,"0,5","0,04","0,14","0,23","0,21","0,038","18,9","0,08"
"Gâteau marbré, prémballé","432,04",23,"6,11","10,2","3,18","1,01","0,01","0,01","99,8","50,5","27,9","1,75","5,76","0,67",30,"0,11","1,7",20,19,"0,28",160,160,20,268,"0,56","24,3","80,1","0,25","4,23","37,3",0,"0,5","0,038","0,085","9,57","0,32","0,031","73,6","0,24"
"Gâteau moelleux au chocolat, préemballé","433,56",24,"7,88","10,4","3,13","1,46","0,005","0,005",127,"48,2","33,4","2,56","6,19","0,3",0,0,0,0,0,0,0,0,0,120,0,0,0,0,0,0,0,0,0,0,0,0,0,0,0
"Gâteau moelleux aux fruits à coque, prémballé","449,5","25,5","12,8",0,0,"0,1",0,0,0,"48,8","34,7","2,1","6,2","0,5",0,0,0,0,0,0,0,0,0,199,0,0,0,0,0,0,0,0,0,0,0,0,0,0,0
"Gâteau moelleux aux fruits, prémballé","398,04","14,8","3,11",0,0,0,0,0,0,"61,6","34,2","1,97","4,61","0,85",0,0,0,0,0,0,0,0,0,356,0,0,0,0,3,0,0,0,"0,21",0,0,0,0,30,0
"Gâteau moelleux fourré au chocolat ou aux pépites de chocolat ou au lait, prémballé","459,34","21,7","9,88","7,48","1,8","0,38","0,0029","0,005",63,"60,7","43,7",1,"5,31","0,51","31,3","0,21","2,9",30,"39,9","0,31",158,259,10,205,"0,65",18,30,"0,7",4,"10,6",0,1,"0,14","0,21","0,63","0,67","0,07",34,"0,21"
"Gâteau moelleux fourré aux fruits type mini0roulé ou mini0cake fourré, prémballé","332,94","6,5","0,91","2,54","1,15","0,44","0,0082",0,"62,6","64,2","43,9","1,64","4,41","0,48","32,7","0,1","0,7",8,"12,3","0,2",134,123,5,193,"0,4",20,4,"0,2","2,7",0,0,"0,5","0,059","0,13","0,57","0,4","0,21",29,"0,19"
Gâteau moelleux nature type génoise,"382,8","14,4","1,6",0,0,0,0,0,0,"57,6","27,1","4,6","5,7","0,5","31,4",0,0,0,"9,5",0,0,141,0,200,"0,7",0,0,0,0,0,0,0,0,0,0,0,0,0,0
"Gâteau mousse de fruits sur génoise, type miroir, bavarois","251,68","12,2","6,51","3,4","0,78","0,072",0,0,87,"31,6","25,1",1,"3,87","0,11","42,3","0,1","0,8",3,"10,5","0,2",57,97,0,"44,5","0,4",103,36,"0,5","0,7",0,0,"3,1","0,04","0,15","0,24","0,36","0,045","26,3","0,2"
Gâteau Paris0Brest (pâte à choux crème mousseline praliné),"350,26","24,9","13,1","7,47","1,64","0,17","0,01","0,01",109,"26,1","16,2","1,2","5,44","0,3",73,"0,11","0,66",20,23,"0,29",110,160,20,119,"0,54",143,106,"0,25","2,85","3,5",0,0,"0,015","0,22","0,1","0,52","0,018","67,6","0,39"
"Gâteau sablé aux fruits, préemballé","422,82","16,3",13,0,0,0,0,0,0,"63,9",39,"1,9","5,13","0,61",0,0,0,0,0,0,0,0,0,240,0,0,0,0,0,0,0,0,0,0,0,0,0,0,0
"Gaufre bruxelloise ou liégeoise, préparation artisanale",297,"13,4","5,12","4,85","1,66","0,4","0,01","0,01",82,"36,1","4,8","1,9",8,"0,99",48,"0,1","0,89",20,18,"0,27",190,160,20,394,"0,64",627,0,"0,61","2,01","5,1",0,"0,5","0,11","0,083","0,41","0,83","0,01","30,4","0,37"
"Gaufre croustillante (fine ou sèche), chocolatée, préemballée","451,6",16,12,0,0,0,0,0,0,70,39,"1,6","6,9","0,76",0,0,0,0,0,0,0,0,0,300,0,0,0,0,0,0,0,0,0,0,0,0,0,0,0
"Gaufre croustillante (fine ou sèche), nature ou sucrée, préemballée","447,42","17,9","10,1","5,63","1,36","0,048","0,005","0,005",0,"66,4","37,6","1,81","5,18","0,83",0,0,0,0,0,0,0,0,0,328,0,0,0,0,0,0,0,0,0,0,0,0,0,0,0
"Gaufre fine fourrée au miel, préemballée",455,"18,3",8,"6,05","2,94","0,1","0,01","0,01","15,6",67,37,"1,9","4,56","0,77",17,"0,11","0,91",0,24,"0,5",91,130,20,308,"0,51","27,6","14,7","0,25","3,25","3,77",0,"0,5","0,026","0,01","0,1","0,26","0,023",10,"0,021"
"Gaufre moelleuse (type bruxelloise ou liégeoise), chocolatée, préemballée","463,1","23,9","13,5",0,0,0,0,0,0,"55,9","29,4","2,45","6,1","0,63",0,0,0,0,0,0,0,0,0,250,0,0,0,0,0,0,0,0,0,0,0,0,0,0,0
"Gaufre moelleuse (type bruxelloise ou liégeoise), nature ou sucrée, préemballée","465,2","25,2","11,4",0,0,0,0,0,0,"52,5",32,"1,77","7,1","0,82","2,8",0,0,0,0,0,0,0,0,323,0,0,0,0,0,0,0,0,0,0,0,0,0,0,0
"Gaufrette fourrée chocolat, préemballée","522,52","29,8","22,9","4,94","0,88","0,029","0,005","0,005",0,"57,2","35,8","3,53","6,38","0,27",34,0,0,0,11,0,0,0,0,109,0,0,0,0,0,0,0,0,0,0,0,0,0,0,0
"Gaufrette fourrée fruits à coque (noisette, amande, praline, etc.), chocolatée ou non, préemballée","505,24","26,4","17,7","4,91","1,29","0,076","0,005","0,005","10,1","59,6","37,4","3,21","7,31","0,34","20,1",1,"6,8",10,"47,3",1,122,263,3,134,1,2,50,"0,2","2,1",0,0,0,"0,05","0,22","0,2","0,51","0,06","11,8","0,54"
"Gaufrette fourrée, aux fruits","361,54","1,58","0,75","0,26","0,27","0,021","0,005","0,005",0,"82,4","41,7","1,66","4,43","0,28",0,0,0,0,0,0,0,0,0,110,0,0,0,0,0,0,0,"0,3",0,0,0,0,0,0,0
Gaufrette ou éventail sans fourrage,"415,2",8,5,"2,26","0,34","0,041",0,0,0,"76,8",35,2,9,1,"1,55",0,0,0,0,0,140,144,0,400,0,0,0,0,0,0,0,2,"0,016","0,063","0,68",0,"0,057",5,"0,09"
"Gaufrette, fourrée vanille, préemballée",538,"30,1","19,9","6,89","1,63","0,05","0,01","0,01","8,85","60,1","32,9","1,6","5,75","0,36",92,"0,07","0,55",0,24,"0,27",120,260,20,144,"0,49",21,5,"0,25","1,86","2,09",0,"0,63","0,041","0,16","0,27","1,08","0,041","15,3","0,29"
"Gélatine, sèche",348,"0,1","0,036","0,034","0,002","0,001",0,0,0,0,0,0,"86,9","0,75",280,0,"1,2",5,11,0,0,12,0,298,0,0,0,0,0,0,0,0,0,"0,07",0,0,"0,006",0,0
Gelée au madère,"11,3","0,01","0,004",0,0,0,0,0,0,"0,8","0,1","0,004",2,"1,48",0,0,0,0,0,0,0,0,0,590,0,0,0,0,0,0,0,0,0,0,0,0,0,0,0
"Gelée au madère, déshydratée",248,"0,2","0,1",0,0,0,0,0,0,17,"1,25","0,1","44,5","28,6",66,0,"4,8",0,2,0,440,45,0,11500,0,0,0,0,0,0,0,0,0,0,0,0,0,0,0
Gelée de fruits divers (extra ou classique),"249,33","0,17","0,033",0,0,0,0,0,0,"61,6","61,6","1,28","0,35","0,019",0,0,0,0,0,0,0,0,0,"7,5",0,0,0,0,0,0,0,0,0,0,0,0,0,0,0
Gelée de groseille (extra ou classique),246,"0,3",0,0,0,0,0,0,0,"59,6","58,7","0,5","0,5","0,013","9,8","0,01","0,16",0,"3,8","0,22","5,4",84,20,5,"0,05",0,5,"0,25","0,08","0,8",0,"1,79","0,015","0,01","0,1","0,14","0,014",5,0
Gelée royale,144,4,0,0,0,0,0,0,0,14,14,0,13,0,0,0,0,0,0,0,0,0,0,0,0,0,0,0,0,0,0,12,"4,3","7,5",105,133,"6,2",200,150
Gélifiant pour confitures,278,0,0,0,0,0,0,0,0,62,62,15,0,0,0,0,0,0,0,0,0,0,0,0,0,0,0,0,0,0,0,0,0,0,0,0,0,0,0
"Génoise fourrée et nappée au chocolat, prémballé","422,24","20,8","12,3","5,39","1,44","0,079","0,005","0,0058",27,"53,3",35,"1,91","5,46","0,43",120,"0,28","3,1",20,38,"0,3",140,289,5,171,"0,69",18,15,"0,7","2,56",0,0,"0,5","0,06","0,19","0,43","0,54","0,14","39,1","0,23"
Génoise sèche fourrée aux fruits et nappée de chocolat,"386,32","10,6","6,11","2,82","0,59","0,049","0,00021","0,0056","34,8","69,5","51,7","2,16","3,23","0,17",0,"0,28","1,9",12,37,"0,36","96,3",159,5,70,"0,9",7,30,"0,5","0,75",0,0,1,"0,042","0,091","0,28","0,3","0,17",27,"0,13"
Germe de blé,375,"9,5","1,83","1,23","5,07","0,64","0,01","0,01",0,"35,1",10,"16,3","27,2","0,018",54,"0,78","8,9",20,250,17,1000,990,20,"7,2",14,0,"22,4","0,25","10,2","2,87",0,"0,5","1,32","0,14","1,68","1,35","0,83",143,0
"Gésier, canard, confit, appertisé",149,"2,1","0,7","0,51","0,17","0,005","0,004","0,004",355,0,"0,2",1,"32,4","1,92","8,5","0,1","9,4",32,"18,3","0,1",126,214,37,766,6,2,30,"0,5","0,12",0,0,1,"0,14","0,2","3,6","0,3","0,12",20,"6,8"
"Gésier, poulet, cru",105,"3,75","1,12","0,9","0,45","0,0062",0,0,240,"0,6",0,0,"17,3","0,18",11,"0,12","2,49","0,4",14,"0,055",148,213,0,"73,3","2,72",42,0,"0,6","0,27",0,0,"3,7","0,059","0,14","4,09","0,63","0,12","21,5","0,91"
"Gibier à plumes, viande, cuit (aliment moyen)",217,13,"3,24","2,71","0,83","0,038",0,0,109,0,0,0,"25,1","0,73","6,81","0,45","4,2","10,1","31,3","0,043",246,369,"24,4",290,"2,12","23,5",8,"0,55","0,54",0,0,"2,08","0,32","0,67","11,8","2,58","0,82","9,46","2,78"
"Gibier à poil, cuit (aliment moyen)",152,"3,74","1,26",0,0,0,0,0,"97,4",0,0,0,"29,6","0,14","11,8","0,18","3,03",0,"25,8",0,187,362,0,56,"2,84",0,0,0,0,"1,63",0,0,"0,23","0,36","5,59",0,"0,5","6,18","1,26"
Gin,265,0,0,0,0,0,0,0,0,0,0,0,0,"0,005",0,"0,0025","0,18",1,0,0,0,0,0,2,"0,004",0,0,0,0,0,0,0,0,0,0,0,0,0,0
"Gingembre, poudre",335,"4,24","2,6","0,36",0,"0,22",0,0,0,"58,3","3,39","14,1","8,98","0,068",114,"0,48","19,8",0,214,"33,3",168,1320,0,27,"3,64",0,18,0,0,"0,8",0,"0,7","0,046","0,17","9,62","0,48","0,63",13,0
"Gingembre, racine crue","32,9","1,1","0,09","0,8","0,13","0,01","0,01","0,01",0,"3,4",1,"2,7","1,1","0,016",11,"0,05","0,4",20,26,7,26,320,20,"6,3","0,24",0,43,"0,25","0,75","0,8",0,"0,5","0,018","0,01","0,1","0,13","0,1","11,8",0
"Giraumon (variété locale), pulpe, cuit à la vapeur, prélevé à la Martinique","23,313","0,097",0,0,0,0,0,0,0,"4,51","1,91",2,"1,1",0,0,0,0,0,0,0,0,321,0,0,0,0,1710,0,0,0,0,0,0,0,0,0,0,"20,5",0
"Giraumon (variété locale), pulpe, cuit à la vapeur, surgelé, prélevé à la Martinique",15,0,0,0,0,0,0,0,0,"3,75","1,35","2,4",0,0,0,0,0,0,0,0,0,347,0,0,0,0,257,0,0,0,0,0,0,0,0,0,0,0,0
"Giraumon (variété locale), pulpe, râpé, cru, prélevé à la Martinique","9,68",0,0,0,0,0,0,0,0,"2,42","0,82","2,9",0,0,0,0,0,0,0,0,0,319,0,0,0,0,747,0,0,0,0,0,0,0,0,0,0,0,0
"Giraumon (variété phoenix), pulpe, cuit à la vapeur, prélevé à la Martinique","27,05","0,05",0,0,0,0,0,0,0,"5,62","1,56",2,"1,03",0,0,0,0,0,0,0,0,442,0,0,0,0,1430,0,0,0,0,0,0,0,0,0,0,"31,7",0
"Giraumon (variété phoenix), pulpe, râpé, cru, prélevé à la Martinique","14,04",0,0,0,0,0,0,0,0,"3,51","1,44","1,6",0,0,0,0,0,0,0,0,0,353,0,0,0,0,320,0,0,0,0,0,0,0,0,0,0,0,0
"Giraumon (variété phoenix), pulpe, surgelé, cuit à la vapeur, prélevé à la Martinique","17,48",0,0,0,0,0,0,0,0,"4,37","1,47","2,4",0,0,0,0,0,0,0,0,0,454,0,0,0,0,441,0,0,0,0,0,0,0,0,0,0,0,0
Glace à l'eau,"85,268","0,2","0,19",0,0,0,0,0,0,"20,8","20,1","0,2","0,067","0,02","5,8","0,01","0,01",20,"1,4","0,01","1,9",13,20,"11,6","0,05",0,542,0,0,"0,8",0,"2,35","0,016","0,01","0,1","0,11","0,01",5,0
"Glace à l'eau ou sorbet ou crème glacée, tout parfum (aliment moyen)","247,6",12,"8,42","2,9","0,57","0,053","0,0046","0,0038","8,36","32,2","25,3","1,17","2,7","0,14","85,1","0,062","2,13","11,8","16,4","0,051","77,9",122,"2,86",55,"0,48","43,9","93,6","0,06","1,05",0,0,"1,12","0,036","0,16","0,18","0,28","0,046","4,03","0,17"
Glace au yaourt,"124,4","2,2","1,44","0,43","0,03","0,02","0,01","0,01",0,"22,7","20,7",3,"3,45","0,093",0,0,0,0,0,0,0,0,0,37,0,0,0,0,0,0,0,0,0,0,0,0,0,0,0
"Glace ou crème glacée, bac ou pot (aliment moyen)","166,97","6,21","4,03","1,27","0,17","0,026","0,005","0,005","39,3","24,9","21,5","1,5","2,87","0,11","99,3","0,032","0,14",10,"14,3","0,11","95,7",190,10,"42,8","0,35","85,2",172,"0,13","0,48","0,59",0,"0,25","0,048","0,41","0,073","0,31","0,046",10,"0,43"
"Glace ou crème glacée, bâtonnet, enrobé de chocolat",328,"19,8","13,3","4,67","0,55","0,057","0,0076","0,01","17,5","33,4","27,9","1,23","3,42","0,16","93,8","0,14","6,33","3,63","19,2","0,1",122,"26,4","1,1","65,7","0,52",134,0,"0,13","2,36",0,0,"0,27","0,021","0,11","0,045","0,21","0,021","0,49","0,21"
"Glace ou crème glacée, cône (taille standard)","286,74","13,5","9,77","2,33","0,61","0,06","0,01","0,01","6,2","37,8","25,7",3,"3,51","0,13",109,0,"0,95",22,"17,5",0,100,216,"1,1",52,"0,5",0,5,0,"0,77",0,0,1,"0,05","0,23","0,21","0,35","0,07",8,"0,13"
"Glace ou crème glacée, en bac","190,2","8,4","5,44","1,73","0,25","0,03","0,01","0,01","39,3","26,1","21,9",3,"2,55","0,12","99,3","0,032","0,14",20,"14,3","0,11","95,7",190,20,46,"0,35","85,2",172,"0,25","0,48","0,59",0,"0,5","0,048","0,41","0,073","0,31","0,046",10,"0,43"
"Glace ou crème glacée, gourmande, en bac","224,5","10,7","6,36",0,0,0,0,0,0,29,"24,4","1,05","3,05","0,17",0,0,0,0,0,0,0,0,"1,7","67,6",0,0,0,0,0,0,0,0,0,0,0,0,0,0,0
"Glace ou crème glacée, gourmande, en pot","274,74","17,9","10,8","3,71","0,61","0,08","0,03","0,04",73,"24,2","21,9",2,"4,21","0,16",110,"0,11","1,3",20,21,"0,14",110,210,20,"62,4","0,58",124,"91,4",0,"0,3","1,56",0,0,"0,048","0,18","0,1","0,57","0,039","15,6","0,47"
"Glace ou crème glacée, mini cône","352,6","20,2","15,1",0,0,0,0,0,0,"38,5","25,6","2,33","4,2","0,29",0,0,0,0,0,0,0,0,0,113,0,246,0,"0,044","0,74",0,0,0,"0,089","0,091","0,84","2,24","0,042","8,65","0,15"
"Glace ou crème glacée, petit pot enfant","161,74","5,94","4,12",0,"0,11","0,023",0,0,0,"25,2",22,"0,28","1,87","0,14",119,0,0,0,0,0,0,0,0,"54,9",0,0,0,0,0,0,0,0,0,0,0,0,0,0,0
"Glace ou crème glacée, pot individuel","233,94","12,7","9,2",0,0,0,0,0,0,"26,7","22,1","1,91","3,21","0,15",0,0,0,0,0,0,0,0,0,"59,6",0,0,0,0,0,0,0,0,0,0,0,0,0,0,0
"Gnocchi à la pomme de terre, cru",176,"1,42","0,3",0,0,0,0,0,0,35,"3,18","2,2","4,66","1,18",0,0,0,0,0,0,0,0,0,468,0,0,0,0,0,0,0,0,0,0,0,0,0,0,0
"Gnocchi à la pomme de terre, cuit",177,"2,05","0,26","0,54","1,02","0,024",0,0,129,"33,6","1,1",2,"5,01","1,01","5,1","0,14","0,7",60,"18,8","1,4",39,184,5,402,"0,5",2,0,"0,5","0,92",0,0,0,"0,084","0,04","1,6","0,24","0,12","27,1","0,15"
"Gnocchi à la semoule, cru",200,"2,6","0,34",0,"0,93","0,0095",0,0,0,37,"9,9","1,9","6,2","2,21",0,0,0,0,0,0,0,0,0,870,0,0,0,0,0,0,0,0,0,0,0,0,0,0,0
"Gnocchi à la semoule, cuit",185,"2,4","0,4",0,0,0,0,0,0,"34,4","0,2","1,8","5,6","1,2",0,0,0,0,0,0,0,0,0,0,0,0,0,0,0,0,0,0,0,0,0,0,0,0,0
"Gnocchi, cuit (aliment moyen)",181,"7,88","0,33",0,0,0,0,0,0,34,"0,65","1,9","6,34","1,06","93,6",0,"0,75",0,17,0,0,158,0,395,"0,8",0,0,0,0,0,0,0,0,0,0,0,0,0,0
"Gombo, entier, appertisé, non égoutté, prélevé à la Martinique",0,0,0,0,0,0,0,0,0,0,0,"2,8",0,0,0,0,0,0,0,"0,17",0,0,0,0,0,0,0,0,0,0,0,0,0,0,0,0,0,"10,3",0
"Gombo, entier, cuit à la vapeur, prélevé à la Martinique","28,66","0,3",0,0,0,0,0,0,0,"4,69",0,"4,8","1,8",0,0,0,0,0,61,"0,52",0,374,0,0,0,0,163,0,0,0,0,3,0,0,0,0,0,107,0
"Gombo, fruit, cuit","17,41","0,21","0,045",0,0,0,0,0,0,"2,01","2,01","2,5","1,87","0,015",77,"0,085","0,28",0,36,"0,29",32,135,0,6,"0,43",0,170,0,"0,27",40,0,"16,3","0,13","0,055","0,87","0,21","0,19",46,0
"Gombo, pulpe, blanchi, surgelé, prélevé à la Martinique","22,98","0,1",0,0,0,0,0,0,0,"5,28",0,"5,17","0,24",0,0,0,0,0,0,"0,67",0,0,0,0,0,0,0,0,0,0,0,0,0,0,0,0,0,"69,8",0
Gorgonzola,312,"26,4","16,9","5,19","0,64","0,077","0,012","0,012","81,1",0,"0,3",0,19,"1,77",390,"0,02","0,08",70,18,"0,01",310,110,20,710,"2,1",286,168,"0,24","0,16","0,9",0,"0,5","0,07","0,32","2,93","0,81","0,13","41,2","0,73"
Gouda,374,"31,5","20,3","5,19","0,34","0,15",0,0,103,0,"0,25",0,"23,2",2,728,"0,036","0,24","29,7",29,"0,1",546,121,"9,02",795,"3,9",164,10,"0,5","0,24","2,3",0,0,"0,03","0,33","0,063","0,34","0,08",21,"1,54"
Gougère,399,"26,6",16,"6,11","1,3","0,17","0,01","0,04",213,"22,7","0,56","1,9","16,2","1,13",302,"0,14","1,34","24,5","22,7","0,15",297,131,"8,24",453,"1,98",272,116,"0,89","0,97",0,0,0,"0,076","0,35","0,29","0,76","0,11","37,4","0,98"
"Goûter sec fourré (""sandwiché"") parfum chocolat","460,4",18,"9,92","5,68","1,63","0,036","0,005","0,0035","2,2","67,9","29,8","3,77","6,7","0,62",120,"0,39","3,3",24,"47,3","0,61",117,190,"2,2",246,"0,92",2,30,"0,5",3,0,0,1,"0,11","0,073","0,69","0,29","0,13",28,"0,08"
"Goûter sec fourré (""sandwiché"") parfum fruits","476,36","17,4","9,68","2,18","0,64","0,02","0,005","0,005","0,5","73,3","31,6","3,35","6,64","0,5",240,0,"4,5",0,120,0,300,80,0,216,0,0,0,0,"3,5",0,0,0,"0,25",0,0,0,0,35,0
"Goûter sec fourré (""sandwiché"") parfum lait ou vanille","473,64","18,6","10,7","5,49","1,6","0,011","0,005","0,005","3,1","71,2","34,7","1,83","5,36","0,56","20,6",1,1,10,"12,9",1,77,"96,5",3,222,1,2,50,"0,2","1,1",0,0,0,"0,05","0,06","0,05","0,3","0,05","7,4","0,31"
"Goyave, pulpe, crue","49,01","0,73","0,21","0,043","0,15","0,059",0,0,0,"9,02","8,92","5,15","1,59","0,005",14,"0,23","0,26","0,71",16,"0,15",40,308,"0,5",2,"0,21",0,374,0,"0,73","2,6",0,228,"0,052","0,04","1,08","0,45","0,094",49,0
"Goyave, pulpe, purée, prélevée à la Martinique","3,3803","0,0067",0,0,0,0,0,0,0,0,0,0,"0,83",0,0,0,0,0,0,0,0,0,0,0,0,0,0,0,0,0,0,492,0,0,0,0,0,0,0
"Gracilaire ou ogonori (Gracilaria verrucosa), séchée ou déshydratée",243,"3,54",0,0,0,0,0,0,0,"18,8",0,35,"16,5","7,8",1290,"0,42","19,7",494000,412,104,177,5850,"6,41",3120,"3,33",0,0,0,0,0,0,0,0,0,0,0,0,0,0
"Graine de couscous (semoule de blé dur précuite), crue",365,"1,45","0,28","0,22","0,56","0,032",0,"0,01",0,"72,7","2,95","4,33",12,"0,013",24,"0,25","1,08",0,44,"0,78",170,166,0,"5,5","0,83",0,0,0,0,0,0,0,"0,16","0,078","3,49","1,24","0,11",20,0
"Graine de couscous (semoule de blé dur précuite), cuite, non salée",157,1,"0,25","0,24","0,4","0,02","0,01","0,01",0,31,"1,6","2,3","4,56","0,013",15,"0,16","0,53",20,19,"0,31",73,110,20,5,"0,57",0,"13,7",0,"0,08","0,8",0,"0,5","0,064","0,01","0,24","0,32","0,43","12,4",0
Graines de chanvre décortiqué (l'chanvre),584,"42,6","4,8",0,23,"7,2",0,0,0,2,1,6,"31,3","0,12",0,0,5,0,614,0,1356,1048,0,0,0,0,0,0,0,0,0,0,0,0,0,0,0,0,0
"Grains de blé soufflés au miel ou caramel, enrichis en vitamines et minéraux",391,"2,2","0,38","0,76","0,85","0,05","0,01","0,01",0,"82,2","35,3","5,2",8,"0,018",276,"0,17","7,15",8,"32,6","0,73",214,192,"3,35",7,"0,84",0,0,"4,2","10,7",0,0,0,"1,05","1,29","14,5","5,27","1,44",174,"1,7"
"Grains de blé soufflés chocolatés, enrichis en vitamines et minéraux",385,"4,01","2,54",0,0,0,0,0,0,"75,2","44,4","6,43","8,82","0,25",267,"0,2","7,45",8,80,"0,5",220,400,1,"97,8",2,0,0,0,2,0,0,0,"1,2","1,3",15,5,"1,7",169,"0,84"
Graisse d'oie,898,"99,8","27,7","53,5","9,8","0,5",0,0,100,0,0,0,0,0,0,0,0,2,0,0,0,0,0,0,0,144,0,0,"2,7",0,0,0,0,0,0,0,0,0,0
Graisse de canard,898,"99,8","33,2",0,0,0,0,0,100,0,0,0,0,0,0,0,0,2,0,0,0,0,0,0,0,0,0,"4,8","2,7",0,0,0,0,0,0,0,0,0,0
Graisse de dinde,898,"99,8","29,4",0,0,0,0,0,102,0,0,0,0,0,0,0,0,0,0,0,0,0,0,0,0,0,0,"4,8","2,9",0,0,0,0,0,0,0,0,0,0
Graisse de poulet,898,"99,8","29,8",0,0,0,0,0,85,0,0,0,0,0,0,0,0,0,0,0,0,0,0,0,0,0,0,"4,8","2,7",0,0,0,0,0,0,0,0,0,0
Grana Padano,396,"29,2","19,5",0,0,0,0,0,0,0,"0,25",0,"34,1","1,56",1170,0,0,0,0,0,0,0,0,610,0,0,0,0,0,0,0,0,0,0,0,0,0,0,0
"Gratin d'aubergine, préemballé","107,72","8,68","1,3",0,0,0,0,0,0,"5,45","3,8","2,35","1,95","0,45",0,0,0,0,0,0,0,0,0,172,0,0,0,0,0,0,0,0,0,0,0,0,0,0,0
Gratin dauphinois,"109,32","4,2","2,67","0,85","0,17","0,03","0,01","0,01","14,3","14,5","2,08","1,5","3,38","0,81","38,6","0,044","0,32","8,2","13,8","0,079",95,219,"2,2",325,"0,29",49,11,0,"0,24",0,0,"3,1","0,02","0,081","0,94","0,24","0,04",7,0
"Gratin de chou0fleur, préemballé","83,7","6,5",4,"1,26","0,14","0,016",0,0,"15,3","3,3","0,88","1,3",3,"1,07","96,6","0,12","0,27",0,"10,7","0,1",0,147,0,420,"2,3",0,0,0,0,0,0,0,0,0,0,0,0,0,0
Gratin de légumes,"101,7","6,7","3,41","1,6","0,9","0,09","0,01","0,01","19,7","6,91","3,42","1,7","3,44","0,57","83,1","0,087","0,51","4,03","16,6","0,13","65,5",175,"1,8",228,"0,49","26,9",567,"0,084","1,84",0,0,"12,6","0,051","0,072","0,46","0,27","0,11",41,"0,12"
"Gratin de légumes en sauce blanche type béchamel, cuit","100,02","6,5","3,48","1,76","0,37","0,13","0,01","0,01",37,"6,74","3,2",1,"3,64","0,64",84,"0,03","0,31",20,13,"0,09",88,190,20,255,"0,44","55,2",609,"0,25","0,81","22,9",0,"1,94","0,064","0,1","0,15","0,43","0,052","24,4","0,33"
Gratin de pâtes,179,"9,2","4,85","2,53","0,71","0,12","0,01","0,01","20,4","16,4","2,19",1,"7,06","0,85",116,"0,05","0,4","5,4",20,"0,1",137,124,"4,9",340,"0,88",67,0,"0,3","0,34",0,0,"1,1","0,09","0,13","0,64","0,28","0,06",6,"0,39"
"Gratin de poisson et purée ou brandade aux pommes de terre ou parmentier de poisson, préemballé",117,"6,15","3,68","1,74","0,35","0,099","0,0067",0,31,"8,57","1,62","1,1","6,39","0,81","46,8",1,1,20,"17,1",1,90,190,"4,7",323,1,16,50,"1,1","1,5",0,0,1,"0,05","0,09","0,32","0,23","0,05",5,"0,36"
"Gratin ou cassolette de poisson et / ou fruits de mer,  préemballé, cru",105,"5,1","3,18","1,1","0,21","0,02","0,02","0,02",0,"8,39","2,48","0,5","6,13","0,82","58,2","0,05","0,41",0,"13,8",0,"37,1",223,0,328,"0,55",0,0,0,0,0,0,0,0,0,0,0,0,0,0
"Gratin ou cassolette de poisson et / ou fruits de mer, préemballé, cuit",117,"7,5","4,82","1,54","0,15","0,03","0,03","0,04","35,4","5,28","1,6","0,7","6,69","0,92",52,"0,03","0,28",20,24,"0,05",120,180,20,366,"0,47","58,7",225,"0,25","0,63","3,6",0,"0,5","0,015","0,043","0,1","0,28","0,022","19,4","0,95"
"Grenade, pulpe et pépins, crue","80,6","1,2","0,07","0,07","0,08","0,01",0,"0,01",0,"14,3","13,3","2,3","1,44","0,013","9,5","0,11","0,17",20,12,"0,1",27,230,20,5,"0,22",0,"12,1",0,"0,08","0,8",0,"9,02","0,054","0,01","0,23","0,37","0,032","8,77",0
"Grenadier (de roche), cru","68,9","0,81","0,11","0,073","0,007","0,002","0,039","0,13","37,1",0,0,0,"15,4","0,24","1,64","0,1","0,12","13,4","22,1","0,1",103,281,356,94,"0,22","5,1",0,"0,52","1,36",0,0,0,"0,04","0,04","1,29","0,077","0,12",0,"0,33"
"Grenadier bleu ou hoki de Nouvelle0Zélande, cru","75,5","1,46","0,26",0,0,0,0,0,0,0,0,0,"15,6","0,14",8,"0,02","0,84",0,20,"0,016",154,306,47,"54,4","0,23",0,0,"0,004","0,24",0,0,"0,3","0,02","0,002","1,84","0,44","0,09",20,"0,7"
"Grenouille, cuisse, crue",70,"0,28","0,073",0,0,0,"0,014","0,02",50,"0,66",0,0,"16,2","0,14","18,5","0,25","2,58",6,"21,5",0,241,302,0,"54,5","1,5",15,0,"0,35",1,"0,1",0,5,"0,15","0,19","1,2",0,"0,84","12,5","0,4"
"Grenouille, cuisse, grillée/poêlée","95,7","0,9","0,3","0,14","0,078","0,019","0,013","0,023","49,7",0,0,0,"21,9","0,22",39,"0,03","0,52",20,22,"0,06",92,110,50,"87,8","0,56",21,0,"1,12",0,"0,8",0,0,"0,035","0,07","1,47","0,23","0,15",5,"2,29"
Gressin,433,"11,8","2,78","2,87","1,07","0,027",0,0,0,"65,3","2,06","5,16","12,7","1,8",48,"0,25","1,2",20,"66,3","0,36",188,213,5,715,"1,4",0,0,0,3,0,0,7,"0,42","0,082","1,83","0,47","0,6",70,"0,26"
"Griotte, crue","49,1","0,3","0,084",0,0,0,0,0,0,"10,5","8,49","1,65","1,1","0,0063",16,"0,1","0,32",0,9,"0,11",15,173,0,3,"0,1",0,770,0,"0,07","2,1",0,10,"0,03","0,04","0,4","0,14","0,044",8,0
"Grondin perlon, cru","97,4","1,79",0,0,0,0,0,0,0,0,0,0,"20,3","0,14",0,0,0,0,0,0,0,0,"37,2",0,0,0,0,0,0,0,0,0,0,0,0,0,0,0,0
"Grondin, cru",94,2,0,0,0,0,0,0,0,0,0,0,19,0,0,0,0,0,0,0,0,0,0,0,0,0,0,0,0,0,0,0,0,0,0,0,0,0,0
"Groseille à maquereau, crue","27,83","0,59","0,058","0,059","0,17","0,12",0,0,0,"4,88",0,"4,03","0,75","0,0038","25,4","0,063","0,33","0,3",9,"0,16","26,2",187,"0,068","1,5","0,14",0,0,0,"0,69",0,0,29,"0,033","0,029","0,29","0,29","0,048","8,85",0
"Groseille, crue","68,5","0,7","0,21","0,11","0,22","0,14","0,01","0,01",0,"7,06","6,63","4,6","1,56","0,013",38,"0,09","0,35",20,12,"0,13",38,230,20,5,"0,15",0,"25,6",0,"1,19","2,06",0,"29,8","0,041","0,01","0,18","0,65","0,03","11,8",0
Gruyère,423,"34,6","19,8","6,68","0,63","0,34",0,0,105,0,0,0,"28,4","0,8",1090,"0,41","0,29","13,8","39,2","0,031",608,101,"5,33",320,"4,89",262,33,"0,44","0,52","2,7",0,0,"0,05","0,39","0,1","0,43","0,081",15,"1,55"
Gruyère IGP France,396,32,"20,1","5,93","0,47","0,26",0,"0,014",0,0,0,0,"27,3","0,95",871,0,0,0,0,0,0,0,0,0,0,0,0,0,0,0,0,0,0,0,0,0,0,0,0
"Guacamole, préemballé","180,62","16,5","3,95","9,16","1,51","0,14",0,0,"3,6","5,85","2,65","5,65","2,18","1,38",18,"0,2","0,6",20,"26,7","0,2",27,440,5,543,"0,4",2,100,"0,5","2,4",0,0,359,"0,094","0,089","1,45","0,88","0,36","60,3",0
Guimauve ou marshmallow,"342,26","1,42","0,067","0,061","0,019","0,01",0,"0,005",0,"78,7","65,6","0,23","3,67","0,092",3,"0,097","0,27",0,"1,45","0,008",8,"3,7",0,"39,3","0,04",0,0,0,0,0,0,0,"0,001","0,001","0,078","0,005","0,003",1,0
"Guimauve ou marshmallow, enrobé de chocolat","376,1","10,3","6,2",0,0,0,0,0,0,"66,2","56,3","0,6","4,65","0,1",0,0,0,0,0,0,0,0,0,40,0,0,0,0,0,0,0,0,0,0,0,0,0,0,0
"Haché à base de boeuf ou Préparation de viande hachée de boeuf, 15% MG, cru, prémeballé","195,52","13,6","4,45",0,"0,23","0,052",0,0,0,"2,48","0,57","1,55","15,8","0,87",0,0,"2,5",0,0,0,0,0,0,313,0,0,0,0,0,0,0,0,0,0,0,0,0,0,0
Haché de volaille,137,"5,68","1,88",0,0,0,0,0,0,"3,5","1,4","0,63","17,7","1,3",0,0,0,0,0,0,0,0,0,550,0,0,0,0,0,0,0,0,0,0,0,0,0,0,0
"Haché végétal à base de soja, préemballé",143,"5,8","0,64","3,45","1,21","0,13","0,01","0,01",0,"7,01","4,19","5,23","11,5","0,78",67,"0,41","2,2",20,66,"0,78",170,620,20,312,"1,2",0,167,"0,25","2,09","6,09",0,"0,5","0,052","0,037","1,15","0,4","0,081",34,0
"Hachis parmentier à la viande, préemballé",138,"8,22","4,7","2,44","0,38","0,025","0,00089","0,000082",20,"9,39","1,47","1,43","5,99","0,83","59,6","0,079","0,71","4,55","17,5","0,087","45,5",184,10,322,"1,2","45,9",0,"0,1","0,2",0,0,"0,65","0,02","0,07",0,0,"0,08","5,71","0,42"
Haddock (fumé) ou églefin fumé,97,"0,73","0,13","0,035",0,"0,018","0,064","0,14",77,0,0,0,"22,6","1,91",49,"0,042","1,4",255,54,"0,03",251,415,28,763,"0,5",24,0,"0,8","0,55","0,1",0,0,"0,047","0,049","5,07","0,17","0,4",15,"1,6"
"Hamburger, provenant de fast food",246,"8,44","2,82","3,07","0,52","0,023","0,00095",0,29,"28,3","5,95","1,8","13,3","1,23",64,"0,08","1,23","16,9","29,7","0,22",110,251,10,492,"2,26",0,34,"0,1","0,07","4,9",0,"0,3","0,35","0,19","4,06","0,37","0,11",17,"1,2"
"Hareng fumé, à l'huile",168,11,"3,12","1,51","0,24","0,18","3,03","1,18","49,9",2,0,0,"15,1","4,08","59,2","0,1","0,9",20,"27,4","0,1",125,173,17,1630,"0,5",12,0,"14,5","0,96",0,0,0,"0,04","0,2","2,25","0,41","0,28",10,"9,4"
"Hareng fumé, au naturel",173,"11,7","2,76","1,05","0,15","0,12","2,98","1,11","49,9","0,5",0,0,"16,5","3,98","62,4","0,1",1,40,"34,8","0,1",155,226,28,1590,"0,6",12,0,22,"1,35",0,0,0,"0,04","0,23","3,45","0,55","0,37",10,"11,8"
"Hareng fumé, filet, doux",162,"9,9","2,24","0,78","0,11","0,07","0,49","0,56","54,9",0,0,"0,5","18,1","3,78",62,"0,08","0,7",20,39,"0,03",250,380,30,1510,"0,51",21,0,"17,7","1,72","0,8",0,"0,5","0,015","0,2","4,53","1,22","0,28","10,8","13,4"
"Hareng gras, cru",172,"10,8","2,23","0,71","0,16","0,12","0,45","0,83","54,7",0,0,0,"18,7","0,13","47,7","0,1","0,88","8,94","32,7","0,1",247,421,"25,4","52,4","0,44","11,7",0,"8,36","1,8",0,0,"0,5","0,04","0,15","6,14","0,72","0,4",10,"8,28"
"Hareng maigre, cru",111,"4,22","0,83","0,29","0,063","0,027","0,16","0,32",50,0,0,0,"18,3","0,19","23,8","0,1","0,87","5,5","36,2","0,1",261,450,"18,6",75,"0,49","6,1",0,"9,59","0,57",0,0,0,"0,04","0,13","4,11","0,57","0,42",0,"8,47"
Hareng mariné ou rollmops,211,"13,8","2,51","2,49","0,39","0,23","0,57","0,73","36,5",8,"1,9",0,"13,7","2,56","53,5","0,11","1,07",47,"7,2","0,035","70,5","56,5",46,1030,"0,59","27,3",0,"13,2","1,48","0,2",0,0,"0,033","0,13","2,9","0,081","0,19","1,9","5,1"
"Hareng, cru",176,"11,7","2,82","1,23","0,24","0,15","0,65","1,1","55,6",0,0,0,"17,7","0,22","61,6","0,15","1,21","54,1",27,"0,027",235,342,"31,2","89,2","0,79","38,1",0,"10,7","1,21","0,45","0,21","0,75","0,035","0,24","3,95","0,84","0,38","9,4","11,5"
"Hareng, frit",201,"12,1","3,51",0,0,0,"1,05","1,2",57,0,0,0,23,0,0,"0,14",0,38,0,"0,02",0,0,"31,3",0,"0,75",0,0,0,0,0,0,0,0,0,0,0,0,0,0
"Hareng, grillé/poêlé",189,"11,4","2,48",0,0,0,"1,05","1,23","54,3",0,0,0,"21,6","0,34","76,5","0,15","1,51","47,7","41,5","0,045",307,425,46,138,"1,24",35,0,"10,8","1,37","0,1",0,"0,7","0,11","0,28","4,06","0,76","0,35",11,"14,1"
"Haricot beurre, appertisé, égoutté","20,87","0,23","0,022",0,0,0,0,0,0,"3,48","0,86","1,68","1,22","0,66",25,"0,044","0,9","0,6",15,"0,2",19,104,"0,43",265,"0,3",0,63,0,"0,29","9,9",0,"4,1","0,02","0,054","0,2","0,085","0,034",66,0
"Haricot beurre, bouilli/cuit à l'eau","34,6","0,3","0,09","0,04","0,07","0,07","0,01","0,01",0,"4,45","2,2","2,7","2,19","0,013",56,"0,13","0,99",20,26,"0,35",43,210,20,5,"0,34",0,"74,7",0,"0,31","3,88",0,"7,57","0,04","0,053","0,36","0,12","0,01","39,7",0
"Haricot beurre, cru","31,24","0,16","0,026",0,0,0,0,0,0,"5,6",0,"2,45","1,85","0,015",41,"0,07","1,07","0,6",26,"0,21",38,209,0,6,"0,32",0,0,0,"0,45",0,0,"18,7","0,08","0,12","0,68","0,072","0,087","68,5",0
"Haricot beurre, surgelé, cru","29,13","0,17","0,047",0,0,0,0,0,0,"4,9","2,5","2,33",2,"0,0092",51,"0,049","0,78","0,4",22,"0,39",32,186,0,"2,5","0,26",0,0,0,0,0,0,16,"0,099","0,092","0,5","0,085","0,042",15,0
"Haricot blanc, appertisé, égoutté","73,48","0,4","0,11",0,0,0,0,0,0,"10,9","0,52",7,"6,57","0,69",73,"0,23","2,99",3,51,"0,52",91,454,0,270,"1,12",0,0,0,"0,79","2,9",0,0,"0,096","0,037","0,11","0,19","0,075",65,0
"Haricot blanc, bouilli/cuit à l'eau",112,"1,1","0,25","0,13","0,24","0,37","0,01","0,01",0,12,"0,3","13,8","6,75","0,023",120,"0,19","1,7",20,33,"0,8",110,260,20,"9,3","0,67",0,"5,48","0,25","0,08","4,37",0,"0,5","0,03","0,017","0,32","0,061","0,039","31,1",0
"Haricot blanc, sec","268,02","1,78","0,22",0,0,0,0,0,0,"43,9","1,92","16,8","19,1","0,028",183,"0,73","7,97","0,6",187,"1,9",363,1660,"8,8",11,"3,23",0,0,0,"0,28","5,6",0,"2,04","0,44","0,15","0,48","0,86","0,41",307,0
"Haricot coco, bouilli/cuit à l'eau",131,"0,5","0,11","0,06","0,12","0,16","0,01","0,01",0,"13,7","1,1","15,8","9,63","0,023",72,"0,26","2,7",20,53,"0,59",180,480,20,9,"1,2",0,"15,6","0,25","0,1","3,61",0,"1,62","0,17","0,02","0,86","0,14","0,065","71,4",0
"Haricot de Lima, cru",105,"0,86","0,2",0,0,0,0,0,0,"15,3","1,48","4,9","6,84","0,02",34,"0,32","3,14",0,58,"1,22",136,467,0,8,"0,78",0,126,0,"0,32","5,6",0,"23,4","0,22","0,1","1,47","0,25","0,2",34,0
"Haricot de mer (Himanthalia elongata), séchée ou déshydratée",239,"2,63",0,0,0,0,0,0,0,"28,3",0,31,"10,1","9,22",712,"0,23","2,53",14400,1620,"2,76",104,5970,"6,25",3690,"4,55",0,6620,"0,28","5,5",0,0,"62,8","0,27","0,46",0,0,0,"60,7",0
"Haricot flageolet, appertisé, égouttés","80,31","0,79","0,11",0,0,0,0,0,0,"12,2","0,2","6,3","6,1","0,73","63,1","0,1","1,3",10,"26,5","0,1",86,281,"2,2",293,"0,1",0,50,0,"0,37",0,0,1,"0,07","0,16","0,79","0,05","0,05",23,0
"Haricot flageolet, bouilli/cuit à l'eau",112,"1,1","0,25","0,13","0,24","0,37","0,01","0,01",0,12,"0,3","13,8","6,75","0,023",120,"0,19","1,7",20,33,"0,8",110,260,20,"9,3","0,67",0,"5,48","0,25","0,08","4,37",0,"0,5","0,03","0,017","0,32","0,061","0,039","31,1",0
"Haricot flageolet, surgelé","145,98","0,7","0,1",0,0,0,0,0,0,"25,6","0,4","4,4","9,32","0,78",0,0,0,0,0,0,0,0,0,0,0,0,0,0,0,0,0,0,0,0,0,0,0,0,0
"Haricot flageolet, vert, bouilli/cuit à l'eau","95,62","1,1","0,19","0,092","0,2","0,38","0,00044","0,00044","0,7","15,8","0,5","16,5","5,63","0,071",68,"0,18","1,8",20,32,"0,47",97,360,50,"28,2","0,6",0,10,"0,5","0,08","1,45",0,"0,5","0,072","0,02","0,31","0,065","0,064","34,6",0
"Haricot flageolet, vert, sec","268,2","2,6","0,35","0,19","0,47","1,02","0,001","0,001","0,7","42,1",0,"23,4","19,1","0,02",0,"0,68","7,3",20,160,"1,6",440,0,50,"7,9","2,3",0,27,"0,5","0,08","13,7",0,"0,5","0,31","0,03","1,93","0,68","0,41",121,0
"Haricot mungo germé ou pousse de ""soja"", appertisé, égoutté","16,76","0,12","0,058",0,0,0,0,0,0,"2,36","1,78","1,63","1,56","0,35","13,4","0,047","0,26","2,55","7,53","0,039",26,"31,5",10,141,"0,11",0,2,0,"0,065","13,4",0,"0,65","0,025","0,05","0,21","0,14","0,031",26,0
"Haricot mungo germé ou pousse de ""soja"", cru","28,38","0,5","0,0002","0,0002","0,0002","0,0002","0,0002","0,0002",0,"3,4","3,4","1,7","2,57","0,043",16,"0,1","0,44",20,16,"0,12",43,120,50,"17,1","0,32",0,10,"0,5","0,095","2,1",0,"4,13","0,065","0,06","0,71","0,17","0,06","61,3",0
"Haricot mungo, bouilli/cuit à l'eau","82,71","0,55","0,038",0,0,0,0,0,0,"11,9","2,01","6,4","7,54","0,018",53,"0,14","1,75",0,63,"0,41",156,231,0,7,"0,83",0,19,0,"0,15","2,7",0,1,"0,15","0,075","1,5","0,43","0,058",94,0
"Haricot mungo, sec","301,18","1,42","0,24","0,13","0,37","0,028",0,0,0,"47,6",0,"16,7","24,5","0,066",113,"0,96","7,16",0,228,"1,28",387,1110,"8,8","26,5","3,02",0,0,0,"1,9",170,0,"12,2","0,45","0,24","1,85","0,55","0,39",421,0
"Haricot plat, cru","26,68","0,12",0,0,0,0,0,0,0,"4,47","1,3","2,97","1,93","0,049",60,0,"0,8",0,0,0,0,0,0,2,0,0,0,0,0,0,0,16,0,0,0,0,0,0,0
"Haricot rouge, appertisé, égoutté","93,97","0,97","0,41","0,052","0,12","0,23",0,0,0,13,1,7,"8,31","0,68",58,"0,28","1,5",0,29,"0,38",118,250,0,269,"0,74",0,0,0,0,0,0,"0,2","0,06","0,015","0,42",0,0,23,0
"Haricot rouge, bouilli/cuit à l'eau",116,"0,6","0,19","0,15","0,11","0,13","0,01","0,01",0,"12,3","0,5","11,6","9,63","0,021",55,"0,27","2,3",20,39,"0,44",150,300,20,"8,4","0,94",0,5,"0,25","0,08","1,06",0,"0,5","0,12","0,022","0,25","0,083","0,067","78,3",0
"Haricot rouge, sec","283,94","1,06","0,15",0,0,0,0,0,0,"46,1","2,1","15,2","22,5","0,03",83,"0,7","6,69","1,9",138,"1,11",406,1360,0,12,"2,79",0,0,0,"0,21","5,6",0,"4,5","0,61","0,22","2,11","0,78","0,4",394,0
"Haricot vert, appertisé, égoutté","23,1","0,31","0,09","0,009","0,065","0,077",0,0,0,"2,07","0,77","3,36","1,33","0,68","42,7","0,13","0,81","1,6",13,"0,094","25,3",94,"0,9",261,"0,23",0,122,0,"0,14","38,9",0,"3,1","0,053","0,053","0,15","0,15","0,03","20,5",0
"Haricot vert, bouilli/cuit à l'eau",28,"0,3","0,01","0,01","0,01","0,01","0,01","0,01",0,"3,39","2,5","3,2","1,75","0,013",51,"0,07","0,54",20,26,"0,19",38,260,20,5,"0,22",0,407,0,"0,1","5,16",0,"1,16","0,031","0,038","0,28","0,12","0,031","49,5",0
"Haricot vert, cru","25,85","0,21","0,06","0,007","0,051","0,06",0,0,0,"4,14","3,26","2,85","1,85","0,0096","48,5","0,063","1,02","0,8",21,"0,23","38,5",224,"0,3","3,85","0,32",0,379,0,"0,36","14,4",0,"13,6","0,086","0,11","0,72","0,14","0,12","48,5",0
"Haricot vert, cuit","29,4","0,17","0,042","0,0072","0,04","0,047",0,0,0,3,1,4,2,"0,4","55,3","0,081","0,6",5,"22,3","0,19",36,174,10,"5,8","0,2",0,137,0,"0,45",16,0,5,"0,05","0,08","0,34","0,05","0,05",33,0
"Haricot vert, surgelé, cru",34,"0,17","0,049","0,0053","0,036","0,042",0,0,0,"4,35","1,96","3,68","1,97","0,013","51,5","0,063","0,85","0,8",22,"0,29","40,8",186,"0,3","3,86","0,31",0,292,0,"0,24","38,4",0,18,"0,099","0,092","0,5","0,077","0,068","39,5",0
"Haricot vert, surgelé, cuit","36,3","0,19","0,042",0,0,0,0,0,0,"5,1","1,23","3,3","1,95","0,0038",51,"0,059","0,68","0,4",19,"0,29",29,159,"0,4","1,5","0,24",0,334,0,"0,04","12,7",0,"11,6","0,035","0,09","0,38","0,049","0,06",23,0
"Haricots blancs à la sauce tomate, appertisés","62,68","0,4","0,16",0,0,0,0,0,0,"10,1","1,65","5,5","4,67","0,93",0,0,0,0,0,0,0,0,0,349,0,0,0,0,0,0,0,0,0,0,0,0,0,0,0
"Haricots verts, purée","49,7","2,9","1,9",0,0,0,0,0,0,"4,2","1,5","3,3","1,7","0,36",0,0,0,0,0,0,0,0,0,0,0,0,0,0,0,0,0,0,0,0,0,0,0,0,0
"Harissa (sauce condimentaire), préemballée","66,18","2,9","0,47","0,5","0,97","0,04",0,"0,01",0,"7,3",0,"5,1","2,72","2,81","78,1",1,"3,1","43,5","47,2",1,63,710,5,1120,1,0,4000,0,"6,1",0,0,"31,9","0,05","0,21","0,05","0,52","0,26",28,0
Herbes aromatiques fraîches (aliment moyen),"49,4","0,8","0,2",0,0,0,"0,00001","0,00001",0,"4,15","1,99","5,64","3,58","0,28",218,"0,22","6,06",0,"56,7","1,37","64,8",508,"0,28","34,7","0,88","0,43",3240,"0,00018","2,23",870,0,103,"0,08","0,2","1,29","0,32","0,16",105,0
"Herbes de Provence, séchées",283,"7,2","1,88",0,0,0,0,0,0,23,"18,5","40,1","11,5","0,088",1860,"1,06","69,8",15,304,"5,2",297,1970,"4,4",35,"5,47",0,0,0,"1,69",0,0,54,"0,33","0,34","6,03",0,"1,58",274,0
"Hoki, tout lieu de pêche, cru","92,3","2,36","0,53","0,4","0,026","0,009","0,073","0,17","33,6",0,0,0,"17,8","0,18","6,46","0,1","0,23","13,5","28,2","0,1",167,345,"27,8","70,8","0,26","18,7",0,"2,49","0,47",0,0,0,"0,046","0,045","1,67","0,52","0,12",0,"1,11"
"Homard, bouilli/cuit à l'eau","90,9","1,32","0,21","0,19","0,039","0,055","0,2","0,11",128,"0,11",0,0,"19,6","0,9","68,8","1,3","0,63",120,"34,2","0,19",212,208,"2,2",361,"2,96",1,0,0,"1,6",0,0,0,"0,051","0,029","1,61","1,43","0,14","12,3","1,64"
"Homard, cru","85,5","1,15","0,13","0,18","0,036","0,049","0,16","0,085",117,"0,94",0,0,"17,9","0,9","68,8","1,3","0,45",240,"34,2","0,19",150,204,"2,2",361,"2,96",11,0,0,"1,19",0,0,"2,5","0,038","0,038","1,7","1,47","0,12",12,"3,78"
"Hot0dog, préemballé",278,"13,8","5,18","5,37","1,41","0,22","0,01","0,01","34,7","26,3","5,2","1,6","10,9","1,69",56,"0,08","0,85",20,17,"0,26",150,210,20,676,"1,1",21,0,"0,25",1,"3,7",0,"0,5","0,11","0,051","1,37","0,4","0,068","31,2","0,5"
"Houmous, préemballé","276,3","23,9","2,48",0,"6,14","1,48",0,0,0,"7,1","1,38","5,98","8,2","1,19",0,0,0,0,0,0,0,0,0,472,0,0,0,0,0,0,0,0,0,0,0,0,0,0,0
Huile combinée (mélange d'huiles),896,"99,5","10,3","38,4","41,1","1,26",0,0,0,0,0,0,0,"0,011","2,57","0,0028","0,013",0,"0,58","0,0015",0,"0,81",10,"2,42","0,03",0,0,0,"63,9",0,0,0,0,0,0,0,0,0,0
"Huile combinée, mélange d'huile d'olive et de graines",900,100,"12,1","46,3","27,2","2,18",0,0,0,0,0,0,0,0,0,0,0,0,0,0,0,0,0,0,0,0,0,5,"32,3",0,0,0,0,0,0,0,0,0,0
Huile d'amande,900,100,"8,2",0,0,0,0,0,0,0,0,0,0,0,0,0,0,0,0,0,0,0,0,0,0,0,0,0,"39,2",7,0,0,0,0,0,0,0,0,0
Huile d'amandes d'abricot,900,100,"6,3",0,0,0,0,0,0,0,0,0,0,0,0,0,0,0,0,0,0,0,0,0,0,0,0,0,4,0,0,0,0,0,0,0,0,0,0
Huile d'arachide,900,"99,9","16,2","61,7","14,7","0,18","0,01","0,05",0,0,0,0,"0,5","0,013","1,3","0,01","0,05",20,"0,05","0,09","0,3","0,3",20,5,"0,06",0,5,"0,25","14,2","0,8",0,0,0,0,0,0,0,0,0
Huile d'argan ou d'argane,889,"98,7","17,6","43,8",33,"0,13",0,0,0,0,0,0,0,0,0,0,0,0,0,0,0,0,0,0,0,0,0,0,"3,6",0,0,0,0,0,0,0,0,0,0
Huile d'avocat,900,100,"17,9","50,3",0,"0,55",0,0,0,0,0,0,0,0,0,0,0,0,0,0,0,0,0,0,0,0,50,0,"45,3",0,0,0,0,0,0,0,0,0,0
Huile d'olive vierge extra,900,"99,9","15,2","69,8","6,52","0,65","0,01","0,01",0,0,0,0,"0,5","0,013","0,2","0,01","0,05",20,"0,05","0,01","0,3","0,3",20,5,"0,05",0,210,"0,25","22,3","58,1",0,0,0,0,0,0,0,0,0
Huile de beurre ou Beurre concentré,"900,22","99,9","61,9",22,"1,27","0,43",0,0,256,0,0,0,"0,28","0,005",4,"0,001","0,004",0,0,0,3,"0,002",0,2,"0,01",824,193,"1,8","2,8","8,6",0,0,"0,001","0,005","0,003","0,01","0,001",0,"0,01"
Huile de carthame,900,100,"6,69","44,5","13,6","0,096",0,0,0,0,0,0,0,0,0,0,0,0,0,0,0,0,0,0,0,0,0,0,"36,4","5,05",0,0,0,0,0,0,0,0,0
Huile de colza,900,100,"7,26","55,2","19,4","7,54",0,0,0,0,0,0,0,0,"2,57","0,0052","0,023",0,"0,58","0,0015",0,"0,81",10,"1,11","0,026",0,0,0,"27,7","71,3",0,0,0,0,0,0,0,0,0
Huile de coton,900,100,"25,9",17,"51,5","0,2",0,0,0,0,0,0,0,0,0,0,0,0,0,0,0,0,0,0,0,0,0,0,"35,3","24,7",0,0,0,0,0,0,0,0,0
Huile de foie de morue,900,100,22,"33,1","2,71","1,79","8,39","11,4",510,0,0,0,0,"0,00005","1,15","0,007","0,074",400,"0,08","0,002",0,0,"0,005","0,02","0,06",30000,0,250,30,0,0,0,0,0,0,0,0,0,0
Huile de germe de blé,900,100,"17,4","12,5","46,9","5,91",0,0,0,0,0,0,0,0,0,0,0,0,0,0,0,0,0,0,0,0,0,0,149,"24,7",0,0,0,0,0,0,0,0,0
Huile de hareng,900,100,"21,3",0,0,0,"6,27","4,21",766,0,0,0,0,0,0,0,0,0,0,0,0,0,0,0,0,0,0,0,0,0,0,0,0,0,0,0,0,0,0
Huile de lin,900,100,"9,19","19,2","13,5","53,3",0,0,0,0,0,0,0,0,1,0,0,0,0,0,1,0,0,0,"0,07",0,0,0,"8,99","9,3",0,0,0,0,0,0,0,0,0
Huile de maïs,900,100,"12,2","25,9","54,1","1,04",0,0,0,0,0,0,0,0,0,0,"0,03","0,8",0,0,0,0,0,0,0,0,0,0,"13,2","1,9",0,0,0,0,0,0,0,0,0
Huile de noisette,900,100,"8,34","72,7","11,7","0,36",0,0,0,0,0,0,0,0,0,0,0,0,0,0,0,0,0,0,0,0,0,0,"28,6",0,0,0,0,0,0,0,0,0,0
Huile de noix,900,100,10,"15,2","56,1","11,9",0,0,0,0,0,0,0,0,0,0,0,0,0,0,0,0,5,0,0,0,"0,008",0,"1,81",15,0,0,0,0,0,0,0,0,0
Huile de palme raffinée,900,100,"49,3","36,6","9,1","0,2",0,0,0,0,0,0,0,0,0,0,"0,01",0,0,0,0,0,0,0,0,0,0,0,"15,9",8,0,0,0,0,0,0,0,0,0
"Huile de palme, sans précision",900,100,"49,3",0,0,0,0,0,0,0,0,0,0,0,0,0,"0,01",0,0,0,0,0,0,0,0,0,0,0,"15,9",8,0,0,0,0,0,0,0,0,0
Huile de pavot,900,100,"13,5",0,0,0,0,0,0,0,0,0,0,0,0,0,0,0,0,0,0,0,0,0,0,0,0,0,"11,4",0,0,0,0,0,0,0,0,0,0
Huile de pépins de raisin,900,100,"11,4","18,6","63,7","0,32","0,01","0,01",0,0,0,0,0,"0,013","0,3","0,02","0,05",20,"0,05","0,01","0,3","1,1",20,5,"0,05",0,5,"0,25","15,7",189,0,0,0,0,0,0,0,0,0
Huile de sardine,900,100,"29,9",0,0,0,"10,1","10,7",710,0,0,0,0,0,0,0,0,0,0,0,0,0,0,0,0,0,0,"8,3",0,0,0,0,0,0,0,0,0,0,0
Huile de saumon,900,100,0,0,0,0,13,"18,2",485,0,0,0,0,0,0,0,0,0,0,0,0,0,0,0,0,0,0,0,0,0,0,0,0,0,0,0,0,0,0
Huile de sésame,900,100,"14,9","38,5","39,6","0,38",0,0,0,0,0,0,0,0,0,0,0,0,0,0,0,0,0,0,0,0,0,0,"1,1","13,6",0,0,0,0,0,0,0,0,0
Huile de soja,900,100,"14,7","21,9",52,"6,89",0,0,0,0,0,0,0,0,"2,57","0,0039","0,041","0,8","1,52","0,013",0,"1,85",10,"1,11","0,11",0,0,0,"6,1",362,0,0,0,0,0,0,0,0,0
Huile de son de riz,900,100,"19,7",0,0,0,0,0,0,0,0,0,0,0,0,0,"0,07",0,0,0,0,0,0,0,0,0,0,0,"32,3","24,7",0,0,0,0,0,0,0,0,0
Huile de tournesol,901,100,"11,1","26,7","56,3","0,05","0,01","0,01",0,0,0,0,"0,5","0,025","0,2","0,01","0,05",20,"0,05","0,01","0,3","0,3",20,10,"0,05",0,5,"0,25","57,3","0,8",0,0,0,0,0,0,0,0,0
Huile ou beurre de cacao,900,100,"59,7","32,6","2,8","0,1",0,0,0,0,0,0,0,0,0,0,0,0,0,0,0,0,0,0,0,0,0,0,"1,8","24,7",0,0,0,0,0,0,0,0,0
Huile ou beurre de karité,900,100,"46,6",0,0,0,0,0,0,0,0,0,0,0,0,0,0,0,0,0,0,0,0,0,0,0,0,0,0,0,0,0,0,0,0,0,0,0,0
"Huile ou graisse de coco (coprah), raffinée",900,100,"86,5","5,8","1,8",0,0,0,0,0,0,0,0,0,1,0,"0,06","0,4",0,0,0,0,0,0,0,0,0,0,"0,3",0,0,0,0,0,0,0,0,0,0
"Huile ou graisse de coco (coprah), sans précision",900,100,84,"8,6","1,6",0,0,0,0,0,0,0,0,0,0,0,"0,04",0,0,0,0,0,0,0,0,0,0,0,"12,8","0,5",0,0,0,0,0,0,0,0,0
"Huile ou graisse de palmiste, sans précision",900,100,"81,5",0,0,0,0,0,0,0,0,0,0,0,0,0,0,0,0,0,0,0,0,0,0,0,0,0,"3,81","24,7",0,0,0,0,0,0,0,0,0
"Huile pour friture, sans précision",900,100,"9,86","37,5","43,7","2,22","0,01","0,01",0,0,0,0,0,"0,013","0,4","0,05","0,05",20,"0,05","0,01","0,3","0,3",20,5,"0,05",0,5,"0,25","52,8","12,1",0,0,0,0,0,0,0,0,0
Huile végétale (aliment moyen),900,"99,9","13,5","56,5","21,4","1,06","0,0043","0,0052",0,0,0,0,"0,21","0,0098","0,29","0,0052","0,024","8,55","0,062","0,0062","0,13","0,19","9,25","3,8","0,026",0,129,"0,11","32,8","45,4",0,0,0,0,0,0,0,0,0
"Huître creuse, crue","67,2","1,91","0,34","0,039","0,015","0,012","0,15","0,071","20,3","3,86",0,0,"8,64","1,41",81,"1,45","2,07",101,"78,1","0,58","94,6",215,"14,9",566,"21,8","14,2",0,"0,5","1,21",0,0,"6,5","0,037","0,15","1,95","0,65","0,095","6,5","28,6"
"Huître plate, crue","53,5","0,9","0,17",0,0,0,0,0,98,"1,16",0,0,"10,2","1,28",186,0,6,0,0,0,267,260,0,510,45,75,0,"0,54","0,46",0,0,0,"0,1","0,2","1,5",0,"0,16",10,0
"Huître, sans précision, crue","67,2","1,91","0,34","0,039","0,015","0,012","0,15","0,071","20,3","3,86",0,0,"8,64","1,45","92,7","1,29","2,18",101,"90,2","0,55","94,6",175,"23,5",578,"22,5","14,2",0,"0,5","1,21",0,0,"5,13","0,037","0,15","1,95","0,65","0,095","12,5","28,6"
"Igname cousse0couche, pulpe, cuit à la vapeur, prélevé à la Martinique","80,9","0,3",0,0,0,0,0,0,0,"17,9",0,"3,9","1,65",0,0,0,0,0,0,"0,09",0,198,0,0,0,0,0,0,"0,14",0,0,"0,87",0,0,"0,1",0,0,0,0
"Igname jaune, pulpe, cuit à la vapeur, prélevé à la Martinique","121,89","0,37",0,0,0,0,0,0,0,"27,6",0,"2,67","2,04",0,0,"0,05",0,0,0,"0,15",0,349,0,0,0,0,0,0,"0,27",0,0,"0,81",0,0,"0,6",0,0,0,0
"Igname saint martin, pulpe, cuit à la vapeur, prélevé à la Martinique","85,3","0,3",0,0,0,0,0,0,0,"18,4",0,"3,9","2,25",0,0,"0,01",0,0,0,"0,03",0,"25,1",0,0,0,0,0,0,"0,18",0,0,22,0,0,"0,7",0,0,0,0
"Igname, épluchée, bouillie/cuite à l'eau",109,"0,14","0,029",0,0,0,0,0,0,"23,6","0,49","3,9","1,49","0,02",14,"0,15","0,52",0,18,"0,37",49,670,0,8,"0,2",0,73,0,"0,34","2,3",0,"12,1","0,095","0,028","0,55","0,31","0,23",16,0
"Igname, épluchée, crue",111,"0,17","0,037",0,0,0,0,0,0,"23,8","0,5","4,1","1,53","0,023",17,"0,18","0,54",0,21,"0,4",55,816,0,9,"0,24",0,83,0,"0,35","2,3",0,"17,1","0,11","0,032","0,55","0,31","0,29",23,0
"Ile flottante, rayon frais",129,"3,31","1,52","0,66","0,31","0,004",0,0,"31,5","19,8","17,9","0,047","4,98","0,11",97,"0,1","0,4","11,7","9,8","0,1","27,8",126,6,45,"0,9",41,4,"0,5","0,31",0,0,"0,5","0,04","0,21","0,1","0,58","0,059","10,5","0,26"
"Jacques, pulpe, cru, prélevé à la Martinique","9,81","0,21",0,0,0,0,0,0,0,0,0,0,"1,98",0,0,0,0,0,0,0,0,0,0,0,0,0,0,0,0,0,0,"13,6",0,0,0,0,0,0,0
Jambon à l'os braisé,238,"16,8","5,98",0,0,0,0,0,62,"0,3",0,0,"21,6","2,97",7,"0,083","0,87",0,19,"0,014",214,286,0,1190,"2,32",0,0,"0,7","0,36",0,0,0,"0,6","0,22","4,46","0,46","0,38",3,"0,64"
Jambon cru,225,"13,2","5,09","5,05","1,24","0,1","0,001","0,004","72,2","0,76","0,75",0,"25,9","5,67","10,4","0,079","0,97","1,2","36,2","0,012",228,591,"5,66",2250,"2,37",0,0,"0,6","0,21",0,0,13,"0,89","0,21","8,1",0,"0,56","1,24","0,33"
"Jambon cru, fumé",246,"16,1","6,72","5,95","1,44","0,11",0,"0,0025",88,"0,98","0,53",0,"24,2","5,17","5,16","0,1","0,9",5,20,"0,1",275,256,"24,2",2050,"0,28",0,0,"0,5","0,03",0,0,0,"0,41","0,19","3,4","0,6","0,4","1,5",1
"Jambon cru, fumé, allégé en matière grasse",142,"3,4","0,71","0,94","0,29","0,02",0,0,0,"0,1",0,0,"27,7","4,24",0,0,0,0,0,0,0,0,0,1700,0,0,0,0,0,0,0,0,0,0,0,0,0,0,0
"Jambon cuit, choix",125,"4,5","1,78",0,0,0,0,0,0,"1,7","1,7","0,08","19,5","2,1",0,0,0,0,0,0,146,0,0,945,0,0,0,0,0,0,0,0,0,0,0,0,0,0,0
"Jambon cuit, choix, avec couenne",137,"6,3",0,0,0,0,0,0,0,"0,55","0,2",0,"19,4","3,06",0,0,0,0,0,0,136,0,0,1200,0,0,0,0,0,0,0,0,0,0,0,0,0,0,0
"Jambon cuit, choix, découenné dégraissé",114,"3,24","1,18",0,0,0,0,0,0,"1,61","1,32","0,15","19,6","1,96",10,0,0,0,0,0,145,358,0,774,0,0,0,0,0,0,0,0,0,0,0,0,0,0,0
"Jambon cuit, de Paris, découenné dégraissé",115,"3,42",0,0,0,0,0,0,0,"1,08",0,0,20,0,0,0,0,0,0,0,426,0,0,0,0,0,0,0,0,0,0,0,0,0,0,0,0,0,0
"Jambon cuit, fumé",135,"5,8","2,36","2,65","0,41","0,04","0,068",0,"34,1","0,79","0,62","0,1",20,"1,93","4,3","0,077","1,77",5,"23,5","0,1",188,261,14,797,"1,8",0,0,"0,63","0,1",0,0,0,"0,65","0,17","6,95","0,42","0,46","17,4","0,28"
"Jambon cuit, supérieur",125,"4,28","1,58","1,12","0,24","0,012","0,064","0,01","39,8","0,81","0,77","0,15","20,8","1,79",20,"0,2","0,54",5,"22,5","0,2",193,362,"10,4",749,2,0,0,"0,5","0,25",0,0,"18,1","0,54","0,2","5,73","0,4","0,3",16,"0,31"
"Jambon cuit, supérieur, à teneur réduite en sel",121,"3,83","1,5",0,0,0,0,0,0,"0,74","0,74","0,42","20,8","1,48",0,0,0,0,0,0,0,0,0,575,0,0,0,0,0,0,0,0,0,0,0,0,0,0,0
"Jambon cuit, supérieur, avec couenne",137,"5,82","2,13",0,"0,65","0,051",0,0,0,"0,91","0,77","0,33","20,2","1,87",0,0,0,0,0,0,265,0,0,744,0,0,0,0,0,0,0,0,0,0,0,0,0,0,0
"Jambon cuit, supérieur, découenné",117,"3,52","1,36",0,0,0,0,0,62,"0,77","0,76","0,05","20,5","1,87",14,0,"1,5",0,0,0,135,440,0,742,"6,5",0,0,0,"0,05",0,0,0,"0,52","0,25","2,6",0,"0,22",0,0
"Jambon cuit, supérieur, découenné dégraissé",119,"3,66","1,24","0,8","0,22","0,012",0,0,57,"1,03","0,82","0,32","20,3","1,82",20,"0,2","0,8",6,"22,6","0,2",210,313,11,722,"2,2",0,0,"0,7","0,17",0,0,0,"0,64","0,27","5,6","0,7","0,3","2,7","0,32"
Jambon de Bayonne,228,"12,6","4,93","5,79","1,17","0,076","0,0014",0,0,"0,63","0,5",0,28,"5,75",0,0,0,0,0,0,0,554,0,2270,0,0,0,0,0,0,0,13,0,0,0,0,0,0,0
Jambon de dinde ou Blanc de dinde en tranche,104,"1,67","0,54","0,47","0,39","0,032","0,0015","0,003","39,3","1,29","1,08","0,39","20,9","1,9","7,1","0,04","0,35",20,26,"0,02",230,370,50,763,"0,92",21,0,"0,5","0,11","0,8",0,"26,3","0,058","0,065","8,86","0,61","0,35","17,3","0,6"
Jambon de porc à cuire ou Jambon à rôtir/cuire au four,161,"9,08","3,11","1,11","0,5","0,014",0,0,69,0,0,0,"19,9","0,16","7,67","0,094","0,88",0,22,"0,026",217,338,0,64,"2,15","2,5",0,"0,47","0,23",0,0,"0,8","0,71","0,26","5,4","0,7","0,48",8,"0,62"
Jambon de poulet ou Blanc de poulet en tranche,106,"1,79","0,54","0,5","0,28","0,027","0,0043","0,0071","57,8","1,39","1,13","0,53","20,7","1,86","6,3","0,04","0,34",20,29,"0,01",240,380,50,766,"0,58",21,0,"0,5","0,51","0,8",0,"17,9","0,086","0,08","9,62","1,16","0,3","5,64","0,29"
Jambon en croûte,193,7,"2,38",0,0,0,0,0,"48,4","17,8","2,3","1,1","14,1","2,11","21,3","0,063","0,96","6,12","19,5","0,052",148,280,"6,72",727,"1,28",0,"34,5","0,46","1,03",0,0,"7,21","0,5","0,16","3,34","0,38","0,23","4,14","0,52"
Jambon persillé en gelée,152,"7,9","2,8","3,14","0,77","0,08","0,01","0,01","62,5","0,48","0,3",0,19,"1,67",12,"0,08","0,72",20,15,"0,04",130,280,20,669,"1,7",21,103,"0,32","0,33","5,89",0,"10,4","0,22","0,057","2,11","0,41","0,15","11,8","0,38"
Jambon sec,230,"12,6","4,99",0,"1,08","0,039",0,0,0,"0,48","0,33",0,"28,7","5,7",0,0,0,0,0,0,0,0,0,2250,0,0,0,0,0,0,0,0,0,0,0,0,0,0,0
Jambon sec de Parme,248,"15,4","5,42",0,0,0,0,0,0,"0,3","0,3",0,"27,2","5,53",16,0,"0,7",0,0,0,0,0,0,2180,0,0,0,0,0,0,0,13,0,0,0,0,0,0,0
Jambon sec Serrano,235,"12,3","5,2",0,"1,21","0,065",0,0,0,"0,76","0,36",0,"30,4","5,02",0,0,0,0,0,0,0,0,0,1990,0,0,0,0,0,0,0,0,0,0,0,0,0,0,0
"Jambon sec, découenné, dégraissé",192,"9,5","3,47","4,55",0,0,0,0,"66,4","0,3","0,3",0,"26,3","6,09",0,0,"1,4","1,2",0,0,230,0,0,2410,0,0,0,0,0,0,0,0,"1,2","0,3","8,7",0,"0,6",0,"0,5"
"Jambonneau, cuit",162,"7,52","2,93","2,47","0,56","0,038",0,0,0,"0,4","0,4",0,"23,2","2,12",0,0,0,0,0,0,123,0,0,910,0,0,0,0,0,0,0,0,"0,4","1,81","4,2",0,"0,29",0,"0,32"
"Joëls (petits poissons entiers) pour friture, crus","88,9","2,1","0,4",0,0,0,0,0,0,0,0,0,"17,5","0,27",60,0,"0,9",0,0,0,0,0,0,108,0,0,0,0,0,0,0,0,0,0,0,0,0,0,0
"Julienne ou brunoise de légumes, surgelée, crue","23,33","0,25","0,1",0,0,0,0,0,0,"4,08","3,13","2,28","1,19","0,1","43,5",0,"0,55",0,0,0,0,0,0,"54,5",0,0,0,0,0,0,0,9,0,0,0,0,0,0,0
"Julienne ou Lingue, crue","80,8","0,44","0,11","0,032",0,0,"0,051","0,077",38,0,0,0,"19,2","0,26","27,6","0,065","0,68","43,5","62,5","0,03",204,365,"37,5",128,"0,59","15,8",0,0,"0,3",0,0,0,"0,09","0,11","2,08","0,32","0,3",7,"0,78"
"Julienne ou Lingue, cuite",105,"0,82","0,00018","0,00018","0,00018","0,00018","0,00018","0,00018","64,9",0,0,0,"24,5","0,21",13,"0,02","0,14",49,31,"0,01",180,330,60,"84,3","0,62",21,0,"0,5",0,"0,8",0,0,"0,024","0,01","2,26","0,22","0,22","19,5","0,78"
Jus d'ananas pour ananas appertisé au jus,"61,3","0,5",0,0,0,0,0,0,0,"13,7","12,2","0,5","0,5","0,0014",9,"0,02","0,19",20,11,1,"5,9",120,20,"0,57","0,1",0,5,0,0,"0,8",0,"4,95","0,063","0,01","0,1","0,05","0,041","11,9",0
"Jus d'ananas, à base de concentré","52,3","0,096","0,044","0,0081","0,014","0,011",0,0,0,"11,9","11,9","0,18","0,41","0,011","14,3","0,03","0,15",1,17,"1,46","9,12",144,10,"4,62","0,066",0,3,0,"0,02","0,3",0,15,"0,058","0,021","0,2","0,056","0,1",18,0
"Jus d'ananas, pur jus","52,9","0,074","0,031",0,0,0,0,0,0,"12,1","12,1","0,22","0,41","0,013","8,08","0,04","0,18",1,"13,6","1,2","9,8",134,"1,1","5,2","0,073",0,0,0,"0,02",0,0,14,"0,055","0,02","0,3","0,15","0,1",23,0
"Jus d'orange sanguine, pur jus","44,22","0,1","0,043",0,0,0,0,0,0,"10,2","9,75","0,68","0,63","0,01",0,0,0,0,0,0,0,0,0,4,0,0,0,0,0,0,0,"39,8",0,0,0,0,0,0,0
"Jus d'orange, à base de concentré","45,6","0,13","0,034","0,029","0,028","0,0067","0,000013","0,000013",0,"9,59","9,59","0,25","0,63","0,0084","7,25","0,023","0,08","0,4","10,9","0,02","16,9",154,10,"3,44","0,022",0,"10,6",0,"0,15",0,0,"44,2","0,08","0,034","0,3","0,24","0,1",30,0
"Jus d'orange, maison","42,2","0,2","0,024",0,0,0,0,0,0,"9,4","8,4","0,2","0,7","0,0025","10,5","0,025","0,079",1,"13,2","0,022",17,200,10,"1,11","0,027",0,33,0,"0,04","0,1",0,50,"0,09","0,03","0,4","0,19","0,04",30,0
"Jus d'orange, pur jus","45,4","0,11","0,053",0,0,0,0,0,0,"9,61","9,61","0,28","0,61","0,012","0,41","0,022","0,068","0,7",10,"0,021","16,5",165,0,"4,81","0,045",0,"26,2",0,"0,2","0,1",0,37,"0,08","0,021","0,3","0,24","0,1",30,0
"Jus de carambole, prélevé à la Martinique, jus filtré","19,43","0,15",0,0,0,0,0,0,0,0,0,0,"4,52",0,0,0,0,0,0,0,0,0,0,0,0,0,0,0,0,0,0,7,0,0,0,0,0,0,0
"Jus de carambole, prélevée à la Martinique, jus non filtré","0,522","0,03",0,0,0,0,0,0,0,0,0,0,"0,063",0,0,0,0,0,0,0,0,0,0,0,0,0,0,0,0,0,0,"14,2",0,0,0,0,0,0,0
"Jus de carotte, pur jus","28,7","0,1","0,037","0,002","0,036","0,0052",0,0,0,"6,55","5,95","0,33","0,4","0,1","13,6","0,051","0,46",2,"8,75","0,071","25,6",210,"2,2","42,5","0,086",0,9300,0,"1,16","15,5",0,"8,5","0,092","0,055","0,39","0,23","0,22",4,0
"Jus de citron punch (variété petit calibre), pur jus, prélevé à la Martinique","3,18","0,14",0,0,0,0,0,0,0,0,0,0,"0,48",0,0,0,0,0,0,0,0,0,0,0,0,0,0,0,0,0,0,"23,2",0,0,0,0,0,0,0
"Jus de citron vert (variété gros calibre), pur jus, prélevé à la Martinique","6,9","0,46",0,0,0,0,0,0,0,0,0,0,"0,69",0,0,0,0,0,0,0,0,0,0,0,0,0,0,0,0,0,0,"23,7",0,0,0,0,0,0,0
"Jus de citron vert, maison","9,07","0,07","0,008",0,0,0,0,0,0,"1,69","1,69","0,4","0,42","0,005",14,"0,027","0,09",0,8,"0,018",14,117,0,2,"0,08",0,30,0,"0,22","0,6",0,30,"0,025","0,015","0,14","0,12","0,038",10,0
"Jus de citron vert, pur jus","8,03","0,23","0,026",0,0,0,0,0,0,"1,24","1,24","0,45","0,25","0,026",12,"0,03","0,23","1,2",7,"0,008",10,75,0,"10,5","0,06",0,10,0,"0,12","0,5",0,"6,4","0,033","0,003","0,16","0,066","0,027",8,0
"Jus de citron, maison","13,76","0,24","0,04","0,004","0,012","0,009",0,0,0,"2,41","2,06","0,3","0,49","0,0065","12,4","0,042","0,24","0,6","5,99","0,008","14,5",132,"2,2","2,62","0,049",0,1,0,"0,095",0,0,"42,4","0,022","0,013","0,096","0,12","0,048","13,5",0
"Jus de citron, pur jus","28,61","0,29","0,038",0,0,0,0,0,0,"6,1","2,4","0,4","0,4","0,053",11,"0,037","0,13",0,8,"0,02",9,102,0,21,"0,06",0,2,0,"0,15",0,0,"24,8","0,041","0,009","0,2","0,091","0,043",10,0
"Jus de clémentine ou mandarine, pur jus","46,3","0,14","0,043",0,0,0,0,0,0,"10,6",10,"0,15","0,66","0,0094","2,8","0,1","0,3",1,"9,3","0,1",16,123,"0,5","3,79","0,1",0,30,0,"0,09",0,0,"17,6","0,077","0,018","0,25","0,13","0,066",19,0
"Jus de corossol, prélevé à la Martinique","6,47","0,43",0,0,0,0,0,0,0,0,0,0,"0,65",0,0,0,0,0,0,0,0,0,0,0,0,0,0,0,0,0,0,"16,3",0,0,0,0,0,0,0
"Jus de fruit de la passion ou maracudja, frais","61,5","0,18","0,015",0,0,0,0,0,0,"14,3","14,3","0,2","0,67","0,015",4,"0,05","0,36",0,17,0,25,278,0,6,"0,06",0,525,0,"0,01","0,4",0,"18,2",0,"0,1","2,24",0,"0,06",8,0
"Jus de fruit de la passion ou maracudja, prélevé à la Martinique, pur jus","7,65","0,37",0,0,0,0,0,0,0,0,0,0,"1,08",0,0,0,0,0,0,0,0,0,0,0,0,0,0,0,0,0,0,"54,3",0,0,0,0,0,0,0
"Jus de fruit(s) et de légume(s), pur jus","41,4",0,0,0,0,0,0,0,0,"9,5","8,6","0,7","0,85",0,0,0,0,0,0,0,0,0,0,"0,1",0,0,0,0,0,0,0,0,0,0,0,0,0,0,0
Jus de fruits (aliment moyen),47,"0,14","0,041",0,0,0,"0,00036","0,00036",0,"9,58","9,24","0,29","0,52","0,012",5,"0,029","0,12","2,02","9,22","0,068","14,3",152,0,"5,18","0,041",0,"51,2","0,0001","0,18","0,14",0,"32,5","0,064","0,023","0,29","0,19","0,086","22,8",0
"Jus de fruits, à base de concentré (aliment moyen)","47,1","0,13","0,031","0,024","0,03","0,0073",0,0,0,"10,5","10,3","0,35","0,54","0,012","8,62","0,028","0,097","3,22","9,82","0,12",14,147,"3,93","4,88","0,03",0,125,0,"0,24","0,027",0,"31,6","0,079","0,043","0,44","0,23","0,11","23,9",0
"Jus de fruits, pur jus (aliment moyen)","46,9","0,14","0,044",0,0,0,"0,00043","0,00043",0,"9,32","8,94","0,27","0,51","0,012","3,93","0,029","0,12","1,66","9,05","0,054","14,3",154,0,"5,26","0,044",0,"29,2","0,00013","0,16","0,16",0,"32,7","0,059","0,018","0,25","0,18","0,08","22,4",0
"Jus de grenade, frais","47,2",0,0,0,0,0,0,0,0,"11,6","11,6",0,"0,2","0,0025",3,0,"0,2",0,0,0,8,200,0,1,"0,1",0,33,0,"0,55",0,0,8,"0,02","0,03","0,2",0,"0,31",6,0
"Jus de grenade, prélevée à la Martinique","2,76",0,0,0,0,0,0,0,0,0,0,0,"0,69",0,0,0,0,0,0,0,0,0,0,0,0,0,0,0,0,0,0,"19,8",0,0,0,0,0,0,0
"Jus de grenade, pur jus","55,21","0,29","0,077",0,0,0,0,0,0,13,"12,7","0,1","0,15","0,023",11,"0,021","0,1",0,7,"0,095",11,214,0,9,"0,09",0,0,0,"0,38","10,4",0,"0,1","0,015","0,015","0,23","0,29","0,04",24,0
"Jus de légumes, pur jus (aliment moyen)","21,7","0,13","0,036","0,004","0,029","0,0036",0,0,0,"4,66","4,46","0,37","0,72","0,33","8,89","0,068","0,45","0,87","11,7","0,08",23,258,"0,7",131,"0,16",0,4790,0,"0,85","10,3",0,"24,3","0,07","0,043","0,53","0,24","0,16","8,5",0
"Jus de lime, pur jus, prélevé à la Martinique","6,53","0,57",0,0,0,0,0,0,0,0,0,0,"0,35",0,0,0,0,0,0,0,0,0,0,0,0,0,0,0,0,0,0,"18,5",0,0,0,0,0,0,0
"Jus de mandarine commune, pur jus filtré pasteurisé, prélevée à la Martinique",0,0,0,0,0,0,0,0,0,0,"9,4","0,5",0,0,0,0,0,0,0,0,0,0,0,0,0,0,0,0,0,0,0,"27,7",0,0,0,0,0,"59,5",0
"Jus de mandarine commune, pur jus filtré, prélevée à la Martinique","42,09","0,57",0,0,0,0,0,0,0,"8,63","8,63","0,5","0,61",0,0,0,0,0,0,0,0,102,0,0,0,0,50,0,0,0,0,"26,7",0,0,0,0,0,"39,9",0
"Jus de mandarine macaque, pur jus filtré, prélevée à la Martinique","45,6",0,0,0,0,0,0,0,0,"10,8","3,87","0,5","0,6",0,0,0,0,0,0,0,0,199,0,0,0,0,90,0,0,0,0,6,0,0,0,0,0,"31,3",0
"Jus de mangue, frais","38,76",0,0,0,0,0,0,0,0,"9,5","9,3",0,"0,19","0,028",0,"0,02",0,3,"14,3","0,02",0,0,"0,1",0,"0,02",0,375,0,"1,05",0,0,0,"0,01",0,0,"0,14","0,12","27,1",0
"Jus de moubin, pur jus, prélevé à la Martinique","5,23","0,19",0,0,0,0,0,0,0,0,0,0,"0,88",0,0,0,0,0,0,0,0,0,0,0,0,0,0,0,0,0,0,"10,1",0,0,0,0,0,0,0
"Jus de pamplemousse (pomélo), à base de concentré","40,9","0,1","0,055","0,0085","0,013","0,0036",0,0,0,"8,41","8,41","0,21","0,52","0,01","10,6","0,031","0,15","0,6","7,91","0,016","12,5",115,"2,2","3,97","0,037",0,3,0,"0,04",0,0,"23,7","0,041","0,015","0,055","0,13","0,016","11,8",0
"Jus de pamplemousse (pomélo), maison","39,3","0,1","0,014",0,0,0,0,0,0,"9,1","9,1","0,1","0,5","0,0025",9,"0,033","0,2","0,6",12,"0,02",15,162,0,1,"0,05",0,4,0,"0,22",0,0,38,"0,04","0,02","0,2","0,19","0,044",10,0
"Jus de pamplemousse (pomelo), pur jus","42,5","0,083","0,044",0,0,0,0,0,0,"8,89","8,89","0,15","0,49","0,008","4,83","0,1","0,15",1,"8,63","0,1",15,128,0,"3,05","0,1",0,217,0,"0,19",0,0,"22,5","0,043","0,017","0,12","0,13","0,048","12,6",0
"Jus de pamplemousse (variété locale), pur jus, prélevé à la Martinique","3,39","0,19",0,0,0,0,0,0,0,0,0,0,"0,42",0,0,0,0,0,0,0,0,0,0,0,0,0,0,0,0,0,0,"35,6",0,0,0,0,0,0,0
"Jus de pomme, à base de concentré","48,5","0,098","0,033","0,006","0,044","0,009",0,0,0,"11,3","10,8","0,3","0,24","0,014","6,45","0,011","0,085","0,7","7,07","0,026",6,128,10,"3,98","0,01",0,"4,23",0,"0,01",0,0,"13,2","0,021","0,017","0,16","0,063","0,03","4,95",0
"Jus de pomme, pur jus","48,9","0,14","0,046",0,0,0,0,0,0,"11,4","10,9","0,23","0,17","0,022","4,32","0,1","0,3",1,"4,56","0,1","6,59",113,"0,1","13,3","0,1",0,7,0,"0,01",0,0,"14,5","0,013","0,01","0,043","0,045","0,042","6,75",0
"Jus de prune de cythère verte ""géante"" (variété locale), fruit mûr, pur jus filtré, prélevée à la Martinique","31,39","0,19",0,0,0,0,0,0,0,"7,13","4,34",1,"0,29",0,0,0,0,0,0,0,0,0,0,0,0,0,0,0,0,0,0,"16,5",0,0,0,0,0,0,0
"Jus de prune de cythère verte ""géante"" (variété locale), fruit vert, pur jus filtré, prélevée à la Martinique","30,48","0,28",0,0,0,0,0,0,0,"6,55","0,03","0,8","0,44",0,0,0,0,0,0,0,0,0,0,0,0,0,0,0,0,0,0,"21,1",0,0,0,0,0,0,0
"Jus de prune de cythère verte ""naine"" (variété hybride), fruit mûr, pur jus filtré, prélevée à la Martinique","44,53","0,21",0,0,0,0,0,0,0,"9,97","6,14","0,9","0,69",0,0,0,0,0,0,0,0,0,0,0,0,0,0,0,0,0,0,"34,3",0,0,0,0,0,0,0
"Jus de prune de cythère verte ""naine"" (variété hybride), fruit vert, pur jus filtré, prélevée à la Martinique","30,38","0,26",0,0,0,0,0,0,0,"6,34","0,19","0,8","0,67",0,0,0,0,0,0,0,0,0,0,0,0,0,0,0,0,0,0,"45,5",0,0,0,0,0,0,0
Jus de pruneau,"76,631","0,039","0,003",0,0,0,0,0,0,"18,7","13,5","0,45","0,37","0,025",12,"0,068","1,18",0,14,"0,15",25,276,0,10,"0,21",0,2,0,"0,12","3,4",0,"4,1","0,016","0,07","0,79","0,11","0,22",0,0
"Jus de raisin, à base de concentré","68,8","0,11","0,055",0,0,0,0,0,0,16,16,"0,15","0,31","0,0074",16,"0,01","0,43",20,"7,8","0,06",17,62,20,"2,83","0,05",0,5,0,"0,67","0,8",0,9,"0,046","0,021","0,23","0,063","0,073",43,0
"Jus de raisin, pur jus","69,2","0,057","0,031","0,003","0,017","0,005",0,0,0,"16,3",16,"0,14","0,25","0,0089","8,29","0,031","0,47","0,5","8,35","0,089","12,5",114,10,"3,81","0,056",0,5,0,"0,4","0,4",0,0,"0,022","0,026","0,29","0,045","0,049",5,0
"Jus de tomate, pur jus (aliment moyen)","21,7","0,14","0,035",0,0,0,0,0,0,"3,72","3,72","0,4","0,88","0,45","6,54",0,0,"0,3","13,1",0,"21,8",283,0,175,0,0,0,0,0,0,0,0,0,0,0,0,0,0,0
"Jus de tomate, pur jus, salé à 3 g/L","23,2","0,17",0,0,0,0,0,0,0,"4,13","4,13","0,23","0,88","0,3","7,98",0,0,"0,4","12,5",0,"23,2",263,0,119,0,0,0,0,0,0,0,0,0,0,0,0,0,0,0
"Jus de tomate, pur jus, salé à 6g/L","20,1","0,11","0,07","0,006","0,022","0,002",0,0,0,"3,31","3,3","0,56","0,88","0,6","5,1","0,086","0,43","0,2","13,7","0,09","20,3",302,"0,3",231,"0,23",0,270,0,"0,53","5,1",0,40,"0,047","0,031","0,67","0,25","0,11",13,0
"Jus multifruit 0 base orange, multivitaminé",56,"0,8",0,0,0,0,0,0,0,"11,7","11,1","0,5","0,5","0,008",11,"0,02","0,1",20,"8,7","0,27",11,150,20,"3,2","0,05",0,880,0,0,"0,8",0,"34,7","0,34","0,077","4,76","1,19","0,45",90,1
"Jus multifruit 0 base orange, standard","45,84","0,16","0,05",0,0,0,0,0,0,"10,4","10,1","0,44","0,7","0,069",0,0,0,0,"11,9",0,0,152,0,"1,55",0,0,50,0,0,0,0,"20,8",0,0,"0,2",0,0,"19,2",0
"Jus multifruit 0 base pomme, multivitaminé","46,22","0,1",0,0,0,0,0,0,0,11,"10,2","0,5","0,33",0,0,0,0,0,"5,9",0,0,"69,5",0,0,0,0,207,0,0,0,0,"26,2",0,0,"0,36",0,0,"20,7",0
"Jus multifruit 0 base pomme, standard","51,02","0,1",0,0,0,0,0,0,0,"12,2","10,1","0,5","0,33",0,0,0,0,0,"5,94",0,0,"99,1",0,0,0,0,207,0,0,0,0,"25,4",0,0,"0,38",0,0,"16,2",0
"Jus multifruit 0 base raisin, standard",54,0,0,0,0,0,0,0,0,13,13,"0,3","0,5","0,0025",0,0,0,0,0,0,0,0,0,1,0,0,0,0,0,0,0,0,0,0,0,0,0,0,0
"Jus multifruit, à base de concentré, multivitaminé","45,179","0,091","0,051",0,0,0,0,0,0,"10,8","10,3","0,27","0,29","0,019",0,0,0,0,0,0,0,0,0,"7,5",0,0,0,0,"2,15",0,0,"16,2","0,3","0,36","3,84","1,28","0,42","45,6",0
"Jus multifruit, à base de concentré, standard","48,23","0,15","0,021",0,0,0,0,0,0,"11,2","10,8","0,62","0,52","0,02","11,1","0,05","0,1",10,"8,2","0,2","12,1",148,"0,5","8,57","0,05",0,449,0,"0,53",0,0,"17,8","0,11","0,08","0,93","0,31","0,17","18,8",0
"Jus multifruit, à base de jus et purée de fruits","48,83","0,11","0,026",0,0,0,0,0,0,"11,5","11,3","0,21","0,46","0,01",0,0,0,0,0,0,0,0,0,"3,99",0,0,0,0,"1,12",0,0,"19,4","0,13","0,13","1,45","0,52","0,18",23,0
"Jus multifruit, pur jus, multivitaminé","48,02","0,1",0,0,0,0,0,0,0,"11,3",11,"0,25","0,48","0,0038","9,6","0,018","0,12",1,"9,98","0,14",10,171,10,"1,5","0,036",0,380,"0,5",2,0,0,24,"0,24","0,32","0,29","0,095","0,33","30,5",0
"Jus multifruit, pur jus, standard","48,9","0,3","0,01","0,01","0,01","0,01","0,01","0,01",0,"11,2","10,1","0,5","0,5","0,0023","5,4","0,03","0,08",20,7,"0,09",10,140,20,"0,92","0,05",0,"84,9",0,"0,2","0,8",0,"11,5","0,015","0,01","0,17","0,099","0,083",5,0
"Kaki, pulpe, cru","68,6","0,3","0,01","0,01","0,01","0,01","0,01","0,01",0,"14,3","13,9","3,4","0,88","0,013","6,9","0,03","0,06",20,"7,2","0,13",13,160,20,5,"0,05",0,180,"0,25","0,12","0,8",0,"3,41","0,015","0,01","0,1","0,14","0,01","22,1",0
"Kamanioc, pulpe, cuit à la vapeur, prélevé à la Martinique","2,4",0,0,0,0,0,0,0,0,0,0,0,"0,6",0,0,0,0,0,0,0,0,0,0,0,0,0,0,0,0,0,0,"21,3",0,0,0,0,0,0,0
Kéfir de lait,"62,26","3,5","2,33","0,8","0,075","0,027",0,0,14,"4,5","3,62",0,"3,19","0,12",127,"0,01","0,05","24,3","12,7","0,009",95,155,"1,3",49,"0,44","30,6",0,"0,1","0,092",0,0,"0,3","0,045","0,2","0,087","0,31","0,038",21,"0,18"
"Ketchup allégé en sucres, préemballé","64,23","0,11","0,046",0,0,0,0,0,0,"14,6","9,83","1,29","1,21","2,51",0,0,0,0,0,0,0,0,0,1000,0,0,0,0,0,0,0,0,0,0,0,0,0,0,0
"Ketchup, préemballé",99,"0,19","0,069","0,018","0,057","0,0057",0,0,0,"21,4","20,8","1,15","1,27","2,59","21,4","0,079","0,77",2,"21,2","0,1",33,485,10,1030,"0,12",0,560,0,"1,48","2,8",0,"9,52","0,026","0,091","1,01","0,15","0,14","7,5",0
"Khatfa feuille de brick, préemballée",283,"1,5","0,1",0,0,0,0,0,0,59,2,"2,5",7,"3,25",0,0,0,0,0,0,0,0,0,1300,0,0,0,0,0,0,0,0,0,0,0,0,0,0,0
Kir (au vin blanc),"30,16",0,0,0,0,0,0,0,0,"7,36","5,55",0,"0,18","0,0039","6,88","0,0027","0,67","0,96","5,09","0,08",18,108,"2,2","1,56","0,082",0,"8,7",0,"0,14",0,0,"18,5","0,0068","0,019","0,12","0,082","0,03","3,97",0
Kir royal (au champagne),"32,88",0,0,0,0,0,0,0,0,"7,97","5,66",0,"0,25","0,0039","6,88","0,0027","0,56","0,78","5,09","0,08",11,"91,4","2,2","1,56","0,082",0,"8,7",0,"0,14",0,0,"18,5","0,0027","0,015","0,12","0,067","0,026","3,77",0
"Kiwi, pulpe et graines, cru","60,5","0,6","0,13","0,14","0,07","0,18","0,01","0,01",0,11,"8,9","2,4","0,88","0,013",29,"0,15","0,16",20,12,"0,05",26,290,20,5,"0,12",0,38,0,"0,96","16,6",0,"81,9","0,015","0,021","0,23","0,24","0,036","22,2",0
"Kombu breton (Laminaria digitata), séchée ou déshydratée",217,"1,13","0,15",0,0,0,0,0,0,"25,6",0,"33,2","9,51","7,87",847,"0,48","9,29",486000,800,"0,46",857,4590,0,3150,"4,89",0,0,"2,27","0,32",0,0,"0,024",0,0,"3,03",0,0,0,0
"Kombu ou kombu japonais (Laminaria japonica), séchée ou déshydratée",224,"2,65","0,74",0,0,0,0,0,0,"24,2",0,"34,8","8,38","6,41",803,"0,16","13,3",236000,1050,"0,49",761,10600,137,2560,"1,22",0,393000,0,0,0,0,"15,1","0,21","0,48","1,5",0,"0,081",127,"1,52"
"Kombu royal (Saccharina latissima), séchée ou déshydratée",204,"1,07","0,25",0,0,0,0,0,0,"23,6",0,"29,3","10,3","9,08",801,"0,24","23,1",341000,834,"0,96",208,6250,521,3630,"2,3",0,0,"1,28","0,57",0,0,"11,4","0,44","0,34",0,0,0,0,0
"Kombucha, préemballé","9,46","0,3","0,01","0,01","0,01","0,01","0,01","0,01",0,"1,45","1,45","0,5","0,5","0,0053","5,7","0,01","0,05",20,"1,5","0,07","0,5","7,7",20,"2,1","0,05",0,5,"0,25","0,08","0,8",0,"0,5","0,015","0,01","0,1","0,0077","0,01",5,"0,01"
Kouign Amann,"443,94","25,1","16,7","4,9","0,54","0,15","0,01","0,02","77,9","48,7","20,5","2,2","5,81","0,85",20,"0,06","0,49",20,11,"0,21",59,86,20,340,"0,43",244,50,"0,25","0,64","2,58",0,"0,5","0,05","0,01","0,1","0,3","0,027",47,"0,056"
"Kumquat, sans pépin, cru","55,3","1,18","0,17","0,27","0,21","0,081",0,0,0,"9,6","9,36","5,45","1,57","0,02","65,5","0,095","0,67",0,"17,5","0,14",19,158,0,8,"0,13",0,0,0,"0,15",0,0,45,"0,037","0,09","0,43","0,21","0,036",17,0
"Lait 1er âge, poudre soluble (préparation pour nourrissons)",496,"25,3",0,0,0,0,0,0,0,55,"38,7","2,48","10,9","0,4",425,"0,23","5,45","57,2","46,1",0,259,696,"7,41",162,"4,59",0,0,"8,11","8,89",0,0,0,"0,47","0,87","4,75",0,"0,41","77,6","1,37"
"Lait 1er âge, prêt à consommer (préparation pour nourrissons)","71,8","3,79","1,48","1,43","0,52","0,07","0,01","0,01","2,33","8,04","6,72","0,5","1,21","0,04","59,6","0,055","0,64",20,"9,05","0,016",41,"78,4","2,14",16,"0,67","59,9",10,"1,08","1,68",0,0,"3,18","0,074","0,17","0,74","0,52","0,065","19,3","0,17"
"Lait 2e âge, poudre soluble (préparation de suite)",484,"23,2",0,0,0,0,0,0,0,"56,3","36,4","2,14","11,6","0,46",503,0,"7,02",0,"51,2",0,323,0,0,184,"4,75",0,0,"8,59","9,15",0,0,0,"0,54","0,94","4,75",0,"1,02","83,4","1,42"
"Lait 2e âge, prêt à consommer (préparation pour nourrissons)","65,1","2,9","1,14","1,04","0,42","0,059","0,01","0,01","2,5","8,23","5,63","0,5","1,21","0,055","71,2","0,055","0,92",20,"8,89","0,013",52,"82,3","1,98",22,"0,66","48,5",10,"1,2","1,5",0,0,"2,26","0,094","0,16","0,74","0,65","0,077","27,3","0,34"
"Lait à 1,2% de matière grasse, UHT, enrichi en plusieurs vitamines","44,1","1,25","0,81","0,26","0,02","0,01","0,01","0,01","6,29","4,79","4,5",0,"3,38","0,088",120,"0,01","0,05",20,"9,9","0,01",86,160,20,35,"0,38","36,8",0,"0,81","2,02","9,24",0,"0,5","0,17","1,82","2,12","0,9","0,23","16,1","0,5"
"Lait concentré non sucré, entier",122,"5,9","3,96","1,16","0,08","0,02","0,01","0,01",0,"9,91","9,47",3,"6,44","0,24",273,0,"0,06",23,"25,7","0,011",225,339,"2,1",95,"0,8",145,0,"0,1","0,2",0,0,"1,9","0,055","0,34","0,2","2,16","0,28","30,7","0,16"
"Lait concentré sucré, entier",323,"7,87","5,17",0,0,0,0,0,34,"55,6","55,6",0,"7,7","0,21",290,"0,013","0,19","24,5","25,2","0,0056",253,371,"4,5","85,2","0,96",73,14,"0,2","0,16","0,6",0,"2,6","0,09","0,42","0,21","0,75","0,051",11,"0,44"
"Lait de brebis, entier",103,"6,97","4,8","1,26","0,18","0,073",0,0,27,"4,5","4,5",0,"5,68","0,11",199,"0,011","0,46","23,3","17,1","0,018",158,103,3,44,"0,54","20,3",0,"0,2","0,15",0,0,"4,2","0,057","0,34","0,42","0,41","0,06","9,19","0,71"
"Lait de chèvre, demi0écrémé, UHT","45,8","1,57","1,06","0,3","0,04","0,01","0,01","0,01","7,33","4,13","4,13",0,"3,77","0,15",110,"0,01","0,02",20,13,"0,01",110,190,20,"58,6","0,33","13,4",5,"0,03","0,08","0,8",0,"0,5","0,026","0,088","0,23","0,29","0,013",5,"0,05"
"Lait de chèvre, entier, cru","57,4","3,2","2,16",0,0,0,0,0,"12,1","4,01","4,01",0,"3,22","0,091",107,"0,1","0,17",25,"12,9",0,"77,6",0,4,"36,6","0,33","25,8",0,"0,2","0,056",0,0,"0,2","0,041","0,11","0,2","0,22","0,025","6,83",0
"Lait de chèvre, entier, UHT","56,1","2,83","1,8","0,76","0,087","0,029",0,0,11,"4,35","4,35",0,"3,39","0,13",134,"0,05","0,05","15,3",14,"0,0053",111,204,2,50,"0,3","35,2",0,"0,06","0,04",0,0,"1,3","0,048","0,14","0,28","0,31","0,046",1,"0,07"
Lait de coco ou Crème de coco,188,"18,4","16,5",0,"0,16","0,02",0,0,0,"3,4","2,1","0,57","1,77","0,075",18,"0,22","3,3",1,46,"0,77",96,220,3,30,"0,56",0,0,0,"0,7",0,0,1,"0,022",0,"0,64","0,15","0,028",14,0
"Lait de croissance infantile, liquide (aliment lacté destiné aux enfants en bas âge)","60,9","2,71","1,1","0,89","0,41","0,05","0,01","0,01","4,54","7,77","5,98",0,"1,28","0,06","75,8","0,052","1,27",20,"8,09","0,014",53,"99,8","3,02",24,"0,77","72,2",10,"1,6","1,4",0,0,"10,4","0,093","0,23","0,77","0,52","0,076","38,9","0,48"
"Lait de jument, entier",50,"1,73","0,82",0,0,0,0,0,"8,5","6,18",0,0,"2,41","0,05","87,4","0,03","0,065",0,"7,95",0,54,"63,3",0,20,"0,15",12,32,0,"0,026",0,0,15,"0,03","0,034","0,14","0,3","0,03",0,"0,3"
"Lait de poule, sans alcool","87,8","4,19","2,59",0,0,0,0,0,59,"8,05","8,05",0,"4,55","0,14",130,"0,013","0,2",35,19,"0,005",109,165,0,54,"0,46",58,7,"1,2","0,21","0,3",0,"1,5","0,034","0,19","0,11","0,42","0,05",9,"0,45"
Lait demi0écrémé (ou à teneur en matière grasse légèrement inférieure) à teneur réduite en lactose,"44,4","1,29","0,86","0,25","0,02","0,01","0,01","0,01",0,"4,69","4,66",0,"3,45","0,088",120,0,0,0,0,0,0,0,0,35,0,0,0,0,0,0,0,0,0,0,0,0,0,0,0
"Lait demi0écrémé, pasteurisé","46,4","1,54","1,06","0,28","0,02","0,01","0,01","0,01",6,"4,9","4,81",0,"3,19","0,078",119,"0,0031","0,031","17,9","11,1","0,002",96,153,"3,35",31,"0,41","13,2","8,33","0,085","0,041",0,0,"1,3","0,047","0,18","0,097","0,34","0,048","11,5","0,49"
"Lait demi0écrémé, UHT",47,"1,55","1,04","0,29","0,02","0,01","0,01","0,01","5,7","4,83","4,66",0,"3,38","0,09",117,"0,0087","0,045","12,1","12,1","0,0031","89,1",167,10,36,"0,39","19,2","9,45","0,5","0,13","0,2",0,"1,5","0,06","0,18","0,093","0,41","0,037","9,49","0,38"
"Lait demi0écrémé, UHT, enrichi en vitamine D seulement","46,6","1,52","0,98","0,31","0,02","0,01","0,01","0,01","6,53","4,8","4,5",0,"3,38","0,09",120,"0,01","0,05",20,"9,8","0,01",84,160,20,36,"0,37","15,7",0,"0,78","0,08","0,8",0,"0,5","0,023","1,16","0,1","0,28","0,023","5,39","0,21"
"Lait écrémé, pasteurisé","34,5","0,19","0,11","0,046","0,0043","0,0014",0,0,"2,5","4,99","4,93",0,"3,28","0,11",123,"0,012","0,03","24,3","11,6","0,0055",99,157,"1,66","43,2","0,42","1,78",7,"0,075","0,009",0,0,"1,3","0,043","0,18","0,092","0,36","0,044","4,9","0,49"
"Lait écrémé, UHT","33,4","0,06","0,03","0,02","0,01","0,01","0,01","0,01",2,"4,64","4,64",0,"3,51","0,098",105,"0,007","0,028","13,5","12,3","0,0028","92,1",166,10,39,"0,37",1,0,0,0,0,0,"0,89","0,049","0,19","0,09","0,42","0,041","5,11","0,39"
"Lait emprésuré aromatisé, rayon frais","115,42","2,5","0,8",0,0,0,0,0,0,"17,6","16,5",0,"5,63","0,15",208,0,0,0,"9,5",0,71,235,0,"98,8",0,0,0,0,0,0,0,0,0,0,0,0,0,0,0
"Lait en poudre, demi0écrémé",459,"17,5","11,6","3,52","0,34","0,08","0,01","0,01",0,"43,4","43,4",0,"31,5","0,78",1030,0,"0,35","77,5",97,"0,048",829,1330,"8,8",313,"3,7",310,0,"0,2","0,4",0,0,0,"0,21","1,71","0,8","3,07","0,32",69,"2,8"
"Lait en poudre, écrémé",361,"0,7","0,34","0,15","0,016","0,014",0,0,13,54,"53,1",0,"35,3","1,21",1250,"0,07","0,31",7,112,"0,05",966,1670,13,482,"4,47","9,75",1,"0,018","0,027","0,1",0,"6,1","0,43","1,5","0,91","3,5","0,42","35,5","4,02"
"Lait en poudre, entier",499,"26,8","17,3","5,95","0,56","0,2",0,0,107,"37,5","37,5",0,"27,4","0,9",960,"0,058","0,62",7,93,"0,061",810,1190,14,360,"3,91",228,170,"1,2","0,68",0,0,10,"0,33","1,42","0,65","2,27","0,3",37,"3,25"
"Lait entier, pasteurisé","56,5","3,3","2,16","0,75","0,087","0,019",0,0,14,"3,47",0,0,"3,3","0,2",117,"0,1","0,04","24,3","10,9","0,002",93,140,"2,2",79,"0,37","38,5","20,2","0,1","0,089",0,0,"1,2","0,042","0,17","0,092","0,34","0,047",11,"0,32"
"Lait entier, UHT","65,1","3,63","2,4","0,73","0,062","0,014","0,0034","0,0034","12,5","4,85","4,2",0,"3,32","0,11",120,"0,01","0,01",20,"9,8","0,01",97,160,50,"44,2","0,37","31,4","21,9","0,25","0,089","0,8","0,9","0,5","0,041","0,17","0,1","0,43","0,02","2,5","0,24"
"Lait fermenté à boire, nature, au lait entier","55,7","3,2","2,24","0,58","0,04","0,01","0,01","0,01",14,"1,99","1,99",3,"3,38","0,088",127,"0,01","0,05","24,3","12,7","0,009",95,155,"1,3",35,"0,44","30,6",0,"0,1","0,092",0,"8,15","0,3","0,045","0,2","0,087","0,31","0,038",6,"0,18"
"Lait fermenté à boire, nature, maigre","33,6","0,6","0,39","0,11","0,01","0,01","0,01","0,01","4,9","2,18","2,18",3,"3,51","0,088",160,"0,0095",1,17,"10,2",1,91,120,5,35,1,2,50,0,"0,1","0,1",0,"1,25","0,05","0,09","0,05","0,38","0,05","7,8","0,24"
"Lait fermenté ou spécialité laitière type yaourt, aromatisé, sucré, au bifidus","94,4","3,1","2,11","0,58","0,05","0,01","0,01","0,01","10,4","11,5","11,5",3,"3,83","0,1",122,"0,007",1,"8,1","11,7","0,001",101,139,"1,1",40,"0,41",2,50,"0,3","0,1",0,0,1,"0,04","0,19","0,12","0,47","0,05","5,3","0,22"
"Lait fermenté ou spécialité laitière type yaourt, aux fruits, 0% MG, avec édulcorants, aux esters de stérol","46,42","0,5","0,1",0,0,0,0,0,0,"6,6","5,7","0,45","3,88","0,16",130,0,0,0,0,0,0,0,0,65,0,0,0,0,0,0,0,0,0,0,0,0,0,0,0
"Lait fermenté ou spécialité laitière type yaourt, aux fruits, avec édulcorants, 0% MG, au bifidus","46,366","0,094","0,039",0,0,0,0,0,0,"6,71","6,37","1,08","4,67","0,18",155,0,0,0,0,0,0,0,0,"71,1",0,0,0,0,0,0,0,0,0,0,0,0,0,0,"0,31"
"Lait fermenté ou spécialité laitière type yaourt, aux fruits, sucré, au bifidus","97,2","3,01",2,0,0,0,0,0,0,13,"12,9","0,65","3,57","0,14",122,"0,1",0,"12,6",12,"0,1",92,153,5,"53,8","0,42",0,38,0,0,0,0,0,0,0,0,0,0,0,"0,24"
"Lait fermenté ou spécialité laitière type yaourt, nature, 0% MG, au bifidus","43,26","0,3","0,17",0,0,0,0,0,0,"5,75","5,75",0,"4,39","0,14",149,0,0,0,0,0,0,0,0,55,0,0,0,0,0,0,0,0,0,0,0,0,0,0,0
"Lait fermenté ou spécialité laitière type yaourt, nature, au bifidus","64,5","3,6","2,3","0,63","0,046","0,014","0,005","0,005","11,4","3,47","3,32","0,18","3,84","0,12",130,"0,1","0,07","11,5","12,1","0,1","97,3",145,"2,2","47,6","0,45",0,0,"0,5","0,3",0,0,"0,5","0,04","0,22","0,088","0,3","0,049","12,3","0,23"
"Lait fermenté ou spécialité laitière type yaourt, sur lit de fruits, sucré, au bifidus","92,92","2,72","1,8",0,0,0,0,0,0,"13,3","12,6","0,78","3,81","0,15",120,0,0,0,0,0,0,0,0,"58,3",0,0,0,0,0,0,0,0,0,0,0,0,0,0,0
"Lait gélifié aromatisé, allégé en matière grasse et en sucre, rayon frais","73,6","1,08","0,71",0,0,0,0,0,0,"11,8","10,1","2,22","4,17","0,19",141,0,0,0,0,0,0,0,0,"77,7",0,0,0,0,0,0,0,0,0,0,0,0,0,0,0
"Lait gélifié aromatisé, nappé caramel, rayon frais","91,9","1,3","0,91","0,24","0,02","0,01","0,01","0,01","5,58","16,7","14,5",3,"2,55","0,1","78,5","0,011",0,"7,9","8,13","0,0016",74,148,"4,5",41,"0,31",0,0,0,0,0,0,0,0,0,0,0,0,0,0
"Lait gélifié aromatisé, rayon frais","123,33","3,53","2,15",0,"0,09","0,01",0,0,"7,8","19,5","17,6","0,52","3,39","0,14",120,"0,11","0,61","7,8","14,5","0,1",81,181,5,"55,4","0,55","14,5",7,"0,2","0,043",0,0,"0,5","0,03","0,17","0,19","0,33","0,037","21,5","0,045"
"Lait infantile pour prématurés, prêt à consommer","416,3","24,7",0,0,0,0,0,0,0,"48,5",35,"3,55",0,"0,93",609,0,"9,86",0,"47,1",0,338,0,0,372,"6,78",0,0,22,"29,3",0,0,142,"0,89","1,26","18,5",0,"0,73",229,"1,77"
"Lait, teneur en matière grasse inconnue, UHT (aliment moyen)","47,3","1,59","1,06","0,3","0,022","0,0055","0,0048","0,0048","5,95","4,82","4,62",0,"3,38","0,092",117,"0,0082","0,041","11,9","11,8","0,0033","89,4",166,"6,47","36,6","0,39","18,7","10,3","0,27","0,11","0,23",0,"1,31","0,056","0,24","0,087","0,41","0,035","8,52","0,36"
"Laitue de mer (Ulva sp.), séchée ou déshydratée",206,"2,03","0,36",0,0,0,0,0,0,"13,8",0,"34,4","15,9","4,93",1200,"1,31","78,9",9190,2780,"3,87",181,1950,"14,9",1970,"3,65",0,993,"1,31","1,95",0,0,"54,6","0,13","0,25","8,59","0,15",0,53,"9,55"
"Laitue iceberg, crue","15,46","0,18","0,023","0,005","0,034","0,054",0,0,0,"2,45","1,48","1,15","1,01","0,024","17,4","0,029","0,43","0,6","8,73","0,19","23,6",179,"0,15","9,48","0,21",0,299,0,"0,22","56,4",0,"4,72","0,048","0,038","0,19","0,11","0,048",48,0
"Laitue romaine, crue","12,46","0,3","0,04","0,009","0,047","0,11",0,0,0,"1,2","1,19","2,1","1,24","0,02",33,"0,048","0,97","1,25",14,"0,16",30,247,1,8,"0,23",0,5230,0,"0,13",103,0,14,"0,072","0,067","0,31","0,14","0,074",136,0
"Laitue, crue","12,32","0,2","0,021","0,005","0,023","0,056",0,0,0,"1,33","0,73","1,2","1,3","0,021","64,6","0,036","0,98","1,22","14,9","0,4","29,5",200,"2,33","8,47","0,2",0,3640,0,"0,18",123,0,"11,8","0,067","0,077","0,36","0,14","0,09","43,5",0
"Langouste, bouillie/cuite à l'eau",106,"1,52","0,26",0,0,0,"0,26","0,11",80,"1,3",0,0,"21,8","0,46","65,5","0,42","1,36",65,51,"0,018",229,208,0,182,"7,27","10,5",0,"0,5","1,5",0,0,"2,1","0,009","0,056","4,9","0,4","0,17",1,"4,04"
"Langouste, crue","86,9","1,34","0,25","0,08",0,0,"0,22","0,094",125,"1,07",0,0,"17,7","0,45","60,6","0,38","1,12",65,"30,3","0,015",241,340,0,180,"5,69",15,0,0,"1,47",0,0,2,"0,044","0,097","3,06","0,35","0,17",1,"3,5"
"Langoustine, bouillie/cuite à l'eau","92,42","0,98","0,14","0,064","0,0064","0,0018","0,075","0,074",149,0,0,0,"20,9","0,67",84,"0,83","1,28",394,45,"0,06",208,283,"55,6",270,"1,7",2,"0,008","0,5","3,01",0,0,0,"0,049","0,033","2,32","0,22","0,16",0,"3,35"
"Langoustine, crue","89,8","0,79","0,21","0,17","0,022","0,029","0,14","0,064","79,4","1,53",0,0,"19,1","0,72","41,5","0,55","2,92",141,"43,3","0,07",144,505,55,287,"3,4",0,0,0,"1,5",0,0,3,"0,13","0,01",2,"1,5","0,21",17,"0,9"
"Langoustine, panée, frite",282,"13,6","1,5",0,0,0,"0,24","0,06",110,29,0,0,"10,9","1,65",0,"0,16","1,7",41,24,"0,35",310,130,17,660,"0,6",0,0,0,0,0,0,0,"0,11","0,04","1,2","0,26","0,09",0,1
Langres,281,"23,8","16,9","3,92","0,37","0,08","0,01","0,01","89,3",0,"0,2",0,"16,7","0,99",160,"0,03","0,05",30,12,"0,01",220,140,20,397,"1,2",220,"74,4","0,25","0,65","1,37",0,"0,5","0,015","0,84","0,1","2,18","0,6","67,6","1,78"
"Langue de boeuf sauce madère, préemballée",180,"13,5",6,0,0,0,0,0,0,"4,5","2,5",1,"9,5","1,08",0,0,0,0,0,0,0,0,0,430,0,0,0,0,0,0,0,0,0,0,0,0,0,0,0
"Langue, agneau, crue",167,"10,9","3,52","4,58","0,34","0,035",0,0,0,"1,75","0,5",0,"15,4","0,25",0,0,"2,3",0,0,0,0,0,"13,8",102,"2,08",0,0,0,0,0,0,0,0,0,0,0,0,0,"3,9"
"Langue, boeuf, crue",193,"13,8","4,69","3,98","0,32","0,077",0,0,87,"0,4","0,2",0,"16,8","0,17","6,5","0,15","2,27","2,3",17,"0,028",147,303,"11,9","68,6","3,31",0,0,0,"0,1",0,0,"2,9","0,1","0,34","4,2","1,33","0,17",13,"5,1"
"Langue, boeuf, cuite",235,"15,6","6,05","5,39","0,51","0,093","0,014",0,145,0,0,0,"23,7","0,21","14,5","0,13","3,5",5,"9,44","0,044",144,184,"2,2","82,5","2,2",0,0,"0,4","0,3","1,2",0,"1,3","0,05","0,3","3,9","1,07","0,12",7,"6,62"
"Langue, porc, crue",191,"13,6","4,97","4,1","0,68","0,056",0,0,101,"0,5",0,0,"16,6","0,25","11,3","0,15","2,75","1,4",18,"0,023",194,263,12,101,"2,81",0,0,"1,15","0,2",0,0,"3,55","0,41","0,45","5,3","1,32","0,3",6,"3,27"
"Langue, veau, crue",151,"8,84","3,73",4,"0,38","0,076",0,0,62,"0,9",0,0,17,"0,22","5,7","0,18","2,51","2,3",17,"0,026",166,256,2,"87,5","3,02",0,0,0,"0,1",0,0,"3,85","0,13","0,35","2,61","1,6","0,16",12,"5,05"
"Langue, veau, cuite",237,17,"4,83",0,0,0,0,0,162,0,0,0,21,"0,16",9,"0,21","2,6",0,18,"0,047",166,162,0,64,"3,8",0,0,0,"1,1",0,0,6,"0,11","0,35","2,6","1,1","0,16",9,"6,8"
"Lapin à la moutarde, préemballé",108,5,"2,1",0,0,0,0,0,0,"0,5","0,5","0,8","14,9","1,2",0,0,0,0,0,0,0,0,0,480,0,0,0,0,0,0,0,0,0,0,0,0,0,0,0
"Lapin de garenne, viande, crue",108,"2,32","0,69",0,0,0,0,0,81,0,0,0,"21,8","0,13",12,0,"3,2",0,29,0,226,378,0,50,0,0,0,0,0,0,0,0,"0,03","0,06","6,5",0,0,0,0
"Lapin de garenne, viande, cuite",164,"3,51","1,05",0,0,0,0,0,123,0,0,0,33,"0,11",18,"0,18","4,85",0,31,0,240,343,0,45,"2,38",0,0,0,"0,41","1,5",0,0,"0,02","0,07","6,4",0,"0,34",8,"6,51"
"Lapin, viande braisée",197,"8,41","2,73",0,0,0,0,0,86,0,0,0,"30,4","0,093",20,"0,18","2,37",3,20,"0,032",226,300,0,37,"2,37",0,0,0,"0,44","1,6",0,0,"0,06","0,17","7,16","0,67","0,34",9,"6,51"
"Lapin, viande crue",189,"11,6","4,74","0,71","0,79","0,28",0,0,"58,5","0,66",0,0,"20,4","0,14","10,3","0,15","1,11","0,55","23,5","0,032",212,357,10,"56,3","1,64",10,0,0,"0,4",0,0,3,"0,04","0,18","10,4","1,1","0,18",20,"2,9"
"Lapin, viande cuite",167,"9,2","3,42","1,84","1,83","0,18",0,0,"75,9","0,5",0,0,"20,5","0,16","13,5","0,063","2,27",0,"21,8","0,015",200,340,73,"63,2","1,79",0,0,0,"1,22",0,0,0,"0,1","0,21",9,"0,5","0,13","2,1","2,2"
"Lard gras, cru",810,"88,7","32,2",0,0,0,0,0,57,0,0,0,"2,92","0,028",2,"0,018","0,18","0,5",2,"0,002",38,65,0,11,"0,37",5,0,"3,1",0,0,0,0,"0,084","0,051","0,99","0,12","0,04",1,"0,18"
"Lardon fumé, cru",275,"22,6",8,"8,7","2,38","0,19",0,"0,0036","60,1","0,96","0,8","0,34","16,7","2,63","18,2","0,1","0,6","11,1","23,8","0,1",122,596,5,1100,"1,2",2,0,"0,48","0,19",0,0,"0,9","0,38","0,11","4,9","0,44","0,25","21,1","0,42"
"Lardon fumé, cuit",261,"22,1","8,25","8,79","2,63","0,2",0,0,"55,5","0,8","0,8",0,"14,7","2,59",10,"0,054","0,82",0,21,"0,027",296,428,0,1040,"1,7",0,0,"1,1","0,34",0,0,0,"0,43","0,2","6,92","0,52","0,45",4,"0,78"
"Lardon nature, cru",270,"22,1","7,91","8,68","2,22","0,18",0,"0,004","60,7","1,01","0,78","0,38","16,6","2,72",20,"0,35","0,42","0,7","15,6","0,2",147,540,"5,77",1130,"1,67",0,0,"0,75","0,3",0,0,"0,8","0,42","0,16","4,87","0,4","0,21",2,"0,38"
"Lardon nature, cuit",324,"24,5","12,6","8,12","2,41","0,024",0,0,"80,6",2,0,0,"23,8","3,8","7,5","0,1","0,5",12,22,"0,1",156,572,12,1650,"2,1",2,4,"0,5","0,24",0,0,0,"0,59","0,16","6,9","0,8","0,42",16,"0,67"
Lasagnes ou cannelloni à la viande (bolognaise),134,"5,72","2,55","1,13","0,34","0,054","0,00059",0,"24,3","13,5","2,84","1,91","6,29","0,97","44,8","0,12","0,71","8,67",21,"0,21","82,9",194,10,385,"0,78",12,107,"0,11","0,91",0,0,"2,57","0,064","0,1","1,19","0,31","0,12","7,49","0,45"
"Lasagnes ou cannellonis au fromage et aux épinards, préemballés",133,"6,6","3,1",0,"0,47","0,15",0,0,0,"11,4","3,5","1,87","6,1","0,99",0,0,0,0,0,0,0,0,0,397,0,0,0,0,0,0,0,0,0,0,0,0,0,0,0
"Lasagnes ou cannellonis au poisson, préemballées",148,"7,1","2,5",0,"1,08","0,12",0,0,0,13,"2,03","1,68","7,28","1,02",63,0,"0,41",0,0,0,0,0,0,403,0,0,0,0,0,0,0,0,0,0,0,0,0,0,0
"Lasagnes ou cannellonis aux légumes et au fromage de chèvre, préemballés, cuits",179,"10,2","5,23","2,82","1,04","0,08","0,01","0,01","25,6",14,"2,3","1,4",7,"0,85",32,"0,03","0,18",20,"6,5","0,08",40,59,20,340,"0,23",54,235,"0,25","1,14","13,7",0,"0,67","0,041","0,089","0,35","0,36","0,047","39,5","0,18"
"Lasagnes ou cannellonis aux légumes, préemballées, cuits",103,"4,85","1,5",0,0,0,0,0,5,11,"4,75","2,25","2,75","0,57",0,0,0,0,0,0,0,0,0,222,0,0,0,0,0,0,0,0,0,0,0,0,0,0,0
"Lasagnes ou cannellonis aux légumes, préemballés, cuits",122,"5,9","1,91","1,9","1,5","0,04","0,01","0,01","11,2","11,8","4,3",0,"4,38","0,6",76,"0,1","0,62",20,20,"0,21",85,240,20,238,"0,54",21,531,"0,25","2,19","6,37",0,"3,34","0,015","0,063","0,1","0,28","0,08",27,"0,2"
"Laurier, feuille",353,"8,36","2,28",0,0,0,0,0,0,"48,6","48,6","26,3","7,61","0,058",834,"0,42",43,0,120,"8,17",113,529,0,23,"3,7",0,3710,0,"1,79",0,0,"46,5","0,009","0,42","2,01",0,"1,74",180,0
Lécithine de soja,779,83,"12,6","7,03","30,4","4,01",0,0,0,8,"3,3",0,0,"0,038",125,0,"2,5",0,115,0,2750,875,0,15,0,0,0,0,"32,5",0,0,0,0,0,0,0,0,0,0
Légume cuit (aliment moyen),"43,5","0,3","0,077",0,0,0,"0,0022","0,0022","0,0052","5,81","2,48","2,71","2,11","0,082","30,3","0,097","0,46","5,51",17,"0,16","51,8",261,"6,06","18,6","0,31",0,932,"0,017","0,44","20,7",0,"8,84","0,045","0,051","0,53","0,25","0,16","28,9",0
"Légume sec, cuit (aliment moyen)","87,5","0,62","0,12",0,0,0,"0,0018","0,0018",0,"12,1","1,31","9,34","8,38","0,012","52,7","0,23","1,55","5,47","34,9","0,52",159,235,"6,73","4,63","0,9",0,16,"0,038","0,099","2,63",0,"1,05","0,12","0,056","0,81","0,44","0,13",131,0
"Légumes (304 sortes en mélange), purée","61,8","3,4","2,17","0,66","0,12","0,06","0,01","0,01",9,"4,25","2,4","3,3","1,94","0,63",47,"0,12","0,67",20,18,"0,18",42,260,20,252,"0,33",0,1040,"0,25","0,43","25,9",0,"0,5","0,025","0,023","1,1","0,16","0,048",19,"0,019"
Légumes farcis (sauf tomate),"69,8",3,"0,46",0,0,0,0,0,"30,8","3,6","2,59","1,4","6,4","0,69","27,1","0,1","0,56","6,4","14,1","0,096","77,6",184,"2,58",277,"0,63","10,3","93,2","0,088","0,55",0,0,"4,86","0,1","0,13","1,24","0,46","0,11","21,2","0,18"
"Légumes pour couscous, cuits","20,19","0,43","0,048","0,058","0,14","0,017","0,01","0,01",0,"2,55","1,1","2,6","1,53","1,06",39,"0,1","0,7","1,2",15,"0,2",38,208,"0,6",45,"0,3",0,2750,0,"0,38",0,0,18,"0,05","0,04","0,41","0,17","0,12",26,0
"Légumes pour couscous, surgelés, crus","46,5","0,7","0,1",0,0,0,0,0,0,"6,75","3,05","2,53","2,05","0,12","35,6",0,"0,8",0,0,0,0,0,0,39,0,0,0,0,0,0,0,"27,4",0,0,0,0,0,0,0
"Légumes pour potages, surgelés, crus","34,1","0,44","0,11",0,0,0,0,0,0,"4,69","2,5","2,86","1,44","0,052",37,0,1,0,0,0,0,0,0,"16,9",0,0,0,0,0,0,0,25,0,0,0,0,0,0,0
"Légumes pour ratatouille, surgelés","17,761","0,089",0,0,0,0,0,0,0,"3,23","2,88","1,67","1,01","0,11",0,0,0,0,0,0,0,0,0,34,0,0,0,0,0,0,0,0,0,0,0,0,0,0,0
"Légumes, mélange surgelé, crus","65,1","2,65","0,62","0,031","0,19","0,05",0,0,0,"5,71","2,18","4,7","2,26","0,6",33,"0,093","0,98",5,24,"0,24",59,212,0,39,"0,45",0,500,0,0,0,0,"13,7","0,12","0,085","1,25","0,16","0,096",29,"0,08"
"Lentille blonde, bouillie/cuite à l'eau","110,3","0,7","0,13","0,18","0,28","0,06","0,01","0,01",0,"16,3","0,4",6,"9,7","0,13",32,"0,3","2,5",20,31,"0,46",120,230,20,5,"1,1",0,"13,6","0,25",0,"0,93",0,"0,5","0,087","0,01","0,57","0,35","0,13","43,1",0
"Lentille blonde, sèche","314,7","1,9","0,32","0,48","0,72","0,21","0,01","0,01",0,"48,3","1,4","12,1","26,1","0,13",54,"0,79","7,4",20,91,"1,2",360,780,50,5,3,0,"30,7","0,25",0,"9,82",0,"0,5","0,32","0,029","1,92","1,62","0,44",103,0
"Lentille corail, bouillie/cuite à l'eau","106,9","0,5","0,09","0,13","0,22","0,06","0,01","0,01",0,15,"0,26","8,2","10,6","0,13",21,"0,29","2,2",20,25,"0,39",110,190,20,5,"1,3",0,"12,5","0,25",0,"2,56",0,"0,5","0,12","0,01","0,47","0,24","0,082",23,0
"Lentille corail, sèche","297,6","0,8","0,14","0,23","0,28","0,09","0,01","0,01",0,"44,9","1,29","15,4","27,7","0,13",29,"0,82","6,3",20,74,"1,2",330,750,20,5,"3,9",0,"29,9","0,25",0,"9,25",0,"0,5","0,32","0,018","1,42","1,05","0,41",124,0
"Lentille verte, bouillie/cuite à l'eau",127,"0,58","0,093","0,13","0,15","0,032","0,01","0,01",0,"16,2","0,2","8,45","10,1","0,015","39,5","0,25","2,45",20,34,"0,44",160,215,20,"5,8","1,25",0,"16,8","0,25","0,53","2,65",0,"0,5","0,094","0,022","0,52","0,24","0,11","50,5",0
"Lentille verte, sèche","294,6","1,8","0,24","0,42","0,73","0,21","0,01","0,01",0,"44,5","1,1","16,4","25,1","0,13",64,"0,6","6,3",20,97,1,480,940,20,5,"3,4",0,"36,7","0,25",0,"11,9",0,"1,63","0,29","0,046","1,98","1,34","0,35",117,0
"Lentille, bouillie/cuite à l'eau","88,3","0,38","0,053",0,0,0,0,0,0,"12,2","1,8","7,9","9,02","0,005","26,2","0,24","1,44",3,"35,6","0,43",180,222,10,2,"0,98",0,5,0,"0,11","1,7",0,"1,5","0,17","0,073","1,06","0,64","0,18",181,0
"Lentille, cuisinée, appertisée, égouttée","78,08","0,64","0,11","0,15","0,21","0,05","0,01","0,01",0,"11,8","0,42",4,"6,28","0,59",21,"0,12","1,67",3,"15,8","0,4","82,7",178,"2,8",230,"0,55",0,25,0,"0,19",0,0,0,"0,083","0,043","0,43","0,2","0,12",11,0
"Lentille, germée","116,66","0,58","0,061","0,11","0,19","0,041",0,0,0,19,0,"3,1","8,86","0,028",25,"0,35","3,21",0,37,"0,51",173,322,0,11,"1,51",0,0,0,0,0,0,"16,5","0,23","0,13","1,13","0,58","0,19",100,0
"Lentille, sèche","316,06","1,34","0,13",0,0,0,0,0,0,"50,6","1,25","7,63","25,4","0,21","45,4","0,71","6,51","0,7",62,"1,39",326,674,12,74,"3,17",0,23,0,"0,49",5,0,"4,5","0,69","0,21","2,3","1,75","0,55",257,0
Levure alimentaire,334,"4,5","0,7","1,82","0,0093","0,00073","0,01","0,01","0,7","21,8","2,5","22,5","40,4","0,35",130,"0,39","4,1",20,150,"0,89",1100,1700,20,141,"8,4",21,5,"0,25","0,098","0,8",0,"0,5","11,6",1,"18,5","5,14","0,88",697,"0,34"
Levure chimique ou Poudre à lever,"142,44","0,2","0,1",0,0,0,0,0,0,"33,2","0,1","1,9","1,96",0,8960,"0,012","11,1",0,21,"0,013",7240,"30,8",0,14200,"0,015",0,0,0,0,0,0,0,0,0,0,0,0,0,0
"Levure de boulanger, compressée","97,62","1,9","0,26","0,58","0,0045",0,0,0,0,"11,9",0,"7,15","8,23","0,058",17,"0,15","2,43","0,6","35,5","0,26",338,606,1,23,"7,24",0,0,0,"0,2",0,0,"0,1","1,18","1,27","9,9","4,2","0,77",893,"0,01"
"Levure de boulanger, déshydratée","306,93","6,37","1,5",0,0,0,0,0,0,"17,9",0,"23,3","44,5","0,56",30,"0,44","2,17",5,54,"0,31",637,955,0,226,"7,94",0,0,0,0,"0,4",0,"0,3",11,4,"40,2","13,5","1,5",2340,"0,07"
"Lichen de mer ou pioca ou goémon rouge (Chondrus crispus), séché ou déshydraté",234,"2,3","0,1",0,0,0,0,0,0,"21,5",0,"30,6","16,6","5,17",362,"0,45","21,1",34600,1230,"1,47",750,1570,"3,35",2070,"7,86",0,339,0,0,0,0,"14,3","0,071","2,23","2,84","0,84","0,33",866,0
"Liégeois aux fruits, préemballé",147,"8,1","5,44","1,46","0,14","0,028","0,01","0,01","21,1",16,"15,1","1,2","1,5","0,043",36,"0,04","0,35",20,"7,8","0,12",32,120,20,17,"0,17","63,5","41,5","0,25","0,41","2,22",0,"6,51","0,096","0,049","0,1","0,24","0,023","20,6","0,15"
"Liégeois ou viennois (chocolat, café, caramel ou vanille), rayon frais","139,22","5,78","3,88","0,022","0,15","0,029","0,00028","0,00028","22,9","18,8","15,6","0,27",3,"0,13",100,"0,14","1,4",20,27,"0,15",100,280,20,"50,9","0,48",58,"24,4","0,16","0,21","1,17",0,"0,5","0,039","0,13","0,1","0,17","0,049","12,2","0,14"
"Lieu jaune ou colin, cru","75,5","0,51","0,07","0,014","0,002",0,"0,02","0,042","67,3",0,0,0,"17,7","0,29","13,7","0,04","0,39",80,"38,5","0,01",235,331,35,129,"0,4",3,0,0,"0,78",0,0,0,"0,085","0,08","1,65","0,14",0,3,3
"Lieu jaune ou colin, cuit",100,"0,5","0,01","0,01","0,01","0,01","0,01","0,01","70,1",0,0,0,"24,4","0,23","18,9","0,042","0,2",150,"34,8","0,0065",230,388,"22,1","91,4","0,46",21,0,"0,73","0,84","0,8",0,"1,09","0,015","0,033","1,09","0,25","0,072","33,7","0,94"
"Lieu noir, cru","82,5","0,8","0,15","0,066","0,0075","0,002","0,039","0,19",62,0,0,0,"18,8","0,2","14,7","0,1","1,3",143,"30,7","0,1",207,385,120,"80,5","0,57","2,8",0,"1,77","0,36",0,0,0,"0,13","0,15","2,26","0,4","0,25",10,"4,38"
"Lieu noir, cuit","99,7","0,81","0,29","0,042","0,015","0,011","0,044","0,18",105,0,0,0,"23,1","0,25","37,5","0,064","0,4",12,36,"0,011",152,224,"23,8",102,"0,63",8,30,"0,5","1,7",0,0,1,"0,058","0,08","0,8","0,14","0,081","15,2","2,1"
"Lieu noir, surgelé, cru","82,4","0,37","0,074","0,037","0,003","0,0012","0,023",0,71,0,0,0,"19,8","0,2","19,4","0,03","0,48",73,"21,4","0,037",107,255,"19,8","80,9","0,35",6,0,"0,89","0,36",0,0,0,"0,05","0,1","1,6",0,"0,12",10,"2,79"
"Lieu ou colin d'Alaska, cru","70,8","0,61","0,015","0,0035","0,004","0,00004","0,0048","0,019","48,4",0,0,"0,17","16,3","0,48","12,8","0,039","0,4","78,2","36,9","0,014",160,296,"15,7",190,"0,41",4,0,"1,1","0,36","0,1",0,0,"0,07","0,07","1,1","0,16","0,14",3,"2,3"
"Lieu ou colin d'Alaska, fumé","81,3","0,9","0,1",0,0,0,0,0,0,0,0,0,"18,3",0,0,0,0,0,0,0,0,0,0,0,0,0,0,0,0,0,0,0,0,0,0,0,0,0,0
"Lièvre, viande crue",111,"2,67","0,93","0,29","0,65","0,49",0,0,60,0,0,0,"21,6","0,15","11,6","0,24","1,8","0,55",26,"0,038",210,318,10,"60,5","1,7",0,0,0,"0,1",0,"0,1",0,"0,09","0,06","8,07","0,8","0,3",10,1
"Limande, crue","80,8","0,85","0,16","0,084","0,0027","0,00074","0,043","0,16","49,8",0,0,0,"18,3","0,28","47,5","0,06","0,29",30,"24,7","0,04",176,262,"13,8",111,"0,46","14,2",0,"0,5","0,4",0,0,"0,5","0,1","0,081","2,64","0,54","0,23",5,"1,67"
"Limande0sole, crue","80,6","1,4","0,2","0,13","0,005","0,005","0,25","0,11",43,0,0,0,17,"0,24",17,"0,1","0,5",94,17,0,200,230,"75,3",95,"0,45",0,0,0,0,0,0,0,"0,09","0,08","3,5","0,3","0,3",11,1
"Limande0sole, cuite à la vapeur","90,1","2,27","0,12","0,091","0,005","0,0019","0,16","0,077",73,0,0,0,"17,4","0,3",21,"0,01","0,6","45,5",20,0,250,280,73,120,"0,5",0,0,0,"0,3",0,0,0,"0,1","0,1","3,8","0,29","0,28",13,1
"Limande0sole, panée, frite",206,"10,2","1,3",0,0,0,"0,059","0,11",0,"11,9",1,0,"16,7","0,69",0,"0,01",0,25,0,0,0,0,73,270,"0,5",0,0,0,"0,1",0,0,0,"0,1","0,1","3,8","0,29","0,14",13,1
"Limonade, non sucrée, avec édulcorants","0,668",0,0,0,0,0,0,0,0,"0,1","0,082",0,"0,067","0,022",0,0,0,0,0,0,0,0,0,"8,56",0,0,0,0,0,0,0,0,0,0,0,0,0,0,0
"Limonade, sucrée","34,14","0,02",0,0,0,0,0,0,0,"8,45","8,45",0,"0,04","0,015","6,52","0,0029","0,0092","0,5","0,58","0,0015",0,"3,51",10,"5,72","0,01",0,0,0,0,0,0,0,0,0,0,0,0,0,0
"Limonade, sucrée, avec édulcorants",12,0,0,0,0,0,0,0,0,3,3,0,0,0,0,0,0,0,0,0,0,0,0,0,0,0,0,0,0,0,0,0,0,0,0,0,0,0,0
"Lin, brun, graine",533,"42,2","4,61","7,97","6,16",21,"0,01","0,01",0,"3,56","1,4","26,9",18,"0,095",210,"1,3","5,7",20,300,2,560,750,20,38,"5,1",0,5,"0,25","0,5","4,55",0,0,"0,47","0,01","0,1","0,81","0,17","71,6",0
"Lin, graine",533,"36,6","3,17","5,37","4,31","16,7",0,0,0,"6,6","1,55","27,3","20,2","0,051",228,"1,22","10,2","0,5",372,"2,48",595,641,28,"20,5","6,05",0,0,0,"0,31","4,3",0,"0,6","1,22","0,2","3,08","0,99","0,63","93,7",0
"Lingue bleue ou Lingue, crue","79,6","0,44","0,095","0,037","0,0038","0,0013","0,031","0,12","51,9",0,0,0,"18,9","0,23","3,96","0,1","0,26","9,82","26,8","0,1",151,302,"23,2","92,8","0,4","3,7",0,"0,5","0,17",0,0,0,"0,04","0,04","2,03","0,11","0,18",0,"0,64"
Liqueur,328,"0,3","0,083","0,018","0,069","0,052",0,0,0,"39,6","35,3",0,"0,1","0,018",1,"0,03","0,08",1,3,"0,022",6,30,0,"7,25","0,09",0,0,0,0,0,0,0,"0,004","0,012","0,12",0,0,0,0
"Litchi, pulpe, cru",81,"0,5","0,01","0,01","0,01","0,01","0,01","0,01",0,"16,1","15,7",2,"1,13","0,013","3,6","0,2","0,26",20,18,"0,1",27,200,20,5,"0,23",0,5,0,"0,08","0,8",0,"19,2","0,015","0,01","1,06","0,055","0,12","28,3",0
Livarot,301,"22,6","15,3","3,95","0,27","0,12","0,01","0,01","77,3",0,"0,2",0,"24,6","1,5",730,"0,03","0,07",30,26,"0,02",470,94,20,601,"3,1",168,119,"0,25","0,57","1,02",0,"0,5","0,015","0,55","0,1","1,16","0,12",140,"1,68"
"Lompe, crue",168,"14,2","3,01","2,74","0,22",0,"1,1","0,94",0,0,0,0,10,"0,17",20,0,"0,5",50,0,0,203,485,"16,5",69,0,11,0,"3,9",0,0,0,0,"0,07","0,08",2,0,0,0,0
"Longan, pulpe, cru","62,14","0,1",0,0,0,0,0,0,0,14,0,"1,1","1,31",0,1,"0,17","0,13",0,10,"0,052",21,266,0,0,"0,05",0,0,0,0,0,0,84,"0,031","0,14","0,3",0,0,50,0
"Lotte de rivière, crue",77,"0,66","0,17",0,0,"0,012","0,07","0,096",60,0,0,0,"17,8","0,22",44,"0,11","0,65",40,"26,5","0,37",195,337,20,86,"0,65","5,5",0,"0,5","0,85",0,0,0,"0,28","0,14","1,56","0,15","0,3",1,"0,8"
"Lotte ou baudroie, crue","67,2","0,74","0,2",0,"0,0068","0,004","0,053","0,12",25,0,0,"0,2","15,1","0,19","18,2","0,027","0,3","32,2","20,7","0,022",241,296,"34,5","77,8","0,55",6,0,"1,43",0,0,0,"0,67","0,027","0,06","2,1","0,15","0,24",7,"0,9"
"Lotte ou baudroie, grillée/poêlée","98,2","0,68","0,19","0,1","0,0083","0,0013","0,039","0,14",26,0,0,0,23,"0,061",11,"0,3","0,46","40,6","28,5","0,1",368,472,"42,5","24,5","0,64",50,0,0,"0,6",0,0,"0,5","0,035","0,077","3,09","0,19","0,21","20,5","0,93"
"Loup tacheté, cru",108,"4,8","0,96","0,85","0,065","0,027","0,82","0,47",58,0,0,0,"16,3","0,26",35,0,1,60,25,0,180,282,0,105,0,18,0,"1,3","2,4",0,0,0,"0,18","0,045","2,5","0,57","0,35",1,"2,2"
"Lupin, graine crue","318,46","9,74","1,16",0,0,0,0,0,0,"21,5",0,"18,9","36,2","0,038",176,"1,02","4,36",0,198,"2,38",440,1010,0,15,"4,75",0,0,0,0,0,0,"4,8","0,64","0,22","2,19","0,75","0,36",355,0
"Luzerne, graine","389,4","12,6",0,0,0,0,0,0,0,"39,3",0,"7,9","29,7",0,136,0,"12,9",0,0,0,0,0,90,0,"6,9",0,0,0,0,0,0,26,"1,08","0,58","1,8",0,0,0,0
"Luzerne, graine germée","23,06","0,7","0,069","0,056","0,23","0,18",0,0,0,"0,91","0,2","1,9","3,28","0,015",32,"0,16","0,96",0,27,"0,19",70,79,0,6,"0,92",0,87,0,"0,02","30,5",0,"8,2","0,076","0,13","0,48","0,56","0,034",36,0
Macaron moelleux fourré à la confiture ou à la crème,"429,6","21,2","4,46",0,0,0,0,0,"19,3","49,7","45,2","2,9",10,"0,16",81,"0,3","1,5",2,"79,1","0,5",111,290,0,"65,5","0,9",0,80,0,"5,2",0,0,"2,1","0,04","1,6","1,3","0,16","0,13",0,0
Macaron sec,"430,2","10,2","0,6",0,0,0,0,0,0,"77,7",74,3,"6,9","0,2",0,0,0,0,0,0,0,0,0,0,0,0,0,0,0,0,0,0,0,0,0,0,0,0,0
"Macédoine de légumes en salade, avec sauce, préemballée","122,94","9,3","0,7",0,0,0,0,0,0,7,"2,3","4,11","2,81","1,04",0,0,0,0,0,0,0,0,0,426,0,0,0,0,0,0,0,0,0,0,0,0,0,0,0
"Macédoine de légumes, appertisée, égouttée","40,4","0,28","0,076",0,0,0,0,0,0,"5,59","1,73","3,16","2,32","0,61","40,7","0,072","1,05","0,2","10,6","0,15",42,291,"2,2",243,"0,28",0,5670,0,"0,29","18,2",0,5,"0,046","0,048","0,58","0,14","0,079",24,0
"Macédoine de légumes, surgelée, pré0cuite (à recuire)","54,5","0,28",0,0,0,0,0,0,0,"6,8","3,35","5,45","3,48","0,045",0,0,0,0,0,0,0,0,0,"12,7",0,0,0,0,0,0,0,0,0,0,0,0,0,0,0
"Macédoine ou cocktail ou salade de fruits, au sirop (sans précision sur léger ou classique), appertisé, égouttée (aliment moyen)","68,05","0,25",0,0,0,0,0,0,0,"16,2","13,2","2,02","0,25","0,022","11,6","0,07","0,11",0,"4,24","0,084","9,04","70,3",10,"2,5","0,025",0,142,0,0,"0,64",0,"2,91","0,035","0,005","0,05","0,037","0,017","10,8",0
"Macédoine ou cocktail ou salade de fruits, au sirop léger, appertisé, égoutté","64,1","0,5",0,0,0,0,0,0,0,"14,4","12,2","1,9","0,5","0,0083","9,5","0,07","0,15",0,"4,6","0,09","8,5",63,20,5,"0,05",0,103,0,0,"1,01",0,"5,87","0,025","0,01","0,1","0,034","0,01","10,6",0
"Macédoine ou cocktail ou salade de fruits, au sirop léger, appertisé, non égoutté","60,549","0,061","0,009",0,0,0,0,0,0,"14,5","12,3","1,18","0,5","0,0026","8,18","0,055","0,13",0,"4,37","0,082","7,74","61,1",20,"1,02","0,05",0,"64,1",0,0,"0,63",0,"6,1","0,016","0,01","0,1","0,033","0,01","9,96",0
"Macédoine ou cocktail ou salade de fruits, au sirop, appertisé, égoutté","76,1","0,5",0,0,0,0,0,0,0,"17,4","13,8","2,1","0,5","0,032",13,"0,07","0,08",0,4,"0,08","9,4",75,20,5,"0,05",0,167,0,0,"0,8",0,"0,98","0,041","0,01","0,1","0,038","0,025","10,9",0
"Macédoine ou cocktail ou salade de fruits, au sirop, appertisé, non égoutté","79,7","0,5",0,0,0,0,0,0,0,"18,3","14,3","1,26","0,5","0,003",11,"0,05","0,072",0,"3,76","0,076","8,36",67,20,"1,2","0,05",0,100,0,0,"0,8",0,"0,59","0,039","0,01","0,1","0,031","0,024",11,0
"Mâche, crue","16,8","0,5","0,01","0,01","0,01","0,01","0,01","0,01",0,"0,5",0,"2,3",2,"0,013",41,"0,1","0,4",20,19,"0,28",30,330,20,5,"0,14",0,3280,0,"0,22","48,9",0,"2,38","0,042","0,066","0,37","0,25","0,096","45,5",0
"Madeleine au chocolat, préemballée","454,34","24,9","7,48","10,7","3,14","1,19","0,01","0,01","89,8","51,5",29,"1,1","6,06","0,81",36,"0,13","2,1",20,24,"0,26",170,160,20,324,"0,58","66,3",17,"0,25","3,89","23,2",0,0,"0,046","0,079","0,1","0,58","0,011","37,1","0,34"
"Madeleine ordinaire, préemballée","461,6","25,2","2,49","13,9","4,48","1,8","0,01","0,01","85,3","53,5","23,8","1,2","5,2","0,89",19,"0,04","0,59",20,"9,8","0,2",150,83,20,355,"0,39","28,3",5,"0,33","5,36","26,1",0,"0,5","0,054","0,053","0,1","0,36","0,03","66,4","0,3"
"Madeleine, pur beurre, préemballée","462,3","25,5","15,7","5,59","0,98","0,15","0,01","0,01",163,"52,6","27,4","0,8","5,6","0,69",20,"0,06","0,67",20,11,"0,22",140,81,20,275,"0,48",206,151,"0,25","0,75","2,37",0,"0,5","0,042","0,067","0,1","0,52","0,035","66,5","0,47"
"Maïs doux, appertisé, égoutté",106,"1,68","0,26","0,27","0,46","0,017",0,0,0,"18,4","5,16","3,1","2,82","0,59","3,51","0,036","0,35","0,5","26,9","0,11","53,8",224,10,236,"0,39",0,22,0,"0,29",0,0,"3,55","0,033","0,048","1,04","0,29","0,13",75,0
"Maïs doux, en épis, cuit","101,54","1,5","0,2",0,0,0,0,0,0,"18,6","4,54","2,4","3,41","0,0025",3,"0,049","0,45",1,26,"0,17",77,218,0,1,"0,62",0,66,0,"0,09","0,4",0,"5,5","0,093","0,057","1,68","0,79","0,14",23,0
"Maïs doux, en épis, surgelé, cru","92,15","1,19","0,19","0,34","0,56","0,019",0,0,0,17,"3,78","2,65","3,36","0,01","4,18","0,15","0,59","0,5","30,3","0,25",108,276,4,4,"1,05",0,61,0,"0,37","0,35",0,"6,9","0,11","0,082","1,72","0,39","0,18","36,5",0
"Maïs doux, surgelé, cru","99,34","0,78","0,12",0,0,0,0,0,0,"19,8","3,78","2,8","3,28","0,013",4,"0,051","0,68",0,32,"0,16",87,294,0,5,"0,7",0,61,0,"0,09","0,4",0,"7,2","0,1","0,088","1,68","0,29","0,18",40,0
"Maïs entier, cru",346,"3,7",0,0,"1,8","0,032",0,0,0,"67,2","1,6","5,7","8,1","0,01",40,"0,2","3,2",0,100,"0,8",260,320,"12,8",4,"1,9",0,0,0,"1,7",0,0,0,"0,4","0,14","2,1","0,6","0,5",0,0
"Mandarine commune, pulpe, au sirop, appertisée, non égouttée, prélevée à la Martinique",0,0,0,0,0,0,0,0,0,0,"17,4","0,7",0,0,0,0,0,0,0,0,0,0,0,0,0,0,0,0,0,0,0,"0,2",0,0,0,0,0,"33,5",0
"Mango bassignac, pulpe, cru, prélevé à la Martinique","75,28",0,0,0,0,0,0,0,0,"18,5",0,"3,2","0,32",0,0,0,0,0,0,0,0,0,0,0,0,0,0,0,0,0,0,"23,3",0,0,0,0,0,0,0
"Mango moussache, pulpe, cru, prélevé à la Martinique","88,72",0,0,0,0,0,0,0,0,"20,9",0,2,"1,28",0,0,0,0,0,0,0,0,0,0,0,0,0,0,0,0,0,0,"8,1",0,0,0,0,0,0,0
"Mangue José, pulpe, crue, prélevée à La Réunion (Mangifera indica L.)","88,8","0,5","0,18","0,11","0,02","0,03","0,01","0,01",0,"19,3","18,4","1,8","0,75","0,013",14,"0,08","0,12",20,14,"0,07",13,150,20,5,"0,08",0,2010,0,"1,96","1,58",0,"2,9","0,033","0,015","0,74","0,2","0,13","9,95",0
"Mangue julie, pulpe, crue, prélevée à la Martinique","76,04",0,0,0,0,0,0,0,0,"18,3",0,"2,8","0,71",0,0,0,0,0,0,0,0,0,0,0,0,0,0,0,0,0,0,22,0,0,0,0,0,0,0
"Mangue verte, pulpe, crue, prélevée à la Martinique","54,04",0,0,0,0,0,0,0,0,"12,2",0,"3,4","1,31",0,0,0,0,0,0,0,0,0,0,0,0,0,0,0,0,0,0,"17,2",0,0,0,0,0,0,0
"Mangue, pulpe, crue","73,9","0,5","0,01","0,01","0,01","0,01","0,01","0,01",0,"14,3","12,9","1,6","0,63","0,013",12,"0,07","0,09",20,11,"0,07",12,150,20,5,"0,11",0,864,0,"2,05","1,12",0,25,"0,015","0,01","0,72","0,18","0,1","70,2",0
"Manioc, racine crue",157,"0,29","0,074","0,074","0,031","0,017",0,0,0,"36,3","1,7","1,8","1,31","0,035",16,"0,1","0,27",0,21,"0,38",27,271,0,14,"0,34",0,8,0,"0,19","1,9",0,"20,6","0,087","0,048","0,85","0,11","0,088",27,0
"Manioc, racine cuite",132,"0,043",0,0,0,0,0,0,0,32,0,"0,4","0,69",0,"12,1","0,018","0,6",0,0,"0,038","40,5",0,0,0,"0,35",0,0,0,0,0,0,"13,1","0,023","0,018","0,47",0,0,0,0
"Maquereau espagnol ou maquereau blanc ou billard, cru",135,"5,15","1,59",0,0,0,"0,25","0,76",76,0,0,0,"22,1","0,15",11,"0,055","0,44",0,33,"0,014",205,446,0,59,"0,49",39,0,"7,3","0,69","0,1",0,"1,6","0,13","0,17","2,3","0,75","0,4",1,"2,4"
"Maquereau, au naturel, appertisé, égoutté",189,"11,4","2,73","1,73","0,26","0,23","0,69","1,52","79,5",0,0,0,"21,6","1,21",128,"0,13","1,57","21,9","30,5","0,04",261,225,"31,9",485,"1,31","76,2",0,"5,01","0,97","0,1",0,0,"0,05","0,19","6,39","0,58","0,23","7,5","7,32"
"Maquereau, cru",194,"13,5","3,22","1,86","0,13","0,12","0,91","1,56","49,7",0,0,0,"18,1","0,16","4,92","0,1","0,48","87,2","28,4","0,1",190,340,"37,6",64,"0,6","56,6",0,"6,44","1,08","3,6","0,4","0,2","0,086","0,19","9,13","0,32","0,53","8,16","4,9"
"Maquereau, filet au vin blanc, appertisé, égoutté",207,"14,1","2,92","1,26","0,24","0,17","0,55","0,93","56,4","2,25","0,5",0,"17,8","0,97",184,"0,1","0,84","14,4",17,"0,1",123,165,"28,8",387,"1,02",19,0,"5,44","0,88",0,0,0,"0,025","0,24","4,42","0,27","0,2",0,"9,14"
"Maquereau, filet grillé, appertisé, nature, égoutté",246,"18,3","4,27","2,16","0,48","0,25","1,25","2,11","64,8","0,55",0,0,"19,7","0,84",38,"0,1","1,1",20,23,"0,03",170,200,70,337,"0,8","51,7",5,"4,56","1,23","0,8",0,"0,5","0,027","0,14","5,32","0,47","0,062","8,37","10,5"
"Maquereau, filet sauce moutarde, appertisé, égoutté",217,"14,2","3,92",2,"0,84","0,25","2,87","1,63","71,5","1,09","0,8","0,58","20,8","1,01","22,9","0,1","1,3",20,"26,7","0,1",127,180,5,405,"0,4",38,0,"7,3","1,63",0,0,0,"0,051","0,15","5,1","0,23","0,25",0,"8,2"
"Maquereau, filet sauce tomate, appertisé, égoutté",227,"16,3","2,92","1,91","1,28","0,22","0,81","1,63",75,"1,94","0,94","1,02","17,7","0,64",20,"0,1","1,1","63,8",25,"0,06",135,326,"37,4",257,1,"48,4",0,"2,38","0,9",0,0,0,"0,06","0,16","4,55","0,6","0,3",19,"7,5"
"Maquereau, frit",186,"10,2","2,96","2,12","0,13","0,082","0,57","1,38",0,0,0,0,"23,6","0,21",0,"0,16",0,107,0,"0,06",273,323,"94,7","83,3",1,0,0,"12,3",0,0,0,0,0,"0,29","10,5","0,49","0,58",0,12
"Maquereau, fumé",294,"24,3","5,35","1,89","0,36","0,83","1,48","3,35",80,0,0,0,"18,8","0,96",20,"0,09","1,1","46,5",29,"0,02",267,312,"31,9",384,"0,1","53,5",0,"5,2","1,6",0,0,0,"0,14","0,35",10,"0,52","0,5",8,"9,91"
"Maquereau, mariné",185,"13,3",0,0,0,0,0,0,0,0,0,0,"16,3","2,29","14,6","0,09","0,6",0,"13,6","0,1","92,9","90,8",16,915,"0,25","34,5",0,"7,3",0,0,0,0,"0,037","0,13","3,18","0,22","0,25","12,4",0
"Maquereau, rôti/cuit au four",228,"15,8","4,44","1,85","0,14","0,19","0,8","1,34","81,8",0,0,0,"21,5","0,21","12,8","0,1","1,57","45,8","28,5","0,1",207,401,"51,6",83,"0,94",62,0,"7,72","0,71",0,0,"0,4","0,16","0,41","6,85","0,37","0,62","22,6",19
"Marjolaine, séchée",276,"7,04","0,53",0,0,0,0,0,0,"20,3","4,09","40,3","12,7","0,19",1990,"1,13","82,7",0,346,"5,43",306,1520,0,77,"3,6",0,4810,0,"1,69",622,0,"51,4","0,29","0,32","4,12",0,"1,19",274,0
Marmelade d'orange,246,"0,4","0,14","0,13","0,03","0,01","0,01","0,01",0,"59,3","56,9","1,5","0,5","0,015",33,"0,03","0,08",20,"4,2","0,02","3,8",49,20,6,"0,05",0,5,"0,25","0,47","0,8",0,"8,92","0,015","0,01","0,1","0,051","0,02","6,27",0
Maroilles fermier,349,"29,5","17,3",0,0,0,0,0,0,0,0,0,"21,2","2,07",0,0,0,0,0,0,0,0,0,821,0,0,0,0,0,0,0,0,0,0,0,0,0,0,0
Maroilles laitier,338,"27,8","17,5",0,0,0,0,0,0,0,0,0,"22,3","1,87",0,0,0,0,0,0,0,0,0,766,0,0,0,0,0,0,0,0,0,0,0,0,0,0,0
"Maroilles, sans précision",325,"26,4","18,1","4,78","0,36","0,1","0,01","0,01",103,0,"0,2",0,"21,9","2,09",580,"0,03","0,09",20,23,"0,02",410,100,20,834,"2,8",222,"84,5","0,25","0,57","0,96",0,"0,5","0,015","0,34","0,53","0,99","0,026",144,"2,57"
Marron glacé,324,"0,5","0,01","0,01","0,01","0,01","0,01","0,01",0,"79,5","56,6","0,9","0,94","0,08","8,1","0,08","0,28",20,"5,7","0,72",17,54,20,32,"0,14",0,5,"0,25","0,17","0,8",0,"0,5","0,015","0,01","0,1","0,1","0,012","33,2",0
Marsala,211,0,0,0,0,0,0,0,0,"27,9","27,9",0,"0,1","0,01",4,0,"0,4",0,0,0,12,97,0,4,0,0,0,0,0,0,0,0,0,"0,01","0,1",0,"0,01",0,0
Marsala aux oeufs,153,0,0,0,0,0,0,0,0,"12,4","12,4",0,0,0,0,0,0,0,0,0,0,0,0,0,0,0,0,0,0,0,0,0,0,0,0,0,0,0,0
Mascarpone,"384,52",39,"25,7",0,"0,7","0,15","0,037","0,037",123,4,4,0,"4,38","0,081",130,"0,01","0,06",21,13,"0,01",110,120,50,"32,2","0,53",345,258,"0,5",1,"1,17",0,0,"0,028","0,15","0,13","0,31","0,028",5,"0,48"
"Massissi, pulpe, cru, prélevé à la Martinique","17,52","0,8",0,0,0,0,0,0,0,0,0,0,"2,58",0,0,0,0,0,0,0,0,0,0,0,0,0,0,0,0,0,0,"73,2",0,0,0,0,0,0,0
"Matière grasse laitière à 20% MG, légère, ""à tartiner"", doux",201,"19,1","12,1","3,96","0,28","0,11","0,01","0,01",59,"6,2","1,56",3,"0,5","0,63","22,7",1,1,10,"2,3",1,15,"48,1","5,8",250,1,448,732,"0,7",2,0,0,1,"0,05","0,05","0,05","0,08","0,05",5,"0,2"
"Matière grasse laitière à 25% MG, légère, ""à tartiner"", doux",247,"25,6","16,3","4,86",0,"0,11","0,013",0,70,"3,8",0,0,"0,4","0,72",18,1,1,10,"2,5",1,14,"51,2","8,1",286,1,342,491,"0,2","2,2",0,0,1,"0,05","0,05","0,05","0,06","0,05",5,"0,2"
Matière grasse mélangée (végétale et laitière) à 50063% MG,490,54,"25,7","17,8","4,81","2,02","0,01","0,01",38,"0,6","0,6",0,"0,4","0,44",16,"0,01","0,03",20,"2,4","0,01",17,51,20,174,"0,06",128,880,0,"2,96","16,5",0,"0,5","0,01","0,02","0,1","0,078","0,024","6,84","0,04"
"Matière grasse mélangée (végétale et laitière) à 50063% MG, demi0sel",481,53,"25,7",0,0,0,0,0,38,"0,6","0,6",0,"0,4","1,5",0,0,0,0,0,0,0,0,0,600,0,0,0,0,8,0,0,0,0,0,0,0,0,0,0
"Matière grasse mélangée (végétale et laitière), à tartiner, à 30040% MG",397,"40,9","20,6","13,5","3,72","1,51","0,01","0,01","15,1","5,6","2,3",0,"1,69","0,54",51,"0,01","0,04",20,5,"0,01",42,120,20,217,"0,19",21,422,0,"5,13","8,4",0,"0,5","0,017","0,095","0,1","0,24","0,035",5,"0,14"
"Matière grasse mélangée (végétale et laitière), à tartiner, à 30040% MG, demi0sel",370,38,"17,5",0,0,0,0,0,"13,7","5,6","2,5",0,"1,5","1,75",0,0,0,0,0,0,0,0,0,700,0,0,0,0,5,0,0,0,0,0,0,0,0,0,0
Matière grasse ou graisse végétale solide (type margarine) pour friture,899,"99,8","94,6","0,4","0,12","0,01","0,01","0,01",0,0,0,0,"0,5","0,013","0,2","0,01","0,05",20,"0,05","0,01","0,3","0,3",20,5,"0,05",21,5,"0,25","3,79",0,0,"0,5","0,015","0,01","0,42","0,008","0,01",5,"0,01"
"Matière grasse végétale (type margarine) à 30040% MG, légère, demi0sel, aux esters de stérol végétal",325,35,"7,8",0,"14,6","2,9",0,0,0,"2,5","0,1",0,"0,1","1,23",0,0,0,0,0,0,0,0,0,490,0,0,0,"7,5",0,0,0,0,0,0,0,0,0,0,0
"Matière grasse végétale (type margarine) à 50063% MG, allégée, demi0sel",523,58,25,"17,4","7,18","1,28",0,0,22,"0,2","0,2",0,"0,2","1,25","13,9",1,1,10,2,1,18,35,"8,4",500,1,45,507,"7,5","15,4",0,0,1,"0,1","0,05","0,05","0,26","0,05",5,"0,1"
"Matière grasse végétale (type margarine) à 50063% MG, allégée, demi0sel, riche en oméga 3",491,"54,5","14,9","24,5",8,"4,25",0,0,2,"0,12","0,12",0,"0,083","1,38",0,0,0,0,0,0,0,0,0,550,0,0,0,0,17,0,0,0,0,0,0,0,0,0,0
"Matière grasse végétale (type margarine) à 50063% MG, allégée, doux",536,"59,3","18,2","21,3","13,1","2,58","0,01","0,01",10,"0,18","0,18",0,"0,5","0,4","13,4",1,1,10,2,1,14,"22,5","9,4",159,1,"38,5",518,"6,5","18,6",0,0,"0,75","0,05","0,05","0,05","0,05","0,05",5,"0,15"
"Matière grasse végétale (type margarine) à 50063% MG, allégée, doux, aux esters de stérol végétal",548,"60,8","14,6","25,7","11,7","3,81","0,01","0,01",0,0,0,0,"0,5","0,32","6,9","0,01","0,05",20,"0,94","0,01","5,7",12,20,127,"0,05",130,592,"1,27","29,8",0,0,"0,5","0,42","0,01","0,1","0,045","0,01","6,07","0,01"
"Matière grasse végétale (type margarine) à 50063% MG, allégée, doux, riche en oméga 3",521,"57,8","14,5","26,9","11,5","2,41","0,047",0,4,"0,18","0,18",0,"0,15","0,37","4,3",1,1,10,2,1,"3,7","13,1",3,147,1,2,547,"7,5","23,2",0,0,1,"0,05","0,05","0,05","0,05","0,05",5,"0,1"
"Matière grasse végétale (type margarine) à 60% de MG, allégée, au tournesol, doux",548,"60,6","14,1","17,1","21,1","4,55","0,01","0,01",0,"0,55","0,2",0,"0,5","0,37","3,3","0,01","0,05",20,"0,85","0,01","4,9",19,20,146,"0,05",0,528,"0,25","21,4","16,2",0,0,"0,015","0,01","0,1","0,015","0,039","0,5",0
"Matière grasse végétale (type margarine) à 70% MG, doux",631,70,"29,2","21,5","8,03","1,14",0,0,"5,6","0,24","0,24",0,"0,13","0,76","6,9",1,1,10,2,1,"5,2","13,5",3,265,1,"2,2",436,0,25,0,0,"2,4","0,05","0,05","0,05","0,05","0,05",5,"0,2"
"Matière grasse végétale (type margarine) à 80% MG, salée",722,80,32,0,"9,5","2,5",0,0,0,"0,5","0,5",0,"0,5","1,78",0,0,0,0,0,0,0,0,0,710,0,0,0,10,0,0,0,0,0,0,0,0,0,0,0
"Matière grasse végétale (type margarine), à tartiner, à 30040% MG, légère, demi0sel",358,38,"17,3","9,76",0,"0,99",0,0,12,"3,05","1,5",0,"0,9","1,63","54,3",1,1,10,"6,1",1,46,117,"3,6",650,1,650,457,0,"12,8",0,0,"2,2","0,11","0,1","0,05","0,11","0,1",5,"0,2"
"Matière grasse végétale (type margarine), à tartiner, à 30040% MG, légère, doux",366,"38,6","17,5","13,3","3,87","1,45","0,01","0,01",34,3,"1,91",0,"1,44","0,53","20,8",1,1,10,"2,5",1,16,"76,8",3,212,1,566,438,"7,5","9,1",0,0,1,"0,33","0,05","0,05","0,05","0,05",5,"0,1"
"Matière grasse végétale (type margarine), à tartiner, à 30040% MG, légère, doux, riche en oméga 3",349,"38,8",9,"15,5",6,3,"0,24",0,17,0,0,0,0,"0,3","7,9",1,1,10,2,1,"8,9","34,2",3,120,1,508,438,0,29,0,0,1,"0,05","0,05","0,05","0,05","0,05",5,"0,1"
"Matière grasse végétale (type margarine), teneur en matière grasse inconue, doux (aliment moyen)",608,"67,4","26,6","21,4","9,17","1,47","0,0012",0,"6,75","0,24","0,24",0,"0,16","0,68","8,46","0,5","0,5",5,"1,01","0,5","7,28","15,9","3,32",240,"0,5","13,4",455,0,"23,4",0,0,"2,01","0,027","0,025","0,025","0,025","0,025","2,5","0,094"
"Matière grasse végétale (type margarine), teneur réduite en matière grasse inconnue, doux (aliment moyen)",532,"58,9","18,2","21,2","12,9","2,56","0,005","0,005","10,5","0,24","0,22",0,"0,28","0,4","13,6","0,5","0,5",5,"1,03","0,5",14,"23,7","9,23",160,"0,5","49,7",516,"6,52","18,4",0,0,"0,74","0,031","0,025","0,025","0,026","0,025","2,5","0,074"
"Matière grasse végétale ou margarine, 80% MG, doux",726,"80,4","25,1",21,"20,2","1,8",0,0,0,"0,3","0,3",0,"0,39","0,43","11,1","0,0063","0,098","1,5","4,19","0,0043","10,8","32,5","2,2",174,"0,04",780,20,0,"8,5",0,0,0,"0,01","0,025","0,013","0,084","0,003","1,5","0,1"
"Mayonnaise (70% MG min.), préemballée","692,72","75,2","7,27","18,9","13,3","4,8","0,092","0,092",70,"2,62","1,03","0,32","1,36","1,39","17,6","0,023","0,34",30,"6,42","0,024",23,"28,1",10,552,"0,13","8,5",80,"0,5","20,3",75,0,"0,5","0,04","0,04","0,14","0,23","0,031",16,"0,39"
"Mayonnaise à teneur réduite en matière grasse ou Mayonnaise allégée, préemballée","308,74","29,9","3,52","16,3","4,8","2,92","0,25","0,25",38,"8,98","4,91","0,23","0,93","2,37","47,4","0,1","0,4","5,4","17,7","0,1","26,3",70,5,936,"0,12",62,"2,03","0,5",8,0,0,"3,75","0,04","0,032","0,08","0,21","0,04","21,2","0,14"
"Mélange apéritif de fruits exotiques, sec",389,"10,5","9,16","0,66","0,19","0,01","0,01","0,01",0,"69,5","59,4","3,4","2,19","0,22",43,"0,26","1,1",3,39,"0,45",67,530,20,88,"0,32",0,"13,6","0,25","0,69","7,52",0,"0,69","0,039","0,01","0,1","0,25","0,077","19,1",0
Mélange apéritif de graines (non salées) et fruits séchés,"398,66","26,3","5,07",0,0,0,0,0,0,"32,2",7,"6,36","8,29","0,3",88,0,4,0,120,0,0,712,0,117,2,0,0,0,0,0,0,0,0,0,0,0,0,0,0
Mélange apéritif de graines (non salées) et raisins secs,541,"37,2","4,96","23,4","6,61","0,03","0,01","0,01",12,"31,8","29,4","9,6","12,5","0,018",90,1,"3,1",5,160,2,320,750,20,7,"2,4",0,"10,5","0,25","8,88","8,8",0,"0,5","0,15","0,036","2,35","0,94","0,092","34,4",0
Mélange apéritif de graines salées et raisins secs,560,"39,6","4,98","26,8",5,"0,03","0,01","0,01",0,"27,1","21,6","8,4","16,6","0,42",72,"0,82","2,1",20,160,"1,4",340,700,20,169,"2,3",0,5,"0,25","8,47","5,47",0,"0,5","0,062","0,044","4,08","1,1","0,17","49,5",0
"Mélange de céréales et légumineuses, cru",354,4,"0,5",0,0,0,0,0,0,59,"4,5",11,"13,7","0,99",0,0,0,0,70,0,0,0,0,397,0,0,0,0,0,0,0,0,0,0,0,0,0,0,0
Mélasse de canne,"299,7","0,1","0,018",0,0,0,0,0,0,"74,7","74,7",0,0,"0,093",205,"0,49","4,72",0,242,"1,53",31,1460,0,37,"0,29",0,0,0,0,0,0,0,"0,041","0,002","0,93","0,8","0,67",0,0
"Melon cantaloup (par ex.: Charentais, de Cavaillon) pulpe, cru","62,7","0,5","0,01","0,01","0,01","0,01","0,01","0,01",0,"14,8","10,6","1,3","1,13","0,06",11,"0,06","0,21",20,16,"0,04",17,380,20,24,"0,18",0,2500,0,"0,08","0,8",0,"8,14","0,015","0,01","0,6","0,15","0,055","58,9",0
"Melon miel ou melon honeydew, pulpe, cru","21,05","0,17","0,044","0,015","0,025","0,037",0,0,0,"4,3","4,3","0,75","0,58","0,06",6,"0,033","0,34",0,"9,08","0,034","15,8",237,0,"24,1","0,086",0,30,0,"0,035","2,9",0,"16,8","0,032","0,016","0,58","0,13","0,072",17,0
"Melon, pulpe, cru, prélevé à la Martinique","4,743","0,047",0,0,0,0,0,0,0,0,0,0,"1,08",0,0,0,0,0,0,0,0,0,0,0,0,0,0,0,0,0,0,"27,2",0,0,0,0,0,0,0
"Meloukhia, feuilles de corète séchées, en poudre",239,"1,8",0,0,0,0,0,0,0,"12,7",0,40,23,"0,17",2000,"1,6",87,321,609,"12,5",307,3580,5,"67,9",3,0,2360,0,"2,8",0,0,0,"0,09","0,36","2,6","2,4","0,55","28,3",0
"Meloukhia, plat à base de boeuf et corete, fait maison",189,"14,7",0,0,0,0,0,0,23,"1,2","1,2","4,7","10,6","0,93","51,3","0,04","2,4","2,8","30,6","0,05",88,228,"2,1",373,2,0,143,0,"5,1",0,0,"1,5","0,03","0,14","1,36","0,32","0,12",20,"0,66"
"Meloukhia, sauce, artisanale","194,32",21,0,0,0,0,0,0,0,"0,2",0,"8,4","1,13","0,95","81,8",1,"1,9",10,"37,3",1,"7,1",179,5,378,1,0,83,0,"12,4",0,0,0,"0,05","0,09","0,05","0,27","0,05","28,4",0
"Menthe, fraîche","57,6","0,84","0,22",0,0,0,0,0,0,"5,3","5,3","7,4","3,52","0,076",221,"0,28","8,48",0,"71,5","1,15","66,5",514,"0,5","30,5","1,1",0,740,0,5,0,0,"22,6","0,08","0,22","1,33","0,29","0,14",110,0
"Menthe, séchée",283,"6,03","1,58",0,0,0,0,0,0,"22,2",0,"29,8","19,9","0,86",1490,"1,54","87,5",0,602,"11,5",276,1920,0,344,"2,41",0,0,0,0,0,0,0,"0,29","1,42","6,56","1,4","2,58",530,0
"Merguez, boeuf et mouton, crue",315,"27,6",0,0,0,0,0,0,0,"2,8",0,0,14,"1,58",0,0,0,0,0,0,0,0,0,630,0,0,0,0,0,0,0,0,0,0,0,0,0,0,0
"Merguez, boeuf et mouton, cuite",283,"21,8",12,8,"0,53","0,17","0,038","0,019","71,4","1,8","1,6",0,"19,8","2,33",38,"0,081","2,04",25,"22,8","0,04",128,513,10,930,"3,3",23,560,"0,5","1,7",0,0,1,"0,059","0,2","4,7","0,26","0,24",20,"1,45"
"Merguez, boeuf, mouton et porc, crue","358,1","33,3",0,0,0,0,0,0,0,0,0,0,"14,6",0,0,0,0,0,0,0,0,0,0,0,0,0,0,0,0,0,0,0,0,0,0,0,0,0,0
"Merguez, crue",316,28,"11,2",0,0,0,0,0,0,"2,5",2,0,"13,5","1,48","22,1","0,083",0,7,"23,3","0,055",60,0,"2,38",900,"2,78",0,0,0,0,0,0,0,0,0,0,0,0,0,0
"Merguez, porc et boeuf, crue",415,41,0,0,0,0,0,0,0,0,0,0,"11,5",0,0,0,0,0,0,0,0,0,0,0,0,0,0,0,0,0,0,0,0,0,0,0,0,0,0
"Merguez, pur boeuf, crue","435,5","43,5",0,0,0,0,0,0,0,0,0,0,11,0,0,0,0,0,0,0,0,0,0,0,0,0,0,0,0,0,0,0,0,0,0,0,0,0,0
Meringue,"398,14","0,5","0,01","0,01","0,01","0,01","0,01","0,01",0,"94,3","94,3","0,5","4,11","0,16","4,15","0,03","0,18",2,"4,76",0,"20,6","89,8",3,"64,4","0,15",0,0,0,0,0,0,0,0,"0,24","0,1","0,16","0,01",6,"0,1"
"Merlan, cru","79,3","0,47","0,095","0,03","0,0027","0,001","0,046","0,14","46,9",0,0,0,"18,8","0,16",18,"0,1","0,31","94,9","31,7","0,1",196,417,"30,2","63,6","0,39",3,0,"4,11","0,27","0,1",0,0,"0,025","0,024","2,26","0,12","0,18",13,"1,33"
"Merlan, cuit à la vapeur","98,3","0,7","0,13","0,063","0,0036","0,00072","0,038","0,15",55,0,0,0,23,"0,28",21,"0,01","0,1",75,28,"0,01",190,400,25,110,"0,4",0,0,0,"0,44",0,0,0,"0,05","0,31","1,8","0,24","0,19",0,0
"Merlan, frit",125,"3,61","0,94","1,6","0,41","0,034","0,05","0,17","70,1",0,0,0,"23,1","0,43","26,5","0,024","0,5",213,"34,1","0,014",165,402,"25,2",171,"0,47",0,0,0,"1,25",0,0,0,"0,047","0,087","2,58","0,39","0,26","28,9","1,89"
"Merlan, pané",190,"9,57","1,1",0,0,0,0,0,0,13,"1,7","0,9","12,6","0,64",48,0,"0,7",0,33,0,260,320,0,250,0,0,0,0,"2,48",0,0,0,0,0,0,0,0,0,0
"Merlu blanc du Cap, surgelé, cru",78,"1,52","0,51","0,15","0,014","0,02",0,0,0,0,0,0,"16,1","0,28",32,0,"0,4",0,0,0,0,0,29,"87,5",0,0,0,0,0,0,0,0,0,0,0,0,0,0,0
"Merlu, cru","82,6","1,35","0,22",0,"0,0056","0,0027","0,074","0,21","31,4",0,0,0,"17,6","0,22","25,3","0,082",1,"37,6","22,9","0,035",160,332,"31,2","98,6","0,64",0,0,"2,15","0,25",0,0,0,"0,08","0,17","1,7",0,"0,18",9,1
"Merlu, cuit à l'étouffée",112,3,"0,92",0,0,0,"0,11","0,28","77,4",0,0,0,"21,2","0,25","41,8","0,1","0,3",42,"29,2","0,1",190,290,22,"99,2","0,55","7,5",0,"3,2","0,6",0,0,0,"0,052","0,086","2,65","0,24","0,23","26,4","1,6"
"Merlu, filet, surgelé, cru",82,"2,4","0,6",0,0,0,0,0,0,0,0,0,"15,1","0,53","12,5","0,03","0,16","20,3","36,8",0,"39,2","57,9","32,7",262,"0,13",0,0,0,0,0,0,0,0,0,0,0,0,0,0
"Mérou, cru","82,3","0,86","0,2",0,0,0,"0,027","0,22",37,0,0,0,"18,6","0,13",19,"0,02","0,6",0,31,"0,014",145,483,0,53,"0,49",43,0,0,"0,5",0,0,0,"0,055","0,063","0,36","0,75","0,3",9,"0,6"
"Mesclun ou salade, mélange de jeunes pousses",18,0,0,0,0,0,0,0,0,"2,5",0,2,2,"0,048",0,0,0,0,0,0,0,0,0,19,0,0,0,0,0,0,0,0,0,0,0,0,0,0,0
Miel,"329,04",0,0,0,0,0,0,0,0,"81,7","79,8",0,"0,56","0,01","7,93","0,017","0,18","0,5","4,26","0,16","5,6","70,3",10,"4,11","0,098",0,0,0,0,0,0,"0,8",0,"0,069","0,11","0,069","0,092",2,0
"Mil entier, cru",359,"4,21","0,72","0,43","1,1","0,12",0,0,0,"64,3",0,"8,5",11,"0,0068","8,75","0,62","3,91",5,107,"1,17",263,208,16,"2,7","2,54",0,0,0,"0,05","0,9",0,0,"0,42","0,29","4,72","0,85","0,57","57,5",0
"Mil, cuit, non salé",116,1,"0,17",0,0,0,0,0,0,"22,4","0,13","1,3","3,51","0,005",3,"0,16","0,63",0,44,"0,27",100,62,0,2,"0,91",0,2,0,"0,02","0,3",0,0,"0,11","0,082","1,33","0,17","0,11",19,0
"Milk0shake, provenant de fast food",126,"4,66","2,53",0,0,0,0,0,17,"17,4","13,6","0,65","3,38","0,21",114,"0,063","0,29",0,13,"0,025",99,174,"1,7",82,"0,47","58,5",0,0,"0,25","0,4",0,"0,8","0,036","0,43","0,19","0,53","0,052",3,"0,27"
Mille0feuille,"292,02","11,3","5,27","2,67",0,"0,1","0,0017",0,27,"43,7","28,8","0,24","3,88","0,42","67,4",1,1,10,"14,4",1,71,111,"47,2",168,1,65,50,"0,2","0,57",0,0,0,"0,05","0,48","0,2","0,25","0,05","14,2","0,42"
Mimolette demi0vieille,365,"26,9","18,1",0,0,0,0,0,0,0,0,0,"31,5",0,0,0,0,0,0,0,0,0,0,0,0,0,0,0,0,0,0,0,0,0,0,0,0,0,0
Mimolette extra0vieille,387,"28,2","19,3",0,0,0,0,0,0,0,0,0,"33,9",0,0,0,0,0,0,0,0,0,0,0,0,0,0,0,0,0,0,0,0,0,0,0,0,0,0
Mimolette jeune,331,"24,2","17,4",0,0,0,0,0,0,0,0,0,"28,9",0,0,0,0,0,0,0,0,0,0,0,0,0,0,0,0,0,0,0,0,0,0,0,0,0,0
Mimolette vieille,397,"28,8",19,"5,75","0,45","0,1","0,01","0,01","87,9",0,"0,2",0,34,"3,68",910,"0,05","0,15",20,36,"0,03",660,88,20,1470,"4,5",262,114,"0,33","0,6","1,3",0,"0,5","0,015","0,3","1,15","0,38","0,066",33,"2,06"
"Mimolette, sans précision",308,"23,4","16,8",0,0,0,0,0,67,0,"0,25",0,"24,9","2,84",816,"0,07",1,10,"37,1","0,03",514,103,"4,9",1140,"3,1",120,112,"0,2","0,3",0,0,0,"0,03","0,33","0,1","0,32","0,05","18,4","0,57"
"Mirabelle, crue","76,9","0,5","0,01","0,01","0,01","0,01","0,01","0,01",0,18,"13,3","2,2","0,63","0,013",11,"0,08","0,13",20,"8,2","0,07",21,240,20,5,"0,11",0,346,0,"1,52","1,82",0,"5,29",0,"0,015","0,1","0,27","0,074","12,5",0
Miso,"162,99","5,31","1,01",0,0,0,0,0,0,"18,1","6,2","5,4","10,7","8,35","62,5","0,42","2,1",0,48,"0,86",235,273,0,3340,"2,56",0,52,0,"0,01","29,3",0,0,"0,079","0,17","0,6","0,34","0,2",19,"0,08"
Mont d'or ou Vacherin du Haut0Doubs (produit en France) ou Vacherin0Mont d'Or (produit en Suisse),302,"25,4","16,3",0,0,0,0,0,0,0,0,0,"18,9","1,38",491,"0,07",0,30,30,"0,02",430,120,"5,8",523,8,0,100,0,0,0,0,0,0,0,0,0,0,0,0
Morbier,355,"29,2","19,2","5,5","0,42","0,21","0,01","0,01",89,0,0,0,"22,8","1,41",600,"0,14","0,06",20,23,"0,02",430,83,20,562,"2,8",201,0,"0,25","0,55","2,25",0,"0,5","0,015","0,21","0,88","0,48","0,036",29,"1,79"
Mortadelle,305,"26,7","10,6","11,5","2,32","0,089",0,0,"72,5","1,4",0,0,15,"2,13","36,5","0,1","0,8","27,8","26,9","0,1",127,270,5,851,"1,5",7,0,"0,78","0,5",0,0,0,"0,33","0,16","4,09","0,52","0,25","31,5","0,68"
Mortadelle pistachée pur porc,320,"28,2","11,4",0,0,0,0,0,0,"1,16","0,48","1,97","14,4","2,08",0,0,0,0,0,0,0,0,0,822,0,0,0,0,0,0,0,0,0,0,0,0,0,0,0
"Mortadelle, porc et boeuf",297,"25,4","9,51",0,0,0,0,0,56,"0,7",0,0,"16,4","3,12",18,"0,06","1,4",0,11,"0,03",97,163,0,1250,"2,1",0,0,1,"0,22","1,6",0,0,"0,12","0,15","2,67","0,44","0,13",3,"1,48"
"Mortadelle, pur porc",298,"25,8","9,85",0,0,0,0,0,70,"1,55",1,0,"14,8","2,14",19,0,"1,1",0,0,0,180,236,0,850,"1,6",0,0,0,"0,09",0,0,0,"0,19","0,26","3,6",0,"0,08",4,0
"Morue, salée, bouillie/cuite à l'eau",113,"1,01","0,13","0,061","0,0038","0,00095","0,051","0,15",0,0,0,0,26,"5,8","64,9","0,089","0,35",74,"13,7","0,019",42,110,"20,7",2320,"0,84",2,0,"1,25","0,55",0,0,0,"0,04","0,052","0,47","0,16","0,075","23,5","2,2"
"Morue, salée, sèche",206,"1,67","0,31",0,0,0,"0,032","0,24",105,0,0,0,"47,6","12,3",124,"0,098","2,09",230,"80,7","0,05",551,1300,0,4900,"1,07","24,5",0,4,"1,67","0,4",0,0,"0,13","0,2","5,26","1,01","0,58","22,3","5,43"
"Moule commune, crue","71,8","1,82","0,45","0,11","0,037","0,029","0,15","0,15","65,2","2,69",0,0,"11,2","0,85","51,5","0,18","6,78",138,31,1,213,276,"48,3",339,"2,36",60,0,0,"1,6","0,1",0,"6,4","0,11","0,23","1,6","0,44","0,077","39,5","12,3"
"Moule de Méditerranée, crue","68,7","1,67",0,0,0,0,0,0,0,"2,77",0,0,"10,7",0,88,"1,1","10,9",0,44,"0,8",0,382,0,0,"4,6",0,0,0,0,0,0,0,0,0,0,0,0,0,0
"Moule, appertisée, égouttée",102,"2,2","0,54",0,"0,03","0,02","0,45","0,45",38,"5,93","0,5",0,"14,6","1,6",57,"0,16","8,44",197,42,"0,7",189,98,"57,2",639,"3,56","21,1",0,0,"3,5",0,0,0,"0,01","0,11",1,0,"0,08",27,"10,2"
"Moule, bouillie/cuite à l'eau",108,"2,09","0,37","0,0075","0,015","0,013","0,35","0,16","52,1","5,12",0,0,"17,2","0,8","59,4","0,11","3,99",106,"66,6","0,19",179,166,"55,7",322,"2,85","98,4",0,"0,34","2,27",0,0,"5,87","0,04","0,29","1,16","0,28","0,044",48,"17,6"
"Moules à la sauce catalane ou escabèche (tomate), appertisée, égouttée",145,"7,9","0,91",0,"3,21","0,03",0,0,0,5,"3,7",2,"12,5","1,73",0,0,0,0,0,0,0,0,0,691,0,0,0,0,0,0,0,0,0,0,0,0,0,0,0
"Moules farcies (matière grasse, persillade…), préemballées, crues",284,"24,8","16,6","4,52","0,35","0,1","0,25","0,09","88,5","4,43","0,3","1,26","9,56","1,08",40,"0,11","2,5",100,45,"0,16",180,180,30,430,2,209,0,"0,25","1,79","11,4",0,"0,5","0,015","0,14","1,09","0,34","0,063","54,2","19,3"
Moules marinières (oignons et vin blanc),92,"2,24","0,99",0,"0,17","0,01",0,0,0,"7,43","1,05","0,53","10,3","0,69",0,0,0,0,0,0,0,0,0,345,0,0,0,0,0,0,0,0,0,0,0,0,0,0,0
Moussaka,147,"10,8","3,37",0,0,"0,03",0,0,31,"5,16","3,01","2,84","5,82","0,97",16,"0,06","0,62","5,2",22,"0,06",150,576,"1,4",393,"0,47",37,150,"0,2","0,46",0,0,"3,1","0,06","0,11","1,3","0,33","0,09",10,"0,6"
"Mousse à la crème de marrons, préemballée",207,"6,5","4,52","1,11","0,12","0,03","0,01","0,01","15,7","34,4","28,3","1,1","2,17","0,04",36,"0,06","0,19",20,"9,3","0,48",33,130,20,16,"0,22","56,5","22,9","0,25","0,21","0,8",0,"0,5","0,019","0,031","0,21","0,15","0,02","24,4","0,029"
"Mousse au chocolat (base laitière), rayon frais",150,"4,4","2,81","1,12","0,09","0,01","0,01","0,01","11,5","21,3","18,9",3,"5,42","0,16",149,"0,29","4,64","13,5","59,5","0,3",122,371,10,62,"0,59",23,16,"0,2","0,17",0,0,"0,5","0,03","0,17","0,28","0,39","0,035",22,"0,07"
"Mousse au chocolat traditionnelle, préemballée",303,"18,6","15,4",0,0,0,0,0,0,"25,6","21,5","3,8","6,52","0,25",0,0,0,0,0,0,0,0,0,100,0,0,0,0,0,0,0,0,0,0,0,0,0,0,0
"Mousse au chocolat végétale, préemballée",262,14,"9,04","3,65","0,56","0,03","0,01","0,01",0,"24,3","23,1","5,1","6,69","0,36",34,"0,64",6,20,81,"0,71",150,370,20,143,"1,2",0,"7,02","0,82","0,36","2,72",0,"0,5","0,049","0,01","5,23","0,27","0,016","15,6",0
"Mousse aux fruits, rayon frais","53,1","0,3","0,01","0,01","0,01","0,01","0,01","0,01","5,48","5,51","4,31","1,2","6,25","0,09",140,"0,01","0,08",20,"9,1","0,05",98,130,20,36,"0,33",21,"11,3","1,16","0,095","0,8",0,"0,5","0,015","0,14","0,1","0,37","0,02","7,39","0,4"
Mousse de canard,395,"36,1","13,7",0,"5,67","0,37",0,0,0,"7,07","2,05","0,45","10,1","1,58",0,0,0,0,0,0,0,0,0,627,0,0,0,0,0,0,0,0,0,0,0,0,0,0,0
Mousse de foie de porc,287,"24,9","9,34","9,44","2,5","0,21","0,0011","0,0044",132,"3,39","1,89","0,75",12,"1,72","18,5","0,42","4,02",0,"11,7","0,2",148,180,"16,9",680,"2,36",2750,0,"0,26","0,41",0,0,0,"0,11",0,"5,11",0,"0,16","9,84","3,11"
Mousse de foie de porc supérieure ou Crème de foie,322,"26,1","10,5",0,0,0,0,0,0,"10,3","2,18","0,72","11,1","1,99",0,0,0,0,0,0,0,0,0,790,0,0,0,0,0,0,0,0,0,0,0,0,0,0,0
"Mousse de fromage blanc sur lit de fruits, 0% MG, avec édulcorants, enrichie en calcium et vitamine D","53,97","0,45","0,26",0,0,0,0,0,0,6,"5,05","1,35","6,48","0,15",120,0,0,0,0,0,0,0,0,60,0,0,0,"0,75",0,0,0,0,0,0,0,0,0,0,0
"Mousse liégeoise (chocolat, café, caramel ou vanille), rayon frais",186,"10,1","6,64",0,0,0,0,0,0,20,"18,3","0,75","3,62","0,14",0,0,0,0,0,0,0,0,0,"57,6",0,0,0,0,0,0,0,0,0,0,0,0,0,0,0
Moutarde,152,"11,2","0,76","1,86","1,38","0,91","0,005","0,005",0,"4,33","1,66",1,"6,92","6,3","86,3","0,082","1,83",3,"48,3","0,39",130,150,6,1860,"0,67",0,51,0,"0,36","1,4",0,"0,3","0,11","0,048","0,57","0,19","0,071","7,5",0
Moutarde à l'ancienne,142,"9,9","0,61","1,68","2,03","1,25","0,01","0,01","5,44","2,2","2,2","4,5","6,6","4,9",110,"0,16","1,7",20,95,"0,57",210,200,70,1960,"1,1",21,"29,3","0,25","1,18","2,63",0,"0,5","0,22","0,044","0,94","0,21","0,018",18,0
"Mouton, épaule, crue",204,"14,5","7,71","5,23","0,4","0,4",0,0,78,"0,1",0,0,"18,3","0,23","8,25","0,095","2,15",3,16,"0,01",130,301,"0,4","90,5","3,5",45,0,"0,4","0,43",0,0,1,"0,17","0,27","5,4","0,55","0,2",2,5
"Mouton, gigot, cru",225,17,0,"5,23","1,27","0,083","0,02","0,01",0,0,0,0,18,"0,2",10,"0,1","2,5","1,8",23,"0,02",213,380,2,78,"3,7",0,0,0,0,0,0,0,0,0,0,0,0,0,0
"Mouton, pied, cru",204,"14,6",0,0,0,0,0,0,0,0,0,0,"18,1","0,19",10,0,"1,5",0,16,0,165,295,0,75,0,0,0,0,0,0,0,0,"0,16","0,22","5,2",0,"0,33",0,"2,2"
"Mouton, tête, crue",204,"14,6",0,0,0,0,0,0,0,0,0,0,"18,1","0,19",10,0,"1,5",0,16,0,165,295,0,75,0,0,0,0,0,0,0,0,"0,16","0,22","5,2",0,"0,33",0,"2,2"
"Mouton, viande, crue",137,"6,11",0,0,0,0,0,0,0,0,0,0,"20,6","0,22","9,5","0,12","2,29",4,"24,6","0,015",114,279,"2,97","86,4","3,6",0,0,0,0,0,0,0,0,0,0,0,0,0,0
"Mozzarella au lait de bufflonne ou buflesse (""di bufala"")",260,"22,3",15,"4,37","0,41","0,06","0,01","0,01","60,3","0,24",0,0,"14,5","0,49",260,"0,03","0,11",30,"9,8","0,01",210,17,20,197,"2,1",141,170,"0,25","0,28","2,35",0,0,"0,015","0,096","0,1","0,046","0,011","23,6","0,45"
Mozzarella au lait de vache,227,"17,7","11,7","3,58","0,34","0,06","0,01","0,01",79,"0,75","0,7",0,"16,5","0,6",545,"0,011","0,44","37,2",20,"0,03",354,76,"16,3",240,"2,92",174,57,"0,4","0,19","2,3",0,0,"0,03","0,28","0,1","0,14","0,037",7,"2,28"
Muesli (aliment moyen),418,"12,2","5,04","4,57","2,03","0,049",0,"0,0075","1,76","66,6","25,9","6,4","7,49","0,7","76,2","0,36","5,64","78,8","79,8","2,13",247,431,"10,2",274,"1,65","1,2","1,54","0,2","1,76",0,0,"14,1","0,76","0,89","10,5","4,52","1,09",193,"1,17"
Muesli croustillant au chocolat (non enrichi en vitamines et minéraux),442,"16,7","7,74","6,86","1,34","0,043","0,01","0,01","2,41","63,2","22,7","7,42","8,57","0,35",31,"0,37","2,6",20,106,"1,8",250,340,20,142,"1,5",21,"5,15","0,25","2,42","0,8",0,"0,5","0,44","0,08","2,27","0,58","0,11","31,4",0
"Muesli croustillant au chocolat, avec ou sans fruits, enrichi en vitamines et minéraux",451,"16,7","6,45","7,33","1,92","0,06","0,01","0,01","10,7","62,7","21,8","6,7","9,13","0,44",190,"0,35","4,1",20,80,"1,9",240,290,20,174,"1,8",21,5,"0,25","1,53","2,57",0,64,"0,69","0,91","10,3","0,56","0,055","18,5","1,6"
"Muesli croustillant aux fruits et/ou fruits secs, graines (non enrichi en vitamines et minéraux)",436,"16,7","6,61","6,98","2,41","0,06","0,01","0,01","0,9","59,7","21,7","8,68","8,88","0,34",340,"0,32","6,07",44,102,"2,2",277,390,20,136,"1,8",21,"10,5","0,25","2,33","5,32",0,"66,7","0,7","1,17","13,3",5,"1,17",167,"2,08"
"Muesli croustillant aux fruits ou fruits secs, enrichi en vitamines et minéraux",460,"17,3","8,33","5,83","2,36","0,044",0,"0,0094","2,93","68,4",30,"3,83","5,67",1,"57,3","0,39","5,77",0,"71,8","2,1",206,382,"10,5",390,"1,6",2,0,"0,5","2,15",0,0,"17,3","0,8","0,93","10,5","6,75","1,13",204,"0,89"
"Muesli croustillant, au quinoa","420,78","10,7","4,09","3,61","1,57","0,068",0,0,0,"71,2",0,"3,4","9,92","0,057",0,0,0,0,0,0,0,0,0,"22,9",0,0,0,0,0,0,0,0,0,0,0,0,0,0,0
Muesli enrichi en vitamines et minéraux (aliment moyen),424,"12,8","5,55","4,54","2,05","0,046",0,"0,0078","1,86","67,3","27,7","5,58","6,96","0,81","57,9","0,36","5,67","82,7","78,5","2,14",244,433,"10,3",319,"1,64","0,63","0,92","0,2","1,66",0,0,"11,1","0,77","0,89","10,5","4,58","1,09",196,"1,14"
Muesli floconneux aux fruits ou fruits secs (non enrichi en vitamines et minéraux),369,"6,9","2,12","2,84","1,4","0,08","0,01","0,01",0,"61,7","20,6",11,"9,5","0,1",0,0,0,0,0,0,240,0,0,40,0,0,0,0,0,0,0,0,0,0,0,0,0,0,0
"Muesli floconneux aux fruits ou fruits secs, enrichi en vitamines et minéraux",361,5,"0,75","2,31","1,53","0,05","0,01","0,01",0,"65,4","23,8","8,6","9,19","0,49",59,"0,32","5,5",20,90,"2,2",310,520,20,196,"1,7",0,5,"0,25","0,8","2,89",0,"0,5","0,71","0,81","10,5","0,84","1,01",183,"1,58"
"Muesli floconneux aux fruits ou fruits secs, sans sucres ajoutés",400,11,1,0,0,"0,063",0,0,0,"61,6","18,6","5,7","10,7","0,25",143,"0,39","3,2",2,"74,5","1,61",315,460,"7,45",100,"1,86",0,8,"0,5","4,6",0,0,"0,5","0,67","0,28","2,1","0,6","1,08","96,7","0,08"
Muesli floconneux ou de type traditionnel,382,"4,83","0,83",0,0,0,0,0,0,"68,5","11,9","11,4","10,6","0,15",0,0,0,0,0,0,0,0,0,60,0,0,0,0,0,0,0,0,0,0,0,0,0,0,0
Muesli non enrichi en vitamines et minéraux (aliment moyen),401,"11,6","4,29","4,84","1,89","0,07","0,005","0,005",0,"60,7","21,1","9,88","9,2","0,22",0,0,0,0,0,0,258,0,0,"86,3",0,0,0,0,0,0,0,0,0,0,0,0,0,0,0
"Muffin anglais, complet, petit pain spécial, préemballé",217,"1,87","0,2",0,0,0,0,0,0,"32,9","2,13","7,07","12,5","0,98",0,0,0,0,0,0,0,0,0,393,0,0,0,0,0,0,0,0,0,0,0,0,0,0,0
"Muffin anglais, petit pain spécial, préemballé",228,"1,88","0,42",0,0,0,0,0,0,"39,6","4,25","3,18","10,6","1,05",0,0,0,0,0,0,0,0,0,418,0,0,0,0,0,0,0,0,0,0,0,0,0,0,0
"Muffin, aux myrtilles ou au chocolat","428,56","23,4","4,13","10,4","3,15","0,99","0,005","0,017",84,"48,9","27,9","1,55","5,59","0,9","27,6",1,2,10,"18,7",1,158,100,"3,2",352,1,71,50,"0,2","6,2","39,2",0,"0,6","0,05","0,14","0,05","0,51","0,05","91,2","0,46"
"Mulet, cru",113,"3,62","1,17",0,0,0,"0,7","0,18",59,0,0,0,"20,1","0,18","13,6","0,1","0,7",14,"26,7","0,1",171,305,168,"70,4","0,58",2,0,"2,12","0,64","0,1",0,"1,2","0,16","0,24","6,31","0,76","0,37",9,"5,56"
"Mulet, rôti/cuit au four",143,"4,86","1,43",0,0,0,"0,35","0,16",63,0,0,0,"24,8","0,18",31,"0,11","1,41",190,33,"0,051",244,458,0,71,"1,21",42,0,0,0,0,0,"1,2","0,08","0,13","5,05","0,88","0,49",10,"0,25"
"Multi0céréales soufflées ou extrudées, enrichies en vitamines et minéraux",392,"4,27","2,01",0,0,0,0,0,0,"79,4","33,3","3,49","7,39","0,75",252,0,"9,43",5,60,0,190,230,12,488,1,0,0,0,"0,5",0,0,51,"1,13","1,28","14,2","5,1","1,6",189,"0,8"
Munster,344,29,"18,8","4,88","0,55","0,18",0,0,96,0,0,0,"21,2","1,78",717,"0,031","0,41","30,4",27,"0,008",468,134,"4,32",670,"2,81",297,13,"0,6","0,26","2,5",0,0,"0,013","0,32","0,1","0,19","0,056",12,"1,47"
"Mûre (de ronce), crue","47,3","0,7","0,07","0,15","0,35","0,08","0,01","0,01",0,"6,53","6,1","5,2","1,13","0,013",31,"0,07","0,4",20,20,"1,1",25,200,20,5,"0,18",0,156,0,"1,28","14,1",0,"10,1","0,015","0,02","0,33","0,31","0,015",17,0
"Mûre (de ronce), surgelée, crue","51,46","0,42","0,015",0,0,0,0,0,0,"10,7",0,5,"1,22","0,0025",29,"0,12","0,8",0,22,"1,22",30,140,0,1,"0,25",0,68,0,"1,17","19,8",0,"3,1","0,029","0,046","1,21","0,15","0,061",34,0
"Mûre noire (du mûrier), crue","41,67","0,39","0,027",0,0,0,0,0,0,"8,1","8,1","1,7","1,44","0,025",39,"0,06","1,85","0,4",18,"1,1",38,194,0,10,"0,12",0,9,0,"0,87","7,8",0,"36,4","0,029","0,1","0,62","0,26","0,05",6,0
Museau de boeuf,151,"5,17",0,0,0,0,0,0,0,0,0,0,"26,2",0,0,0,0,0,0,0,0,0,0,0,0,0,0,0,0,0,0,0,0,0,0,0,0,0,0
Museau de boeuf en vinaigrette,167,"13,1","1,5",0,0,0,0,0,0,1,"0,5",0,"11,3","1,59",0,0,0,0,0,0,0,0,0,634,0,0,0,0,0,0,0,0,0,0,0,0,0,0,0
Museau de porc vinaigrette,185,"16,3",4,"8,01","3,73","0,24",0,0,587,"1,02","0,62","0,55","8,22","1,75","14,7",0,"1,4",0,"7,8",0,0,97,0,700,"1,6",0,0,0,0,0,0,0,0,0,0,0,0,0,0
"Myrtille, crue","57,7","0,33","0,028",0,0,0,0,0,0,"10,6","9,96","2,4","0,87","0,0025",6,"0,057","0,28","0,5",6,"0,34",12,77,0,1,"0,16",0,32,0,"0,57","19,3",0,"9,7","0,037","0,041","0,42","0,12","0,052",6,0
"Myrtille, surgelée, crue","42,19","0,43","0,032",0,0,0,0,0,0,"8,9","8,9","2,81","0,68","0,0026",10,"0,035","0,39",0,"4,25","0,18",10,"55,5",0,1,"0,068",0,29,0,"0,5","17,1",0,"8,08","0,029","0,041","0,45","0,13","0,059",7,0
Navarin d'agneau aux légumes,133,"8,61","1,4",0,0,0,0,0,"40,3",5,"0,9","1,65","8,05","0,63","22,1","0,065","1,31","5,16","17,9","0,16",107,230,"1,8",260,"0,85","20,7",846,"0,039","0,84",0,0,"4,76","0,1","0,14","3,15","0,4","0,14","18,4","1,19"
"Navet, bouilli/cuit à l'eau","21,1","0,3","0,01","0,01","0,01","0,01","0,01","0,01",0,"3,23","2,8","2,1","0,75","0,025",32,"0,06","0,08",20,"5,8","0,04",20,170,20,10,"0,06",0,5,0,"0,08","0,8",0,"7,25","0,015","0,01","0,26","0,097","0,029","17,1",0
"Navet, cuit","20,6","0,2","0,008",0,0,0,0,0,0,"3,8","2,9","2,2","0,9","0,073","37,3","0,045","0,11",10,"8,75","0,045",26,237,10,29,"0,099",0,50,0,"0,02","0,1",0,"5,6","0,05","0,05","0,05","0,21","0,06",9,0
"Navet, pelé, cru","22,74","0,1","0,011",0,0,0,0,0,0,"4,7","3,8","1,9","0,76","0,11",40,"0,063","0,4","0,5","9,5","0,1","38,5",237,"1,25",42,"0,25",0,0,0,"0,03","0,1",0,"18,5","0,04","0,038","0,7","0,2","0,085","17,5",0
"Navet, surgelé, cru","12,9","0,18","0,017",0,0,0,0,0,0,2,"1,9","1,85","0,82","0,066",23,"0,045","0,7",0,10,"0,071",20,137,0,25,"0,14",0,0,0,0,0,0,"4,4","0,03","0,02","0,4","0,11","0,048",8,0
Nectar d'abricot,"55,91","0,03","0,005",0,0,0,0,0,0,"13,7",11,"0,08","0,21","0,0042","11,5","0,039","0,38","0,2","5,28","0,022",9,114,"2,2","1,68","0,05",0,786,0,"0,31","1,2",0,"17,6","0,009","0,014","0,26","0,096","0,022",1,0
Nectar d'ananas,"52,4",0,0,0,0,0,0,0,0,13,"11,2",0,"0,1",0,13,0,0,0,8,0,0,90,0,0,0,0,0,0,0,0,0,0,"0,02","0,01",0,0,"0,05",0,0
Nectar d'orange,"37,04","0,08","0,005",0,0,0,0,0,0,"8,79","8,79","0,18","0,29","0,018","7,69","0,023",0,"1,1","5,96","0,022","7,7","82,8","2,2","6,51","0,041",0,10,0,0,0,0,"21,2","0,04","0,01","0,17",0,"0,01","10,8",0
Nectar de banane,"55,752","0,048","0,03",0,0,0,0,0,0,"13,6","12,6","0,51","0,23","0,0046","5,8","0,02","0,07",20,8,"0,06","5,7",91,20,"1,82","0,05",0,"6,95",0,0,"0,8",0,"11,6","0,013","0,01","1,24","0,053","0,059","14,8",0
Nectar de fruit de la passion ou maracuja,"62,9","0,1",0,0,0,0,0,0,0,"15,2",13,0,"0,3","0,025","1,7","0,02",0,"1,1","3,8",0,0,"72,8","0,1",3,"0,02",0,100,0,0,0,0,"17,4",0,0,0,"0,05","0,02",3,0
Nectar de goyave,"47,2","0,16","0,005",0,0,0,0,0,0,"11,3","9,97","0,14","0,14","0,0051","7,8","0,02","0,07",20,"2,6","0,03","4,5",61,20,"2,02","0,05",0,166,0,0,"0,8",0,36,"0,011","0,01","1,39","0,034","0,011","10,3",0
Nectar de mangue,"50,747","0,083","0,058",0,0,0,0,0,0,"12,3","11,6","0,15","0,2","0,011","8,1","0,02","0,08",20,"3,7","0,03","3,8",39,20,"4,59","0,05",0,784,0,0,"0,8",0,18,"0,024","0,011","2,1","0,17","0,039","17,1",0
Nectar de papaye,"57,63","0,15","0,047",0,0,0,0,0,0,"13,9","13,9","0,6","0,17","0,013",10,"0,013","0,34",0,3,"0,013",0,31,0,5,"0,15",0,91,0,"0,24","0,8",0,3,"0,006","0,004","0,15","0,054","0,009",2,0
Nectar de pêche,"49,73","0,05","0,002",0,0,0,0,0,0,"12,1","11,9","0,33","0,22","0,011",5,"0,069","0,19",0,4,"0,019",6,40,0,"4,37","0,08",0,128,0,"0,29",1,0,"5,3","0,003","0,014","0,29","0,068","0,007",1,0
Nectar de poire,"60,347","0,043","0,001",0,0,0,0,0,0,"14,8","11,4","0,45","0,19","0,0033",5,"0,067","0,26","0,7",3,"0,03",3,13,0,"1,3","0,07",0,1,0,"0,05","1,8",0,"1,1","0,002","0,013","0,13","0,022","0,014",1,0
Nectar de pomme,"44,835","0,075","0,05",0,0,0,0,0,0,"10,9","10,6","0,1","0,14","0,01","4,9",0,0,0,"3,94",0,"4,33","64,9",0,4,0,0,0,0,0,0,0,0,0,0,"0,08",0,0,"12,2",0
"Nectar multifruit 0 base orange, multivitaminé","46,9","0,1",0,0,0,0,0,0,0,"11,1","10,3","0,5","0,4",0,0,0,0,0,"6,3",0,0,"85,7",0,0,0,0,427,0,0,0,0,"36,2",0,0,"1,64",0,0,23,0
"Nectar multifruit 0 base orange, standard","51,08","0,12","0,1",0,0,0,0,0,0,"12,2","10,8","0,5","0,3","0,025",0,0,0,0,"6,7",0,0,"86,8",0,10,0,0,110,0,0,0,0,"13,2",0,0,"0,21",0,0,"13,8",0
"Nectar multifruit 0 base pomme, multivitaminé","37,7","0,1",0,0,0,0,0,0,0,"9,1","9,1",0,"0,1",0,0,0,0,0,"4,4",0,0,"43,2",0,0,0,0,0,0,0,0,0,"15,1",0,0,"0,28",0,0,17,0
"Nectar multifruit 0 base pomme, standard","42,02","0,1",0,0,0,0,0,0,0,10,10,0,"0,28",0,0,0,0,0,"4,7",0,0,"78,5",0,0,0,0,0,0,0,0,0,0,0,0,"0,27",0,0,35,0
"Nectar multifruit, multivitaminé","47,06","0,1","0,0067",0,0,0,0,0,0,"11,3","10,9","0,15","0,24","0,016","3,1","0,1","0,2",1,"5,4","0,1",10,"79,1","0,3","6,36","0,1",0,267,"0,5","1,05",0,0,16,"0,14","0,2","1,63","0,62","0,22","22,9",0
"Nectar multifruit, standard","49,7","0,089","0,013",0,0,0,0,0,0,"11,5",11,"0,3","0,3","0,009","9,17","0,05",0,10,"5,35","0,05","6,17","87,4","0,3","3,43",0,120,"26,1",0,"0,97",0,0,"20,6","0,095","0,025","1,09","0,6","0,14","22,1",0
"Nectar, avec édulcorants, allégé en sucres","22,933","0,037","0,0067",0,0,0,0,0,0,"5,47","5,25","0,11","0,18","0,0087",0,0,0,0,0,0,0,0,0,"3,48",0,0,0,0,"1,5",0,0,"10,8","0,21","0,24","2,7","0,9","0,3",30,0
"Nectarine ou brugnon, blanche, pulpe et peau, crue","51,8","0,5","0,01","0,01","0,01","0,01","0,01","0,01",0,"11,4","8,9","0,5","0,81","0,013",5,"0,07","0,13",20,"8,1","0,06",18,210,20,5,"0,1",0,5,0,"1,04","0,8",0,"3,01","0,015","0,02","0,1","0,22","0,01","11,9",0
"Nectarine ou brugnon, jaune, pulpe et peau, crue","51,3","0,5","0,01","0,01","0,01","0,01","0,01","0,01",0,"11,3","8,8","0,6","0,69","0,013","4,8","0,06","0,13",20,8,"0,05",19,220,20,5,"0,11",0,144,0,"0,08","0,8",0,"3,38","0,015","0,01","0,56","0,22","0,01","8,4",0
"Nectarine ou brugnon, pulpe et peau, crue","43,03","0,31","0,025",0,0,0,0,0,0,"8,9","7,89","1,7","1,16","0,0027","3,38","0,078","0,28","0,3","8,31","0,061","26,7",201,"2,2","1,09","0,091",0,150,0,"0,77","2,2",0,"5,4","0,034","0,027","1,13","0,19","0,025",5,0
Nem ou Pâté impérial,216,"11,2","2,9","1,55","0,99","0,059","0,00053","0,0028",28,"21,1","3,02","2,54","6,48","1,52",25,"0,1","0,9",1,16,"0,2",67,160,"4,38",609,"0,62",2,180,"0,5","0,82",0,0,"0,5","0,11","0,057","1,4","0,25","0,12","23,1","0,22"
"Nem ou Pâté impérial, au porc, préemballé, cuit",237,"12,7","3,07","6,08","2,27","0,07","0,01","0,01","15,7","22,6","1,9","2,4","6,88","1,14",25,"0,12","0,91",20,23,"0,31",82,230,20,457,"0,79",21,394,"0,25","2,33","1,58",0,"0,5","0,083","0,01","0,94","0,37","0,08","32,3","0,18"
"Nem ou Pâté impérial, au poulet, préemballé, cuit",197,"8,1","1,25","4,3","1,83","0,04","0,01","0,01","17,9","20,9","1,9","3,3","8,06","1,19",29,"0,12",1,20,23,"0,29",96,220,20,477,"0,81",21,602,"0,25","1,18","1,5",0,"0,5","0,18","0,01","1,53","0,52","0,079","21,9","0,095"
"Nem ou Pâté impérial, aux crevettes et/ou au crabe, préemballé, cuit",213,"9,2","1,13","5,62","1,72","0,03","0,01","0,01","27,7","23,7","2,4","2,7","7,44","1,2",47,"0,2","1,1",20,25,"0,35",89,180,20,480,"0,83",21,688,"0,25","1,99","1,84",0,"0,5","0,041","0,043","0,1","0,33","0,056","32,6","0,51"
Neufchâtel,287,"23,9",20,0,"0,14","0,023","0,023","0,023",84,0,0,0,"18,5","1,87","74,5","0,02","0,07",32,"9,17","0,01",198,117,50,748,"0,55",186,27,"0,3","0,4","1,95",0,0,"0,084","0,5","1,36","0,18","0,32","94,5","0,65"
Noisette,"598,34","56,9","4,75","43,4","5,35","0,05","0,01","0,01",0,"7,16","4,9","11,6","14,4","0,013",120,"1,7",3,20,160,"3,3",340,860,20,5,"2,3",0,"15,9","0,25","16,3","0,8",0,"0,5","0,35","0,088","0,71","1,64","0,21","65,2",0
Noisette grillée,"672,44",66,"4,51",0,0,0,0,0,0,"5,21","4,26","9,4","14,4",0,123,"1,75","4,38",0,173,"5,55",310,755,0,0,"2,5",0,36,0,"15,3",0,0,"3,8","0,34","0,12","2,05","0,92","0,62",88,0
"Noisette grillée, salée","635,08","61,2","6,43",0,0,0,0,0,0,"7,67","2,91","9,43","13,4","0,83",0,0,0,0,0,0,0,0,0,333,0,0,0,0,0,0,0,0,0,0,0,0,0,0,0
"Noix de cajou, grillée à sec, non salée",630,49,"8,87","28,5","8,92","0,09","0,01","0,01",0,"23,5","6,63","5,7","17,4","0,02",38,"2,7","5,7",0,280,"1,8",530,680,20,8,"5,6",0,"9,3","0,25","0,58","31,3",0,"0,5","0,36","0,049","0,56","0,98","0,17","25,6",0
"Noix de cajou, grillée, non salée",618,"48,1","8,24","28,6","8,49","0,07","0,01","0,03",0,"21,3","6,64","8,4","17,4","0,015",39,"2,2","5,4",0,260,"1,6",510,610,20,6,5,0,"7,91","0,25","1,33","34,7",0,"0,5","0,4","0,031","1,03","0,83","0,11","30,2",0
"Noix de cajou, grillée, salée",574,"49,5","10,5","27,2","8,71","0,1",0,0,0,"26,7","8,01","3,85","15,2","1,15","40,3",2,"3,9","6,2",223,"1,1",452,546,5,455,"5,4",0,0,0,"0,75","34,7",0,"0,5","0,36","0,15","1,14","0,49","0,38","51,4",0
"Noix de coco, amande immature, fraîche","339,7","33,5","29,7",0,0,0,0,0,0,"6,22","6,22",9,"3,33","0,05",14,"0,44","2,43",0,32,"1,5",113,356,0,20,"1,1",0,0,0,"0,24","0,2",0,"3,3","0,066","0,02","0,54","0,3","0,054",26,0
"Noix de coco, amande mûre, fraîche","339,7","33,5","29,7",0,0,0,0,0,0,"6,22","6,22",9,"3,33","0,05",14,"0,44","2,43","1,2",32,"1,5",113,356,0,20,"1,1",0,0,0,"0,24","0,2",0,"3,3","0,066","0,02","0,54","0,3","0,054",26,0
"Noix de coco, amande, sèche","657,38","66,3","57,7","3,3","0,71","0,005",0,"0,0033",0,"8,55","6,64",14,"6,62","0,064","18,4","0,67","3,46","0,3",90,"2,75",197,647,"6,8","26,6","1,26",0,0,0,"0,44","0,3",0,"1,5","0,048","0,07","0,6","0,5","0,17","16,5",0
Noix de macadamia,"734,72","75,8","11,8",0,0,0,0,0,0,"5,22","4,24","8,6","7,91","0,013",85,"0,76","3,69",2,130,"4,13",188,368,0,5,"1,3",0,0,0,"0,54",0,0,"1,2","1,2","0,16","2,47","0,76","0,28",11,0
"Noix de macadamia, grillée, salée","699,76","70,2",11,0,0,0,0,0,0,"9,95","4,4","9,5","7,04","0,9",70,"0,57","2,65",0,118,"3,04",198,363,0,360,"1,29",0,0,0,"0,57",0,0,"0,7","0,71","0,087","2,27","0,6","0,36",10,0
Noix de muscade,507,"36,3","25,9",0,0,0,0,0,0,"28,5","2,99","20,8","5,3","0,04",184,"1,03","3,04",0,183,"2,9",213,350,"1,6",16,"2,15",0,28,0,0,0,0,3,"0,35","0,057","1,3",0,"0,16",76,0
Noix de pécan,"713,4","72,6","6,62","40,6","22,1","1,01",0,0,0,"5,43","3,64","8,33","9,57","0,0025","69,8","1,2","2,57",2,123,"4,27",277,409,"5,2",1,"4,61",0,29,0,"1,4","3,5",0,"0,97","0,59","0,12","1,17","0,82","0,2","19,8",0
"Noix de pécan, salées","717,8",73,"7,1",0,0,0,0,0,0,5,"4,9",3,"10,2",1,0,0,0,0,0,0,0,0,0,400,0,0,0,0,0,0,0,0,0,0,0,0,0,0,0
Noix du Brésil,654,"66,1",16,"19,5","25,2","0,059",0,0,0,"6,17","2,33","6,4","14,8","0,0075",150,"1,75","2,47","0,05",367,2,658,591,103,3,"4,13",0,0,0,"5,33",0,0,"0,7","0,87","0,035","0,25","0,21","0,1",13,0
"Noix, fraîche","369,96","31,8","2,93","3,79","19,5","3,77","0,01","0,01",0,"9,94","1,3","3,9",11,"0,013",94,"0,93","1,5",20,120,"2,7",260,390,20,5,"2,2",0,52,"0,25","1,6","2,04",0,"0,5","0,21","0,12","0,38","1,06","0,16",108,0
"Noix, séchée, cerneaux",712,"67,3","6,45","13,4","36,1","7,5","0,01","0,01",0,"6,88",3,"6,7","13,3","0,13",75,"1,1","2,2",20,140,"2,9",360,430,20,5,"2,7",0,"20,7","0,25","1,67","2,4",0,"0,77","0,3","0,05","0,4","0,67","0,19",120,"0,08"
"Nori (Porphyra sp.), séchée ou déshydratée",255,"1,63",0,0,0,0,0,0,0,"10,5",0,"36,3","31,5","4,96",318,"1,06","37,2",5100,486,"3,94",518,1730,"51,2",1980,"4,52",0,0,"0,56","2,87",0,0,"57,3","0,58","1,91","5,82","0,25","0,53","21,7","38,8"
Nougat glacé,263,"15,2",11,0,"1,96","0,026","0,00028","0,00028","22,7","25,3","20,5","2,76","4,93","0,13",95,"0,15","0,54",20,43,"0,29",120,230,20,"49,6","0,47","62,2",27,"0,25","3,18","1,22",0,"0,5","0,036","0,16","0,25","0,52","0,051","17,5","0,24"
Nougat ou touron,"508,32","25,2","1,61",0,0,0,0,0,0,"62,5",58,"0,7","7,88","0,0025",173,"0,31","1,4",0,54,"0,61",265,377,0,1,"1,23",0,0,0,"12,4",0,0,0,"0,16","0,25","1,2",0,"0,08",26,0
"Nouilles asiatiques cuites, aromatisées",147,"4,3","0,5",0,0,0,0,0,0,"18,8",2,"6,3","4,78","1,2",0,0,0,0,0,0,0,0,0,470,0,0,0,0,0,0,0,0,0,0,0,0,0,0,0
Nouilles sautées/poêlées aux crevettes,104,"3,4","1,16","0,76","1,09","0,05","0,01","0,02","25,7","12,6","1,7","1,6","4,88","0,84",22,"0,07","0,5",20,19,"0,19",54,100,20,334,"0,42",21,380,"0,25","0,68","7,53",0,"0,5","0,053","0,35","0,37","0,18","0,056",77,"0,21"
"Nuggets de blé (sans soja), préemballé",284,"14,9","1,48","7,67","4,45","0,27","0,01","0,01",0,"22,4","1,33","2,55","12,6","0,67",22,"0,11","0,88",20,15,"0,41",82,340,20,269,"0,68",0,5,"0,25","6,84","5,24",0,"0,5","0,053","0,01","0,24","0,27","0,026","12,3",0
"Nuggets soja et blé (convient aux véganes ou végétaliens), préemballé",251,"10,9","1,14","5,91","3,06","0,11","0,01","0,01",0,"19,7","1,75","5,38","15,5","1,39",61,"0,25","2,4",20,50,"0,89",160,330,20,556,1,0,"21,3","0,25","3,76","2,58",0,"0,5","0,069","0,1","0,61","0,34","0,042","31,5",0
"Nuggets soja et blé (ne convient pas aux véganes ou végétaliens), préemballé",253,"12,6","1,34","5,06","5,04","0,26","0,01","0,01",2,"18,5","3,17","4,18","14,1","1,18",55,"0,26","1,7",20,56,"0,69",150,400,20,472,"0,97",21,"13,8","0,25","3,88","0,8",0,"4,36","0,14","0,071","0,31","0,36","0,056","23,1","0,034"
Oeuf au jambon en gelée,"88,3","4,7",0,0,0,0,0,0,0,0,0,0,"11,5","1,35","26,2",0,1,0,"7,1",0,0,113,0,541,"0,8",0,0,0,0,0,0,0,0,0,0,0,0,0,0
"Oeuf d'oie, cru",180,"13,3","3,6","5,35","0,68","0,55",0,0,852,"1,4","0,94",0,"13,8","0,35",60,"0,062","3,64",0,16,"0,038",208,210,0,138,"1,33",185,13,"1,7","1,29","0,4",0,0,"0,15","0,38","0,19","1,76","0,24",76,"5,1"
"Oeuf de caille, cru",154,"11,1","3,56",0,0,0,0,0,844,"0,41","0,4",0,"13,1","0,35",64,"0,062","3,65",0,13,"0,038",226,132,0,141,"1,47",155,11,"1,4","1,08","0,3",0,0,"0,13","0,79","0,15","1,76","0,15",66,"1,58"
"Oeuf de cane, cru",181,"13,8","3,68","6,09","0,56","0,1",0,0,884,"1,31","0,93",0,13,"0,37",64,"0,062","3,85",0,17,"0,038",220,222,0,146,"1,41",192,14,"1,7","1,34","0,4",0,0,"0,16","0,4","0,2","1,86","0,25",80,"5,4"
"Oeuf de dinde, cru",166,"11,9","3,63",0,0,0,0,0,933,"1,13",1,0,"13,7","0,38",99,"0,062","4,1",0,13,"0,038",170,142,0,151,"1,58",166,84,"1,75","1,11",0,0,0,"0,11","0,47","0,024","1,89","0,13",71,"1,69"
"Oeuf, à la coque",142,"9,82","2,95","3,73","0,95","0,039",0,"0,051",222,"1,08","0,77",0,"12,2","0,2",150,"0,1","1,9","50,4","11,7","0,1",155,164,"23,8",150,"0,93",132,11,"1,28","2,17",0,0,"0,5","0,081","0,41","0,06","1,34","0,06",57,"0,96"
"Oeuf, au plat, frit, salé",204,16,"4,21","5,88","1,74","0,11",0,"0,072",334,"0,74","0,4",0,"14,3","0,36",57,"0,051","2,2","58,4","10,4","0,026",134,141,"8,95",144,"0,87",98,35,"0,55","3,06","5,6",0,0,"0,044","0,41","0,082","1,27","0,18","62,6","1,08"
"Oeuf, au plat, sans matière grasse",147,"9,72","2,71","3,43","1,25","0,056",0,"0,069",736,"1,01",0,0,"13,8","0,4",0,0,"2,6","54,5",0,0,0,0,0,159,0,115,0,"0,74",0,0,0,0,0,0,0,0,0,0,0
"Oeuf, blanc (blanc d'oeuf), cru","48,1","0,19",0,0,0,0,0,0,0,"0,85","0,71",0,"10,8","0,42",6,"0,023","0,05","1,9",11,"0,011",15,163,6,166,"0,03",0,0,0,0,0,"0,9",0,"0,004","0,44","0,093","0,2","0,0035","5,5","0,09"
"Oeuf, blanc (blanc d'oeuf), cuit","47,3","0,17",0,0,0,0,0,0,0,"1,12","0,7",0,"10,3","0,39","6,67","0,023","0,067",0,"9,67","0,011","14,7",147,"6,1",155,"0,025",0,0,0,0,0,0,0,"0,006","0,35","0,078","0,18","0,007","7,9","0,056"
"Oeuf, blanc (blanc d'oeuf), en poudre",356,0,0,0,0,0,0,0,0,"7,73","5,4",0,"81,2","3,2",62,"0,11","0,15",0,88,"0,007",111,1130,0,1280,"0,1",0,0,0,0,0,0,0,"0,005","2,53","0,87","0,78","0,036",18,"0,18"
"Oeuf, brouillé, avec matière grasse",145,11,"3,33",0,0,0,0,"0,043",277,"1,62","1,43",0,"9,99","0,36",66,"0,059","1,31",52,11,"0,022",165,132,"22,5",145,"1,04",159,26,"1,8","0,98",4,0,0,"0,04","0,38","0,076","1,22","0,13",36,"0,76"
"Oeuf, cru",140,"9,83","2,64","3,51","1,38","0,061",0,"0,09",398,"0,27","0,27",0,"12,7","0,31","76,8","0,055","1,88",21,11,"0,027",204,134,"2,58",124,"1,01",182,0,"1,88","1,43","0,3",0,0,"0,055","0,45","0,063","1,57","0,15",34,"1,45"
"Oeuf, dur",134,"8,62","2,55","3,57","0,88","0,038","0,0031","0,035",355,"0,52","0,52",0,"13,5","0,31",41,"0,068","1,72","49,7",14,"0,031",172,120,"7,01",123,"1,27","61,5",11,"1,12","1,03","0,3",0,0,"0,066","0,51","0,064","1,4","0,12",44,"1,11"
"Oeuf, en poudre",582,42,"13,1","14,1","4,6","0,11","0,28","0,18",1670,"3,11","0,3",0,"47,9","1,25",234,"0,2","5,56",21,38,"0,058",730,517,"87,4",502,"4,22",210,0,"3,1","1,11","1,2",0,0,"0,19","1,76","0,32","5,73","0,44",145,"3,67"
"Oeuf, jaune (jaune d'oeuf), cru",307,"26,7","8,47","10,4","3,28","0,15","0,01","0,25",939,"1,09","0,56",0,"15,5","0,048","50,2","0,1","0,7",175,"1,5","0,1",141,43,"83,5","19,1","1,1",336,88,2,"3,89","0,7","32,1",0,"0,17","0,38","0,16","2,87","0,29",159,"3,03"
"Oeuf, jaune (jaune d'oeuf), cuit",340,"30,1","8,49","11,2","3,51","0,17",0,"0,24",612,"1,31","0,55",0,16,"0,035","76,4","0,15","0,95",192,"4,5","0,1",121,"58,6","76,4",14,"1,4",263,106,"2,11",5,0,0,0,"0,17","0,39","0,16","4,54","0,3",166,"2,43"
"Oeuf, jaune (jaune d'oeuf), en poudre",660,57,"17,6","19,5","6,4","0,15","0,2","0,24",2320,"2,77","0,07",0,"34,1","0,37",296,"0,012","7,46",0,"19,5","0,19",980,254,0,149,"6,33",904,0,"11,4","4,81","1,5",0,0,"0,34","1,57","0,089","8,42","0,75",227,"5,68"
"Oeuf, poché",138,"9,47","2,99",0,0,0,0,"0,058",370,"0,71","0,37",0,"12,5","0,2","68,2","0,069","1,75",52,"10,8","0,03",197,138,"7,68","79,3","1,1",159,0,2,"1,04","0,3",0,0,"0,032","0,39","0,063","1,53","0,14",35,"0,71"
"Oeufs de cabillaud, fumés, semi0conserve",146,"4,2","0,56","0,37","0,093",0,"0,37","0,84",0,"0,1",0,0,"26,9","0,73","8,2","0,082","1,11",230,"12,8","0,13",453,280,0,290,"4,3","8,7",0,"27,2",0,0,0,0,0,0,0,0,0,0,0
"Oeufs de lompe, semi0conserve",111,"7,27","1,97","1,17","0,078","0,06","1,36","1,77",253,1,0,0,"10,4","4,87","11,6","0,1","0,4",60,3,"0,1",83,"68,4",8,1950,"0,8",13,0,"2,65","1,89","0,6",0,"0,5","0,04","0,071","0,16","0,28","0,08",25,"5,45"
"Oeufs de saumon, semi0conserve",224,"10,5","2,05","1,95","0,12","0,11","1,66","1,84",541,"1,5","0,2",0,"30,8","2,34","5,6","0,01","0,08",330,"8,1","0,09","2,6",94,20,936,"0,05",393,0,27,"7,52","0,8",0,"0,5","0,35","0,5","0,33","1,68","0,11",124,"48,6"
"Oeufs de truite, semi0conserve","190,7","9,5","1,65","2,19","0,72","0,23","0,66","1,91",443,0,"0,2",0,"26,3","2,68",58,"0,17","1,1",70,46,"0,28",400,180,80,1070,"3,1",343,0,"7,17","9,74","1,58",0,"0,5","0,5","0,88","0,1",3,"0,1",165,"10,4"
"Oie, viande crue",155,"7,12","2,79","1,58","0,8","0,1",0,0,84,0,0,0,"22,6","0,2",13,"0,31","2,57",0,24,"0,024",312,368,24,78,"2,34",21,0,1,0,0,31,"7,2","0,13","0,38","4,28","1,97","0,64",21,"0,49"
"Oie, viande et peau, crue",365,"33,6","9,78","16,7","3,34","0,21",0,0,80,0,0,0,"15,7","0,18",12,"0,2","2,5","1,2",21,"0,02",234,312,24,71,"1,54","23,5",0,1,0,0,0,"4,2","0,11","0,3","5,8","1,29","0,49","7,5","0,34"
"Oie, viande et peau, rôtie/cuite au four",298,"21,9","6,87",0,0,0,0,0,91,0,0,0,"25,2","0,18",13,"0,26","2,83",0,22,"0,023",270,329,0,70,"2,62",21,0,"0,1","1,74","5,1",0,0,"0,077","0,32","4,17","1,53","0,37",2,"0,41"
"Oie, viande, rôtie/cuite au four",230,"12,7",0,0,0,0,0,0,96,0,0,0,29,"0,19",14,"0,28","2,87",4,25,"0,024",309,388,0,76,"3,17",12,0,"0,1",0,0,0,0,"0,092","0,39","4,08","1,83","0,47",12,"0,49"
Oignon au vinaigre,"14,04","0,2",0,0,0,0,0,0,0,"2,5","1,98","1,8","0,56","2,36",24,0,"0,4",0,12,0,29,110,0,908,0,0,0,0,0,0,0,7,"0,03","0,03","0,2",0,"0,22","20,7",0
"Oignon blanc ou jaune, sauté/poêlé sans matière grasse","40,2","0,3","0,01","0,01","0,01","0,01","0,01","0,01",0,"6,73",5,"2,8","1,56","0,013",32,"0,08","0,24",20,"9,3","0,13",35,270,20,5,"0,21",0,5,0,"0,11","0,8",0,"2,31","0,04","0,022","0,17","0,24","0,066","6,75",0
"Oignon jaune, cru","37,8","0,5","0,01","0,01","0,01","0,01","0,01","0,01",0,"6,39","0,2","2,6","1,19","0,013",13,"0,04","0,1",20,"5,4","0,07",28,150,20,5,"0,1",0,5,0,"0,08","0,8",0,"2,08","0,026","0,01","0,13","0,14","0,064",13,0
"Oignon nouveau ou oignon frais ou cébette, sauté/poêlé sans matière grasse","27,6","0,3","0,09","0,07","0,08","0,02","0,01","0,01",0,"3,56","2,8","3,1","1,13","0,013",55,"0,03","0,85",20,11,"0,36",26,260,20,5,"0,21",0,137,0,"0,08","4,03",0,"7,38","0,015","0,01","0,41","0,14","0,074","40,5",0
"Oignon rouge, cru","36,3","0,4","0,14","0,13","0,07","0,01","0,01","0,01",0,"5,63","5,2","2,5","1,31","0,013",22,"0,05","0,19",20,9,"0,12",29,190,20,5,"0,21",0,5,0,"0,12","0,8",0,"4,09","0,029","0,01","0,18","0,15","0,049","10,9",0
"Oignon rouge, sauté/poêlé sans matière grasse","42,4","0,3","0,01","0,01","0,01","0,01","0,01","0,01",0,"7,55","6,7","2,1","1,69","0,013",26,"0,07","0,26",20,10,"0,15",33,220,20,5,"0,26",0,5,0,"0,08","0,8",0,"5,68","0,031","0,01","0,15","0,19","0,062","33,3",0
"Oignon, cru","34,98","0,62","0,2","0,021","0,062","0,0031",0,0,0,"6,25","4,8","1,7","1,1","0,098",25,"0,0001","0,00019",10,9,"0,1",37,190,"2,3",39,"0,23",0,50,0,"0,045","0,35",0,"3,9","0,05","0,05","0,05","0,15","0,1","29,6",0
"Oignon, cuit","31,8","0,2","0,024",0,0,0,0,0,0,"6,2",4,"1,4","1,3","0,021","29,2","0,077","0,21",1,13,"0,12",44,220,10,"8,4","0,19",0,50,0,"0,015","0,4",0,"2,1","0,05","0,05","0,05","0,13","0,09",21,0
"Oignon, séché","339,94","0,46","0,078",0,0,0,0,0,0,75,"37,4","9,2","8,95","0,053",257,"0,42","1,55",0,92,"1,39",303,1620,0,170,"1,89",0,11,0,"0,18","3,8",0,75,"0,5","0,1","0,99","1,38","1,6",166,0
"Oignon, surgelé, cru","26,64","0,12","0,017","0,009","0,027","0,0041",0,0,0,"5,39","4,59","2,65",1,"0,02","26,5","0,035","0,4",0,"8,5","0,1","22,5",133,0,"9,43","0,095",0,1,0,"0,045","0,4",0,"5,65","0,028","0,026","0,16","0,1","0,084",19,0
Olive (aliment moyen),162,"16,5","2,35","10,8","1,43","0,17","0,0048","0,0048","0,88","0,043","0,011","4,38","1,39","3,03","64,2","0,13","1,79","10,9",22,"0,046","9,02","37,9","12,9",1210,"0,1","0,052","73,4","0,1","5,26","11,3",0,"2,27","0,012","0,0072","0,057","0,04","0,02","3,2","0,0051"
Olive noire (aliment moyen),"181,66","19,5","2,35","11,4","1,85","0,16","0,0041","0,0041","0,35","0,05",0,"6,97","1,49","2,72","84,3","0,19","7,53",10,"17,9","0,1","15,3",62,25,1090,"0,21",0,229,0,"5,6","1,4",0,"0,3","0,023","0,011","0,07","0,056","0,028","2,98","0,004"
"Olive noire, à l'huile (à la grecque)",332,"33,3","4,02","21,6","4,74","0,32","0,016","0,016","0,7","0,1",0,"11,6","2,19","8,45",110,"0,27","1,7",20,29,"0,28",60,320,50,3380,"0,62",0,"12,2",0,"2,57",0,0,"0,62","0,058","0,05","0,19","0,17","0,048","5,83","0,028"
"Olive noire, en saumure, égouttée","160,72","17,2","2,08","9,7","1,36","0,14","0,0069","0,0069","0,7","0,1",0,"6,2","1,38","1,77",80,"0,18","8,5",20,16,"0,07","7,9",19,50,706,"0,14",0,265,0,"6,1","1,4",0,"0,5","0,017","0,01","0,1","0,038","0,025",5,0
"Olive verte, en saumure, égouttée",155,"15,7","2,33","10,6","1,33","0,18","0,01","0,01",1,0,0,"3,6","1,31","3,15",58,"0,11","0,16",20,24,"0,03","6,7",31,20,1260,"0,07",0,"26,5","0,25","5,23","13,9",0,"0,5","0,015","0,01","0,1","0,035","0,018",5,0
"Olives vertes, fourrées ou farcies (anchois, poivrons, etc.)","147,6","15,2","2,63","10,3","1,09","0,1",0,0,"1,4","0,61","0,4","4,33","2,09","2,78","66,8","0,23","0,3","27,7","11,2","0,1","14,8","32,9",5,1110,"0,11",2,0,"0,5","4,18",0,0,"38,6","0,04","0,021","0,11","0,08","0,04","13,8","0,08"
"Omble chevalier, cru",103,"2,7","2,2",0,0,0,0,0,48,0,0,0,"19,8","0,14","8,8",0,"0,49",0,30,0,260,370,16,"57,5","0,67",0,0,9,0,0,0,0,"0,16","0,09",0,0,"0,37",0,0
Omelette au fromage,255,"19,3","10,1",0,0,0,0,0,253,"2,56","0,4",0,"17,7","0,58",0,"0,051","1,16","42,8","23,6","0,036",388,112,"10,8",231,"2,48",198,64,"1,39","0,82",0,0,0,"0,059","0,34","0,08","0,85","0,09","25,8","1,55"
Omelette aux champignons,125,"9,2","2,97",0,0,0,0,0,247,"2,28","0,7","0,45","8,09","0,35",48,"0,16","1,4","35,6","11,4","0,04",152,193,"11,5",141,"0,86",132,25,"1,11","0,82",0,0,0,"0,075","0,37","1,25","1,39","0,12","34,6","0,81"
Omelette aux fines herbes,147,"11,2","3,6",0,0,0,0,0,301,"1,98","0,8","0,55","9,5","0,43",86,"0,044","1,83",43,"14,5","0,19",157,188,"11,6",173,"0,92",160,0,"1,38","1,3",0,0,0,"0,071","0,33","0,2","1,06","0,12","56,1","0,97"
Omelette aux lardons,267,"23,5","9,41",0,0,0,0,0,270,"1,46","0,68",0,"12,5","0,98","48,2","0,034","1,39","36,3",12,"0,022",157,184,"11,3",392,"0,99",132,"25,2","1,11","0,99",0,0,0,"0,21","0,29","1,13","0,95","0,14","25,6","0,9"
Omelette norvégienne,212,"6,5","3,9","1,47","0,34","0,02","0,01","0,01","52,5","34,8","32,7","0,5","3,6","0,15",61,"0,03","0,28",20,11,"0,06",71,160,20,"58,3","0,23","36,3","7,62","0,25","0,41","0,84",0,"0,5","0,036","0,16","0,1","0,37","0,034","44,3","0,34"
"Omelette, garnitures diverses : légumes, fromages, viandes... (aliment moyen)",184,"13,5","4,84",0,0,0,0,0,210,"5,07","0,81",1,"9,82","0,71","43,4","0,1","1,15","29,8","17,8","0,072",177,255,"10,9",284,"1,08",115,"26,6","0,88","1,99",0,0,"0,95","0,084","0,27","0,64","1,07","0,11","32,2","0,83"
"Orange (variété locale), pulpe, prélevée à la Martinique","8,43","0,67",0,0,0,0,0,0,0,0,0,0,"0,6",0,0,0,0,0,0,0,0,0,0,0,0,0,0,0,0,0,0,"41,2",0,0,0,0,0,0,0
"Orange amère, pulpe, crue, prélevée à la Martinique","6,79","0,43",0,0,0,0,0,0,0,0,0,0,"0,73",0,0,0,0,0,0,0,0,0,0,0,0,0,0,0,0,0,0,"44,5",0,0,0,0,0,0,0
"Orange, pulpe, crue","45,5","0,5","0,01","0,01","0,01","0,01","0,01","0,01",0,"8,03","7,6","2,7","0,75","0,013",66,"0,04","0,57",20,15,"0,02",38,180,20,5,"0,25",0,5,0,"0,19","0,8",0,"47,5","0,045","0,01","0,37","0,16","0,01","25,9",0
Oreille de porc demi0sel,228,"15,1","5,39",0,0,0,0,0,82,"0,6",0,0,"22,5","0,48",21,"0,006","2,4",0,7,"0,012",41,55,0,191,"0,19",0,0,0,0,0,0,0,"0,08","0,11","0,78","0,068","0,02",0,"0,07"
"Orge entière, crue",334,"2,3","0,48",0,"0,92","0,073",0,0,0,"56,2","0,8","17,3","12,5","0,03",33,"0,5","3,6",0,133,"1,94",264,452,"6,15",12,"2,77",0,13,0,"0,57","2,2",0,0,"0,65","0,29","4,6","0,28","0,32",19,0
"Orge perlée, bouilli/cuite à l'eau, non salée",119,"0,44","0,093",0,0,0,0,0,0,"24,4","0,28","3,8","2,26","0,0075",11,"0,11","1,33","0,5",22,"0,26",54,93,0,3,"0,82",0,5,0,"0,01","0,8",0,0,"0,083","0,062","2,06","0,14","0,12",16,0
"Orge perlée, crue",346,"1,16","0,24",0,0,0,0,0,0,"68,6","0,8","9,1","9,91","0,023",29,"0,42","2,5",0,79,"1,32",221,280,0,9,"2,13",0,13,0,"0,02","2,2",0,0,"0,19","0,11","4,6","0,28","0,26",23,0
"Origan, séché",265,"4,28","1,55","0,71",0,"0,62",0,0,0,"26,4","4,09","42,5",9,"0,063",1600,"0,63","36,8",0,270,"4,99",148,1260,0,25,"2,69",0,1010,0,"18,3",622,0,"2,3","0,18","0,53","4,64","0,92","1,04",237,0
"Ormeau, cru","99,6","0,83","0,15",0,0,0,"0,049",0,85,"8,69",0,0,"14,4","0,47",31,"0,2","5,9",0,48,"0,04",154,215,0,189,"0,82",2,0,0,4,0,0,2,"0,15","0,19","1,5",3,"0,15",5,"0,73"
"Orphie commune, crue",133,"5,91","1,81","1,32","0,26","0,064","0,25","1,14",82,0,0,0,20,"0,21",73,"0,2","0,73",20,"27,5","0,02",196,377,"30,9","83,5","0,77",7,0,5,"1,7",0,0,"1,5","0,012","0,063","5,75","0,8","0,9",1,2
"Oseille, crue","19,61","0,65","0,1",0,0,0,0,0,0,"1,6","1,54","1,8","1,84","0,009",44,"0,13","2,4","0,4",103,"0,35",63,390,"0,9",4,"0,2",0,0,0,0,0,0,48,"0,04","0,1","0,5","0,041","0,12",13,0
Ossau0Iraty,428,37,"24,4",0,0,0,0,0,"94,4",0,0,0,"24,2","1,68",764,"0,057","0,32",0,"35,6",0,0,"45,7",0,673,"2,43",273,0,0,"0,15",0,0,0,"0,036","0,5",0,"0,16","0,028","35,3","1,06"
Osso buco,"96,7","4,08","0,8",0,0,0,0,0,26,"3,5","1,1","0,6","11,2","1,47","13,7","0,057","0,6","3,3","18,4","0,066","97,4",234,"3,24",586,"1,26",0,481,0,"0,53",0,0,"2,4","0,083","0,12","3,48","0,25","0,19",11,"0,38"
Paëlla,148,"4,9","1,28","1,08","0,47","0,036","0,025","0,023","22,8","17,1","1,2","1,85","7,86","0,87","38,7","0,11","0,69",4,"25,4","0,13",90,148,10,343,"0,68",5,125,"0,5","1,3",0,0,"1,95","0,073","0,45","2,6","0,42","0,12","18,8","1,1"
Pain (aliment moyen),276,"1,61","0,37","0,44","0,52","0,082","0,0048","0,0048",0,"54,4","2,74","3,84","8,21","1,28","31,1","0,14","1,25","4,5","27,7","0,67",108,165,"10,3",512,"0,75",0,"2,9","0,16","0,28","0,6",0,"0,3","0,098","0,01","0,63","0,41","0,023",23,0
"Pain au chocolat feuilleté, artisanal",423,"22,5","14,7","4,71","0,66","0,11","0,01","0,01","69,4","45,4","12,8",3,"7,47","0,98",23,"0,21","4,1",20,29,"0,43",95,160,20,392,"0,78",166,"53,5","0,25","0,6","2,2",0,"0,5","0,058","0,01","0,1","0,53","0,01","33,8","0,09"
"Pain au chocolat, préemballé",425,"22,3","13,4","5,76","1,29","0,11","0,01","0,01","17,9","46,8","11,1",3,"6,9","1,1",91,"0,22","3,2",20,32,"0,46",93,150,20,441,"0,84","66,6",335,"0,25","2,07","2,48",0,"0,5","0,13","0,028","0,53","0,35","0,024","16,8","0,064"
"Pain au lait aux pépites de chocolat, préemballé",369,"13,5","6,32","4,93","1,27","0,35","0,01","0,01","49,2",52,18,"2,72","8,51","0,93",60,"0,16",2,20,28,"0,46",120,180,20,371,"0,9",21,"76,4","0,25","2,3","6,92",0,"0,5","0,17","0,12","0,48","0,61","0,059","22,9","0,29"
"Pain au lait, artisanal",382,"15,4","8,34","4,28","1,19","0,13","0,01","0,01",58,"50,6","9,94","1,5","8,55","1,1","37,1","0,11","1,1",10,"20,3",1,114,171,5,438,1,44,50,"0,2","1,2",0,0,0,"0,07","0,13","0,46","0,57","0,17",46,"0,82"
"Pain au lait, préemballé",359,"12,3","5,54","3,45","1,73","0,32","0,01","0,03",106,"52,2","11,9","1,8","8,94","1,06","41,6",1,1,10,"19,2",1,101,142,"19,4",423,1,"48,5",50,"0,2","1,2",0,0,0,"0,16","0,12","0,24","0,6","0,05","98,1","0,51"
Pain au son,249,"2,6","0,2","0,14","0,59","0,049",0,0,0,"44,4","2,04","6,21","8,03","1,65","34,3","0,5","1,8",0,"52,2","1,5",198,253,5,410,"1,1",0,0,0,"0,2",0,0,0,"0,15","0,04","0,67","0,58","0,16","3,5",0
Pain aux raisins (viennoiserie),333,9,"4,1","2,67","0,44","0,12","0,0032",0,43,"55,9","18,7","2,8","5,11","0,71","32,1",1,"0,77",10,"18,6",1,100,278,"9,7",280,1,36,50,"0,2","0,97",0,0,0,"0,07","0,18","0,05","0,63","0,08",132,"0,54"
Pain blanc maison (avec farine pour machine à pain),256,"0,9","0,17","0,079","0,33","0,021","0,0003","0,0003","0,7","52,1",0,"2,6","7,81","1,45",21,"0,09","0,85","18,5",20,"0,47",94,130,50,578,"0,62",0,10,0,"0,18","0,8",0,"0,6","0,079","0,04","0,69","0,31","0,082","30,3",0
Pain brioché ou viennois,356,"9,38","5,22","3,15","0,49",0,0,0,"42,4","55,5","6,9","3,3","9,76","1,31","42,5",0,1,10,"21,5","0,45",122,163,5,525,"0,75",24,63,"0,2","0,37",0,0,0,"0,1","0,22","1,3","0,52","0,11",44,"1,7"
Pain complet ou intégral (à la farine T150),244,"1,8","0,52","0,4","0,66","0,06","0,01","0,01",0,"44,3","2,2","6,9","8,38","1,12",39,"0,21","2,1",20,51,"1,6",180,240,20,448,"1,4",0,5,"0,86","0,29","0,8",0,"0,5","0,11","0,01","0,1","0,44","0,087","35,6",0
"Pain courant, 400g ou boule",266,2,"0,42","0,46","0,42","0,046",0,0,0,52,0,"2,6","7,9","1,33",37,"0,12",1,"20,7","21,3","0,6",124,128,"2,65",499,"0,63",0,0,0,"0,5",0,0,0,"0,12","0,067",1,"0,5","0,053","50,3",0
Pain d'épices,"307,66","1,1","0,18","0,52","0,22","0,06","0,01","0,01",2,"71,5","38,2",3,"2,94","0,47",4,"0,11","1,1",2,"14,3","0,5",88,"91,9",0,189,"0,5",0,2,0,"0,57",0,0,"0,5","0,05","0,04","0,34","0,16","0,16",0,0
Pain d'épices fourré ou nonette,"342,5","2,5","0,5",0,0,0,0,0,0,76,44,"2,5",4,"0,41",0,0,0,0,0,0,"14,5",77,0,163,0,0,0,0,0,0,0,0,0,0,0,0,0,0,0
Pain de campagne maison (avec farine pour machine à pain),240,"0,9","0,18","0,074","0,32","0,025","0,0003","0,0003","0,7","46,7",0,"5,1","7,98","1,34",20,"0,13","1,3",22,34,"0,84",130,210,50,537,"1,1",0,10,0,"0,26","0,8",0,"1,33","0,16","0,06","0,64","0,31","0,062","25,6",0
"Pain de mie brioché, préemballé",309,"6,5","0,76","3,38","1,32","0,37","0,01","0,02","38,2","52,4","11,5","3,1","7,87","1,12",65,"0,09","0,7",20,17,"0,39",95,110,20,447,"0,67",21,5,"0,25","1,19","5,67",0,"0,5","0,11","0,056","0,24","0,76","0,028","14,5","0,26"
"Pain de mie, au son",278,"5,5",0,0,0,0,0,0,0,46,"3,53",7,"6,84","1,35",0,"0,5","3,5",0,"76,6","1,6",0,0,5,423,"1,4",0,0,0,0,0,0,0,0,0,"1,35",0,0,2,0
"Pain de mie, complet",262,"4,06","0,96","1,2","0,66","0,098","0,0012",0,"0,5","43,7","5,69","6,23","8,51","1,18",141,1,"1,6",10,"51,5","1,5",160,226,5,471,"1,1",0,50,0,"0,5",0,0,0,"0,17","0,1","0,05","0,56","0,11",25,0
"Pain de mie, courant",278,"3,6","0,58","1,67","0,79","0,21","0,01","0,01","3,2","52,3","7,8","1,8","7,13","1,15",88,"0,11","0,7",20,17,"0,43",75,120,20,459,"0,47",0,5,0,"0,12","2,22",0,"0,5","0,12","0,015","0,31","0,43","0,03","13,3",0
"Pain de mie, multicéréale",274,"5,41","1,15","0,68","0,72","0,4",0,0,"0,5","43,6","4,42","5,74","8,81","1,29","77,6","0,5","1,9",6,"40,9","1,52",140,157,8,515,"1,5",2,30,"0,5",3,0,0,1,"0,2","0,12","4,2","0,55","0,13",52,0
"Pain de mie, sans croûte, préemballé",271,"3,8","0,35","1,97","0,86","0,26","0,01","0,01",0,"49,5","9,2",3,"7,52","1,06",87,"0,12","0,74",20,20,"0,42",86,110,20,425,"0,49",0,5,0,"0,08","3,07",0,"0,5","0,091","0,013","0,37","0,42","0,034","18,6",0
"Pain de seigle, et froment",260,1,"0,32","0,27","0,3","0,029","0,01","0,01",0,"51,5","2,4","4,5","8,27","1,35",33,"0,14","1,2",20,27,"0,74",110,170,20,538,"0,86",0,5,"0,25","0,26","0,8",0,"0,5","0,11","0,01","0,28","0,44","0,01","49,3",0
"Pain grillé brioché, tranché, préemballé",419,"9,19","4,18",0,0,0,0,0,0,"70,8",11,"3,58","10,6","1,03",0,0,0,0,0,0,120,0,0,409,0,0,0,0,0,0,0,0,0,0,0,0,0,0,0
Pain grillé suédois au blé complet,398,8,3,"2,71","1,19","0,2",0,"0,01",0,"66,4",2,7,"10,5","1,53","26,8",1,"1,6",10,"60,9","1,7",213,284,5,610,"1,4",0,50,0,"0,68",0,0,0,"0,19","0,11","1,4","0,69","0,25",26,0
Pain grillé suédois au froment,402,"8,25","1,64","3,59",1,"0,16",0,"0,01",0,"68,5","6,2","7,3","8,89","1,06","42,2",0,1,10,"23,4",1,120,163,5,422,1,0,50,0,"0,86",0,0,0,"0,2","0,07","1,4","0,52","0,14",21,0
Pain grillé suédois aux fruits,401,8,3,"3,1","1,08","0,15",0,"0,01",0,"70,8",13,"5,25","7,98","0,86",0,0,0,0,0,0,0,0,0,340,0,0,0,0,0,0,0,0,0,0,0,0,0,0,0
Pain grillé suédois aux graines de lin,396,9,"1,17",0,0,0,0,0,0,63,"4,67",9,"10,3","1,57",0,0,0,0,0,0,0,0,0,613,0,0,0,0,0,0,0,0,0,0,0,0,0,0,0
"Pain grillé, domestique",317,"1,3","0,52","0,52","0,13","0,01","0,01","0,02",0,64,"1,4","3,7","9,46","1,51",20,"0,11","0,97",20,25,"0,51",85,140,20,602,"0,65",2,0,"0,25","0,24","0,8",0,"0,5","0,11","0,018","0,33","0,58","0,044","19,6",0
"Pain grillé, tranches, au froment",404,"6,16","2,49","1,99","0,75","0,033","0,0039","0,0083",0,"74,4","5,28","4,34","9,76","1,56","29,3","0,18","1,9",4,"33,8","0,7",135,175,2,616,0,0,0,0,0,0,0,0,0,0,0,"0,1",0,0,0
"Pain grillé, tranches, multicéréale",419,"9,3","1,04","4,82","2,18","0,44",0,"0,01",0,"68,8","3,68","5,95","11,1","1,09",30,"0,18",9,4,66,"0,7",194,300,"1,7",437,"1,5",0,0,0,"1,5",0,0,0,"0,2","0,15","1,5","0,1","0,1",57,0
Pain panini,272,"1,1","0,22",0,0,0,0,0,3,"55,9","2,3","2,6","7,66","1,55",22,0,"0,9",0,29,0,118,148,0,619,0,9,6,0,"0,4",0,0,0,"0,1","0,1","0,8","0,4","0,17",39,"0,1"
Pain perdu,218,"8,45","2,13",0,0,0,"0,001","0,0095",99,29,"13,3","1,1",6,"1,22",104,"0,071","1,94","10,2",17,"0,22",128,134,"2,39",487,"0,72","85,5",66,"0,28","0,39",0,0,"0,3","0,24","0,35","2,18","0,74","0,29","23,5",1
Pain pita,259,"0,92","0,17",0,0,0,0,0,0,53,"2,18","2,68","7,53","1,38","52,7",0,1,10,"18,1",1,84,134,5,543,1,0,50,0,"0,1",0,0,0,"0,11","0,08","2,6","0,49","0,05",21,0
"Pain pour hamburger ou hot dog (bun), complet, préemballé",285,"5,75","0,55",0,0,0,0,0,0,"46,3","5,38","4,75","8,89","1,11",0,0,0,0,0,0,0,0,0,413,0,0,0,0,0,0,0,0,0,0,0,0,0,0,0
"Pain pour hamburger ou hot dog (bun), préemballé",293,"5,35","0,88","1,42","0,94","0,17","0,0016","0,0016",0,"49,7","5,88","3,3","9,07","1,14",89,"0,13","0,85",20,27,"0,56",110,140,50,453,"0,84",0,10,0,"0,22","2,81",0,"0,5","0,19","0,03",1,"0,37","0,097","13,5","0,036"
"Pain, baguette ou boule, au levain",261,"1,3","0,2","0,12","0,47","0,024",0,0,0,"53,1","2,4","2,1","7,41",0,"18,7","0,11","1,3",0,"18,7","0,57","87,3",124,0,0,"0,53",0,0,0,"0,16",1,0,0,"0,07","0,02","1,15","0,4","0,06","13,8",0
"Pain, baguette ou boule, aux céréales et graines, artisanal",269,"3,2","0,45","0,81","1,24","0,47","0,01","0,01","0,5","46,9","2,2","5,2","9,58","1,13",40,"0,25","1,6",20,53,"0,78",150,230,20,450,"1,1",2,5,"0,25","0,85","0,8",0,"0,5","0,098","0,01","0,71","0,43","0,059","30,5",0
"Pain, baguette ou boule, bio (à la farine T55 jusqu'à T110)",257,"1,19","0,17","0,11","0,41","0,033",0,0,0,"49,9","1,37","4,33","8,68","1,37","24,2","0,19","1,8",0,"36,6","1,27",145,190,0,538,"1,1",0,0,0,"0,27",0,0,0,"0,13","0,04","2,09","0,51","0,09","19,3",0
"Pain, baguette ou boule, bis (à la farine T80 ou T110) ",265,"0,33","0,045","0,033","0,13","0,009",0,0,0,54,"2,39","4,2","8,6",0,"27,5","0,98","1,31",0,33,1,140,178,0,0,"1,2",0,0,0,"0,23",0,0,0,"0,13","0,06","1,66","0,4","0,27","22,4",0
"Pain, baguette ou boule, de campagne",253,"1,3","0,42","0,26","0,49","0,04","0,01","0,01","0,37",50,"2,5","4,3","7,52","1,35",23,"0,15","1,5",20,33,"0,82",120,190,20,539,"0,88",0,5,"0,25","0,08","0,8",0,"0,5","0,097","0,01","0,1","0,39","0,051","30,2",0
"Pain, baguette, courante",287,"1,4","0,45","0,3","0,49","0,04","0,01","0,01","0,075","58,3","2,3","2,7","8,27","1,3",22,"0,13","1,2",20,23,"0,59",110,180,20,518,"0,73",0,0,"0,25","0,32","0,8",0,"0,5","0,17","0,01","2,88","0,46","0,01","26,8",0
"Pain, baguette, de tradition française",279,1,"0,27","0,24","0,39","0,03","0,01","0,01",0,"56,6","2,1","3,8","8,15","1,33",20,"0,12","1,2","0,2",24,"0,58",96,150,20,530,"0,65",0,5,"0,25","0,2","0,8",0,"0,5","0,068","0,01","0,1","0,38","0,01","19,8",0
"Pain, baguette, sans sel",279,"1,3","0,3",0,0,0,0,0,0,"56,5","8,6","2,68","8,3","0,013",42,"0,12",0,6,"21,3","0,52",0,129,"4,7",0,"0,75",0,0,0,0,0,0,0,"0,069",0,0,0,"0,067",23,0
"Pain, sans gluten",261,"3,3","1,24","0,98","0,82","0,01","0,01","0,01","4,53","51,8","4,9","6,5","2,62","1,56",60,"0,06","0,5",20,16,"0,19",95,75,20,624,"0,36",0,"7,6",0,"0,98","0,8",0,"38,6","0,045","0,02","0,15","0,4","0,025","10,7","0,059"
"Palet ou galette de légumes, préfrit, surgelé","104,92","5,44","1,13",0,"1,05","0,049",0,0,0,"10,7","3,34","2,61","3,29","0,94",0,0,0,0,0,0,0,0,0,351,0,0,0,0,0,0,0,0,0,0,0,0,0,0,0
"Palet ou galette de légumes, préfrit, surgelé, cuit","98,34","5,7","0,64","2,29","2,24","0,05","0,01","0,01","27,4","8,45",3,"2,6","3,31","0,75",40,"0,06","0,52",20,16,"0,15",58,250,20,301,"0,36",21,986,"0,25","2,63","20,2",0,"1,23","0,19","0,11","0,1","0,31","0,088","33,8","0,18"
"Palette à la diable, préemballée",120,"6,07","2,2",0,0,0,0,0,0,"2,08","1,38","1,45","13,5","2,25",0,0,1,0,0,0,0,0,0,901,0,0,0,0,0,0,0,0,0,0,0,0,0,0,0
"Palmier, artisanal","489,92","28,2","14,4","7,84","0,78","0,25",0,0,28,"53,1","21,8","5,3","5,93","1,16","15,6",1,"0,58",10,"11,5",1,54,"83,5","10,7",463,1,47,50,"0,2","3,2",0,0,0,"0,05","0,05","0,2","0,32","0,08","11,5","0,43"
"Pamplemousse chinois, pulpe, cru","37,88","0,04",0,0,0,0,0,0,0,"8,62",0,1,"0,76","0,0025",4,"0,048","0,11",0,6,"0,017",17,216,0,1,"0,08",0,0,0,0,0,0,61,"0,034","0,027","0,22",0,"0,036",0,0
Pan bagnat,215,"6,48","0,98",0,0,0,0,0,"23,8","30,3","3,2","1,98","7,95","1,03","37,9","0,053","0,69","7,52","26,1","0,2","59,8",157,"3,83",428,"0,33","14,5",150,"0,59","1,56",0,0,"12,2","0,055","0,071","1,34","0,31","0,13","25,5","0,86"
Panaché (limonade et bière),"36,2",0,0,0,0,0,0,0,0,"5,63","5,4",0,0,"0,0052","0,77","0,0019","0,058","0,87","0,36","0,0008","9,95","18,9","2,2","2,07","0,016",0,0,0,0,0,0,"0,08","0,0065","0,036","0,31","0,065","0,022","3,23","0,038"
Panaché préemballé (1° alc.),"25,4","0,05",0,0,0,0,0,0,0,"4,93","4,92",0,"0,48","0,0034","3,42","0,001","0,006",1,"3,07","0,008","9,9","7,47","1,1","1,37",0,0,0,0,0,0,0,"0,0035","0,0035","0,012","0,53","0,047","0,033",5,"0,033"
"Panais, cru","58,3","0,4","0,063","0,028","0,16","0,014",0,0,0,"10,1","4,8","4,7","1,54","0,02","45,5","0,13","0,7","0,25","29,5","0,48","82,5",505,"0,2",8,"0,72",0,0,0,"1,9","22,5",0,"11,5","0,09","0,12","1,95","0,6","0,1",67,0
"Panais, cuit","67,8","0,3","0,05",0,0,0,0,0,0,"13,4","4,8","3,6","1,32","0,025",37,"0,14","0,58",0,29,"0,29",69,367,0,10,"0,26",0,0,0,1,1,0,13,"0,083","0,051","0,72","0,59","0,093",58,0
"Panais, cuit à l'étouffée","90,8","0,5","0,13","0,09","0,22","0,01","0,01","0,01",0,"16,6","6,2","5,6","1,94","0,018",44,"0,14","0,37",20,25,"0,16",74,510,20,7,"0,35",0,5,0,"1,83","0,8",0,"7,92","0,089","0,056","1,53","0,41","0,079","80,1",0
Pancetta ou Poitrine roulée sèche,342,"28,8","12,5","11,7","2,95","0,15","0,01","0,01","75,2","0,75","0,43",0,"20,2","4,14","6,2","0,06","0,71",20,18,"0,05",160,370,20,1650,"2,5",21,0,"0,66","0,94","0,8",0,"14,3","0,51","0,12","4,54","0,84","0,27","18,3","0,93"
Pané soja et blé (ne convient pas aux véganes ou végétaliens),260,"13,9","1,45","6,1","4,98","0,36","0,01","0,01","5,13","16,8","1,28","4,39","14,4","1,03",50,"0,15","2,2",20,38,"0,57",140,380,20,411,"0,71",21,5,"0,25","5,22","9,15",0,"0,5","0,12","0,13",1,"0,37","0,048","26,6","0,057"
"Panga, Pangasius, ou poisson0chat du Mékong, filet, cuit",79,1,"0,51","0,31","0,07","0,01","0,01","0,01","40,8",0,0,0,"17,5","0,58","7,5","0,02","0,09",20,18,"0,01",130,200,20,233,"0,3",21,0,"0,25","0,28","0,8",0,"0,5","0,015","0,01","1,44","2,35","0,13","11,1","0,89"
"Pangasius ou Poisson0chat, cru","65,2","1,27","0,47","0,39","0,093","0,0048","0,0024","0,017","29,8",0,0,0,"13,5","0,68","36,7","0,1","0,21","7,95","17,6","0,1",107,200,"9,6",274,"0,24",2,0,"0,5","0,16","2,1",0,0,"0,04","0,022","1,35","1,96","0,1",10,"0,3"
"Panna cotta, avec préparations de fruits ou caramel, rayon frais",198,13,"8,89","2,39","0,2","0,05","0,01","0,01",68,"14,9","14,7",3,"2,74","0,085","75,8",0,0,0,0,0,0,0,0,34,0,0,0,0,0,0,0,0,0,0,0,0,0,0,0
"Papaye Colombo (fruit mûr), pulpe sans pépin, crue, prélevée à La Réunion (Carica papaya L.)",40,"0,3","0,01","0,01","0,01","0,01","0,01","0,01",0,"7,88","7,7","2,2","0,56","0,013",18,"0,03","0,16",20,12,"0,01",11,240,20,5,"0,09",0,1230,0,"0,22","0,8",0,68,"0,015","0,01","0,32","0,26","0,01","50,1",0
"Papaye, pulpe, crue","42,2","0,3","0,01","0,01","0,01","0,01","0,01","0,01",0,"8,53","8,1","1,8","0,75","0,013",22,"0,01","0,16",20,18,"0,04","8,7",200,20,5,"0,05",0,351,0,"0,08","0,8",0,"65,3","0,017","0,017","0,29","0,18","0,02","55,3",0
"Papaye, pulpe, crue, prélevée à la Martinique","2,7097","0,0033",0,0,0,0,0,0,0,0,0,0,"0,67",0,0,0,0,0,0,0,0,0,0,0,0,0,0,0,0,0,0,"39,3",0,0,0,0,0,0,0
"Papaye, pulpe, cuite à la vapeur, prélevée à la Martinique","2,52",0,0,0,0,0,0,0,0,0,0,0,"0,63",0,0,0,0,0,0,0,0,0,0,0,0,0,0,0,0,0,0,"25,7",0,0,0,0,0,0,0
Paprika,319,"12,9","2,14","1,6",0,"0,45",0,0,0,"19,1","10,3","34,9","14,1","0,17",229,"0,71","21,1",0,178,"1,59",314,2280,0,68,"4,33",0,0,0,"29,1","80,3",0,"0,9","0,33","1,23","10,1","2,51","2,14",49,0
"Parmentier de canard, préemballé",146,"9,06","4,5",0,"0,53","0,06",0,0,0,"8,51","1,96","1,55","6,82","0,81",0,0,0,0,0,0,0,0,0,310,0,0,0,0,0,0,0,0,0,0,0,0,0,0,0
"Parmentier de canard, préemballé, cuit",168,"10,2","4,7","3,51","0,92","0,069","0,01","0,01","37,9","10,5","1,7","1,2",7,"0,74",39,"0,07","0,68",20,14,"0,06",74,290,20,296,"0,89","37,7",0,"0,25","0,08","1,59",0,"0,5","0,08","0,071","1,4","0,55","0,11","45,9","0,61"
Parmesan,406,31,"20,6","6,21","0,67","0,14","0,01","0,04","95,3",0,0,0,"31,1","1,57",980,"0,71","0,1",90,40,"0,02",630,110,20,628,"3,9",334,"26,7","0,25","0,17","1,53",0,"0,5","0,015","0,26","1,23","0,34","0,18",16,"2,64"
"Pastèque, pulpe, crue","38,9","0,5","0,01","0,01","0,01","0,01","0,01","0,01",0,"8,33","7,9","0,5","0,69","0,013",6,"0,03","0,16",20,11,"0,02","9,7",100,20,5,"0,09",0,1220,0,"0,08","0,8",0,"4,26","0,015","0,01","0,3","0,2","0,064","36,9",0
"Pastèque, pulpe, crue, prélevée à la Martinique","5,42","0,26",0,0,0,0,0,0,0,0,0,0,"0,77",0,0,0,0,0,0,0,0,0,0,0,0,0,0,0,0,0,0,"7,87",0,0,0,0,0,0,0
"Pastilla au poulet, préemballée",218,"12,2","1,75",0,0,0,0,0,0,"14,1","3,85","1,5","12,3","1,5",0,0,0,0,0,0,0,0,0,595,0,0,0,0,0,0,0,0,0,0,0,0,0,0,0
Pastis,274,0,0,0,0,0,0,0,0,"2,86",0,0,0,0,0,0,0,1,0,0,0,2,0,0,"0,02",0,0,0,0,0,0,0,0,0,0,0,0,0,0
"Pastis, prêt à boire (1+ 5)","27,6",0,0,0,0,0,0,0,0,"6,89",0,0,0,"0,0063",0,"0,019","0,039","0,17","0,82","0,00068",0,0,"0,42","1,99","0,013",0,0,0,0,0,0,0,0,0,0,0,0,0,0
"Patate douce, crue","86,3","0,15","0,064","0,0035","0,044","0,0035",0,0,0,"18,3","5,64","2,87","1,51","0,098","37,5","0,15","0,76","0,2",20,"0,26",47,373,"0,6","39,3","0,25",0,8510,0,"0,26","1,8",0,"2,4","0,072","0,061","0,56","0,8","0,19",11,0
"Patate douce, cuite","62,8","0,15","0,042",0,0,0,0,0,0,"12,2","6,11","2,9","1,69","0,079","32,5","0,13","0,71",3,"22,5","0,38",43,353,0,"31,5","0,26",0,10500,0,"0,83","2,2",0,"16,2","0,082","0,077","1,01","0,73","0,23",6,0
"Patate douce, pulpe, blanchie, surgelée, prélevée à la Martinique","77,2",0,0,0,0,0,0,0,0,"19,3","0,021","4,9",0,0,0,0,0,0,0,0,0,0,0,0,0,0,130,0,0,0,0,4,0,0,0,0,0,0,0
"Patate douce, pulpe, cuite à la vapeur, prélevée à la Martinique",107,"0,067",0,0,0,0,0,0,0,"25,2","0,19","9,2","1,48",0,0,"0,26",0,0,0,"0,026",0,425,0,0,0,0,645,0,"0,24",0,0,"12,5",0,0,0,0,0,"92,2",0
"Patate douce, purée, cuisinée à la crème","79,8",2,"1,4",0,0,0,0,0,0,"12,1","7,5","4,5","1,1","0,56",0,0,0,0,0,0,0,0,0,225,0,0,0,0,0,0,0,0,0,0,0,0,0,0,0
Pâté (aliment moyen),325,"27,9","10,4","10,2","3,06","0,34","0,01","0,016",145,"4,61","1,23","0,29","13,6","1,58",14,"0,68","5,58","15,1","15,3","0,15",173,193,"18,6",627,"2,74",0,0,"0,17","0,58",0,0,"9,08","0,15","0,81","6,07",0,"0,19","93,8","5,11"
Pâte à pizza crue,240,"3,45","0,25",0,0,0,0,0,0,"44,2","1,4","2,2","7,05","1,31",0,0,0,0,0,0,0,0,0,630,0,0,0,0,0,0,0,0,0,0,0,0,0,0,0
Pâte à pizza cuite,324,"7,1","1,74","3,09","1,45","0,27","0,0068","0,0034","0,7","55,3","3,3","2,5","7,75","1,7",22,"0,07","0,6",20,16,"0,27",200,150,50,681,"0,59",0,10,0,"1,25","3,3",0,"0,5","0,065","0,03","0,71","0,43","0,048","25,8","0,019"
"Pâte à pizza fine, crue",279,"7,01","1,52","3,38","1,05","0,42",0,"0,01",0,"44,6","2,21","1,87","7,71","1,89",0,0,0,0,0,0,0,0,0,757,0,0,0,0,0,0,0,0,0,0,0,0,0,0,0
Pâte à tartiner chocolat et noisette,"543,28","32,4","9,18","17,6","3,08","0,33","0,016","0,01",0,"57,9","56,2","3,23","5,02","0,12","99,5","0,55","3,85",17,"97,1","1,23",183,503,10,"49,5",1,0,0,0,"6,6",0,0,1,"0,1","0,2","1,6",0,"0,06",73,0
Pâté au jambon,"318,2","28,6",0,0,0,0,0,0,0,0,"0,52",0,"15,2","0,18",18,0,0,0,26,0,0,0,0,72,0,0,0,0,0,0,0,0,0,0,0,0,0,0,0
Pâté au poivre vert,358,"34,6",0,0,0,0,0,0,0,"1,45",0,0,"10,1",0,0,0,0,0,0,0,0,0,0,0,0,0,0,0,0,0,0,0,0,0,0,0,0,0,0
Pâté breton,363,34,13,0,0,0,0,0,0,"2,88",1,"0,5",11,"1,67",0,0,0,0,0,0,0,0,0,669,0,0,0,0,0,0,0,0,0,0,0,0,0,0,0
"Pâte brisée, crue",377,"19,5","8,96","6,27","2,41","0,18","0,0035","0,01",0,"43,6","3,77","1,8","5,35","1,06",0,0,0,0,0,0,0,0,0,425,0,0,0,0,0,0,0,0,0,0,0,0,0,0,0
"Pâte brisée, matière grasse végétale, cuite",505,"26,4","3,93","3,15","1,1","0,26",0,0,"0,5","58,3",0,"0,9","7,47","1,73","16,5","0,068",1,10,"12,8",1,60,116,5,690,1,2,114,"0,2","2,3",0,0,0,"0,05","0,05","0,39","0,4","0,05",8,"0,03"
"Pâte brisée, pur beurre, crue",384,"19,5","13,1",0,"0,63","0,095",0,0,0,"44,9","3,23","1,88","5,77","1,49",0,0,0,0,0,0,0,0,0,596,0,0,0,0,0,0,0,0,0,0,0,0,0,0,0
"Pâte brisée, pur beurre, cuite",497,"23,9","16,1","4,36","0,59","0,11","0,01","0,01",0,"61,1","3,22","1,7","7,58","1,25",17,"0,09","0,68",20,12,"0,3",72,120,20,500,"0,41",0,"54,8","0,25","0,27","2,28",0,"0,5","0,045","0,01","0,3","0,42","0,019","17,9",0
"Pâte brisée, pur beurre, surgelée, crue",387,"20,7","11,5",0,0,0,0,0,0,"43,3","7,55","1,6","5,65","0,83",0,0,0,0,0,0,0,0,0,0,0,0,0,0,0,0,0,0,0,0,0,0,0,0,0
"Pâte d'amande, préemballée",432,"13,5","1,05","8,65","2,9","0,01","0,01","0,01",0,"70,3","60,1","2,8","5,8","0,018",91,"0,27","0,88","0,5",74,"0,49",150,190,20,7,"0,86",0,5,"0,25","5,52","0,8",0,"0,5","0,029","0,02","0,34","0,15","0,019","13,5",0
Pâté de foie d'oie,459,"43,8","14,5",0,0,0,0,0,150,"4,67",0,0,"11,4","1,74",70,"0,4","5,5",0,13,"0,12",200,138,0,697,"0,92",1000,0,0,0,0,0,2,"0,088","0,3","2,51","1,2","0,06",60,"9,4"
Pâté de foie de porc,355,"33,3","11,6","11,4","3,32","0,33","0,002","0,005",127,"2,91","1,38","0,2","10,8","1,68",11,"0,49","6,08","30,2","14,1","0,14",163,180,21,671,"2,68",8800,0,0,"1,07",0,0,"21,3","0,2","1,11","5,6","1,67","0,2",252,"9,9"
"Pâté de foie de porc, supérieur",341,31,0,0,0,0,0,0,0,"2,4",0,0,13,0,0,0,0,0,0,0,0,0,0,0,0,0,0,0,0,0,0,"10,5",0,0,0,0,0,0,0
Pâté de foie de volaille,269,"22,9","7,12",0,0,0,0,0,391,"1,96","0,81",0,"13,8","1,22",10,"0,18","9,19",10,13,"0,16",175,95,0,467,"2,14",217,0,0,"0,98",0,0,10,"0,052","1,4","7,52","2,62","0,26",321,"8,07"
Pâte de fruits,336,"1,8","0,0002","0,0002","0,0002","0,0002","0,0002","0,0002",0,"76,6","69,2","3,9","1,69","0,078",25,"0,1","0,58",20,18,"0,34",44,170,20,31,"0,38",0,5,"0,25","3,72","1,84",0,"5,13","0,15","0,3","3,69","0,15","0,34",12,0
Pâté de gibier,284,23,9,0,0,0,0,0,0,4,2,"0,5",15,"1,53",0,0,0,0,0,0,0,0,0,610,0,0,0,0,0,0,0,0,0,0,0,0,0,0,0
Pâté de lapin,247,"20,2","8,8",0,0,0,0,0,"74,8","0,00027",0,0,"16,3","1,53","12,5",0,"3,05",4,26,0,212,311,0,341,0,4000,0,"0,47","0,4",0,0,"0,74","0,23","0,14","5,03",0,"0,27",0,1
Pâté en croûte,292,"17,1","8,33","5,31","1,49","0,15","0,01","0,016","60,4","22,9","3,47","1,5",11,"1,83","19,7","0,1","1,1",6,"15,8","0,2",130,151,0,723,"1,3",267,0,"0,5","0,41",0,0,"4,5","0,17","0,26","2,7","0,41","0,091",30,"0,72"
"Pâte feuilletée pur beurre, crue",368,"20,1","14,1","4,41","0,68","0,08","0,015","0,014",0,"39,7","3,03","2,32","5,6","1,37",0,0,0,0,0,0,0,0,0,548,0,0,0,0,0,0,0,0,0,0,0,0,0,0,0
"Pâte feuilletée pur beurre, cuite",509,"28,7",19,0,0,0,0,0,0,57,"1,05","1,2","4,61","1,03",0,0,0,13,0,0,0,0,0,413,0,0,0,0,0,0,0,0,0,0,0,0,0,0,0
"Pâte feuilletée pur beurre, surgelée crue",398,"25,8","17,7",0,0,0,0,0,0,"35,3","1,33","1,4","4,99","0,86",0,0,0,0,0,0,0,0,0,0,0,0,0,0,0,0,0,0,0,0,0,0,0,0,0
"Pâte feuilletée, cuite",531,31,"15,9","6,43","1,76","0,34",0,0,"4,7","54,1","0,3","1,8","7,19","1,57","18,6","0,1","0,6",2,"11,9","0,3",60,"90,1",0,627,"0,3",0,115,0,4,0,0,"0,5","0,04","0,04","0,65","0,29","0,04","0,8",0
"Pâte feuilletée, matière grasse végétale, crue",377,"20,4","7,57","4,4","2,66","0,13","0,0051",0,15,"41,4","2,31","1,87","5,41","1,15",84,0,"1,3",0,0,0,69,94,0,460,"0,5",175,48,"1,76","1,95",0,0,0,"0,14","0,02",1,0,"0,07",7,0
"Pâte feuilletée, surgelée, crue",400,"27,4","13,3",0,0,0,0,0,0,"33,3","1,7","3,05","3,28","1,12",0,0,0,0,0,0,0,0,0,496,0,0,0,0,0,0,0,0,0,0,0,0,0,0,0
Pâté ou terrine aux champignons (forestier),329,"28,1","10,6",0,0,0,0,0,0,"5,93","1,95","0,58","12,6","1,73",0,0,0,0,0,0,0,0,0,690,0,0,0,0,0,0,0,0,0,0,0,0,0,0,0
Pâté ou terrine de campagne,323,"28,2","10,4","10,7","2,96","0,39","0,01","0,02",148,"1,5","0,62",0,"15,5","1,54","12,3","0,92","6,1",10,"15,4","0,15",185,212,"17,2",617,"3,13",0,0,"0,2","0,38",0,0,"5,9","0,14","0,8","6,8",0,"0,19",24,"3,94"
"Pâte phyllo ou Pâte filo, crue",289,6,"1,47",0,0,0,0,0,0,"50,8","0,18","1,9","7,1","1,21",11,"0,1","3,21",0,15,"0,48",75,74,0,483,"0,49",0,0,0,"0,08","2,5",0,0,"0,54","0,34","4,07","0,3","0,03",18,0
"Pâte sablée pur beurre, crue",383,"15,8","10,1",0,"0,57","0,085",0,0,0,"53,6","13,4","1,65","5,95","0,029",0,0,0,0,0,0,0,0,0,"14,1",0,0,0,0,0,0,0,0,0,0,0,0,0,0,0
"Pâte sablée pur beurre, cuite",469,"20,9","13,7","4,03","0,7","0,12","0,01","0,01","91,5",63,"20,1","1,9","6,2","0,47",20,"0,09","0,68",20,18,"0,42",130,100,20,188,"0,52",169,"38,1","0,25","0,38","2,14",0,"0,5","0,087","0,018","0,1","0,33","0,055",99,"0,096"
"Pâte sablée pur beurre, surgelée, crue",423,"17,5",12,0,0,0,0,0,0,"60,9","21,3","1,2","4,9","0,17",0,0,0,0,0,0,0,0,0,0,0,0,0,0,0,0,0,0,0,0,0,0,0,0,0
"Pâte sablée, crue",404,"19,6","9,94","6,68","1,9","0,17","0,017","0,013",0,51,13,"1,2","5,3","0,25",0,0,0,0,0,0,0,0,0,101,0,0,0,0,0,0,0,0,0,0,0,0,0,0,0
"Pâte sablée, cuite",505,"24,6","11,8","8,15","2,82","0,29","0,01","0,01","1,37","64,4","22,9","1,5","5,7","0,27",11,"0,06","0,27",20,"7,3","0,16",43,66,20,107,"0,23",21,"77,4","0,25","1,63","6,14",0,"0,5","0,041","0,01","0,1","0,23","0,03","81,6","0,01"
"Pâtes à la bolognaise (spaghetti, tagliatelles…)",116,"4,07","1,42",0,"0,3","0,1",0,0,11,"13,6","2,64","1,9","5,32","0,83",14,"0,08","0,79",5,"19,6","0,15","58,3",176,"1,1",329,"0,9",0,150,0,"1,31",0,0,"4,22","0,05","0,05","1,1","0,4","0,14","9,05","0,32"
"Pâtes à la carbonara (spaghetti, tagliatelles…)",161,"8,7","4,34","2,34","0,54","0,048",0,"0,01","25,9","14,2","1,79","1,18","5,91","0,86","36,1","0,08","0,45",8,"14,6","0,15","86,2","87,1",1,347,1,"47,8",60,"0,1","1,19",0,0,"0,82","0,13","0,08","1,9","0,3","0,06","7,29","0,11"
"Pâtes en sauce aux fromages (spaghetti, tagliatelles…), préemballées",163,"7,4","4,35",0,0,0,0,0,0,"15,9","5,85","1,85","7,17","0,8",0,0,0,0,0,0,0,0,0,310,0,0,0,0,0,0,0,0,0,0,0,0,0,0,0
"Pâtes fraîches farcies (ex : raviolis, tortellinis, ravioles du Dauphiné), au fromage, cuites",226,"8,3","4,64","1,85","0,76","0,07","0,01","0,01","36,2","26,8","4,4","1,9",10,"0,79","72,3","0,3","0,48","5,2","16,2","0,2","88,5","47,9",13,317,"0,7","24,9",15,"0,05","0,1",0,0,"0,2","0,029","0,047","0,29","0,27","0,04","7,47","0,18"
"Pâtes fraîches farcies (ex : raviolis, tortellinis, ravioles du Dauphiné), au fromage, préemballées, crues",268,"7,69","4,28","1,71","0,61","0,072",0,"0,01",49,"37,3","3,83","2,23","11,3","1,13",141,1,1,0,"21,7",1,165,112,0,458,1,23,50,0,"0,1",0,0,0,"0,07","0,13","0,26","0,47","0,05","11,4","0,6"
"Pâtes fraîches farcies (ex : raviolis, tortellinis), à la viande (ex : bolognaise), préemballées, cuites",174,"4,65","1,65","1,65","0,73","0,069","0,0048","0,0048","25,7","25,1",1,"2,15","6,94","0,52",29,"0,12","0,78",20,"17,5","0,26","85,5",95,35,206,"0,74",21,82,"0,38","0,28","0,74",0,"0,5","0,19","0,049","0,51","0,32","0,051","13,6","0,57"
"Pâtes fraîches farcies (ex : raviolis, tortellinis), au fromage et aux légumes, préemballées, crues",262,"5,69","2,74","1,17","1,43","0,035",0,"0,01",0,"41,4","3,46","2,87","9,98","1,07",0,0,0,0,0,0,0,0,0,422,0,0,0,0,0,0,0,0,0,0,0,0,0,0,0
"Pâtes fraîches farcies (ex : raviolis, tortellinis), au fromage et aux légumes, préemballées, cuites",219,"7,5","2,36","2,46","1,92","0,1","0,01","0,01","27,2","27,8","3,53","3,4","7,94","1,05",69,"0,13","0,57",20,20,"0,23",93,130,20,420,"0,51",21,157,"0,25","0,64","0,8",0,"0,5","0,07","0,07","1,32","0,45","0,058","8,62","0,25"
"Pâtes fraîches farcies (ex : raviolis, tortellinis), aux légumes, préemballées, crues",255,"5,06","1,74",0,0,0,0,0,0,"41,4","3,14","3,02","9,4","0,81",0,0,0,0,0,0,0,0,0,339,0,0,0,0,0,0,0,0,0,0,0,0,0,0,0
"Pâtes fraîches farcies (ex : raviolis, tortellinis), aux légumes, préemballées, cuites",156,"4,9","1,93","1,5","1,03","0,04","0,01","0,01","28,5","20,9","1,9","3,7","5,19","0,49",50,"0,1","0,51",20,15,"0,2",75,76,20,195,"0,48",21,119,"0,25","0,81","1,35",0,"0,5","0,057","0,066","0,24","0,32","0,038","42,4","0,49"
"Pâtes fraîches farcies (ex : raviolis, tortellinis), cuites (aliment moyen)",199,"6,53","2,88","1,86","1,02","0,072","0,0049","0,0049",30,"25,7","2,82","2,52","7,98","0,72","54,9","0,18","0,6","8,32","17,2","0,23","86,7","83,1","13,4",287,"0,64","15,5","78,5","0,12","0,36","0,75",0,"0,23","0,092","0,055","0,56","0,33","0,047","14,2","0,36"
"Pâtes fraîches farcies (ex : raviolis, totellinis), à la viande (ex : bolognaise), préemballées, crues",265,"5,79","2,45","1,94","1,1","0,041",0,"0,01",0,"40,3","3,91","3,15","11,4","1,28","37,5",0,"0,72",0,0,0,0,0,0,512,0,0,0,0,0,0,0,0,0,0,0,0,0,0,0
"Pâtes fraîches, aux oeufs, crues",283,"1,87","0,49",0,0,0,0,0,"48,6","53,8","2,54","3,17","10,1","0,35",35,0,"1,29",0,0,0,0,0,0,156,0,0,0,0,0,0,0,0,0,0,0,0,0,0,0
"Pâtes fraîches, aux oeufs, cuites, non salées",168,"1,3",0,0,0,0,0,0,20,32,0,"1,5","5,76","0,042","24,1",1,"1,1",0,"20,9",1,88,61,0,"16,8",1,2,50,"0,2","0,1",0,0,0,"0,07","0,06","0,21","0,37","0,05","9,2","0,24"
"Pâtes ou nouilles asiatiques au blé et aux oeufs, crues, nature",371,3,1,0,0,0,0,0,0,71,"0,5",4,"11,9","0,99",0,0,0,0,0,0,0,0,0,397,0,0,0,0,0,0,0,0,0,0,0,0,0,0,0
"Pâtes ou nouilles asiatiques au blé, cuites, nature, non salées",165,"6,9","3,16","2,59","0,75","0,02","0,0033","0,0033",0,"21,4",0,1,"3,5","0,23",11,"0,04","0,32",20,"9,1","0,24",43,26,50,"93,6","0,19",0,10,0,0,"0,8",0,0,"0,023","0,01","0,1","0,91","0,01",5,"0,073"
"Pâtes sèches standard, crues",336,"1,79","0,37","0,18","0,72","0,038",0,0,0,"65,8","2,12",3,"11,5","0,031","20,5","0,27","1,5","0,6","57,5","0,75",165,219,"4,8","9,2","1,31",0,0,0,"0,2","0,1",0,0,"0,12","0,048","1,35","0,37","0,096","23,7",0
"Pâtes sèches standard, cuites, non salées",126,"0,55","0,11","0,01","0,01","0,01","0,01","0,01","1,27",25,"0,6","1,9","3,99","0,01",17,"0,12","0,43",20,17,"0,31",59,34,20,5,"0,47",0,5,0,"0,08","0,8",0,"0,5","0,025","0,01","0,52","0,28","0,022","23,5","0,014"
"Pâtes sèches, au blé complet, crues",353,"2,2","0,38","0,25","0,86","0,062",0,0,0,"67,6","1,8","6,1","11,8","0,016","32,1",1,"3,2",10,"82,2","1,8",160,378,"5,8","6,2","1,9",0,0,0,"0,1",0,0,0,"0,25","0,07","0,87","0,66","0,13","22,4",0
"Pâtes sèches, au blé complet, cuites, non salées",128,"0,9","0,099","0,075","0,2","0,012","0,01","0,01","0,7","23,4","0,6","3,3","4,55","0,01",22,"0,19","0,98",20,36,"0,76",110,65,20,5,"0,99",0,5,0,"0,08","0,8",0,"0,5","0,07","0,021","0,16","0,19","0,032","10,5","0,021"
"Pâtes sèches, aux oeufs, crues",381,"4,72","1,34",0,0,"0,058",0,0,84,68,"2,19","3,15",14,"0,085",35,"0,3","1,9","7,04",58,"0,86",241,244,"32,5",34,"1,92",17,2,"0,3","0,37","0,5",0,0,"0,17","0,09","2,1","0,91","0,22",29,"0,29"
"Pâtes sèches, aux oeufs, cuites, non salées",134,2,"0,34","0,58","0,51","0,025","0,01","0,01","34,3",23,"0,8",2,"4,57","0,01",23,"0,11","0,57",20,16,"0,3",68,25,20,5,"0,53",2,5,"0,25","0,19","0,8",0,"0,5","0,02","0,014","0,1","0,2","0,033","24,1","0,14"
"Pâtes sèches, sans gluten, crues",356,"1,24","0,24","0,25","0,35","0,01",0,"0,01",0,79,"0,38","1,22","6,17","0,0078",0,0,0,0,0,0,0,0,0,"3,61",0,0,0,0,0,0,0,0,0,0,0,0,0,0,0
"Pâtes sèches, sans gluten, cuites, non salées",163,"1,1","0,29","0,33","0,36","0,02","0,01","0,01","7,08","34,4","0,49",1,"3,09","0,015","9,6","0,07","0,48",20,23,"0,34",62,32,20,"5,9","0,46",0,5,0,"0,08","0,8",0,"0,5","0,04","0,01","0,15","0,17","0,019","12,7","0,09"
"Pâtes, sans gluten, à base de lentilles corail, cuites à l'eau, non salées",168,"0,8","0,16","0,2","0,29","0,07","0,01","0,01",0,"25,1","1,03","4,9","11,7","0,013",29,"0,48","2,7",0,59,"0,57",130,240,20,5,"1,8",0,"18,9",0,"0,08","2,12",0,0,"0,12","0,01","0,21","0,29","0,066","23,1",0
"Pâtes, sans gluten, à base de riz et maïs, cuites à l'eau, non salées",170,"0,8","0,35","0,27","0,11","0,01","0,01","0,01",0,"36,6",0,"1,3","3,15","0,013","9,6","0,06","0,13",0,"8,6","0,1",27,15,20,5,"0,19",0,"5,2",0,"0,12","0,8",0,0,"0,015","0,01","0,1","0,058","0,019","6,32",0
Pâtisserie (aliment moyen),"350,96","17,2","6,97","6,77","1,79","0,54","0,0038","0,0049","72,7",44,"27,5","2,25","5,04","0,39",66,"0,2","1,42",12,"25,9","0,3","98,6",172,"7,06",156,"0,51","71,6","50,5","0,28","2,61",0,0,"3,46","0,17","0,2","0,41","0,4","0,065","43,1","0,25"
Paupiette de veau,193,"13,8","5,45",0,0,0,0,0,"63,3","2,6","0,41","0,2","14,5","1,26","27,6","0,088",1,"5,54","37,2","0,18",133,272,"3,26",510,"1,25","24,9",1160,"0,1","0,68",0,0,"1,34","0,084","0,14","3,51","0,59","0,28","14,3","0,41"
"Paupiette de veau, préemballée,  cuite au four",276,"20,5","8,19","7,77","2,07","0,23","0,01","0,01","89,5","0,48","0,3","0,9",22,"1,07",24,"0,07","0,94",20,18,"0,03",180,260,20,428,"2,3",21,0,"0,25","0,08","0,87",0,"1,62","0,16","0,071","3,83","0,59","0,22","11,9","1,61"
Paupiette de volaille,164,"3,4","0,65",0,0,0,0,0,"59,6","8,8",0,"1,17","23,9","1,05","27,6","0,083","1,03","5,4","38,6","0,18",130,264,"6,08",251,"1,09","26,1",1160,"0,14","0,69",0,0,"1,33","0,082","0,11","3,97","0,56","0,31","13,8","0,28"
"Pavot, graine",551,"43,1","4,69","6,02","29,4","0,29",0,0,0,"13,7","2,99","14,8","19,7","0,059",1440,"1,63","9,58",0,339,"6,71",860,710,0,"23,5","9,05",0,0,0,"1,14",0,0,1,"0,85","0,14","0,94","0,32","0,4",82,0
"Pêche au sirop léger, appertisée, égouttée","61,7","0,5",0,0,0,0,0,0,0,"13,8","13,1","1,5","0,5","0,033",10,"0,05","0,13",20,5,"0,02",11,100,20,5,"0,05",0,254,0,0,"0,8",0,"2,78","0,01","0,01","0,37","0,071","0,01","8,4",0
"Pêche au sirop léger, appertisée, non égouttée","57,982","0,038","0,003",0,0,0,0,0,0,"14,1","12,9","0,92","0,31","0,0022","9,57","0,038","0,13",20,"4,88","0,02","9,79",100,20,"0,9","0,054",0,155,0,"0,49","0,8",0,"3,32","0,01","0,01","0,35","0,063","0,01","8,4",0
"Pêche blanche, pulpe et peau, crue","47,2","0,5","0,01","0,01","0,01","0,01","0,01","0,01",0,"9,48","8,7","2,1","0,69","0,013","4,1","0,06","0,11",20,"7,1","0,05",18,180,20,5,"0,11",0,5,0,"0,19","0,8",0,"3,85","0,015","0,01","0,2","0,18","0,01","7,92",0
"Pêche blanche, pulpe, crue","46,1","0,5","0,01","0,01","0,01","0,01","0,01","0,01",0,"9,63","7,8","1,1","0,63","0,013","3,9","0,06","0,12",20,"6,8","0,05",18,170,20,5,"0,1",0,5,0,"0,28","0,8",0,"4,09","0,015","0,01","0,1","0,15","0,01","10,5",0
"Pêche jaune, pulpe, crue","46,3","0,5","0,01","0,01","0,01","0,01","0,01","0,01",0,"9,8","7,6",1,"0,69","0,013","4,2","0,06","0,11",20,"6,7","0,04",17,190,20,5,"0,09",0,130,0,"0,5","0,8",0,"3,43","0,015","0,01","0,31","0,16","0,015",12,0
Pêche melba,119,"3,62","1,62",0,0,0,0,0,"10,2","18,8","18,2","1,54","2,06","0,063","62,3","0,093","0,57","11,2","10,1","0,2","54,9",144,"0,31","25,1","0,33","29,4",132,"0,028","1,26",0,0,"15,7","0,031","0,088","0,51","0,2","0,042","13,6","0,078"
"Pêche, pulpe et peau, crue","43,29","0,33","0,027","0,096","0,12","0,0031",0,0,0,9,"8,16","1,6","1,08","0,0075","7,32","0,075","0,15","0,3","11,2","0,064",21,215,"0,16","1,11","0,12",0,162,0,"1,27","2,6",0,"6,6","0,022","0,046","0,7","0,16","0,028","4,1",0
"Pêche, sèche","304,6",1,"0,092","0,31","0,41","0,01",0,0,0,"68,9",0,"14,3",5,"0,2",25,"0,63","6,8","2,8",80,"0,67",120,945,0,79,"0,57",0,0,0,0,0,0,"4,8","0,002","0,065","1,3","0,3","0,15",14,0
Pecorino,"259,2","28,8","18,3",0,0,0,0,0,104,0,0,0,0,"4,73",1160,0,"1,4",0,0,0,675,94,0,1890,"3,5",137,24,"0,5","0,73",0,0,0,"0,03","0,47","0,2",0,"0,09",7,0
"Pecten d'Amérique ou Peigne du canada, noix, crue","81,3","0,54",0,0,"0,0032","0,0014","0,14","0,18",0,"1,78",0,0,"17,3",0,22,0,0,0,0,0,234,0,0,0,0,0,0,0,0,0,0,0,0,0,0,0,0,0,0
Pélardon (fromage de chèvre),343,"27,8","18,6","4,84",0,"0,17",0,0,117,0,0,0,"23,8","1,43",147,"0,1","0,37",30,"20,5",0,242,0,"9,5",572,"0,57",202,0,"0,5","0,58",0,0,0,"0,04","1,01","1,28","1,2","0,28","95,5",0
"Perche du Nil, crue","82,4","0,68","0,22","0,064","0,0077","0,0063","0,02","0,08","63,7",0,0,0,"19,1","0,14","4,96","0,1","0,26","6,54","26,8","0,1",156,308,"30,6","57,5","0,35",7,0,"0,46","0,49",0,0,0,"0,071","0,04","2,01","0,34","0,11",0,"1,17"
"Perche, crue","82,2","1,19","0,28",0,"0,033","0,02","0,033","0,074","61,1",0,0,0,"17,9","0,14","70,8","0,037","0,58",13,"28,5","0,15",208,290,24,"55,2","0,66",15,0,"5,75","0,7","0,1",0,"2,9","0,061","0,081","2,65","0,75","0,16",11,2
"Perche, rôtie/cuite au four",119,"3,42","0,85","0,2","0,023","0,021","0,036","0,14","82,4",0,0,0,"22,1","0,096",73,"0,058","0,71",5,26,"0,28",105,331,26,"38,3","0,77",24,0,9,"1,32",0,0,"3,8","0,09","0,077","2,98","0,81","0,13",16,"0,83"
"Persil, frais",43,"0,63","0,1","0,0045","0,1","0,16",0,0,0,"3,48","0,95","4,3","3,71","0,59",218,"0,12","4,67",5,"39,5","1,7",65,598,"0,1","54,3","0,77",2,5050,0,"1,73",1220,0,177,"0,1","0,2","1,51","0,35","0,15",134,0
"Persil, séché",291,"5,34","1,38","0,76","1,25","1,86",0,0,0,"16,8","7,27","29,7",29,"1,05",658,"0,62",38,0,386,"5,57",492,4490,0,422,"5,78",0,1150,0,"8,96",1360,0,137,"0,62","2,32","10,2","1,79","1,14",187,0
"Pétales de blé avec noix, noisettes ou amandes, enrichis en vitamines et minéraux",386,"6,3","0,83",0,0,0,0,0,0,"67,9","20,9","8,07","10,3","1,5",154,"0,4","10,4",5,103,"1,6",293,400,"13,8",600,"1,9",0,0,0,"3,1",0,0,51,"1,05","1,2","13,3","4,45","1,5",148,"0,75"
Pétales de blé chocolatés (non enrichis en vitamines et minéraux),388,"2,64","1,4","0,63","0,47","0,029","0,01","0,01","1,02","80,1","30,3","4,93","8,48","0,64",25,"0,4","5,6",20,80,"1,5",200,450,20,260,"1,4",21,5,"0,25","0,56","0,8",0,"0,5","0,13","0,03","2,5","0,51","0,065","22,4","2,31"
"Pétales de blé chocolatés, enrichis en vitamines et minéraux",388,"3,24","1,49","0,97","0,23","0,011","0,0023","0,0023",0,"77,7","29,9","6,01","9,04","0,56",228,"0,2","7,24",5,55,"0,7",145,506,12,216,1,0,0,"1,7",10,0,0,68,"1,06","1,29","14,5","5,24","1,44",174,"1,67"
Pétales de maïs glacés au sucre (non enrichis en vitamines et minéraux),379,"0,6","0,1",0,0,0,0,0,0,88,"29,6","1,9","4,4","1,14",0,0,0,0,0,0,0,0,0,450,0,0,0,0,0,0,0,0,0,0,0,0,0,0,0
"Pétales de maïs glacés au sucre, enrichis en vitamines et minéraux",374,"0,63","0,18",0,0,0,0,0,0,"84,7",30,"3,02","5,77","1,27",371,0,"7,18",5,10,0,30,70,"4,4",500,"0,3",0,0,"4,2",12,0,0,0,"0,95","1,23","13,7","5,11","1,26",169,"1,91"
Pétales de maïs natures (non enrichis en vitamines et minéraux),380,"1,05","0,3",0,0,0,0,0,0,"82,8","5,43","3,36","8,14","2,15",0,0,0,0,0,0,0,0,0,857,0,0,0,0,0,0,0,0,0,0,0,0,0,0,0
"Pétales de maïs natures, enrichis en vitamines et minéraux",377,"0,87","0,28","0,16","0,32","0,01",0,0,0,"83,2","9,53","3,48","7,4","1,64",124,"0,031","7,21","0,9","21,7","0,14",54,131,10,660,"0,36",0,0,"4,2","0,14","0,3",0,0,"1,06","1,33",15,"5,51","1,42",182,"1,95"
Pétillant de fruits,"27,8",0,0,0,0,0,0,0,0,"6,95","6,95",0,0,"0,0075",6,0,"0,4","0,7",4,"0,05",4,30,0,3,"0,1",0,0,0,0,0,0,0,0,0,"0,1","0,2","0,1",0,0
Petit pot fruit avec banane pour bébé,"56,5","0,5","0,0002","0,0002","0,0002","0,0002","0,0002","0,0002",700,"12,4",12,"2,3","0,6","0,0042","10,3","0,058","0,15",20,"9,84","0,12",14,150,1,"1,46","0,061",21,"39,2","0,5","0,79","0,8",0,"18,2","0,25","0,07","0,93","0,37","0,11","27,6","0,016"
Petit pot fruit sans banane pour bébé,"53,26","0,5","0,0002","0,0002","0,0002","0,0002","0,0002","0,0002",700,"11,9","10,2","2,07","0,29","0,002","6,24","0,059","0,13",20,"5,79","0,061",13,123,1,"0,57","0,051",21,"48,4","0,5","0,73","0,8",0,"25,1","0,036","0,08","0,48","0,14","0,069","8,6","0,022"
"Petit pot légumes, avec féculent, dès 4/6 mois","41,7","0,8","0,088","0,15","0,31","0,082","0,0002","0,0002",700,"6,45","0,5","1,75","1,3","0,022","13,9","0,04","0,32",20,"12,5","0,17",28,144,1,"8,95","0,23",21,302,"0,5","0,53","5,62",0,"0,82","0,032","0,015","0,47","0,077","0,041","27,3","0,029"
"Petit pot légumes, dès 406 mois","26,3","0,5","0,0002","0,0002","0,0002","0,0002","0,0002","0,0002",700,"3,8","3,7","2,6","0,9","0,042",18,"0,033","0,22",20,"8,83","0,11",24,135,1,"16,6","0,18",21,1720,"0,5","0,79","1,17",0,"0,5","0,023","0,01","0,96","0,17","0,05","7,27","0,069"
"Petit salé ou saucisse aux lentilles, préemballé",118,"4,87","1,89",0,"0,56","0,043",0,"0,01",27,"8,89","1,51","2,83","8,24","0,98",20,"0,2","1,8",2,"19,4","0,3",145,167,"2,8",384,"1,2",2,280,"0,5","0,39",0,0,"0,5","0,24","0,075","1,5","0,23","0,14","22,9","0,13"
"Petits pois et carottes, appertisés, égouttés",49,"0,33","0,051","0,01","0,01","0,01","0,01","0,01",0,"7,39","3,58","3,27","2,51","0,61",23,"0,1","0,75",2,14,"0,36",46,100,0,244,"0,58",0,3000,0,0,0,0,"6,6","0,074","0,053","0,58","0,12","0,088",18,0
"Petits pois et carottes, surgelés, crus","47,29","0,37","0,097",0,0,0,0,0,0,"7,1","3,43","4,3","3,89","0,082","29,5","0,089","1,2",0,18,"0,24",60,194,0,"31,3","0,52",0,0,0,0,0,0,"13,6","0,19","0,081","1,41","0,2","0,1",36,0
"Petits pois et carottes, surgelés, cuits","44,22","0,42","0,077",0,0,0,0,0,0,"7,02","4,36","3,1","3,09","0,17",23,"0,076","0,94",0,16,"0,2",49,158,0,68,"0,45",0,4730,0,"0,52","18,8",0,"8,1","0,23","0,064","1,15","0,16","0,087",26,0
"Petits pois, appertisés, égouttés","81,5","0,8","0,15","0,061","0,34","0,07",0,0,0,"10,7","3,59","5,75","5,12","0,64","20,6","0,079","1,29","0,9","16,3","0,17","73,1","71,5","3,35",257,"0,42",0,514,0,"0,21","53,4",0,"6,9","0,12","0,059","0,89","0,2","0,053","26,5",0
"Petits pois, bouillis/cuits à l'eau","80,3","0,6","0,15","0,12","0,23","0,04","0,01","0,01",0,"9,93","1,6","4,8","6,38","0,023",38,"0,14","1,2",20,29,"0,29",100,190,20,9,"0,72",0,316,0,"0,08","9,9",0,"11,4","0,14","0,01","1,4","0,24","0,044","38,2",0
"Petits pois, crus","56,31","0,55","0,1","0,042","0,24","0,048",0,0,0,7,"5,67","5,5","5,84","0,0088","27,5","0,14","1,64","0,15","30,5","0,4",119,272,"1,02","3,5",1,0,449,0,"0,075","47,4",0,"41,5","0,29","0,13","2,15","0,43","0,16",45,0
"Petits pois, cuits","49,83","0,87","0,21","0,019","0,088","0,014",0,0,0,"4,7","1,8","5,8","5,8","0,018","32,7","0,14","1,17",5,"31,9","0,32",96,135,10,"7,1","0,8",0,414,0,"0,1","25,9",0,"1,8","0,13","0,05","0,4","0,05","0,05","65,6",0
"Petits pois, purée","76,4","2,8","1,7",0,0,0,0,0,0,8,3,"4,8","4,8","0,74",0,0,0,0,0,0,0,0,0,0,0,0,0,0,0,0,0,0,0,0,0,0,0,0,0
"Petits pois, surgelés, crus","62,48","0,44","0,11","0,041","0,23","0,047",0,0,0,"8,77","3,87","6,45","5,86","0,09","27,3","0,15","1,53","0,15","25,9","0,35","86,9",158,"1,02","21,7","0,86",0,1230,0,"0,025",49,0,"20,8","0,27","0,099","1,72","0,43","0,08",87,0
"Petits pois, surgelés, cuits","54,83","0,27","0,049",0,0,0,0,0,0,"7,95","4,65","5,5","5,15","0,18",24,"0,11","1,52",0,22,"0,28",77,110,1,72,"0,67",0,1250,0,"0,03",24,0,"9,9","0,28","0,1","1,48","0,14","0,11",59,0
"Pétoncle ou Peigne du Pérou, noix, crue","88,7","0,7","0,3",0,0,0,0,0,0,"3,1",0,0,"17,5","0,38",0,0,0,0,0,0,0,0,0,150,0,0,0,0,0,0,0,0,0,0,0,0,0,0,0
Picodon (fromage de chèvre),315,26,"19,2","4,25",0,"0,2",0,0,137,0,"0,5",0,"20,7","1,25",126,"0,1","0,28",20,"16,9",0,203,0,13,500,"0,67",180,0,"0,5","0,44",0,0,0,"0,04","0,78","1,24","1,23","0,14",80,0
Pied de porc demi0sel,137,10,"2,95","5,16","0,64","0,028",0,0,83,"0,01",0,0,"11,6","2,37",32,"0,037","0,31",0,11,"0,022",87,13,0,946,"0,2",11,0,"0,4","0,21",0,0,0,"0,006","0,015","0,22","0,26","0,007",1,"0,21"
"Pigeon, cru",222,16,"4,89","4,31","1,85",0,"0,01","0,025","92,5","0,7","0,4",0,"18,9","0,17","12,5","0,52","4,03",0,"22,8","0,019",278,244,0,"67,8","2,45","50,5",0,"0,4","0,1",0,0,"6,2","0,25","0,25","6,45","0,77","0,47","9,75","0,44"
"Pigeon, viande, rôtie/cuite au four",213,13,"3,74",0,0,0,"0,005","0,015",116,0,0,0,"23,9","0,14",17,"0,76","5,91",4,26,0,332,256,0,57,"3,83",28,0,"0,2","0,06",4,0,"2,9","0,28","0,35","7,6",0,"0,57",6,"0,41"
Pignon de pin,"665,04",65,"5,53","18,3","30,4","0,15",0,0,0,"6,31","5,21",10,"13,7","0,023","6,2","1,2","4,6","11,2",227,"8,2",527,662,5,9,"5,6",0,17,0,"8,47","53,9",0,"0,5","0,57","0,11","3,29","0,26","0,14","80,2",0
"Pilchard, sauce tomate, appertisé, égoutté",167,11,"2,35",0,"0,12","0,07","0,84","2,3",56,"3,99",1,0,13,1,250,"0,16","2,5",64,29,"0,11",280,310,30,400,"1,3",7,0,14,"2,5",0,0,0,"0,01","0,33","5,9","0,85","0,27",0,13
"Piment, cru","41,16","0,32","0,031","0,011","0,11","0,005",0,0,0,"7,7","5,3","1,65","1,87","0,02",14,"0,15","1,12",0,24,"0,21","55,3",331,0,8,"0,28",0,534,0,"0,69",14,0,155,"0,081","0,088","1,07","0,13","0,39",23,0
"Pintade, crue",143,"5,75","1,55",0,0,0,"0,01","0,03","68,5",0,0,0,"22,8","0,18","11,5","0,044","0,8",0,23,"0,018",161,207,0,"70,5","1,17",20,0,"0,4","0,3",0,0,"1,5","0,063","0,11","8,22","0,91","0,43","5,5","0,36"
"Pintade, cuisse, crue",121,4,"1,3","0,55","0,31","0,03",0,0,70,0,0,0,"21,3","0,2",13,0,"2,5",0,0,0,220,340,0,78,"1,9",0,0,"0,3","0,01",0,0,0,"0,29","0,35","5,1",0,"0,61",17,0
"Pintade, poitrine, crue",107,"0,7","0,23","0,21","0,12","0,01",0,0,57,0,0,0,"25,1","0,13",4,0,"0,3",0,0,0,230,360,0,50,1,0,0,"0,3",0,0,0,0,"0,14","0,15","9,1",0,"0,81",9,0
"Piperade basquaise, préemballée","64,6","3,8",2,"1,33","0,28","0,02","0,01","0,01","2,09","6,5","4,9","3,4","1,1","0,76","7,6","0,05","0,24",20,"7,9","0,08",14,190,20,300,"0,09",0,1450,0,"1,3","3,77",0,"12,2","0,029","0,016","0,62","0,071","0,063",11,0
"Pissaladière, préemballée",284,"13,1","1,5",0,0,0,0,0,0,"33,8","2,9","2,5","6,4","2,21",0,0,0,0,0,0,0,0,0,0,0,0,0,0,0,0,0,0,0,0,0,0,0,0,0
"Pissenlit, cru","43,69","0,85","0,17",0,0,0,0,0,0,"6,1","0,71","2,7","2,91","0,22","62,3","0,067","3,1","0,4","13,2","0,16",66,397,"2,2","87,8","0,21",0,5850,0,"3,44",778,0,"37,5","0,19","0,2","0,8","0,084","0,25",27,0
"Pistache, grillée","574,6","47,4","5,52","23,1","13,3","0,26",0,0,0,"18,6","7,74","10,1","18,4","0,015",108,"1,3","4,1",0,115,"1,24",478,1020,"4,7",6,"2,3",0,156,0,"2,42","13,2",0,"3,33","0,78","0,2","1,37","0,51","1,3","50,8",0
"Pistache, grillée, salée","584,7","49,5","6,58","24,9","14,2","0,23",0,0,0,"15,9","7,57","9,32","18,9","1,67","98,5","1,1","2,4","6,2",105,"0,65",437,655,5,664,"2,3",0,156,0,"1,09","13,2",0,"0,5","0,67","0,17","1,2","0,43","1,41","94,2",0
Pizza (aliment moyen),233,"8,39","3,93","2,24","0,86","0,12","0,0036","0,005","20,8","27,3","2,93","2,38","10,7","1,27",196,0,"0,78",11,"22,1",0,181,187,0,509,0,"41,4",0,"0,16","1,11",0,0,"3,37","0,17","0,13",0,0,"0,16","35,2","0,39"
"Pizza 4 fromages, préemballée",267,"10,5","5,51","2,84","0,88","0,15","0,01","0,01","28,5","28,2","2,61","2,7","13,1","1,11",267,0,"0,81","8,8",22,0,176,141,0,444,0,46,0,"0,05","1,08",0,0,"3,64","0,14","0,14",0,0,"0,15","52,9","0,28"
"Pizza à la viande, type bolognaise, préemballée",227,"8,03","2,85",0,"0,77","0,17",0,0,19,"27,2","2,94","2,16","10,3","1,32",144,"0,21","1,36",0,27,"0,32",211,189,0,534,"1,87",61,92,0,"0,92","6,7",0,"4,2","0,25","0,21","2,16","0,44","0,14",29,"0,8"
"Pizza au chèvre et lardons, préemballée",245,"9,96","4,83","2,9","0,8","0,19",0,"0,01",0,"26,9","3,17","2,36","10,7","1,49",136,0,0,0,0,0,0,0,0,590,0,0,0,0,0,0,0,0,0,0,0,0,0,0,0
"Pizza au chorizo ou salami, préemballée",248,"10,7","4,55","2,93","0,83","0,13",0,"0,01",5,"26,5","3,29","2,04","10,4","1,54",135,0,0,0,0,0,0,0,0,608,0,0,0,0,0,0,0,0,0,0,0,0,0,0,0
"Pizza au fromage ou Pizza margherita, préemballée",227,"7,64","3,4","2,12","1,26","0,11",0,0,"17,2","29,6","2,72","1,67","8,93","1,24",239,"0,097","1,14","33,4","22,9","0,25",286,170,"4,5",493,"1,52",64,97,0,"1,29","9,7",0,"5,5","0,24","0,17","1,3","0,21","0,086",40,"0,55"
"Pizza au poulet, préemballée",215,"6,68","3,23","2,03","0,82","0,17",0,"0,01",0,"27,5","2,96","2,32","9,95","1,16",0,0,0,0,0,0,0,0,0,462,0,0,0,0,0,0,0,0,0,0,0,0,0,0,0
"Pizza au saumon, préemballée",231,"8,78","2,9","3,37","1,38","0,33","0,03","0,03","25,3","26,7","3,04","2,31","10,1","1,22",110,"0,09","0,54",20,22,"0,28",160,190,20,492,"0,84","35,4",144,"0,79","1,68","7,16",0,"0,5","0,1","0,057","1,28","0,26","0,093",15,"0,6"
"Pizza au speck ou jambon cru, préemballée",240,"9,43","4,67",0,"0,94","0,06",0,0,0,"25,7","3,47","1,6","12,2","1,74",163,0,0,0,0,0,0,0,0,767,0,0,0,0,0,0,0,0,0,0,0,0,0,0,0
"Pizza au thon, préemballée",220,"8,78","2,97",0,0,0,0,0,0,"23,3","3,47","2,2","10,8","0,99",0,0,0,0,0,0,0,0,0,397,0,0,0,0,0,0,0,0,0,0,0,0,0,0,0
"Pizza aux fruits de mer, préemballée",200,"6,65","2,5",0,0,0,0,0,0,"24,6","1,5","0,5","10,3","1,25",0,0,0,0,0,0,0,0,0,500,0,0,0,0,0,0,0,0,0,0,0,0,0,0,0
"Pizza aux lardons, oignons et fromage, préemballée",255,"10,6",6,0,0,0,0,0,0,"27,7","3,7","2,2","11,2","1,1",192,0,0,0,0,0,0,0,0,570,0,0,0,0,0,0,0,0,0,0,0,0,0,0,0
"Pizza aux légumes ou Pizza 4 saisons, préemballée",214,8,"3,1","0,08","0,95","0,15","0,01","0,01",19,"25,7","3,62","2,81","8,48","1,1",120,"0,1","0,61",20,20,"0,25",130,200,20,439,"0,92","29,7",153,"0,25","0,73","1,67",0,"1,52","0,09","0,09","0,54","0,29","0,099","25,8","0,3"
"Pizza champignons fromage, préemballée",217,"6,1","2,1",0,0,0,0,0,0,"31,6","1,9","2,4","7,8","1,13",0,0,0,0,0,0,0,0,0,450,0,0,0,0,0,0,0,0,0,0,0,0,0,0,0
"Pizza jambon fromage champignons ou pizza royale, reine ou regina, préemballée",205,"6,66","2,91","2,01","0,64","0,069",0,"0,01","15,6","25,7","3,16","2,3","9,54","1,3",155,"0,1","0,7","11,2","20,1","0,25",174,211,"6,5",524,"1,16","27,5",0,"0,5","1,18",0,0,"4,84","0,19","0,14","1,84","0,57","0,17",31,"0,38"
"Pizza jambon fromage, préemballée",218,"6,69","3,2","2,02","0,87","0,096",0,"0,01","20,3",28,"2,91","2,34","10,3","1,5",174,"0,1","0,7",6,"24,4","0,2",170,234,8,608,"1,4",43,100,"0,5","1,1",0,0,"1,45","0,18","0,12","1,9","0,37","0,2",17,"0,46"
"Pizza kebab, préemballée",211,"7,01","3,5",0,0,0,0,0,0,"26,6","3,04","1,85","9,4","1,4",0,0,0,0,0,0,0,0,0,549,0,0,0,0,0,0,0,0,0,0,0,0,0,0,0
"Pizza type raclette ou tartiflette, préemballée",276,"12,7","5,93",0,0,0,0,0,0,"27,5","2,77","2,4","11,8","1,55",0,0,0,0,0,0,0,0,0,603,0,0,0,0,0,0,0,0,0,0,0,0,0,0,0
"Pizza, sauce garniture pour","38,5","0,73","0,1","0,1","0,23","0,074","0,00025","0,00025",0,"3,2","3,2","4,17","2,12","0,59",50,0,"0,9",0,18,0,29,908,0,234,0,0,0,0,"2,9",0,0,7,"0,07","0,05","1,13","0,4","0,15",22,0
"Plat légumes, avec féculent et lait/crème, dès 12 mois","71,6","2,3","0,26","0,97","0,71","0,13","0,01","0,01","2,36","8,53","2,37","2,4","2,88","0,2",16,"0,025","0,16",20,"9,98","0,072",52,165,1,81,"0,18",21,618,"0,5","1,2","4,44",0,"0,5","0,05","0,08","0,73","0,3","0,087","17,9","0,076"
"Plat légumes, avec féculent et lait/crème, dès 18 mois","70,3","2,4","0,77","0,68","0,64","0,03","0,01","0,01",0,"8,59","2,71","1,4","2,56","0,2","45,4","0,048","0,4",0,"11,2","0,1","43,8",151,"0,93",81,"0,34",0,1660,"0,012","0,58",0,0,"9,3","0,045","0,08","0,44",0,"0,055","20,2","0,062"
"Plat légumes, avec féculent et lait/crème, dès 608 mois","70,2","2,3","0,29","0,9","0,78","0,09","0,01","0,01",700,"9,12","4,62","1,5","2,38","0,075","34,1","0,033","0,24",20,"11,2","0,087",30,167,"0,96",30,"0,26",21,560,"0,5","0,52","4,24",0,"0,77","0,086","0,08","1,5","0,39","0,17","8,17","0,044"
"Plat légumes, avec féculent et lait/crème, dès 8012 mois","77,5","3,5","1,31","1,14","0,59","0,11","0,0002","0,0002","4,38","8,1","3,4","2,6","2,1","0,27","56,6","0,047","0,47",20,14,"0,15",46,150,1,106,"0,4",21,804,"0,5","1,23","8,9",0,"0,5","0,068","0,09","0,84","0,36","0,098","26,5","0,086"
"Plat légumes, avec féculent et viande/poisson, dès 12 mois","75,7","2,9","0,53","1,16","0,7","0,11","0,016","0,027","6,63","8,95","0,9","1,9","2,5","0,24","14,3","0,043","0,28",20,"9,97","0,088",35,134,"1,45",96,"0,25",21,517,"0,5","0,76","2,8",0,"0,5","0,039","0,02","1,06","0,18","0,081","18,3","0,076"
"Plat légumes, avec féculent et viande/poisson, dès 18 mois","68,3","1,98","0,58",0,0,0,0,0,0,"9,02","1,49","1,57","2,82","0,32","20,7","0,032","0,23",0,11,"0,11","37,2",134,"1,13",127,"0,35",0,1170,"0,097","0,74",0,0,"10,6","0,066","0,053","0,81",0,"0,09","13,2","0,095"
"Plat légumes, avec féculent et viande/poisson, dès 608 mois",59,"1,6","0,26","0,65","0,45","0,078","0,0045","0,009","5,49","5,9","1,6","3,3","3,6","0,2","19,6","0,043","0,34",20,"10,9","0,098",50,139,"1,41","78,1","0,36",21,965,"0,5","1,07","8,14",0,"1,53","0,032","0,02","1,4","0,18","0,09","28,8","0,5"
"Plat légumes, avec féculent et viande/poisson, dès 8012 mois","54,9","1,31","0,26","0,53","0,3","0,048","0,00066","0,0002","5,83","6,77","1,37","2,45","2,8","0,24","17,5","0,042","0,3",20,"9,8","0,08",41,136,"1,22","94,4","0,3",21,870,"0,5","0,75","16,3",0,"0,61","0,063","0,04","1,11","0,26","0,095","8,09","0,14"
"Plat légumes, avec féculent, dès 608 mois","42,9","0,7","0,066","0,29","0,17","0,023","0,0011","0,0002",700,"6,9","2,8","2,1","1,2","0,24","27,1","0,04","0,3",20,"11,7","0,1",28,170,"0,84","97,1","0,23",21,1430,"0,5","0,69","1,59",0,"1,87","0,045","0,01","0,98","0,18","0,089","11,1","0,01"
"Poêlée de légumes assaisonnés à l'asiatiques ou wok de légumes, surgelée, crue","71,21","3,93","0,48",0,0,0,0,0,0,"5,83","3,1","2,55","3,13","0,44",0,0,0,0,0,0,0,0,0,73,0,0,0,0,0,0,0,0,0,0,0,0,0,0,0
"Poêlée de légumes assaisonnés aux champignons (""champêtre""), surgelée","32,81","1,21","0,22","0,24","0,065","0,03","0,00014",0,0,"3,59","1,81","2,94","1,89","0,35",0,0,0,0,0,0,0,0,0,134,0,0,0,0,0,0,0,0,0,0,0,0,0,0,0
"Poêlée de légumes assaisonnés grillée, méridionale ou méditerranéenne, surgelée, crue","39,69","1,77","0,14","0,66","0,84","0,029",0,"0,01",0,"4,33","2,66","4,14","1,61","0,25",0,0,0,0,0,0,0,0,0,167,0,0,0,0,0,0,0,0,0,0,0,0,0,0,0
"Poêlée de légumes assaisonnés sans champignon, surgelée, crue","81,2","1,77","0,4",0,"0,08","0,04",0,0,0,"12,1","1,5","3,6","2,6","1,25","24,5",0,6,0,0,0,0,0,0,500,0,0,0,0,0,0,0,"30,8",0,0,0,0,0,0,0
"Poêlée de pommes de terre préfrites, lardons ou poulet, et autres, sans légumes verts, préemballée",168,"9,6","2,9","3,46","2,52","0,12","0,01","0,01","10,5","16,2","1,7","2,1","3,2","0,6",26,"0,08","0,49",20,20,"0,1",88,390,20,260,"0,45",21,"22,6","0,25","1,49","3,13",0,"3,04","0,086","0,056","1,28","0,41","0,15","23,8","0,15"
"Poire au sirop léger, appertisée, égouttée","64,9","0,4",0,0,0,0,0,0,0,"13,9","11,5","2,6","0,5","0,013","8,8","0,05","0,05",0,4,"0,01","7,9",69,20,5,"0,06",0,5,"0,25","0,31","0,8",0,"0,85","0,015","0,01","0,1","0,038","0,011",5,0
"Poire au sirop léger, appertisée, non égouttée","60,28","0,12","0,002",0,0,0,0,0,0,"14,5","12,1","1,23","0,3","0,013",5,"0,049","0,28",0,4,"0,033",7,66,0,5,"0,08",0,0,0,"0,08","0,3",0,"0,7","0,01","0,016","0,15","0,022","0,014",1,0
Poire belle Hélène,196,"9,57","5,19",0,0,0,0,0,13,"23,5",21,"2,76","2,74","0,039","49,3","0,2","2,43","4,16","35,3","0,21","70,2",176,"0,76","15,7","0,49","30,1","22,5","0,48","1,19",0,0,"1,82","0,039","0,091","0,32","0,19","0,038","7,76","0,077"
"Poire Conférence, pulpe, crue","53,1","0,5","0,01","0,01","0,01","0,01","0,01","0,01",0,"11,4","9,4","3,1","0,5","0,013","3,9","0,05","0,09",20,"5,3","0,02","9,3",99,20,5,"0,07",0,"19,3",0,"0,08","0,8",0,"1,39","0,015","0,01","0,1","0,065","0,01","12,6",0
"Poire Williams, pulpe, crue","54,1","0,5","0,01","0,01","0,01","0,01","0,01","0,01",0,"11,5","9,4","3,1","0,5","0,013","6,1","0,05","0,07",20,"5,3","0,02","9,8",120,20,5,"0,09",0,5,0,"0,08","0,8",0,"2,57","0,015","0,01","0,1","0,06","0,01","18,4",0
"Poire, pulpe et peau, crue","47,99","0,27","0,067","0,017","0,1","0,015",0,0,0,"10,9","9,01","2,9","0,49","0,0045","6,46","0,071","0,072","0,4","8,23","0,03","15,4",132,10,"1,8","0,097",0,14,0,"0,41","4,4",0,"4,62","0,015","0,021","0,23","0,06","0,022","11,5",0
"Poire, pulpe, crue","43,7","0,1",0,0,0,0,0,0,"0,02","10,4","10,4","2,47","0,3","0,0075",11,"0,06","0,2",1,7,0,13,150,1,3,"0,1",0,0,0,0,0,0,6,"0,2","0,03","0,2","0,07","0,02",2,0
"Poireau, bouilli/cuit à l'eau","27,4","0,3","0,01","0,01","0,01","0,01","0,01","0,01",0,"2,23","1,8","3,4","2,56","0,013",35,"0,08","0,45",20,"6,5","0,11",26,120,20,5,"0,14",0,343,0,"0,75","3,6",0,"3,79","0,028","0,01","0,3","0,088","0,055","22,8",0
"Poireau, cru","32,3","0,25","0,05","0,007","0,11","0,03",0,0,0,"4,9","3,15","2,27","1,49","0,036","50,7","0,087","1,5","1,1",19,"0,34","40,3",208,"0,56","14,5","0,21",0,1000,0,"0,74",47,0,"18,5","0,065","0,065","0,5","0,13","0,24",73,0
"Poireau, cuit","18,2","0,2","0,027",0,0,0,0,0,0,3,"2,11","3,2","1,1","0,015","25,6","0,12","0,34",10,"8,45","0,075",20,151,10,"5,8","0,1",0,94,0,"0,5","25,4",0,"1,3","0,05","0,05","0,05","0,05","0,06","21,2",0
"Poireau, surgelé, cru","26,7","0,29","0,25",0,0,0,0,0,0,"3,35","2,95","2,55","1,42","0,016",63,0,"0,8",0,0,0,0,0,0,"6,75",0,0,0,0,0,0,0,26,0,0,0,0,0,0,0
"Pois cassé, bouilli/cuit à l'eau","113,01","1,49","0,16",0,0,0,0,0,0,"16,3","3,85","7,95","8,6","0,011","24,7","0,19","2,09",2,"20,9","0,28",134,327,"2,2","4,5","0,65",0,10,0,"0,19","4,5",0,"0,85","0,15","0,06","0,71","0,44","0,094",119,0
"Pois cassé, sec","312,16","1,44","0,23","0,19","0,62","0,13","0,00021","0,00021",0,52,"2,75","15,8","22,8","0,051","37,4","0,75","5,16","0,5","65,5","1,21",364,969,14,"15,4","3,68",0,89,0,"0,09","47,8",0,"1,4","0,77","0,2","2,69","1,88","0,12",154,0
"Pois chiche, appertisé, égoutté","111,08","2,68","0,3","0,47","0,89","0,032",0,0,0,15,"0,5","5,45","6,74","0,54","41,2","0,21","1,15",0,"27,5","0,67","82,5",135,"23,3",216,"0,93",0,"11,5",0,"0,29","3,4",0,"0,1","0,03","0,015","0,14","0,3","0,29","36,5",0
"Pois chiche, bouilli/cuit à l'eau",147,3,"0,46","0,77","1,5","0,08","0,01","0,01",0,"17,7","0,3","8,2","8,31","0,027",72,"0,24","1,3",20,44,"0,86",140,170,20,"10,9","1,1",0,13,"0,25","1,22","2,53",0,"0,5","0,06","0,027","0,21","0,14","0,09","84,4",0
"Pois chiche, sec","324,65","5,85","0,55","1,02","2,03","0,1","0,00092","0,00092",0,"47,5","6,5","13,3","20,5","0,08","90,5","0,71","5,36","0,6",120,"2,2",276,759,2,"23,2","1,88",0,40,0,"3,1",9,0,"3,5","0,49","0,18","1,52","1,59","0,48",369,0
"Pois d'angole, entier, cuit à la vapeur, prélevé à la Martinique","71,86","0,74",0,0,0,0,0,0,0,0,0,0,"16,3",0,0,0,0,0,0,0,0,0,0,0,0,0,0,0,0,0,0,0,0,0,0,0,0,0,0
"Pois mange0tout ou pois gourmand, bouilli/cuit à l'eau","30,5","0,3","0,08","0,07","0,07","0,04","0,01","0,01",0,"3,39","2,3","2,8","2,25","0,013",35,"0,08","0,46",20,14,"0,18",40,100,20,5,"0,28",0,501,"0,25","0,59","3,87",0,"20,6","0,073","0,01","0,39","0,22","0,022",56,0
"Pois mange0tout ou pois gourmand, cru","39,55","0,27","0,039",0,0,0,0,0,0,"6,2",4,"2,63","3,08","0,01","40,7","0,079","2,08",0,24,"0,24","56,8",200,0,4,"0,27",0,630,0,"0,39",25,0,60,"0,15","0,08","0,6","0,75","0,16",42,0
"Pois mange0tout ou pois gourmands, cuits","41,1","0,38","0,073",0,0,0,0,0,0,"5,92","4,82","3,1","3,5","0,013",59,"0,09","2,4",0,28,"0,28",58,217,0,5,"0,49",0,760,0,"0,47","30,2",0,22,"0,064","0,12","0,56","0,86","0,17",35,0
"Poisson blanc à l'estragon, préemballé","77,2","2,8",0,0,0,0,0,0,0,"4,2",0,0,"8,8",0,0,0,0,0,0,0,0,0,0,0,0,0,0,0,0,0,0,0,0,0,0,0,0,0,0
"Poisson blanc à la bordelaise, préemballé",176,"10,4","2,3","2,77",0,"0,11","0,031",0,51,"5,3","1,09",1,"14,8","1,28","21,1",1,"1,2",92,"17,5",1,162,317,"4,9",513,1,2,0,"0,9","2,6",0,0,"9,7","0,05","0,05","9,2","0,18","0,05",5,"2,2"
"Poisson blanc à la florentine (sauce aux épinards), préemballé",100,"4,35","2,75",0,0,0,0,0,0,"2,9","1,95",2,"11,4","0,56",0,0,0,0,0,0,0,0,0,232,0,0,0,0,0,0,0,0,0,0,0,0,0,0,0
"Poisson blanc à la marinière (sauce aux oignons, vin blanc, moules), préemballé",80,"2,8",0,0,0,0,0,0,0,"2,2",0,0,"11,5",0,0,0,0,0,0,0,0,0,0,0,0,0,0,0,0,0,0,0,0,0,0,0,0,0,0
"Poisson blanc à la parisienne (sauce aux champignons), préemballé","79,9","3,25","1,56",0,0,0,0,0,0,3,"0,86",1,"9,16","0,55",0,0,0,0,0,0,0,0,0,220,0,0,0,0,0,0,0,0,0,0,0,0,0,0,0
"Poisson blanc à la provençale ou niçoise (sauce tomate), préemballé","75,2","2,3","0,42",0,"0,6","0,028",0,0,28,"3,1",2,"2,4","9,31","0,7","16,1",0,1,71,"24,2",0,99,348,"3,8",280,0,2,449,"0,2","1,1",0,0,0,"0,05","0,07","1,2","0,25","0,05",5,"1,1"
"Poisson blanc à la sauce moutarde, préemballé","90,8","3,6",0,0,0,0,0,0,0,"5,4",0,0,"9,2",0,0,0,0,0,0,0,0,0,0,0,0,0,0,0,0,0,0,0,0,0,0,0,0,0,0
"Poisson blanc sauce oseille, préemballé",114,"5,5","3,31","1,04","0,2","0,025","0,015","0,035","45,6","3,9","1,65",1,"11,8","0,88",40,"0,03","0,24",44,27,"0,04",130,260,50,350,"0,33","38,8",0,"0,5","1,1","3,6",0,"0,5","0,075","0,06","0,8","0,2","0,058","18,8","1,87"
"Poisson blanc, cuit (aliment moyen)",107,"2,18","0,44","0,36","0,09","0,021","0,12","0,19","63,6",0,0,0,22,"0,88","30,3","0,051","0,38","63,5",27,"0,026",192,296,"32,3",354,"0,58","8,18","1,5","1,59","0,71",0,0,"0,45","0,061","0,089","2,2","0,25","0,21",15,"1,92"
"Poisson blanc, de mer, cuit (aliment moyen)",106,2,"0,38","0,37","0,091","0,021","0,12","0,18","61,3",0,0,0,"22,1","0,98","27,6","0,05","0,37","68,3","26,6","0,014",189,294,"33,7",392,"0,56","7,82","1,77","1,19","0,71",0,0,"0,37","0,06","0,09","2,14","0,23","0,21","13,6","1,99"
Poisson cuit (aliment moyen),144,"5,52","1,21","0,55",0,0,"0,25","0,49","57,5",0,0,0,"23,5","0,54","29,9","0,069","0,69","61,7",30,"0,037",228,347,"36,2",216,"0,61","10,5","0,82","3,69","0,91",0,0,"0,96","0,11","0,12","5,27","0,59","0,33","17,7","3,87"
"Poisson en sauce, surgelé",132,"7,05","2,84","1,12","0,17","0,0068","0,0096","0,011",28,"3,18","1,3","1,25","13,3","0,82","18,2","0,051","0,4","79,5","19,7","0,042",164,331,"4,58",327,"0,26",19,0,"1,13","2,31",0,0,0,"0,086","0,086","1,77","0,25","0,17","34,5","1,53"
"Poisson pané, frit",193,10,"2,15",0,0,"0,031","0,15","0,27",36,"13,4","1,1","0,9","11,9","0,84","15,1","0,055","0,44",5,"32,4","0,14",164,286,"6,24",338,"0,39",16,0,0,"3,8",0,0,"0,5","0,062","0,073","1,6","0,25","0,12",29,"1,95"
"Poisson pané, surgelé, cru",162,"5,73","1,3","1,38","2,13","0,021","0,036","0,05",21,"16,1","2,2","0,9",11,"0,69",20,"0,07","0,51",110,29,"0,25",108,322,0,270,"0,53",0,0,0,0,0,0,0,"0,09","0,14","1,7","0,33","0,28",0,1
"Poisson, croquette ou beignet ou nuggets, frit",255,"13,7","1,69","4,6","4,63","0,067","0,067","0,12",49,"18,4","1,6","2,5","13,2","1,04","31,1","0,045","0,7","48,7","22,3","0,12",130,259,"2,13",418,"0,41",2,0,0,0,0,0,0,"0,11","0,07","1,24","0,32","0,15","32,2","1,54"
Poitrine de porc demi0sel,268,22,"8,3",0,"2,59","0,13",0,0,0,"0,75","0,6",0,"16,8",2,"8,4","0,05","0,52",0,16,0,208,256,0,790,"1,68",0,0,0,"0,34",0,0,0,"0,85","0,24","10,2",0,"0,3","2,19","0,83"
"Poitrine de porc, fumée, crue",303,"26,1","9,39","10,2","2,61","0,21",0,0,0,"0,79","0,75",1,"15,6","2,41",0,0,0,0,0,0,0,0,0,956,0,0,0,0,0,0,0,0,0,0,0,0,0,0,0
"Poivre blanc, poudre",310,"2,11","0,63",0,0,0,0,0,0,"48,3",0,"26,2","11,4","0,013",265,"0,91","14,3",0,90,"4,3",176,73,3,5,"1,13",0,0,0,0,0,0,21,"0,022","0,13","0,21",0,"0,1",10,0
Poivre de Cayenne ou piment de Cayenne,376,"17,3","3,26",0,0,0,0,0,0,"29,4","10,3","27,2",12,"0,075",148,"0,37","7,8",0,152,2,293,2010,0,30,"2,48",0,0,0,"29,8","80,3",0,"76,4","0,33","0,92","8,7",0,"2,45",106,0
"Poivre noir, poudre",330,"7,5","2,9","2,06","1,54","0,63","0,01","0,01",0,"39,5","0,64","25,7","13,3","0,036",480,1,17,20,190,15,170,1600,20,"14,2","0,99",0,608,"0,25","1,93",144,0,"0,5","0,12","0,01","0,46","1,82","0,23","21,8",0
"Poivron jaune, cru","30,7","0,3","0,11","0,11","0,05","0,02","0,01","0,01",0,"4,73","4,3","1,2","0,94","0,013","8,6","0,07","0,21",20,12,"0,11",23,220,20,5,"0,23",0,642,0,"1,76","1,18",0,121,"0,03","0,01","0,28","0,14","0,079","43,3",0
"Poivron jaune, sauté/poêlé sans matière grasse","35,8","0,6","0,19","0,1","0,19","0,1","0,01","0,01",0,"5,33","4,9","2,2",1,"0,013","7,3","0,06","0,23",20,11,"0,09",23,220,20,5,"0,14",0,837,0,"2,12","0,8",0,126,"0,03","0,047","0,56","0,16","0,24","57,1",0
"Poivron rouge, appertisé, égoutté","28,25","0,77","0,089","0,009","0,35","0,022","0,0014","0,0014",0,"4,42","3,64","1,7","0,91","1,14",25,"0,098","0,63",0,"12,5","0,12",19,156,0,440,"0,15",0,1530,0,"1,65","5,1",0,109,"0,042","0,03","0,51","0,079","0,23",34,0
"Poivron rouge, cru","36,6","0,5","0,01","0,01","0,01","0,01","0,01","0,01",0,"5,98","4,8","3,2","1,06","0,013","4,8","0,04","0,21",20,"8,2","0,08",19,180,20,5,"0,14",0,554,0,"3,45","3,16",0,121,"0,036","0,11","0,34","0,18","0,31","81,8",0
"Poivron rouge, cuit","36,3","0,3","0,1",0,0,0,0,0,0,7,6,"2,2","1,4","0,006",9,"0,01",0,1,14,"0,1",26,180,0,0,"0,2",0,0,0,"0,9",0,0,81,"0,01","0,03","0,9","0,06","0,31",11,0
"Poivron rouge, sauté/poêlé sans matière grasse","35,7","0,3","0,01","0,01","0,01","0,01","0,01","0,01",0,"6,53","6,1",2,"0,94","0,013",7,"0,06","0,27",20,12,"0,11",25,240,20,5,"0,14",0,7120,0,"3,81","5,61",0,144,"0,033","0,1","0,83","0,15","0,31","69,7",0
"Poivron vert, cru",26,"0,5","0,01","0,01","0,01","0,01","0,01","0,01",0,"3,43",3,"3,2","0,81","0,013","6,2","0,04","0,22",20,"7,7","0,07",17,160,20,5,"0,11",0,154,0,"0,28","0,8",0,"26,9","0,015","0,01","0,3","0,11","0,21","55,1",0
"Poivron vert, cuit","14,92","0,2","0,029",0,0,0,0,0,0,"2,36","2,36","1,2","0,92","0,005",9,"0,065","0,46",1,10,"0,12",18,166,0,2,"0,12",0,264,0,"0,5","9,8",0,"74,4","0,059","0,03","0,48","0,079","0,23",16,0
"Poivron vert, sauté/poêlé sans matière grasse","28,6","0,3","0,1","0,06","0,07","0,04","0,01","0,01",0,"3,53","3,1",3,"1,25","0,013","6,7","0,05","0,21",20,"9,5","0,08",20,200,20,5,"0,12",0,199,0,"0,76","4,1",0,"64,6","0,017","0,021","0,35","0,097","0,26","27,8",0
"Poivron, vert, jaune ou rouge, cru","23,83","0,27","0,071","0,011","0,091","0,026",0,0,0,"4,55","2,7","1,5","0,8","0,021","7,7","0,1","0,4",5,"11,9","0,1","22,5",155,"0,1","8,4","0,13",2,834,"0,5","1,44",0,0,121,"0,041","0,041","0,74","0,12","0,38","40,7",0
"Polenta ou semoule de maïs, cuite, non salée","77,5","0,3","0,01","0,01","0,01","0,01","0,01","0,01","2,28","16,9","0,1","1,6","1,38","0,01","4,7","0,07","0,21",20,4,"0,03",15,24,20,5,"0,11",0,"5,29",0,"0,08","0,8",0,"0,5","0,015","0,01","0,1","0,049","0,023",5,"0,03"
"Polenta ou semoule de maïs, précuite, sèche",350,"1,8",0,0,0,0,0,0,0,74,0,"3,2","7,88","0,0043","1,55",0,1,10,35,1,104,144,5,"1,7",1,0,50,0,1,0,0,0,"0,07","0,06","0,05","0,39","0,08",35,0
"Pollen, partiellement séché",358,"4,2",0,0,0,0,0,0,0,"52,5","36,5","11,3","21,9","0,22","85,2","1,95",0,0,"82,8",0,367,464,0,"89,8","5,6",0,0,0,0,0,0,0,"0,00092","0,0019",0,"0,004","0,0005",0,0
"Pollen,frais",285,"5,17","1,81",0,0,0,0,0,0,"37,7","26,8","9,07","17,5",0,105,"0,51","11,6",0,"63,3",0,273,411,"41,4","7,57","3,95",0,0,0,"4,46",0,0,"6,34","0,67","1,08","4,84","0,87","0,28",993,0
"Pomelo (dit Pamplemousse) jaune, pulpe, cru","32,9","0,1","0,014",0,0,0,0,0,0,"7,31","7,31","1,1","0,69",0,12,"0,05","0,06",0,9,"0,013",8,148,0,0,"0,07",0,14,0,"0,13",0,0,"33,3","0,037","0,02","0,27","0,28","0,043",10,0
"Pomelo (dit Pamplemousse) rose, pulpe, cru","29,14","0,14","0,021",0,0,0,0,0,0,"6,2","6,2","1,6","0,77",0,22,"0,032","0,08",0,9,"0,022",18,135,0,0,"0,07",0,686,0,"0,13",0,0,"31,2","0,043","0,031","0,2","0,26","0,053",13,0
"Pomelo (dit Pamplemousse), pulpe, cru","39,8","0,5","0,01","0,01","0,01","0,01","0,01","0,01",0,"8,02","6,6","0,8","0,5","0,013",14,"0,02","0,06",20,"7,2","0,02",17,140,20,5,"0,07",0,539,0,"0,08","0,8",0,"42,4","0,043","0,01","0,1","0,19","0,36","52,9",0
"Pomme cajou, pulpe, crue, prélevée à la Martinique","4,15","0,11",0,0,0,0,0,0,0,0,0,0,"0,79",0,0,0,0,0,0,0,0,0,0,0,0,0,0,0,0,0,0,556,0,0,0,0,0,0,0
"Pomme Canada, pulpe, crue","48,9","0,1",0,0,0,0,0,0,0,"11,6",11,"1,6","0,4","0,0092","3,59","0,035","0,14","1,12","3,76","0,03","8,61",154,"0,045","3,69","0,09",0,0,0,"0,27",0,0,4,"0,03","0,02","0,1",0,"0,06",1,0
"Pomme cannelle,  pulpe, crue, prélevée à la Martinique","11,05","0,57",0,0,0,0,0,0,0,0,0,0,"1,48",0,0,0,0,0,0,0,0,0,0,0,0,0,0,0,0,0,0,"11,5",0,0,0,0,0,0,0
"Pomme Chantecler, pulpe, crue","51,8","0,5","0,01","0,01","0,01","0,01","0,01","0,01",0,"11,2","10,8","1,9","0,5","0,013",4,"0,04","0,06",20,"3,6","0,03",10,120,20,5,"0,05",0,"54,6",0,"0,08","0,8",0,"2,85","0,015","0,01","0,1","0,078","0,039",5,0
"Pomme d'eau ou pomme malaca, pulpe, crue, prélevée à la Martinique","1,967","0,023",0,0,0,0,0,0,0,0,0,0,"0,44",0,0,0,0,0,0,0,0,0,0,0,0,0,0,0,0,0,0,"0,33",0,0,0,0,0,0,0
"Pomme de terre dauphine, surgelée, crue",285,"17,7","3,98",0,"8,04","0,011","0,014","0,014",0,"25,6","1,96","2,34","4,62","1,17","22,2","0,09","0,99",0,"9,25","0,23","41,8",138,0,468,"0,68",0,0,0,0,0,0,0,0,0,0,0,0,0,0
"Pomme de terre dauphine, surgelée, cuite",302,"17,7","3,39","4,45","8,14","0,02","0,01","0,01","51,7","30,2","3,5",2,"4,5","1,32",120,"0,06","0,8",20,14,"0,18",210,180,20,527,"0,38",21,5,"0,25","6,6","0,8",0,0,"0,08","0,071","0,31","0,75","0,11","15,1","0,39"
"Pomme de terre de conservation, sans peau, bouillie/cuite à l'eau","76,1","0,5",0,"0,01","0,01","0,01","0,01","0,01",0,"15,7","0,2","1,9","1,81","0,01","6,5","0,07","0,31",20,17,"0,1",40,390,20,5,"0,23",0,5,0,"0,1","0,8",0,"3,78","0,062","0,01","0,61","0,37","0,17","7,89","0,074"
"Pomme de terre duchesse, surgelée, crue",178,"7,72","1,33",0,"3,82","0,0042",0,0,0,"23,2","0,73","2,13","2,8","0,93",0,0,0,0,0,0,0,0,0,368,0,0,0,0,0,0,0,0,0,0,0,0,0,0,0
"Pomme de terre duchesse, surgelée, cuite",218,"8,5","0,96","3,48","3,37","0,08","0,01","0,01","2,87","29,5","0,4","4,8","3,44","0,99",51,"0,12","0,81",20,28,"0,19",81,530,20,395,"0,53",21,5,"0,25","2,33","0,8",0,"0,5","0,092","0,051","0,34","0,42","0,26","18,5",0
"Pomme de terre noisette, surgelée, crue",181,"7,22","1,68",0,0,"0,021",0,0,0,"24,9","0,74","2,82","2,76","0,93","25,2","0,1",1,3,"27,9","0,18",111,550,"2,2",373,"0,58",0,3,0,"0,2",0,0,8,"0,13","0,03","2,2","0,5","0,2",28,0
"Pomme de terre noisette, surgelée, cuite",191,"6,6","0,94","2,32","2,65","0,12","0,01","0,01","0,7","28,5","0,2","3,4","2,81","0,87",27,"0,09","0,61",20,22,"0,14",59,420,20,347,"0,39",21,5,0,"1,29","0,89",0,0,"0,18","0,033","0,66","0,46","0,17","12,4","0,07"
"Pomme de terre nouvelle, bouillie/cuite à l'eau","8,46","0,3",0,0,0,0,0,0,0,0,0,"1,6","1,44","0,025",13,"0,06","1,6","2,25",18,"0,2",54,430,1,10,"0,3",0,0,0,"0,06",0,0,15,"0,09","0,06","0,4","0,38","0,36","7,5",0
"Pomme de terre nouvelle, crue","76,4","0,3","0,058","0,009","0,072","0,096",0,0,0,"15,9","0,2","1,3","1,88","0,058",10,0,"0,6","0,9",0,0,54,367,0,23,"0,5",0,0,0,"0,06",0,0,22,"0,12","0,03","2,4",0,"0,44",25,0
"Pomme de terre poêlée, avec matière grasse",137,"5,7","1,16","3,41","0,61","0,05","0,01","0,01",0,"17,3","2,2","2,6","2,5","0,51",18,"0,15","0,73",20,28,"0,17",46,680,20,204,"0,35",0,"10,2",0,"0,37","2,66",0,"1,97","0,043","0,01","0,72","0,41","0,15",26,0
"Pomme de terre primeur, sans peau, bouillie/cuite à l'eau","71,6","0,1",0,0,0,0,0,0,0,"14,9",0,"2,13","1,84",0,0,"0,17","0,7",0,"19,7",0,0,291,0,0,"0,34",0,0,0,0,0,0,"18,9",0,0,0,0,"0,21","53,8",0
"Pomme de terre sautée/ rissolée, pré0frites, surgelée, crue",135,"4,2","1,14",0,"1,21","0,01","0,002","0,002",0,"20,9","0,42","2,41","2,32","0,17",0,0,0,0,0,0,0,0,0,66,0,0,0,0,0,0,0,6,0,0,0,0,0,0,0
Pomme de terre sautée/poêlée à la graisse de canard,213,"12,1","3,17",0,0,0,0,0,0,"21,9","1,59","2,89","2,54","0,67",0,0,0,0,0,0,0,0,0,266,0,0,0,0,0,0,0,0,0,0,0,0,0,0,0
"Pomme de terre sautée/rissolée, pré0frite, surgelée, cuite",156,"4,8","0,61","1,81","1,84","0,13","0,01","0,01",0,23,0,4,"2,81","0,19",11,"0,15","0,63",20,26,"0,13",100,570,20,77,"0,42",0,5,0,"1,28","2,29",0,"1,25","0,086","0,01","0,54","0,51","0,14",14,0
"Pomme de terre vapeur, sous vide","73,6","0,2","0,096",0,0,0,0,0,0,"15,4","0,4","1,62","1,7","0,24",0,0,0,0,0,0,0,0,0,"96,2",0,0,0,0,0,0,0,"14,7",0,0,0,0,0,0,0
"Pomme de terre, appertisée, égouttée","59,9","0,34","0,055","0,002","0,067","0,021",0,0,0,"11,7","0,65","2,2","1,47","0,15","25,4","0,051","1,26",0,"9,4","0,071","28,8",229,"3,35","60,6","0,18",0,0,0,0,0,0,"5,1","0,068","0,013","0,92","0,35","0,19",6,0
"Pomme de terre, bouillie/cuite à l'eau","80,5","0,34","0,094","0,002","0,032","0,011",0,0,0,"16,7","0,86","1,8","1,8","0,052","5,83","0,076","0,27",5,"17,3","0,074","37,2",363,10,"20,6","0,15",0,2,0,"0,01","2,1",0,"2,92","0,079","0,04","1,73","0,57","0,34","31,1",0
"Pomme de terre, cuite (aliment moyen)","93,2","1,37","0,4","0,91","0,17","0,019","0,0027","0,0027",0,"17,2","1,05","1,96","2,01","0,12","9,62","0,095","0,43","6,78","20,7","0,12","43,7",450,"7,07","48,8","0,24",0,"3,68",0,"0,12","1,34",0,"5,05","0,07","0,013","1,08","0,46","0,24","18,4","0,03"
"Pomme de terre, flocons déshydratés, au lait ou à la crème",371,"3,97","1,55","0,14","0,14","0,036",0,0,2,"69,4","4,67",8,"10,6","0,2",106,"0,47","2,55",39,"69,5","0,61",238,1510,"0,5","78,1","1,3",17,10,0,"0,03","8,7",0,"22,3","0,19","0,24","6,35","1,31","1,03",30,0
"Pomme de terre, flocons déshydratés, nature",361,"0,46","0,15","0,006","0,16","0,034",0,0,0,"76,1","2,35","10,3","8,04","0,55","48,5","0,27","2,26","0,5","70,7","0,45",223,1130,"0,5",220,"1,05",0,6,0,"0,03","8,7",0,59,"0,59","0,21","5,23","1,21","0,8",38,0
"Pomme de terre, purée (aliment moyen)","91,8","3,25","1,71",0,0,0,0,0,"4,9","12,7","1,49","1,58","2,11","0,35","35,4","0,049","0,26",0,"15,5","0,086","51,7",238,0,140,"0,24","24,4","13,1","0,17","0,17",0,0,"5,98","0,077","0,065","0,97","0,32","0,16","6,68","0,089"
"Pomme de terre, purée à base de flocons, reconstituée avec lait demi0écrémé et eau, non salée","67,3","0,53","0,32","0,16","0,012","0,0037",0,0,"1,52","12,1","1,71","1,8","2,63","0,23","36,5","0,062","0,39","5,15",15,"0,082","57,3",270,"0,96","91,5","0,31","5,77",3,0,"0,13",0,0,"3,2","0,033","0,091","1,06","0,28","0,16","4,7","0,091"
"Pomme de terre, purée à base de flocons, reconstituée avec lait entier, matière grasse","97,9","5,18","1,87",0,0,0,0,0,"6,67","10,2","1,68","1,47","1,92","0,56","38,7","0,025","0,19",0,"16,3","0,11","52,3",184,0,223,"0,2","45,3","30,7","0,3","0,33","3,9",0,"8,63","0,11","0,062","0,77","0,2","0,089","7,33","0,11"
"Pomme de terre, purée, avec lait et beurre, non salée","88,8","2,4","1,46",0,0,0,0,0,"6,5","14,2","1,41","1,5","1,89","0,11","31,1","0,061","0,21",5,"15,2","0,066","45,5",260,10,"44,9","0,22",22,"5,5","0,2","0,07","1,9",0,"6,1","0,088","0,041","1,1","0,48","0,23",8,"0,07"
"Pomme de terre, rôtie/cuite au four","89,4","0,13","0,035",0,0,0,0,0,0,"18,5","1,18","2,2","2,5","0,025",15,"0,12","1,08",0,28,"0,22",70,535,0,10,"0,36",0,6,0,"0,04",2,0,"9,6","0,064","0,048","1,41","0,38","0,31",28,0
"Pomme de terre, sans peau, crue","80,5","0,18","0,038","0,0073","0,041","0,054",0,0,0,"16,2","0,78","1,8","2,16","0,016","14,3","0,079","0,91","1,2",22,"0,11","56,2",418,"22,9","0,44","0,35",0,1,0,"0,055","8,95",0,"18,9","0,068","0,048","1,33","0,34","0,25",26,0
"Pomme de terre, sans peau, rôtie/cuite au four","91,9","0,1","0,026",0,0,0,0,0,0,"20,1","1,7","1,5","1,96","0,0036","9,48","0,094","0,35",3,"21,7","0,15",50,391,"2,2","1,43","0,24",0,0,0,"0,04","0,3",0,"12,8","0,11","0,021","1,4","0,56","0,3",9,0
"Pomme Gala, pulpe, crue","54,5","0,5","0,01","0,01","0,01","0,01","0,01","0,01",0,"11,9","11,1","1,9","0,5","0,013","3,6","0,03","0,06",20,3,"0,02","7,8",91,20,5,"0,05",0,"11,6",0,"0,08","0,8",0,"1,33","0,02","0,01","0,1","0,1","0,035","6,98",0
"Pomme Golden, pulpe et peau, crue","57,1","0,5","0,01","0,01","0,01","0,01","0,01","0,01",0,"12,8","11,5","1,4","0,5","0,013",4,"0,04","0,07",20,"3,8","0,03",10,130,20,5,"0,07",0,56,"0,25","0,08","0,8",0,"0,5","0,015","0,01","0,1","0,096","0,046",5,0
"Pomme Golden, pulpe, crue","54,9","0,5","0,01","0,01","0,01","0,01","0,01","0,01",0,"11,7","11,3","2,5","0,5","0,013","2,8","0,03","0,06",20,"3,5","0,03","8,8",110,20,5,"0,05",0,"59,8",0,"0,08","0,8",0,"1,29","0,015","0,01","0,1","0,078","0,052","8,93",0
"Pomme Granny Smith, pulpe et peau, crue","51,5","0,5","0,01","0,01","0,01","0,01","0,01","0,01",0,"10,7","10,1","2,8","0,5","0,013","3,2","0,04","0,06",20,"2,8","0,02","7,6",110,20,5,"0,05",0,"11,6",0,"0,08","0,8",0,"2,31","0,015","0,01","0,1","0,07","0,03","5,76",0
"Pomme Granny Smith, pulpe, crue","53,9","0,5","0,01","0,01","0,01","0,01","0,01","0,01",0,"11,4","10,6","2,6","0,5","0,013","3,2","0,03","0,08",20,"2,9","0,02","7,6",110,20,5,"0,05",0,"12,8",0,"0,08","0,8",0,"2,21","0,015","0,01","0,1","0,061","0,029","7,16",0
"Pomme liane, pulpe, crue, prélevée à la Martinique","5,5","0,22",0,0,0,0,0,0,0,0,0,0,"0,88",0,0,0,0,0,0,0,0,0,0,0,0,0,0,0,0,0,0,"41,4",0,0,0,0,0,0,0
"Pomme Pink lady, pulpe, crue","60,1","0,5","0,01","0,01","0,01","0,01","0,01","0,01",0,"12,8","12,3","2,9","0,5","0,013","2,8","0,03","0,07",20,3,"0,02","7,5",110,20,5,"0,05",0,"32,3",0,"0,08","0,8",0,"2,13","0,015","0,01","0,1","0,093","0,058",5,0
"Pomme, pulpe et peau, crue",52,"0,25","0,052","0,01","0,062","0,0067",0,0,0,"11,6","9,35","1,4","0,25","0,0037","5,34","0,041","0,099","0,2","6,47","0,036","14,4",119,10,"1,5","0,031",0,"21,4",0,"0,37","2,39",0,"6,25","0,016","0,019","0,091","0,079","0,048",6,0
"Pomme, pulpe, bouillie/cuite à l'eau","49,08","0,36","0,058",0,0,0,0,0,0,"11,2",11,"2,4","0,26","0,0025",5,"0,035","0,19",0,3,"0,12",8,88,0,1,"0,04",0,19,0,"0,05","0,6",0,"0,2","0,016","0,012","0,095","0,046","0,044",1,0
"Pomme, pulpe, crue","45,05","0,13","0,021",0,0,0,0,0,0,"10,7","10,1","1,3","0,27",0,5,"0,031","0,07","0,1",4,"0,038",11,90,"0,15",0,"0,05",0,17,0,"0,05","0,6",0,4,"0,019","0,028","0,091","0,071","0,037",0,0
"Pomme, pulpe, rôtie/cuite au four","90,5","0,5",0,"0,01","0,01","0,01","0,01","0,01",0,21,"17,5",3,"0,5","0,01","4,7","0,06","0,1",20,"5,2","0,05",12,150,20,5,"0,06",0,5,0,"0,47","0,8",0,"3,18","0,01","0,01","0,11","0,16","0,06","9,55",0
"Pomme, sèche","234,71","0,31","0,058","0,01","0,11","0,029",0,0,0,"57,2","54,6","8,7","0,78","0,22",22,"0,12","1,4","0,8","10,5","0,15",38,450,"0,5",87,"0,2",0,0,0,"0,53",3,0,"3,9","0,065","0,13","0,76","0,27","0,13",0,0
Pont l'Évêque,326,"26,2","18,2","4,23","0,36","0,11","0,01","0,01","84,7",0,"0,2",0,"22,7","1,3",660,"0,03","0,07",30,24,"0,02",430,110,20,520,"2,8",191,113,"0,25","0,46","1,82",0,"0,5","0,015","0,49","0,1","0,88","0,13","88,9","1,74"
"Pop0corn ou Maïs éclaté, à l'air, non salé",417,"12,3","4,57",0,0,0,0,0,0,60,"0,87","12,8","10,2","0,02",7,"0,26","3,19","2,5",144,"1,11",358,329,0,8,"3,08",0,89,0,"0,29","1,2",0,0,"0,1","0,083","2,31","0,51","0,16",31,0
"Pop0corn ou Maïs éclaté, à l'huile, salé",485,"23,8","9,85","4,65","3,15","0,4",0,0,"3,3","52,6","0,57","8,1",11,"1,2","9,6","0,16","2,3",0,0,"0,8",180,182,5,478,"2,48",0,0,0,"1,65",0,0,"0,5","0,097","0,07","1,43","0,28","0,2",43,0
"Pop0corn ou Maïs éclaté, au caramel",418,"6,5",1,0,0,0,0,0,0,"85,4",62,3,3,"0,14",0,0,0,0,0,0,0,0,0,56,0,0,0,0,0,0,0,0,0,0,0,0,0,0,0
"Porc au caramel, préemballé",136,"5,4","1,44","1,97","1,21","0,056","0,01","0,01",29,"11,4","7,9","0,7",10,"1,34","9,9","0,04","0,49",20,12,"0,11",94,160,20,536,"1,1",21,"64,5","0,25","0,62","1,5",0,"0,5","0,19","0,034","1,93","0,31","0,094","9,1","0,27"
"Porc, bardière découennée, crue",744,"80,6","28,7",0,0,0,0,0,0,"0,1","0,1",0,"4,51","0,1",0,0,0,0,0,0,0,0,0,"41,6",0,0,0,0,0,0,0,0,0,0,0,0,0,0,0
"Porc, carré, cru",146,"5,94","2,4","2,36","0,46","0,021",0,0,47,"0,4",0,0,"22,7","0,094",0,0,"0,57",0,0,0,210,379,"6,57","37,8","1,44",0,0,0,0,0,0,0,"0,76","0,13",0,0,"0,59",0,"0,33"
"Porc, carré, cuit",206,"7,45","3,03","2,82","0,53","0,025",0,0,"76,3","0,6",0,0,"34,1","0,097",0,0,"0,89",0,0,0,226,402,"12,4","38,8","2,11",0,0,0,0,0,0,0,"0,89","0,18",0,0,"0,29",0,"0,43"
"Porc, côte, crue",164,"9,3","3,75","3,39","0,81","0,043",0,"0,002","56,4","0,38",0,0,"19,8","0,12","7,05","0,087","0,66","1,1","22,2","0,011",463,350,40,"49,2","2,31",3,0,"0,6","0,13",0,"3,22",0,"0,71","0,18","4,99","0,81","0,41",0,"0,35"
"Porc, côte, grillée",211,"10,3","4,11","3,72","0,95","0,24","0,01","0,01","82,4",0,0,0,"29,6","0,14","7,3","0,06","0,7",20,29,"0,01",260,470,20,57,"2,4",21,0,"0,43","0,08","0,8",0,"0,5","0,76","0,046","7,78","0,71","0,42","10,1","0,66"
"Porc, échine, crue",198,14,"5,4",0,0,0,0,0,66,"0,1",0,0,18,"0,19",5,"0,083",1,"3,13","19,6","0,03",148,250,"17,9",76,"1,76",9,0,"0,24",0,0,0,0,"0,89","0,22","4,5",0,0,0,"0,56"
"Porc, échine, rôtie/cuite au four",295,"21,2",0,"5,74","1,2","0,068",0,0,"58,4","0,1",0,0,"26,2","0,15",18,"0,059","1,09",5,28,"0,016",213,425,"39,1",58,"4,2",2,0,"0,7","0,2",0,0,"0,6","0,71","0,24","5,65","0,78","0,38",1,"0,88"
"Porc, épaule, crue",178,"11,2","4,41","4,47","1,02","0,054",0,"0,003","60,5","0,38",0,0,"18,9","0,12","10,7","0,089","0,65",1,19,"0,012",191,335,"9,25",50,"2,59","3,5",0,"1,25","0,15",0,0,"0,7","0,84","0,24","3,84","0,73","0,42","3,25","0,49"
"Porc, épaule, cuite",253,"14,8","5,56","5,76","1,2","0,059",0,0,104,0,0,0,30,"0,12",18,"0,12","1,58",0,20,"0,026",195,318,16,"46,4","4,23",2,0,1,"0,25",0,0,"0,6","0,71","0,3","4,26","0,65","0,34",5,"0,58"
"Porc, escalope de jambon, crue",129,"4,76","1,97","1,15","0,44","0,022",0,0,"53,9",0,0,0,"21,5","0,12","6,39","0,08","0,6",0,27,"0,01",510,392,40,"49,2","1,66",2,0,"0,3","0,16",0,0,0,"0,82","0,18","6,39","0,66","0,51",0,"0,28"
"Porc, escalope de jambon, cuite",200,"6,2","1,85","1,96","0,38","0,023",0,0,"99,6",0,0,0,36,"0,19","6,77",0,"0,87",0,"35,4",0,313,512,"13,2","76,5","2,33",0,0,0,0,0,0,0,"0,88","0,25","9,65",0,"0,34",0,"1,12"
"Porc, filet mignon, cru",123,"4,09","1,69","1,33","0,4","0,018","0,0024",0,"33,3","0,4",0,0,"21,2","0,11","8,99","0,089","0,82",0,"27,6","0,014",225,395,"0,4","43,8","1,68",0,0,"0,3","0,22",0,0,0,"0,95","0,21","6,6","0,84","0,5",0,"0,31"
"Porc, filet mignon, cuit",168,"7,1","2,58","1,95","0,57","0,042",0,0,"78,6",0,0,0,"26,1","0,13","7,27",0,"1,1",0,"24,6",0,219,344,"10,1","50,4","1,98",0,0,0,0,0,0,0,"0,94","0,22","6,99",0,"0,32",0,"1,02"
"Porc, filet, maigre, cru",117,"3,6","1,43","1,36","0,36","0,02",0,0,"63,3",0,0,0,"21,2","0,18","6,38","0,095","0,93","1,08","27,1","0,014",237,416,"8,48","72,3","2,53",0,0,"0,36","0,16",0,"3,7",0,"0,98","0,28","5,8","0,81","0,58","2,35","0,58"
"Porc, filet, maigre, en rôti, cuit",198,"9,39",0,0,0,0,0,0,"83,5",0,0,0,"28,3","0,15","5,5","0,09","1,29",5,"32,5","0,013",281,436,0,61,"2,69",2,0,"0,5","0,08",0,0,1,"0,97","0,39","8,06","0,55","0,4","27,1","0,79"
"Porc, gorge, découennée, crue",475,"47,5",16,0,0,0,0,0,0,"0,14","0,14",0,"11,6","0,17",0,0,0,0,0,0,0,0,0,"69,6",0,0,0,0,0,0,0,0,0,0,0,0,0,0,0
"Porc, hachage sans jarret, sans bateau, découenné, dégraissé, désossé, cru",187,"12,3","4,14",0,0,0,0,0,0,"0,23","0,23",0,"18,9","0,2",0,0,0,0,0,0,0,0,0,"80,9",0,0,0,0,0,0,0,0,0,0,0,0,0,0,0
"Porc, jambon sans jarret, sans bateau, découenné, dégraissé, désossé, cru",141,"6,3","2,11",0,0,0,0,0,0,"0,28","0,28",0,"20,9","0,18",0,0,0,0,0,0,0,0,0,73,0,0,0,0,0,0,0,0,0,0,0,0,0,0,0
"Porc, jambonneau arrière, découenné, dégraisssé, désossé, cru",148,"7,31","2,4",0,0,0,0,0,0,"0,28","0,28",0,"20,2","0,22",0,0,0,0,0,0,0,0,0,"87,6",0,0,0,0,0,0,0,0,0,0,0,0,0,0,0
"Porc, jarret, cru",187,12,"3,94","4,66","2,11","0,093",0,"0,003",67,0,0,0,"19,9","0,21",12,"0,13","0,69",0,19,"0,022",204,329,0,84,"2,02",6,0,"0,5","0,31",0,0,0,"0,47","0,31","5,75","0,59","0,48",0,"0,54"
"Porc, longe, crue",175,"9,89","3,51","4,4","0,73","0,06",0,0,64,"0,75",0,0,"20,8","0,17","8,99","0,078","0,84",1,"21,7","0,012",187,342,"8,07","66,7","2,67",2,0,"0,53","0,16",0,0,"0,6","0,82","0,22","4,06","0,66","0,42","1,35","0,59"
"Porc, longe, cuite",240,"14,7","5,37",0,0,0,0,0,82,0,0,0,"27,1","0,15",19,"0,056","0,99",0,26,"0,011",242,408,0,59,"2,32",3,0,1,"0,19",0,0,"0,6","0,99","0,31","5,57","0,76","0,52",6,"0,71"
"Porc, maigre 80/20, cru",293,"24,7","9,16",0,0,0,0,0,0,"0,26","0,26",0,"17,3","0,17",0,0,0,0,0,0,0,0,0,"69,4",0,0,0,0,0,0,0,0,0,0,0,0,0,0,0
"Porc, maigre 90/10, cru",212,"15,1","5,46",0,0,0,0,0,0,"0,24","0,24",0,"18,8","0,17",0,0,0,0,0,0,0,0,0,"68,8",0,0,0,0,0,0,0,0,0,0,0,0,0,0,0
"Porc, palette, crue",208,"12,1","4,57","4,75","1,06","0,14","0,0058","0,0058","71,1",0,0,0,"24,8","0,18",15,"0,11","1,2",20,24,"0,01",210,380,50,"73,2","3,3",21,0,"0,5","0,08","0,8",0,0,"0,47","0,06","4,47","0,59","0,27",5,"1,44"
"Porc, palette, découennée, dégraissée, désossée, crue",174,"10,4","3,58",0,0,0,0,0,0,"0,25","0,25",0,"19,9","0,2",0,0,0,0,0,0,0,0,0,81,0,0,0,0,0,0,0,0,0,0,0,0,0,0,0
"Porc, poitrine cutter, sans mouille, crue",323,"28,7","10,2",0,0,0,0,0,0,"0,22","0,22",0,"15,9","0,18",0,0,0,0,0,0,0,0,0,73,0,0,0,0,0,0,0,0,0,0,0,0,0,0,0
"Porc, poitrine, crue",253,"20,5","7,89","7,63","1,8","0,11",0,0,"81,7",0,0,0,17,"0,14","6,68","0,1","0,52","0,97","18,8","0,012",382,293,40,"56,1","1,84",0,0,"0,19","0,1",0,0,0,"0,59","0,15","4,65","0,6","0,35","1,67","0,37"
"Porc, rôti filet avec chaînette, cru",146,"6,2","2,21",0,0,0,0,0,0,"0,37","0,37",0,"22,3","0,16",0,0,0,0,0,0,0,0,0,"63,7",0,0,0,0,0,0,0,0,0,0,0,0,0,0,0
"Porc, rôti, cru",153,"6,86","2,84","2,72","0,52","0,025",0,0,"48,2","0,5",0,0,"22,3","0,1","6,51","0,085","0,5","3,73","27,9","0,055",206,349,"9,22","40,2","1,58",0,0,"0,7","0,08","0,2",0,0,"0,74","0,15","8,59",0,"0,67",1,"0,31"
"Porc, rôti, cuit",163,"4,31","1,32","1,29","0,25","0,013","0,023","0,0039","65,5","0,65",0,0,"30,5","0,081","6,97","0,054","0,64","3,1","32,6","0,0095",204,330,14,"32,3","1,74",1,0,"0,5","0,11",0,0,0,"0,89","0,16","6,63","0,67","0,34",0,"0,33"
"Porc, rouelle de jambon, crue",149,"7,56","2,51","3,16","1,47","0,064",0,"0,0023",58,0,0,0,"20,2","0,14",12,"0,079","1,13",0,20,"0,009",180,366,"10,3","56,3","1,93",5,0,"0,5","0,2",0,0,0,"0,5","0,31","5,62","0,63","0,51",0,"0,4"
"Porc, rouelle de jambon, cuite",266,"13,1",0,0,0,0,0,0,0,0,0,0,"36,9","0,18",0,0,"1,7",0,0,0,244,444,21,72,"3,46",0,0,0,0,0,0,0,0,0,0,0,0,0,0
"Porc, travers, braisé",333,"26,6","10,7","12,1","2,1","0,17",0,0,"98,1","0,13",0,0,"23,1","0,12","30,4","0,11","1,2",5,18,"0,1",149,226,5,"48,8",3,4,0,"0,5","0,34",0,0,"0,56","0,37","0,18","4,22","0,45","0,2","21,9","0,67"
"Porc, travers, cru",237,18,"7,16","6,78","1,6","0,091",0,0,"33,3","0,6",0,0,18,"0,12","8,49","0,09","0,6","0,8","19,6","0,011",428,330,40,"48,3","2,1",0,0,"2,3","0,24",0,0,0,"0,66","0,16","5,35","0,64","0,37",2,"0,38"
"Porc, viande, cuite (aliment moyen)",205,"9,78","3,52","3,44","0,75","0,11","0,014","0,0035",78,"0,24",0,0,"29,1","0,12","10,1","0,068","0,87","5,68","28,5","0,013",224,378,"15,8","47,1","2,38","4,57",0,"0,51","0,12","0,13",0,"0,27","0,81","0,16","6,69","0,67","0,36","7,15","0,59"
"Pot0au0feu, préemballé","77,5","2,02","0,82","0,97","0,04","0,0079",0,"0,01","28,8","3,2","1,5","1,5","10,9","0,32","23,5","0,15","1,69",6,"16,2","0,069",0,189,10,130,"3,48",0,718,0,0,0,0,0,0,0,0,0,0,"4,6",0
"Potatoes ou Wedges ou Quartiers de pommes de terre épicés, surgelées, cuites",174,"5,8","0,64","2,04","2,61","0,08","0,01","0,01","0,7","25,3",0,"3,4","3,25","0,76",17,"0,13","0,7",20,24,"0,13",84,550,20,302,"0,43",21,18,"0,25","1,39","2,08",0,"1,08","0,091","0,01","0,1","0,6","0,14","24,3",0
Potée auvergnate (chou et porc),"82,1","4,3","1,57",0,"0,49","0,05",0,0,28,"3,7","0,86","2,3",6,"0,84","30,5","0,09","1,05",4,"14,3","0,15",78,221,"2,4",356,"0,6",0,587,0,"0,5",0,0,"10,5","0,18","0,09","1,23","0,31","0,16","19,9","0,2"
"Potimarron, pulpe, bouilli/cuit à l'eau","38,2","0,3","0,08","0,14","0,04","0,03","0,01","0,01",0,"6,88","3,5","1,8","1,06","0,013",18,"0,08","0,19",20,"8,5","0,06",27,330,20,5,"0,24",0,5310,0,"1,52","3,17",0,"8,65","0,015","0,01","0,74","0,29","0,06","9,28",0
"Potimarron, pulpe, cru","15,82","0,1","0,027","0,002","0,018","0,033",0,0,0,"3,1",0,"1,1","0,63","0,074","18,5","0,029","0,27","0,15","7,13","0,038",33,243,"3,35","29,7","0,11",0,0,0,"0,1",0,0,5,"0,05","0,02","0,2","0,4","0,05",36,0
"Potimarron, pulpe, cuit à l'étouffée","44,8","0,5","0,14","0,21","0,07","0,05","0,01","0,01",0,"7,05","4,5","3,3","1,31","0,013",18,"0,08","0,24",20,10,"0,05",33,430,20,5,"0,27",0,1000,"0,25","1,25","1,56",0,"10,9","0,015","0,01","0,6","0,27","0,15","24,7",0
"Potiron, appertisé, égoutté","27,68","0,28","0,15",0,0,0,0,0,0,"5,19","3,3","2,9","1,1","0,6",26,"0,11","1,39","0,7",23,"0,15",35,206,0,241,"0,17",0,6940,0,"1,06",16,0,"4,2","0,024","0,054","0,37","0,4","0,056",12,0
"Potiron, cru","18,9","0,1","0,052",0,0,0,0,0,0,"3,5","1,36","0,5",1,"0,0025",21,"0,13","0,8",0,12,"0,13",44,340,0,1,"0,32",0,3100,0,"1,06","1,1",0,9,"0,05","0,11","0,6","0,3","0,061",16,0
"Potiron, cuit","21,87","0,07","0,037","0,01","0,01","0,01","0,01","0,01","1,39","4,5","3,1",2,"0,81","0,01",13,"0,04","0,18",20,"6,9","0,04",21,230,20,5,"0,1",0,6020,"0,25","0,24","0,8",0,"0,84","0,02","0,01","0,22","0,14","0,058",5,0
"Potiron, rôti/cuit au four","30,2","0,3","0,01","0,01","0,01","0,01","0,01","0,01",0,"5,66","4,8",2,"0,5","0,013",31,"0,05","0,11",20,"8,6","0,02",14,330,20,5,"0,1",0,5860,0,"0,5","0,8",0,"0,5","0,015","0,01","0,56","0,4","0,02",10,0
"Poudre cacaotée ou au chocolat pour boisson, sucrée",379,"3,29","2,16","0,81","0,11",0,0,0,0,"75,6","67,9","10,5","6,65","0,21",116,"0,069",13,"1,2",166,"0,041",244,605,"2,2",85,"0,7",0,0,0,"0,1",0,0,0,"0,06","0,04","0,5","0,041","0,02",23,0
"Poudre cacaotée ou au chocolat pour boisson, sucrée, enrichie en vitamines",386,"2,04","1,3",0,0,0,0,0,0,85,"82,7","5,3","4,29","0,31",36,0,"2,1",0,71,0,120,0,0,124,"1,7",0,0,0,0,0,0,25,"0,48","0,66","5,23","2,2","0,76","66,7","0,33"
"Poudre cacaotée ou au chocolat sucrée pour boisson, enrichie en vitamines et minéraux",376,"3,04","1,44",0,0,0,0,0,0,"79,3","76,7","6,48","4,68","0,43",523,0,"2,1",0,113,0,120,0,0,169,0,0,0,0,9,0,0,"49,2","0,52","0,7","8,61","1,61","0,93",122,"0,25"
Poudre cacaotée pour bébé,396,"1,9","0,92","0,48","0,096","0,0061","0,0002","0,0002","1,38",85,"44,5","2,2","8,5","0,044","32,2","0,31","6,26",20,"47,4","0,77",120,326,"2,05","17,6","0,83",179,10,"7,93","6,27","0,8",0,"29,5","0,72","0,06","7,89","1,12","0,3",117,"0,14"
"Poudre maltée, cacaotée ou au chocolat pour boisson, sucrée, enrichie en vitamines et minéraux","402,47","5,03","2,38",0,0,0,0,0,1,"79,4","78,5",0,"9,9","0,55",255,"0,6","4,7",6,248,"0,6",350,1100,0,219,1,580,8,"0,5","11,8","2,5",0,48,"0,98","1,57","16,8","6,02","1,84",219,2
"Poule, cuisse, crue",131,"5,92","1,51","1,09","0,65","0,027","0,012","0,044",83,0,0,0,"19,6","0,27","9,5","0,087","0,99",0,"21,5","0,018",182,234,0,108,"2,07",24,0,0,"0,21","2,65",0,"4,6","0,13","0,25","5,3","1,18","0,36",7,"0,44"
"Poule, viande ,crue",124,"4,51","1,12","0,69","0,48","0,02","0,01","0,05",64,0,0,0,"20,9","0,16","8,5","0,11","0,95","0,9","23,5","0,021",170,249,"12,4","65,5","1,38","20,5",0,"0,2","0,17",2,0,"3,3","0,12","0,19","6,99","1,06","0,52",8,"0,45"
"Poule, viande et peau, crue",215,"15,8","4,38","5,49","3,04","0,15","0,01","0,04",72,"0,4",0,0,"17,8","0,18","32,7","0,11","1,25","0,9","18,7","0,019",169,196,8,"72,7","1,27",45,0,0,"0,32","2,4",0,0,"0,086","0,14","6,42","0,9","0,33","7,5","0,32"
"Poulet (var. blanc), viande et peau, cru",123,"4,3",0,0,0,0,0,0,99,0,0,0,"21,2","0,2","9,73","0,11","0,65","4,1","25,1","0,02",138,250,"7,26","78,3","1,07",0,0,0,0,0,0,0,0,0,0,0,0,0,0
Poulet au curry et au lait de coco,124,"6,9","3,03","1,86","1,3","0,05","0,01","0,01","37,3","3,15","1,49","1,1","10,6","1,07",18,"0,05","0,51",20,18,"0,12",110,210,20,427,"0,44","21,3",412,"0,25","1,65","3,22",0,"2,51","0,032","0,01","4,08","0,62","0,17","17,5","0,15"
"Poulet basquaise, préemballé",107,"6,4","1,7",0,0,0,0,0,0,"2,5",2,"1,3","9,3","0,89",0,0,0,0,0,0,0,0,0,355,0,0,0,0,0,0,0,0,0,0,0,0,0,0,0
"Poulet éviscéré sans abats, cru",210,"15,1",0,0,0,0,0,0,0,0,0,0,"18,6","0,18",11,0,"0,9",0,20,0,147,189,0,70,0,0,0,0,0,0,0,"1,6","0,06","0,12","6,8",0,"0,35",6,"0,31"
"Poulet fermier, viande et peau, cru",135,"5,4","2,3",0,0,0,0,0,0,"0,2","0,2",0,"21,5","0,21","10,2","0,13","0,78","4,1","24,9","0,02",142,267,"8,95",100,"1,27",0,0,0,0,0,0,0,0,0,0,0,0,0,0
"Poulet, aile, viande et peau, cru",181,11,"3,04","3,94","2,29","0,17","0,01","0,01",114,0,0,0,"20,4","0,22",16,"0,03","0,54",20,17,"0,01",140,230,20,"86,1","1,1","39,6",0,"0,25","0,78","0,8",0,"0,5","0,017","0,054","9,62","1,01","0,36","39,7","1,73"
"Poulet, aile, viande et peau, rôti/cuit au four",247,"16,9","4,98","6,38","3,18","0,16","0,004","0,006",141,0,0,0,"23,8","0,25",18,"0,041","0,84",0,19,"0,011",147,212,0,98,"1,64",12,0,"0,2","0,69","0,3",0,0,"0,065","0,15","6,32","0,86","0,56",9,"0,35"
"Poulet, croquette panée ou nuggets",250,"11,6","2,68","7,44","0,02","0,21","0,01","0,01",2,"19,4","1,3","2,4","15,6","1,37",25,"0,07",1,60,25,"0,23",190,270,20,547,"0,67","26,5","16,4","0,25","2,41","0,99",0,"0,5","0,083","0,025","7,15","0,77","0,098","10,9","0,23"
"Poulet, cuisse, viande et peau, bouilli/cuit à l'eau",188,"9,1","2,64","3,25","1,6","0,15","0,01","0,01",127,"0,55","0,2",0,"26,1","0,18",15,"0,09","0,96",20,23,"0,02",180,250,20,73,"2,3",21,5,"0,25","0,54","0,8",0,"0,5","0,059","0,092","4,36","1,22","0,17","16,3","0,39"
"Poulet, cuisse, viande et peau, cru",192,"13,5","3,85","5,05","2,56","0,22","0,01","0,01","92,5",0,0,0,"17,3","0,22","6,7","0,05","0,68",20,21,"0,01",170,280,20,86,"1,4","33,6",0,"0,25","0,74","2,27",0,"3,26","0,09","0,058","4,35","1,29","0,18","12,9","0,4"
"Poulet, cuisse, viande et peau, cru, bio",193,"13,3","3,82","4,03","3,47","0,32","0,01","0,02",88,0,0,0,"18,1","0,19","6,6","0,06","0,92",20,21,"0,01",180,300,50,77,"1,5","38,2",0,"0,46","0,08",0,0,"1,39","0,067","0,12","4,55","1,76","0,19","5,17","0,56"
"Poulet, cuisse, viande et peau, cru, label rouge",173,"10,6","3,03","3,81","2,2","0,1","0,01","0,01","85,1",0,0,0,"19,1","0,21","6,1","0,07",1,20,23,"0,02",200,330,20,84,"1,8",34,0,"0,73","0,89",0,0,"1,09","0,08","0,095","5,1","1,62","0,19","6,04","0,48"
"Poulet, cuisse, viande et peau, rôtie/cuite au four",213,"11,3","4,44","2,72","1,41","0,15","0,01","0,023",122,2,0,0,"25,9","0,23","14,6","0,063","1,2",5,"25,1","0,015",200,324,"17,3",91,"2,16","8,5",0,"0,5","0,19","3,55",0,3,"0,059","0,18","6,35","0,88","0,28","5,33","0,42"
"Poulet, cuisse, viande, bouilli/cuit à l'eau",188,"9,52",0,0,0,0,0,0,133,"0,7",0,0,"24,8","0,23","5,8","0,1","1,2",3,"26,2","0,1",164,262,0,90,"2,4",10,0,"0,5","0,27","3,55",0,"2,2","0,059","0,15","4,9","0,64","0,2","7,5","0,49"
"Poulet, cuisse, viande, cru",114,"4,05","1,03","1,02","0,62","0,025","0,008","0,028",81,0,0,0,"19,3","0,23","10,3","0,061","0,99",2,"22,3","0,019",173,229,0,92,"1,8","16,7",0,0,"0,2","2,53","34,3","3,1","0,079","0,18","5,9","1,2","0,35","7,67","0,42"
"Poulet, cuisse, viande, rôti/cuit au four",171,"8,03","2,2","2,22","1,16","0,048","0,007","0,023",112,0,0,0,"24,8","0,26","11,6","0,07","1,2",0,"22,6","0,018",197,252,29,104,"2,3","11,8",0,"0,13","0,2","3,73",0,0,"0,084","0,21","6,03","1,17","0,39","5,8","0,36"
"Poulet, escalope panée",339,24,"5,28","10,9","4,79","0,2","0,011","0,011","49,3","21,7","1,9","3,4","7,25","1,26",22,"0,05","1,6",20,26,"0,33",160,230,50,504,"0,8","40,2",0,"0,5","4,55","0,8",0,0,"0,11","0,02","3,71","0,71","0,14","9,85","0,45"
"Poulet, filet, sans peau, cru",110,"1,5","0,44","0,5","0,26","0,02","0,01","0,01",66,0,0,0,"23,4","0,11","3,3","0,03","0,33",20,32,"0,01",240,390,20,43,"0,52",21,0,"0,25","0,36","1,3","8,9","4,89","0,12","0,052","10,7","1,69","0,41","14,6","0,17"
"Poulet, filet, sans peau, cru, bio",118,"1,8","0,54","0,51","0,4","0,03","0,01","0,01","72,4",0,0,0,"24,6","0,095","3,6","0,03","0,32",20,29,"0,01",220,350,20,38,"0,51",21,0,"0,32","0,31",0,0,"0,99","0,032","0,02","12,6","1,36","0,39",14,"0,25"
"Poulet, filet, sans peau, cru, label rouge",113,1,"0,3","0,34","0,18","0,01","0,01","0,01","53,1",0,0,0,"25,2","0,1","3,6","0,02","0,3",20,30,"0,01",230,370,20,40,"0,54",21,0,"0,25","0,35",0,0,"1,12","0,058","0,022","12,7","1,12","0,37",12,"0,21"
"Poulet, filet, sans peau, sauté/poêlé",141,2,"0,58","0,66","0,37","0,03","0,01","0,01","85,9",0,0,0,"30,1","0,14","4,7","0,03","0,39",20,37,"0,01",270,440,20,56,"0,72",21,0,"0,25","0,11","0,8",0,"1,43","0,087","0,049","11,8","1,74","0,19","9,55","0,18"
"Poulet, filet, sans peau, sauté/poêlé, bio",144,"1,8","0,62","0,55","0,35","0,02","0,01","0,01","66,9",0,0,0,"31,1","0,12","4,5","0,03","0,36",20,34,"0,01",270,420,20,46,"0,64",21,0,"0,43","0,082",0,0,"0,5","0,035","0,051",14,"1,51","0,2","8,97","0,19"
"Poulet, haut de cuisse, viande, cru",116,"4,12","1,1","1,25","0,74","0,03","0,002","0,007",94,0,0,0,"19,7","0,24",7,"0,062","0,81",0,23,"0,013",185,242,0,95,"1,58",7,0,0,"0,18","2,9",0,0,"0,088","0,2","5,56","1,23","0,45",4,"0,61"
"Poulet, manchons marinés, rôtis/cuits au four",213,"12,6","3,16","3,75",0,"0,17","0,0047",0,108,"2,1","0,6","0,9","22,4","1,69","34,1",1,"1,1",41,"18,4",1,168,0,"5,7",674,"1,5",2,62,"0,4","0,7",0,0,"1,4","0,05","0,05","6,3","0,77","0,15",5,"1,8"
"Poulet, pilon, cru",155,"9,05","2,49","3,04","1,74","0,077","0,007","0,02",88,0,0,0,"18,4","0,23","8,5","0,062","1,26",0,19,"0,014",168,202,0,91,"1,73",28,0,"0,8","0,35","2,5",0,2,"0,072","0,17","5,12","1,03","0,3",5,"0,42"
"Poulet, poitrine, viande et peau, cru",157,"8,08","2,32","2,42","1,33","0,061","0,009","0,018",64,0,0,0,"21,1","0,16",11,"0,039","0,82",0,25,"0,018",186,220,0,63,"0,8",24,0,"0,95","0,39",0,0,1,"0,062","0,088","9,9","0,8","0,53",4,"0,34"
"Poulet, poitrine, viande et peau, rôti/cuit au four",189,"7,78","2,19",0,0,0,"0,01","0,03",84,0,0,0,"29,8","0,18",14,"0,05","1,07",0,27,"0,018",214,245,0,71,"1,02",28,0,"0,1","0,27","0,3",0,0,"0,066","0,12","12,7","0,94","0,56",4,"0,32"
"Poulet, viande et peau, cru",173,"10,1","2,81","2,66","1,38","0,079","0,0078","0,022","76,3","0,3","0,2",0,"20,2","0,16","9,69","0,14","1,63","0,4","19,8","0,026",174,227,"12,4","62,3","1,3","24,8",0,"0,53","0,32","1,5",0,"1,6","0,12","0,48","7,04","0,98","0,54","10,4","1,29"
"Poulet, viande et peau, rôti/cuit au four",213,"9,88","2,78","3,47","1,93","0,13","0,009","0,035",117,"2,1",0,0,"28,9","0,4","19,4","0,05","0,68",5,"39,6","0,013",200,414,"5,66",160,"1,27","47,5",0,"1,5","0,39","2,4",0,0,"0,06","0,16","8,55","0,97","0,32",5,"0,52"
"Poulet, viande, crue",113,"3,73","0,85","1,41","0,93","0,15","0,0071","0,021","68,8",0,0,0,20,"0,2",11,"0,044","0,77","0,4","24,1","0,016",179,257,"12,4",81,"1,17","15,3",0,"0,15","0,25","2,1",0,"2,3","0,084","0,15","8,15","1,05","0,41","14,1","0,39"
Pouligny Saint0Pierre (fromage de chèvre),294,"24,5","16,8","4,34",0,"0,12",0,0,"99,7",0,0,0,"18,9","1,08",100,"0,1","0,33",30,"14,8",0,189,0,14,432,"0,53",155,0,"0,5","0,29",0,0,0,"0,04","0,86","1,8","1,24","0,17",108,0
"Poulpe, cru","60,1","0,5","0,16","0,019","0,0012","0,0006","0,04","0,081",101,"0,97",0,0,"12,9","0,68","50,1","0,61","2,32","20,3",33,"0,11",166,265,38,271,"2,36",20,0,"0,5","1,65","0,1",0,5,"0,048","0,059","3,2","0,5","0,36",14,15
"Poulpe, cuit",156,"2,08","0,45",0,0,0,"0,15","0,16",96,"4,4",0,0,"29,8","1,15",106,"0,74","9,54",0,60,"0,047",279,630,0,460,"3,36",90,0,0,"1,2","0,1",0,8,"0,057","0,076","3,78","0,9","0,65",24,36
"Préparation à base de fromage(s) pour fondue savoyarde, préemballée",231,"17,2",12,"3,93","0,29","0,13",0,0,"73,6","2,6","1,1",0,"16,2","1,28",517,"0,3","0,3",10,"21,7","0,1",400,73,5,511,2,126,0,"0,5","0,35",0,0,0,"0,04","0,21","0,08","0,12","0,065",16,"0,83"
"Préparation culinaire à base de soja, type ""crème de soja""","153,42","14,7","1,65","4,63","7,15","0,31","0,01","0,01",0,"2,03","1,6",0,"3,25","0,063",16,"0,11","0,47",20,19,"0,18",62,130,20,25,"0,37",0,5,"0,25","5,31","6,28",0,0,"0,02","0,01","0,1","0,14","0,048","16,5",0
Préparation de fruits divers (en taux de sucres : confitures allégées en sucres  préparations de fruits  confitures),"178,53","0,33",0,0,0,0,0,0,0,"43,4","40,5","1,88","0,49","0,015",0,0,0,0,0,0,0,0,0,"5,85",0,0,0,0,0,0,0,0,0,0,0,0,0,0,0
"Printanière de légumes, surgelée, crue (haricots verts, carottes, pomme de terre, petits pois, oignons)","44,222","0,078",0,0,0,0,0,0,0,"8,48","2,62","3,62","2,4","0,04",0,0,0,0,0,0,0,0,0,"16,7",0,0,0,0,0,0,0,16,0,0,0,0,0,0,0
Profiterole avec glace vanille et sauce chocolat,286,"14,9","8,39","3,93","1,21","0,06","0,01","0,01",115,"31,4",19,"1,6","5,38","0,24","82,7","0,4",1,30,"31,2","0,1",48,261,6,97,"0,3",125,25,"0,65","1,2",0,0,"0,5","0,041","0,21","0,31","0,6","0,15",20,"0,4"
"Profiteroles (crème pâtissière et sauce chocolat), préemballées",273,"12,2","9,03",0,"0,31","0,01",0,0,0,"34,3","20,9","2,31","5,51","0,3",0,0,0,0,0,0,0,0,0,120,0,0,0,0,0,0,0,0,0,0,0,0,0,0,0
"Protéine Chanvre ""kan whey"" (l'chanvre)",413,"12,5","1,5",0,8,"2,8",0,0,0,"0,1","4,2","17,5",50,"0,12",0,0,"10,4",0,871,0,2091,1543,0,0,0,0,0,0,0,0,0,0,0,0,0,0,0,0,0
"Protéine de soja texturée, réhydratée",150,"2,9","0,47","0,6","1,42","0,21","0,01","0,01",0,"7,03","3,65","5,61","18,6","0,013",90,"0,69","3,3",20,100,"1,3",260,820,20,5,"2,1",0,5,"0,25","0,3","5,7",0,"0,5","0,062","0,018","0,77","0,73","0,21","52,7",0
Protéine Riz cru (force ultra nature),390,"3,3","1,7",0,0,0,0,0,0,2,0,4,80,"0,05",0,0,0,0,0,0,0,0,0,0,0,0,0,0,0,0,0,0,0,0,0,0,0,0,0
Protéine Whey Isolate native (nutripure),380,"1,5","0,4",0,0,0,0,0,0,"2,5","0,5",0,94,"0,21",300,0,"0,6",0,53,0,190,360,0,0,0,0,0,0,0,0,0,0,0,0,0,0,0,0,0
Provolone,340,"26,6","17,1",0,0,0,0,0,69,0,0,0,"25,6","2,19",756,"0,026","0,52",0,28,"0,01",496,138,0,876,"3,23",230,68,"0,5","0,23","2,2",0,0,"0,019","0,32","0,16","0,48","0,073",10,"1,46"
"Prune de cythère, mûre, fruit entier, crue, prélevée à la Martinique","2,43","0,03",0,0,0,0,0,0,0,0,0,0,"0,54",0,0,0,0,0,0,0,0,0,0,0,0,0,0,0,0,0,0,20,0,0,0,0,0,0,0
"Prune de cythère, verte ou immature, fruit entier, crue, prélevée à la Martinique","3,03","0,07",0,0,0,0,0,0,0,0,0,0,"0,6",0,0,0,0,0,0,0,0,0,0,0,0,0,0,0,0,0,0,"23,9",0,0,0,0,0,0,0
"Prune Reine0Claude, crue","71,3","0,5","0,01","0,01","0,01","0,01","0,01","0,01","0,22","16,4","10,4","1,7","0,94","0,013",13,"0,1","0,16",20,"9,5","0,08",20,250,20,5,"0,12",0,430,0,"1,2","0,8",0,"4,16","0,015","0,01","0,23","0,25","0,049","18,4",0
"Prune, crue","44,93","0,29","0,038","0,017","0,07","0,035",0,0,0,"9,92","9,92","1,5","0,66","0,0075","7,29","0,06","0,16","0,4",6,"0,076","17,8",149,"0,11",3,"0,096",0,190,0,"0,33","6,4",0,"7,25","0,024","0,026","0,41","0,14","0,037",4,0
"Pruneau, sec",229,"0,4","0,16","0,14","0,05","0,01","0,01","0,01",0,"55,4","38,1","5,1","1,63","0,013",50,"0,23","0,38","0,8",30,"0,25",66,610,20,5,"0,28",0,"14,9","0,25","0,41","12,8",0,"0,5","0,029","0,034","0,43","0,38","0,25",5,0
"Purée de fruits, tout type de fruits, type ""compote sans sucres ajoutés""","58,9","0,3","0,01","0,01","0,01","0,01","0,01","0,01",0,"13,4","11,3","1,7","0,5","0,013","6,2","0,05","0,05",20,6,"0,06",11,140,20,5,"0,05",21,31,"0,25","0,4","0,8",0,"16,7","0,015","0,01","0,18","0,11","0,01","8,24",0
"Purée de pommes, type ""compote sans sucres ajoutés""","56,4","0,3",0,0,0,0,0,0,0,"11,7","11,7","1,7","1,13","0,013","4,3","0,04","0,1",0,"4,2","0,03","9,5",110,20,5,"0,05",0,"19,9","0,25","0,4","0,8",0,"9,86","0,015","0,01","0,1","0,085","0,035","6,29",0
Quatre épices,348,"8,69","2,55",0,0,0,0,0,0,"50,5",0,"21,6","6,09","0,19",661,"0,55","7,06",0,135,"2,94",113,1040,0,77,"1,01",0,0,0,0,0,0,"39,2","0,1","0,063","2,86",0,"0,21",36,0
"Quatre0quarts, fabrication artisanale","438,16","25,6","15,8","5,64","0,82","0,15","0,01","0,02",178,46,"26,8","1,1","5,94","0,52",23,"0,05","0,68",20,"9,4","0,15",160,94,20,206,"0,52",238,112,"0,25","1,02","1,54",0,48,"0,026","0,16","0,1","0,52","0,021","23,4","0,24"
"Quatre0quarts, préemballé","431,66","23,9","15,2","4,96","0,76","0,13","0,01","0,02",164,"48,2","26,4","1,1","5,94","1,07",19,"0,06","0,74",20,10,"0,2",190,92,20,426,"0,51",220,139,"0,25","0,89","2,23",0,"0,5","0,039","0,096","0,37","0,66","0,016","9,28","0,31"
"Quenelle au tofu (ne convient pas aux véganes ou végétaliens), préemballée",136,"7,2","1,13","1,73","3,47","0,4","0,01","0,01","3,28","4,97","0,97",3,11,"1,01",120,"0,22","1,4",20,41,"0,58",130,130,20,405,1,21,289,"0,25","1,28","20,4",0,"0,5","0,027","0,1","0,15","0,2","0,038","28,3","0,01"
"Quenelle de poisson, crue",245,"12,7","8,2",0,"0,75","0,24","0,012","0,012","50,1","23,6","1,9","2,15","8,1","0,95","27,7","0,09","0,84",0,"11,9","0,13","71,1","98,8",0,370,"0,82",0,0,0,0,0,0,0,0,0,0,0,0,0,0
"Quenelle de poisson, cuite","140,78","13,1","6,03","3,48","1,13","0,092","0,015","0,031","24,9",0,0,0,"5,72","0,8","27,7","0,08","0,71","12,6","11,8","0,12",215,145,"7,54",734,"0,57",36,0,"0,69","1,26",0,0,0,"0,047","0,076","0,45","0,37","0,045","30,5","0,29"
"Quenelle de poisson, en sauce",135,"8,51","3,95",0,"0,52","0,048",0,0,0,"10,5","0,97","0,72","3,79","1,11",0,0,0,0,0,0,0,0,0,433,0,0,0,0,0,0,0,0,0,0,0,0,0,0,0
"Quenelle de veau, en sauce",165,"9,5","4,56",0,0,0,0,0,0,"15,6","0,94","1,39","3,52","1,17",0,0,0,0,0,0,0,0,0,457,0,0,0,0,0,0,0,0,0,0,0,0,0,0,0
"Quenelle de volaille, crue",187,"10,1","1,5",0,0,0,0,0,0,"14,1","1,2","1,1","9,3","0,74",0,0,0,0,0,0,0,0,0,295,0,0,0,0,0,0,0,0,0,0,0,0,0,0,0
"Quenelle de volaille, en sauce",138,"8,92","4,95",0,0,0,0,0,0,"10,3","1,92","1,2","3,55","1,1",0,0,0,0,0,0,0,0,0,432,0,0,0,0,0,0,0,0,0,0,0,0,0,0,0
"Quenelle nature, crue",217,"13,7",0,0,0,0,0,0,0,"14,8","2,15","2,15","7,68","1,04",0,0,0,0,0,0,0,0,0,410,0,0,0,0,0,0,0,0,0,0,0,0,0,0,0
"Quiche lorraine, préemballée",274,"16,8","8,63","4,73","1,3","0,09","0,0033","0,013","95,4",21,"2,67","1,29","8,96","1,28",116,"0,047","0,63",31,"17,8","0,097",145,164,10,503,"0,8","52,3",0,"1,21","1,55",0,0,"0,71","0,12","0,16","0,47",0,"0,095","17,1","0,3"
"Quinoa, bouilli/cuit à l'eau, non salé",149,"1,1","0,14","0,28","0,49","0,07","0,01","0,01",0,"27,9","0,87","3,8","4,66","0,015",23,"0,21","1,6",0,71,"0,7",180,220,20,6,"1,2",0,5,0,"0,88","0,8",0,0,"0,14","0,014","0,2","0,61","0,089","49,9",0
"Quinoa, cru",358,"6,07","0,71","1,53","2,21","0,13",0,"0,047",0,"58,1",0,7,"13,2","0,013",47,"0,59","4,57",0,197,"2,03",457,563,0,5,"3,1",0,8,0,"2,44",0,0,0,"0,36","0,32","1,52","0,77","0,49",184,0
Raclette (fromage),342,"27,5","18,5","5,3","0,43","0,14","0,02","0,01","99,6",0,0,0,"23,4","1,69",630,"0,06",0,20,"24,5","0,1",460,"75,9",8,676,3,183,0,0,"0,51",0,0,0,0,0,0,0,0,51,0
"Radis noir, cru","29,2","0,3","0,01","0,01","0,01","0,01","0,01","0,01",0,"5,52","4,3","1,2","0,94","0,058",39,"0,01","0,23",20,10,"0,06",32,300,20,23,"0,15",0,5,0,"0,08","0,8",0,"9,58","0,021","0,016","0,23","0,14","0,077","17,3",0
"Radis rouge, cru","14,5","0,5","0,01","0,01","0,01","0,01","0,01","0,01",0,"1,53","1,1","1,4","0,94","0,04",15,"0,01","0,4",20,"6,2","0,04",20,250,20,16,"0,08",0,5,0,"0,08","0,8",0,"12,2","0,015","0,01","0,1","0,09","0,063","95,4",0
"Raie, crue","89,9","0,47","0,12","0,034","0,003","0,001","0,011","0,11","45,6",0,0,0,"21,4","0,35","11,8","0,1","0,23","23,6","23,1","0,1",136,279,"27,8",139,"0,41","1,2",0,"0,36","0,31",0,0,0,"0,04","0,05","3,44","0,15","0,19",5,"1,13"
"Raie, cuite au court0bouillon","97,8","0,57","0,12","0,048","0,0042","0,0006","0,016","0,13",67,0,0,0,"23,2","0,4",0,"0,03",0,"8,9","24,3",0,163,0,0,161,"0,6",0,0,0,0,0,0,0,"0,04",0,0,0,"0,23",0,"2,7"
"Raie, rôtie/cuite au four","96,3","0,5","0,096",0,0,0,"0,011","0,11",0,0,0,0,23,"0,38",50,"0,03","0,6","22,5",37,0,220,320,0,150,"0,6",0,0,0,0,0,0,0,"0,15","0,25","2,5",0,"0,46",0,8
"Raifort, cru","88,3","0,7","0,11","0,062","0,12","0,27",0,0,0,13,0,"7,5","7,5","0,015","93,7","0,23","1,3","0,9",25,"0,46","80,5",587,"0,2",6,"1,4",0,11,0,0,0,0,152,"0,14","0,11","0,6",0,"0,18",0,0
"Raisin blanc, à gros grain (type Italia ou Dattier), cru","73,4","0,5","0,01","0,01","0,01","0,01","0,01","0,01","0,13","16,6","15,5",1,"0,75","0,013",12,"0,19","0,2",20,"7,6","0,08",16,200,20,5,"0,05",0,"7,54","0,25","0,31","5,44",0,"1,07","0,043","0,01","0,1","0,077","0,043","16,3",0
"Raisin Chasselas, cru","79,1","0,5","0,12","0,13","0,23","0,01","0,01","0,01",0,"16,9","16,5",2,"0,75","0,013",16,"0,08","0,14",20,"7,5","0,07",21,150,20,5,"0,07",0,"27,4",0,"0,35","2,18",0,"4,14","0,031","0,056","0,1","0,1","0,054","8,34",0
"Raisin noir Muscat, cru","90,1","0,5","0,01","0,01","0,01","0,01","0,01","0,01",0,20,"19,6","2,7","0,69","0,013",13,"0,12","0,22",20,"7,3","0,09",20,210,20,5,"0,06",0,"67,7",0,"0,99","5,7",0,"3,11","0,057","0,01","0,1","0,09","0,034",11,0
"Raisin noir, cru","68,52","0,4","0,13","0,016","0,09","0,027",0,0,0,"15,6",15,"1,4","0,63","0,0075","8,98","0,078","0,2","0,4","6,78","0,051","21,8",152,"2,97","0,39","0,038",0,24,0,"0,4",0,0,"10,8","0,045","0,01","0,15","0,075","0,04",5,0
"Raisin, cru","67,12","0,16","0,054",0,0,0,0,0,0,"15,7","15,5","0,9","0,72","0,005",10,"0,13","0,36","0,75",7,"0,071",20,191,"0,8",2,"0,07",0,39,0,"0,19","14,6",0,"3,2","0,069","0,07","0,19","0,05","0,086",2,0
"Raisin, sec",321,"0,9","0,31","0,32","0,17","0,01","0,01","0,01",0,"73,2","70,3","4,2",3,"0,013",54,"0,38","1,7",20,35,"0,28",82,960,20,5,"0,24",0,5,"0,25","1,67","12,6",0,"0,5","0,075","0,01","0,53","0,084","0,061",82,"0,012"
"Ramboutan, pulpe, crue","84,49","0,21",0,0,0,0,0,0,0,20,0,"0,9","0,65","0,028",22,"0,066","0,35",0,7,"0,34",9,42,0,11,"0,08",0,2,0,0,0,0,"4,9","0,013","0,022","1,35","0,018","0,02",8,0
"Rascasse, crue","87,6","1,33","0,24","0,21",0,0,"0,077","0,32",0,0,0,0,"18,9",0,61,"0,5",0,11,21,"0,3",0,465,0,0,"1,8",0,0,"4,3",0,0,0,0,0,0,0,0,0,0,0
"Rascasse, cuite à la vapeur",126,"3,1","0,61","0,34","0,048","0,022","0,21","0,37","48,9",0,0,0,"24,6","0,22",14,"0,02","0,18",20,33,"0,01",200,380,80,"88,8","0,37",21,0,"1,09",0,"0,8",0,0,"0,025","0,04","1,32","0,084","0,14",5,"1,65"
"Ratatouille cuisinée, préemballée","53,11","3,15","0,47","0,51","0,2","0,06","0,01","0,01","0,07","4,97","3,91","2,03","1,22","0,94","16,4","0,074","0,38",3,"18,6","0,13",22,295,10,369,"0,17",10,373,0,"1,56",0,0,"25,2","0,03","0,03","0,56",0,"0,04",18,0
"Ravioli à la viande, sauce tomate, appertisé","95,3","2,83","1,14","0,87","0,41","0,068","0,0011","0,0056","41,4","12,5","2,23","1,41","4,22","0,96","25,3","0,074","1,09","5,5","13,8","0,24","60,9",169,"2,2",382,"0,49",0,150,"0,14","0,32",0,0,"1,22","0,37","0,27","1,25","0,4","0,15",3,0
"Ravioli chinois à la vapeur à la crevette, cuit",190,"5,5","1,55","2,01","1,28","0,06","0,01","0,01","52,3","27,8","1,1","3,6","5,5","0,96",31,"0,04","0,57",20,12,"0,045",65,56,20,383,"0,31",21,5,"0,25","0,97","0,8",0,"0,5","0,015","0,01","0,27","0,061","0,038","24,5","0,65"
"Raviolis au tofu, à la sauce tomate, préemballés","91,7","2,7","0,41","0,91","1,12","0,05","0,01","0,01",0,"12,5","3,14","2,1","3,13","0,81",28,"0,13","0,68",20,18,"0,19",46,260,20,322,"0,35",0,144,"0,25","1,71","6,17",0,"0,5","0,019","0,01","0,57","0,16","0,033","7,76",0
"Raviolis aux légumes, sauce tomate, appertisés","91,1","2,45","0,48","0,91","0,9","0,08","0,01","0,01","2,74","13,5","2,83","1,7","2,88","0,76",15,"0,11","1,1",20,16,"0,15",32,280,20,300,"0,21",21,1170,"0,25","0,85","9,31",0,"0,5","0,05","0,033","1,14","0,17","0,096","14,2","0,082"
Reblochon,326,"27,4","18,8","4,55","0,41","0,2","0,019",0,"89,9",0,0,0,"20,4","1,27",471,"0,11","0,32","19,4","20,2",0,322,104,"5,1",509,"4,44",0,0,0,0,0,0,0,0,0,0,0,0,25,0
"Requin, cru",109,"2,91","0,48",0,0,0,"0,23","0,39",51,0,0,0,"20,8","0,2",33,"0,033","1,12",0,37,"0,015",201,355,0,79,"0,43",70,0,"0,6",1,"0,1",0,0,"0,031","0,046","3,67","0,7","0,4",3,"1,49"
"Rhubarbe, tige, crue","11,07","0,23","0,053","0,016","0,089","0,029",0,0,0,"1,47","1,47","2,47","0,78","0,0093",129,"0,039","0,28","0,3","13,5","0,16","18,6",239,"0,37",3,"0,17",0,"62,5",0,"0,31","29,3",0,"9,7","0,028","0,03","0,25","0,08","0,032","7,25",0
"Rhubarbe, tige, cuite, sucrée","118,81","0,05","0,014",0,0,0,0,0,0,"29,2","28,7",2,"0,39","0,0025",145,"0,027","0,21","0,3",12,"0,073",8,96,0,1,"0,08",0,44,0,"0,19","21,1",0,"3,3","0,018","0,023","0,2","0,05","0,02",5,0
Rhum,256,0,0,0,0,0,0,0,0,0,0,0,0,"0,0025",0,"0,059","0,08",1,0,"0,018","4,5",2,0,1,"0,043",0,0,0,0,0,0,0,"0,007","0,004","0,013",0,"0,001",0,0
Ricotta,"158,26","11,9","8,08","2,33","0,16","0,17",0,0,51,4,"2,25",0,"8,79","0,3",314,"0,021","0,38",18,11,"0,006",158,105,0,109,"1,16",117,33,"0,2","0,11","1,1",0,0,"0,013","0,2","0,1","0,21","0,043",12,"0,34"
Rillettes d'oie,364,"33,4","9,82","15,8","3,9","0,32","0,01","0,01",101,"0,99",0,0,"14,9","1,29",10,"0,11",1,20,13,"0,07",110,200,20,516,"1,6",37,0,"2,53","0,08","0,8",0,"19,3","0,025","0,058","2,97","0,4","0,082","11,6","0,99"
Rillettes de canard,377,"34,6","11,2",15,"4,23","0,31","0,01","0,02",131,"1,03",0,0,"15,3","1,25",140,"0,1","1,6",20,19,"0,08",200,210,20,500,"2,5","27,5",0,"0,25","0,6","85,4",0,106,"0,015","0,069","3,05","0,69","0,086",15,"1,76"
"Rillettes de crabe, préemballées",192,"13,6","1,1",0,"2,28","1,18",0,0,0,"3,5","1,6","3,5","12,2","1,11",0,0,0,0,0,0,0,0,0,440,0,0,0,0,0,0,0,0,0,0,0,0,0,0,0
"Rillettes de maquereau, préemballées",246,22,0,0,0,0,0,0,0,1,0,0,11,0,0,0,0,0,0,0,0,0,0,0,0,0,0,0,0,0,0,0,0,0,0,0,0,0,0
"Rillettes de poisson, préemballées",243,"20,7","4,24","7,37","3,72","0,93","0,38","0,7","42,7","0,3","0,3",0,"13,9","0,96",26,"0,04","0,55",20,22,"0,02",130,200,30,385,"0,39","41,8",0,"2,58","4,05","10,1",0,"0,5","0,083","0,062","5,42","0,4","0,14","11,7","3,57"
Rillettes de poulet,340,"30,3","10,7",0,0,0,0,0,0,"0,49","0,36","0,25","16,4","1,19",0,0,0,0,0,0,0,0,0,470,0,0,0,0,0,0,0,0,0,0,0,0,0,0,0
"Rillettes de saumon, préemballées",237,"18,4","2,4","8,61","2,48","0,98","0,78","0,91","29,9",2,"0,9","1,6","15,1","1,3",14,"0,1","0,4",10,21,"0,1",130,222,20,510,"0,4",6,0,"2,5","4,65",0,0,0,"0,056","0,11","4,25","0,42","0,24",19,"2,15"
"Rillettes de thon, préemballées",199,"13,8","1,1","6,7","4,02","0,68","0,14","0,46","44,9","1,65","1,2","1,4","16,4","1,24","18,4","0,1","0,7",6,"25,5","0,1",121,202,8,490,"0,5",5,0,"1,2","7,09",0,0,0,"0,22","0,07","9,1","0,16","0,36",27,"2,6"
Rillettes de Tours,522,50,0,0,0,0,0,0,0,0,0,0,18,0,0,0,0,0,0,0,0,0,0,0,0,0,0,0,0,0,0,0,0,0,0,0,0,0,0
Rillettes du Mans,420,"37,6","14,8",0,"3,66","0,3",0,0,0,"4,7","0,13","0,21","15,6","1,28",0,0,0,0,0,0,0,0,0,504,0,0,0,0,0,0,0,0,0,0,0,0,0,0,0
Rillettes pur oie,417,"39,8",0,0,0,0,0,0,0,0,0,0,"14,7","1,3",0,0,0,0,0,0,0,0,0,0,0,0,0,0,0,0,0,0,0,0,0,0,0,0,0
Rillettes pur porc,414,"38,3","15,2",14,"4,03","0,31","0,01","0,02","84,1","0,13","0,2","0,5","16,7","0,97","6,9","0,06","0,91",20,15,"0,03",130,240,20,389,"2,3","26,9",5,"0,48","1,13","0,99",0,"0,5","0,069","0,045","3,32","0,59","0,086","14,3","1,06"
Rillettes traditionnelles de porc,390,"36,9","14,6",0,0,"0,32",0,0,"76,2","0,2",0,0,"14,3","1,6",0,0,1,0,0,0,148,0,0,1600,0,0,0,0,0,0,0,0,0,0,0,0,0,0,0
"Ris, agneau, cru",122,"7,04","3,12","2,17","0,12","0,13",0,0,260,0,0,0,"14,6","0,18","5,5","0,13","1,64","1,8","13,6","0,061",400,380,6,"70,3","1,92",0,0,1,"0,04",0,0,38,"0,063","0,21","3,95",1,"0,05",13,"4,6"
"Ris, agneau, cuit",227,"15,1","6,84",0,0,0,0,0,400,0,0,0,"22,8","0,13",12,"0,083","2,12",0,19,"0,043",431,291,0,52,"2,68",0,0,0,0,0,0,20,"0,02","0,21","2,56","0,85","0,05",13,"5,54"
"Ris, veau, braisé ou sauté/poêlé",136,"5,8","1,65",0,0,0,0,0,275,0,0,0,21,"0,15",4,"0,072","0,5",4,24,"0,021",627,435,0,59,1,0,0,0,"0,09",0,0,"39,4","0,09","0,1","4,4","1,77","0,08",20,"4,9"
"Ris, veau, cru","96,6","3,02","1,25",0,"0,3","0,08",0,0,202,0,0,0,"17,4","0,19","2,67","0,08","1,52",3,"14,6","0,019",477,414,6,72,"1,43",5,0,"0,25","0,09",0,0,"49,2","0,13","0,19","3,89","1,23","0,035",22,"3,33"
"Risotto, aux fromages, préemballé",195,"5,16","2,49",0,0,0,0,0,0,"30,9","0,58","0,7","5,65","0,82",0,0,0,0,0,0,0,0,0,328,0,0,0,0,0,0,0,0,0,0,0,0,0,0,0
"Risotto, aux fruits de mer, préemballé",130,"6,07","2,92",0,0,0,0,0,0,"12,5","2,02","1,15","5,47","0,85",0,0,0,0,0,0,0,0,0,337,0,0,0,0,0,0,0,0,0,0,0,0,0,0,0
"Risotto, aux légumes, préemballé",120,"3,8",2,"1,17","0,2","0,03","0,01","0,01",0,"18,4","0,85","0,5","2,74","0,76",0,0,0,0,0,0,0,0,0,304,0,0,0,0,0,0,0,0,0,0,0,0,0,0,0
"Riste d'aubergines (aubergines, tomates, oignons), préemballée","140,2","10,4",2,0,0,"0,1",0,0,0,"10,6","5,2","2,6","1,05","1,19",0,0,0,0,0,0,0,0,0,470,0,0,0,0,0,0,0,0,0,0,0,0,0,0,0
"Riz au lait, rayon frais",126,"3,01","1,97","0,68","0,074","0,014","0,005","0,005",9,"21,4",13,"0,28","3,34","0,13","61,6","0,1","0,2","8,83","10,9","0,1",75,96,5,"51,3","0,4","26,5",11,"0,5","0,095",0,0,"0,5","0,04","0,14","0,21","0,32","0,043",22,"0,08"
"Riz basmati, cuit, non salé",117,"0,6","0,3","0,17","0,08","0,01","0,01","0,01",0,"24,4",0,1,"2,74","0,013",11,"0,08","0,17",20,"7,1","0,23",32,18,20,5,"0,4",0,5,"0,25",0,"0,8",0,"0,5","0,015","0,01","0,1","0,13","0,01","8,77",0
"Riz blanc étuvé, cru",356,"0,98","0,21","0,3","0,34","0,0089","0,005","0,005",0,"78,6","0,4","1,32","7,11","0,012",101,"0,24","0,97","2,2",31,"2,47",162,162,6,"5,08","1,36",0,0,0,"0,04","0,1",0,0,"0,42","0,043","5,02","0,79","0,43",13,0
"Riz blanc étuvé, cuit, non salé",146,"0,56","0,33",0,0,0,0,0,0,"31,7","0,11","1,1","2,95","0,0059","11,1","0,1","0,1",10,10,"0,1",35,"41,7",5,"2,35","0,1",0,0,0,"0,01",0,0,0,"0,07","0,019","0,4","0,15","0,05","12,1",0
"Riz blanc, avec légumes et viande, préemballé, cuit",167,"3,57","0,69",0,0,0,0,0,0,"28,3","1,91","0,98","4,61","0,85",0,0,0,0,0,0,0,0,0,338,0,0,0,0,0,0,0,0,0,0,0,0,0,0,0
"Riz blanc, avec poulet, préemballé, cuit",175,"3,19","0,52",0,0,0,0,0,0,"31,5","3,48","0,99","4,23","0,78",0,0,0,0,0,0,0,0,0,312,0,0,0,0,0,0,0,0,0,0,0,0,0,0,0
"Riz blanc, cru",352,"0,91","0,2","0,27","0,29","0,0085","0,005","0,005",0,78,"0,16","1,05","7,04","0,0061",33,"0,19","1,57","2,2","31,3","0,99",118,121,6,"2,28","1,41",0,0,0,"0,08","0,1",0,0,"0,15","0,042","1,92","0,88","0,13","19,3",0
"Riz blanc, cuit, non salé",145,"0,41","0,076","0,01","0,01","0,01","0,01","0,01","0,75","31,8","0,2","0,8","2,92","0,01",14,"0,07","0,04",20,"7,1","0,17",35,16,20,5,"0,26",0,5,0,"0,08","0,8",0,"0,5","0,03","0,01","0,16","0,21","0,029","9,9","0,032"
Riz cantonais,164,"4,94","0,75","1,11","1,33","0,042",0,0,"15,8","23,6","1,28","1,74","5,46","0,86","16,7","0,1","0,4",2,"8,47","0,1","60,6",78,"1,18",361,"0,5",4,60,"0,5","0,91",0,0,"0,97","0,12","0,051","1,1","0,18","0,085",33,"0,14"
"Riz complet, cru",350,"2,8","0,61","0,71","0,98","0,026",0,0,0,"71,4","0,66",5,"7,02","0,01","11,1","0,27",1,10,118,"2,2",163,219,5,"4,1",2,0,50,0,"0,2","1,9",0,0,"0,26","0,05","0,05","1,1","0,09",48,0
"Riz complet, cuit, non salé",158,1,"0,17","0,31","0,29","0,016","0,01","0,01","1,16","32,6","0,2","2,3","3,21","0,01",13,"0,1","0,32",20,49,"1,1",120,43,20,5,"0,62",0,5,0,"0,08","0,8",0,"0,5","0,065","0,01","0,25","0,38","0,049","29,4","0,094"
"Riz rouge, cru",352,3,0,0,0,0,0,0,0,"70,6",0,"4,5","7,97","0,028","13,5",1,1,10,130,2,372,288,5,11,"2,1",0,50,0,"0,7",0,0,0,"0,26","0,06","1,7","1,1","0,12",15,0
"Riz rouge, cuit, non salé",141,"0,69",0,0,0,0,0,0,0,"28,2",0,4,"3,45","0,0088","19,9",0,1,10,"54,5",1,156,"75,4",5,"3,5",1,0,50,0,"0,1",0,0,0,"0,11","0,05","0,05","0,29","0,44",9,0
"Riz sauvage, cru",344,"0,94","0,14",0,0,0,0,0,0,"69,2","2,5","5,9","11,1","0,0068","6,95",1,1,10,"90,1","1,1",317,298,5,"2,7","3,7",0,50,0,"0,1","1,9",0,0,"0,41","0,15","3,5","1,1","0,24",49,0
"Riz sauvage, cuit, non salé",102,"0,34","0,049",0,0,0,0,0,0,"19,7","0,73","1,8","3,8","0,0075",3,"0,12","0,6",0,32,"0,28",82,101,0,3,"1,34",0,2,0,"0,24","0,5",0,0,"0,052","0,087","1,29","0,15","0,14",26,0
Riz soufflé chocolaté (non enrichi en vitamines et minéraux),388,"2,2","0,91","0,67","0,18","0,01","0,01","0,01","1,41","84,2","32,5","3,06","6,01","0,94",26,"0,4","3,3",20,61,"0,83",140,370,20,375,"1,2",21,5,"0,25","0,36","0,8",0,"0,5","0,058","0,06","2,23","0,63","0,074","27,8",0
"Riz soufflé chocolaté, enrichi en vitamines et minéraux",390,"2,82","1,5","1,06","0,19","0,007",0,0,0,"83,2","29,7","3,19","6,22","0,75",456,"0,27","7,35",2,"53,1","0,7",123,323,0,295,"0,9",0,0,"0,5","0,12","0,8",0,0,1,"1,24",14,"5,12","1,33",171,"1,85"
"Riz soufflé nature, enrichi en vitamines et minéraux",391,"1,5","0,3",0,0,0,0,0,0,87,8,1,"6,66","1,15","9,5","0,1",8,2,"25,3","0,7",150,170,"7,33",450,7,0,0,"0,5","0,16",0,0,0,"1,2","1,3","14,9","0,64","1,7",166,"0,83"
"Riz thaï ou basmati, cru",353,"0,84","0,19","0,3","0,22","0,0068","0,01","0,01",0,"77,8","0,17","0,92","7,67","0,014",0,0,0,0,0,0,0,0,0,"6,39",0,0,0,0,0,0,0,0,0,0,0,0,0,0,0
"Riz thaï ou basmati, cuit, non salé","124,64",0,0,"0,01","0,01","0,01","0,01","0,01","1,11","28,3","0,2","0,8","2,86","0,01",10,"0,07","0,07",20,"7,2","0,26",29,11,20,5,"0,44",0,5,0,"0,08","0,8",0,"0,5","0,01","0,01","0,1","0,16","0,03","10,7","0,048"
"Riz thaï, cuit, non salé",143,"0,7","0,3","0,28","0,1","0,01","0,01","0,01",0,"30,5",0,"1,1","2,92","0,013","5,7","0,1","0,05",20,4,"0,25",24,12,20,5,"0,55",0,5,"0,25",0,"0,8",0,"0,5","0,015","0,01","0,1","0,068","0,01","26,3",0
"Riz, mélange de variétés (blanc, complet, rouge, sauvage, etc.), cru",355,1,"0,2",0,0,0,0,0,0,"78,1","0,5","1,5","7,14","0,025",0,0,0,0,0,0,0,0,0,10,0,0,0,0,0,0,0,0,0,0,0,0,0,0,0
Rocamadour (fromage de chèvre),274,"22,6","17,1","1,78","0,42","0,086",0,0,"65,5",0,"0,14",0,"17,9","1,09",102,"0,1","0,2",30,"13,8",0,197,160,8,373,"0,37",168,0,"0,5","0,39",0,0,0,"0,04","0,79","1,8","1,4","0,31",80,0
Rocher chocolat fourré praliné,"549,42","35,3","15,5",16,"2,23","0,056","0,01","0,01","7,55","51,4","49,2","3,88","6,53","0,14",120,"0,58","3,4",20,82,"1,9",200,430,20,"56,5","1,2",21,"10,4","0,25","7,05","2,66",0,"0,5","0,099","0,22","0,23","0,43","0,092","22,9","0,5"
Rocher coco ou Congolais (petit gâteau à la noix de coco),"449,54","24,1","21,2","0,87",0,0,0,0,0,"53,7","47,5","7,08","4,46","0,1","18,8",0,1,0,"49,1",0,0,345,0,44,1,0,0,0,0,0,0,0,0,0,0,0,0,0,0
"Rognon, agneau, braisé",127,"3,62","1,23",0,0,0,"0,06","0,04",565,0,0,0,"23,7","0,38",18,"0,37","12,4",10,20,"0,14",290,178,0,151,"3,8",137,0,0,"0,41",0,0,12,"0,35","2,07","5,99","2,04","0,12",81,"78,9"
"Rognon, agneau, cru","94,1","3,43","0,93","0,74","0,17","0,013","0,023","0,02",337,"1,13","0,5",0,"14,7","0,52",13,"0,45","3,97",7,17,"0,12",246,277,"93,5",209,"2,37",95,0,0,"0,43",0,0,11,"0,62","2,24","7,51","4,22","0,22",28,"31,5"
"Rognon, boeuf, cru","95,9","2,65","0,5","0,21","0,22","0,013",0,0,411,"0,9",0,0,"17,1","0,42","11,2","0,43","7,04","4,2",16,"0,11",243,236,118,169,"1,52",253,0,"1,05","0,21",0,0,"12,2","0,4","2,37","7,91","3,91","0,36",89,"21,1"
"Rognon, boeuf, cuit",171,7,"1,29",0,0,"0,011",0,0,436,0,0,0,27,"0,24",19,"0,56","9,5",10,12,"0,19",304,135,0,94,"3,1",0,0,"1,1","0,08",0,0,0,"0,43","2,97","6,5","2,34","0,66",83,26
"Rognon, cuit (aliment moyen)",161,"6,31","1,61",0,0,0,"0,006","0,004",440,0,0,0,"26,1","0,25","17,1","0,58","7,35",10,"14,6","0,17",283,142,0,"95,5","3,96",111,0,"0,44","0,57",0,0,0,"0,44","2,46","6,26","3,51","0,55","70,2","31,2"
"Rognon, porc, cru","97,9","3,13","1,02","0,74","0,22","0,009",0,0,319,"1,1",0,0,"16,4","0,35","7,99","0,67","4,1","4,4","17,5","0,14",221,237,182,141,"2,67",105,0,1,"0,2",0,0,"13,3","0,32","1,67","8,21","3,17","0,53",42,"12,7"
"Rognon, porc, cuit",144,"4,7","1,51",0,0,0,0,0,480,0,0,0,"25,4","0,2",13,"0,68","5,29",10,18,"0,15",240,143,0,80,"4,15",78,0,0,0,0,0,"10,6","0,4","1,59","5,79","2,87","0,46",41,"7,79"
"Rognon, veau, braisé ou sauté/poêlé",167,7,"2,14",0,0,0,0,0,396,0,0,0,26,"0,28",0,0,5,10,0,0,0,0,0,0,"4,9",260,0,0,"1,2",0,0,0,"0,5",0,"6,3","5,6","0,55",0,42
"Rognon, veau, cru","86,1","2,36","0,82","0,38","0,059","0,006","0,05","0,02",364,"0,2",0,0,16,"0,46","10,2","0,44","5,08","4,2","15,5","0,1",243,248,120,185,"1,84",86,0,1,"0,2",0,0,"9,5","0,35","1,9","6,5","3,65","0,44","50,5","25,6"
"Romarin, frais",121,"5,86","2,84",0,0,0,0,0,0,"6,6",0,"14,1","3,31","0,065",317,"0,3","6,65",0,91,"0,96",66,668,0,26,"0,93",0,0,0,0,0,0,"21,8","0,036","0,15","0,91","0,8","0,34",109,0
"Romarin, séché",328,"15,2","7,37",0,0,0,0,0,0,"21,5",0,"42,6","4,88","0,13",1280,"0,55","29,3",0,220,"1,87",70,955,0,50,"3,23",0,0,0,0,0,0,"61,2","0,51","0,43",1,0,"1,74",307,0
Rond de jambon cuit,182,"10,6",0,0,0,0,0,0,0,"1,4",0,0,"20,3",0,0,0,0,0,0,0,90,0,0,0,0,0,0,0,0,0,0,0,0,0,0,0,0,0,0
Roquefort,384,"33,9","24,9","5,28","0,52","0,23","0,02","0,01","74,7",0,0,0,"19,5","3,22",660,"0,024","0,1","51,2","31,9","0,019",392,115,10,1290,"1,83",212,0,0,"0,12",0,0,0,"0,044","0,67","0,73","0,62","0,081","29,1","0,57"
"Roquette, crue","24,66","0,66","0,086",0,0,0,0,0,0,"2,1","2,05","1,6","2,58","0,068",160,"0,076","1,46",0,47,"0,32",52,369,0,27,"0,47",0,1420,0,"0,43",109,0,15,"0,044","0,086","0,31","0,44","0,073",97,0
Rosette ou Fuseau,380,"30,7","11,8","12,7",3,"0,17",0,0,"97,7","1,79","1,46",0,"24,2","4,56",44,"0,3","1,2","36,2","40,3","0,1",205,488,7,1790,"2,9",2,0,"1,11","0,35",0,0,"2,3","0,68","0,22","6,87","1,21","0,48","25,3","0,82"
Rostis ou Galette de pomme de terre,182,"8,3","1,06","2,95","3,58","0,12","0,01","0,01",15,"22,5","0,2","3,3","2,38","0,82",18,"0,13","0,55",20,22,"0,11",70,460,20,328,"0,35",21,5,"0,25","2,92","2,31",0,"0,5","0,061","0,01","0,68","0,44","0,12","9,13",0
"Rôti de volaille en salaison, cuit",110,"1,73","0,55",0,0,0,0,0,0,"1,28","0,97","0,44",22,2,0,0,0,0,0,0,0,0,0,806,0,0,0,0,0,0,0,0,0,0,0,0,0,0,0
"Rouget0barbet de roche, cru",158,"9,37","2,72","1,76","0,044","0,024","0,99","0,63","56,8",0,0,0,"18,4","0,17","22,8","0,08","0,49","11,5","30,7","0,1",218,343,"36,2","66,3","0,37","8,4",0,"1,12","0,51",0,0,0,"0,06","0,065","4,46","0,34","0,37",11,"4,52"
"Rouget0barbet de roche, vapeur",143,"5,2","0,73","3,8","0,25","0,03","0,01","0,01","63,9",0,0,0,"24,1","0,24",21,"0,05","0,48",40,33,"0,02",230,410,50,"95,6","0,39","23,1",0,"1,27","2,1","1,59",0,"3,17","0,02","0,032","3,47","0,41","0,17","14,3","3,74"
"Rouget0barbet, filet avec peau, surgelé, cru (Thaïlande, Sénégal…)","96,7","3,5","0,9",0,0,0,0,0,0,0,0,0,"16,3","0,2",14,0,"0,3",0,0,0,0,0,0,78,0,0,0,0,0,0,0,0,0,0,0,0,0,0,0
Roulade de porc pistachée,258,"20,2","7,8",0,0,0,0,0,0,"0,7","0,7","1,2","17,7","2,5",0,0,0,0,0,0,0,0,0,0,0,0,0,0,0,0,0,0,0,0,0,0,0,0,0
Rouleau de printemps,103,"1,82","0,66","0,52","0,35","0,057","0,01","0,0085","13,9","16,6","3,6","1,2","4,57","0,29","22,5","0,1","0,4",25,"12,6","0,15","14,9",87,5,116,"0,45",2,74,0,"0,18",0,0,"1,5","0,04","0,04","0,64","0,16","0,11",16,"0,16"
"Roussette ou petite roussette ou saumonette, crue","97,8","0,5","0,11","0,037","0,0032","0,00046","0,012","0,086","29,8",0,0,0,"23,3","0,31","11,7","0,1","0,37","26,2","20,9","0,1",147,258,"28,8",125,"0,87",2,0,"0,5","0,65","0,1",0,0,"0,025","0,083","3,14","0,2","0,25","3,07","1,95"
"Roussette ou petite roussette ou saumonette, cuite",256,"17,2","4,11","2,2","0,21","0,029","0,36","1,51","60,1",0,0,0,"25,4","0,2",0,"0,1",0,"24,8",0,"0,1",0,0,42,0,"0,67",5,0,"0,5",0,0,0,0,0,0,0,"0,24","0,36",3,0
"Rutabaga, cru","28,65","0,13","0,023","0,012","0,018","0,03",0,0,0,"5,7","4,46","2,6","1,17","0,028","45,2","0,031","0,35","0,5",17,"0,14","47,8",349,0,11,"0,21",0,1,0,"0,3","0,3",0,33,"0,068","0,04","1,25","0,14","0,11",24,0
"Rutabaga, cuit","22,38","0,18","0,029",0,0,0,0,0,0,"4,26","3,95","1,8","0,93","0,013",18,"0,029","0,18",0,10,"0,097",41,216,0,5,"0,12",0,1,0,"0,24","0,2",0,"18,8","0,082","0,041","0,72","0,16","0,1",15,0
Sablé à la noix de coco,"475,3","20,1","12,3","3,83","0,61","0,03","0,005","0,005",0,"66,5","24,2","2,65","7,1","0,74",0,0,0,0,0,0,0,0,0,295,0,0,0,0,0,0,0,0,0,0,0,0,0,0,0
"Sablé au cacao ou chocolat, au praliné ou autre","492,72","24,6","10,7","5,89","4,39","0,37","0,005","0,005",0,"61,2","27,3",3,"6,63","0,94",0,0,0,0,0,0,0,0,0,378,0,0,0,0,0,0,0,0,0,0,0,0,0,0,0
"Sablé aux fruits (pomme, fruits rouges, etc.)","477,3","21,1","10,6","4,52","0,94","0,085",0,"0,01",0,66,32,"2,55","5,85","0,56",0,0,0,0,0,0,0,0,0,225,0,0,0,0,0,0,0,0,0,0,0,0,0,0,0
"Sablé pâtissier, artisanal","477,22","22,9",0,0,0,0,0,0,98,"59,4",0,"3,3","8,38","0,41","31,9",1,1,10,"21,8",1,131,123,"6,3",163,1,173,50,"0,2","1,4",0,0,0,"0,05","0,09","0,3","0,58","0,09","14,5","0,79"
"Sabre, cru",125,"5,9","0,94",0,0,0,0,0,0,0,0,0,18,"0,28",12,0,"0,6",0,0,0,150,270,0,110,0,15,0,0,0,0,0,0,"0,14","0,13",3,0,0,0,0
Safran,352,"5,85","1,59",0,0,0,0,0,0,"61,5","42,4","3,9","11,4","0,37",111,"0,33","11,1",0,264,"28,4",252,1720,0,148,"1,09",0,318,0,"1,69",0,0,"80,8","0,12","0,27","1,46",0,"1,01",93,0
Saindoux,896,"99,5","41,1","34,3","8,95","0,91",0,0,95,0,0,0,0,"0,005",1,"0,02","0,08","1,8",1,"0,014",3,1,"6,9",2,"0,11",9,0,"2,5","0,5",0,0,0,0,0,0,0,"0,02",0,0
Saint0Félicien,281,"25,2",18,"4,01","0,4","0,11","0,01","0,01","81,3",0,0,0,"13,4","1,28",110,"0,02","0,04",50,"9,6","0,01",160,130,20,511,"0,44",205,114,"0,25","0,65","2,41",0,"0,5","0,053","0,61","1,57","2,11","0,31","57,7","1,23"
Saint0Marcellin,280,"24,3","18,1","3,15","0,3","0,07","0,02","0,01","93,4",0,"0,2",0,"15,1","1,08",140,"0,04","0,05",20,12,"0,01",210,180,20,433,"0,54",192,113,"0,25","0,61","2,15",0,"0,5","0,015","0,91","1,53","2,49","0,53","93,4","1,83"
"Saint0Nectaire, fermier",355,"29,8","19,8",0,0,0,0,0,0,0,"0,5",0,"22,3","1,08",0,0,0,0,0,0,0,0,0,0,0,0,0,0,0,0,0,0,0,0,0,0,0,0,0
"Saint0Nectaire, laitier",332,27,"17,8",0,0,0,0,0,0,0,"0,5",0,"22,8","1,7",0,0,0,0,0,0,0,0,0,0,0,0,0,0,0,0,0,0,0,0,0,0,0,0,0
"Saint0Nectaire, sans précision",344,"28,4","18,8","5,7","0,41","0,23",0,0,93,0,"0,5",0,"22,5","1,41",540,"0,067","0,22","31,4",24,"0,035",227,"83,8","5,11",620,"2,83",0,0,0,0,0,0,0,0,"0,42",0,0,0,0,"1,03"
Saint0Paulin (fromage à pâte pressée non cuite demi0ferme),327,"26,4","17,9","4,93","0,36","0,13","0,01","0,01","89,5",0,0,0,"22,3","1,61",600,"0,03","0,11",20,25,"0,02",400,71,20,642,"2,7",243,0,"0,25","0,67","3,1",0,0,"0,015","0,17","0,1","0,4","0,02","52,5","0,46"
"Saint0Pierre, cru","86,7","0,8","0,17",0,0,0,"0,02","0,17",51,0,0,0,"19,9","0,17","31,5","0,27","3,6",20,"22,5","0,1",180,307,0,60,"0,95",0,0,0,0,0,0,0,0,0,0,0,"0,95",0,0
Sainte0Maure (fromage de chèvre),357,30,"18,4","5,84","0,63","0,16","0,0088",0,122,0,"0,25",0,"22,1","1,81",122,"0,1","0,3",40,"14,5",0,233,168,"10,5",543,"0,62",160,0,"0,5","0,41",0,0,0,"0,04","0,9","1,25","1,04","0,19","80,2","0,1"
Sainte0Maure de Touraine (fromage de chèvre),294,"24,2","18,7",0,0,0,0,0,0,0,0,0,"19,6","1,41",0,0,0,0,0,0,0,0,0,526,0,0,0,0,0,0,0,0,0,0,0,0,0,0,0
Saké ou Alcool de riz,133,0,0,0,0,0,0,0,0,5,0,0,0,"0,005",5,"0,009","0,1",0,6,0,6,25,0,2,"0,02",0,0,0,0,0,0,0,0,0,0,0,0,0,0
"Salade César au poulet (salade verte, fromage, croûtons, sauce), préemballée","142,04",10,"2,36","4,6","1,7","0,39","0,01","0,01","40,7","4,88","1,71",2,"8,13","0,75",100,"0,11","0,5",20,19,"0,15",150,300,20,301,"0,69","27,9",627,"0,25","2,24",32,0,"1,11","0,096","0,068","2,29","0,47","0,094","29,3","0,48"
"Salade composée avec viande ou poisson, appertisée","105,54","5,3","0,16","2,24","1,08","0,28","0,016","0,15","15,2","6,4","1,9",2,"8,06","0,95",22,"0,07","0,7",20,20,"0,1",92,220,30,381,"0,38",21,781,"0,44","2,04","9,75",0,0,"0,032","0,022","4,13","0,2","0,12","11,1","1,23"
"Salade de betterave, avec sauce, préemballée","79,42","4,94","0,37",0,0,0,0,0,0,"7,45","5,3","2,66","1,29","0,7",21,0,4,0,0,0,0,0,0,280,0,0,0,0,0,0,0,5,0,0,0,0,0,0,0
"Salade de chou ou Coleslaw, avec sauce, préemballée",105,"8,1","0,63","4,39","1,54","0,66","0,01","0,01",0,"5,78","4,72",3,"0,94","0,88",39,"0,03","1,3",20,"9,3","0,26",29,210,20,353,"0,27",0,1340,"0,25","2,21",23,0,"21,6","0,026","0,01","0,1","0,21","0,093","14,6",0
"Salade de concombre à la crème/fromage blanc, préemballée","113,98","11,3","1,35",0,0,0,0,0,0,"1,97","1,39","1,48","1,1","1,07",0,0,0,0,0,0,0,0,0,411,0,0,0,0,0,0,0,0,0,0,0,0,0,0,0
"Salade de fruits, crue","48,95","0,15",0,0,0,0,0,0,"0,03","11,4","11,2","1,23","0,5","0,0037","14,5","0,071","0,29","1,18","16,4","0,34","16,7",203,"4,9","0,81","0,094",0,35,0,"0,37",0,0,20,"0,043","0,032","0,32","0,15","0,17","20,2",0
"Salade de lentilles et saucisse fumée, préemballée","169,8","11,8","0,9",0,0,0,0,0,0,"8,9","0,9","3,6",7,"0,89",0,0,0,0,0,0,0,0,0,355,0,0,0,0,0,0,0,0,0,0,0,0,0,0,0
"Salade de pâtes aux légumes, avec poisson ou viande, préemballée","166,22","9,94","1,74",0,0,0,"0,0023","0,0098","11,3",14,"2,16","1,98","5,19","0,95",19,"0,085","0,95","3,13","23,3","0,15","69,4",193,"5,3",378,"0,53",11,494,"0,12","1,18",0,0,"12,3","0,064","0,057","1,77","0,28","0,14","18,4","0,14"
"Salade de pâtes, végétarienne","150,5","8,1","2,37",0,0,0,0,0,6,"13,7","2,3","1,7","5,7","1,04",14,"0,06","0,6",4,11,"0,2",37,84,0,51,"0,4",7,1180,0,"1,95",0,0,21,"0,04","0,02","0,4",0,"0,09",16,0
"Salade de pomme de terre à la piémontaise, préemballée",130,"8,3","0,82","4,57","1,47","0,57","0,01","0,01","29,6","8,87","1,2","0,5","4,5","1,08",13,"0,07","0,43",20,16,"0,08",72,300,20,433,"0,49",21,"93,6","0,5","3,96","10,9",0,"21,6","0,08","0,049","0,98","0,44","0,099","21,6",0
"Salade de pommes de terre, fait maison","124,12","8,2","1,43",0,0,0,0,0,68,"9,9",0,"1,3","2,68","1,32",19,"0,12","0,65",0,15,"0,1",52,254,0,529,"0,31",29,36,0,0,0,0,10,"0,077","0,06","0,89","0,53","0,14",7,0
"Salade de riz à la niçoise, avec sauce, préemballée","135,72","6,08","0,63",0,"0,64","0,3",0,0,0,"15,8","1,35","1,5","4,45","0,76",0,0,0,0,0,0,0,0,0,300,0,0,0,0,0,0,0,0,0,0,0,0,0,0,0
"Salade de riz, appertisée","124,07","4,35","0,53","2,23","1,05","0,2",0,"0,013","6,5","16,1",1,"1,7","5,13","1,1","23,3","0,1","0,43",5,"13,1","0,1","66,6",143,"17,7",431,"0,3",2,34,"0,5","1,63",0,0,"4,48","0,058","0,045","2,65","0,14","0,13","33,5","0,43"
"Salade de thon et légumes, appertisée","109,86","4,7","0,56",0,"1,15","0,056","0,008","0,039","19,2","7,74","3,08","2,7","9,15","1,11","20,7","0,1","1,1",2,"25,1","0,1","88,4",232,0,445,"0,6",2,0,"0,5","1,6",0,0,"2,75","0,04","0,053","4,45","0,16","0,29",31,"1,45"
"Salade feuille de chêne, crue","14,3","0,5","0,01","0,01","0,01","0,01","0,01","0,01",0,"1,03","0,6","1,8","1,13","0,023",33,"0,04","0,82",20,12,"0,19",20,280,20,9,"0,18",0,854,0,"0,08","34,8",0,"2,16","0,047","0,01","0,2","0,11","0,069","36,7",0
"Salade grecque, avec sauce, préemballée","77,5","7,1","2,7",0,0,0,0,0,0,"1,4","1,4",2,2,"1,04",0,0,0,0,0,0,0,0,0,416,0,0,0,0,0,0,0,0,0,0,0,0,0,0,0
"Salade ou chicorée frisée, crue","17,77","0,25","0,061","0,004","0,075","0,013",0,0,0,"2,4","0,7","2,45","1,48","0,084",76,"0,2","0,85","0,4","22,5","0,42","37,5",367,1,"33,5","0,61",0,3430,0,"2,26",298,0,"18,5","0,07","0,088","0,45","1,03","0,063",126,0
"Salade sucrine, crue","17,9","0,3","0,01","0,01","0,01","0,01","0,01","0,01",0,"2,58","1,78","0,8","1,13","0,013",23,"0,05","0,27",0,"9,6","0,12",30,230,20,5,"0,18",0,181,0,"0,11","9,88",0,"2,32","0,048","0,027","0,16","0,17","0,068","57,2",0
"Salade végétale à base de boulgour et/ou quinoa et légumes, préemballée",168,"8,3","0,92","3,71","2,79","0,25","0,01","0,01",0,"17,4","4,61","3,3","3,79","0,77",37,"0,16","1,2",20,46,"0,62",110,140,20,309,"0,77",0,611,"0,25","2,67",10,0,"0,5","0,071","0,01","0,18","0,27","0,059","22,1",0
"Salade verte, crue, sans assaisonnement","10,94","0,1","0,028","0,0022","0,021","0,016",0,0,"0,5","1,5","0,83","1,3","1,01","0,046","35,3","0,061","0,64",5,"15,3","0,22","23,5",260,"3,23","18,3","0,18",0,2000,"0,5","0,17",0,0,"1,95","0,041","0,04","0,14","0,16","0,052","55,3",0
Salami,451,"41,8","16,2","15,9","4,4","0,35","0,01","0,01","95,9","1,05","0,2",0,"17,7","4,05","7,2","0,07",1,20,15,"0,28",150,300,20,1620,"1,9",21,0,"0,68","1,26","0,8",9,"3,61","0,3","0,17","3,52","1,02","0,24","8,54","1,58"
Salami porc et boeuf,351,"28,8","10,4","11,4","3,11","0,15","0,004","0,007","98,5","1,56","0,61",0,"21,5","4,37","19,5","0,23","1,46",0,"19,5","0,96",192,340,0,1750,"2,8",11,0,"0,95","0,43","3,2",0,0,"0,38","0,28","6,08","1,11","0,45",3,"1,34"
Salami pur porc,400,"33,7","11,9",0,0,0,0,0,79,"1,6",0,0,"22,6","5,65",13,"0,16","1,3",0,22,"0,07",229,378,0,2260,"4,2",0,0,0,0,0,0,0,"0,93","0,33","5,6","1,06","0,55",2,"2,8"
Salami type danois,459,"42,9","15,4",0,0,0,0,0,75,"1,35","0,56",0,17,"4,13",0,0,0,0,0,0,0,0,0,1650,0,0,0,0,0,0,0,0,0,0,0,0,0,0,0
Salers,388,"31,4",20,"6,8","0,48","0,18","0,01","0,01",103,0,"0,2",0,"25,9","2,19",680,"0,03","0,11",20,25,"0,02",480,96,20,875,"2,9",311,107,"0,31","0,72","2,03",0,"0,5","0,063","0,37","0,1","0,31","0,079","37,5","1,86"
"Salicorne (Salicornia sp.), fraîche","9,24","0,24",0,0,0,0,0,0,0,"1,1",0,"2,46","0,67","2,56","34,3","0,07","4,89",0,"75,3","0,7","19,5",119,0,1020,"0,48",0,0,0,"0,51",0,0,0,0,0,0,0,0,0,0
"Salsifis noir, ou scorsonère d'Espagne, cru","76,42","0,3","0,1",0,"0,024","0,036",0,0,0,"15,3",0,"3,3","3,13","0,011","24,1","0,12","0,7","0,2","32,1",0,94,387,0,"4,5",0,0,0,0,"0,8",0,0,3,"0,15","0,05","0,3",0,"0,07",0,0
"Salsifis, appertisé, égoutté","23,35","0,15","0,07",0,0,0,0,0,0,"4,25",1,"2,5","1,25","0,61",21,0,0,"0,2","8,9",0,0,173,"0,6",235,0,0,19,0,0,0,0,0,0,0,0,0,0,0,0
"Salsifis, bouilli/cuit à l'eau","57,9","0,3","0,01","0,01","0,01","0,01","0,01","0,01",0,"9,29","2,3","4,5","2,63","0,02",38,"0,2","0,56",20,23,"0,21",88,170,20,8,"0,49",0,5,0,"1,9","0,8",0,"0,74","0,07","0,01","0,11","0,16","0,042","39,6",0
"Salsifis, cuit","61,65","0,17","0,041",0,0,0,0,0,0,"12,3","2,9","3,1","2,73","0,04",47,"0,07","0,55","0,2",18,"0,21",56,283,0,16,"0,3",0,0,0,"0,19","0,3",0,"4,6","0,056","0,17","0,39","0,28","0,22",15,0
"Salsifis, surgelé, cru","28,55","0,15",0,0,0,0,0,0,0,"4,15","2,5","5,8","2,65","0,043",0,0,0,0,0,0,0,0,0,16,0,0,0,0,0,0,0,0,0,0,0,0,0,0,0
"Samossa ou Samoussa, préemballé, cuit",230,"13,7","2,78",0,0,"0,041",0,0,23,"16,5","2,45","1,8","9,33","1,26",31,"0,1","1,3",3,"17,8","0,4",95,182,"38,6",493,"0,87",2,34,"0,5","1,45",0,0,"0,7","0,068","0,12","1,5","0,22","0,13",20,"0,34"
"Sandre, cru","82,9","1,08","0,21","0,24","0,052","0,0092","0,069","0,18","70,3",0,0,0,"18,3","0,12",54,"0,014","0,3","21,5",29,"0,03",220,340,20,57,"0,4",0,0,"0,7","1,35","0,13","0,78",1,"0,16","0,25","2,31",0,0,0,0
Sandwich (aliment moyen),243,"8,35",0,0,0,0,0,0,0,"27,2",0,"1,4","14,2","1,24",97,0,"1,1",0,"16,9",0,0,184,0,493,"1,3",0,0,0,0,0,0,0,0,0,0,0,0,0,0
Sandwich baguette (aliment moyen),277,"11,6","4,45",0,0,0,0,0,0,"31,4","2,46","2,38","11,2","1,54",0,0,0,0,0,0,0,0,0,615,0,0,0,0,0,0,0,0,0,0,0,0,0,0,0
"Sandwich baguette, camembert, beurre",339,"16,7","10,4",0,0,0,0,0,"45,1","34,3","2,18","1,92","11,9","1,72",137,"0,11","0,7","7,57","20,6","0,34",150,111,"4,02",670,"1,42",153,"68,6","0,21","0,52",0,0,0,"0,062","0,2","0,86","0,41","0,13","40,4","0,68"
"Sandwich baguette, crudités diverses, mayonnaise",221,"7,9","1,69",0,0,0,0,0,"37,6",30,"2,67","2,18","6,54","1,07","26,6","0,092","0,87","14,9","16,6","0,31","75,9",153,"6,77",426,"0,54","16,6",672,"0,17","2,88",0,0,"7,02","0,062","0,074","0,69","0,37","0,092","31,1","0,13"
"Sandwich baguette, dinde, crudités (tomate, salade), mayonnaise",255,"8,82","1,94",0,0,0,0,0,"28,5","30,6","2,24","1,86","12,4","1,1","23,3","0,096","0,99",13,"19,8","0,3",108,174,"12,9",446,"0,97","1,68",111,"0,05","3,14",0,0,"3,11","0,07","0,083","2,19","0,43","0,16","19,5","0,32"
"Sandwich baguette, jambon emmental, préemballé",285,"13,1","5,3","2,88","0,52","0,12",0,"0,01",0,"26,9","2,55",3,"13,3","1,58",0,0,0,0,0,0,0,0,0,635,0,0,0,0,0,0,0,0,0,0,0,0,0,0,0
"Sandwich baguette, jambon, beurre",285,"11,5","5,92","3,19","0,84","0,21",0,"0,01","38,8","33,7","2,34","3,17","9,93","1,69","54,6","0,11","0,95","5,63","34,7","0,55",152,171,"3,41",675,"1,22","71,4",20,"0,21","0,4",0,0,"3,09","0,31","0,1","2,21","0,32","0,17",17,"0,15"
"Sandwich baguette, jambon, emmental, beurre",286,"10,9","5,3","3,15","0,81","0,2",0,"0,01","50,6","32,7","2,87","4,17","12,2","1,54",188,"0,12","0,83","10,2","23,2","0,3",242,152,"5,03",614,"1,79",103,"31,7","0,36","0,42",0,0,"2,33","0,25","0,14","1,73","0,31","0,14","15,8","0,47"
"Sandwich baguette, jambon, oeuf dur, crudités (tomate, salade), beurre",222,"5,98","3,01",0,0,0,0,0,"44,1","30,9","2,55","1,88","10,1","1,45","24,6","0,093","0,97","7,66","19,2","0,3",108,186,"8,61",569,"0,84","42,9",179,"0,2","0,43",0,0,"5,77","0,2","0,11","1,49","0,39","0,13","22,8","0,16"
"Sandwich baguette, merguez, ketchup moutarde",282,"11,4","5,2",0,0,0,0,0,"28,5",31,"2,92","1,81","13,1","2,12","26,6","0,091","1,25","40,5","20,9","0,3",100,280,"6,68",851,"1,31","9,66",258,"0,084","0,82",0,0,"0,64","0,12","0,11","2,14","0,34","0,15","15,3","0,51"
"Sandwich baguette, oeuf, crudités (tomate, salade), mayonnaise",247,"9,47","2,18",0,0,0,0,0,"95,7","30,9","2,38","1,89","8,52","1,13","33,6","0,092","1,08","21,2","16,4","0,31",101,135,"8,6",457,"0,68","44,8",135,"0,43","2,99",0,0,"3,31","0,07","0,14","0,59","0,55","0,092",39,"0,3"
"Sandwich baguette, pâté, cornichons",298,"13,9","6,12",0,0,0,0,0,"49,5","32,1","2,44","1,99","10,1","1,8","26,2","0,26","2,49","5,59","18,1","0,36",119,143,"5,02",712,"1,17",1340,52,"0,25","0,36",0,0,"1,67","0,12","0,33","3,13","0,99","0,14","37,8",1
"Sandwich baguette, porc, crudités (tomate, salade), mayonnaise",267,"10,6","2,61",0,0,0,0,0,"29,5","30,1","2,3","1,86",12,"1,1","21,6","0,091","0,98","12,3","19,2","0,3",125,178,"10,4",449,1,"1,68",111,"0,05","3,14",0,0,"3,11","0,21","0,1","1,67","0,37","0,16","19,9","0,45"
"Sandwich baguette, poulet, crudités (tomate, salade), mayonnaise",247,"6,35","0,92","2,7","1,16","0,39",0,"0,01","23,3","36,3",3,"2,23",10,"1,39","27,4","0,14","1,04","12,7","20,2","0,35","96,7",167,"9,39",557,"0,71","1,85",111,"0,069","2,56",0,0,"3,61","0,07","0,066","1,85","0,41","0,15","20,4","0,08"
"Sandwich baguette, salami, beurre",379,"21,4","9,65",0,0,0,0,0,"43,8","33,2","2,01","1,82","12,5","2,76","25,3","0,1","1,41","5,08","17,5","0,36",133,160,"6,85",1070,"1,39","45,9",20,"0,34","0,31",0,0,0,"0,15","0,1","1,7","0,47","0,14","14,5","0,54"
"Sandwich baguette, saucisson, beurre",383,"21,6","9,43","6,67","1,93","0,26",0,"0,01","50,5",32,"2,36","3,05","13,7","2,07","29,1","0,12","1,09","5,13","22,2","0,36",129,224,"3,56",828,"1,34","70,9",20,"0,12","0,43",0,0,2,"0,32","0,12","2,77","0,42","0,24",18,"0,3"
"Sandwich baguette, saumon fumé, beurre",265,"5,6","2,49",0,0,0,"0,42","0,27","15,8","40,8","2,65","2,4","11,5","1,89","26,5","0,15","0,91","22,3","21,8","0,39",118,178,"11,2",742,"0,6","26,1","7,2","2,28","0,7",0,0,"2,84","0,1","0,062","2,39","0,38","0,23","21,3","0,9"
"Sandwich baguette, thon, crudités (tomate, salade), mayonnaise",274,"11,3","2,54",0,0,0,"0,0072","0,03","24,6",32,"1,4","1,78","10,3","1,28","26,8","0,079","0,83","15,1","19,5","0,31",90,160,"11,3",514,"0,53","49,1",132,"0,73","4,05",0,0,"2,63","0,051","0,055","2,73","0,28","0,13",19,"0,63"
"Sandwich baguette, thon, maïs, crudités, préemballé",198,"6,03","1,02","2,67","1,14","0,39",0,"0,03",0,25,"2,83","3,93","8,87","1,02",0,0,0,0,0,0,0,0,0,410,0,0,0,0,0,0,0,0,0,0,0,0,0,0,0
"Sandwich grec ou Kebab, baguette, crudités",246,"9,8","4,26",0,0,0,0,0,32,"23,6","2,6",2,15,"1,13","22,1","0,1","2,1","4,87","22,4","0,3",117,263,10,469,"2,05",1,62,0,"0,2",0,0,2,"0,09","0,11","2,3","0,4","0,13",15,"0,88"
"Sandwich grec ou Kebab, pita, crudités",233,"10,9","3,57","3,04","0,66","0,066",0,0,"47,3","17,4","1,1","2,3","15,2","1,23","33,6","0,2","0,95",3,"21,5","0,2",0,316,0,492,"1,8",0,0,0,0,0,0,0,0,0,0,0,0,0,0
"Sandwich pain de mie complet, jambon, crudités, fromage optionnel, préemballé",243,"11,6","2,86",0,0,0,0,0,0,"23,1","2,43","3,06",10,"1,42",0,0,0,0,0,0,0,0,0,557,0,0,0,0,0,0,0,0,0,0,0,0,0,0,0
"Sandwich pain de mie complet, jambon, fromage, préemballé",292,"14,6","6,45",0,0,0,0,0,0,"26,1","7,75",2,"12,9","1,33",205,0,0,0,0,0,0,0,0,525,0,0,0,0,0,0,0,0,0,0,0,0,0,0,0
"Sandwich pain de mie complet, poulet, crudités, mayonnaise, préemballé",232,"10,4","2,48",0,0,0,0,0,0,"23,7","2,61","3,63","9,18","1,3",0,0,0,0,0,0,0,0,0,517,0,0,0,0,0,0,0,0,0,0,0,0,0,0,0
"Sandwich pain de mie complet, thon, crudités, mayonnaise, préemballé",240,"11,3","1,3",0,0,0,0,0,0,"23,1","2,49","3,46","9,82","1,08",0,0,0,0,0,0,0,0,0,432,0,0,0,0,0,0,0,0,0,0,0,0,0,0,0
"Sandwich pain de mie, garnitures diverses, préemballé",267,"12,4","4,96","2,53","1,76","0,2",0,"0,01",0,"25,1","3,42","3,83","11,7","1,17",0,0,0,0,0,0,0,0,0,463,0,0,0,0,0,0,0,0,0,0,0,0,0,0,0
"Sandwich panini, jambon cru, mozzarella, tomates",243,"8,35",0,0,0,0,0,0,0,"27,2",0,"1,4","14,2","1,24",97,0,"1,1",0,"16,9",0,0,184,0,493,"1,3",0,0,0,0,0,0,0,0,0,0,0,0,0,0
"Sang, boeuf, cru","82,1","0,12","0,04",0,0,0,0,0,190,"0,8","0,8",0,"19,5","0,6",4,0,"46,5",0,0,0,"14,5",107,0,240,"0,2",5,93,"0,1","0,4",0,0,0,"0,055","0,065","0,85",0,0,7,0
"Sanglier, cru",147,"7,13","2,47","3,17","0,83","0,075",0,0,63,0,0,0,"20,7","0,2","9,65","0,1","1,23",1,21,"0,014",155,325,"6,9",80,"3,6",0,0,"0,12","0,1",0,0,0,"0,56","0,13","5,1","0,77","0,3",2,"0,7"
"Sanglier, rôti/cuit au four",153,"4,38","1,3",0,0,0,0,0,77,0,0,0,"28,3","0,15",16,"0,056","1,12",0,27,0,134,396,0,60,"3,01",0,0,0,"0,38","1,4",0,0,"0,31","0,14","4,21",0,"0,42",6,"0,7"
Sangria,"41,65","0,05",0,0,0,0,0,0,0,"10,3","9,5",0,0,"0,0075","9,35","0,056","0,37","0,91","10,7","0,19","12,6",123,"0,25",3,"0,07",0,54,0,"0,14",0,0,"12,1","0,023","0,022","0,18","0,11","0,055","9,11",0
"Sardine, à l'huile d'olive, appertisée, égouttée",202,"11,2","3,13","3,37","0,19","0,075","1,24","1,69","47,6","1,06",0,0,"24,3","0,73",798,"0,1","3,3",15,0,"0,16",530,357,11,291,"2,2",4,0,"10,8","1,9",0,0,0,"0,04","0,15","7,1","0,69","0,36",12,"13,7"
"Sardine, à l'huile, appertisée, égouttée",207,12,"2,56","3,27","0,9","0,18","0,67",1,"59,4","0,49",0,0,"24,4","0,75",333,"0,062","1,97","80,1","38,5","0,1",306,368,35,300,"1,89","4,7",0,"7,56","1,44",0,0,0,"0,04","0,16","7,1","0,68","0,28",16,"13,6"
"Sardine, crue",163,"9,48","2,4","0,019","0,1","0,47","1,09","1,58","78,9",0,0,0,"19,5","0,22","57,5","0,41","1,67","26,8",36,"0,33",286,584,"52,8",101,"1,5",28,0,14,"0,28",0,0,"2,5","0,038","0,23","7,56","0,81","0,47","3,18","8,6"
"Sardine, filets sans arêtes à l'huile d'olive, appertisés, égouttés",213,"13,9","3,16","1,82","0,21","0,088","0,68","1,02",0,"0,62",0,0,"21,5","0,7",108,"0,1","2,3",40,37,"0,1",262,357,46,282,2,"2,5",0,"7,4","2,1",0,0,0,"0,04","0,23","7,3","0,75","0,4",0,"13,6"
"Sardine, grillée",194,"10,4","2,9",0,0,0,0,0,0,0,0,0,"25,1","0,35",130,"0,14","1,7",32,34,"0,08",320,400,38,140,"1,4",0,0,"12,3","0,31",0,0,0,0,"0,25","6,9","0,88","0,41",4,12
"Sardine, sauce tomate, appertisée, égouttée",193,"11,6","3,04","2,05","1,19","0,16","1,31","1,25","80,8","1,38","0,7","1,05","20,2","0,7",378,"0,24","2,6","45,1","32,5","0,24",352,376,"37,7",280,"1,8",4,0,"12,5","2,3",0,0,0,"0,04","0,17","7,38","0,7","0,15",16,"9,88"
"Sarrasin entier, cru",356,"3,55","0,74","0,99","0,96","0,078",0,0,0,"64,6",0,7,"12,9","0,0025","16,3","1,1","2,2","2,5",231,"1,3",362,460,0,1,"2,4",0,0,0,0,0,0,0,"0,1","0,43","7,02","1,23","0,21",30,0
"Sarriette, séchée",264,"5,91","3,26",0,0,0,0,0,0,23,0,"45,7","6,73","0,06",2130,"0,85","37,9",0,377,"6,1",140,1050,0,24,"4,3",0,0,0,0,0,0,50,"0,37",0,"4,08",0,"1,81",0,0
Sauce (aliment moyen),"260,66","25,7","2,76","10,1","5,31","1,64","0,01","0,011","12,5","6,04","4,57","0,87","1,3","2,14","26,8","0,036","0,42","12,8","12,8","0,078","26,5",162,"14,7",853,"0,17","12,4",227,"0,87","7,26","21,4",0,"3,55","0,044","0,042","0,5","0,17","0,051","11,1","0,15"
"Sauce à l'échalote à la crème, préemballée","104,17","5,53","3,03",0,0,0,0,0,0,"11,9","2,27","0,9","1,7","1,61",0,0,0,0,0,0,0,0,0,647,0,0,0,0,0,0,0,0,0,0,0,0,0,0,0
"Sauce à l'oseille, préemballée",147,15,10,0,0,0,0,0,0,"1,7","1,7","3,2","1,3","0,63",0,0,0,0,0,0,0,0,0,0,0,0,0,0,0,0,0,0,0,0,0,0,0,0,0
Sauce à la crème,"77,87","5,55",3,0,0,0,0,0,"12,9","5,9","0,73","0,17","1,08","1,38","20,5","0,018","0,29","9,06","5,2","0,039","22,5","37,2","0,26",551,"0,12","27,6",12,"0,012","0,56",0,0,"0,042","0,011","0,07","0,25","0,052","0,016","4,6","0,036"
Sauce à la crème aux épices,"81,19","5,75","3,12",0,0,0,0,0,"13,3","6,2","0,95","0,65","1,16","1,29","26,6","0,027","0,71","10,8","8,1","0,17","25,6","56,5","0,37",517,"0,14","28,8","14,5","0,015","0,56",0,0,"0,5","0,013","0,071","0,29","0,05","0,025","4,8","0,035"
Sauce à la crème aux herbes,"75,77","5,49","2,94",0,0,0,0,0,"12,7","5,5","0,74","0,4","1,09","1,39",27,"0,026","0,59","11,1",6,"0,069","23,8","48,5","0,27",555,"0,14","26,7","79,5","0,01","0,58",0,0,"2,2","0,014","0,073","0,28","0,055","0,025","6,95","0,035"
"Sauce aigre douce, préemballée","84,4","0,2","0,063","0,005","0,005","0,01",0,"0,01",0,"20,1","15,9","0,97","0,55","1,01",13,"0,14","0,6","1,9",12,"0,12",15,48,"0,4",406,"0,11",0,0,0,"1,29",0,0,6,"0,03","0,03","0,53","0,11","0,07",11,0
"Sauce aïoli, préemballée","392,32",41,0,"15,9","7,27","2,46",0,"0,0041",0,"4,7","3,14","0,42","1,13","1,85",0,0,0,0,0,0,0,0,0,736,0,0,0,0,0,0,0,0,0,0,0,0,0,0,0
"Sauce américaine, préemballée","419,8","41,8","3,7","8,22","10,6","1,38",0,"0,0055",0,"9,48","5,1","0,2","1,42","2,94",0,0,0,0,0,0,0,0,0,1180,0,0,0,0,0,0,0,0,0,0,0,0,0,0,0
"Sauce armoricaine, préemballée","83,6","6,6","6,3","0,0071","0,0016","0,00077","0,000017","0,0001",0,"3,95","0,73",0,"2,1","1,3",0,0,0,0,0,0,0,"58,9",0,530,0,0,0,0,0,0,0,0,0,0,0,0,0,0,0
"Sauce au beurre blanc, préemballée","210,72","21,4","11,9","5,17","1,96","0,2","0,01","0,01",0,"3,4","1,35","0,5","1,13","1,16",0,0,0,0,0,0,0,0,0,463,0,0,0,0,0,0,0,0,0,0,0,0,0,0,0
"Sauce au beurre, préemballée","190,7","17,9","12,1","3,92","0,29","0,084",0,0,"51,4","5,2",1,1,"2,2","1,36","26,3","0,1","0,25",2,"4,3","0,1",24,"55,8",0,543,"0,1",117,0,"3,2","0,47",0,0,"0,5","0,073","0,04","0,16","0,16","0,044",22,"0,08"
"Sauce au chocolat, préemballée",277,"16,8","10,9",0,0,0,0,0,0,"26,2","24,1",3,"3,8","0,13",0,0,0,0,0,0,0,0,0,0,0,0,0,0,0,0,0,0,0,0,0,0,0,0,0
"Sauce au curry, préemballée","77,4","3,16","2,11",0,0,0,0,0,"7,5","10,6","5,83","1,28","1,02","1,12","22,4","0,2","0,5",10,"11,9","0,2","11,1",139,5,447,"0,2",10,0,"3,35","2,8",0,0,"1,05","0,08",0,"0,3","0,16","0,14","22,9","0,14"
"Sauce au fromage pour risotto ou pâtes, préemballée","115,17","9,53",7,0,0,0,0,0,0,"4,24","0,68","1,4","3,11","1,38",0,0,0,0,0,0,0,0,0,543,0,0,0,0,0,0,0,0,0,0,0,0,0,0,0
"Sauce au poivre vert, préemballée","81,3","6,1","2,87","1,93","0,77","0,26","0,0002","0,00037",0,"5,3","1,3","1,3","1,3","1,15",0,0,0,0,0,0,0,0,0,317,0,0,0,0,0,0,0,0,0,0,0,0,0,0,0
"Sauce au poivre, chaude, préemballée","156,4","14,8","1,91","7,47","2,98","1,01","0,01","0,01","19,5","4,8","1,76","1,13",1,"1,58",19,"0,02","0,43",20,"4,6","0,13",31,60,20,630,"0,16",21,5,"0,25","3,52","27,3",0,0,"0,31","0,039","0,16","0,2","0,013","11,3","0,074"
"Sauce au poivre, condimentaire, froide, préemballée","469,66","49,3","3,78","25,8","11,1","3,98","0,01","0,01",0,"5,8","5,19","0,5","0,69","2,31",0,0,0,0,0,0,0,0,0,924,0,0,0,0,0,0,0,0,0,0,0,0,0,0,0
"Sauce au roquefort, préemballée","127,1","10,9","7,18",0,"0,27","0,08",0,0,0,"4,4","1,1","0,6","2,85","1,25",0,0,0,0,0,0,0,0,0,495,0,0,0,0,0,0,0,0,0,0,0,0,0,0,0
Sauce au vin rouge,"51,22","2,22","1,32",0,0,0,0,0,"4,87",7,"2,47","0,46","0,81","1,7","13,1","0,12","0,56","9,27","9,99","0,11","19,3",90,"0,15",678,"0,11","14,1",134,"0,028","0,46",0,0,"2,5","0,022","0,073","0,54","0,088","0,048","9,62","0,024"
Sauce au yaourt,"96,91","6,91","1,46",0,0,0,0,0,"3,01","5,04","4,37","0,8","3,64","1,28",141,"0,047","0,78","14,3","21,3","0,13","92,5",230,"2,67",510,"0,5","7,61",0,"0,075","0,74",0,0,"8,02","0,049","0,18","0,26","0,35","0,1",20,"0,16"
"Sauce aux champignons et à la crème, préemballée","75,32",5,"2,51","1,71","0,33","0,05","0,01","0,01",0,"6,2","1,52","0,5","1,38","0,96",0,0,0,0,0,0,0,0,0,383,0,0,0,0,0,0,0,0,0,0,0,0,0,0,0
"Sauce aux champignons, préemballée","94,34","6,26",0,0,0,0,0,0,"15,1","6,3","2,2","2,25","3,2","0,9","17,3","0,1","0,7",9,"6,8","0,1","38,4",90,0,360,"0,26",30,0,"0,94","0,59",0,0,"0,5","0,27","0,06","1,3","0,2","0,033",28,"0,08"
"Sauce barbecue, préemballée",136,"0,6","0,1","0,24","0,19","0,019","0,01","0,01",0,"30,3","27,5","1,2","0,56","1,77",46,"0,04","0,93",20,12,"0,16",15,220,20,706,"0,1",0,"87,1","0,25","1,17","1,62",0,"0,5","0,015","0,01","0,53","0,096","0,043","9,28",0
"Sauce basquaise ou Sauce aux poivrons, préemballée","63,1","2,71","0,49","0,74","1,36","0,0091",0,"0,01",0,"7,41","4,46","2,09","1,17","1,13",0,0,0,0,0,0,0,0,0,460,0,0,0,0,0,0,0,0,0,0,0,0,0,0,0
"Sauce béarnaise, préemballée","450,9","47,7","3,55","26,9","8,89","3,7","0,01","0,01","48,9","4,52","2,3","0,48","0,88","1,95",15,"0,01","0,27",20,"2,5","0,04",23,39,20,778,"0,17",21,370,"0,25","10,9","89,4",0,"0,5","0,015","0,018","0,1","0,22","0,014","11,5","0,18"
"Sauce béchamel, maison","146,64","10,6","2,85",0,0,0,0,0,7,"8,97","4,38","0,2","3,84","0,89",118,"0,016","0,33",0,14,"0,043",98,156,0,354,"0,41",103,21,"1,2","0,29","0,9",0,"0,8","0,069","0,19","0,4","0,33","0,04",5,"0,28"
"Sauce béchamel, préemballée","101,64","7,4","4,61","1,47","0,46","0,03","0,01","0,01",30,"6,2","3,1","1,3","2,56","0,69","82,3","0,018","0,1",25,"7,52","0,016",33,126,"4,18",274,"0,27",64,20,"0,5","0,17",0,0,"0,5","0,04","0,12","0,27","0,27","0,045",16,"0,17"
"Sauce bourguignonne, préemballée","431,5","43,9","3,59","22,9","7,67","3,73","0,01","0,01",32,"7,85","5,23","0,52","1,25","2,71",15,"0,05","0,7",20,"8,8","0,07",35,210,20,1080,"0,27",21,1710,"0,25","10,1","68,8",0,"0,5","0,025","0,03","2,77","0,26","0,035","17,4","0,2"
"Sauce burger, préemballée","361,64","33,8","3,11",0,0,0,0,0,"20,5","13,3","10,3","0,48","1,06","2,13",19,0,0,0,0,0,30,"29,6",0,847,0,0,0,0,"1,5",0,0,0,"0,021","0,13",0,0,"0,053",0,0
"Sauce carbonara, préemballée","154,68","12,8","8,25",0,0,0,0,0,0,"4,7",1,"2,65","5,17","1,49",0,0,0,0,0,0,0,0,0,590,0,0,0,0,0,0,0,0,0,0,0,0,0,0,0
"Sauce chasseur, préemballée","37,97","1,61",0,0,0,0,0,0,0,"4,66",0,"0,43","1,21","1,03","4,6",0,"0,17",0,"3,91",0,0,"78,2",0,410,0,0,0,0,0,0,0,0,0,0,0,0,0,0,0
Sauce chaude (aliment moyen),"105,81","7,45","2,86","1,92","0,91","0,066","0,0018","0,0038","12,8","7,03","3,83","1,68","2,66","1,17","44,2","0,074","0,53","14,9","19,1","0,089","37,2",316,"3,89",466,"0,37","24,9",229,"0,27","1,72",0,0,"6,08","0,087","0,091","0,84","0,21","0,09","16,6","0,14"
"Sauce crudités ou Sauce salade, allégée en matière grasse, préemballée","160,78","14,3","1,29","8,09","2,85","1,25","0,1","0,1","0,04","7,26","5,1","0,5","0,76","2,57","9,5",0,"0,5","0,7","3,2","0,34","10,1","13,8","0,5",1010,"0,34","0,088","0,21","0,1","7,39",0,0,"1,22","0,1","0,1",0,"0,1","0,1",0,0
"Sauce crudités ou Sauce salade, préemballée","302,74","30,9","3,22","16,3","4,62","3,31","0,01","0,01",0,"5,3","4,06","0,35","0,86","2,4",28,"0,01","0,19",20,"5,1","0,03",23,56,20,949,"0,12",21,"12,3","0,25","7,05","99,8",0,"0,5","0,022","0,012","0,1","0,16","0,13",5,0
Sauce froide (aliment moyen),"310,76","31,6","2,72","12,1","6,41","2,03","0,013","0,012","12,5","5,73","4,81","0,61","0,86","2,45","21,5","0,026","0,39","12,3",11,"0,074","23,2",119,"17,5",978,"0,12","8,8",227,"1,05","8,84","22,5",0,"2,83","0,031","0,029","0,4","0,15","0,041","9,45","0,16"
"Sauce grand veneur, préemballée","102,8",7,"4,85",0,0,0,0,0,0,"8,45","6,6",0,"1,5","1,14",0,0,0,0,0,0,0,0,0,440,0,0,0,0,0,0,0,0,0,0,0,0,0,0,0
"Sauce hollandaise, préemballée","201,28","19,8","7,23","5,54","5,31","0,07","0,01","0,01","56,7","4,58","0,7","0,5","1,19","1,19",17,"0,01","0,2",20,"2,6","0,02",34,62,20,476,"0,18","76,7",200,"0,25","5,56","2,3",0,"9,1","0,015","0,054","0,1","0,26","0,019","10,7","0,15"
"Sauce indienne type tandoori ou tikka masala, préemballée","82,9","1,7","0,35",0,0,0,0,0,0,"14,3","12,3","1,9","2,6","2,4",0,0,0,0,0,0,0,0,0,930,0,0,0,0,0,0,0,0,0,0,0,0,0,0,0
"Sauce kebab, préemballée","289,4","27,6","2,3",0,0,0,0,0,0,"9,15","4,6","0,1","1,1","1,5",0,0,0,0,0,0,0,0,0,600,0,0,0,0,0,0,0,0,0,0,0,0,0,0,0
"Sauce madère, préemballée","36,6","2,2","1,1",0,0,0,0,0,0,"3,6","1,9","0,5","0,6","1,1",0,0,0,0,0,0,0,160,0,440,0,0,0,0,0,0,0,0,0,0,0,0,0,0,0
"Sauce moutarde, préemballée","225,04","22,8",0,0,0,0,0,0,"40,8","3,3","0,92",2,"1,66","2,35","34,3","0,1","0,5",4,"12,5","0,1",36,"68,7","1,6",940,"0,3",44,29,"0,5","7,4",0,0,"0,5","0,056","0,05","0,26","0,16","0,052",20,"0,08"
"Sauce Nuoc Mâm ou Sauce au poisson, préemballée","81,2",0,0,0,0,0,0,0,0,"10,9","8,34","0,2","9,3","22,2",0,0,0,0,0,0,0,0,0,8860,0,0,0,0,0,0,0,0,0,0,0,0,0,0,0
"Sauce pesto rosso, préemballée","296,52",27,"3,95",0,0,0,0,0,0,"8,58","2,75","4,15","4,8","1,99",0,0,0,0,0,0,0,0,0,775,0,0,0,0,0,0,0,0,0,0,0,0,0,0,0
"Sauce pesto, préemballée",370,"35,4","4,39","17,3","11,6","0,06","0,01","0,01","18,2","6,6","3,2","2,5","3,94","2,64",150,"0,28","0,59",20,36,"0,38",94,200,20,1060,"0,66",13,831,"0,25","17,9",127,0,"92,6","0,047","0,097","0,59","0,31","0,073","25,8",0
"Sauce pour nems à base de nuoc0mam dilué, préemballée",135,"0,5","0,01","0,01","0,01","0,01","0,01","0,01",0,"31,2","30,9","0,25","1,38","4,29","6,5","0,01","0,1",20,29,"0,01","3,4",53,20,1710,"0,05",0,5,"0,25","0,08","0,8",0,0,"0,015","0,013","6,38","0,065","0,01",5,0
"Sauce rouille, préemballée",381,"41,4","5,7",0,0,0,0,0,0,1,0,0,"1,1","1,18",0,0,0,0,0,0,0,0,0,470,0,0,0,0,0,0,0,0,0,0,0,0,0,0,0
"Sauce soja sucrée, préemballée","16,02","0,5","0,01","0,01","0,01","0,01","0,01","0,01",0,0,"39,5",0,"2,88","6,9",18,"0,01","0,62",20,17,"0,35",39,410,20,2760,"0,41",0,5,"0,25","0,08","0,8",0,0,"0,015","0,01","1,18","0,07","0,039","11,5",0
"Sauce soja, préemballée","45,5","0,1","0,0085","0,007","0,018","0,002",0,0,0,"3,64","1,32","0,86","7,08","18,6","27,3","0,044","1,72",1,"83,7","0,46",128,547,10,7440,"0,4",0,0,0,0,0,0,0,"0,046","0,16","3,08","0,34","0,17",16,0
"Sauce tartare, préemballée","517,36",55,"4,99","29,8","11,3","4,53","0,01","0,01","35,1","4,6","3,11","0,47","0,99","1,94",15,"0,02","0,32",20,"3,9","0,04",25,54,20,799,"0,16",0,"23,3","0,25","13,3",154,0,"0,5","0,019","0,015","0,1","0,22","0,022","5,23","0,31"
"Sauce teriyaki, préemballée","88,82","1,06","0,3",0,0,0,0,0,0,16,"13,2","0,1","3,82","6,13",25,"0,1","1,7",0,61,0,154,225,0,3830,"0,1",0,0,0,0,0,0,0,"0,03","0,07","1,27","0,2","0,1",8,0
"Sauce tomate à la viande ou Sauce bolognaise, préemballée","89,25","4,81","1,78","1,42","0,3","0,018","0,00085","0,01","13,7","7,27","4,74","2,29","4,22","1,18","22,9","0,097","0,87",8,"29,9","0,11",40,426,10,469,"0,82",2,415,"0,5","1,88",0,0,"7,55","0,25","0,057","1,65","0,16","0,19",39,"0,31"
"Sauce tomate au fromage, préemballée","175,92","14,2","3,83",0,0,0,0,0,0,"8,09","4,6","2,41","3,94","1,31",0,0,0,0,0,0,0,0,0,516,0,0,0,0,0,0,0,0,0,0,0,0,0,0,0
"Sauce tomate aux champignons, préemballée","62,4","2,68","0,26","0,38","0,86","0,01","0,01","0,01","0,7","7,78","4,58","2,35","1,79","1,04",12,"0,07","0,44",20,14,"0,15",32,150,20,410,"0,18",0,1070,"0,94","2,07","0,8",0,"8,54","0,03","0,02","2,22","0,16","0,062","34,5","0,074"
"Sauce tomate aux oignons, préemballée","74,46","4,18","0,49","0,75","0,63","0,038",0,"0,005",0,"7,69","5,44","2,17","1,52","1,17","24,4","0,098","0,58","18,2","24,7","0,1",26,553,10,467,"0,17",0,259,0,"1,44","2,8",0,"5,45","0,027","0,093","0,86","0,31","0,079",9,0
"Sauce tomate aux olives, préemballée","101,52","7,32","0,88","4,51","1,62","0,05","0,01","0,01","0,7","7,5","3,68","3,34","1,41","1,83",30,"0,09","0,96",20,"9,1","0,11",30,160,20,738,"0,17",0,1720,0,"3,72","4,62",0,"3,75","0,025","0,01","3,26","0,41","0,06","16,5",0
"Sauce tomate aux petits légumes, préemballée","62,54","2,9","0,35","1,46","0,47","0,18",0,"0,01",0,"7,57","5,22","2,12","1,54","0,99",0,0,0,0,0,0,0,0,0,389,0,0,0,0,0,0,0,0,0,0,0,0,0,0,0
"Sauce végétale type bolognaise, préemballée",68,3,"0,48","1,17","1,07","0,03","0,01","0,01",0,"5,05","5,05","2,46","3,56","0,77",27,"0,21","0,91",20,25,"0,23",52,400,20,309,"0,36",0,457,"0,25","2,32","7,35",0,"1,1","0,027","0,014","0,88","0,16","0,076","18,8",0
"Sauce vinaigrette (50 à 75% d'huile), préemballée",492,"52,4",0,0,0,0,0,0,"0,7","4,56","2,9","0,34","0,54","2,57",20,"0,02","0,64",20,12,"0,14",33,110,50,1010,"0,18",21,30,0,"12,9","98,8",0,"0,5","0,12","0,01","0,4","0,046","0,049","6,58","0,037"
"Sauce vinaigrette à l'huile d'olive (50 à 75% d'huile), préemballée","495,48","52,8","6,01",0,0,0,0,0,0,"4,54","3,66","0,32","0,53","2,41","7,63","0,014",0,1,"0,11","0,0067",0,0,"3,35",953,"0,018",0,0,0,0,0,0,0,0,0,0,0,0,0,0
"Sauce vinaigrette allégée en MG (25 à 50% d'huile), préemballée","249,16","26,4","2,2","13,5","6,44","1,77","0,01","0,01","0,7","2,39","1,73","0,5","0,5","1,9",21,"0,01","0,18",20,"6,3","0,05",15,32,50,761,"0,08",21,185,"1,8","7,46",0,0,"0,5","0,026","0,01","0,21","0,13","0,01","9,98","0,15"
Saucisse (aliment moyen),281,23,"9,44","9,2","2,25","0,22","0,022","0,022","78,5","0,88","0,65","0,29","17,3","2,05","20,8","0,066","1,15","11,4","19,1","0,039",149,438,"7,94",834,"2,1","15,3",144,"0,31","0,6",0,0,"5,3","0,31","0,17","4,06","0,52","0,18","6,18","0,7"
Saucisse alsacienne fumée ou Gendarme,"300,1","24,9","8,56",0,0,"0,17",0,0,"84,6",0,0,0,19,"2,75","18,3","0,1","2,2",2,"21,3","0,1",202,283,0,1100,"1,5",6,0,"0,5","0,64",0,0,"16,8","0,37","0,15","5,35","0,54","0,25",16,"0,95"
Saucisse cocktail,290,"25,9","9,59","9,94","2,71","0,23",0,0,"64,7","1,46","1,09","0,27","12,7","2,1","31,6","0,1","0,65",14,20,"0,1",112,305,5,849,"1,1","3,5",0,"0,5","0,1",0,0,"8,8","0,2","0,14","2,43","0,3","0,13","24,2","0,8"
Saucisse de bière,"319,3","29,7",0,0,0,0,0,0,0,0,0,0,13,0,0,0,0,0,0,0,0,0,0,0,0,0,0,0,0,0,0,0,0,0,0,0,0,0,0
Saucisse de foie,374,"35,9",12,0,0,0,0,0,128,"0,9","0,9","0,3","11,7","2,03",41,0,"5,3",0,0,0,154,143,58,810,"2,7",102,0,"1,09","2,15",0,0,2,"0,24","0,92","3,6",0,"0,17",23,0
Saucisse de Francfort,271,"23,4",9,"10,1","2,62","0,21",0,0,"73,1","1,24",1,"0,5","13,7",2,"16,5","0,18","0,91",14,"11,9","0,2",152,164,"5,48",790,"1,4",0,0,"0,26","0,1",0,0,0,"0,29","0,2","2,47",0,"0,11","1,6","0,42"
Saucisse de jambon pur porc,224,"17,5","6,8",0,0,0,0,0,0,1,"0,7",0,"15,7",2,0,0,0,0,0,0,0,0,0,780,0,0,0,0,0,0,0,0,0,0,0,0,0,0,0
Saucisse de langue à la pistache,"293,4","25,8",0,0,0,0,0,0,0,0,0,0,"15,3",0,0,0,0,0,0,0,0,0,0,0,0,0,0,0,0,0,0,0,0,0,0,0,0,0,0
Saucisse de Montbéliard,319,"27,3","10,5",12,"2,77","0,28",0,0,78,1,"0,75",0,"17,3","2,33","29,9","0,1","0,5","29,7","26,8","0,1",146,311,5,931,2,"6,5",0,"0,5","0,34",0,0,"0,5","0,53","0,18","5,28","0,74","0,34","28,5","0,63"
Saucisse de Morteau,397,"36,6",0,0,0,0,0,0,0,1,"0,5",0,16,"2,6",0,0,0,7,0,0,0,0,0,1040,0,0,0,0,0,0,0,0,0,0,0,0,0,0,0
"Saucisse de Morteau, bouillie/cuite à l'eau",323,"29,1","12,2","11,9","3,33","0,25",0,0,"77,3",0,0,0,"15,2","2,02","8,4","0,1","0,8",9,15,"0,1",126,230,7,809,"1,9",11,30,"0,5","0,13",0,0,1,"0,41","0,15","3,75","0,61","0,27",20,"0,49"
Saucisse de Strasbourg ou Knack,291,"25,9","10,9","10,8","2,75","0,22","0,0013","0,0027","73,1","1,39","1,06","1,37","12,4","2,21","23,7","0,065","1,12",7,"13,4","0,015",152,204,10,942,"1,13",0,0,"0,26","0,38",0,0,"9,4","0,29","0,2","2,47",0,"0,11","1,6","0,42"
"Saucisse de Toulouse, crue",327,30,"11,3","8,6","2,95","0,24","0,042","0,052","65,9",1,1,0,"13,2","1,89","28,9","0,069","0,9",7,"21,7","0,023",137,0,"11,2",747,"2,22",0,0,0,0,0,0,0,0,0,0,0,0,0,0
"Saucisse de Toulouse, cuite",274,"22,1","8,2","9,31","2,45","0,18","0,042","0,052","88,5",0,0,0,"18,8","1,71","11,5","0,1","0,9",8,"18,2","0,1",141,650,9,686,"2,2",14,30,"0,5","0,35",0,0,1,"0,41","0,22","4,4","0,56","0,24",20,"0,41"
"Saucisse de volaille, façon charcutière",231,"17,7","6,2",0,0,0,0,0,0,"1,19","0,9",0,"16,8","1,75",8,0,0,0,0,0,0,0,0,0,0,0,0,0,0,0,0,0,0,0,0,0,0,0,0
"Saucisse de volaille, type Knack",236,"18,9","5,34","7,27","3,42","0,44","0,01","0,01",0,"1,82","1,01",0,14,"1,87",0,0,0,0,0,0,0,0,0,746,0,0,0,0,0,0,0,0,0,0,0,0,0,0,0
"Saucisse fumée, à cuire","343,5","30,7",0,0,0,0,0,0,0,0,0,0,"16,8","1,89",0,0,0,0,0,0,0,0,0,755,0,0,0,0,0,0,0,0,0,0,0,0,0,0,0
Saucisse sèche,451,"37,1","14,5",0,0,0,0,0,0,"1,7","1,21","0,59","27,3","4,74",0,0,0,7,0,0,0,0,0,1900,0,0,0,0,0,0,0,0,0,0,0,0,0,0,0
"Saucisse végétale au blé ou seitan, préemballé",250,"10,5","2,79","6,32","0,78","0,04","0,01","0,01",0,"7,53","1,74","4,6","27,1","1,82",37,"0,27","1,7",20,32,"0,75",110,200,20,728,"1,8",0,132,"0,25","5,92","2,29",0,"0,5","0,11","0,16","0,49","0,46","0,078","40,6",0
"Saucisse végétale au tofu (convient aux véganes ou végétaliens), préemballée",231,"16,3","1,95","4,8","8,24","0,37","0,01","0,01",0,"5,69","0,5",3,"13,4","1,68",140,"0,23",2,20,58,"0,86",210,120,20,670,"1,4",0,"98,2","0,25","7,78","12,8",0,"0,5","0,042","0,026","0,18","0,19","0,027","17,3",0
"Saucisse viennoise, crue","232,9","21,3",0,0,0,0,0,0,0,0,0,0,"10,3",0,0,0,0,0,0,0,0,0,0,0,0,0,0,0,0,0,0,0,0,0,0,0,0,0,0
Saucisson à l'ail,280,"23,6","9,92",0,0,"0,18",0,0,0,"1,63","0,86","0,63",15,2,9,0,"2,3",7,9,0,174,230,0,783,0,0,0,0,0,0,0,5,"0,16","0,22","2,6",0,0,0,0
"Saucisson brioché, cuit",309,"17,4","8,6","6,01","1,41","0,13","0,0081","0,016","86,4","22,6","3,8",2,"14,7","1,38",19,"0,09","1,1",20,21,"0,22",160,240,50,550,"1,7","49,7",0,"0,5","0,76","0,8",0,0,"0,3","0,14","2,66","1,02","0,18",12,"0,54"
Saucisson cuit pur porc,322,29,0,0,0,0,0,0,0,"1,3",0,0,"13,8","1,9",0,0,0,0,0,0,0,0,0,0,0,0,0,0,0,0,0,5,0,0,0,0,0,0,0
Saucisson de cheval type cervelas,"236,8",20,"7,1","7,5","2,12","0,6","0,01","0,01","48,2",0,"1,4",0,"14,2","2,46",15,"0,09","1,9",20,13,"0,05",290,200,20,985,"1,9",21,0,"0,25","0,9",0,0,0,"0,059","0,064","2,04","0,41","0,15","6,18","2,18"
Saucisson de Paris,346,"32,7","3,5",0,0,0,0,0,0,"0,6","0,5",0,"12,5","1,73",0,0,0,0,0,0,140,0,0,691,0,0,0,0,0,0,0,0,0,0,0,0,0,0,0
"Saucisson de Paris, fumé",288,"25,6",0,0,0,0,0,0,0,"0,6",0,0,"13,7",0,0,0,0,0,0,0,90,0,0,0,0,0,0,0,0,0,0,0,0,0,0,0,0,0,0
Saucisson sec,418,"34,5","11,3","13,7","3,04","0,21","0,0078","0,016","99,4","2,41","1,2","0,73","24,2","4,75","14,4","0,099","1,27",7,32,"0,12",237,583,10,1900,"2,7",0,0,"0,5","0,16",0,0,5,"0,62","0,37","8,55",0,"0,43","1,64","0,67"
Saucisson sec aux noix et/ou noisettes,477,"39,7","14,1",0,0,0,0,0,0,"1,78","1,04","0,75","27,7","4,31",0,0,0,0,0,0,0,0,0,1660,0,0,0,0,0,0,0,0,0,0,0,0,0,0,0
Saucisson sec pur porc,417,"32,3","12,2","11,8","3,42","0,27","0,01","0,01","99,3","1,79","1,4",0,"28,7","4,46","15,8","0,4","1,68","4,1","26,7","0,2",243,525,"11,8",1780,"3,6",0,0,"0,55","0,58",0,0,5,"0,6","0,3","8,64",0,"0,43","1,35","0,68"
"Saucisson sec pur porc, qualité supérieure",366,"27,6","10,9",0,"2,54","0,2",0,0,100,"1,65","1,65","0,5","27,7","4,22",20,"0,3","1,6",0,"29,5","0,2",260,510,5,1790,"3,5",0,0,"0,45","0,74",0,0,5,"0,7",0,"8,2",0,"0,45","2,8","0,66"
"Sauge, fraîche","36,7","0,5","0,01","0,01","0,01","0,01","0,01","0,01",0,"0,97","0,3",7,4,"0,028",230,"0,13","4,6",20,54,"1,9",57,510,20,"11,1","0,28",0,652,"0,25","1,46","44,9",0,"0,5","0,14","0,09","0,1","0,68","0,14","72,1",0
"Sauge, séchée",320,"12,8","7,03",0,0,0,0,0,0,"20,4","1,71","40,3","10,6","0,028",1650,"0,76","28,1",0,428,"3,13",91,1070,0,11,"4,7",0,3490,0,"7,48",1710,0,"32,4","0,75","0,34","5,72",0,"2,69",274,0
"Saumon à l'oseille, préemballé",133,"7,65","3,19",0,"0,57","0,18",0,0,0,"7,43","0,58","0,73","8,36","0,69",0,0,0,0,0,0,0,0,0,277,0,0,0,0,0,0,0,0,0,0,0,0,0,0,0
"Saumon farci, préemballé",227,"16,2","3,8",0,0,0,0,0,0,"0,4","0,4","2,4","18,8","0,65",0,0,0,0,0,0,0,0,0,0,0,0,0,0,0,0,0,0,0,0,0,0,0,0,0
Saumon fumé,178,"9,49","2,06","1,76","0,73","0,25","0,63","0,79","72,1","0,91",0,"0,25",22,"3,51","5,97","0,035","0,16",40,"38,3","0,0098",214,551,10,1410,"0,24",15,8,"5,45","2,85",0,0,0,"0,23","0,1",10,"0,71",1,26,"3,35"
"Saumon, appertisé, égoutté",180,"10,2","1,68","1,75","0,11","0,061","0,63","0,85",90,"1,5",0,0,"20,5","1,22",270,"0,038","0,45",30,42,"0,048",440,300,42,488,"0,7",90,0,13,"1,5",0,0,0,"0,04","0,18",7,"0,55","0,45",12,"3,1"
"Saumon, bouilli/cuit à l'eau, élevage",193,"10,3",0,0,0,0,0,0,0,0,0,0,25,"0,084","4,6","0,1","0,3",0,"29,7","0,1",150,347,5,"33,6","0,4",14,0,"3,45","2,63",0,0,0,"0,25","0,056","6,25","1,5","0,58",28,0
"Saumon, cru, élevage",194,"12,4","2,15","2,56","1,15","0,32","0,62","0,88","53,6",0,0,"0,25","20,5","0,16","5,84","0,1","0,48","8,21","27,4","0,1",181,358,"16,5","45,4","0,36","4,27","0,008","3,69","1,89","0,3","0,5","1,8","0,21","0,076","8,25","0,95","0,58","20,8","3,95"
"Saumon, cru, sauvage",166,"9,17","1,92","1,52",0,0,"0,32","1,12",53,0,0,0,21,"0,12","13,5","0,16","0,66","12,2","29,2","0,016",225,436,27,46,"0,58","19,5",0,"8,6","1,11","0,3",0,0,"0,21","0,24","8,83","1,48","0,49","13,1","4,84"
"Saumon, cuit à la vapeur",195,"11,5","2,39","1,29","0,39","0,18","0,64","1,11","36,3",0,0,0,23,"0,13","9,23","0,026","0,4",17,"21,4","0,007",270,390,19,"51,5","0,39",5,0,"8,7","2,05",0,0,0,"0,22","0,11",7,"1,09","0,49","11,7","3,05"
"Saumon, cuit au micro0ondes, élevage",200,"11,4",0,0,0,0,0,0,0,0,0,0,"24,2","0,098",5,"0,1","0,4",0,"31,6","0,1",250,402,5,39,"0,4",15,0,"3,3","2,4",0,0,0,"0,21","0,054","7,6","1,45","0,71",19,0
"Saumon, cuit, sans précision (aliment moyen)",205,"12,5","2,5",0,0,0,"0,68","1,38","57,3",0,0,0,23,"0,13","11,5","0,045","0,35",0,"28,6","0,023",243,383,0,"53,3","0,42",0,0,0,0,0,0,"2,79","0,27","0,099","7,6","1,42","0,46","19,9","2,78"
"Saumon, élevage, rôti/cuit au four",210,"13,5","2,5",0,0,0,"0,69","1,46",63,0,0,0,"22,1","0,15",15,"0,049","0,34",0,30,"0,016",252,384,0,61,"0,43",0,0,0,0,0,0,"3,7","0,3","0,11","8,05","1,49","0,39","21,1","2,65"
"Saumon, grillé/poêlé",223,"13,5","2,87","1,79",0,0,"0,78","1,5","71,8",0,0,0,"25,5","0,11","8,4","0,05","0,43","13,5","31,7","0,05",263,414,11,"44,2","0,48","17,5",0,"5,82","3,52",0,0,0,"0,23","0,086","8,15","1,7","0,34",18,"3,4"
"Saupe, crue","94,5","2,5",0,0,0,0,0,0,0,0,0,0,18,0,28,"0,6","4,3",0,27,"0,1",0,540,0,0,"3,3",0,0,0,0,0,0,0,0,0,0,0,0,0,0
"Sauté d'agneau au curry, préemballé","167,1","13,9","6,7",0,0,0,0,0,0,0,0,1,"10,5","1,29","17,5","0,07","2,15",0,"13,3","0,04",181,200,0,514,"2,77",0,0,0,0,0,0,0,0,0,0,0,0,0,0
"Scarole, crue",8,"0,2","0,048","0,004","0,075","0,013",0,0,0,"0,3","0,23","3,1","1,25","0,055",52,"0,099","0,83","0,4",15,"0,42",28,314,"0,6",22,"0,79",0,1500,0,0,0,0,"6,5","0,08","0,075","0,4","0,9","0,02",142,0
"Sébaste du nord, ou grand sébaste, ou dorade sébaste, ou daurade sébaste, crue","89,5","1,6","0,31","0,16","0,019","0,0058","0,097","0,22","47,2",0,0,0,"18,8","0,18","12,5","0,1","0,26","21,7","27,5","0,1",168,333,"28,3","72,8","0,33","6,9",0,"3,96","0,84",0,0,0,"0,063","0,07","2,16","0,17","0,19",9,"1,78"
"Seiche, crue","76,3","1,05","0,35","0,046","0,014","0,015","0,069","0,22",111,"0,51",0,0,"16,2","0,93","37,1","0,76","2,74",21,31,"0,082",236,351,65,372,"1,81",25,0,0,"2,4",0,0,"5,3","0,057","0,37","2,1","0,5","0,33",14,"2,5"
"Seigle entier, cru",334,"1,97","0,25","0,22","0,84","0,12",0,0,0,61,"0,98",15,"9,83","0,0073","26,4","0,34","3,32","2,7",104,"3,14",346,469,"1,5","2,9","2,78",0,7,0,1,"5,9",0,0,"0,34","0,21","2,99","1,4","0,29",47,0
"Seitan, préemballé",134,"2,5","0,38","1,48","0,42","0,02","0,01","0,01",0,"6,74","0,81","0,9","20,6","1,13",20,"0,23","1,5",20,18,"0,61",62,75,30,451,"1,2",0,"24,6","0,25","0,51","0,8",0,"0,5","0,036","0,03","6,92","0,16","0,022","14,7","0,038"
Sel au céleri,49,"2,53",0,0,0,0,0,0,0,"4,14",0,"1,19","1,81","87,5",0,0,0,0,0,0,0,0,0,35000,0,0,0,0,0,0,0,0,0,0,0,0,0,0,0
"Sel blanc alimentaire, iodé, fluoré à 25 mg /100 g (marin, ignigène ou gemme)",0,0,0,0,0,0,0,0,0,0,0,0,0,"97,8","13,3",0,0,1860,"3,15",0,0,"16,9",0,39100,0,0,0,0,0,0,0,0,0,0,0,0,0,0,0
"Sel blanc alimentaire, iodé, non fluoré (marin, ignigène ou gemme)",0,0,0,0,0,0,0,0,0,0,0,0,0,"97,8","13,3",0,0,1860,"3,15",0,0,"16,9",0,39100,0,0,0,0,0,0,0,0,0,0,0,0,0,0,0
"Sel blanc alimentaire, non iodé, non fluoré (marin, ignigène ou gemme)",0,0,0,0,0,0,0,0,0,0,0,0,0,"97,8","13,3","0,15","0,29","1,8","3,15","0,12",8,"16,9","0,5",39100,"0,088",0,0,0,0,0,0,0,0,0,0,0,0,0,0
"Sel marin gris, non iodé, non fluoré",0,0,0,0,0,0,0,0,0,0,0,0,0,"80,5",181,0,0,200,503,0,0,"99,3",0,32200,0,0,0,0,0,0,0,0,0,0,0,0,0,0,0
Selles0sur0Cher (fromage de chèvre),291,"23,9",18,"3,66","0,6","0,15","0,0093",0,0,0,0,0,"19,2","1,4",167,0,0,56,0,0,0,0,0,562,0,0,0,0,"0,6",0,0,0,0,0,0,0,0,0,"0,1"
"Semoule au lait, rayon frais",121,"3,23","2,28",0,"0,086","0,014",0,0,"10,1","19,4",14,"0,55","3,46","0,095","83,7","0,036",1,"8,4",11,"0,038",177,135,"2,2","37,8","0,39",14,53,"0,7","0,1",0,0,"0,5","0,05","0,14","0,13","0,39","0,05",5,"0,2"
"Semoule de blé dur, crue",352,"1,25","0,21","0,14","0,49","0,034",0,0,0,"71,6",1,"3,37","10,9","0,003","16,9","0,3","0,92","0,3","26,5","2,31",102,152,1,"1,2","2,18",0,0,0,"0,1",30,0,0,"0,25","0,063","2,16","0,54","0,094",57,0
"Semoule de blé dur, cuite, non salée",122,"0,8","0,25","0,2","0,25","0,02","0,01","0,01",0,24,3,"1,9","3,42","0,013",13,"0,12",1,20,16,3,62,96,20,5,"0,48",0,5,"0,25",0,"0,8",0,"0,5","0,053","0,01","0,24","0,24","0,01","19,5",0
"Sésame, graine","557,1","49,7","7,09","18,7","21,2","0,26",0,0,0,"9,85","0,3","14,9","17,6","0,1",962,"1,58","14,6",5,324,"1,24",605,468,"26,5","2,31","5,74",0,5,0,"0,25",0,0,0,"0,79","0,25","4,52","0,05","0,79",97,0
"Sésame, graine décortiquée","607,3","56,1","8,1",19,"21,9","0,39",0,0,0,"4,5","0,48","11,9","21,1","0,073","62,4","1,4","6,36","0,2",348,"1,95",703,419,"24,4",29,"7,24",0,40,0,"1,68",0,0,0,"0,75","0,17","5,16","0,17","0,6",106,0
"Sésame, grillé, graine décortiquée","536,56",48,"6,72",0,0,0,0,0,0,"9,14","0,48","16,9",17,"0,098",131,"1,46","7,78",0,346,"1,43",774,406,0,39,"10,2",0,40,0,"0,25",0,0,0,"1,21","0,47","5,44","0,68","0,15",96,0
"Sirop à diluer, sucré",255,"0,5",0,0,0,0,0,0,0,"62,6","58,8","0,5","0,5","0,017","2,7","0,01","0,06",20,"1,2","0,03","2,5",17,20,"6,76","0,05",0,5,0,0,"0,8",0,"0,5","0,015","0,01","0,1","0,0074","0,01",5,0
Sirop d'agave,"318,9","0,5","0,25","0,01","0,01","0,01",0,"0,01",0,"78,1","70,2",0,"0,5","0,018",0,0,0,0,0,0,0,0,0,"3,99",0,0,0,0,0,0,0,0,0,0,0,0,0,0,0
Sirop d'érable,"269,1","0,06","0,007",0,0,0,0,0,0,"67,1","62,6",0,"0,04","0,015",106,"0,018","0,11",0,21,"2,6",2,219,0,"6,57","1,09",0,0,0,0,0,0,0,"0,066","1,27","0,081","0,036","0,002",0,0
Sirop léger pour fruits appertisés au sirop,"65,86","0,5",0,0,0,0,0,0,0,15,"13,6","0,5","0,34","0,011","7,13","0,025","0,095",20,"6,3","0,3","5,98","99,5",20,"4,23","0,043",0,"3,57",0,0,"0,8",0,"4,5","0,18","0,01","0,12","0,044","0,0082","9,02",0
Sirop léger pour poire appertisée,"60,7","0,3",0,0,0,0,0,0,0,"14,6","12,5","0,5","0,5","0,0043","6,7","0,04","0,05",0,"3,6","0,01","5,2",70,20,"1,7","0,05",0,5,"0,25","0,08","0,8",0,"0,66","0,14","0,01","0,1","0,025","0,01","6,74",0
Sirop pour fruits appertisés au sirop,"80,1","0,5",0,0,0,0,0,0,0,"18,4","14,9","0,5","0,5","0,019","6,4","0,025","0,07",16,"3,75","0,045","6,8",74,20,"7,5","0,05",0,132,0,0,"0,8",0,"0,5","0,37","0,01","0,095","0,049","0,041",11,0
Smoothie,"54,42","0,26","0,17",0,0,0,0,0,0,"12,4","11,7","1,08","0,62","0,01","9,65","0,045","0,24",20,"11,5","0,27","15,5",165,20,"3,84","0,07",0,238,0,0,"0,88",0,"20,2","0,059","0,012","0,2","0,079","0,064","28,6",0
Snack pour enfants à base de fromage fondu et de gressins,"309,7","18,9","11,3",0,0,0,0,0,49,"24,1","3,1","1,2","10,8","1,36",145,"0,4","0,63","14,8",21,0,383,131,"5,45",543,"3,79",188,"74,9","0,27","0,99",0,0,0,"0,15","0,3","0,49","0,36","0,07","11,5","0,63"
"Soja, graine entière",432,"19,2","2,72","4,35","9,04","1,29",0,0,0,"20,8","7,33",13,"34,5","0,0075",220,"0,88","15,7","0,6",253,"2,26",586,1740,"8,8",3,"2,95",0,13,0,"0,85",47,0,6,"0,87","0,87","1,62","1,36","0,4",328,0
"Sole tropicale ou Sole langue, crue","68,2","0,58","0,18","0,036","0,0038","0,00088","0,035","0,058","45,1",0,0,0,"15,7","0,35","15,6","0,1","0,22","21,7","20,1","0,1","80,4",125,"30,6",140,"0,29",2,0,"0,5","0,22",0,0,0,"0,038","0,034","1,14","0,1","0,1",0,"0,92"
"Sole, bouillie/cuite à l'eau",69,1,"0,2","0,6",0,0,0,0,65,0,0,0,15,"0,21",90,0,"0,9",0,22,0,195,137,0,82,0,0,0,0,0,0,0,0,"0,07","0,2","1,7",0,1,0,0
"Sole, crue","77,3","0,6","0,13","0,037","0,003","0,00052","0,019","0,081","51,8",0,0,0,18,"0,19","22,5","0,1","0,35","88,2","26,9","0,1",170,349,23,"76,3","0,42",5,0,"0,75","0,47",0,0,0,"0,046","0,077","3,51","0,24","0,26","7,5","1,91"
"Sole, cuite à la vapeur","94,6","1,48","0,2","0,2",0,0,"0,043","0,16","70,8",0,0,0,"20,3","0,41",96,"0,026","0,72","14,5","23,1","0,007",128,175,103,166,"0,39",0,0,0,0,0,0,0,"0,064","0,2","2,39",0,"0,22",0,"1,12"
"Sole, frite","72,2",1,"0,2","0,6",0,0,0,0,65,0,0,0,"15,8","0,36",0,0,"0,86",0,28,0,250,240,"42,3",144,0,0,0,0,0,0,0,0,"0,07","0,18","1,53",0,0,0,0
"Sole, poêlée","96,7","0,5","0,01","0,01","0,01","0,01","0,01","0,01","69,3",0,0,0,"23,6","0,37",39,"0,02","0,14",20,27,"0,01",180,370,30,147,"0,45",21,0,"0,47","0,5","0,8",0,"0,87","0,058","0,094","2,18","0,37","0,34",15,"1,4"
"Sole, rôtie/cuite au four","78,2","1,69","0,31","0,43",0,0,"0,094","0,11","60,5",0,0,0,"15,7","0,29","47,7","0,027","0,57",30,"31,3","0,035",285,224,"17,4",117,"0,58",12,0,"3,5","0,77","0,1",0,0,"0,048","0,11","1,49","0,23","0,56",6,"1,31"
Son (aliment moyen),344,"6,09","1,1",0,0,0,0,0,0,46,"2,27","21,3","15,7","0,019","64,6","0,52","7,11",0,291,"7,02",701,692,"38,2","7,74","3,91",0,"1,09",0,"1,11","10,3",0,0,"1,09","0,27","4,69","1,64","0,38","62,5",0
Son d'avoine,359,"6,48","1,16",0,0,0,0,0,0,51,"2,23","16,7","15,8","0,016","62,6","0,4","5,41",0,235,"5,63",627,566,"45,2","6,5","3,11",0,0,0,"1,01","3,2",0,0,"1,17","0,22","0,93","1,49","0,17",52,0
Son de blé,0,0,0,0,0,0,0,0,0,0,0,0,0,0,0,0,0,0,0,0,0,0,0,0,0,0,0,0,0,0,0,0,0,0,0,0,0,0,0
Son de blé,279,"4,35","0,84","0,66","2,32","0,16",0,0,0,"23,6","2,46",42,"15,4","0,033","73,9","1,05","14,8","2,4",546,"13,3",1030,1260,"6,8","13,3","7,49",0,6,0,"1,55","42,5",0,0,"0,71","0,47","21,6","2,29","1,34",110,0
Son de maïs,226,"0,92","0,13",0,0,0,0,0,0,"6,65",0,79,"8,36","0,018",42,"0,25","2,79",0,64,"0,14",72,44,0,7,"1,56",0,32,0,"0,42","0,3",0,0,"0,01","0,1","2,74","0,64","0,15",4,0
Son de riz,398,"20,9","4,17",0,0,0,0,0,0,"28,1","0,9",21,"13,9","0,013",57,"0,73","18,5",0,781,"14,2",1680,1490,"15,6",5,"6,04",0,0,0,"4,92","1,9",0,0,"2,75","0,28",34,"7,39","4,07",63,0
"Sorbet, bâtonnet","106,8","0,32","0,094",0,0,0,0,0,0,"25,7","23,1","0,82","0,28","0,039","3,6","0,01","0,03",20,"2,1","0,01","1,9",21,20,"14,9","0,05",0,"11,9","0,25",0,"0,8",0,"5,48","0,094","0,01","0,1","0,15","0,01",5,0
"Sorbet, cône","226,18","6,74","4,47",0,0,0,0,0,0,"39,3","27,6","0,9","2,08","0,051",0,0,0,0,0,0,0,0,0,"20,4",0,0,0,0,0,0,0,0,0,0,0,0,0,0,0
"Sorbet, en bac","127,3","0,78","0,45","0,29","0,038","0,0063","0,0028","0,0028",1,"29,6",25,"1,17","0,47","0,045",54,"0,028","0,14",1,8,"0,011",40,96,"1,6","21,3","0,48",12,1,0,"0,01",0,0,"2,3","0,027","0,097","0,063","0,22","0,023",4,"0,13"
"Sorbet, pot individuel","130,5","2,5",0,0,0,0,0,0,0,27,24,0,0,"0,04",0,0,0,0,0,0,0,0,0,"16,1",0,0,0,0,0,0,0,0,0,0,0,0,0,0,0
"Sorgho entier, cru",349,"3,46","0,61","0,11","0,44","0,054",0,0,0,"65,4","2,48","6,7","10,6","0,005",13,"0,28","3,36",0,165,"1,61",289,363,43,2,"1,67",0,0,0,"0,5",0,0,0,"0,33","0,096","3,69","0,37","0,44",20,0
Soufflé au fromage,184,"12,6","7,37",0,0,0,0,0,118,"3,8","1,77","2,1","12,9","0,92",226,"0,04","0,6","14,8","19,7","0,03",196,138,"4,74",391,"1,37",131,38,"0,5","0,6",0,0,1,"0,05","0,24","0,53","0,58","0,06","20,1","0,6"
Soupe (aliment moyen),"37,4","1,37","0,57","0,39","0,11","0,03","0,0087","0,011","7,47","4,5","1,6","1,02","1,27","0,75","27,8","0,04","0,27","16,5","7,19","0,064","24,9",108,"9,35",296,"0,18","15,2",1090,0,"0,48","6,98",0,"5,04","0,05","0,036","0,49","0,23","0,1","15,8","0,24"
"Soupe à l'oignon, déshydratée reconstituée",24,"0,4","0,23",0,0,0,0,0,0,"4,37","1,3","0,31","0,58","0,79",20,"0,043",0,1,"5,26","0,043","0,01","56,7","3,35",318,"0,083",0,0,0,0,0,0,0,0,0,0,0,0,0,0
"Soupe à l'oignon, préemballée à réchauffer","40,4","1,4","0,55",0,0,0,0,0,0,"4,93","1,5","1,34","1,35","0,79",12,"0,054","0,27",0,1,"0,098",4,28,0,315,"0,25",1,1,0,"0,11","0,2",0,"0,5","0,013","0,01","0,24",0,"0,02",6,0
"Soupe à la carotte, préemballée à réchauffer","33,2","1,41","0,96",0,0,0,0,0,0,"3,89","1,82","1,22","0,61","0,65",15,0,"0,3",0,7,0,20,140,0,259,0,4,3500,0,0,0,0,11,"0,05",0,"0,65",0,"0,08",9,0
"Soupe à la tomate et aux vermicelles, déshydratée reconstituée","21,6","0,18","0,099","0,01","0,01","0,01","0,01","0,01","0,7","4,21","0,72","0,32","0,63","0,68","9,1","0,05","0,18",20,"4,8","0,06",0,62,20,271,"0,08",21,162,"0,25","0,34","0,8",0,"0,5","0,02","0,04","1,44","1,04","0,018",11,0
"Soupe à la tomate et aux vermicelles, préemballée à réchauffer","37,7","0,8","0,5",0,0,0,0,0,0,"5,87","3,43","1,3","1,1","0,77",0,0,0,0,0,0,0,0,0,307,0,0,0,0,0,0,0,20,0,0,0,0,0,0,0
"Soupe à la tomate, déshydratée reconstituée","36,2","0,97","0,32","0,41","0,15","0,01","0,01","0,01","2,02","5,79","2,44","0,64","0,76","0,69",11,"0,03","0,14",20,5,"0,04",10,65,20,278,"0,1",21,147,0,"0,25","1,33",0,"0,5","0,02","0,017","0,46","0,064","0,027","6,85","0,14"
"Soupe à la tomate, préemballée à réchauffer","38,7","0,99","0,36","0,28","0,15","0,02","0,01","0,01","2,9","6,27","2,95","0,88","0,74","0,64",11,"0,03","0,14",20,"5,9","0,04",15,130,20,259,"0,08",21,1680,"0,6","0,69","1,01",0,"6,4","0,01","0,056","0,58","0,2","0,2","23,8","0,01"
"Soupe à la volaille et aux légumes, déshydratée reconstituée","27,3","0,44","0,17",0,0,0,0,0,0,"4,58","0,55","0,51","0,99","0,73",0,0,0,0,0,0,0,0,0,292,0,0,0,0,0,0,0,3,0,0,0,0,"0,03",8,0
"Soupe à la volaille et aux légumes, préemballée à réchauffer","30,8","0,8","0,3",0,0,0,0,0,0,"2,6","1,2","0,4","3,09","1,75",0,0,0,0,0,0,0,0,0,700,0,0,0,0,0,0,0,0,0,0,"1,9",0,0,0,"0,11"
"Soupe à la volaille et aux vermicelles, déshydratée reconstituée","21,3","0,25","0,081","0,01","0,01","0,01","0,01","0,01","0,72","3,87","0,31","0,26","0,75","0,68","7,2","0,02","0,1",20,"3,5","0,05",14,36,20,272,"0,1",21,"20,7",0,"0,08","0,8",0,"0,5","0,28","0,01","0,1","0,041","0,025",0,"0,026"
"Soupe à la volaille et aux vermicelles, préemballée à réchauffer","30,8",1,"0,49",0,0,0,0,0,5,"3,86","0,77","0,56","1,3","0,82","7,96","0,069","0,14","0,5","7,93","0,057",17,"30,5",10,326,"0,1",1,119,0,"0,03",0,0,0,"0,055","0,045","0,54","0,074","0,02",2,"0,02"
"Soupe asiatique, avec pâtes, déshydratée reconstituée","29,8","0,44","0,17",0,0,0,0,0,0,"5,25","1,21","0,49","0,97","0,84",0,0,0,0,0,0,0,"37,8",0,334,0,0,0,0,0,0,0,0,0,0,0,0,0,0,0
"Soupe asiatique, avec pâtes, préemballée à réchauffer","22,3","0,5","0,2",0,0,0,0,0,0,"3,4","0,5","0,7","0,7","0,9",0,0,0,0,0,0,0,0,0,360,0,0,0,0,0,0,0,0,0,0,0,0,0,0,0
"Soupe au cresson, déshydratée reconstituée","25,1","0,8","0,42",0,0,0,0,0,0,"3,95","0,31","0,19","0,42","0,77",0,0,0,0,0,0,0,0,0,308,0,0,0,0,0,0,0,0,0,0,0,0,0,0,0
"Soupe au cresson, préemballée à réchauffer",34,"0,8","0,5",0,0,0,0,0,0,"5,4","0,9","0,6",1,"0,78",0,0,0,0,0,0,0,0,0,310,0,0,0,0,0,0,0,0,0,0,0,0,"0,25",30,0
"Soupe au pistou, déshydratée reconstituée","30,4","0,35","0,2",0,0,0,0,0,1,"5,2","1,2","0,8","1,2","0,64",19,"0,1","0,4",1,14,"0,1",24,132,"2,2",256,"0,19",0,900,0,"0,2",0,0,7,0,0,0,0,"0,07",18,0
"Soupe au pistou, préemballée à réchauffer","31,9","0,5","0,2",0,0,"0,1",0,0,0,"4,1","0,25","1,5",2,"0,65",0,0,0,0,0,0,0,0,0,260,0,0,0,0,0,0,0,0,0,0,0,0,0,0,0
"Soupe au potiron, déshydratée reconstituée","38,3","1,24","0,61",0,0,0,0,0,0,"5,61","2,64","0,76","0,79","0,7",0,0,0,0,0,0,"0,01","0,01",0,279,0,0,0,0,0,0,0,0,0,0,0,0,0,0,0
"Soupe au potiron, préemballée à réchauffer","35,9","1,56","0,88","0,38","0,051","0,018","0,01","0,01","4,95","4,13","2,37","1,31","0,67","0,65",15,"0,03","0,14",20,"5,8","0,04",17,130,20,256,"0,13",21,2530,0,"0,51","1,03",0,"0,5","0,018","0,014","0,1","0,13","0,065","9,35","0,036"
"Soupe aux asperges, déshydratée reconstituée","35,3","1,31","0,73",0,0,0,0,0,0,"5,14","0,99","0,28","0,6","0,76",0,0,0,0,0,0,"0,015","0,035",0,303,0,0,0,0,0,0,0,0,0,0,0,0,0,10,0
"Soupe aux asperges, préemballée à réchauffer",133,"10,4","5,1",0,0,0,0,0,0,"4,7","2,9",1,"4,6","0,98",0,0,0,0,0,0,0,0,0,0,0,0,0,0,0,0,0,0,0,0,0,0,0,0,0
"Soupe aux céréales et aux légumes, déshydratée reconstituée","47,8","1,4","0,8",0,0,0,0,0,0,"6,8","1,2","1,2","1,4","0,78","12,5",0,"0,29",0,"9,35",0,0,94,0,312,0,0,0,0,0,0,0,"3,84","0,04",0,"0,47",0,"0,07","16,8",0
"Soupe aux champignons, déshydratée reconstituée","37,8","1,79","0,73","0,6","0,15","0,01","0,01","0,01","0,87","4,37","0,63","0,82","0,65","0,79",10,"0,02","0,02",20,"2,5","0,03","9,51",48,20,311,"0,07",21,"14,7","0,25","0,24","0,8",0,"0,5","0,03","0,034","0,37","0,16","0,033","8,25","0,028"
"Soupe aux champignons, préemballée à réchauffer","48,2","3,07","1,58","0,4","0,31","0,01",0,0,"3,3","4,09","0,91","0,52","0,81","0,78",7,"0,016","0,09","8,4",2,"0,018",12,62,0,312,"0,06","5,5",0,"0,1","0,24","9,6",0,0,"0,006","0,008","0,17","0,072","0,007",1,0
"Soupe aux légumes avec fromage, préemballée à réchauffer","50,2","2,51","1,58",0,0,0,0,0,0,"5,09","1,62","0,93","1,34","0,67",0,0,0,0,0,0,0,0,0,268,0,0,0,0,0,0,0,11,0,0,0,0,"0,3",30,0
"Soupe aux légumes variés, déshydratée reconstituée","34,5","1,22","0,39","0,45","0,081","0,01","0,01","0,01","2,12","4,43","1,07","1,16","0,86","0,69",21,"0,03","0,19",1,7,"0,05","12,5",60,20,276,"0,12",21,261,0,"0,19","2,42",0,"3,28","0,05","0,24","0,13","0,12","0,044","8,4","0,029"
"Soupe aux légumes variés, préemballée à réchauffer","39,4","1,56","0,55","0,44","0,1","0,0063","0,01","0,01","3,7","5,05","1,72","1,1","0,76","0,69",14,"0,02","0,14",20,"5,3","0,04",19,110,20,275,"0,11",21,1710,0,"0,62","2,53",0,"5,75","0,29","0,062","0,31","0,33","0,16","39,8","0,052"
"Soupe aux légumes verts, déshydratée reconstituée","34,8","1,07","0,71","0,23","0,075","0,01","0,01","0,01","0,7","5,31","1,07","0,54","0,72","0,66",12,"0,02","0,11",20,3,"0,03",15,50,20,264,"0,09",21,"10,5","0,25","0,18","2,82",0,"6,15","0,05","0,014","0,15","0,072","0,033","7,6",0
"Soupe aux légumes verts, préemballée à réchauffer","33,4","1,32","0,64","0,44","0,13","0,03","0,01","0,01","3,52","3,84","0,81","1,05",1,"0,7",24,"0,02","0,27",20,"7,1","0,06",24,120,20,280,"0,18",21,177,"0,25","0,28","16,5",0,9,"0,17","0,042","0,53","0,22","0,25","27,5",0
"Soupe aux lentilles, préemballée à réchauffer",55,"1,12","0,45",0,0,0,0,0,3,"6,6","0,7","1,8","3,74","0,36",25,"0,17","1,07",4,19,"0,24",74,144,"16,1",143,"0,61",0,430,0,0,0,0,"1,7","0,07","0,045","0,55","0,14","0,09",20,"0,12"
"Soupe aux poireaux et pommes de terre, déshydratée reconstituée","26,1","0,41","0,2",0,0,0,0,0,0,"4,84","0,91","0,28","0,63","0,72",0,0,0,0,0,0,"0,013","0,023",0,292,0,10,90,0,0,0,0,30,"0,07",0,"0,8","0,27",0,0,0
"Soupe aux poireaux et pommes de terre, préemballée à réchauffer","37,1","1,51","0,6","0,53","0,18","0,09","0,01","0,01","4,73","4,46","0,81","1,28","0,79","0,73",16,"0,02","0,17",20,"5,6","0,04",16,94,20,290,"0,13",21,120,0,"0,28","9,13",0,"7,95","0,01","0,03","0,23","0,14","0,23","29,3","0,045"
"Soupe aux pois cassés, préemballée à réchauffer","56,7","1,98","0,67",0,0,0,0,0,0,"6,25","1,02","1,6","2,68","0,7",0,0,0,0,0,0,0,0,0,279,0,0,0,0,0,0,0,0,0,0,0,0,0,0,0
"Soupe chorba frik, à base de viande et de frik","62,9","2,5",0,0,0,0,0,0,11,"5,4","0,9","1,9","3,75","0,84",19,"0,07","0,97",2,17,"0,31",54,157,"1,4",337,"0,84","4,4",172,"0,02","0,6",0,0,"3,2","0,03","0,04","0,96","0,18","0,07",16,"0,11"
"Soupe de poissons et / ou crustacés, déshydratée reconstituée",29,"0,5","0,14",0,0,0,0,0,0,"5,09","1,06","0,21","0,91","0,63",0,0,0,0,0,0,0,"0,01",0,253,0,0,0,0,0,0,0,0,0,0,0,0,0,0,0
"Soupe de poissons et / ou crustacés, préemballée à réchauffer","42,8","1,79","0,58","0,71","0,13","0,035","0,035","0,053",30,"2,88","0,9","0,69","3,45","0,86",130,"0,07","0,61",70,11,"0,05",80,110,20,343,"0,25","59,8",446,"0,2","0,32","0,93",0,"0,5","0,03","0,039","0,63","0,18","0,032",5,"1,35"
"Soupe froide type Gaspacho ou Gazpacho, préemballée","32,8","1,62","0,27","0,01","0,14","0,02","0,01","0,01",0,"3,38","2,32","1,04","0,65","0,75",11,"0,04","0,11",20,"8,9","0,06",25,210,20,293,"0,1",0,291,"0,25","1,31","52,6",0,"1,98","0,01","0,02","0,56","0,093","0,041",5,0
"Soupe marocaine, déshydratée reconstituée","34,3","0,55","0,23",0,0,0,0,0,0,"5,77","1,49","0,72","1,2","0,8",0,0,0,0,0,0,0,"80,5",0,318,0,0,0,0,0,0,0,0,0,0,0,0,0,0,0
"Soupe minestrone, déshydratée reconstituée","31,3","0,34","0,02",0,0,0,0,0,0,"5,53","1,07","0,79","1,14","0,7",0,0,0,0,0,0,0,122,0,281,0,0,0,0,0,0,0,5,0,0,0,0,"0,06",18,0
"Soupe minestrone, préemballée à réchauffer","48,8",2,"0,6",0,0,0,0,0,"1,5","5,6","1,7","1,8","1,2","0,75","33,3","0,11","0,56",1,"12,5","0,11","34,5",106,"2,2",300,"0,19",0,885,0,"0,67","3,2",0,"1,25","0,023","0,034","0,44","0,22","0,071",10,0
"Soupe miso, déshydratée reconstituée","17,1","0,5","0,0098","0,0098","0,0098","0,0098","0,0098","0,0098",0,"2,18","0,69","0,5","1,38","1,1",18,"0,06","0,19",70,"6,9","0,08",19,49,20,438,"0,11",0,0,"0,25","0,26","1,15",0,0,"0,015","0,01","0,1","0,068","0,01","16,5","1,98"
Soupe pour bébé légumes et pomme de terre,"38,5","0,91","0,16","0,34","0,26","0,034","0,0002","0,0002",700,"5,88","1,32","1,4",1,"0,18","30,7","0,035","0,27",20,"6,72","0,047",20,"95,4",1,"70,2","0,17",21,650,"0,5","0,66","5,25",0,"0,5","0,027","0,03","0,28","0,12","0,028",5,"0,043"
"Soupe pour bébé légumes, céréales et lait","59,5","2,5","0,41","1,06","0,66","0,11","0,01","0,01","1,39","7,19","3,23","0,9","1,5","0,21","28,3","0,04","0,28",20,"7,37","0,055",35,"96,5",1,83,"0,2",21,726,"0,5","1,84","3,18",0,"3,09","0,026","0,04","0,65","0,15","0,025","17,6","0,03"
"Spécialité à base de crème légère 8% MG, fluide ou épaisse","76,2","4,3","2,88","0,85","0,06","0,01","0,01","0,01",30,"5,28","4,44",3,"3,25","0,11",105,"0,007","0,04","10,6",10,"0,007",80,140,"1,3",43,"0,34","76,9",0,"0,14","0,23",0,0,"0,9","0,04","0,17","0,08","0,3","0,04",13,"0,25"
"Spécialité chinoise type bouchée à la vapeur, préemballée, cuite",149,"1,4","0,31",0,0,0,0,0,0,28,"3,9","0,21","5,9","1,26",0,0,0,0,0,0,0,0,0,540,0,0,0,0,0,0,0,0,0,0,0,0,0,0,0
"Spécialité de fruits divers, sucrée (mélange pulpes et/ou purées de fruits, mais toujours avec autre ingrédient)","74,28","0,56","0,12",0,0,0,0,0,0,"16,9","15,8","1,53","0,41","0,0084",5,"0,03","0,18",20,"4,9","0,04",12,120,20,"3,33","0,05",0,"19,1",0,"1,67","0,8",0,"10,5","0,23","0,27",3,"0,095","0,33",5,0
Spécialité fromagère fondante au fromage blanc et aux noix,344,"31,6","16,8",0,"3,97","0,87","0,03","0,03","68,8","4,2","2,67",2,"10,7","1,66",260,"0,17","0,45",20,31,"0,02",590,160,50,665,"1,3",186,0,"0,5","0,7","4,32",0,0,"0,056","0,11","0,29","0,18","0,054","17,9","0,3"
Spécialité fromagère non affinée à tartiner environ 30040 % MG aromatisée (ex: ail et fines herbes),366,"35,3","23,9","6,78","0,59","0,12","0,01","0,01","69,3","4,24","1,86",0,"7,66","1,2","93,8","0,1","0,21","15,5","7,7","0,1",130,111,"4,1",479,"1,05",232,0,"0,4","0,66",0,0,1,0,"0,17","0,56",0,"0,05",28,"0,24"
"Spécialité fromagère non affinée environ 20% MG, type fromage en barquette à tartiner ou coque fromagère",227,"21,2","11,4",0,0,0,0,0,"55,9","1,4","1,4",0,"7,65","1,24",104,0,0,20,14,0,111,119,7,496,2,162,0,"0,2","0,5",0,0,0,"0,04","0,22","0,15","0,47","0,08","3,4","0,39"
"Spécialité fromagère non affinée environ 25% MG, type fromage en barquette à tartiner ou coque fromagère",255,"23,9","16,4","4,55","0,32","0,07","0,01","0,01",85,"4,24","2,82",0,"5,36","1,1",772,"0,027","0,61",20,29,"0,014",205,216,"6,7",440,"3,61",207,63,"0,48","0,34","2,2",0,0,"0,014","0,28","0,038","0,26","0,036",6,"1,23"
"Spécialité laitière type encas, riche en protéines, sur lit de fruits, sucrée","98,3","2,29","1,56","0,41","0,04","0,01","0,01","0,01","11,3","11,5","11,3",0,"7,46","0,083",110,"0,02","0,06",20,"9,5","0,04",120,120,20,33,"0,39",23,"26,4","2,43","0,16","0,8",0,"0,5","0,015","0,13","0,1","0,37","0,03","36,7","0,58"
"Spécialité végétale type fromage à tartiner, au soja, préemballée",175,"13,1","1,87","5,14","4,48","0,66","0,01","0,01",0,"1,05",0,"0,5","11,7","1,15",32,"0,28","1,3",20,32,"0,75",120,170,20,459,1,0,"47,4","0,25","1,6","23,2",0,"0,5","0,052","0,047","0,16","0,2","0,056","74,3",0
"Spécialité végétale type fromage en tranche ou râpé, sans soja, préemballée",272,"20,1","17,4","1,42","0,38","0,02","0,01","0,01",0,"21,2","0,25","2,3","0,5","1,88",46,"0,02","0,15",20,"5,2","0,03",16,34,20,751,"0,1",0,"92,7","0,25","0,26","0,8",0,"0,5","0,015","0,01","0,1","0,059","0,01","5,63",0
"Spécialité végétale type fromage, à la noix de cajou, préemballée",441,"35,3","5,78","19,2","8,07","0,31","0,01","0,01",0,"15,2","0,28","2,6","14,5","0,88",51,"1,3","3,9",20,120,"1,1",260,290,20,351,"3,4",0,"15,4","0,25","3,79","18,3",0,"0,5","0,3","0,07","0,52","0,42","0,27","34,3",0
"Spécialité végétale type jambon cuit, préemballée",242,"11,1","0,89","8,77","0,74","0,04","0,01","0,01",0,"4,13","0,93","3,2","29,7","1,62",32,"0,26","1,4",20,24,"0,75",87,100,20,646,"1,8",0,5,"0,25","7,47","0,8",0,"0,5","0,088","0,098","0,9","0,4","0,027","27,7",0
"Spécialité végétale type pâté, préemballée",197,"15,4","4,13","4,65","5,69","0,06","0,01","0,01",0,"9,45","1,49","2,96","3,56","1,27",30,"0,11","1,3",40,23,"0,33",72,170,20,509,"0,96",0,362,"0,25","4,87","8,46",0,"0,5","0,05","0,096","1,31","0,35","0,053","14,7",0
Spéculoos,"477,06","19,7","9,35","6,34","1,9","0,17","0,01","0,01",0,69,"32,6","1,93","5,94","0,86",0,0,0,0,0,0,0,0,0,343,0,0,0,0,0,0,0,0,0,0,0,0,0,0,0
"Spiruline (Spirulina sp.), séchée ou déshydratée",10,"7,72","2,65",0,0,0,0,0,0,"20,3","3,1","3,6","57,5","2,62",120,"6,1","28,5",0,195,"1,9",118,1360,0,1050,2,0,342,0,5,"25,5",0,"10,1","2,38","3,67","12,8","3,48","0,36",94,0
"Sprat, cru",186,"11,9","3,32","1,4","0,46","0,42","0,75","1,39",87,0,0,0,"19,8",0,0,"0,13","0,59",0,20,"0,13",220,230,10,0,"1,02",150,0,0,"2,5",0,0,0,"0,04","0,26",5,0,0,0,0
"Substitut de repas hypocalorique, crème dessert","96,8","2,75","0,98",0,"0,67",0,0,0,10,"11,1","6,57","1,18","6,43","0,21",120,"0,2","2,3","24,1","30,5","0,16",114,250,"7,75","84,5","1,75",151,0,"0,8","1,65",0,0,"6,43","0,17","0,27","2,65","0,51","0,23","32,7","0,22"
"Substitut de repas hypocalorique, poudre reconstituée avec lait écrémé",82,"1,73","0,2",0,"0,4",0,0,0,10,"10,1","9,3","1,18","6,09","0,43",161,"0,17","2,15","17,1",30,"0,2",212,237,"7,7",172,"1,5",93,0,"0,7","1,3",0,0,"4,85","0,15","0,22","2,3","0,6","0,2","26,3","0,33"
"Substitut de repas hypocalorique, poudre reconstituée avec lait écrémé, type milk0shake",87,"2,28","0,28",0,"0,4",0,0,0,10,"10,2",10,"0,63","6,19","0,19",172,"0,41","1,91",17,28,"0,2",138,234,"7,8","77,3","3,13",78,0,"0,7","1,57",0,0,"6,78","0,17","0,2","2,83","0,4","0,33",36,"0,34"
"Substitut de repas hypocalorique, prêt à boire","90,6","2,45","0,55","0,47","0,67","0,037",0,0,"3,4","10,4","7,2","0,5","6,79","0,19",124,"0,1","2,2","16,8","20,3","20,3",112,213,"13,8","76,1",2,103,0,"0,91","3,92",0,0,"20,3","0,42","0,41","2,72","1,74","0,62","68,1","0,4"
Sucre allégé à l'aspartame,"398,04",0,0,0,0,0,0,0,0,"98,7","98,7",0,"0,81","0,0045",0,0,0,"0,2",0,0,0,0,0,"1,8",0,0,0,0,0,0,0,0,0,0,0,0,0,0,0
Sucre blanc,"399,2",0,0,0,0,0,0,0,0,"99,8","99,8",0,0,"0,0054","3,69","0,0055","0,077","0,3","1,65","0,0063",0,"13,5",10,"2,17","0,02",0,0,0,0,0,0,0,0,"0,019",0,0,0,0,0
Sucre roux,"389,68",0,0,0,0,0,0,0,0,"97,3","95,5",0,"0,12","0,1",83,"0,051","1,91","0,3","18,5","0,064",3,227,1,"41,5","0,045",0,0,0,0,0,0,0,0,0,"0,11","0,13","0,041",1,0
Sucre vanillé,"399,37","0,33","0,053","0,01","0,01","0,01","0,01","0,01",0,99,"97,2","0,37","0,1","0,0094",0,0,0,0,0,0,0,2,0,"3,86",0,0,0,0,0,0,0,0,0,0,0,0,0,0,0
"Sureau, baie, crue","52,66","0,5","0,028","0,029","0,15","0,12",0,0,0,"11,4",0,7,"0,64","0,018","42,7","0,062","1,25","2,5","18,5",0,"47,4",301,"0,6",7,"0,16",0,0,0,1,0,0,"32,5","0,07","0,06","1,1","0,14","0,21",9,0
"Surimi, bâtonnets, tranche ou râpé saveur crabe",125,"4,92","0,46","2,36","0,74","0,3","0,098","0,21","10,8","11,8","2,1","0,33","8,31","1,58",19,"0,04","0,4",10,"11,5","0,0089",44,"51,8","9,23",632,"0,19",28,0,"0,5","1,1","0,1",0,0,"0,02","0,021","0,22","0,07","0,03",2,"0,71"
"Surimi, fourré au fromage",149,"9,3","3,84","3,2","0,83","0,36","0,01","0,02","28,3","9,24","2,8",1,"6,6","1,72",19,"0,02","0,08",20,"9,5","0,01",36,49,20,688,"0,2","47,4",0,"0,25","0,98","4,15",0,"0,5","0,015","0,031","0,1","0,091","0,018","10,5","0,47"
Sushi ou Maki aux produits de la mer,171,"3,7","0,6","1,36","0,73","0,16","0,08","0,09","13,1","26,9","4,93","0,9","6,69","0,55",16,"0,08","0,25",20,14,"0,21",81,130,20,218,"0,44",21,"66,4","1,14","0,33","2,78",0,"1,11","0,031","0,018","1,28","0,34","0,15","9,19","1,36"
"Taboulé ou Salade de couscous au poulet, préemballé","175,05","7,45","0,86","3,78","1,33","0,42","0,01","0,01","8,24","20,6","2,48","2,02","6,4","1,05",18,"0,1","0,8",20,24,"0,32",100,190,20,424,"0,65",21,135,"0,25","1,48","3,22",0,"0,5","0,14","0,045","1,16","0,4","0,096","96,5","0,1"
"Taboulé ou Salade de couscous, préemballé",179,"6,7","0,67","3,95","1,1","0,34","0,01","0,01","0,1","23,7","4,9","2,5","4,88",1,24,"0,16","0,88",20,25,"0,4",80,210,20,399,"0,65",0,149,0,"1,26","10,6",0,"6,27","0,087","0,024","0,5","0,26","0,052","14,5",0
"Tacaud, cru","81,6","0,33","0,098","0,022","0,00082","0,00068","0,029","0,072","46,4",0,0,0,"19,7","0,2","26,7","0,1","0,21",214,"26,5","0,1",148,306,"35,4","81,5","0,34",2,0,"0,32","0,34",0,0,0,"0,062","0,082","1,49","0,17","0,13",0,"1,47"
Tahin ou Purée de sésame,623,"53,4","7,48",0,0,0,0,0,0,"13,8","0,49",7,"17,7","0,19",284,"1,61","6,69",0,95,"1,46",761,437,0,75,"4,62",0,40,0,"0,25",0,0,"4,2","1,41","0,3","5,55","0,69","0,15",98,0
Tajine de mouton,132,"6,83","2,73",0,0,0,0,0,"57,8","4,5","2,4",1,"12,8","0,99","5,1","0,1","1,6",2,"14,7","0,1",102,211,1,394,3,4,700,"0,5","0,71",0,0,"0,5","0,07","0,16","2,95","0,23","0,19",24,"1,65"
"Tajine de poulet, préemballé",127,"3,7","0,4","2,14","0,85","0,15","0,01","0,01","27,7","14,4","6,8",3,"7,54","1,17",18,"0,06","0,45",20,17,"0,13",82,220,20,466,"0,46",21,152,"0,25","1,27","7,32",0,"0,5","0,14","0,037","2,3","0,39","0,096","30,2","0,075"
"Tamarin, fruit mûr, pulpe, cru","245,6","0,6","0,24","0,16","0,052",0,0,0,0,"57,4","38,8","5,1","2,65","0,07",74,"0,086","2,8",0,92,0,113,628,0,28,"0,1",0,18,0,"0,1","2,8",0,"3,5","0,43","0,15","1,94","0,14","0,066",14,0
Tapenade,"222,6",23,"2,7","17,3","1,87","0,16",0,0,"3,2","2,6","0,2","3,7","1,3","3,2",63,"0,15","4,3","4,5",20,"0,05",23,258,"2,2",1280,"0,4",0,162,0,"4,49",0,0,"1,05",0,"0,09","1,1","0,02","0,02",0,0
"Tapioca ou Perles du Japon, cru",354,"0,02","0,005","0,0036","0,0012","0,00027",0,0,0,"87,8","3,35","0,9","0,19","0,0025",20,"0,02","1,58","2,7",1,"0,11",7,11,"0,3",1,"0,12",0,0,0,0,0,0,0,"0,004",0,0,"0,14","0,008",4,0
"Tarama, préemballé",534,"54,8","4,61","31,9","9,98","4,32","0,41","0,32","65,2","3,19","0,75","0,74","6,75","1,69","8,5","0,1","0,4",10,"6,6","0,1",79,"80,9",5,676,"0,7",5,53,"0,96",9,0,0,"0,5","0,1","0,095","0,57","0,64","0,084",16,"2,7"
"Taro, tubercule, cru",107,"0,2","0,041",0,0,0,0,0,0,"22,8","0,4","4,1","1,5","0,028",43,"0,17","0,55",0,33,"0,38",84,591,0,11,"0,23",0,35,0,"2,38",1,0,"4,5","0,095","0,025","0,6","0,3","0,28",22,0
"Taro, tubercule, cuit",131,"0,11","0,023",0,0,0,0,0,0,"29,5","0,49","5,1","0,52","0,038",18,"0,2","0,72",0,30,"0,45",76,484,0,15,"0,27",0,39,0,"2,93","1,2",0,5,"0,11","0,028","0,51","0,34","0,33",19,0
"Tarte à l'oignon, préemballée",280,"17,2","7,5",0,0,0,0,0,0,"23,5","5,63","1,9",7,"0,87",0,0,0,0,0,0,0,0,0,367,0,0,0,0,0,0,0,0,0,0,0,0,0,0,0
"Tarte à la provençale, préemballée",241,"14,3","4,15","4,32","1,43","0,15",0,0,"45,4",20,"2,9","5,3","5,5","0,8","62,5","0,1","0,63","8,7","14,5","0,2","80,8",140,"4,92",293,"0,5","37,5",0,"0,95","1,54",0,0,"4,25","0,05","0,1",0,0,"0,1","14,7","0,22"
"Tarte à la tomate, préemballée",218,"12,8","7,67","3,39","0,48","0,1","0,01","0,01","32,6","19,3","4,2","2,9","5,17","0,8",21,"0,05","0,77",20,16,"0,33",64,280,20,318,"0,28","81,5",551,0,"0,62","3,61",0,"5,2","0,05","0,025","0,44","0,28","0,091","40,9","0,071"
"Tarte au chocolat, fabrication artisanale","463,66","30,7","18,9","6,87","1,24","0,12","0,01","0,01","82,9","40,9","22,7","2,9","5,94","0,19",53,"0,32","4,7",20,47,"0,52",120,230,20,"74,4","0,79",183,"67,9","0,25","1,46","4,02",0,0,"0,064","0,59","0,13","0,35","0,09",80,"0,32"
Tarte au citron,"378,9","20,9","10,7","3,61","0,88","0,083",0,"0,021",121,"42,7","30,1","1,8",5,"0,13","25,2",1,"1,2",10,"9,7",1,67,"95,8","5,8","51,6",1,62,50,"0,2","1,1",0,0,"13,4","0,05","0,12","0,05","0,36","0,05","39,9","0,35"
"Tarte au fromage, préemballée",289,18,"9,93","5,55","1,35","0,066",0,"0,018","59,1","20,7","1,63","1,57","10,3","1,07",180,0,"0,54",0,16,0,151,110,0,427,0,"66,2",0,"1,06","1,34",0,0,"0,21","0,05","0,16",0,0,"0,07","13,7","0,46"
"Tarte au maroilles ou Flamiche au maroilles, préemballée",315,"18,3","12,8",0,0,0,0,0,0,"22,1","2,8","2,5","14,1","1,66",0,0,0,0,0,0,0,0,0,0,0,0,0,0,0,0,0,0,0,0,0,0,0,0,0
"Tarte au saumon, préemballée",215,"10,5","6,3",3,"0,88","0,15","0,013","0,039","20,9",21,"1,63","1,4","8,53","0,84","59,2","0,1","0,63","12,4","17,7","0,2",111,162,"10,3",333,"0,42","49,9",0,"2,59","1,47",0,0,"1,83","0,07","0,14",0,0,"0,17","20,1","0,73"
Tarte aux abricots,"273,02","10,7","6,43","2,67","0,41","0,02",0,0,"39,8",41,"17,4","5,9","3,18","0,22",25,0,6,0,0,0,0,0,0,"89,3",0,0,0,0,0,0,0,0,0,0,0,0,0,0,0
Tarte aux fraises,"314,96","19,8","9,04","4,65",0,"0,13","0,0043",0,29,31,0,"1,5","3,19","0,14","53,6",1,"0,51",10,18,1,70,146,"22,1","57,3",1,34,50,"0,2","0,94",0,0,"5,1","0,05","0,11","0,05","0,31","0,05","28,9","0,39"
Tarte aux fruits et crème pâtissière,"201,06","7,7","4,8","1,75","0,37","0,06","0,01","0,01",34,30,"18,7","1,3","2,94","0,26",42,"0,06","0,43",0,11,"0,25",56,150,20,104,"0,25","54,7",129,"0,25","1,08","5,9",0,"5,42","0,053","0,33","0,1","0,24","0,015","20,6","0,091"
Tarte aux fruits rouges,"229,83","6,87","3,85","1,67","0,45","0,094",0,0,"14,8","38,5","20,9","4,5","3,5","0,21",0,0,0,0,0,0,0,0,0,"82,5",0,0,66,0,0,0,0,0,0,0,0,0,0,0,0
"Tarte aux légumes, préemballée",216,"11,7",6,0,0,"0,15",0,0,0,"21,8","3,2","1,7",5,"0,98",104,"0,058",0,0,"13,9","0,13",0,242,"2,95",392,"0,62",0,0,0,0,0,0,0,0,0,0,0,0,0,0
"Tarte aux noix de Saint0Jacques, préemballée",266,"14,5","5,9",0,0,0,0,0,0,"24,2","2,5",3,"8,25","1,12",0,0,0,0,0,0,0,0,0,449,0,0,0,0,0,0,0,0,0,0,0,0,0,0,0
Tarte aux poires amandine,"304,5","14,9","7,2","4,88","1,3","0,06","0,01","0,01","64,8","37,7","21,2","2,3","4,9","0,14",37,"0,11","0,57",20,27,"0,27",84,140,20,"54,1","0,44",103,"65,6","0,25","2,07","1,07",0,"0,82","0,046","0,09","0,1","0,24","0,032",109,"0,13"
"Tarte épinard chèvre, préemballée",244,"13,6","7,34","3,81","1,05","0,15","0,01","0,01","46,4","22,2",3,"2,05","7,08",1,79,"0,05","0,77",20,19,"0,32",98,180,20,393,"0,56",69,893,"0,25","0,54","7,14",0,"0,5","0,07","0,12","0,2","0,22","0,054","62,5","0,2"
"Tarte normande aux pommes (garniture farine, oeufs, crème, sucre, calvados)",313,15,"8,37",4,"0,9","0,08","0,01","0,03","71,4","38,7","25,8","2,5","4,44","0,23",39,"0,08","0,57",20,16,"0,22",75,180,20,93,"0,39","97,9","68,9","0,25","1,6","1,83",0,"7,05","0,028","0,063","0,1","0,35","0,022","22,4","0,16"
Tarte ou quiche salée (aliment moyen),267,"15,6","7,83","4,47","1,24","0,12","0,0043","0,011","66,8","22,7","3,14","1,76","8,11","1,21","90,6","0,049","0,64","21,7","17,4","0,16",123,187,"6,01",479,"0,7","53,7",0,"0,98","1,35",0,0,"1,38","0,11","0,13","0,63",0,"0,11",27,"0,31"
Tarte ou tartelette aux fruits,"297,88","10,6","4,74",0,0,0,0,0,60,"46,9","24,6","2,64","3,72","0,38","26,2","0,051","0,45",5,14,"0,17","37,2",157,10,152,"0,16",140,90,"0,31","0,45",0,0,"0,52","0,03","0,02","0,52",0,"0,09",0,0
Tarte ou tartelette aux pommes,"219,99","8,79","4,66",0,"0,55","0,05","0,012","0,012",19,"32,7","20,7","3,3","2,52","0,31","4,5","0,1","0,55",3,11,"0,2",36,149,"2,2",122,"0,2",27,36,"0,5","0,7",0,0,5,"0,04","0,04","0,39","0,12","0,14",16,"0,08"
"Tarte ou Tourte aux poireaux, préemballée",243,"14,3","7,72","4,28","1,29","0,13","0,01","0,01","51,1","21,6","2,34","2,48","5,76","0,96",95,"0,06","0,6",20,14,"0,24",110,130,20,381,"0,66","58,2",216,"0,25","1,28","14,6",0,"0,5","0,074","0,11","0,11","0,36","0,06","87,1","0,45"
Tarte Tatin aux pommes,"241,34","9,3","5,98","1,78","0,55","0,07","0,01","0,01","39,6","37,1","24,9","0,7","2,31","0,19","9,4","0,05","0,33",20,"6,7","0,13",41,100,20,76,"0,19",21,"54,6","0,25","0,08","1,2",0,"0,5","0,03","0,01","0,1","0,18","0,023",10,"0,051"
"Tartiflette, préemballée",161,"8,9","4,47","2,35","0,96","0,07","0,01","0,01","18,2","13,5","1,25","0,8",6,"0,75",74,"0,05","0,26",20,14,"0,06",95,270,20,300,"0,57","35,7","16,5","0,25","0,56","0,82",0,"0,5","0,05","0,061","1,01","0,23","0,13","33,4","0,2"
"Tartine craquante, extrudée et grillée",379,"3,57","0,96","0,77","0,53","0,13","0,0057",0,0,"73,7","6,36","4,37","9,97","1,43","42,3",0,1,10,"29,8",1,131,254,5,576,1,0,50,0,"0,35",0,0,0,"0,77","0,8","9,82","0,71","0,8",87,0
"Tartine craquante, extrudée et grillée, fourrée au chocolat","432,6",16,"4,88",0,0,0,0,0,0,"64,3","30,2","4,65","7,85","0,34",173,0,"3,7",10,"56,2",1,190,411,5,134,"1,2",0,50,0,"3,8",0,0,0,"0,32","0,14","3,15","0,54","0,05",35,0
"Tartine craquante, extrudée et grillée, fourrée aux fruits","376,4","6,44","1,72",0,0,0,0,0,0,"74,7","28,8","3,92","4,91","0,43",145,0,1,10,"24,5",1,129,160,5,169,1,0,50,0,"4,7",0,0,1,"0,35","0,07","3,6","0,5","0,05",30,0
Tempeh,157,"4,7","0,57","1,04","2,51","0,24","0,01","0,01",0,"7,89","0,24","6,2","16,1","0,098",88,"0,46","1,7",20,60,"1,3",190,310,20,39,"1,3",0,5,"0,25","1,17","20,3",0,"0,5","0,03","0,18","1,46","0,57","0,091","38,5","0,019"
Terrine de canard,320,"27,1","9,91",11,"2,81","0,25","0,01","0,03",161,"4,44","1,3","1,75","13,2","1,39",23,"0,62","5,2",20,16,"0,16",170,210,40,554,"2,6",4350,0,"0,75","0,89","1,43",0,"12,9","0,17","0,41","7,97","2,49","0,14",343,"13,6"
"Terrine de fruits de mer, avec ou sans poisson, préemballée",188,14,"3,4",0,0,0,"0,49","0,3","37,3","6,5","1,2","1,3","8,4","1,48",183,"0,05","2,3",310,"22,7","0,05",66,157,13,590,"1,2",15,0,"1,2",4,0,0,0,"0,045","0,11","1,6","0,32","0,12",23,"1,05"
Terrine de lapin,281,"21,2","7,9",0,0,0,0,0,0,"5,67","0,95",1,"16,5","1,84",0,0,0,0,0,0,0,0,0,738,0,0,0,0,0,0,0,0,0,0,0,0,0,0,0
"Terrine de poisson, préemballée",171,"11,4",4,"4,07","1,46","0,64","0,44","0,27","37,3","5,5","0,2","1,4",11,"1,25","30,5","0,1","0,4",25,19,"0,1",66,210,13,500,"0,4",15,0,"1,2",4,0,0,"0,5","0,045","0,11","1,6","0,32","0,12",23,"1,05"
Terrine ou mousse de légumes,"124,64","9,56","3,43",0,0,0,0,0,"1,75","5,6","1,77","2,55","4,05","1,31","50,5",0,"0,78",6,24,0,132,232,0,524,"0,7",20,0,"0,2","2,11",0,0,"2,16","2,82","1,34","3,98",0,"0,36",110,0
"Tétragone cornue, cuite","10,73","0,17","0,027",0,0,0,0,0,0,1,"0,25","1,4","1,3","0,27",48,"0,077","0,66",0,32,"0,53",22,102,0,107,"0,31",0,0,0,"1,23",292,0,16,"0,03","0,11","0,39","0,26","0,24",8,0
"Thé infusé, non sucré","0,063","0,007","0,002",0,0,0,0,0,0,0,0,0,0,"0,0041","0,2","0,018","0,015","0,22",2,"0,19",1,"25,5","0,05","1,65","0,025",0,0,0,0,0,0,0,0,"0,015","0,1","0,011",0,"4,95",0
"Thé noir, infusé, non sucré","1,26","0,007","0,002",0,0,0,0,0,0,"0,3",0,0,0,"0,0075",0,"0,01","0,02",0,3,"0,22",1,37,0,3,"0,02",0,0,0,0,0,0,0,0,"0,014",0,"0,011",0,5,0
"Thé oolong, infusé, non sucré",0,0,0,0,0,0,0,0,0,0,0,0,0,0,0,0,0,0,0,0,0,0,0,0,0,0,0,0,0,0,0,0,0,0,0,0,0,0,0
"Thé vert, infusé, non sucré","5,1",0,0,0,0,0,0,0,0,"1,09",0,0,0,"0,011","3,78","0,03","0,06",20,"3,49","1,49","3,68","53,8",20,"4,25","0,05",0,5,0,0,"0,8",0,"0,5","0,015","0,01","0,21","0,13","0,01","6,99",0
"Thé, feuille",232,2,0,0,0,0,0,0,0,"6,3",0,"55,8","19,4","0,11",430,"2,5",18,16,250,71,630,2160,0,45,"2,9",0,0,0,"2,1",0,0,0,"0,14","0,95","7,5","1,3","0,3",0,0
"Thon à l'huile de tournesol, entier, appertisé, égoutté",206,"12,2","1,34","3,55","6,44","0,01","0,02","0,09","41,4","0,76",0,0,"23,3","0,93",12,"0,06","0,77",20,32,"0,01",180,220,90,373,"0,65",21,0,"0,81","7,65","0,8",0,0,"0,015","0,028","10,9","0,16","0,14","9,99","3,05"
"Thon à l'huile de tournesol, miettes, appertisées, égouttées",227,"14,8","1,62","4,36","7,76","0,01","0,02","0,12",38,0,"0,25",0,"23,4","0,85",11,"0,06",1,20,27,"0,01",160,210,100,339,"0,71",21,0,"1,21","8,68","0,8",0,0,"0,015","0,027","12,2","0,19","0,11","6,71","4,46"
"Thon à la tomate, miettes, appertisées, égouttées",130,"5,93","0,83",0,"2,39","0,01",0,0,0,"4,33","3,33","0,58","14,6","1,22",0,0,0,0,0,0,0,0,0,489,0,0,0,0,0,0,0,0,0,0,0,0,0,0,0
"Thon albacore ou thon jaune, au naturel, appertisé, égoutté",128,"1,98","0,71","0,26","0,02","0,0065","0,1","0,56","60,7","0,58","0,094","1,5","26,6","0,71","1,5","0,1","1,3",1,"26,1","0,1",166,245,68,283,"0,4",22,0,"6,1","1,08","2,3",0,0,"0,04","0,045","10,6","0,16","0,4",0,"2,05"
"Thon albacore ou thon jaune, cru",108,"0,94","0,17","0,08","0,006","0,002","0,012","0,088",43,0,0,0,25,"0,11","7,77","0,089","0,98","23,7","40,8","0,021",257,410,"79,6",40,"0,23",195,0,"2,3","0,72","0,1",0,"2,6","0,14","0,098","13,5","0,47","0,97","8,5","3,44"
"Thon germon ou thon blanc, à l'huile d'olive, appertisé, égoutté",192,"6,95","1,41","3,79","0,35","0,035","0,14","0,68","40,1","1,01",0,0,"31,3","0,67",1,"0,1","0,5",6,"35,9","0,1",196,331,11,270,"0,4",4,0,"0,86","1,75",0,0,0,"0,04","0,051","15,6","0,16","0,63",5,"2,45"
"Thon germon ou thon blanc, cru",121,"1,37","0,26","0,11","0,0046","0,0035","0,04","0,16","35,2",0,0,0,"27,2","0,29","3,5","0,1","0,95",14,"37,6","0,1",242,355,188,"77,7","0,38","3,02",0,"2,23","0,44",0,0,0,"0,062","0,047","19,4","0,14","0,95","15,3","2,78"
"Thon germon ou thon blanc, cuit à la vapeur sous pression",165,"5,06","1,35",0,0,0,"0,037","0,16",0,0,0,0,30,"0,1","1,33","0,22","1,01",40,"34,3","0,02",307,390,0,"41,1","0,54",4,0,0,0,0,0,0,0,0,0,0,0,0,0
"Thon listao ou Bonite à ventre rayé, cru","97,1","1,01","0,33",0,0,0,"0,071","0,19",47,0,0,0,22,"0,093",29,"0,086","1,25",0,34,"0,015",222,407,0,37,"0,82",16,0,0,0,0,0,1,"0,033","0,1","15,4","0,42","0,85",9,"1,9"
"Thon rouge, cru",155,"6,81","1,26",0,0,0,"0,28","0,89",38,0,0,0,"23,3","0,098",8,"0,086","1,02",0,50,"0,015",254,252,"73,4",39,"0,6",655,0,"5,7",1,0,0,0,"0,24","0,25","8,65","1,05","0,46",2,"9,43"
"Thon, à la catalane ou à l'escabèche (sauce tomate), appertisé",142,"8,6","0,67","4,48","1,68","0,72",0,"0,05",0,"5,05","2,93","1,5","10,8",1,0,0,0,0,0,0,0,0,0,402,0,0,0,0,0,0,0,0,0,0,0,0,0,0,0
"Thon, au naturel, appertisé, égoutté",111,"0,4","0,086","0,078","0,0042","0,0017","0,02","0,088",50,0,0,0,"26,8","0,74","6,26","0,031","0,76",16,24,"0,0037",155,207,305,251,"0,45","6,5",0,"5,08","1,2",0,0,0,"0,03","0,053","13,6","0,094","0,44","16,3","2,53"
"Thon, cru",144,"5,38","1,19","1,16",0,"0,004","0,34","1,08",34,0,0,0,24,"0,12","17,7","0,13","1,77","26,9","34,9","0,023",229,429,"97,1",49,"0,55",265,0,"7,8","1,2",0,0,"1,37","0,13","0,12",11,"0,66","0,54","13,6","3,79"
"Thon, rôti/cuit au four",136,"1,83","0,9","0,23","0,037","0,006","0,099","0,36","43,5",0,0,0,"29,9","0,14","18,7","0,047","1,8",150,46,"0,0076",273,445,"81,2",56,"0,44",8,0,"1,83","0,32",0,0,0,"0,052","0,062","16,4","0,13","0,47","40,6","2,57"
"Thym, frais",107,"1,68","0,47",0,0,0,0,0,0,"10,5",0,14,"5,56","0,023",405,"0,56","17,5",0,160,"1,72",106,609,0,9,"1,81",0,2850,0,"1,7",0,0,160,"0,048","0,47","1,82","0,41","0,35",45,0
"Thym, séché",285,"7,43","2,73",0,0,0,0,0,0,"26,9","1,71",37,"9,11","0,14",1890,"0,86",124,0,220,"7,87",201,814,0,55,"6,18",0,2260,0,"7,48",1710,0,50,"0,51","0,4","4,94",0,"0,55",274,0
"Ti nain, pulpe, cuit à la vapeur, prélevé à la Martinique","4,97","0,05",0,0,0,0,0,0,0,0,0,0,"1,13",0,0,0,0,0,0,0,0,0,0,0,0,0,0,0,0,0,0,"9,23",0,0,0,0,0,0,0
"Tielle sétoise, préemballée",306,16,"2,8",0,0,0,0,0,0,"30,9","5,05","2,95","8,15","1,55",0,0,0,0,0,0,0,0,0,610,0,0,0,0,0,0,0,0,0,0,0,0,0,0,0
"Tilapia, cru","91,6","2,13","0,56","0,44","0,21","0,028","0,011","0,071","39,5",0,0,0,"18,1","0,071","8,16","0,1","0,27","6,38","25,4","0,1",131,282,"17,8","28,3","0,32",2,0,"19,6","0,4","1,3",0,0,"0,04","0,051","3,28","0,68","0,23",24,"1,07"
"Tiramisu, préemballé",241,"9,8","6,41","2,2","0,39","0,02","0,01","0,01","44,8","30,4","19,5","1,2","4,25","0,19",94,"0,06","0,68",20,18,"0,1",110,230,20,77,"0,46","37,6","10,8","0,25","0,86",0,0,"0,5","0,022","0,095","0,24","0,7","0,32","5,52","0,078"
"Tisane infusée, non sucrée","0,87","0,008","0,002",0,0,0,0,0,0,"0,2",0,0,0,"0,0025",2,"0,015","0,08",1,1,"0,044",0,9,0,1,"0,04",0,0,0,0,0,0,0,"0,01","0,004",0,"0,011",0,1,0
"Toasts ou Canapés salés, garnitures diverses, préemballés",233,"13,3","5,94","5,31","1,26","0,17",0,0,"57,2","17,8","5,75","2,8","9,09","1,11",153,"0,096","1,79","7,17","23,4","0,18",181,152,"3,77",445,"1,38",446,"41,4","0,32","0,42",0,0,"1,57","0,27","0,27","3,43","0,6","0,16","26,1","0,72"
"Tofu fumé, préemballé",164,"9,5","1,53","1,83","4,86","0,68","0,01","0,03",0,"2,91","0,85","0,5","14,9","0,74",62,"0,25",2,0,140,"1,1",190,190,20,295,"1,4",0,5,"0,25","0,61",13,0,"0,5","0,026","0,01","0,11","0,21","0,044","16,4","0,019"
"Tofu nature, préemballé",148,"8,5","1,35","1,79","4,26","0,55","0,01","0,01",0,"2,87","0,57","0,5","13,4","0,025",100,"0,24","2,4",20,100,"0,93",210,140,20,10,"1,3",0,5,"0,25","0,71","12,7",0,"0,5","0,024","0,01","0,13","0,14","0,028","25,1",0
"Tofu soyeux, préemballé","54,3","2,9","0,47","0,61","1,44","0,18","0,01","0,01",0,"1,53","1,13","0,6","4,57","0,013",21,"0,19","0,64",20,64,"0,27",58,210,20,5,"0,47",0,5,"0,25","0,41","5,48",0,"0,5","0,036","0,01","0,1","0,21","0,048","24,2",0
"Tomate à la provençale, fait maison","71,68","4,32","0,94",0,0,0,0,0,4,"6,55","2,71",2,"1,65","0,47",23,"0,068","0,67","2,37","13,1","0,18",33,247,"0,93",188,"0,22",11,1480,"0,01","1,64",0,0,"21,5","0,063","0,038","0,61","0,32","0,11","22,2",0
"Tomate cerise, crue","33,7","0,5","0,01","0,01","0,01","0,01","0,01","0,01",0,"5,62","4,8","1,2","1,31","0,013","6,6","0,05","0,37",20,11,"0,16",31,330,20,5,"0,18",0,1360,0,"0,4","2,83",0,"21,8","0,048","0,018","0,92","0,079","0,096","17,6",0
"Tomate côtelée ou coeur de boeuf, crue","19,8","0,5","0,01","0,01","0,01","0,01","0,01","0,01",0,"3,23","2,8","0,9","0,5","0,013","7,2","0,03","0,14",20,"6,9","0,12",19,210,20,5,"0,09",0,825,0,"0,36","0,82",0,"11,7","0,035","0,01","0,44","0,06","0,057","65,4",0
Tomate farcie,122,"9,67","3,24",0,0,"0,086",0,0,42,2,"0,88","2,31","5,49","0,7","18,4","0,066","0,87",4,"12,8","0,12",62,199,"2,2",280,"0,75",10,0,"0,1","1,1",0,0,7,"0,06","0,06","0,9",0,"0,07",0,0
"Tomate grappe, crue","20,1","0,5","0,01","0,01","0,01","0,01","0,01","0,01",0,"3,03","2,6","1,5","0,5","0,013","6,6","0,02","0,18",20,"6,5","0,12",20,200,20,5,"0,08",0,966,0,"0,45","0,97",0,"18,2","0,036","0,01","0,47","0,06","0,07",15,0
"Tomate ronde, crue","20,3","0,5","0,01","0,01","0,01","0,01","0,01","0,01",0,"3,59","2,8",1,"0,5","0,013","6,8","0,02","0,17",20,7,"0,1",20,210,20,5,"0,08",0,807,0,"0,38","1,13",0,"16,3",0,"0,01","0,45","0,061","0,07","13,5",0
"Tomate verte, crue","22,6","0,2","0,028",0,0,0,0,0,0,4,4,"1,1","1,2","0,033",13,"0,09","0,51",0,10,"0,1",28,204,0,13,"0,07",0,346,0,"0,38","10,1",0,"23,4","0,06","0,04","0,5","0,5","0,081",9,0
"Tomate, concentré, appertisé","99,2","0,53","0,093","0,053","0,18","0,018",0,0,0,"17,1","13,3","4,2","4,4","0,27","45,6","0,1","1,2","4,4","63,3","0,1",103,1010,"0,4",108,"0,1",0,784,0,"5,7","11,4",0,"2,6","0,08","0,1","2,2","0,2","0,09",58,0
"Tomate, coulis, appertisé (purée de tomates mi0réduite à 11%)","44,12","0,2","0,08","0,01","0,01","0,01",0,"0,01",0,"8,53","5,5","2,6","2,05","0,88",0,0,0,0,0,0,0,0,0,350,0,0,0,0,0,0,0,0,0,0,0,0,0,0,0
"Tomate, crue","19,3","0,26","0,056","0,035","0,093","0,0086",0,0,0,"2,49","2,48","1,2","0,86","0,0081","8,14","0,029","0,12","0,2","10,1","0,066","26,6",256,10,"3,22","0,087",0,449,0,"0,66","7,9",0,"15,5","0,039","0,019","0,65","0,21","0,082","22,7",0
"Tomate, double concentré, appertisé","92,8","0,29",0,0,0,0,0,0,0,17,"16,5","3,62","3,73","0,93",0,0,0,0,0,0,0,0,0,329,0,0,0,0,0,0,0,0,0,0,0,0,0,0,0
"Tomate, entière, crue, prélevée à la Martinique","4,78","0,06",0,0,0,0,0,0,0,0,0,0,"1,06",0,0,0,0,0,0,0,0,0,0,0,0,0,0,0,0,0,0,"15,2",0,0,0,0,0,0,0
"Tomate, pelée, appertisée, égouttée","18,3","0,28","0,045","0,034","0,11","0,012",0,0,0,"1,89","1,88","1,27","1,07","0,28","21,1","0,06","0,77","0,2","9,2","0,073",18,190,"2,2",112,"0,11",0,245,0,"0,67","2,6",0,12,"0,31","0,055","0,64","0,17","0,11",16,0
"Tomate, pulpe et peau, bouillie/cuite à l'eau","15,99","0,11","0,015",0,0,0,0,0,0,"2,8","2,49","0,7","0,95","0,028",11,"0,075","0,68","1,5",9,"0,11",28,218,"0,18",11,"0,14",0,293,0,"0,56","2,8",0,"22,8","0,036","0,022","0,53","0,13","0,079",13,0
"Tomate, pulpe et peau, rôtie/cuite au four","31,1","0,6","0,14","0,11","0,21","0,03","0,01","0,02",0,"4,13","3,7","2,2","0,88","0,013",10,"0,05","0,25",20,13,"0,23",30,300,20,5,"0,15",0,359,"0,25","0,98","1,61",0,"14,5","0,015","0,01","0,45","0,14","0,1",30,0
"Tomate, pulpe, appertisée","26,1","0,5","0,01","0,01","0,01","0,01","0,01","0,01",0,"3,63","3,2","1,8","1,2","0,068",20,"0,08","0,39",20,11,"0,08",20,260,20,"27,1","0,09",0,1980,"0,25","1,3","0,8",0,"10,5","0,036","0,023","0,65","0,054","0,083","30,2",0
"Tomate, purée, appertisée","47,1","0,4","0,085","0,053","0,2","0,023",0,"0,01",0,"7,54","3,64","2,38","1,4","0,51","19,9","0,15","0,6","2,2",30,"0,16","41,9",798,"0,4",239,"0,2",0,0,0,"2,3",0,0,9,"0,1","0,05","1,3","0,25","0,18",72,0
"Tomate, rôtie/cuite au four","25,3","0,4","0,11","0,08","0,15","0,02","0,01","0,01",0,"3,53","3,1","1,9",1,"0,013",12,"0,03","0,22",20,"9,2","0,18",29,310,20,5,"0,11",0,567,0,"1,09","1,12",0,"14,9","0,015","0,01","0,57","0,089","0,066","20,1",0
"Tomate, séchée","256,91","2,99","0,46","0,53","1,2","0,012",0,0,0,"43,3","37,6","12,3","14,2","0,62",110,"1,42","9,09",0,194,"1,85",356,3430,"5,5",247,"1,99",0,524,0,"0,01",43,0,"39,2","0,53","0,49","9,05","2,09","0,33",68,0
"Tomate, séchée, à l'huile",187,"11,7","1,32",0,"3,53","0,01","0,0078","0,0078",0,"13,4","6,5","5,63","4,27","2,21",47,"0,47","2,68",0,81,"0,47",139,1570,0,1020,"0,78",0,0,0,0,0,0,102,"0,19","0,38","3,63","0,48","0,32",23,0
Tome des Bauges,381,"30,8",19,0,0,0,0,0,0,0,0,0,"26,6","1,15",0,0,0,0,0,0,0,0,0,459,0,0,0,0,0,0,0,0,0,0,0,0,0,0,0
Tomme ou tome de montagne ou de Savoie,364,"29,1","19,8","5,56","0,41","0,15","0,01","0,01","88,6",0,"0,2",0,"25,6","1,23",600,"0,31","0,07",20,20,"0,02",510,140,20,493,"2,9",265,161,"0,25","0,85","1,48",0,"0,5","0,015","0,26","3,23","0,32","0,049","47,6","2,03"
Tomme ou tome de vache,350,"29,4","19,4","5,7","0,47","0,16","0,01","0,01",0,0,0,0,"21,6","1,28",953,"0,11",0,20,"33,8","0,022",478,130,"3,73",510,"4,36",0,0,0,0,0,0,0,0,0,0,0,0,0,0
"Tomme ou tome, allégée en matière grasse, environ 13% MG",231,"12,1","8,44",0,0,0,0,0,"44,9",0,0,0,31,"1,84",852,0,0,0,0,0,0,0,0,737,0,0,0,0,0,0,0,0,0,0,0,0,0,0,0
"Tonic ou bitter, non sucré, avec édulcorants","1,8",0,0,0,0,0,0,0,0,"0,4","0,4","0,1","0,05","0,13",0,0,0,0,0,0,0,0,0,50,0,0,0,0,0,0,0,0,0,0,0,0,0,0,0
"Tonic ou bitter, sucré","33,986","0,066",0,0,0,0,0,0,0,"8,28","7,38","0,05","0,068","0,014","7,48","0,0029","0,03",1,"2,45","0,0011",0,1,"2,2","6,83","0,017",0,0,0,0,0,0,0,0,0,0,0,0,0,0
"Tonic ou bitter, sucré, avec édulcorants","25,8",0,0,0,0,0,0,0,0,"6,45","6,45","0,1",0,0,0,0,0,0,0,0,0,0,0,0,0,0,0,0,0,0,0,0,0,0,0,0,0,0,0
"Topinambour, cru","60,7","0,31","0,11","0,0062","0,099","0,026",0,0,0,"11,5","9,6","2,1","1,94","0,0088",21,"0,13",2,"0,1","16,5","0,06","75,2",495,"0,03","3,5","0,11",0,12,0,"0,17","0,1",0,5,"0,14","0,058","1,3","0,39","0,084","24,5",0
"Topinambour, cuit","81,9","0,7",0,0,0,0,0,0,0,16,"9,6","2,2","1,8","0,09","32,9","0,1","0,2",10,"14,1","0,1",64,452,0,"35,9","0,34",0,50,0,"0,19","0,1",0,"3,2","0,05","0,03","0,05","0,38","0,04","44,3",0
"Topinambour, pulpe, cuit à la vapeur, prélevé à la Martinique","6,54","0,18",0,0,0,0,0,0,0,0,0,0,"1,23",0,0,0,0,0,0,0,0,0,0,0,0,0,0,0,0,0,0,"9,57",0,0,0,0,0,0,0
"Tortilla espagnole aux oignons (omelette aux pommes de terre et oignons), préemballée",165,"9,9","1,55","3,63","3,93","0,03","0,01","0,02","99,2","11,7","1,22","2,7","5,56","1,06",26,"0,12","0,64",20,24,"0,12",90,450,20,425,"0,55","29,6","6,49","0,25","4,46","1,92",0,"1,98","0,051","0,098","0,29","0,97","0,1","31,1","0,34"
"Tortilla souple (à garnir), à base de blé",327,"8,2","3,85","2,67","1,12","0,2","0,01","0,01","0,79","52,1","1,55","3,85","8,34","1,25",45,"0,1","0,76",20,19,"0,4",360,150,20,650,"0,57",21,5,0,"0,08","4,78",0,0,"0,11","0,01","0,17","0,35","0,027","39,4",0
"Tortilla souple (à garnir), à base de maïs",313,"5,8","0,78","3,34","1,03","0,22","0,01","0,01",0,"54,7","2,6","2,8","9,06","1,08",23,"0,09","0,81",20,20,"0,31",280,120,20,430,"0,63",0,"12,7",0,"1,04","4,49",0,"0,5","0,086","0,01","0,1","0,24","0,042","24,5",0
"Tournesol, graine","625,1","55,5","6,23",0,"27,8","0,16","0,014",0,0,"10,1","2,62","6,4","21,3","0,014","86,5","1,5","4,9",5,364,"1,95",477,578,"8,41","5,5","3,8",0,30,0,"42,3",0,0,"1,4","1,98","0,16","4,8","0,83","1,24",254,0
"Tournesol, graine, grillé, salé","585,8","49,8","5,22",0,0,0,0,0,0,"15,1","2,73",9,"19,3","1,64",70,"1,83","3,8",0,129,"2,11",1160,850,0,655,"5,29",0,5,0,"26,1","2,7",0,"1,4","0,11","0,25","7,04","7,04","0,8",237,0
"Tourte au riesling, préemballée",251,"12,6","6,2",0,0,0,0,0,0,"23,7","2,25","1,2","10,2","1,45",0,0,0,0,0,0,0,0,0,0,0,0,0,0,0,0,0,0,0,0,0,0,0,0,0
Tripes à la mode de Caen,116,"3,68","1,29",1,"0,086","0,011",0,0,119,"0,3",0,0,"20,4","1,06",23,0,"1,1",6,"6,4",0,0,"42,5",0,423,"0,64",0,0,0,"0,47",0,0,0,"0,02",0,"0,37","0,42","0,023",0,"1,2"
"Tripes à la mode de Caen, préemballées",112,"3,62","2,1",0,0,0,0,0,0,"0,7","0,5","1,25","18,4","1,03","23,6",0,"0,9",0,"6,6",0,0,"34,6",0,421,"2,1",0,0,0,0,0,0,0,0,0,0,0,0,0,0
Tripes à la tomate ou à la provençale,"94,1","3,2","1,64","1,28","0,1","0,02",0,"0,01",0,"0,6","0,4",0,"15,7","1,23",0,0,0,0,0,0,0,0,0,492,0,0,0,0,0,0,0,0,0,0,0,0,0,0,0
"Tripes, boeuf, crues","81,5","3,69","1,29",0,0,"0,007",0,0,122,0,0,0,"12,1","0,24",69,"0,07","0,59",0,13,"0,085",64,67,0,97,"1,42",0,0,0,"0,09",0,0,3,0,"0,064","0,88","0,23","0,014",5,"1,39"
"Truite arc en ciel, crue, élevage",132,"6,24","1,15","0,89","0,36","0,066","0,19","0,64","59,1",0,0,0,19,"0,11","41,7","0,06","0,46","8,1","28,7","0,026",246,410,"17,6","45,5","0,61",49,0,"12,1","1,55","0,33","3,39",0,"0,13","0,11","4,36","1,58","0,38","12,8","4,33"
"Truite arc en ciel, élevage, cuite à la vapeur",117,"4,14","0,86",0,0,0,"0,17","0,68",0,0,0,0,20,0,0,"0,03",0,8,0,"0,027",0,0,3,0,"0,56",0,0,0,0,0,0,0,0,0,0,0,0,0,0
"Truite arc en ciel, élevage, rôtie/cuite au four",143,"6,33","1,51","1,91","0,78","0,2","0,3","0,65","56,9",0,0,0,"21,5","0,13","60,5","0,03","0,35","9,5","28,3","0,027",263,391,"2,85","53,3","0,59","9,5",0,15,"1,9","0,1",0,"2,9","0,17","0,11","5,42","1,79","0,37",11,"4,56"
"Truite d'élevage, crue",133,"6,22","1,25","1,43","0,73","0,28","0,29","0,66","54,8",0,0,0,"19,3","0,1","17,1","0,1","0,5","9,23","27,5","0,1",188,410,"9,75","41,8","0,44","13,5","0,008","5,92","1,94",0,0,0,"0,14","0,1","5,54","1,51","0,34","9,23","2,54"
"Truite d'élevage, fumée",180,"9,27","1,71","1,71","0,54","0,19","0,38","0,61","47,9","0,69",0,0,"23,4","3,18","2,7","0,1","0,4",40,"31,4","0,1",227,412,23,1270,"0,4",51,0,"5,2","2,3",0,0,0,"0,21","0,081","7,1","2,05","0,67",26,"3,2"
"Truite de mer, crue",111,"3,63","0,62",0,"0,11",0,0,0,66,0,0,0,"19,6","0,14","12,7","0,04","1,23",20,"29,3","0,027",270,458,"22,9",55,"0,95",12,0,"2,1","0,65",0,0,"0,55","0,1","0,14","3,5","1,95","0,54",16,5
"Truite saumonée, crue",143,"7,4","1,2",0,0,0,0,0,48,0,0,0,"19,2","0,2","46,7","0,043","0,52","8,89","30,5",0,210,346,"14,8","92,8","0,61",20,0,"18,7",0,0,0,0,"0,16","0,09",0,0,0,22,"4,7"
"Truite, cuite à la vapeur","99,4","2,6","0,54",0,0,0,"0,29","0,64",0,0,0,0,19,0,0,"0,03",0,6,0,"0,027",0,0,3,0,"0,56",0,0,0,0,0,0,0,0,0,0,0,0,0,0
"Truite, rôtie/cuite au four",183,"8,47","1,47",0,0,0,"0,28","0,66",74,0,0,0,"26,6","0,17",55,"0,14","1,92",6,28,"0,56",314,463,3,67,"0,71",19,0,0,0,0,0,"0,5","0,43","0,42","5,77","2,24","0,23",15,"7,49"
"Turbot d'élevage, cru",109,"3,94","0,57","0,26","0,14","0,017","0,21","0,25","50,9",0,0,0,"18,3","0,19","10,2","0,1","0,16","24,2","24,9","0,1",134,306,"17,7","77,9","0,65","9,6","0,008","0,71","3,63",0,0,0,"0,057","0,042","3,49","0,42","0,19",0,"1,25"
"Turbot sauvage, cru","91,5","2,54","0,71",0,0,0,0,0,48,0,0,0,"17,2","0,24","38,7","0,039","0,45",35,49,"0,017",176,253,"47,3","95,3","0,21",11,0,0,0,0,0,"0,85","0,055","0,1","2,13","0,57","0,21",8,"2,07"
"Turbot, cru","85,5","1,55","0,19","0,095","0,01","0,01",0,"0,16",48,0,0,0,"17,9","0,23",49,0,"0,25",35,23,0,203,415,0,84,0,"11,7",0,0,0,0,0,"1,7","0,043","0,085","3,6","0,25","0,15",16,"1,05"
"Turbot, rôti/cuit au four",118,"3,64","0,9",0,0,0,"0,32","0,38",62,0,0,0,"21,3","0,25","42,5","0,049","0,53",30,"63,5","0,022",213,323,0,192,"0,29",12,0,0,0,0,0,"1,7","0,068","0,12","2,54","0,66","0,24",9,"2,54"
"Tzatziki, à base fromage frais, préemballé","140,5","11,1","1,13",0,"1,76","0,82",0,0,0,"3,28","2,35","1,15","6,87","0,9",0,0,0,0,0,0,0,0,0,310,0,0,0,0,0,0,0,0,0,0,0,0,0,0,0
"Tzatziki, à base yaourt, préemballé","138,06","10,9","0,81","6,07","1,95","0,93","0,01","0,01","8,77","3,8","2,7",0,"6,19","0,88",88,"0,01","0,09",20,"8,8","0,04",100,150,20,351,"0,32",10,"69,9","0,03","2,45","21,4",0,"0,51","0,045","0,19","1,54","0,24","0,048","14,8","0,59"
Valençay (fromage de chèvre),306,"25,5",18,"3,37",0,"0,087",0,0,85,0,0,0,"19,3","1,32",120,"0,1","0,19",40,"15,3",0,181,150,9,509,"0,55",166,0,"0,5","0,32",0,0,0,"0,04","0,64","1,12","0,95","0,11","84,8",0
"Vanille, extrait alcoolique",240,0,0,0,0,0,0,0,0,"2,41",0,0,"0,05","0,01",0,"0,023","0,13",0,5,"0,48",22,98,0,4,"0,06",0,0,0,0,0,0,0,"0,008","0,071","0,32","0,026","0,019",0,0
"Vanille, extrait aqueux","57,7",0,0,0,0,0,0,0,0,"14,4","14,4",0,"0,03","0,0075",3,"0,003","0,05",0,1,"0,001",0,0,0,3,"0,01",0,0,0,0,0,0,0,"0,003","0,029","0,13","0,011","0,008",0,0
"Vanille, gousse",0,0,0,0,0,0,0,0,0,0,0,0,0,0,0,0,0,0,0,0,0,0,0,0,0,0,0,0,0,0,0,0,0,0,0,0,0,0,0
"Veau, carré, cru",145,"7,25","3,18",0,0,0,0,0,82,"0,4",0,0,"19,5","0,22","15,3","0,12","1,45",0,25,"0,028",208,327,0,"89,3","3,2",0,0,0,"0,27","4,6",0,0,"0,08","0,27","7,63","1,26","0,44",15,"1,37"
"Veau, carré, sauté/poêlé",171,"6,6","2,64",0,0,0,0,0,94,0,0,0,28,0,0,0,1,0,0,0,0,0,0,0,"7,6",0,0,0,"0,46",0,0,0,"0,1",0,3,"0,44","0,37",0,"1,7"
"Veau, collier, braisé ou bouilli",233,"10,4","3,5","3,46","0,69","0,031","0,036","0,0014",79,0,0,0,"34,9",0,0,0,"0,65",0,0,0,0,0,"12,7",0,"7,54",0,0,0,"0,34",0,0,0,"0,7",0,"4,87","0,37","0,13",0,"2,01"
"Veau, collier, cru",133,"5,92","1,99","1,97","0,39","0,018","0,021","0,0041",0,0,0,0,"19,8","0,15",0,0,"1,01",0,0,0,0,0,"7,21","59,9","4,29",0,0,0,0,0,0,0,0,0,"4,87",0,"0,21",0,"2,02"
"Veau, côte, crue",189,"12,9","4,84","4,29","0,74","0,036",0,0,82,0,0,0,"18,3","0,11","11,5","0,1","1,26","2,8",22,"0,027",184,290,"5,62","43,4","4,29",0,0,0,"0,21",0,0,0,"0,07","0,23","2,69","1,13","0,2",12,"2,82"
"Veau, côte, grillée/poêlée",156,"6,24","2,11","1,98","0,46","0,016",0,"0,00048","89,5",0,0,0,"25,1","0,25",29,"0,1","1,3",31,"22,5","0,1",196,305,"8,98",100,"6,54",68,30,"0,5","0,49",0,0,1,"0,1","0,11","3,41","0,44","0,26",20,"2,82"
"Veau, épaule, braisée ou bouillie",219,"8,14","2,91","2,67","0,65","0,024",0,"0,0018",0,0,0,0,"36,4",0,0,0,"0,74",0,0,0,0,0,"12,1",0,"6,99",0,0,0,0,0,0,0,0,0,6,0,"0,25",0,"2,69"
"Veau, épaule, crue",124,"4,63","1,55","1,42","0,34","0,013",0,0,86,0,0,0,"20,7","0,15",16,"0,12","1,16","2,8",24,"0,029",208,311,"6,9","61,1","3,98",0,0,"0,5","0,26",0,0,0,"0,09","0,29",6,"1,45","0,38",11,"2,69"
"Veau, épaule, grillée/poêlée",166,"6,17","2,07","1,9","0,47","0,017",0,"0,0013",0,0,0,0,"27,6",0,0,0,"1,16",0,0,0,0,0,"9,2",0,"5,3",0,0,0,0,0,0,0,0,0,6,0,"0,38",0,"2,69"
"Veau, escalope panée, cuite",271,"14,1","2,42",0,0,0,0,0,"72,4","12,6","0,49","0,94","22,9","0,98","28,7","0,07","1,11","7,97","24,3","0,12",183,328,"6,95",394,"2,26","12,9","0,88","0,13","3,32",0,0,"0,0063","0,12","0,23","5,89","0,53","0,28","15,3","0,72"
"Veau, escalope, crue",108,"2,6","0,6","0,83","0,63","0,044","0,042","0,011",0,"0,58",0,0,"20,7","0,097",10,"0,09",2,"2,52",21,"0,013",171,380,"7,2","38,7","2,56",0,0,0,"0,15",0,0,0,"0,13","0,28","5,7","0,85","0,44",5,2
"Veau, escalope, cuite",147,"2,5","0,82","0,69","0,16","0,01","0,011","0,0023",75,0,0,0,31,"0,15","10,8","0,067",1,6,"29,5","0,012",0,0,"6,22","58,9","3,21",0,0,0,"0,11",0,0,0,"0,2",0,10,"0,38","0,72",0,2
"Veau, filet, cru",95,"1,4","0,5",0,0,0,0,0,0,0,0,0,"20,6","0,24",12,0,2,"2,4",0,0,0,0,0,95,0,0,0,0,0,0,0,0,0,0,0,0,0,0,0
"Veau, filet, rôti/cuit au four",201,"11,7","4,13",0,0,0,0,0,103,"0,5",0,0,"23,4","0,23",19,"0,11","0,87",6,25,"0,029",212,325,13,93,"3,03",0,0,0,"0,44","5,5",0,0,"0,05","0,28","8,86","1,2","0,34",15,"1,24"
"Veau, jarret, braisé ou bouilli",207,"6,43","1,95","2,09","0,47","0,019",0,"0,0015",84,0,0,0,"37,4",0,0,0,"0,77",0,0,0,0,0,"11,1",0,"8,81",0,0,0,"0,33",0,0,0,"0,4",0,"5,92","0,39","0,19",0,"2,3"
"Veau, jarret, cru",118,"3,66","1,11","1,19","0,26","0,011",0,0,0,0,0,0,"21,3","0,21",9,0,"1,2",0,0,0,0,0,"6,29","82,8","5,01",0,0,0,0,0,0,0,0,0,"5,92",0,"0,3",0,"2,3"
"Veau, noix, crue",111,"2,58","0,79","0,7","0,25","0,0063",0,0,78,0,0,0,"21,8","0,19",9,"0,11","0,92",0,26,"0,029",220,367,"6,95","74,5","2,64",0,0,0,"0,3","3,9",0,0,"0,08","0,27","7,41","1,07","0,53",14,"2,08"
"Veau, noix, grillée/poêlée",147,"3,44","1,06","0,93","0,33","0,0084",0,"0,0011",0,0,0,0,"29,1",0,0,0,"0,92",0,0,0,0,0,"9,26",0,"3,52",0,0,0,0,0,0,0,0,0,"7,4",0,"0,53",0,"2,08"
"Veau, noix, rôtie",147,"3,44","1,06","0,93","0,33","0,0084",0,"0,0011",0,0,0,0,"29,1",0,0,0,"0,73",0,0,0,0,0,"9,26",0,"3,52",0,0,0,0,0,0,0,0,0,"6,91",0,"0,42",0,"2,08"
"Veau, pied, cru",184,12,0,0,0,0,0,0,0,0,0,0,"19,1","0,12",11,0,"2,9",0,15,0,206,320,0,48,0,0,0,0,0,0,0,0,"0,18","0,27","6,3",0,"0,2","6,9","1,4"
"Veau, poitrine, crue",176,"11,2","3,1",0,0,0,0,0,71,0,0,0,"18,7","0,21",8,"0,094","1,22","2,8",18,"0,01",172,286,8,"82,5","2,33",0,0,0,0,0,0,0,0,0,0,0,0,0,0
"Veau, rôti, cru",145,"3,96","2,39","0,56","0,14","0,0066","0,022","0,0057","26,2",0,0,0,"27,3","0,2",7,"0,11","1,35",5,27,"0,029",223,372,"9,11",79,"2,34",0,0,"1,3","0,29",0,0,0,"0,08","0,28","9,56","1,09","0,47",14,"1,05"
"Veau, rôti, cuit",143,"3,39","1,22",0,0,0,0,0,103,0,0,0,"28,1","0,17",6,"0,13","0,9",0,28,"0,031",236,393,0,68,"3,08",0,0,0,"0,55",0,0,0,"0,06","0,33","10,1",1,"0,31",16,"1,18"
"Veau, steak haché 15% MG, cru",208,15,"6,2",0,0,0,0,0,0,0,0,0,"18,2","0,17",0,0,0,0,0,0,0,0,0,0,0,0,0,0,0,0,0,0,0,0,0,0,0,0,0
"Veau, steak haché 20% MG, cru",243,"19,5","8,5",0,0,0,0,0,0,"0,4",0,0,"16,7","0,19",11,0,"0,84",0,0,0,0,0,0,"74,5",0,0,0,0,0,0,0,0,0,0,0,0,0,0,0
"Veau, tête, bouillie/cuite à l'eau",187,"11,4","4,18",0,0,0,0,0,102,0,0,0,21,0,0,0,"0,7",0,0,0,0,0,0,0,"1,6",0,0,0,"0,57",0,0,0,"0,04",0,"1,8","0,75","0,06",0,"2,3"
"Veau, viande, cuite (aliment moyen)",169,"5,55","1,79","1,42","0,35","0,014",0,"0,0015","87,9","0,74",0,"0,053",29,"0,25","14,9","0,085","0,95",0,27,"0,035",0,0,"8,78",101,"4,46",0,0,0,"0,57",0,0,0,"0,14",0,"7,38","0,61","0,41",0,"1,92"
"Vermicelle de riz, cuite, non salée","89,3","0,5","0,01","0,01","0,01","0,01","0,01","0,01",0,"20,1","0,2","0,5","1,43","0,024","5,2","0,03","0,08",20,"1,3","0,05",13,"2,2",20,"9,5","0,15",0,0,"0,25","0,03","0,8",0,"0,5","0,015","0,01","0,1","0,054","0,01","6,57",0
"Vermicelle de riz, sèche",365,1,"0,3",0,0,0,0,0,0,"80,5",0,"1,2","7,44","0,03","14,2",1,1,10,13,1,60,"20,3",5,12,"1,3",0,50,0,"0,1",0,0,0,"0,05","0,05","0,05","0,22","0,05",10,0
"Vermicelle de soja, cuite, non salée","61,2","0,1",0,0,0,0,0,0,0,"14,4",0,"0,8","0,57","0,0063","14,2",0,1,10,"2,9",1,10,"1,2",5,"2,5",1,0,50,0,"0,1",0,0,0,"0,05","0,05","0,05","0,11","0,05",10,0
"Vermicelle de soja, sèche",344,"0,14",0,0,0,0,0,0,0,"84,7","1,38","1,6","0,57","0,039","25,2",1,1,10,"9,6",1,40,"13,2",5,"15,6",1,0,50,0,"0,1",0,0,0,"0,05","0,05","0,05","1,1","0,05",7,0
Vermicelles multicolores,419,5,4,0,0,0,0,0,0,93,91,"0,5","0,5","0,019",0,0,0,0,0,0,0,0,0,"7,5",0,0,0,0,0,0,0,0,0,0,0,0,0,0,0
"Viande blanche, cuite (aliment moyen)",173,"6,55","2,15","2,21","0,8","0,07","0,0089","0,0093","91,8","0,26","0,0019","0,0009","28,1","0,17","9,43","0,059","0,84","7,23","31,3","0,014",233,376,"15,6","69,7","2,01","8,81","0,29","0,29","0,2","1,27",0,"0,81","0,27","0,14","8,66","1,06","0,35","7,74","0,61"
Viande cuite (aliment moyen),182,"8,04",3,"2,76","0,56","0,055","0,0067","0,0062","85,8","0,24","0,011","0,0083","27,2","0,2","10,4","0,084","1,69","6,72","30,1","0,023",222,361,"12,3","81,6","3,45","7,52","0,52","0,22","0,22","1,41",0,"0,69","0,21","0,17","7,45","1,01","0,37","8,38","1,31"
Viande des Grisons,209,"5,47","2,52","1,25","0,087","0,011",0,0,"91,9",1,1,0,"38,9","3,83","30,8","0,15","1,8","53,8","46,6","0,1",278,660,9,1530,"5,9",3,0,"0,5","0,01",0,0,"0,5","0,062","0,26","11,8","1,33","0,7","33,9","2,39"
Viande en sauce (aliment moyen),104,"4,6","1,8","1,24","0,52","0,028",0,"0,005","49,8","3,65","1,34","1,08","11,3","0,85","17,1","0,064","1,13","7,06","14,2","0,07",142,198,"6,17",341,"2,4","12,1",542,"0,23","0,81",0,0,"1,27","0,061","0,067","2,61","0,42","0,16","14,8","0,74"
"Viande rouge, cuite (aliment moyen)",195,"10,1","4,16","3,48","0,25","0,036",0,"0,0015","76,7","0,027",0,0,26,"0,22","11,8","0,12","2,84","6,17","28,3","0,038",201,338,"7,77","96,4","5,44","5,05","0,83","0,094","0,25",0,0,0,"0,084","0,24","5,76","0,93","0,4","9,44","2,31"
Viennoiserie (aliment moyen),380,"16,2","8,6","4,58","1,38","0,26","0,0048","0,009","62,1","49,1","12,8","2,43","7,77","1,04","40,1","0,2","1,52","9,1","21,8","0,41","99,9",142,"10,6",417,"0,68","73,5",114,"0,18","1,6","5,36",0,"0,34","0,12","0,071","0,44","0,46","0,038","39,7","0,27"
Vin (aliment moyen),"13,52",0,0,0,0,0,0,0,0,"3,29","1,37",0,"0,09","0,0067","7,52","0,017","0,58","2,07","7,25","0,091","14,3",100,"2,03","2,7","0,088",0,"0,69",0,0,"0,27",0,"0,034","0,0071","0,031","0,14","0,065","0,03","0,79",0
Vin blanc (sec),"18,16",0,0,0,0,0,0,0,0,"4,04","0,17",0,"0,5","0,0063","7,1","0,01","0,34",20,"7,3","0,09","13,9","84,3",20,"2,5","0,05",0,0,0,0,"0,8",0,"0,5","0,01","0,01","0,1","0,038","0,01",5,0
Vin blanc mousseux,"6,8",0,0,0,0,0,0,0,0,"1,7","1,4",0,0,"0,0035","9,16","0,0019","0,5",1,"5,28","0,045",7,57,"2,2","1,41","0,024",0,0,0,0,0,0,0,"0,005","0,01","0,07","0,03","0,017","0,1",0
Vin blanc mousseux aromatisé,"21,2",0,0,0,0,0,0,0,0,"5,1","5,1",0,"0,2","0,033",14,0,"0,6",0,0,0,13,110,0,13,0,0,0,0,0,0,0,0,0,"0,01","0,1",0,"0,01",0,0
Vin doux,"42,8",0,0,0,0,0,0,0,0,"10,5","7,78",0,"0,2","0,027","7,46","0,053","0,35",1,"9,07","0,071",9,"83,1","0,07","10,9","0,11",0,0,0,0,0,0,0,"0,018","0,014","0,14","0,032","0,0078","0,1",0
Vin rosé,"6,4",0,0,0,0,0,0,0,0,"1,6",0,0,0,"0,01",12,"0,035","0,95",1,7,"0,1",6,75,"0,2",4,"0,027",0,0,0,0,0,0,0,"0,01","0,07","0,1","0,04","0,023","0,2",0
Vin rouge,"82,1",0,0,0,0,0,0,0,0,"2,63","0,62",0,"0,07","0,0025","5,96","0,0094","0,56","0,74","7,13","0,094","18,7",118,"2,2","1,01","0,13",0,1,0,0,"0,4",0,0,"0,005","0,027","0,18","0,087","0,043","0,73",0
Vinaigre,"22,6","0,1",0,0,0,0,0,0,0,"0,62","0,04",0,"0,04","0,033",9,"0,0075","0,37",5,"12,3","0,15",19,"54,8","0,1","13,1","0,015",0,0,0,0,0,0,"0,5",0,0,0,0,"0,001",0,0
Vinaigre balsamique,125,"0,6",0,0,0,0,0,0,0,"25,8","19,1","0,5","0,69","0,068",18,"0,03","0,95",20,12,"0,19",24,160,20,27,"0,12",0,5,"0,25",0,"0,8",0,"0,5","0,015","0,01","0,1","0,072","1,71","5,5",0
Vinaigre de cidre,"3,72",0,0,0,0,0,0,0,0,"0,93","0,4",0,0,"0,013",7,"0,008","0,2",0,5,"0,25",8,73,0,5,"0,04",0,0,0,0,0,0,0,0,0,0,0,0,0,0
Vinaigre de vin rouge,"21,6",0,0,0,0,0,0,0,0,0,0,0,"0,5","0,013",10,"0,01","0,41",0,"5,9","0,06",11,74,20,"5,1","0,08",0,"8,94","0,25","0,08","0,8",0,"0,5","0,015","0,01","0,1","0,037","0,015",5,0
"Vivaneau, cru","94,1","1,34","0,29",0,0,0,"0,051","0,26",37,0,0,0,"20,5","0,16",32,"0,028","0,69",0,32,"0,013",198,417,0,64,"0,36",32,0,"10,2","0,96","0,1",0,"1,6","0,046","0,003","0,28","0,75","0,4",5,3
"Vivaneau, cuit",121,"1,72","0,37",0,0,0,"0,048","0,27",47,0,0,0,"26,3","0,14",40,"0,046","0,82",0,37,"0,017",201,522,0,57,"0,44",35,0,0,0,0,0,"1,6","0,053","0,004","0,35","0,87","0,46",6,"3,5"
Vodka,242,0,0,0,0,0,0,0,0,0,0,0,0,"0,0025",0,"0,0083","0,025",1,0,"0,018","4,75","1,25",0,1,"0,022",0,0,0,0,0,0,0,"0,0053","0,0063","0,013",0,"0,001",0,0
"Volaille, croquette panée ou nuggets",239,"13,2","2,42","4,51","3,48","0,15",0,0,"52,1","16,2","1,07","1,7","13,1","1,2","16,4","0,056","0,6","13,6",24,"0,15",225,215,"5,88",676,"0,66","7,5",0,"0,5","2,59",0,0,0,"0,11","0,086","5,65","0,72","0,27","19,3","0,21"
"Volaille, cuite (aliment moyen)",166,"5,96","1,77","1,83","0,81","0,054","0,0066","0,012","99,3","0,28","0,0022","0,0013","27,6","0,24","8,45","0,086","1,05","7,77",33,"0,015",239,377,"14,8","97,9","1,57","11,1","0,83","0,24","0,2","1,84",0,"1,15","0,095","0,17","9,82","1,37","0,38","8,1","0,58"
"Wakamé (Undaria pinnatifida), séchée ou déshydratée",184,"2,51","0,3",0,0,0,0,0,0,"5,7",0,"41,4","14,1","12,9",1000,"0,23","17,2",19100,1110,"0,72",319,7140,"72,5",5170,"2,03",0,104000,0,"1,13",732,0,28,"0,34","0,78","6,39","0,16","0,18",237,"0,23"
"Wakamé atlantique (Alaria esculenta), séchée ou déshydratée",187,"1,53",0,0,0,0,0,0,0,"6,28",0,"49,5","12,3","4,81",233,"0,24","61,5",34600,0,"2,06",220,2180,0,1920,"2,09",0,0,0,0,0,0,0,0,0,0,0,0,0,0
Whisky,252,0,0,0,0,0,0,0,0,"0,096","0,096",0,0,0,0,"0,017","0,02","1,25",0,"0,008",3,1,0,0,"0,014",0,0,0,0,0,0,0,"0,008","0,001","0,05",0,0,0,0
Yakitori (brochettes japonaises grillées en sauce),172,"3,3","1,2","1,18","0,68","0,07","0,01","0,01","86,6","9,3","6,6","0,6",26,"1,19","9,8","0,06","0,61",20,31,"0,15",220,340,20,475,"1,5",21,"10,5","0,25","0,5","0,8",0,0,"0,09","0,042","7,69","1,36","0,25","31,8","0,41"
"Yaourt à la grecque, aromatisé, sucré","142,16","8,2","5,4",0,0,0,0,0,0,"12,8","12,6",0,"4,29","0,18",158,0,0,0,0,0,0,0,0,70,0,0,0,0,0,0,0,0,0,0,0,0,0,0,0
"Yaourt à la grecque, au lait de brebis","69,1","3,4","2,38","0,54","0,09","0,04","0,01","0,01","14,4","4,99","2,6",0,"3,84","0,0079",170,"0,01","0,04",40,15,"0,01",130,110,20,"3,15","0,43","37,2",5,"0,25","0,08","0,8",0,"0,5","0,049","0,22","0,31","0,29","0,013","31,9","0,53"
"Yaourt à la grecque, nature","113,1","9,22","6,22","1,91","0,2","0,05",0,0,"16,7","4,21","3,9","0,14","3,32","0,097",139,0,0,0,0,0,0,0,0,"34,5",0,0,0,0,0,0,0,0,0,0,0,0,0,0,0
"Yaourt à la grecque, sur lit de fruits","131,14","6,3","4,45","1,27","0,19","0,047","0,0027","0,0027","20,9","16,3",15,"0,38","2,31","0,098",104,"0,02","0,07",20,"8,4","0,12",71,110,20,"38,7","0,27",55,"37,1",0,"0,25","1,17",0,"0,5","0,028","0,1","0,1","0,24","0,031","5,14","0,22"
"Yaourt au lait de brebis, aromatisé, sucré","93,7","3,7","2,52","0,66","0,08","0,03","0,01","0,01","11,4","9,33","8,3",0,"5,04","0,12",180,"0,01","0,06",70,16,"0,01",120,110,20,47,"0,43",35,5,"0,25","0,08","1,42",0,"0,5","0,05","0,23","0,1","0,35","0,02","17,6","0,27"
"Yaourt au lait de brebis, nature, 3% MG environ","68,28",3,"2,2",0,0,0,0,0,0,"4,6","2,8","0,13","5,72","0,12",0,0,0,0,0,0,0,0,0,"47,5",0,0,0,0,0,0,0,0,0,0,0,0,0,0,0
"Yaourt au lait de brebis, nature, 6% MG environ","93,52","6,08","4,8",0,0,0,0,0,0,"4,56","2,8",1,"5,14","0,1",183,0,0,0,0,0,0,0,0,40,0,0,0,0,0,0,0,0,0,0,0,0,0,0,0
"Yaourt au lait de chèvre, nature, 5% MG environ","73,4","5,2","3,52","1,04","0,11","0,03","0,01","0,01",11,"1,12","1,12",3,"4,15","0,09",160,"0,01","0,2",0,14,0,110,170,0,36,"0,4",0,0,0,"0,03",0,0,1,"0,04","0,17","0,27","0,23","0,06",7,0
Yaourt ou spécialité laitière aux fruits (aliment moyen),"93,1","2,89","1,89","0,59","0,046","0,014","0,004","0,004","11,4","12,8","12,2","0,43","3,2","0,11",109,"0,014","0,092","9,69","10,3","0,062","78,3",149,"5,25","43,6","0,34",27,"39,1","0,16","0,12","0,66",0,"0,31","0,032","0,23","0,13","0,42","0,056","20,1","0,16"
Yaourt ou spécialité laitière nature (aliment moyen),"56,8","2,3","1,53","0,49","0,038","0,012","0,0036","0,004",12,"4,73","4,67","0,86","3,88","0,11",127,"0,02","0,2","20,8","12,1","0,018","96,4",167,"2,17","44,8","0,4","16,2","8,7","0,61","0,095","0,21","0,67","0,26","0,033","0,23","0,16","0,31","0,048","20,7","0,28"
Yaourt ou spécialité laitière nature ou aux fruits (aliment moyen),"69,4","2,5","1,65","0,53","0,041","0,013","0,0037","0,004","11,8","7,47","7,24","0,71","3,65","0,11",121,"0,018","0,16","16,9","11,5","0,033","90,2",161,"3,24","44,4","0,38",20,20,"0,48","0,1","0,37",0,"0,28","0,033","0,23","0,15","0,35","0,051","20,5","0,24"
"Yaourt, lait fermenté ou spécialité laitière sur lit de fruits, sucré","107,79","3,91","2,51",0,"0,053","0,025",0,0,0,"15,2","14,6","0,42","2,95","0,099","88,5",0,0,0,0,0,0,0,0,"39,2",0,0,0,0,0,0,0,0,0,0,0,0,0,0,0
"Yaourt, lait fermenté ou spécialité laitière, aromatisé ou aux fruits (aliment moyen)","89,3","2,63","1,76","0,49","0,04","0,011","0,0031","0,0031","9,92","12,4",12,"0,33","3,32","0,12",116,"0,027","0,13","9,14","10,6","0,047","83,2",145,"4,01",45,"0,38","23,5","24,9","0,54","0,078","0,32",0,"0,33","0,089","0,21","0,12","0,61","0,048","17,5","0,19"
"Yaourt, lait fermenté ou spécialité laitière, aromatisé ou aux fruits, 0% MG (aliment moyen)","42,4","0,13","0,015","0,005","0,005","0,005","0,005","0,005",0,"4,92","4,01","1,12","4,29","0,12",129,"0,024","0,19","12,9",14,"0,078","97,2",164,"2,84","49,7","0,44","2,02","66,1",0,"0,08",0,0,"0,25","0,097","0,26","0,25","0,64","0,14","28,5","0,17"
"Yaourt, lait fermenté ou spécialité laitière, aromatisé ou aux fruits, avec édulcorants (aliment moyen)","42,4","0,13","0,015","0,005","0,005","0,005","0,005","0,005",0,"4,92","4,01","1,12","4,29","0,12",129,"0,024","0,19","12,9",14,"0,078","97,2",164,"2,84","49,7","0,44","2,02","66,1",0,"0,08",0,0,"0,25","0,097","0,26","0,25","0,64","0,14","28,5","0,17"
"Yaourt, lait fermenté ou spécialité laitière, aromatisé ou aux fruits, non allégé en MG (aliment moyen)","93,2","2,81","1,88","0,52","0,042","0,011","0,0029","0,0029","10,6","12,9","12,5","0,27","3,24","0,12",115,"0,027","0,12","8,81","10,4","0,044","82,4",142,"4,11","44,1","0,37","25,4","21,4","0,52","0,078","0,32",0,"0,34","0,088","0,21","0,11","0,61","0,042","16,7","0,19"
"Yaourt, lait fermenté ou spécialité laitière, aromatisé ou aux fruits, sucré (aliment moyen)","93,3","2,83","1,9","0,53","0,042","0,011","0,0029","0,0029","10,6",13,"12,6","0,27","3,24","0,12",115,"0,027","0,12","8,83","10,4","0,044","82,3",144,"4,11","44,6","0,37","25,4","21,4","0,52","0,078","0,32",0,"0,34","0,088","0,21","0,11","0,61","0,042","16,7","0,19"
"Yaourt, lait fermenté ou spécialité laitière, aromatisé ou aux fruits, sucré, non allégé en MG (aliment moyen)","93,2","2,83","1,9","0,52","0,042","0,011","0,0029","0,0029","10,6",13,"12,6","0,27","3,24","0,12",115,"0,027","0,12","8,81","10,4","0,044","82,2",144,"4,11","44,6","0,37","25,4","21,4","0,52","0,078","0,32",0,"0,34","0,088","0,21","0,11","0,61","0,042","16,7","0,19"
"Yaourt, lait fermenté ou spécialité laitière, aromatisé, avec édulcorants, 0% MG","54,5","0,06","0,038",0,0,0,0,0,0,"8,29","4,23",0,"4,53","0,15",141,"0,1",0,"15,1",0,"0,1",0,0,5,"57,5","0,52",2,8,"1,25",0,0,0,0,0,0,0,0,0,0,0
"Yaourt, lait fermenté ou spécialité laitière, aromatisé, sucré","89,1","2,6","1,75","0,4","0,031","0,01","0,005","0,005","8,6","12,2","12,1","0,17","3,42","0,15",120,"0,1","0,1","8,17","10,9","0,1",86,140,"2,78","50,9","0,4",26,13,"0,76","0,041",0,0,"0,5","0,17","0,22","0,13","0,9","0,05",20,"0,18"
"Yaourt, lait fermenté ou spécialité laitière, aromatisé, sucré, à la crème","114,97","5,45","4,18","1,01","0,12","0,0025","0,0025","0,0025",19,"13,4","12,4","0,083","3,08","0,093",105,"0,01","0,04",20,"9,2","0,01",82,120,20,"35,5","0,38","49,1","29,5","0,75","0,15","0,8",0,"0,5","0,1","0,15","0,1","0,62","0,034","14,7","0,19"
"Yaourt, lait fermenté ou spécialité laitière, aromatisé, sucré, enrichi en vitamine D","84,23","1,79","1,22",0,0,0,0,0,0,"13,6","12,9","0,075","3,43","0,11",156,0,0,0,12,0,90,0,0,50,0,0,0,"1,24",0,0,0,0,0,"0,21",0,0,0,0,"0,38"
"Yaourt, lait fermenté ou spécialité laitière, aux céréales","90,63","3,43","2,22","0,87","0,12","0,027","0,005","0,005",13,"11,3","9,9",1,"3,64","0,11",125,"0,1","0,085",5,"12,6","0,01",95,145,5,"42,3","0,4","28,1",0,"0,093","0,084",0,0,"0,1","0,036","0,16","0,12","0,31","0,042",23,"0,15"
"Yaourt, lait fermenté ou spécialité laitière, aux céréales, 0% MG","61,24","1,08","0,5",0,0,0,0,0,1,"8,25","6,78","0,3","4,63","0,17",130,"0,2","0,42",19,"13,9","0,07",103,177,"1,9",67,"0,5",1,2,0,"0,2",0,0,3,"0,1","0,29","0,93","0,73","0,14","36,6","0,3"
"Yaourt, lait fermenté ou spécialité laitière, aux copeaux de chocolat, à la crème, sucré",122,"5,1","3,3","1,17","0,11","0,02","0,01","0,01","10,5","14,1",14,3,"3,51","0,085",120,"0,02","0,3",17,14,"0,02",98,178,"1,3",34,"0,4",42,19,"0,1","0,16",0,0,"0,2","0,04","0,2","0,15","0,34","0,05",20,"0,19"
"Yaourt, lait fermenté ou spécialité laitière, aux fruits, avec édulcorants, 0% MG","38,9","0,3","0,01","0,01","0,01","0,01","0,01","0,01",0,"3,72","3,72",3,"4,21","0,12",122,"0,016","0,2","11,6","14,1","0,089",95,159,"4,5",46,"0,41",3,87,0,"0,08",0,0,"0,5","0,1","0,27","0,26","0,65","0,15","30,5","0,16"
"Yaourt, lait fermenté ou spécialité laitière, aux fruits, avec édulcorants, 0% MG, enrichi en vitamine D","48,833","0,097","0,042",0,0,0,0,0,0,"7,45","6,31","0,66","4,54","0,16",163,"0,02","0,06",20,14,"0,04",120,220,20,"64,8","0,52",21,"35,7","1,44",0,"0,8",0,"0,5","0,049","0,21","0,16","0,55","0,044","7,88","0,32"
"Yaourt, lait fermenté ou spécialité laitière, aux fruits, sucré","95,7","2,4","1,54","0,52","0,04","0,013","0,005","0,005","9,9","14,2","13,6","0,22","3,61","0,12",127,"0,01","0,13","7,3","10,4","0,1","78,5",157,"3,35","46,8","0,35","19,5","21,5","0,2","0,051","0,1",0,"0,43","0,032","0,33","0,17","0,55","0,057",22,"0,09"
"Yaourt, lait fermenté ou spécialité laitière, aux fruits, sucré, à la crème",109,"4,28","2,84","0,85","0,062","0,018","0,01","0,01","16,4","14,5","13,7","0,21","2,42","0,093",83,"0,01","0,05",20,"8,5","0,07",68,140,20,37,"0,3",43,"40,7","0,25","0,2","1,13",0,"0,5","0,015","0,13","0,1","0,24","0,026",15,"0,2"
"Yaourt, lait fermenté ou spécialité laitière, aux fruits, sucré, enrichi en vitamine D","91,19","2,35","1,45","0,5","0,047","0,013","0,0012","0,0012","11,6",14,"12,7","0,1","3,51","0,11",129,"0,01","0,04",20,12,"0,02",94,160,20,"44,8","0,44","25,3",103,"0,93","0,21","0,8",0,"0,5","0,046","0,18","0,13","0,43","0,038",5,"0,25"
"Yaourt, lait fermenté ou spécialité laitière, nature","45,5","1,5",1,"0,29","0,02","0,01","0,01","0,01",13,"2,65","2,65",3,"3,96","0,11",128,"0,0078","0,25","26,3","12,5","0,0053",98,176,"3,35",43,"0,39",11,6,"0,8","0,076","0,2","0,68","0,5","0,04","0,26","0,19","0,31","0,057",25,"0,33"
"Yaourt, lait fermenté ou spécialité laitière, nature, 0% MG","39,4","0,064","0,041",0,0,0,0,0,2,"4,1","4,1",0,"4,82","0,14",129,"0,0083","0,1","27,8","13,6","0,0026",105,182,"4,5","57,3","0,46",3,8,"0,8",0,"0,2","0,1","0,5","0,042","0,24","0,26","0,44","0,065",28,"0,29"
"Yaourt, lait fermenté ou spécialité laitière, nature, 0% MG, enrichi en vitamine D","38,36",0,"0,1",0,0,0,0,0,0,5,"4,8","0,5","4,59","0,14",120,0,0,0,0,0,0,0,0,54,0,0,0,"0,8",0,0,0,0,0,0,0,0,0,0,0
"Yaourt, lait fermenté ou spécialité laitière, nature, 0% MG, sucré, enrichi en vitamine D","49,77","1,17","0,59",0,0,0,0,0,0,"5,4","5,13","0,13","4,41","0,17",184,0,0,0,0,0,0,0,0,66,0,0,0,"1,83",0,0,0,0,0,0,0,0,0,0,"0,25"
"Yaourt, lait fermenté ou spécialité laitière, nature, à la crème",115,"9,8","6,51","1,9","0,15","0,05","0,01","0,01","30,4","3,08","3,08",0,"3,06","0,088",110,"0,01","0,05",20,"9,4","0,01",86,150,20,35,"0,35","84,7","39,1","0,25","0,22","0,8",0,"0,5","0,015","0,075","0,1","0,48","0,024",5,"0,21"
"Yaourt, lait fermenté ou spécialité laitière, nature, sucré","84,3","1,95","1,29","0,54","0,041","0,017","0,0016",0,"9,6","12,5","12,5",0,"3,48","0,12",120,"0,1","0,23",8,"11,4","0,1","92,5",157,5,"48,8","0,41",25,14,"0,5","0,07",0,0,"0,5","0,04","0,21","0,16","0,27","0,04","14,6","0,2"
Zeste d'orange confit,"333,4","0,2","0,02",0,0,0,0,0,0,"82,7","82,7","1,1","0,2","0,068",65,0,"1,5",0,0,0,5,24,0,27,"0,1",0,120,0,0,0,0,3,"0,07","0,05","0,2",0,0,0,0