fdc_id,label,grams
321358,2 tablespoon,33.9
321359,1 cup,227.0
321359,1 fl oz,30.5
321359,1 quart,976.0
321360,5 tomatoes,49.7
321360,1 cup,152.0
321611,drained,129.0
321900,chopped,76.0
322228,1 cup,233.0
322228,1 fl oz,30.5
322228,1 quart,976.0
322559,1 cup,229.0
322559,1 fl oz,30.6
322559,1 quart,980.0
322892,1 cup,229.0
322892,1 fl oz,30.5
322892,1 tablespoon,15.0
322892,1 quart,976.0
323121,1 piece,48.6
323294,whole,135.0
323444,0.2 cup,64.6
323444,0.5 cup,129.0
323444,1 cup,258.0
323505,"pieces of ~1""",20.6
323604,1 oz,28.4
323697,1 oz,28.4
323793,1 tablespoon,7.0
323793,sifted,107.0
324038,2 tablespoon,35.7
324157,1 link,18.6
324317,1 piece,20.2
324653,1 spear,40.4
324860,2 tablespoon,32.0
324860,1 cup,258.0
325036,1 tablespoon,7.6
325198,1 slice,20.6
325287,1 cup,257.0
325430,slices with skin,154.0
325430,"small (2-1/2"" dia)",147.0
325430,"medium (2-2/3"" dia)",161.0
325430,"large (2-3/4"" dia)",173.0
325430,"extra large (3"" dia)",225.0
325430,NLEA,147.0
325524,1 cup,127.0
325658,medium,86.6
325871,1 slice,27.3
325992,1 link,27.9
325992,1 package,450.0
326135,regular,21.9
326135,thin,10.9
326196,cooked,118.0
326698,1 teaspoon,6.0
326698,1 cup,249.0
326905,1 cup,149.0
326905,1 each,8.4
327198,cubes,160.0
327198,diced,156.0
327198,"large (about 6-1/2"" dia)",814.0
327198,large (1/8 of large melon),102.0
327198,"medium (about 5"" dia)",552.0
327198,medium (1/8 of medium melon),69.0
327198,"small (about 4-1/4"" dia)",441.0
327198,small (1/8 of small melon),55.0
327198,balls,138.0
327357,slices,143.0
327357,"2-1/3"" dia",129.0
327357,"2-1/2"" dia",142.0
327357,"2-3/4"" dia",156.0
327357,NLEA,140.0
327501,sections no membranes,165.0
327501,"2-7/8"" dia",140.0
327923,1 bunch,581.0
328637,1 slice,17.0
328637,shredded,105.0
328841,1 cup,220.0
329370,1 cup,86.2
329490,1 oz,28.4
329490,sifted,85.0
329490,1 tablespoon,5.0
329596,1 oz,28.4
329716,1 oz,28.4
329716,sifted,67.0
329716,1 tablespoon,4.0
329830,grated,97.3
330137,1 container,156.0
330415,5.3 oz,150.0
330458,liquid oil,11.6
330869,crumbles,155.0
331897,without skin,94.7
331897,with skin,104.0
331960,1 piece,174.0
332282,1/2 cup,135.0
332397,1 slice,13.5
332597,slices,140.0
332597,small,148.0
332597,medium,178.0
332597,large,230.0
332791,1 olive,3.2
332864,medium,80.4
332864,long,186.0
332864,ground,185.0
333008,1 cookie,27.0
333281,1 cup,245.0
333374,1 fillet,176.0
333476,1 fillet,177.0
334194,drained solids,107.0
334194,total can contents,142.0
334247,1 teaspoon,4.0
334247,1 cup,188.0
334462,1 order,611.0
334462,3 pieces,41.8
334536,1 cup,133.0
334628,1 piece,142.0
334720,1 piece,126.0
334849,raw,284.0
334897,cooked,462.0
334898,raw,690.0
334963,raw,788.0
335061,cooked,360.0
335109,raw,525.0
335240,1 slice,32.1
746771,sections no membranes,165.0
746771,"2-7/8"" dia",140.0
746773,slices,140.0
746773,small,148.0
746773,medium,178.0
746773,large,230.0
746952,1 slice,16.2
747429,1 slice,16.0
747997,white,34.0
748236,yolk,17.0
748967,whole without shell,50.3
749420,1 slice,6.3
790577,Edible,197.0
790646,Edible,143.0
790774,Peeled,110.0
790991,Peeled,115.0
167512,serving,34.0
167513,serving 1 roll with icing,44.0
167514,serving,28.0
167515,serving,57.0
167516,"waffle, square",39.0
167516,"waffle, round",38.0
167517,oz,28.0
167517,"waffle round (4"" dia)",33.0
167518,waffle,35.0
167519,"waffle, round (4""dia)",32.0
167520,oz,28.4
167520,crust,183.0
167521,crust,182.0
167522,"pie 1 pie (1/8 of 9"" pie)",131.0
167522,slice,137.0
167522,pie,1137.0
167522,oz,28.4
167523,pie crust (average weight),225.0
167524,waffles,70.0
167525,piece,12.3
167525,"pieces (mean serving weight, aggregated over brands)",37.0
167526,serving (approximate serving size),55.0
167526,cake square (average weight of whole item),399.0
167527,serving,55.0
167527,cake square,622.0
167528,piece,86.0
167529,serving (1 NLEA serving - about 4 crackers),30.0
167529,cracker,12.7
167530,crackers (1 NLEA serving),31.0
167530,cracker,3.1
167531,crackers (1 NLEA serving),32.0
167531,cracker,3.1
167532,slice,28.0
167533,bagel,98.0
167534,oz,113.0
167535,tortilla,49.0
167535,package,484.0
167536,oz,28.4
167536,"piece, large",20.0
167537,oz,28.0
167537,oz,28.4
167537,bag (7 oz),198.0
167538,oz,28.4
167538,bag (7 oz),198.0
167539,oz,28.4
167540,oz,28.4
167540,package,27.0
167540,packet (.75 oz),21.0
167541,large,21.0
167541,small,14.0
167542,bar,21.0
167542,bar (1 oz),28.0
167542,bar,25.0
167543,oz,28.4
167543,bar,24.0
167544,bar (1.5 oz),43.0
167544,bar (1 oz),28.0
167545,bar (1.25 oz),35.0
167545,bar (1 oz),28.0
167546,serving,40.0
167547,oz,28.4
167547,bar,37.0
167548,bar (1 oz),28.0
167549,cup,11.0
167549,oz,28.4
167550,cake,10.0
167550,cakes,20.0
167551,oz (approx 2/3 cup),28.4
167551,oz,57.0
167552,oz,28.4
167553,oz,28.4
167553,can (6 oz),170.0
167554,oz,28.4
167554,can (6.75 oz),198.0
167555,oz,28.4
167555,twists,60.0
167556,oz,28.4
167556,pretzel,11.0
167557,cake,9.0
167557,cakes,18.0
167558,oz,28.4
167558,bag,213.0
167559,oz,28.4
167560,oz,28.4
167560,bag (7 oz),198.0
167561,cup,150.0
167561,oz,28.4
167561,oz,42.0
167562,package 1.76 oz,49.0
167562,bar snack size,19.0
167563,pieces,40.0
167564,serving 6 pieces,40.0
167565,serving 2.1 oz bar,60.0
167565,serving 1 fun size bar 0.65 oz,18.0
167565,serving 0.75 oz bar,21.0
167565,bar bite size,7.0
167565,bar king size,108.0
167565,Butterfinger BB's,26.0
167565,tbsp,25.0
167565,cup BB's,174.0
167566,piece,6.6
167566,bar 2.25 oz,64.0
167566,serving 6 pieces,40.0
167567,oz,28.4
167568,oz square Bakers,29.0
167568,"cup, grated",132.0
167568,oz Hersheys,14.2
167569,cup chips,170.0
167570,cup chips,168.0
167570,oz,28.4
167571,bar (3 oz),85.0
167571,tbsp,14.0
167571,cup chips,170.0
167572,serving 1/2 cup,76.0
167573,cup,107.0
167574,cup,153.0
167574,recipe yield,1531.0
167575,serving 1/2 cup,66.0
167576,serving 1/2 cup,88.0
167577,cup (4 fl oz),74.0
167577,bar (2.75 fl oz),66.0
167578,piece,16.0
167579,oz,28.4
167580,oz,28.4
167581,package 1.375 oz,39.0
167581,serving 0.25 cup,41.0
167581,serving fun size,48.0
167582,serving 2.1 oz bar,60.0
167582,serving fun size bar 0.65 oz,18.0
167583,pieces 1.6oz,45.0
167584,serving 1/4 cup,73.0
167585,serving,68.0
167585,unit,100.0
167586,serving 1.4 oz bar,40.0
167587,"bar, miniature",7.0
167587,bar (1.55 oz),44.0
167587,cup chips,168.0
167588,cup From 19191,147.0
167589,cup From 19211,142.0
167590,roll,69.0
167591,crackers,3.9
167592,cookies,44.0
167593,cookies,45.0
167594,goldfish,5.2
167595,goldfish,5.3
167596,goldfish,5.1
167597,slice,34.0
167598,slice,28.0
167599,slice,25.0
167600,roll,44.0
167601,pancake,48.0
167601,box,352.0
167602,cup,5.0
167603,cup,25.0
167604,cup unprepared,159.0
167605,cup prepared,130.0
167606,fries,51.0
167632,oz,28.4
167633,oz,28.4
167634,oz,28.4
167635,piece,152.0
167636,piece,186.0
167653,oz,28.4
167657,serving varied from 2-3 tacos per serving,324.0
167658,serving varied from 1 to 3 tacos per serving,281.0
167658,taco,134.0
167658,taco,279.0
167658,taco,389.0
167659,cup,141.0
167660,piece,89.0
167662,piece,117.0
167663,piece,122.0
167664,piece,166.0
167665,cup,116.0
167666,cup,148.0
167667,piece,89.0
167669,serving,198.0
167670,steak,151.0
167671,serving,257.0
167671,cup,149.0
167672,serving,165.0
167673,steak,107.0
167674,order,623.0
167674,pieces,73.0
167675,order,535.0
167675,pieces,53.0
167676,order,604.0
167677,order,741.0
167677,cup,136.0
167678,order,693.0
167678,cup,153.0
167679,order,648.0
167679,pieces,63.0
167680,serving,554.0
167681,tsp,8.0
167682,fl oz assumed specific gravity of honey,28.4
167683,bar,78.0
167684,tbsp,15.0
167684,cup,245.0
167685,cup pieces,138.0
167685,cubic inch,14.0
167685,"slice, medium",28.0
167685,"slice, thick",43.0
167685,"slice, thin",14.0
167686,cup,137.0
167687,cup,75.0
167688,cup,94.0
167688,packet,3.0
167689,serving 1.63 oz singles bag,46.0
167689,cup,203.0
167689,piece,2.2
167690,tbsp,15.0
167690,jar NFS,113.0
167690,jar Beech-Nut Stage 2 (4 oz),113.0
167691,tbsp,13.0
167691,cup,207.0
167692,tbsp,16.0
167692,cup,249.0
167693,tbsp,16.0
167693,cup,260.0
167694,"cup, cooked",130.0
167694,oz,28.0
167694,"oz cooked, yield",21.0
167694,"patty, cooked",25.0
167695,tbsp,15.0
167695,cup,240.0
167696,frankfurter,57.0
167696,"cup, sliced",151.0
167697,cup,245.0
167697,fl oz,30.6
167698,links 1 NLEA serving,45.0
167698,links 1 NLEA serving,60.0
167699,tbsp,17.0
167699,cup,265.0
167700,tbsp,16.0
167700,cup,256.0
167701,serving 1.76 oz bar,50.0
167701,bar fun size,19.0
167701,serving 5 miniatures,41.0
167702,tbsp,13.6
167702,cup,218.0
167703,oz,113.0
167703,cup,227.0
167704,tbsp,15.0
167704,cup,240.0
167705,"cup, grated",100.0
167705,tbsp,5.0
167706,tablespoon,17.0
167707,tsp,2.0
167708,cup,242.0
167708,fl oz,30.2
167709,"oz with bone, cooked (yield after bone removed)",85.0
167709,"cubic inch, boneless",17.0
167710,"oz with bone, cooked (yield after bone removed)",85.0
167710,"cubic inch, boneless",17.0
167711,cup,244.0
167711,fl oz,30.5
167712,oz,85.0
167712,slice cooked,8.0
167713,oz,85.0
167713,"medium slice (approx 3"" x 2"" x 1/4"")",28.0
167713,"thick slice (approx 3"" x 2"" x 3/8"")",42.0
167715,cup (1 NLEA serving),59.0
167716,oz,113.0
167716,cup,226.0
167717,tsp,6.0
167718,fl oz,31.2
167718,bottle Earth's Best (4.2 fl oz),131.0
167718,bottle Heinz Strained (4 fl oz),125.0
167718,bottle Gerber First Food (4 fl oz),125.0
167718,bottle Beech-Nut Stage I (4 fl oz),125.0
167718,bottle NFS,125.0
167719,"cup, diced",130.0
167719,cup pieces,168.0
167719,piece,36.0
167720,jar NFS,179.0
167721,oz,71.0
167722,cup,262.0
167723,fl oz,29.1
167724,cup,21.0
167725,cup (1 NLEA serving),50.0
167726,tbsp,15.0
167726,jar NFS,113.0
167726,jar Gerber Second Food (4 oz),113.0
167726,jar Beech-Nut Stage 2 (4 oz),113.0
167726,jar Heinz Strained-2 (4.25 oz),120.0
167727,cup,252.0
167727,fl oz,31.5
167728,tbsp,2.5
167729,fl oz,31.2
167729,bottle Heinz Strained (4 fl oz),125.0
167729,bottle NFS,125.0
167729,bottle Beech-Nut Stage 2 (4 fl oz),125.0
167729,bottle Gerber Second Foods (4 fl oz),125.0
167730,cup,244.0
167730,fl oz,30.5
167731,serving,15.0
167732,tbsp,15.0
167732,jar NFS,113.0
167732,jar Beech-Nut Baby's First (2.5 oz),71.0
167732,jar Beech-Nut Stage I (4 oz),113.0
167732,jar Gerber First Foods (2.5 oz),71.0
167732,jar Earth's Best (4.5 oz),128.0
167732,jar Heinz Beginner-1 (2.5 oz),71.0
167733,tbsp,15.0
167733,jar NFS,113.0
167733,jar Gerber Second Food (4 oz),113.0
167734,oz,28.4
167734,bar,37.0
167735,"cup, diced",132.0
167735,"cup, shredded",113.0
167735,cubic inch,18.0
167735,slice (1 oz),28.0
167736,tbsp,15.0
167736,cup,239.0
167737,tablespoon,14.0
167737,teaspoon,4.5
167738,serving,151.0
167738,cup,262.0
167739,fl oz,36.0
167739,serving 2 fl oz,71.0
167739,can 10 fl oz,355.0
167740,serving,9.9
167740,package,40.0
167741,serving,113.0
167741,cup,260.0
167742,oz,85.0
167743,serving,21.0
167744,oz,85.0
167745,oz,85.0
167746,"cup, sections",212.0
167746,"fruit (2-1/8"" dia)",58.0
167746,"fruit (2-3/8"" dia)",84.0
167746,"wedge or slice (1/8 of one 2-1/8"" dia lemon)",7.0
167746,NLEA serving,58.0
167747,cup,244.0
167747,fl oz,30.5
167747,lemon yields,48.0
167747,wedge yields,5.9
167748,tbsp,15.0
167748,tsp,5.0
167748,fl oz,30.5
167748,cup,244.0
167749,tbsp,6.0
167749,tsp,2.0
167750,cup,149.0
167750,fruit without refuse,103.0
167751,"cup, pitted",248.0
167752,"cup, pitted",248.0
167753,cup,256.0
167753,fl oz,32.0
167754,"cup, sections",190.0
167754,fruit without refuse,609.0
167755,cup,123.0
167755,"pint as purchased, yields",312.0
167755,raspberries,19.0
167756,cup,256.0
167757,"cup, thawed",250.0
167757,package (10 oz),284.0
167758,"cup, diced",122.0
167758,stalk,51.0
167759,"cup, pulp",241.0
167759,sapodilla,170.0
167760,"cup 1"" pieces",175.0
167760,fruit without refuse,558.0
167761,"cup, pulp",225.0
167761,"fruit (7"" x 5-1/4"" dia)",625.0
167763,"cup, pulp",120.0
167763,"fruit (3"" x 1"")",2.0
167764,cup,257.0
167765,"cup, balls",154.0
167765,"cup, diced",152.0
167765,"melon (15"" long x 7-1/2"" dia)",4518.0
167765,wedge (approx 1/16 of melon),286.0
167765,watermelon balls,122.0
167765,NLEA serving,280.0
167766,cherry (NLEA serving),5.0
167767,"cup, chunks",181.0
167767,"cup, crushed",195.0
167767,"cup, sliced",162.0
167767,spear,26.0
167768,"cup, halves",219.0
167768,"cup, whole",182.0
167769,cup,168.0
167770,cup,179.0
167771,cup,248.0
167771,fl oz,31.0
167772,cup,244.0
167773,cup,255.0
167774,cup,247.0
167774,fruit yields,196.0
167775,cup,239.0
167775,fl oz,29.9
167777,small,126.0
167777,medium,157.0
167777,large,223.0
167777,"cup, sliced",140.0
167778,"cup, sliced",140.0
167778,small,159.0
167778,medium,179.0
167778,large,219.0
167779,"cup, sliced",140.0
167779,small,172.0
167779,medium,202.0
167779,large,242.0
167780,tbsp,36.0
167782,cup,114.0
167783,cup,114.0
167784,cup,251.0
167785,cup,251.0
167786,cup,251.0
167787,cup,249.0
167787,fl oz,31.4
167788,fruit without pits,11.1
167789,"cup without pits, thawed",112.0
167789,"fruit without pits, thawed",9.8
167790,cup thawed,120.0
167791,cup,233.0
167791,"fruit (4-2/3"" long x 2-3/4"" dia)",209.0
167792,fl oz,246.0
167793,"cup, sliced",109.0
167793,large,236.0
167793,medium,192.0
167793,small,158.0
167794,cup,249.0
167794,fl oz,31.1
167795,fl oz,240.0
167796,cup,275.0
167797,cup,252.0
167798,cup,230.0
167799,cup,233.0
167800,fl oz,177.0
167800,fl oz,295.0
167801,tbsp,15.0
167801,tsp,5.2
167802,tbsp,15.0
167802,tsp,5.0
167803,cup,70.0
167804,cup,70.0
167805,fl oz,248.0
167807,cup,269.0
167807,fl oz,31.5
167810,oz,28.4
167810,lb,453.6
167811,oz,113.0
167811,lb,453.6
167812,oz,113.0
167812,lb,453.6
167813,oz,28.4
167813,oz,113.0
167814,oz,113.0
167814,lb,453.6
167815,"cup, diced",135.0
167815,oz,85.0
167816,oz,113.0
167816,lb,453.6
167816,roast,3952.0
167817,oz,85.0
167817,roast,3027.0
167818,oz,113.0
167818,"chop, excluding refuse (yield from 1 raw chop, with refuse, weighing 151 g)",117.0
167819,oz,85.0
167819,"chop, excluding refuse (yield from 1 raw chop, with refuse, weighing 151 g)",89.0
167820,oz,85.0
167820,"chop, excluding refuse (yield from 1 raw chop, with refuse, weighing 151 g)",87.0
167821,oz,85.0
167821,"chop, excluding refuse (yield from 1 raw chop, with refuse, weighing 151 g)",89.0
167822,oz,113.0
167822,chop,263.0
167823,oz,85.0
167823,chop,206.0
167824,oz,85.0
167824,chop,219.0
167825,oz,85.0
167825,roast,830.0
167826,oz,85.0
167826,chop,187.0
167827,oz,85.0
167827,"chop without refuse (Yield from 1 cooked chop, with refuse, weighing 209g)",157.0
167828,oz,85.0
167828,roast,900.0
167829,oz,113.0
167829,"chop without refuse (Yield from 1 raw chop, with refuse, weighing 259g)",178.0
167830,oz,85.0
167830,chop,187.0
167831,"chop without refuse (Yield from 1 cooked chop, with refuse, weighing 172g)",112.0
167831,oz,85.0
167832,oz,85.0
167832,roast,783.0
167833,oz,113.0
167833,"chop, excluding refuse (yield from 1 raw chop, with refuse, weighing 151 g)",86.0
167834,oz,85.0
167834,chop,180.0
167835,oz,85.0
167835,chop,195.0
167836,oz,85.0
167836,"roast without refuse (Yield from 1 cooked roast, with refuse, weighing 1515g)",1046.0
167837,oz,113.0
167837,lb,453.6
167837,"roast without refuse (Yield from 1 raw roast, with refuse, weighing 1818g)",1217.0
167838,oz,85.0
167838,chop,180.0
167839,oz,113.0
167839,chop,185.0
167840,chop,135.0
167841,chop,145.0
167841,oz,85.0
167842,oz,85.0
167842,roast,848.0
167843,oz,113.0
167843,lb,453.6
167844,"cup, diced",135.0
167844,oz,85.0
167845,oz,28.4
167845,lb,453.6
167846,"cup, diced",135.0
167846,oz,85.0
167847,oz,85.0
167847,roast,2252.0
167848,oz,85.0
167848,"piece, cooked, excluding refuse (yield from 1 lb raw meat with refuse)",191.0
167849,oz,113.0
167849,"steak without refuse (Yield from 1 raw steak, with refuse, weighing 380g)",288.0
167849,lb,453.6
167850,oz,85.0
167850,"steak without refuse (Yield from 1 cooked steak, with refuse, weighing 249g)",185.0
167851,oz,85.0
167851,"steak, excluding refuse (yield from 1 raw steak, with refuse, weighing 300 g)",169.0
167852,oz,85.0
167852,"piece, cooked, excluding refuse (yield from 1 lb raw meat with refuse)",238.0
167853,oz,113.0
167854,oz,85.0
167854,"piece, cooked, excluding refuse (yield from 1 lb raw meat with refuse)",177.0
167855,oz,85.0
167855,"piece, cooked, excluding refuse (yield from 1 lb raw meat with refuse)",231.0
167856,oz,85.0
167857,oz,28.4
167857,ear,113.0
167858,ear (yield after cooking),111.0
167858,"unit, cooked (yield from 1 lb raw meat)",422.0
167859,oz,113.0
167860,cup,140.0
167860,oz,85.0
167861,oz,28.4
167861,oz,113.0
167862,oz,28.4
167862,oz,113.0
167863,oz,85.0
167864,oz,28.4
167864,lb,453.6
167865,oz,28.4
167865,oz,113.0
167866,oz,85.0
167867,oz,28.4
167867,oz,113.0
167868,oz,85.0
167868,chop,215.0
167869,oz,85.0
167869,slices (6 per 6-oz pkg.),57.0
167869,package (6 oz),170.0
167870,oz,85.0
167870,lb,453.6
167871,cup,140.0
167871,oz,85.0
167872,cup,140.0
167872,oz,85.0
167873,oz,28.4
167873,patty,65.0
167874,oz,28.4
167874,slice,57.0
167875,cup,140.0
167875,oz,28.4
167876,oz,85.0
167876,cup,140.0
167877,oz,28.4
167877,oz,85.0
167878,oz,28.4
167878,oz,85.0
167879,cup,140.0
167879,oz,85.0
167880,cup,140.0
167880,oz,85.0
167881,oz,85.0
167881,"piece, cooked, excluding refuse (yield from 1 lb raw meat with refuse)",275.0
167882,oz,85.0
167882,chop,172.0
167883,oz,85.0
167883,chop,169.0
167884,oz,85.0
167884,chop,215.0
167885,oz,85.0
167885,cup,140.0
167886,cup,140.0
167886,oz,85.0
167887,oz,85.0
167887,chop,142.0
167888,oz,28.4
167888,lb,453.6
167889,oz,113.0
167889,"chop, excluding refuse (yield from 1 raw chop, with refuse, weighing 113 g)",101.0
167890,oz,85.0
167890,"chop, excluding refuse (yield from 1 raw chop, with refuse, weighing 113 g)",81.0
167891,oz,85.0
167891,"chop, excluding refuse (yield from 1 raw chop, with refuse, weighing 113 g)",80.0
167892,oz,85.0
167892,"chop, excluding refuse (yield from 1 raw chop, with refuse, weighing 113 g)",75.0
167893,oz,85.0
167893,"chop, excluding refuse (yield from 1 raw chop, with refuse, weighing 113 g)",66.0
167894,oz,85.0
167894,"piece, cooked, excluding refuse (yield from 1 lb raw meat with refuse)",283.0
167895,oz,113.0
167895,"rib without refuse (Yield from 1 raw rib, with refuse, weighing 196g)",128.0
167896,"rib without refuse (Yield from 1 cooked rib, with refuse, weighing 140g)",86.0
167896,oz,85.0
167897,rack,138.0
167898,oz,85.0
167898,"chop, excluding refuse (yield from 1 raw chop, with refuse, weighing 113 g)",82.0
167899,oz,85.0
167899,chop,159.0
167900,oz,85.0
167900,roast,638.0
167901,oz,113.0
167901,chop,210.0
167902,oz,28.4
167902,oz,113.0
167903,oz,85.0
167904,oz,85.0
167904,"chop, excluding refuse (yield from 1 raw chop, with refuse, weighing 113 g)",76.0
167905,oz,85.0
167905,roast,402.0
167906,oz,85.0
167906,"piece, cooked, excluding refuse (yield from 1 lb raw meat with refuse)",261.0
167907,oz,28.4
167907,lb,453.6
167908,oz,85.0
167908,"piece, cooked, excluding refuse (yield from 1 lb raw meat with refuse)",236.0
167909,serving,84.0
167910,oz,112.0
167911,serving,56.0
167912,oz,85.0
167912,chop boneless,150.0
167913,oz,85.0
167913,chop boneless (yield from 189g raw meat),150.0
167914,oz,85.0
167914,slice cooked,8.1
167915,serving (3 oz),85.0
167915,roast rump,2970.0
167916,oz,85.0
167917,oz (3 oz),85.0
167917,roast shank,3054.0
167918,oz (3 oz),85.0
167918,slice,436.0
167919,oz (3 oz),85.0
167919,roast rump,2673.0
167920,serving (3 oz),85.0
167920,roast shank,3170.0
167921,biscuit,34.0
167922,"eclair, frozen",59.0
167923,serving,43.0
167924,serving,16.0
167925,cracker 1 cracker = 6.5g,39.0
167925,sandwich,6.5
167926,oz,28.4
167926,pancake,38.0
167926,serving (3 pancakes),144.0
167927,piece,53.0
167927,oz,28.4
167928,pastry,51.0
167929,muffin small,71.0
167929,oz,28.4
167930,pie crust,198.0
167931,pie crust (average weight),202.0
167932,pie crust (average weight),229.0
167933,serving,29.0
167933,cracker,4.2
167933,"Triscuits, regular size",29.0
167934,serving,29.0
167934,cracker,1.8
167934,"crackers, Wheat Thins",29.0
167935,slice (average weight of 1 slice),63.0
167936,piece,42.0
167937,slice,39.0
167937,loaf,311.0
167938,piece (1 serving),42.0
167939,slice presliced,43.0
167939,slice,59.0
167940,bun,65.0
167941,serving,30.0
167942,serving,14.0
167943,slice,32.0
167944,slice,48.0
167945,piece,57.0
167946,bar,35.0
167947,bar,35.0
167948,oz,28.4
167948,oz,57.0
167949,oz crunchy (about 21 pieces),28.4
167949,oz puffs (about 13 pieces),28.4
167950,oz,28.4
167950,oz,57.0
167950,cup,85.0
167951,bar (1 oz),28.0
167952,oz,28.4
167952,bar,24.0
167953,cup,334.0
167953,cup,84.0
167954,bar (1 oz),28.0
167955,bar (1 oz),28.0
167956,tablespoon,34.0
167957,serving,20.0
167958,oz,28.4
167958,oz,57.0
167959,cup,8.0
167959,oz,28.4
167960,cup,11.0
167960,oz,28.4
167961,oz,28.4
167961,oz,14.2
167962,oz,28.4
167962,bag (7 oz),198.0
167963,oz,28.4
167963,bag (7 oz),198.0
167964,oz,28.4
167964,pieces,30.0
167965,oz,28.4
167965,oz,57.0
167966,cake,9.0
167966,cakes,18.0
167967,cake,9.0
167967,cakes,18.0
167968,cup,140.0
167968,oz,28.4
167968,oz,42.0
167969,cup,146.0
167969,oz,28.4
167969,oz,42.0
167970,oz,28.4
167970,bag (8 oz),227.0
167971,serving 6 pieces,40.0
167971,piece,6.6
167972,oz,28.4
167972,pieces,16.0
167973,oz,28.4
167973,bar (3 oz),87.0
167974,package (2.5 oz),71.0
167974,piece,10.1
167975,bar 1.25 oz,35.0
167975,bar 1.6 oz,45.0
167975,blocks,43.0
167976,serving,14.5
167976,cup large chips,182.0
167976,cup mini chips,173.0
167976,oz (approx 60 pcs),28.4
167976,cup chips (6 oz package),168.0
167977,oz,28.4
167977,bar (1.45 oz),41.0
167978,"patty, large",43.0
167978,"patty, small",11.0
167979,pieces,41.0
167980,cup chips,170.0
167980,oz,28.4
167981,cup (4 fl oz),86.0
167982,patty 1.5 oz,43.0
167983,pieces,40.0
167984,bar 1.5 oz,42.0
167984,bar 2.4 oz,68.0
167985,bar 2 oz,56.0
167985,bar snack size,16.0
167986,oz,28.4
167987,piece,17.0
167988,oz,28.4
167989,cup gumdrops,182.0
167989,gumdrops,36.0
167989,gummy bears,22.0
167989,gummy dinosaurs,63.0
167989,gummy fish,50.0
167989,gummy worms,74.0
167989,spice stick,9.5
167989,spice drop,24.0
167989,"gumdrop, small (1/2"" dia)",3.2
167989,"gumdrop, medium (3/4"" dia)",4.2
167989,"gumdrop, large (1"" dia)",11.6
167989,"jelly ring (1-1/4"" dia)",10.0
167990,oz,28.4
167990,piece,6.0
167990,"piece, small",3.0
167991,small,11.0
167991,large (1 oz),28.0
167992,bar (1.5 oz),42.0
167992,"bar, miniature (.35 oz)",10.0
167992,bar (1.625 oz),46.0
167992,bar (2.8 oz),78.0
167992,bar (3.375 oz),96.0
167993,bar 1.45 oz,41.0
167993,bar 2 oz,56.0
167993,blocks,37.0
167994,bar (1.76 oz),50.0
167995,cup of miniature,50.0
167995,miniatures,7.0
167995,regular,7.2
167996,oz,28.4
167997,bar 2 oz,57.0
167997,serving fun size bar,26.0
167998,cup From 19211,142.0
167999,tablet,20.0
168000,serving 2 TBSP,37.0
168001,cup,149.0
168001,pieces,40.0
168002,cookies,30.0
168003,cookies,23.0
168004,crackers,7.4
168005,goldfish,5.2
168006,goldfish,5.3
168007,cookies,44.0
168008,roll,78.0
168010,roll,36.0
168011,waffle,47.0
168011,box,255.0
168012,crackers,8.4
168013,oz,28.4
168013,slice regular,26.0
168013,slice large,41.0
168014,oz,28.4
168014,Arrowroot biscuit (include Arrowroot cookie),4.9
168014,cracker,2.5
168014,individual box (2 oz),57.0
168015,oz,85.0
168016,oz,85.0
168041,serving,197.0
168042,serving,308.0
168043,serving,411.0
168044,serving,303.0
168062,serving,301.0
168063,serving,283.0
168063,cup,253.0
168064,serving,461.0
168064,cup,146.0
168065,serving,590.0
168065,cup,157.0
168066,serving,653.0
168066,cup,115.0
168068,cup,246.0
168069,cup,200.0
168070,piece,98.0
168071,piece,70.0
168072,order,574.0
168073,serving,103.0
168073,piece,36.0
168074,serving,149.0
168075,serving,178.0
168075,piece,124.0
168076,serving,228.0
168076,piece,27.0
168077,piece,16.0
168077,serving,100.0
168078,serving,180.0
168078,cup,134.0
168079,serving 4 pieces in serving,67.0
168079,piece,16.0
168080,order,601.0
168081,order,706.0
168081,pieces,55.0
168083,order,604.0
168084,order,777.0
168084,cup,195.0
168085,serving,525.0
168086,serving,537.0
168087,order,547.0
168088,tbsp,20.0
168088,tsp,6.7
168089,"cup, shredded",113.0
168089,cubic inch,18.0
168090,fl oz,31.5
168090,bottle NFS,126.0
168091,fl oz,31.5
168091,bottle NFS,126.0
168092,cup pieces,138.0
168092,cubic inch,20.0
168093,tbsp,13.4
168093,fl oz,26.0
168094,tbsp,14.6
168094,cup,231.0
168095,oz,28.4
168096,tbsp,14.0
168096,cup,216.0
168097,fl oz,30.0
168097,cup,242.0
168098,"cup, diced",132.0
168098,"cup, shredded",113.0
168098,cubic inch,17.0
168098,slice (1 oz),28.0
168099,tbsp,17.0
168099,cup,264.0
168100,tbsp,15.0
168100,cup,234.0
168101,slice,28.0
168101,cubic inch,14.0
168101,"slice, medium",28.0
168101,"slice, thick",43.0
168101,"slice, thin",14.0
168102,cookie 2011 label,51.0
168103,cup,186.0
168104,cup,174.0
168105,cup,174.0
168107,cubic inch,4.2
168108,serving 1.31 oz bag,37.0
168108,serving about 1/4 cup,42.0
168108,cup,195.0
168108,piece,3.4
168109,tbsp,17.0
168109,cup,269.0
168110,"oz, boneless",85.0
168110,"cubic inch, boneless",17.0
168111,oz,85.0
168111,lb,453.0
168112,tbsp,14.5
168112,cup,232.0
168113,fl oz,29.8
168113,bar,74.0
168114,oz,113.0
168114,cup,226.0
168115,tbsp,14.0
168115,cup,224.0
168116,cup,26.0
168116,"bag, single serving",28.0
168116,chips,18.0
168117,cup,253.0
168117,fl oz,31.6
168118,cup pieces,138.0
168118,"slice, medium",28.0
168118,"slice, thick",43.0
168118,"slice, thin",14.0
168119,cup,144.0
168120,"oz, boneless",85.0
168120,"medium slice (approx 3"" x 2"" x 1/4"")",28.0
168120,"thick slice (approx 3"" x 2"" x 3/8"")",42.0
168121,"cup, diced",140.0
168121,"cup, shredded",113.0
168121,cubic inch,18.0
168121,slice,21.0
168122,tsp dry,1.7
168123,cup (8 fl oz),240.0
168123,fl oz,30.0
168124,slice,28.0
168124,cubic inch,15.0
168124,"cup, shredded",108.0
168124,"cup, diced",132.0
168125,tbsp,16.0
168126,"medium (2-1/2"" dia)",36.0
168126,"roll (pan, dinner, or small roll) (2"" square, 2"" high)",28.0
168127,"cup, crushed",88.0
168127,"bag, single serving",28.0
168127,chips,18.0
168128,cup,253.0
168129,cup,58.0
168130,bar,54.0
168131,frankfurter,57.0
168131,"cup, sliced",151.0
168132,serving 1.75 fl oz pop,55.0
168133,tbsp,15.0
168133,jar NFS,113.0
168133,jar Gerber Second Food (4 oz),113.0
168133,jar Beech-Nut Stage 2 (4 oz),113.0
168133,jar Heinz Strained-2 (4 oz),113.0
168134,tbsp,15.0
168134,jar NFS,113.0
168134,jar Heinz Strained-2 (4 oz),113.0
168135,tbsp,15.0
168135,jar NFS,113.0
168135,jar Gerber Second Food (4 oz),113.0
168135,jar Beech-Nut Stage 2 (4 oz),113.0
168135,jar Heinz Strained-2 (4.25 oz),120.0
168136,cup,148.0
168136,cubic inch,10.2
168137,"cup, crushed",63.0
168137,chips,16.0
168138,cup (1 NLEA serving),30.0
168139,oz,28.4
168140,tbsp,15.0
168141,slice (1 oz),28.0
168141,cubic inch,15.0
168141,"cup, shredded",108.0
168141,"cup, diced",132.0
168142,serving,0.1
168143,serving,9.9
168143,"package 1.4 oz box, 4 servings",40.0
168144,fl oz,118.0
168145,tbsp,19.0
168145,cup,300.0
168146,serving,8.0
168146,package 4 servings,32.0
168148,leg,45.0
168149,"piece (5-1/2"" x 1-1/2"" x 1/2"")",80.0
168149,"cubic inch, boneless",17.0
168149,"cup, cooked",136.0
168150,cup,135.0
168150,fruit,9.0
168154,fruit without refuse,19.0
168155,"fruit (2"" dia)",67.0
168155,NLEA serving,67.0
168156,cup,242.0
168156,fl oz,30.8
168156,lime yields,44.0
168157,cup,246.0
168157,fl oz,30.8
168158,cup,40.0
168159,cup,234.0
168159,prunes with liquid,86.0
168160,cup,132.0
168161,cup,280.0
168162,"cup, pitted",174.0
168162,"prune, pitted",9.5
168163,fruit without refuse,92.0
168164,"cup, packed",165.0
168164,cup (not packed),145.0
168165,"cup, packed",165.0
168165,cup (not packed),145.0
168165,miniature box (.5 oz),14.0
168165,small box (1.5 oz),43.0
168165,raisins,26.0
168165,oz (60 raisins),28.4
168166,"cup, packed",165.0
168166,cup (not packed),145.0
168167,"cup, drained",150.0
168167,cup,214.0
168167,fruit,9.0
168168,"cup, diced",137.0
168169,cup,240.0
168170,"cup, without refuse",57.0
168172,cup,254.0
168173,"cup, thawed",221.0
168173,"cup, unthawed",149.0
168173,berry,10.6
168173,package (20 oz),567.0
168174,"cup, thawed",255.0
168174,package (10 oz),284.0
168175,"cup, pulp",250.0
168175,"fruit (2-7/8"" dia)",155.0
168176,"cup, pureed",243.0
168176,fruit without peel,42.0
168176,"cup 1/2"" chunks",205.0
168177,"fruit 2-1/4"" high x 2-1/2"" dia",122.0
168177,"fruit 3-3/8"" high x 3"" diameter",275.0
168178,cup,214.0
168179,cup,244.0
168180,cup,319.0
168181,cup,222.0
168181,half,73.0
168181,slice,12.7
168182,cup,201.0
168182,half,48.0
168183,"cup, with pits, yields",183.0
168184,cup,189.0
168185,cup,220.0
168186,cup,250.0
168186,fl oz,31.2
168187,cup,250.0
168187,fl oz,31.3
168188,can (6 fl oz),211.0
168189,cup,251.0
168189,fl oz,246.0
168190,"cup, drained",178.0
168191,"date, pitted",24.0
168192,"cup, chopped or diced",243.0
168192,fruit,602.0
168193,"cup, chunks",165.0
168193,"slice (4-2/3"" dia x 3/4"" thick)",175.0
168193,fruit,1002.0
168193,NLEA serving,112.0
168194,"cup, chunks",165.0
168194,"slice (4-2/3"" dia x 3/4"" thick)",166.0
168194,fruit,905.0
168194,NLEA serving,112.0
168195,fruit,74.0
168196,cup,251.0
168197,fl oz,250.0
168198,fl oz,250.0
168199,cup,118.0
168199,"slices (1/4"" thick)",53.0
168200,cup,169.0
168201,"cup, sliced",109.0
168201,large,260.0
168201,medium,212.0
168201,small,158.0
168202,"cup, sliced",109.0
168202,large,215.0
168202,medium,169.0
168202,small,129.0
168203,"cup, sliced",109.0
168203,large,206.0
168203,medium,167.0
168203,small,144.0
168204,"cup, sliced",109.0
168204,large,200.0
168204,medium,172.0
168204,small,157.0
168205,cup,250.0
168205,fl oz,31.3
168206,fl oz,240.0
168207,cup,253.0
168207,fl oz,31.6
168208,cup,227.0
168209,"cup, unthawed",140.0
168210,fl oz,335.0
168211,fruit,81.0
168212,fl oz,200.0
168212,fl oz,240.0
168213,cup,233.0
168214,cup,228.0
168215,plantain,267.0
168216,cup,137.0
168218,oz,85.0
168219,oz,28.4
168219,lb,453.6
168220,oz,113.0
168220,lb,453.6
168221,oz,85.0
168221,oz,28.4
168222,oz,113.0
168222,lb,453.6
168223,"cup, diced",135.0
168223,oz,85.0
168224,oz,113.0
168224,lb,453.6
168225,"cup, diced",135.0
168225,oz,85.0
168226,oz,113.0
168226,lb,453.6
168226,roast,3868.0
168227,oz,85.0
168227,roast,2900.0
168228,oz,113.0
168228,lb,453.6
168228,roast,3868.0
168229,oz,85.0
168229,roast,2900.0
168230,oz,113.0
168230,"chop, excluding refuse (yield from 1 raw chop, with refuse, weighing 151 g)",106.0
168231,oz,85.0
168231,"chop, excluding refuse (yield from 1 raw chop, with refuse, weighing 151 g)",80.0
168232,oz,85.0
168232,"chop, excluding refuse (yield from 1 raw chop, with refuse, weighing 151 g)",79.0
168233,oz,85.0
168233,"chop, excluding refuse (yield from 1 raw chop, with refuse, weighing 151 g)",81.0
168234,oz,113.0
168234,chop,263.0
168235,oz,85.0
168235,chop,206.0
168236,oz,85.0
168236,chop,219.0
168237,oz,85.0
168237,roast,830.0
168238,oz,113.0
168238,"chop without refuse (Yield from 1 raw chop, with refuse, weighing 259g)",199.0
168239,oz,85.0
168239,chop,187.0
168240,"chop without refuse (Yield from 1 cooked chop, with refuse, weighing 209g)",146.0
168240,oz,85.0
168241,oz,85.0
168241,roast,900.0
168242,oz,113.0
168242,"chop without refuse (Yield from 1 raw chop, with refuse, weighing 201g)",133.0
168242,lb,453.6
168243,oz,85.0
168243,chop,187.0
168244,oz,85.0
168244,"chop, excluding refuse (yield from 1 raw chop, with refuse, weighing 151 g)",67.0
168245,oz,85.0
168245,roast,783.0
168246,oz,113.0
168246,lb,453.6
168246,"roast without refuse (Yield from 1 raw roast, with refuse, weighing 1817g)",1327.0
168247,oz,85.0
168247,chop,195.0
168248,"oz (Yield from 1 cooked roast, with refuse, weighing 1515g)",85.0
168248,roast without refuse,985.0
168249,oz,113.0
168249,lb,453.6
168249,roast,505.0
168250,oz,85.0
168250,"piece, cooked, excluding refuse (yield from 1 lb raw meat with refuse)",333.0
168250,roast,402.0
168251,oz,113.0
168251,chop,185.0
168251,lb,453.6
168252,chop,135.0
168253,chop,145.0
168254,oz,85.0
168255,oz,113.0
168255,roast,2745.0
168256,oz,85.0
168256,roast,2252.0
168257,"cup, diced",135.0
168257,oz,85.0
168258,oz,113.0
168258,roast,2745.0
168259,oz,85.0
168259,"piece, cooked, excluding refuse (yield from 1 lb raw meat with refuse)",262.0
168260,oz,113.0
168260,"steak without refuse (Yield from 1 raw steak, with refuse, weighing 379g)",258.0
168261,oz,85.0
168261,steak,249.0
168262,oz,85.0
168262,"steak, excluding refuse (yield from 1 raw steak, with refuse, weighing 300 g)",147.0
168263,oz,113.0
168263,chop,170.0
168264,oz,28.4
168264,oz,113.0
168265,oz,85.0
168266,oz,113.0
168267,oz,28.4
168267,heart,226.0
168268,cup,145.0
168268,heart,129.0
168269,oz,28.4
168269,oz,113.0
168270,oz,113.0
168270,kidney,233.0
168271,oz,85.0
168272,oz,28.4
168272,lb,453.6
168273,oz,28.4
168273,oz,113.0
168274,oz,85.0
168275,oz,28.4
168275,oz,113.0
168276,oz,85.0
168276,"piece, cooked, excluding refuse (yield from 1 lb raw meat with refuse)",231.0
168277,oz,113.0
168277,slice raw,28.0
168277,package,442.0
168278,oz,85.0
168278,slices,68.0
168278,package (12 oz),340.0
168279,oz,85.0
168279,cup,140.0
168280,cup,140.0
168280,oz,85.0
168281,cup,140.0
168281,oz,85.0
168282,oz,28.4
168282,oz,113.0
168283,oz,28.4
168283,oz,113.0
168284,cup,140.0
168284,oz,85.0
168285,oz,85.0
168285,chop,137.0
168286,oz,113.0
168286,chop,170.0
168287,oz,113.0
168287,oz,227.0
168288,oz,28.4
168288,oz,113.0
168289,oz,85.0
168289,"piece, cooked (yield from 1 lb unheated product)",376.0
168290,oz,85.0
168291,oz,28.4
168291,oz,113.0
168292,oz,85.0
168292,chop,172.0
168293,oz,85.0
168293,chop,169.0
168294,chop,142.0
168294,oz,85.0
168295,oz,85.0
168295,cup,140.0
168295,"slice (6-1/4"" x 4"" x 1/16"") (1 oz)",28.0
168296,cup,140.0
168296,oz,85.0
168297,oz,85.0
168297,"piece, cooked, excluding refuse (yield from 1 lb raw meat with refuse)",247.0
168298,oz,85.0
168298,chop,137.0
168299,oz,113.0
168300,oz,85.0
168301,oz,85.0
168301,"piece, cooked, excluding refuse (yield from 1 lb raw meat with refuse)",317.0
168302,oz,113.0
168302,"chop, excluding refuse (yield from 1 raw chop, with refuse, weighing 113 g)",88.0
168303,oz,85.0
168303,"chop, excluding refuse (yield from 1 raw chop, with refuse, weighing 113 g)",72.0
168304,oz,85.0
168304,"chop, excluding refuse (yield from 1 raw chop, with refuse, weighing 113 g)",71.0
168305,oz,113.0
168305,rib,197.0
168306,"rib without refuse (yield from 1 cooked rib, with refuse, weighing 141g)",80.0
168306,oz,85.0
168307,rack,138.0
168308,oz,113.0
168308,chop,210.0
168309,oz,85.0
168309,chop,161.0
168310,oz,85.0
168310,chop,159.0
168311,oz,85.0
168311,roast,638.0
168312,oz,113.0
168312,"roast (Yield from 1 raw roast, with refuse, weighing 504g)",505.0
168313,oz,85.0
168313,"chop, excluding refuse (yield from 1 raw chop, with refuse, weighing 113 g)",73.0
168314,oz,113.0
168314,roast,2195.0
168315,oz,113.0
168315,roast,2195.0
168316,oz,28.4
168316,lb,453.6
168317,oz,112.0
168318,oz,28.0
168318,serving,112.0
168318,oz,112.0
168319,oz,28.4
168319,serving,112.0
168319,oz,112.0
168320,oz,28.0
168320,serving,112.0
168320,oz,112.0
168321,slice cooked,9.1
168322,oz,85.0
168322,slice,11.5
168323,oz,85.0
168324,oz,85.0
168325,oz (3 oz),85.0
168325,slice,446.0
168326,oz (3 oz),85.0
168326,slice,138.0
168327,oz,85.0
168327,serving (3 oz),85.0
168327,roast,1995.0
168328,oz,85.0
168329,oz (3 oz),85.0
168329,slice,189.0
168330,oz (3 oz),85.0
168330,slice,445.0
168331,oz,85.0
168331,slice,145.0
168331,roast,920.0
168331,serving (3 oz),85.0
168332,oz (3 oz),85.0
168332,roast rump,2533.0
168333,oz (3 oz),85.0
168333,slice,277.0
168334,oz (3 oz),85.0
168334,roast,1497.0
168335,oz,85.0
168335,lb,453.6
168336,oz,85.0
168337,oz,85.0
168338,oz,85.0
168339,oz,85.0
168339,slice,430.0
168340,oz spiral slice,85.0
168340,lb spiral slice,453.6
168341,oz spiral slice,85.0
168341,lb spiral slice,453.6
168342,oz,85.0
168343,oz shank,85.0
168343,lb shank,453.6
168344,oz rump,85.0
168344,lb rump,453.6
168345,oz whole,85.0
168345,lb whole,453.6
168346,oz,85.0
168346,lb,453.6
168347,oz,85.0
168347,lb,453.6
168348,oz,85.0
168348,lb,453.6
168349,oz (3 oz),85.0
168349,roast,1867.0
168350,oz (3 oz),85.0
168350,roast rump,2533.0
168351,oz (3 oz),85.0
168351,roast shank,3204.0
168352,oz (3 oz),85.0
168352,slice,446.0
168353,oz (3 oz),85.0
168353,slice,277.0
168354,slice,145.0
168354,roast,920.0
168354,oz (3 oz),85.0
168355,oz (3 oz),85.0
168355,roast,1497.0
168356,oz (3 oz),85.0
168356,roast rump,2874.0
168357,oz (3 oz),85.0
168357,roast shank,2800.0
168358,oz,85.0
168358,lb,453.6
168359,oz (3 oz),85.0
168359,slice,366.0
168360,oz (3 oz),85.0
168360,slice,425.0
168361,oz,113.0
168362,oz,85.0
168363,oz,113.0
168364,oz,85.0
168364,chop,107.0
168365,oz,113.0
168365,steak,393.0
168366,oz,85.0
168366,steak,264.0
168367,oz,85.0
168368,oz,85.0
168368,piece,194.0
168369,piece,105.0
168370,oz,85.0
168370,piece,609.0
168371,oz,85.0
168371,piece,765.0
168372,oz,113.0
168373,oz grilled patties,85.0
168374,oz grilled patties,85.0
168375,oz grilled patties,85.0
168376,oz,113.0
168376,ribs,1071.0
168377,oz,85.0
168377,ribs,878.0
168378,oz,85.0
168378,rack,122.0
168379,oz,85.0
168379,rack,138.0
168380,oz,85.0
168380,chop,131.0
168381,oz,113.0
168381,chop,176.0
168382,slice,26.0
168382,package,446.0
168383,slice,13.8
168384,cup,33.0
168384,tbsp,3.0
168385,cup,28.0
168385,leaf,14.0
168386,"artichoke, medium",120.0
168386,cup hearts,84.0
168387,package,84.0
168387,package (9 oz),255.0
168388,cup,168.0
168388,"package (9 oz), yields",240.0
168388,package (9 oz) yields,80.0
168389,cup,134.0
168389,"spear, small (5"" long or less)",12.0
168389,"spear, medium (5-1/4"" to 7"" long)",16.0
168389,"spear, large (7-1/4"" to 8-1/2"")",20.0
168389,"spear, extra large (8-3/4"" to 10"" long)",24.0
168389,"spear tip (2"" long or less)",3.5
168390,cup,90.0
168390,"spears (1/2"" base)",60.0
168391,leaf,4.0
168391,cup,24.0
168392,cup,58.0
168393,"cup (1/2"" pieces)",93.0
168393,balsam-pear,124.0
168394,"cup (1/2"" pieces)",124.0
168394,"cup (1/2"" pieces)",62.0
168396,cup,156.0
168397,"cup drained, rinsed",150.0
168397,"can drained, rinsed",266.0
168398,cup,136.0
168398,package,284.0
168399,cup,165.0
168399,package (10 oz) yields,284.0
168400,cup kernels,165.0
168400,"ear, yields",125.0
168401,cup kernels,165.0
168401,"ear, yields",63.0
168402,cup,165.0
168403,cup,160.0
168403,package (10 oz),284.0
168404,cup,170.0
168405,cup,94.0
168405,pod,12.0
168406,"cup, chopped",53.0
168407,cup,50.0
168407,sprig,1.0
168408,cup,135.0
168408,cup,68.0
168409,cup slices,52.0
168409,"cucumber (8-1/4"")",301.0
168410,cup,118.0
168410,package,432.0
168411,cup,155.0
168412,"cup, chopped",25.0
168412,head,513.0
168413,cup,150.0
168414,"cup (1"" pieces)",95.0
168414,gourd,178.0
168415,"cup (1"" pieces)",178.0
168415,"cup (1"" slices)",89.0
168416,"cup, chopped",21.0
168417,"cup, chopped",42.0
168418,cup,24.0
168419,cup,28.0
168420,cup,87.0
168422,cup,54.0
168422,piece,5.4
168423,cup,66.0
168423,piece,12.9
168424,cup,135.0
168424,slice,16.0
168425,cup slices,165.0
168426,leek,124.0
168426,"cup, chopped or diced",26.0
168427,cup,77.0
168429,"cup, shredded or chopped",55.0
168429,"head (5"" dia)",163.0
168429,"leaf, large",15.0
168429,"leaf, medium",7.5
168429,leaf,5.0
168430,cup,60.0
168430,"slices (2-1/2"" dia)",89.0
168431,cup shredded,28.0
168431,leaf inner,2.6
168431,leaf outer,17.0
168431,head,309.0
168431,NLEA serving,85.0
168432,"cup, cubes",68.0
168432,yam,420.0
168433,"cup, cubes",145.0
168434,cup whole,87.0
168434,cup sliced,72.0
168434,piece whole,20.0
168435,cup whole,89.0
168435,cup sliced,97.0
168435,piece whole,19.0
168436,mushroom,3.6
168436,mushrooms,15.0
168437,cup pieces,145.0
168437,mushrooms,72.0
168438,"cup, chopped",150.0
168439,"cup, chopped",180.0
168440,"cup, chopped",56.0
168441,"cup, chopped",180.0
168442,strip,89.0
168442,package (9 oz),255.0
168444,strip,153.0
168445,strip,133.0
168446,cup,160.0
168447,cup,71.0
168448,"cup (1"" cubes)",116.0
168449,"cup, mashed",245.0
168450,cup,245.0
168451,cup slices,116.0
168451,"radish (7"" long)",338.0
168452,"cup, sliced",147.0
168453,cup,116.0
168454,"cup, cubes",140.0
168454,large,772.0
168454,medium,386.0
168454,small,192.0
168455,"cup, cubes",170.0
168455,"cup, mashed",240.0
168456,tbsp (1/8 cup),10.0
168457,tbsp (1/8 cup),10.0
168458,sheets,26.0
168458,tbsp (1/8 cup),10.0
168459,flower,3.0
168459,cup flowers,20.0
168460,cup,94.0
168462,cup,30.0
168462,bunch,340.0
168462,leaf,10.0
168462,package (10 oz),284.0
168463,cup,180.0
168464,cup sliced,127.0
168465,"cup, sliced",180.0
168465,cup slices,90.0
168466,"cup, diced",210.0
168466,"cup, mashed",240.0
168466,cup slices,216.0
168466,slice,8.0
168466,can (303 x 406),241.0
168467,cup slices,130.0
168468,cup slices,192.0
168469,package (10 oz),95.0
168469,package (10 oz),284.0
168469,package (3 lb),1361.0
168470,cup,223.0
168471,cup,227.0
168472,"cup, cubes",140.0
168472,squash (4 inch dia),431.0
168473,package (12 oz),113.0
168473,package (12 oz),340.0
168473,package (4 lb),1814.0
168474,"cup, mashed",240.0
168475,"cup, cubes",116.0
168476,"cup, cubes",205.0
168477,cup,192.0
168478,cup,266.0
168479,cup,255.0
168480,cup,156.0
168480,package (10 oz),284.0
168481,cup,170.0
168482,"cup, cubes",133.0
168482,"sweetpotato, 5"" long",130.0
168483,cup,200.0
168483,large,180.0
168483,"medium (2"" dia, 5"" long, raw)",114.0
168483,small,60.0
168484,"cup, mashed",328.0
168484,medium,151.0
168485,"cup, mashed",255.0
168485,cup pieces,200.0
168486,"cup, sliced",132.0
168487,cup,28.0
168487,"leaf (11"" x 6-1/2"")",10.0
168488,cup,145.0
168489,cup slices,43.0
168489,shoot,83.0
168490,"cup, sliced",120.0
168490,root,33.0
168491,"cup, chopped",51.0
168491,leaf,18.0
168492,cup,132.0
168493,"corm, medium",12.0
168494,cup,180.0
168494,package (10 oz) yields,293.0
168494,spears,60.0
168495,cup,58.0
168496,"cup (1/2"" pieces)",124.0
168497,"cup (1/2"" slices)",120.0
168497,shoot,144.0
168498,cup,170.0
168498,package (10 oz) yields,311.0
168499,cup,124.0
168501,package (10 oz) yields,94.0
168501,package (10 oz) yields,284.0
168502,cup,120.0
168502,can (303 x 406),439.0
168503,cup,120.0
168503,can (303 x 406),439.0
168504,cup,120.0
168504,can (303 x 406),439.0
168505,cup,153.0
168505,beans,62.0
168505,can (303 x 406),262.0
168506,cup slices,85.0
168506,"beets (2"" dia, sphere)",100.0
168507,cup,246.0
168508,"cup (1"" pieces)",144.0
168510,"cup, chopped",78.0
168510,"stalk, large (11""-12"" long)",280.0
168510,"stalk, medium (7-1/2"" - 8"" long)",180.0
168510,"stalk, small (5"" long)",140.0
168510,"spear (about 5"" long)",37.0
168511,cup,184.0
168512,cup,92.0
168512,package (10 oz) yields,250.0
168513,sprout,21.0
168513,cup,78.0
168514,"cup, shredded",75.0
168514,head,1262.0
168515,leaf,22.0
168515,"cup, shredded",75.0
168516,"cup, shredded",145.0
168517,"cup, shredded",170.0
168518,"cup, sliced",146.0
168518,"cup, mashed",228.0
168518,slice,2.8
168518,can (303 x 406),284.0
168519,cup slices,146.0
168520,"cup (1"" pieces)",62.0
168520,flowerets,54.0
168521,"cup (1"" pieces)",180.0
168522,"cup (1"" pieces)",100.0
168523,"cup, chopped",190.0
168524,"cup, chopped",170.0
168525,"ear small (5-1/2"" to 6-1/2"" long)",89.0
168525,"ear medium (6-3/4"" to 7-1/2"" long)",103.0
168525,"ear large (7-3/4"" to 9"" long)",118.0
168525,cup,149.0
168525,baby ear,8.0
168525,"ear, yields",77.0
168526,cup,165.0
168527,cup,170.0
168528,cup,95.0
168529,"cup, chopped",53.0
168530,"cup (1"" pieces)",178.0
168530,"cup (1"" slices)",89.0
168531,"cup, chopped",42.0
168532,cup slices,118.0
168533,cup,87.0
168534,"cup, chopped",180.0
168535,leek,124.0
168535,"cup, chopped",26.0
168536,cup,60.0
168536,"slices (2-1/2"" dia)",89.0
168537,cup pieces,156.0
168537,tbsp,9.8
168537,mushroom,12.0
168538,"ear, small (5-1/2"" to 6-1/2"" long)",73.0
168538,"ear, medium (6-3/4"" to 7-1/2"" long)",90.0
168538,"ear, large (7-3/4"" to 9"" long)",143.0
168538,cup kernels,154.0
168539,"ear, small (5-1/2"" to 6-1/2"" long)",89.0
168539,"ear, medium (6-3/4"" to 7-1/2"" long)",103.0
168539,"ear, large (7-3/4"" to 9"" long)",116.0
168539,cup cut,157.0
168539,"ear, yields",77.0
168540,"ear, small (5-1/2"" to 6-1/2"" long)",89.0
168540,"ear, medium (6-3/4"" to 7-1/2"" long)",103.0
168540,"ear, large (7-3/4"" to 9"" long)",118.0
168540,cup cut,157.0
168540,"ear, yields",77.0
168541,cup,256.0
168541,can (303 x 406),482.0
168542,cup,210.0
168542,can (303 x 406),340.0
168543,cup,210.0
168543,can (303 x 406),340.0
168544,cup,165.0
168544,package (10 oz),284.0
168545,cup,165.0
168545,package (10 oz) yields,284.0
168546,"cup, halves",140.0
168546,"cup, halves",70.0
168547,package (10 oz),95.0
168547,package (10 oz),284.0
168548,"cup, chopped or strips",135.0
168548,"tablespoon, chopped",11.6
168549,"cup, chopped or strips",135.0
168549,"tablespoon, chopped",11.6
168550,cup chopped,106.0
168552,"cup, cubes",145.0
168553,"frond (6-1/2"" long)",31.0
168553,"cup, chopped or diced",71.0
168554,cup,210.0
168555,cup,210.0
168556,tbsp,17.0
168556,packet,9.0
168556,cup,240.0
168557,cup whole,87.0
168557,cup sliced,72.0
168557,piece whole,20.0
168559,tbsp,12.0
168559,cup,192.0
168559,slice,1.0
168559,"pimiento, whole",66.0
168560,tbsp,15.0
168560,cup,122.0
168561,tbsp,15.0
168561,packet (2/3 tbsp),10.0
168561,cup,245.0
168562,"cup, chopped or diced",143.0
168562,cup (about 23 slices),155.0
168562,"large (4"" long)",135.0
168562,"medium (3-3/4"" long)",65.0
168562,slice,6.0
168562,small,37.0
168562,spear,30.0
168563,"spear, small",35.0
168563,slice,7.0
168563,"large (4"" long)",135.0
168563,"cup, chopped or diced",143.0
168563,"cup, (about 23 slices)",155.0
168564,"cup, shredded",40.0
168564,leaf,8.0
168565,large,16.0
168565,medium,11.0
168566,medium,34.0
168566,"cup, chopped or diced",66.0
168567,cup,54.0
168567,piece,2.0
168568,large,15.0
168568,medium,10.0
168568,NLEA serving,85.0
168569,cup,146.0
168569,piece,33.0
168570,cup,37.0
168570,pepper,0.5
168571,"cup, sliced",86.0
168572,cup,109.0
168573,cup,67.0
168573,tbsp,4.8
168574,cup,126.0
168574,pod,6.1
168575,cup,14.0
168575,leaf,3.0
168576,"cup, sliced",90.0
168576,pepper,14.0
168577,cup,139.0
168578,pepper,27.0
168579,pepper,7.0
168580,large,148.0
168580,small,15.0
168580,cup sliced,86.0
168581,cup,28.0
168581,piece,4.5
168582,cup,182.0
168582,piece,5.5
168583,"cup, sliced",130.0
168583,root,169.0
168585,oz,28.4
168586,"cup, shredded",93.0
168586,package (7 oz),199.0
168587,cup,74.0
168587,oz,28.4
168588,tbsp,16.0
168588,cup,250.0
168589,oz,28.4
168590,oz,28.4
168591,oz,28.4
168592,cup whole kernels,144.0
168592,oz,28.4
168593,cup,135.0
168593,oz,28.4
168594,cup,134.0
168594,oz,28.4
168595,tbsp,16.0
168595,oz,28.4
168597,tbsp,16.0
168597,oz,28.4
168598,"cup, whole or halves",132.0
168598,oz (10-12 kernels),28.4
168599,cup,137.0
168599,oz,28.4
168600,cup,134.0
168600,oz,28.4
168600,"nuts, assorted",14.0
168601,cup,64.0
168601,oz (85 seeds),28.4
168602,cup whole kernels,157.0
168602,oz (22 whole kernels),28.4
168603,tbsp,16.0
168603,cup,250.0
168604,tbsp,15.0
168605,oz,28.4
168605,oz,113.0
168606,oz,28.4
168606,oz,85.0
168607,oz,113.0
168607,lb,453.6
168608,oz,113.0
168608,serving,85.0
168609,oz,113.0
168609,steak,202.0
168610,oz,85.0
168610,"piece, cooked, excluding refuse (yield from 1 lb raw meat with refuse)",246.0
168611,oz,85.0
168611,steak,387.0
168612,oz,28.4
168612,lb,453.6
168613,oz,85.0
168613,"piece, cooked, excluding refuse (yield from 1 lb raw meat with refuse)",225.0
168614,oz,113.0
168614,lb,453.6
168615,"piece, cooked, excluding refuse (yield from 1 lb raw meat with refuse)",121.0
168615,oz,85.0
168616,oz,85.0
168616,"piece, cooked, excluding refuse (yield from 1 lb raw meat with refuse)",285.0
168617,oz,85.0
168617,"piece, cooked, excluding refuse (yield from 1 lb raw meat with refuse)",282.0
168618,oz,85.0
168618,steak,417.0
168619,oz,113.0
168619,steak,461.0
168621,oz,113.0
168622,oz,28.4
168622,oz,113.0
168623,oz,85.0
168623,"piece, cooked, excluding refuse (yield from 1 lb raw meat with refuse)",351.0
168624,oz,85.0
168624,"piece, cooked, excluding refuse",391.0
168625,oz,28.4
168625,oz,113.0
168626,oz,85.0
168626,slice,68.0
168627,oz,85.0
168627,slice,81.0
168628,oz,28.4
168628,oz,113.0
168629,oz,85.0
168629,"piece, cooked, excluding refuse (yield from 1 lb raw meat with refuse)",303.0
168630,oz,28.4
168630,oz,227.0
168631,oz,85.0
168631,steak (yield from 186 g raw meat),150.0
168632,oz,85.0
168632,"steak, excluding refuse (yield from 1 raw steak, with refuse, weighing 223 g)",150.0
168633,oz,85.0
168633,steak (yield from 505 g raw meat),375.0
168634,oz,85.0
168634,"piece, cooked, excluding refuse (yield from 1 lb raw meat with refuse)",292.0
168635,oz,85.0
168635,steak (yield from 532 g raw meat),393.0
168636,oz,85.0
168636,steak (yield from 505 g raw meat),375.0
168637,oz,85.0
168637,steak,421.0
168638,oz,85.0
168638,lb,453.6
168639,oz,85.0
168639,serving,85.0
168639,"piece, cooked, excluding refuse",266.0
168641,oz,85.0
168641,steak,426.0
168642,oz,113.0
168642,steak,460.0
168643,oz,85.0
168643,steak,363.0
168644,oz,85.0
168644,serving,85.0
168644,"piece, cooked, excluding refuse",271.0
168645,oz,113.0
168645,steak,458.0
168646,oz,113.0
168646,roast,1392.0
168647,oz,113.0
168647,roast,1187.0
168648,oz,85.0
168648,steak,231.0
168649,oz,85.0
168649,steak,277.0
168650,oz,85.0
168650,patty,77.0
168651,oz,85.0
168651,patty,70.0
168652,oz,113.0
168652,oz,28.4
168653,oz,113.0
168653,steak,458.0
168654,oz,85.0
168654,steak,186.0
168655,oz,113.0
168655,steak,1446.0
168656,oz,113.0
168656,piece,1855.0
168657,oz,113.0
168657,piece,1780.0
168658,oz,113.0
168658,piece,1967.0
168659,oz,85.0
168659,steak,177.0
168660,oz,113.0
168660,roast,723.0
168661,oz,113.0
168661,roast,698.0
168662,oz,113.0
168662,roast,761.0
168663,oz,85.0
168664,oz,113.0
168664,lb,453.6
168665,oz,85.0
168665,"piece, cooked, excluding refuse (yield from 1 lb raw meat with refuse)",329.0
168666,oz,85.0
168666,steak,452.0
168667,oz,85.0
168667,"piece, cooked, excluding refuse (yield from 1 lb raw meat with refuse)",258.0
168668,oz,113.0
168668,roast,1801.0
168668,lb,453.6
168669,oz,85.0
168669,"piece, cooked, excluding refuse (yield from 1 lb raw meat with refuse)",258.0
168670,oz,113.0
168670,roast,1783.0
168670,lb,453.6
168671,oz,85.0
168671,"piece, cooked, excluding refuse (yield from 1 lb raw meat with refuse)",247.0
168672,oz,113.0
168672,lb,453.6
168673,oz,85.0
168673,"piece, cooked, excluding refuse (yield from 1 lb raw meat with refuse)",247.0
168674,oz,85.0
168674,roast,609.0
168675,oz,28.4
168675,lb,453.6
168676,oz,85.0
168676,"piece, cooked, excluding refuse (yield from 1 lb raw meat with refuse)",267.0
168677,oz,85.0
168677,"piece, cooked, excluding refuse (yield from 1 lb raw meat with refuse)",289.0
168678,oz,28.4
168678,lb,453.6
168679,oz,85.0
168679,"piece, cooked, excluding refuse (yield from 1 lb raw meat with refuse)",278.0
168680,oz,28.4
168680,lb,453.6
168681,oz,85.0
168681,"piece, cooked, excluding refuse (yield from 1 lb raw meat with refuse)",267.0
168682,oz,85.0
168682,"piece, cooked, excluding refuse (yield from 1 lb raw meat with refuse)",292.0
168683,oz,85.0
168683,"piece, cooked, excluding refuse (yield from 1 lb raw meat with refuse)",267.0
168684,oz,85.0
168684,"piece, cooked, excluding refuse (yield from 1 lb raw meat with refuse)",292.0
168685,oz,113.0
168685,lb,453.6
168686,oz,85.0
168686,"piece, cooked, excluding refuse (yield from 1 lb raw meat with refuse)",278.0
168687,oz,85.0
168687,"piece, cooked, excluding refuse (yield from 1 lb raw meat with refuse)",281.0
168688,oz,85.0
168688,steak (yield from 320 g raw meat),256.0
168689,oz,85.0
168689,"piece, cooked, excluding refuse (yield from 1 lb raw meat with refuse)",278.0
168690,oz,113.0
168690,steak,335.0
168691,oz,85.0
168691,steak (yield from 1 raw steak weighing 321g),245.0
168692,oz,85.0
168692,steak,199.0
168693,oz,113.0
168693,steak,239.0
168694,oz,113.0
168694,lb,453.6
168695,oz,85.0
168695,"piece, cooked, excluding refuse (yield from 1 lb raw meat with refuse)",313.0
168696,oz,85.0
168696,"piece, cooked, excluding refuse (yield from 1 lb raw meat with refuse)",338.0
168696,roast (yield from 1 raw roast weighing 776g),632.0
168697,oz,113.0
168697,lb,453.6
168698,oz,85.0
168698,steak (yield from 341 g raw meat),227.0
168699,oz,85.0
168699,"piece, cooked, excluding refuse (yield from 1 lb raw meat with refuse)",338.0
168699,roast (yield from raw roast weighing 766g),627.0
168700,oz,113.0
168700,steak,312.0
168701,oz,113.0
168701,lb,453.6
168702,oz,85.0
168702,"piece, cooked, excluding refuse (yield from 1 lb raw meat with refuse)",333.0
168703,oz,113.0
168703,lb,453.6
168704,oz,85.0
168704,roast (yield from 530 g raw meat),417.0
168705,oz,113.0
168705,lb,453.6
168706,oz,85.0
168706,"piece, cooked, excluding refuse (yield from 1 lb raw meat with refuse)",327.0
168707,oz,113.0
168707,steak,231.0
168708,oz,85.0
168708,"piece cooked, excluding refuse (yield from 1 lb raw meat with refuse)",283.0
168709,oz,85.0
168709,"piece, cooked, excluding refuse (yield from 1 lb raw meat with refuse)",289.0
168710,oz,85.0
168710,steak (yield from raw steak weighing 492 g),347.0
168710,"piece, cooked, excluding refuse (yield from 1 lb raw meat with refuse)",326.0
168711,oz,85.0
168711,"piece, cooked, excluding refuse (yield from 1 lb raw meat with refuse)",283.0
168712,oz,113.0
168712,lb,453.6
168713,oz,85.0
168713,"piece, cooked, excluding refuse (yield from 1 lb raw meat with refuse)",286.0
168714,oz,113.0
168714,piece,1855.0
168715,oz,113.0
168715,steak,539.0
168716,oz,85.0
168716,steak,417.0
168717,oz,113.0
168717,steak,461.0
168718,oz,85.0
168718,steak (yield from 270 g raw meat),221.0
168719,oz,113.0
168720,oz,85.0
168721,oz,113.0
168721,"steak, excluding refuse (yield from 1 raw steak, with refuse, weighing 242 g)",227.0
168722,steak (yield from 181 g raw meat),140.0
168722,oz,85.0
168723,oz,85.0
168723,"piece, cooked, excluding refuse (yield from 1 lb raw meat with refuse)",329.0
168724,oz,113.0
168724,steak (yield from 1 raw steak weighing149g),149.0
168724,lb,453.6
168725,steak (yield from 1 raw steak weighing 151g),119.0
168725,oz,85.0
168725,"steak, excluding refuse (yield from 1 raw steak, with refuse, weighing 154 g)",104.0
168726,oz,113.0
168726,steak,608.0
168727,oz,85.0
168727,"piece, cooked, excluding refuse (yield from 1 lb raw meat with refuse)",306.0
168728,oz,113.0
168728,lb,453.6
168729,oz,85.0
168729,"piece, cooked, excluding refuse (yield from 1 lb raw meat with refuse)",306.0
168730,oz,85.0
168731,oz ( 1 serving ),85.0
168732,oz,85.0
168733,oz,85.0
168733,steak (yield from 475 g raw meat),383.0
168734,oz,113.0
168734,roast,261.0
168735,oz,85.0
168735,roast (yield from 714 g raw meat),591.0
168736,oz,113.0
168736,roast,271.0
168737,oz,85.0
168737,roast (yield from 666 g raw meat),547.0
168738,oz,85.0
168739,oz,85.0
168740,oz,85.0
168740,steak (yield from 396 g raw meat),284.0
168741,oz,85.0
168741,steak (yield from 368 g meat),269.0
168742,oz,113.0
168742,roast,1327.0
168743,oz,113.0
168743,piece,1780.0
168744,oz,85.0
168745,oz,85.0
168746,fl oz,29.7
168746,can,356.0
168747,fl oz,29.8
168747,fl oz,357.0
168748,fl oz,29.5
168748,fl oz,355.0
168749,fl oz,29.5
168749,can or bottle (12 fl oz),354.0
168750,fl oz,32.6
168750,"can (6.8 fl oz, 200 ml)",222.0
168751,fl oz,240.0
168751,cup,240.0
168752,fl oz,31.4
168752,cocktail (4.5 fl oz),141.0
168753,fl oz,31.1
168753,"can (6.8 fl oz, 200 ml)",211.0
168754,bar (1.45 oz),41.0
168754,bar (1.55 oz),44.0
168755,bar (1.4 oz),40.0
168755,bar (1.45 oz),45.0
168755,bar (1.65 oz),47.0
168755,"bar, miniature",10.0
168755,bar (1.55 oz),44.0
168756,serving 2.05 oz bar,58.0
168756,bar fun size,17.0
168756,piece miniature 5 pieces = serving,8.2
168756,bar king size,103.0
168757,bar 1.4 oz,39.0
168758,tbsp,42.0
168758,serving,40.0
168758,cup,340.0
168759,bar snack size,19.0
168759,package 1.9 oz,53.0
168760,bar (1.75 oz),49.0
168760,bar (2.6 oz),73.0
168761,bar (1.5 oz),43.0
168761,"bar, miniature",21.0
168761,serving 1.5 oz bar,43.0
168762,bar 1.55 oz,44.0
168762,bar 0.5 oz,14.2
168762,serving 4 fun size bars,41.0
168762,tbsp,24.0
168763,package 0.6 oz 1 cup,17.0
168763,package 1.6 oz 2 cups,45.0
168763,miniature,7.0
168764,cup,47.0
168764,pieces,8.0
168764,package 1.63 oz,46.0
168764,package (1.6 oz),46.0
168765,package 1 package,48.0
168765,pieces,42.0
168766,serving 5 mints,42.0
168766,piece,8.4
168767,serving 2.13 oz bar,60.0
168767,serving 2 fun size bars,28.0
168768,package (2 oz),57.0
168768,"package (2.06 oz, 2 bars)",58.0
168768,"package, king size (3.35 oz, 4 bars)",95.0
168768,package (11 oz),312.0
168769,"package (1.89 oz, 2 bars)",54.0
168769,"package (2.06 oz, 2 bars)",58.0
168769,package (1.77 oz),50.0
168769,package (9.43 oz),267.0
168770,bar 1.7 oz,48.0
168771,stick,3.0
168771,Chiclets,16.0
168771,block,8.0
168772,package (3 oz),85.0
168772,"portion, amount to make 1/2 cup",21.0
168773,cup,141.0
168774,tbsp,5.0
168775,package (3 oz),85.0
168775,"portion, amount to make 1/2 cup",21.0
168776,pieces,39.0
168777,recipe yield,808.0
168777,cup,202.0
168778,oz,28.4
168778,"container refrigerated, 4 oz",108.0
168778,"container shelf stable, 3.5 oz",98.0
168779,package (3.5 oz),99.0
168779,"portion, amount to make 1/2 cup",25.0
168780,cup,128.0
168781,cup,147.0
168781,package yield (2 cups),587.0
168782,serving 4 oz pudding cup,113.0
168782,oz,28.4
168782,can (5 oz),142.0
168782,cup,172.0
168782,cup,92.0
168783,package,106.0
168783,"portion, amount to make 1/2 cup",27.0
168784,package (3.5 oz),99.0
168784,"portion, amount to make 1/2 cup",25.0
168785,cup,142.0
168785,package yield (2 cups),569.0
168786,serving,8.0
168786,package,32.0
168787,cup,141.0
168788,cup,128.0
168789,cup,142.0
168790,cup,142.0
168791,piece,39.0
168791,recipe yield,907.0
168792,tbsp,10.8
168792,package (1.5 oz),43.0
168794,package (0.35 oz),9.9
168795,tbsp creamy,41.0
168796,cup,141.0
168797,serving 3.5 oz shelf stable,99.0
168798,container refrigerated 4 oz,112.0
168799,serving 4 oz,113.0
168800,tablespoon,33.0
168801,pieces,39.0
168802,package,411.0
168802,package,34.0
168803,package,207.0
168803,package,17.0
168804,serving 1.30 oz bar,37.0
168804,serving 5 pieces,40.0
168805,serving 1.3 oz bar,37.0
168805,serving 7 pieces,42.0
168806,serving 5 pieces,44.0
168807,serving 5 pieces,44.0
168808,rolls,28.0
168809,individual (3.5 fl oz),58.0
168809,cup (4 fl oz),66.0
168810,individual (3.5 fl oz),58.0
168810,cup (4 fl oz),66.0
168811,pouch,26.0
168812,fl oz,29.0
168812,cup,116.0
168813,serving 1.75 fl oz pop,52.0
168814,serving 1.6 oz bag,47.0
168815,cup,72.0
168816,tbsp,17.0
168816,serving,17.0
168816,cup,282.0
168817,oz,28.4
168818,serving 1.76 oz bar,50.0
168819,tbsp,20.0
168819,package (0.5 oz),14.0
168819,serving,20.0
168819,cup,320.0
168820,cup,337.0
168820,serving 1 tbsp,20.0
168821,package (1.75 oz),50.0
168822,can,74.0
168822,serving,85.0
168822,can (21 oz),595.0
168823,serving fun size (8 chews),40.0
168823,serving 2.07 oz pack,59.0
168823,piece,5.0
168824,can,74.0
168824,can (21 oz),595.0
168825,cup,127.0
168826,package (3.5 oz),99.0
168826,"portion, amount to make 1/2 cup",25.0
168827,cup,147.0
168827,package yield (2 cups),587.0
168828,package (3.12 oz),88.0
168828,"portion, amount to make 1/2 cup",25.0
168829,cup,140.0
168829,package yield (2 cups),559.0
168830,cup,147.0
168830,package yield (2 cups),587.0
168831,package (3 oz),85.0
168831,"portion, amount to make 1/2 cup",21.0
168832,cup,127.0
168833,tsp unpacked,3.0
168833,cup packed,220.0
168833,cup unpacked,145.0
168833,tsp packed,4.6
168833,tsp brownulated,3.2
168834,tbsp,35.0
168835,cup,304.0
168835,tbsp,38.0
168836,cup,328.0
168836,tbsp,20.0
168837,cup,341.0
168837,tbsp,22.0
168838,tbsp,20.0
168838,serving 1/4 cup,83.0
168838,cup,315.0
168839,cup,316.0
168839,tbsp,20.0
168840,serving 2.1 oz bag,62.0
168840,serving fun size bag,20.0
168841,tbsp,41.0
168842,serving 1.80 oz bag,51.0
168843,serving 2.17 oz pack,62.0
168843,cup,205.0
168843,pieces,10.7
168843,package fun size,20.0
168844,tablespoon,33.0
168845,tablespoon,33.0
168846,piece,11.0
168847,cup (4 fl oz),99.0
168848,cup (4 fl oz),72.0
168849,oz,28.4
168849,oz,85.0
168849,oz,42.0
168850,oz,28.4
168850,stick,20.0
168851,oz,28.4
168851,oz,14.2
168852,tablespoon,33.0
168853,oz,28.0
168853,chips,26.0
168853,oz,28.4
168853,can (7 oz),198.0
168854,oz,28.4
168854,cup,18.0
168855,cake,9.0
168855,cakes,18.0
168856,oz,28.4
168856,oz,57.0
168857,cake,9.0
168857,cakes,18.0
168858,oz,28.4
168858,bag (6 oz),170.0
168859,oz,28.4
168860,oz,28.4
168862,bar,37.0
168862,bar,38.0
168863,oz,28.4
168864,oz,28.4
168865,oz,28.4
168865,chips,23.0
168866,package (3.5 oz),99.0
168866,"portion, amount to make 1/2 cup",25.0
168867,cup,157.0
168868,cup,122.0
168869,cup,170.0
168870,cup,138.0
168871,cup,174.0
168872,cup,94.0
168873,cup,219.0
168874,cup,170.0
168875,cup,195.0
168876,cup,48.0
168877,cup,185.0
168878,cup,158.0
168879,cup,195.0
168880,cup,186.0
168881,cup,200.0
168882,cup,186.0
168883,cup,185.0
168884,cup,169.0
168885,cup,128.0
168886,cup,102.0
168887,cup,102.0
168888,cup,130.0
168889,cup,192.0
168890,cup,192.0
168891,cup,168.0
168892,cup,115.0
168893,cup,120.0
168894,cup,125.0
168895,cup,125.0
168896,cup,137.0
168897,cup,164.0
168898,cup,158.0
168899,cup,105.0
168899,oz,57.0
168900,cup,140.0
168901,oz,57.0
168902,oz,57.0
168903,cup spiral shaped,84.0
168903,oz,57.0
168904,cup spiral shaped,134.0
168905,cup dry,28.0
168905,oz,43.0
168906,oz,57.0
168907,cup,114.0
168908,oz,57.0
168909,cup,176.0
168910,cup spaghetti not packed,117.0
168910,cup spaghetti packed,151.0
168910,cup elbows,117.0
168910,cup penne,97.0
168910,cup shells,105.0
168910,cup lasagne,116.0
168910,cup rotini,107.0
168910,cup farfalle,107.0
168911,oz,57.0
168912,cup,140.0
168913,"cup unsifted, dipped",137.0
168914,cup,176.0
168915,cup spaghetti,91.0
168915,cup elbows,122.0
168915,cup penne,95.0
168915,cup farfalle,81.0
168915,cup rotini,96.0
168915,cup shells,64.0
168915,cup lasagne,90.0
168916,cup spaghetti not packed,116.0
168916,cup spaghetti packed,151.0
168916,cup elbows not packed,117.0
168916,cup farfalle,107.0
168916,cup penne,97.0
168916,cup shells,105.0
168916,cup lasagne,116.0
168916,cup rotini,107.0
168917,cup,185.0
168918,cup,252.0
168919,cup,160.0
168920,cup,166.0
168921,tbsp,6.9
168922,cup,157.0
168923,cup,122.0
168924,cup,170.0
168925,cup,138.0
168926,cup,160.0
168927,cup spaghetti,91.0
168927,oz,57.0
168927,cup elbows,122.0
168927,cup penne,95.0
168927,cup farfalle,81.0
168927,cup rotini,96.0
168927,cup shells,64.0
168927,cup lasagna,90.0
168928,cup spaghetti not packed,124.0
168928,cup spaghetti packed,151.0
168928,cup elbows not packed,120.0
168928,cup elbows packed,132.0
168928,cup penne,107.0
168928,cup rotini,107.0
168928,cup farfalle,107.0
168928,cup shells,105.0
168928,cup lasagne,116.0
168929,cup,157.0
168930,cup,186.0
168931,cup,200.0
168932,cup,205.0
168933,cup,167.0
168934,cup,140.0
168935,cup,158.0
168936,cup,125.0
168937,oz,57.0
168943,cup,121.0
168945,oz,85.0
168946,oz,85.0
168947,oz,85.0
168948,oz,85.0
168949,cup,61.0
168949,tbsp,9.0
168950,cup,247.0
168951,cup,68.0
168951,tbsp,9.6
168952,cup,238.0
168953,package,123.0
168953,packet,51.0
168954,package,122.0
168954,packet,44.0
168955,package,141.0
168955,packet,79.0
168956,serving (2 oz),57.0
168957,serving 6 rolls,80.0
168958,package,117.0
168958,packet,42.0
168959,cup,70.0
168959,cup,56.0
168959,tbsp,8.8
168960,cup 1 serving,237.0
168961,thigh with bone and breading,133.0
168962,piece turnover 1 serving,127.0
168963,piece turnover 1 serving,127.0
168964,cup,191.0
168965,patty,63.0
168966,scoop,8.7
168967,scoop,8.7
168968,fl oz,31.4
168969,fl oz,31.4
168970,scoop,9.0
168971,scoop,9.6
168972,scoop,9.4
168973,scoop,9.4
168974,fl oz,30.4
168974,fl oz,152.0
168975,tbsp,18.0
168982,cup,157.0
168994,shoot,19.0
168995,leaf,0.9
168996,bulb,14.0
168997,cup,130.0
168998,cup,127.0
168999,cup,154.0
169004,piece,28.0
169004,piece,19.0
169005,oz,28.4
169006,oz,227.0
169007,oz,113.0
169008,serving,206.0
169009,serving,164.0
169010,cup,124.0
169010,serving,180.0
169011,piece,32.0
169011,serving,289.0
169012,piece,35.0
169012,serving (3 pieces),99.0
169013,piece,41.0
169013,serving,141.0
169014,serving,176.0
169015,serving,245.0
169015,piece,31.0
169016,serving,166.0
169017,serving,250.0
169018,cup,136.0
169018,serving,182.0
169019,serving,225.0
169020,serving,76.0
169021,serving,261.0
169022,serving,194.0
169023,serving,91.0
169024,serving,201.0
169025,serving,124.0
169025,cup,94.0
169026,serving,108.0
169027,serving,259.0
169028,cup,136.0
169028,serving,182.0
169029,cup,134.0
169029,serving,565.0
169030,serving,437.0
169031,cup,114.0
169032,cup,135.0
169033,serving,510.0
169034,serving 1 quesadilla,203.0
169035,serving serving size varied on diameter and count of quesadila,205.0
169035,quesadilla 8-10 inch diameter,194.0
169035,quesadilla 5-6 inch diameter,279.0
169036,serving varied from 8 to 10 ravioli per serving,365.0
169037,serving varied from 7-9 ravioli per serving,454.0
169038,serving serving size varied by diameter and count of raviloi,427.0
169039,cup (1 NLEA serving),30.0
169040,biscuits (1 NLEA serving),35.0
169040,cup,57.0
169041,cup (1 NLEA serving),55.0
169042,fl oz,30.8
169042,bottle NFS,246.0
169043,fl oz,30.8
169043,bottle NFS,246.0
169044,cup,249.0
169044,fl oz,31.1
169044,drink box (8.45 fl oz),263.0
169045,oz,28.4
169046,cup,34.0
169046,chips,12.0
169047,cookie,1.7
169048,tbsp,3.7
169049,tbsp,14.0
169049,jar Gerber Second Food (4 oz),113.0
169050,"cup, shredded",113.0
169050,cubic inch,18.0
169050,slice,28.0
169051,"cup, shredded",113.0
169052,tablespoon,14.0
169053,tablespoon,14.0
169054,tbsp,16.0
169054,"jar, Gerber (4 oz)",113.0
169054,jar NFS,113.0
169054,jar Beech-Nut Stage 2 (4 oz),113.0
169055,tbsp,14.7
169055,cup,235.0
169055,serving (2 tbsp),30.0
169056,tbsp,19.0
169056,cup,289.0
169057,tbsp,15.0
169057,cup,245.0
169058,cup,224.0
169058,tbsp,14.0
169059,piece,14.0
169060,piece,14.0
169061,cup,182.0
169061,piece,5.0
169062,serving,85.0
169062,cup,264.0
169063,bar,43.0
169064,large,143.0
169064,medium,115.0
169064,small,62.0
169065,cup,253.0
169066,"slice, thin",14.0
169067,cup,144.0
169068,fillet,85.0
169069,tbsp,15.0
169070,tsp,4.9
169070,fl oz,29.0
169071,fl oz,29.5
169071,serving 5 fl oz,148.0
169072,serving 1 packet,1.0
169072,serving 1 packet SUGAR TWIN,0.8
169073,tbsp,7.4
169073,envelope,37.0
169074,cup,245.0
169075,cup (1 NLEA serving),55.0
169076,cup,122.0
169077,cup (1 NLEA serving),55.0
169078,oz,113.0
169078,cup,226.0
169079,tbsp,15.0
169079,cup,240.0
169079,"tbsp, whipped",10.0
169080,"cup, diced",140.0
169080,"cup, shredded",113.0
169080,cubic inch,18.0
169080,slice (3/4 oz),21.0
169081,oz,28.4
169081,cup,240.0
169082,cup,22.0
169083,cup,225.0
169084,cup,180.0
169085,cup,182.0
169086,cup,190.0
169086,fruit without refuse,9.6
169087,fruit,2.5
169088,"cup, unthawed",147.0
169089,fruit without refuse,3.2
169090,"cup, drained",196.0
169090,cup,216.0
169093,"cup, cubes",170.0
169093,melon,1640.0
169093,fruit,164.0
169094,tbsp,8.4
169094,large,4.4
169094,small,3.2
169095,super colossal,15.0
169095,jumbo,8.3
169096,olive,2.7
169097,"cup, sections",180.0
169097,"large (3-1/16"" dia)",184.0
169097,"small (2-3/8"" dia)",96.0
169097,"fruit (2-5/8"" dia)",131.0
169098,cup,248.0
169098,fl oz,31.0
169098,fruit yields,86.0
169099,cup,249.0
169099,fl oz,31.1
169099,drink box (8.45 fl oz),263.0
169100,cup,249.0
169100,fl oz,31.1
169101,cup,249.0
169101,fl oz,31.1
169102,cup,249.0
169102,fl oz,31.1
169103,tbsp,6.0
169103,tsp,2.0
169104,cup,247.0
169104,fl oz,30.9
169105,"cup, sections",195.0
169105,"small (2-1/4"" dia)",76.0
169105,"medium (2-1/2"" dia)",88.0
169105,"large (2-3/4"" dia)",120.0
169105,NLEA serving,109.0
169106,cup,249.0
169107,cup,250.0
169107,fl oz,31.2
169108,cup,236.0
169108,fruit without refuse,18.0
169109,cup,247.0
169109,fl oz,30.9
169110,cup,247.0
169110,fl oz,30.9
169111,"cup, halves or slices",251.0
169111,"half, with liquid",98.0
169112,cup,262.0
169112,"half, with liquid",98.0
169113,"cup, halves or slices",262.0
169114,"cup, whole",242.0
169115,cup,270.0
169116,"cup, thawed",250.0
169116,slices,155.0
169116,package (10 oz),284.0
169117,cup,258.0
169118,"cup, slices",140.0
169118,"cup, cubes",161.0
169118,small,148.0
169118,medium,178.0
169118,large,230.0
169118,NLEA serving,166.0
169119,"cup, halves",244.0
169119,"half, with liquid",76.0
169120,"cup, halves",266.0
169120,"half, with liquid",79.0
169121,"cup, halves",180.0
169121,half,18.0
169121,halves,175.0
169122,"cup, halves",255.0
169123,"cup, halves",280.0
169124,"cup, chunks",165.0
169124,fruit,905.0
169124,"slice (4-2/3"" dia x 3/4"" thick)",166.0
169124,"slice (3-1/2"" dia x 3/4"" thick)",84.0
169124,"slice, thin (3-1/2"" dia x 1/2"" thick)",56.0
169125,"cup, crushed, sliced, or chunks",246.0
169125,"slice or ring (3"" dia) with liquid",47.0
169126,"cup, crushed, sliced, or chunks",249.0
169126,"slice or ring (3"" dia) with liquid",47.0
169127,"cup, crushed, sliced, or chunks",252.0
169127,"slice or ring (3"" dia) with liquid",48.0
169128,cup,250.0
169128,fl oz,31.2
169129,cup,173.0
169129,fruit without refuse,7.0
169130,plantain,270.0
169130,"cup, sliced",148.0
169131,cup,139.0
169131,slice,105.0
169132,"cup, pitted",258.0
169132,plum with liquid,46.0
169133,"cup, pitted",261.0
169134,cup arils (seed/juice sacs),87.0
169134,"pomegranate (4"" dia)",282.0
169135,cup,170.0
169136,cup,124.0
169136,can (303 x 406),454.0
169137,cup,124.0
169138,cup,124.0
169139,cup,104.0
169141,cup,125.0
169142,cup,240.0
169142,can total can contents,423.0
169144,cup,114.0
169144,can (303 x 406),439.0
169145,cup,136.0
169145,"beet (2"" dia)",82.0
169146,cup slices,85.0
169146,"beets (2"" dia, sphere)",100.0
169147,cup,246.0
169148,oz,85.0
169148,roast whole,1867.0
169149,oz,85.0
169150,oz (3 oz),85.0
169150,roast shank,3204.0
169151,oz,85.0
169152,oz,85.0
169152,lb,453.6
169153,oz,85.0
169154,oz,85.0
169155,oz,85.0
169156,oz,85.0
169157,oz,117.0
169158,oz (3 oz),85.0
169158,slice,366.0
169159,oz whole,85.0
169159,lb whole,453.6
169160,oz whole,85.0
169160,lb whole,453.6
169161,oz,85.0
169161,lb,453.6
169162,oz shank,85.0
169162,lb shank,453.6
169163,oz rump,85.0
169163,lb rump,453.6
169164,oz (3 oz),85.0
169164,roast rump,2970.0
169165,oz (3 oz),85.0
169165,roast shank,3054.0
169166,oz (3 oz),85.0
169166,slice,436.0
169167,oz (3 oz),85.0
169167,slice,189.0
169168,oz (3 oz),85.0
169168,slice,136.0
169169,oz (3 oz),85.0
169169,roast,1995.0
169170,oz (3 oz),85.0
169170,roast rump,2673.0
169171,oz (3 oz),85.0
169171,roast shank,3170.0
169172,oz (3 oz),85.0
169172,slice,445.0
169173,oz (3 oz),85.0
169173,roast rump,2874.0
169174,oz,85.0
169174,lb,453.6
169175,oz (3 oz),85.0
169175,roast shank,2800.0
169176,oz,85.0
169176,lb,453.6
169177,oz (3 oz),85.0
169177,slice,425.0
169178,oz,85.0
169179,oz,113.0
169179,lb,453.0
169180,oz,85.0
169181,oz,113.0
169181,chop,146.0
169182,chop,146.0
169183,oz,85.0
169183,chop,107.0
169184,oz,113.0
169184,roast,537.0
169185,oz,85.0
169185,roast,508.0
169186,oz,113.0
169186,piece,231.0
169187,oz,85.0
169187,piece,430.0
169188,oz,85.0
169188,piece,373.0
169189,piece,92.0
169190,oz,113.0
169191,oz,113.0
169192,oz grilled patties,85.0
169193,oz grilled patties,85.0
169194,oz,113.0
169194,chop,176.0
169195,oz,85.0
169195,roast,848.0
169196,oz,85.0
169196,chop,131.0
169197,oz,85.0
169197,rack,122.0
169198,oz,85.0
169198,roast,848.0
169199,oz,85.0
169199,rack,122.0
169200,oz,85.0
169200,rack,122.0
169201,oz,85.0
169201,rack,138.0
169202,cup,132.0
169203,large,25.0
169203,medium,12.0
169204,medium,12.0
169205,"artichoke, medium",128.0
169205,"artichoke, large",162.0
169206,cup,122.0
169206,can (300 x 407),411.0
169207,cup,242.0
169207,"spear (about 5"" long)",18.0
169207,can (300 x 407),248.0
169208,spears,58.0
169208,package (10 oz),284.0
169209,cup,180.0
169209,package (10 oz) yields,293.0
169209,spears,60.0
169210,"cup (1/2"" slices)",151.0
169210,"cup (1/2"" pieces)",76.0
169211,"cup (1/2"" slices)",120.0
169211,shoot,144.0
169212,"cup (1/8"" slices)",131.0
169212,can (303 x 406),262.0
169213,cup,184.0
169214,cup,164.0
169214,can (12 oz) yields,211.0
169214,can (303 x 406),298.0
169215,cup,256.0
169215,can (303 x 406),482.0
169216,cup,210.0
169216,"can, 15 oz (303 x 406)",425.0
169216,can (303 x 406),340.0
169217,cup,141.0
169218,cup,227.0
169219,cup,56.0
169220,cup,145.0
169221,cup,95.0
169222,cup slices,91.0
169222,pod,12.0
169223,cup slices,104.0
169223,pod,14.0
169224,"cup, chopped",36.0
169224,leaf,3.0
169225,"cup, pared, chopped",133.0
169225,"cup, sliced",119.0
169225,"large (8-1/4"" long)",280.0
169225,medium,201.0
169225,slice,7.0
169225,"small (6-3/8"" long)",158.0
169225,"stick (4"" long)",9.0
169226,"cup, chopped",55.0
169227,"cup, chopped",105.0
169228,"cup, cubes",82.0
169228,"eggplant, peeled (yield from 1-1/4 lb)",458.0
169228,"eggplant, unpeeled (approx 1-1/4 lb)",548.0
169229,"cup (1"" cubes)",99.0
169231,tsp,2.0
169231,"cup slices (1"" dia)",24.0
169231,"slices (1"" dia)",11.0
169232,"cup (1"" pieces)",58.0
169232,gourd,771.0
169233,"cup (1"" cubes)",146.0
169234,cup,80.0
169235,cup,87.0
169236,cup slices,150.0
169237,cup slices,99.0
169237,piece,6.0
169238,cup,118.0
169239,package (10 oz),94.0
169239,cup,67.0
169239,package (10 oz),284.0
169241,strip,6.3
169241,cup,27.0
169242,piece whole,19.0
169243,cup sliced,121.0
169245,"cup, chopped",180.0
169246,cup,89.0
169246,leek,89.0
169246,slice,6.0
169248,cup shredded,72.0
169248,"cup, chopped (1/2"" pieces, loosely packed)",57.0
169248,"head, large",755.0
169248,"head, medium (6"" dia)",539.0
169248,"head, small",324.0
169248,"leaf, large",15.0
169248,"leaf, medium",8.0
169248,"leaf, small",5.0
169248,NLEA Serving,89.0
169249,cup shredded,36.0
169249,head,360.0
169249,leaf inner,4.8
169249,leaf outer,24.0
169250,"slices (2-1/2"" dia)",81.0
169250,"root (9-1/2"" long)",115.0
169251,"cup, pieces or slices",70.0
169251,"cup, whole",96.0
169251,large,23.0
169251,medium,18.0
169251,slice,6.0
169251,small,10.0
169251,cup pieces,35.0
169252,cup pieces,156.0
169252,tbsp,9.8
169252,mushroom,12.0
169253,cup sliced,108.0
169254,cup,156.0
169254,can,132.0
169254,large,16.0
169254,medium,12.0
169254,small,7.0
169254,slices,40.0
169254,caps,47.0
169254,cup pieces,78.0
169255,cup diced,86.0
169255,piece whole,84.0
169256,"cup, chopped",56.0
169257,"cup, chopped",140.0
169258,"cup, chopped",146.0
169258,package (10 oz),284.0
169259,"cup, chopped",150.0
169259,package (10 oz) yields,212.0
169260,cup,100.0
169260,"pods (3"" long)",95.0
169261,cup slices,80.0
169261,"pods (3"" long)",85.0
169262,package (10 oz),95.0
169262,package (10 oz),284.0
169262,package (3 lb),1361.0
169263,cup slices,92.0
169263,package (10 oz) yields,255.0
169264,fries,76.0
169264,"package (9 oz), yields",198.0
169265,strips,65.0
169265,package (9 oz),255.0
169266,strips,50.0
169266,"package (9 oz), yields",198.0
169267,strips,65.0
169267,package (9 oz),255.0
169268,strips,50.0
169268,"package (9 oz), yields",198.0
169269,cup,250.0
169270,cup,33.0
169270,flower,2.0
169271,cup,134.0
169272,cup,39.0
169273,cup,270.0
169274,cup,43.0
169274,plant,3.0
169275,cup,115.0
169275,squash,431.0
169276,cup slices,116.0
169276,"large (1"" to 1-1/4"" dia)",9.0
169276,"medium (3/4"" to 1"" dia)",4.5
169276,slice,1.0
169276,small,2.0
169276,cup slices,58.0
169277,cup slices,133.0
169278,"cup, sliced",135.0
169279,cup,142.0
169279,"cup, undrained",236.0
169280,tbsp (1/8 cup),10.0
169281,cup,104.0
169282,cup,256.0
169283,cup,180.0
169284,cup,35.0
169284,sprouts,10.0
169285,cup,234.0
169286,cup,214.0
169287,cup,156.0
169287,package (10 oz),284.0
169288,cup,95.0
169288,package (10 oz) yields,220.0
169289,cup slices,130.0
169290,"cup, mashed",240.0
169290,"cup, sliced",180.0
169291,"cup, chopped",124.0
169291,"cup, sliced",113.0
169291,large,323.0
169291,medium,196.0
169291,slice,9.9
169291,small,118.0
169292,"cup, sliced",180.0
169292,"cup, mashed",120.0
169293,"cup, cubes",205.0
169294,"cup, mashed",245.0
169295,"cup, cubes",140.0
169296,"cup, cubes",205.0
169297,"cup, mashed",236.0
169298,"cup, cubes",101.0
169299,cup,155.0
169301,"cup, chopped",56.0
169301,shoot,13.0
169302,"cup, chopped",98.0
169303,"cup, chopped",35.0
169303,"leaf (12-1/4"" long)",16.0
169304,cup,64.0
169305,cup,255.0
169305,can (404 x 307),496.0
169306,"cup, cubes",176.0
169307,"cup, cubes",176.0
169308,"cup, sliced",104.0
169309,cup slices,140.0
169310,cup slices,125.0
169311,"artichoke, medium",120.0
169311,cup hearts,84.0
169312,cup,168.0
169312,"package (9 oz), yields",240.0
169312,package (9 oz) yields,80.0
169313,cup,90.0
169313,"spears (1/2"" base)",60.0
169314,cup,122.0
169314,can (300 x 407),411.0
169316,cup,170.0
169317,cup,248.0
169317,can (303 x 406),454.0
169318,cup,180.0
169318,package (10 oz) yields,311.0
169320,"cup 1/2"" pieces",100.0
169320,"beans (4"" long)",55.0
169321,cup,125.0
169322,cup,125.0
169323,cup,125.0
169324,cup,121.0
169324,package (10 oz),284.0
169325,cup,135.0
169326,cup,135.0
169327,cup,135.0
169330,cup flowerets,71.0
169330,floweret,11.0
169331,stalk,114.0
169332,cup,155.0
169333,"cup (1"" pieces)",125.0
169333,root,166.0
169335,"cup, shredded",35.0
169335,head,908.0
169336,"cup, shredded",35.0
169336,head,908.0
169337,"cup, shredded",119.0
169337,leaf,14.0
169339,tbsp,9.7
169339,cup slices,78.0
169339,carrot,46.0
169340,cup slices,123.0
169340,can (303 x 406),454.0
169341,cup pieces,155.0
169342,"cup, diced",150.0
169342,stalks,75.0
169343,"cup, chopped",175.0
169344,"cup (1"" pieces)",160.0
169345,cup,256.0
169345,can (303 x 406),482.0
169346,cup,256.0
169346,can (303 x 406),482.0
169347,cup,210.0
169347,can (303 x 406),340.0
169348,cup,165.0
169348,package (10 oz) yields,284.0
169349,cup kernels,165.0
169349,"ear, yields",63.0
169350,cup,135.0
169351,"cup, chopped",105.0
169352,"cup (1"" cubes)",99.0
169353,"cup (1"" cubes)",146.0
169354,cup,87.0
169355,cup,118.0
169356,cup,118.0
169357,cup slices,165.0
169359,cup slices,104.0
169359,pod,14.0
169360,cup,256.0
169360,can (303 x 406),482.0
169361,cup,164.0
169361,can (303 x 406),298.0
169362,cup,256.0
169362,can (303 x 406),482.0
169363,cup,256.0
169363,can (303 x 406),482.0
169364,cup,165.0
169364,package (10 oz) yields,284.0
169365,cup kernels,165.0
169365,"ear, yields",125.0
169366,cup kernels,165.0
169366,"ear, yields",63.0
169367,cup kernels,165.0
169367,"ear, yields",63.0
169368,cup,104.0
169369,cup,94.0
169372,cup,210.0
169373,tbsp,0.4
169373,cup,1.6
169374,cup,153.0
169374,beans,62.0
169374,can (303 x 406),262.0
169375,cup,153.0
169375,beans,62.0
169375,can (303 x 406),262.0
169376,cup pieces or slices,70.0
169376,cup whole,96.0
169376,large,23.0
169376,slice,6.0
169376,medium,18.0
169376,small,10.0
169377,cup sliced,121.0
169378,"cup, chopped",160.0
169378,cup sliced or chips,153.0
169378,"large Gherkin (3"" long)",35.0
169378,"Gherkin (2-3/4"" long)",25.0
169378,"midget Gherkin (2-1/8"" long)",6.0
169378,chip,7.5
169378,"small Gherkin (2-1/2"" long)",15.0
169378,spear Gherkin,20.0
169379,cup,155.0
169379,"large (4"" long)",135.0
169379,"medium (3-3/4"" long)",65.0
169379,slice,7.0
169379,small,37.0
169379,spear,30.0
169380,slice,6.0
169380,medium,35.0
169380,small,15.0
169380,large,35.0
169380,"cup, sliced",170.0
169380,"cup, chopped or diced",160.0
169381,tbsp,17.0
169381,packet,9.0
169381,cup,240.0
169382,large,5.0
169382,medium,3.0
169382,cup whole,64.0
169382,cup sliced,65.0
169383,"pepper, large (3-3/4"" long, 3"" dia)",186.0
169383,strips,52.0
169384,cup,110.0
169384,piece,3.0
169385,"cup, sliced",87.0
169385,bulb,234.0
169386,tbsp,15.0
169386,cup,122.0
169387,leaf,2.0
169387,cup,10.0
169388,cup,149.0
169388,pad,29.0
169389,cup,64.0
169389,floweret,25.0
169389,"head, large (6-7"" dia)",511.0
169389,"head, medium (5-6"" dia)",431.0
169389,"head, small (4"" dia)",325.0
169390,head,90.0
169391,"cup (1"" pieces)",62.0
169392,cup,88.0
169393,leaf,4.0
169394,cup,124.0
169394,"small (4"" long)",33.0
169394,"medium (4-1/2"" long)",46.0
169394,"large (5"" long)",75.0
169395,"cup, chopped",105.0
169395,pepper,6.1
169396,pepper,17.0
169397,cup,245.0
169398,tbsp,0.8
169398,sprig,2.0
169399,"cup, chopped",23.0
169399,plant,22.0
169400,cup,44.0
169400,bunch,17.0
169401,"cup, sliced",135.0
169401,root,305.0
169403,cup diced,70.0
169403,piece whole,1.1
169406,tbsp,14.0
169406,oz,28.4
169407,cup,108.0
169407,oz,28.4
169408,cup,155.0
169408,oz,28.4
169409,cup,240.0
169409,tbsp,15.0
169410,tbsp,15.0
169410,oz,28.4
169411,oz,28.4
169412,cup,150.0
169412,tbsp,8.0
169412,tsp,2.7
169413,oz,28.4
169414,"tbsp, whole",10.3
169414,"cup, whole",168.0
169414,"tbsp, ground",7.0
169414,"tsp, whole",3.4
169414,"tsp, ground",2.5
169415,cup,118.0
169415,oz,28.4
169416,cup,128.0
169416,oz,28.4
169417,cup,128.0
169417,oz,28.4
169417,package (1.875 oz) yields,27.0
169419,cup whole kernels,157.0
169419,oz (22 whole kernels),28.4
169420,oz (28 almonds),28.0
169421,"cup, halves and whole",137.0
169421,oz,28.4
169422,"cup, whole",129.0
169422,"cup, halves and pieces",129.0
169422,oz (18 kernels),28.4
169423,cup,144.0
169423,oz,28.4
169424,oz,28.4
169425,cup,110.0
169425,oz (15 halves),28.4
169426,cup,123.0
169426,oz (49 kernels),28.4
169426,kernel,0.7
169427,oz,28.4
169428,oz,28.4
169429,oz,113.0
169429,steak,214.0
169430,oz,28.4
169430,lb,453.6
169431,oz,28.4
169431,lb,453.6
169432,oz,85.0
169432,steak,350.0
169433,oz,28.4
169433,oz,113.0
169433,steak,202.0
169434,oz,85.0
169434,"piece, cooked, excluding refuse (yield from 1 lb raw meat with refuse)",262.0
169435,oz,85.0
169435,steak (yield from 483 g raw meat),387.0
169436,oz,85.0
169436,steak (yield from 297 g raw meat),236.0
169437,oz,28.4
169437,lb,453.6
169438,oz,85.0
169438,steak (yield from 297g raw meat),236.0
169439,oz,113.0
169439,lb,453.6
169440,oz,85.0
169440,steak (Yield from 448 g raw meat),293.0
169441,oz,28.4
169441,lb,453.6
169442,oz,85.0
169442,"piece, cooked, excluding refuse (yield from 1 lb raw meat with refuse)",170.0
169443,oz,113.0
169443,steak,539.0
169444,oz,85.0
169444,roast,647.0
169445,oz,113.0
169445,steak,679.0
169445,roast,960.0
169446,oz,113.0
169446,steak,648.0
169446,roast,949.0
169447,oz,85.0
169447,"unit, cooked (yield from 1 lb raw meat)",313.0
169448,oz,85.0
169449,oz,28.4
169449,oz,113.0
169450,oz,85.0
169451,oz,113.0
169452,oz,28.4
169452,oz,113.0
169453,oz,85.0
169453,"piece, cooked, excluding refuse (yield from 1 lb raw meat with refuse)",222.0
169454,oz,28.4
169454,oz,113.0
169455,oz,85.0
169455,steak (yield from 203 g raw meat),164.0
169456,oz,85.0
169456,steak (yield from 186 g raw meat),150.0
169457,oz,85.0
169457,steak (yield from 518 g raw meat),384.0
169458,oz,85.0
169458,steak (yield from 532 g raw meat),393.0
169459,oz,85.0
169459,lb,453.6
169460,oz,85.0
169460,lb,453.6
169461,oz ( 1serving ),85.0
169461,lb,453.6
169462,oz,113.0
169462,steak,534.0
169463,oz,85.0
169463,serving,85.0
169463,"piece, cooked, excluding refuse",256.0
169464,oz,85.0
169464,lb,453.6
169465,oz,85.0
169465,lb,453.6
169466,oz,85.0
169466,lb,453.6
169467,oz,85.0
169467,steak,368.0
169468,oz,85.0
169468,serving,85.0
169468,"piece, cooked, excluding refuse",264.0
169469,oz,85.0
169469,steak,247.0
169470,oz,113.0
169470,roast,1289.0
169471,oz,85.0
169471,steak,284.0
169472,oz,85.0
169472,steak,269.0
169473,oz,85.0
169473,portion (yield from 1/2 lb raw meat ),139.0
169474,oz,85.0
169474,loaf ( yield from 1 lb raw meat ),284.0
169475,oz,85.0
169475,steak,177.0
169476,oz,85.0
169476,steak,199.0
169477,oz,113.0
169477,steak,1438.0
169478,oz,113.0
169478,steak,1432.0
169479,oz,85.0
169479,steak,186.0
169480,oz,113.0
169480,steak,1027.0
169480,roast,1316.0
169481,oz,113.0
169482,oz,113.0
169482,steak,1106.0
169482,roast,1320.0
169483,oz,113.0
169484,oz,85.0
169485,oz,113.0
169486,oz,85.0
169487,oz,113.0
169488,oz,85.0
169488,steak (yield from raw steak weighing 550 g),380.0
169489,oz,113.0
169489,lb,453.6
169490,oz,85.0
169490,"piece, cooked, excluding refuse (yield from 1 lb raw meat with refuse)",332.0
169491,oz,113.0
169491,lb,453.6
169492,oz,85.0
169492,"piece, cooked, excluding refuse (yield from 1 lb raw meat with refuse)",257.0
169493,oz,113.0
169493,lb,453.6
169494,oz,85.0
169494,"piece, cooked, excluding refuse (yield from 1 lb raw meat with refuse)",247.0
169495,oz,113.0
169495,lb,453.6
169496,oz,85.0
169496,roast,586.0
169497,oz,85.0
169497,roast,645.0
169498,oz,28.4
169498,lb,453.6
169499,oz,85.0
169499,"piece, cooked, excluding refuse (yield from 1 lb raw meat with refuse)",267.0
169500,oz,85.0
169500,"piece, cooked, excluding refuse (yield from 1 lb raw meat with refuse)",289.0
169501,oz,85.0
169501,"piece, cooked, excluding refuse (yield from 1 lb raw meat with refuse)",264.0
169502,oz,85.0
169502,"piece, cooked, excluding refuse (yield from 1 lb raw meat with refuse)",289.0
169503,oz,113.0
169503,lb,453.6
169504,oz,85.0
169504,"piece, cooked, excluding refuse (yield from 1 lb raw meat with refuse)",274.0
169505,oz,28.4
169505,lb,453.6
169506,oz,85.0
169506,"piece, cooked, excluding refuse (yield from 1 lb raw meat with refuse)",267.0
169507,oz,85.0
169507,"piece, cooked, excluding refuse (yield from 1 lb raw meat with refuse)",296.0
169508,oz,28.4
169508,lb,453.6
169509,oz,113.0
169509,lb,453.6
169510,oz,85.0
169510,"piece, cooked, excluding refuse (yield from 1 lb raw meat with refuse)",268.0
169511,oz,85.0
169511,"piece, cooked, excluding refuse (yield from 1 lb raw meat with refuse)",282.0
169512,oz,113.0
169512,lb,453.6
169513,oz,85.0
169513,"piece, cooked, excluding refuse (yield from 1 lb raw meat with refuse)",285.0
169514,oz,113.0
169514,lb,453.6
169515,oz,85.0
169515,"piece, cooked, excluding refuse (yield from 1 lb raw meat with refuse)",268.0
169516,oz,85.0
169516,"piece, cooked, excluding refuse (yield from 1 lb raw meat with refuse)",276.0
169517,oz,113.0
169517,lb,453.6
169518,oz,85.0
169518,"piece, cooked, excluding refuse (yield from 1 lb raw meat with refuse)",313.0
169519,oz,113.0
169519,lb,453.6
169520,oz,85.0
169520,"piece, cooked, excluding refuse (yield from 1 lb raw meat with refuse)",281.0
169521,oz,85.0
169521,steak (yield from raw steak weighing 340g),226.0
169522,oz,85.0
169522,"piece, cooked, excluding refuse (yield from 1 lb raw meat with refuse)",338.0
169522,roast (yield from 1 raw roast weighing 786g),636.0
169523,oz,113.0
169523,lb,453.6
169524,oz,85.0
169524,"piece, cooked, excluding refuse (yield from 1 lb raw meat with refuse)",333.0
169525,oz,113.0
169525,lb,453.6
169526,oz,85.0
169526,"piece, cooked, excluding refuse (yield from 1 lb raw meat with refuse)",326.0
169527,oz,113.0
169527,lb,453.6
169528,oz,85.0
169528,"piece, cooked, excluding refuse (yield from 1 lb raw meat with refuse)",325.0
169529,oz,113.0
169529,lb,453.6
169530,oz,85.0
169530,"piece, cooked, excluding refuse (yield from 1 lb raw meat with refuse)",286.0
169531,oz,85.0
169531,"piece, cooked, excluding refuse (yield from 1 lb raw meat with refuse)",326.0
169532,oz,113.0
169532,lb,453.6
169533,oz,85.0
169533,steak (yield from raw steak weighing 491g),359.0
169533,"piece, cooked, excluding refuse (yield from 1 lb raw meat with refuse)",329.0
169534,oz,113.0
169534,lb,453.6
169535,oz,85.0
169535,"piece, cooked, excluding refuse (yield from 1 lb raw meat with refuse)",332.0
169536,oz,113.0
169536,steak,252.0
169537,oz,85.0
169537,steak,360.0
169538,oz,113.0
169539,oz,85.0
169539,steak,213.0
169540,oz,113.0
169540,steak,301.0
169541,oz,85.0
169541,"steak, excluding refuse (yield from 1 raw steak, with refuse, weighing 242 g)",167.0
169542,oz,113.0
169542,steak,164.0
169543,oz,85.0
169543,"steak, excluding refuse (yield from 1 raw steak, with refuse, weighing 154 g)",104.0
169544,oz,85.0
169544,"piece, cooked, excluding refuse (yield from 1 lb raw meat with refuse)",330.0
169545,oz,113.0
169545,steak,177.0
169546,oz,85.0
169546,"piece, cooked, excluding refuse (yield from 1 lb raw meat with refuse)",329.0
169547,oz,28.4
169547,lb,453.6
169548,oz,85.0
169548,"steak, excluding refuse (yield from 1 raw steak, with refuse, weighing 154 g)",106.0
169549,oz,85.0
169549,"piece, cooked, excluding refuse (yield from 1 lb raw meat with refuse)",326.0
169550,oz,85.0
169550,"piece, cooked, excluding refuse (yield from 1 lb raw meat with refuse)",307.0
169551,oz,113.0
169551,steak,594.0
169552,oz,85.0
169552,steak (yield from 1 raw steak weighing 624g),485.0
169553,oz,85.0
169554,oz,85.0
169554,steak (yield from 467 g raw meat),379.0
169555,oz,85.0
169555,steak (yield from 388 g raw meat),247.0
169556,oz,85.0
169556,steak (yield from 294 g raw meat),231.0
169557,oz,85.0
169557,steak (yield from 295 g raw meat),233.0
169558,oz,85.0
169558,roast (yield from 690g raw meat),569.0
169559,oz,113.0
169559,roast,252.0
169560,oz,85.0
169560,steak (yield from 381 g raw meat),277.0
169561,oz (1 serving),85.0
169562,oz,113.0
169563,oz,113.0
169563,steak,188.0
169564,oz,113.0
169564,steak,173.0
169565,oz,113.0
169565,roast,1289.0
169566,oz,113.0
169566,roast,1263.0
169567,oz,85.0
169567,piece,272.0
169568,oz,85.0
169568,piece,315.0
169569,oz,85.0
169569,piece,289.0
169570,oz,113.0
169570,piece,514.0
169571,oz,85.0
169571,serving,85.0
169571,roast,569.0
169572,fl oz,29.5
169572,fl oz,354.0
169573,fl oz,30.5
169573,"can (6.8 fl oz, 200 ml)",207.0
169574,fl oz,30.2
169574,cocktail (2 fl oz),60.0
169575,fl oz,29.5
169575,fl oz,354.0
169576,cup,180.0
169576,pieces,10.0
169577,serving 1/4 cup,73.0
169577,tbsp,15.0
169577,oz,28.4
169577,cup,240.0
169578,cup,314.0
169578,tbsp,20.0
169579,bar 2.8 oz,78.0
169580,piece,12.0
169580,"recipe yield, recipe makes 49     1 "" x 1""     pieces",612.0
169581,"serving 0.5 oz, about 1 tbsp",14.0
169581,"package (net weight, 12 oz)",340.0
169582,serving 1 singles bag,54.0
169582,package fun size,18.0
169582,pieces,20.0
169582,cup,170.0
169583,package (1.69 oz),48.0
169583,box (1.48 oz),42.0
169583,cup,208.0
169583,serving,21.0
169583,pieces,7.0
169584,"serving 0.5 oz, about 1 tbsp",14.0
169585,oz,28.4
169585,bar (1.4 oz),40.0
169585,bar (1.6 oz),45.0
169585,bar (1.75 fl oz),50.0
169586,oz,28.4
169587,serving 1.58 oz bag,45.0
169587,serving fun size,48.0
169587,serving 0.25 cup,45.0
169588,oz,28.4
169588,piece,1.8
169588,pieces,35.0
169589,bar (2 oz),57.0
169589,"bar, fun size",15.0
169589,"bar, king size (4 oz)",113.0
169590,serving fun size (8 chews),40.0
169590,serving 2.07 oz pack,59.0
169590,piece,5.0
169591,serving 1.0 oz tube,30.0
169591,serving 0.50 oz box,15.0
169591,serving 1 1.94 oz tube,55.0
169592,bar 1.45 oz,41.0
169592,bar 2.6 oz,73.0
169592,blocks,42.0
169592,bar,17.0
169593,cup,86.0
169593,tbsp,5.4
169594,cup,86.0
169594,tbsp,5.4
169595,cup,141.0
169595,recipe yield,563.0
169596,cup,135.0
169596,serving,21.0
169596,"package 3 oz, yields 2 cups",540.0
169597,serving,6.4
169598,cup,117.0
169598,package yield (2 cups),469.0
169599,envelope (1 tbsp),7.0
169599,package (1 oz),28.0
169600,cup,147.0
169600,package yield (2 cups),587.0
169601,cup,141.0
169601,recipe yield,844.0
169602,package (3 oz),85.0
169602,"portion, amount to make 1/2 cup",21.0
169603,package (3.5 oz),99.0
169603,"portion, amount to make 1/2 cup",25.0
169604,cup,142.0
169604,package yield (2 cups),570.0
169605,cup,128.0
169606,package (3.5 oz),92.0
169606,"portion, amount to make 1/2 cup",23.0
169607,cup,128.0
169608,oz,28.4
169608,container refrigerated 4 oz,110.0
169608,container shelf stable 3.5 oz,97.0
169609,package (3.12 oz),88.0
169609,"portion, amount to make 1/2 cup",22.0
169610,cup,140.0
169610,package yield (2 cups),559.0
169611,cup,128.0
169612,cup,128.0
169613,bar,51.0
169614,oz,28.4
169614,container refrigerated 4 oz,110.0
169614,container,97.0
169615,cup,140.0
169615,package yield (2 cups),559.0
169616,tbsp,9.0
169616,package (2 oz),57.0
169617,cup,142.0
169618,package,38.0
169618,tbsp,35.0
169618,package (16 oz),462.0
169619,tbsp creamy,33.0
169619,tbsp whipped,24.0
169620,package,38.0
169620,tbsp creamy,33.0
169620,package (16 oz),462.0
169621,cup,141.0
169622,pieces,39.0
169623,pieces,39.0
169624,bar 1.92 oz,54.0
169624,bars,34.0
169625,package,388.0
169626,package yields,315.0
169626,package,26.0
169627,pieces,40.0
169628,serving 1.5 oz,42.0
169629,bar 1.94 oz,55.0
169629,bar king size 2.8 oz,79.0
169630,oz bar,56.0
169631,serving 1/2 cup,68.0
169632,bar (2.5 fl oz),77.0
169632,bar (3 fl oz),92.0
169633,serving 1/2 cup,72.0
169634,serving 28 pieces,40.0
169635,roll,21.0
169636,serving,21.0
169636,packet,14.2
169637,oz,28.4
169638,cup (4 fl oz),99.0
169639,serving 1.42 oz bar,40.0
169640,cup,339.0
169640,tbsp,21.0
169640,packet (0.5 oz),14.0
169641,tbsp,20.0
169641,packet (0.5 oz),14.0
169642,serving 1 tbsp,21.0
169642,packet (0.5 oz),14.0
169643,serving 13 pieces,39.0
169644,serving 13 pieces,39.0
169645,serving 15 pieces,41.0
169646,serving fun size (8 chews),40.0
169647,serving 2.07 oz pack,59.0
169648,package (3.5 oz),99.0
169648,"portion, amount to make 1/2 cup",25.0
169649,cup,127.0
169650,package (3.12 oz),88.0
169650,"portion, amount to make 1/2 cup",22.0
169651,serving 0.78 oz bar,22.0
169652,serving 0.78 oz bar,22.0
169653,serving 0.7 oz bar,20.0
169654,package (3.5 oz),99.0
169654,"portion, amount to make 1/2 cup",25.0
169656,cup unsifted,120.0
169656,cup sifted,100.0
169656,tbsp unsifted,8.0
169656,tsp,2.5
169657,tsp,3.5
169657,serving 1 packet,1.0
169658,tsp,3.0
169658,oz,28.4
169658,"piece (1-3/4"" x 1-1/4"" x 1/2"")",28.0
169659,cup,310.0
169659,tbsp,19.0
169660,cup,332.0
169660,tbsp,21.0
169661,tbsp,20.0
169661,serving 1/4 cup,83.0
169661,cup,315.0
169662,cup,330.0
169662,tbsp,21.0
169663,serving 1.66 oz bar,47.0
169663,bar fun size,15.0
169663,serving 1.56 oz bar,44.0
169664,oz,28.4
169664,jar,198.0
169665,cup,340.0
169665,tbsp,42.0
169666,cup,328.0
169666,tbsp,41.0
169667,serving 2.1 oz bag,62.0
169667,serving fun size bag,20.0
169668,recipe yield,327.0
169669,piece,20.0
169669,recipe yield (60 pieces),1229.0
169670,piece,15.0
169671,piece,12.0
169672,oz,28.4
169672,oz,57.0
169673,bar (1 oz),28.0
169674,bar (1.5 oz),43.0
169674,bar (1 oz),28.0
169675,bar (1 oz),28.0
169676,bar (1 oz),28.0
169677,oz,28.0
169677,chips,28.0
169677,oz,28.4
169677,bag (8 oz),227.0
169678,oz,28.4
169678,can (6.25 oz),191.0
169679,cake,9.0
169679,cakes,18.0
169680,cake,9.0
169680,cakes,18.0
169681,oz,28.4
169681,bar,24.0
169682,oz,28.4
169682,bag (6 oz),170.0
169683,oz,28.4
169683,bag (6 oz),170.0
169684,oz,28.4
169685,oz,28.4
169686,oz,28.4
169686,bag (8 oz),227.0
169687,serving,22.0
169688,bar,37.0
169689,bar,28.0
169690,cup chips (6 oz package),170.0
169690,cup large chips,182.0
169690,cup mini chips,173.0
169690,oz (approx 60 pcs),28.4
169691,package (3 oz),85.0
169691,"portion, amount to make 1/2 cup",21.0
169692,tbsp,9.0
169692,package (0.35 oz),10.0
169692,"portion, amount to make 1/2 cup",2.5
169693,tbsp,9.0
169693,package (0.35 oz),10.0
169693,"portion, amount to make 1/2 cup",2.5
169694,cup,114.0
169695,cup,126.0
169696,cup,114.0
169697,cup,122.0
169698,cup,128.0
169699,cup,173.0
169700,"cup, cooked",157.0
169700,"cup, dry, yields",528.0
169700,"oz, dry, yields",86.0
169701,cup,165.0
169702,cup,200.0
169703,cup,185.0
169704,cup,202.0
169705,cup,156.0
169706,cup,190.0
169707,cup,185.0
169708,cup,158.0
169709,cup,95.0
169710,cup,165.0
169711,cup,174.0
169712,"cup, loosely packed",132.0
169713,cup,118.0
169714,cup,158.0
169715,cup,167.0
169716,cup,192.0
169717,cup,152.0
169718,cup,192.0
169719,cup,192.0
169720,cup,168.0
169721,cup,192.0
169722,cup,58.0
169723,"cup unsifted, dipped",137.0
169724,cup,111.0
169725,cup,108.0
169726,cup,160.0
169727,oz,128.0
169728,oz,128.0
169729,oz,128.0
169730,oz,57.0
169731,cup,38.0
169731,oz,57.0
169732,cup,160.0
169733,cup,38.0
169733,oz,57.0
169734,cup,160.0
169735,cup,45.0
169736,cup spaghetti,91.0
169736,oz,57.0
169736,cup elbows,122.0
169736,cup penne,95.0
169736,cup farfalle,81.0
169736,cup rotini,96.0
169736,cup shells,64.0
169736,cup lasagna,90.0
169737,cup spaghetti not packed,124.0
169737,cup spaghetti packed,151.0
169737,cup elbows not packed,120.0
169737,cup elbows packed,132.0
169737,cup penne,107.0
169737,cup farfalle,107.0
169737,cup rotini,107.0
169737,cup shells,105.0
169737,cup lasagne,116.0
169738,cup spaghetti,91.0
169738,cup elbows,122.0
169738,cup penne,95.0
169738,cup farfalle,81.0
169738,cup rotini,96.0
169738,cup shells,64.0
169738,cup lasagne,90.0
169739,cup,148.0
169740,cup,162.0
169741,cup,104.0
169742,oz,57.0
169743,cup,186.0
169744,cup,172.0
169745,cup,174.0
169746,cup,194.0
169747,cup,193.0
169748,cup,117.0
169749,cup,114.0
169750,cup,122.0
169751,cup spaghetti not packed,124.0
169751,cup packed,151.0
169751,cup elbows not packed,120.0
169751,cup elbows packed,132.0
169751,cup penne,107.0
169751,cup farfalle,107.0
169751,cup rotini,107.0
169751,cup shells,105.0
169751,cup lasagne,116.0
169752,cup,160.0
169753,cup,158.0
169754,cup,125.0
169755,cup,38.0
169756,cup,185.0
169757,cup,158.0
169758,cup,185.0
169759,cup,158.0
169760,cup,195.0
169761,cup,125.0
169762,cup,160.0
169763,oz,85.0
169764,oz,85.0
169765,tablespoon,25.0
169766,cup drained,34.0
169767,cup,269.0
169768,cup,229.0
169768,container,700.0
169769,serving (3.5 oz),25.0
169769,serving (4 oz),37.0
169770,cup prepared,189.0
169771,piece,42.0
169772,piece,42.0
169773,pieces 1 serving,145.0
169774,serving (3.5 oz),99.0
169775,serving 4.5 oz,127.0
169776,serving 1 pouch,61.0
169777,cup,198.0
169778,cup dry rice mix,57.0
169779,pieces pierogies,114.0
169780,piece turnover 1 serving,127.0
169781,biscuit,126.0
169781,box,526.0
169782,patty,64.0
169783,patty,72.0
169784,biscuit,128.0
169784,box,595.0
169785,scoop,9.4
169786,scoop,9.4
169787,scoop,9.4
169788,scoop,9.4
169789,fl oz,30.0
169789,fl oz,152.0
169790,fl oz,30.5
169790,fl oz,152.0
169791,scoop,8.7
169792,jar,113.0
169795,strip,45.0
169813,filet,108.0
169813,strip,136.0
169815,cup,65.0
169816,pad peeled,19.0
169816,pad,61.0
169817,pad,7.5
169818,bulb peeled,12.6
169819,cup,89.0
169820,cup,161.0
169822,cup,66.0
169822,piece,102.0
169826,oz,28.4
169827,nut,0.4
169827,oz,28.4
169829,piece,57.0
169831,serving,157.0
169832,serving,175.0
169833,serving,184.0
169834,piece,35.0
169834,serving,212.0
169835,cup,144.0
169835,serving,236.0
169836,serving,170.0
169837,serving,114.0
169837,piece,37.0
169838,serving,169.0
169839,cup,136.0
169839,serving,210.0
169840,serving,350.0
169841,serving,209.0
169842,serving,175.0
169843,serving,167.0
169844,serving,166.0
169845,serving,565.0
169845,cup,134.0
169846,serving,226.0
169847,serving,201.0
169848,cup,94.0
169848,serving,124.0
169849,serving,175.0
169849,cup,149.0
169850,serving,457.0
169851,serving,422.0
169852,serving,478.0
169853,serving,489.0
169854,serving serving size varied from 1 to 3 enchiladas,250.0
169854,enchilada,241.0
169854,enchilada,124.0
169854,enchilada,343.0
169855,serving serving size varied from 1 to 3 enchiladas,244.0
169855,enchilada,137.0
169855,enchilada,257.0
169855,enchilada,365.0
169856,serving serving size varied from 1 to 3 tamales,302.0
169856,tamale,179.0
169856,tamale,351.0
169856,tamale,550.0
169857,serving,339.0
169858,serving,304.0
169859,cup (1 NLEA serving),32.0
169860,tablespoon,14.0
169861,cup,8.0
169861,oz,28.4
169862,cup (1 NLEA serving),52.0
169863,oz,28.4
169864,cup,230.0
169864,tbsp,14.4
169864,jar Earth's Best (4.5 oz),128.0
169865,cup,230.0
169865,tbsp,14.4
169865,jar Earth's Best (4.5 oz),128.0
169866,"cup, sliced",143.0
169867,tbsp,14.0
169867,cup,224.0
169867,teaspoon,4.5
169868,cup,247.0
169868,fl oz,30.9
169869,tbsp,16.0
169870,cup (1 NLEA serving),59.0
169871,oz,28.4
169872,tbsp,15.0
169872,jar NFS,113.0
169872,jar Beech-Nut Stage 2 (4 oz),113.0
169872,jar Heinz Strained-2 (4.25 oz),120.0
169873,tbsp,15.0
169873,jar NFS,113.0
169873,jar Heinz Strained-2 (4 oz),113.0
169874,tbsp,15.0
169874,jar NFS,170.0
169874,jar Heinz Junior-3 (6 oz),170.0
169875,tbsp,16.0
169875,cup,250.0
169876,tbsp,15.0
169876,cup,245.0
169877,tbsp,15.0
169877,cup,240.0
169878,cup,240.0
169878,tbsp,15.0
169879,cup,300.0
169879,tbsp,19.0
169880,piece,3.0
169881,serving,36.0
169882,piece,2.0
169883,fl oz,31.2
169883,cup (8 fl oz),250.0
169884,cup,140.0
169885,cup,240.0
169886,cup,168.0
169887,"cup, sliced",140.0
169887,frankfurter,70.0
169888,slice,56.0
169889,cup,150.0
169890,cup,150.0
169891,cup,128.0
169892,cup,136.0
169893,tbsp,7.0
169894,cup,80.0
169895,tablespoon,15.0
169895,serving (2 tbsp),30.0
169896,cup,196.0
169896,tsp,4.2
169896,individual packet,3.0
169897,tbsp,5.6
169897,envelope,20.0
169898,container (6 oz),170.0
169898,container (4.4 oz),125.0
169898,cup (8 fl oz),245.0
169898,container (8 oz),227.0
169899,cup,80.0
169900,serving,74.0
169901,slice,21.0
169901,cubic inch,18.0
169901,cup,224.0
169902,oz,28.4
169902,lb,453.0
169903,"cup, chopped or diced",140.0
169904,oz,28.4
169905,"cup, chopped or diced",140.0
169906,"oz, boneless",85.0
169906,"cubic inch, boneless",17.0
169907,fruit,1.7
169908,"cup, cubed",149.0
169908,large,20.0
169908,medium,16.0
169908,small,13.6
169909,fruit without refuse,846.0
169910,cup pieces,165.0
169910,fruit without refuse,336.0
169911,"cup, diced (approx 20 pieces per cup)",170.0
169911,"cup, balls",177.0
169911,"melon (5-1/4"" dia)",1000.0
169911,"melon (6"" - 7"" dia)",1280.0
169911,"wedge (1/8 of 5-1/4"" dia melon)",125.0
169911,"wedge (1/8 of 6"" to 7"" dia melon)",160.0
169911,honeydew balls,138.0
169911,NLEA serving,134.0
169912,"cup, unthawed",173.0
169913,cup,140.0
169913,fruit,15.0
169915,cup,140.0
169915,fruit,11.0
169916,"cup sections, without membranes",180.0
169916,"fruit (2-5/8"" dia)",121.0
169918,"cup sections, without membranes",185.0
169918,"fruit (2-5/8"" dia)",141.0
169918,"fruit (2-11/16"" dia)",151.0
169919,cup,170.0
169919,fruit without seeds,159.0
169920,cup,249.0
169920,fl oz,31.1
169921,cup,249.0
169921,fl oz,31.1
169922,cup,262.0
169922,fl oz,33.0
169923,cup,262.0
169923,fl oz,33.0
169924,cup,252.0
169925,cup,247.0
169925,fl oz,30.9
169926,"cup 1"" pieces",145.0
169926,"cup, mashed",230.0
169926,"fruit, small",157.0
169926,"fruit, large",781.0
169927,piece,39.0
169929,"cup, halves or slices",244.0
169929,"half, with liquid",98.0
169930,cup,250.0
169930,"cup, halves or slices",248.0
169930,"half, with liquid",98.0
169931,"cup, halves or slices",247.0
169932,cup,116.0
169933,cup,242.0
169934,"cup, halves",160.0
169934,half,13.0
169935,cup,258.0
169936,"cup, halves",248.0
169936,"half, with liquid",76.0
169937,"cup, halves",247.0
169937,"half, with liquid",76.0
169938,"cup, halves",251.0
169938,"half, with liquid",76.0
169939,cup,266.0
169939,"half, with liquid",76.0
169940,cup,250.0
169940,fl oz,31.2
169941,"fruit (2-1/2"" dia)",168.0
169942,fruit without refuse,34.0
169943,fruit without refuse,25.0
169944,"cup, crushed, sliced, or chunks",254.0
169944,"slice or ring (3"" dia) with liquid",49.0
169945,"cup, crushed, sliced, or chunks",260.0
169946,"cup, chunks",245.0
169947,cup,250.0
169947,fl oz,31.3
169948,can (6 fl oz),216.0
169949,"cup, sliced",165.0
169949,"fruit (2-1/8"" dia)",66.0
169949,NLEA serving,151.0
169950,"cup, pitted",249.0
169950,plum with liquid,46.0
169951,"cup, pitted",252.0
169951,plum with liquid,46.0
169952,"cup, pitted",252.0
169952,plum with liquid,46.0
169953,cup,160.0
169953,package (10 oz),284.0
169954,cup,170.0
169954,package (10 oz) yields,311.0
169955,cup,164.0
169955,package (10 oz),284.0
169956,cup,180.0
169956,package (10 oz) yields,311.0
169957,cup,104.0
169957,package (12 oz),340.0
169958,package (10 oz),94.0
169958,package (10 oz),284.0
169959,package (10 oz) yields,94.0
169959,package (10 oz) yields,284.0
169960,cup,245.0
169961,"cup 1/2"" pieces",100.0
169961,"beans (4"" long)",55.0
169962,cup,121.0
169962,package (10 oz),284.0
169963,cup,135.0
169964,cup,111.0
169965,"cup 1/2"" pieces",116.0
169966,"cup, diced",157.0
169966,"cup, shredded",195.0
169966,cup slices,170.0
169966,"cup, whole",163.0
169966,slice,8.0
169966,beet,24.0
169966,can (303 x 406),294.0
169967,"cup, chopped",78.0
169967,"stalk, large (11""-12"" long)",280.0
169967,"stalk, medium (7-1/2"" - 8"" long)",180.0
169967,"stalk, small (5"" long)",140.0
169967,"spear (about 5"" long)",37.0
169968,cup,156.0
169968,package (10 oz),284.0
169969,cup,184.0
169970,package (10 oz),95.0
169970,package (10 oz),284.0
169970,package (2 lb),907.0
169971,sprout,21.0
169971,cup,78.0
169972,package (10 oz),95.0
169972,package (10 oz),284.0
169972,package (2 lb),907.0
169973,cup,155.0
169974,"cup (1"" pieces)",118.0
169974,root,156.0
169975,"cup, chopped",89.0
169975,"cup, shredded",70.0
169975,"head, large (about 7"" dia)",1248.0
169975,"leaf, large",33.0
169975,"head, medium (about 5-3/4"" dia)",908.0
169975,"leaf, medium",23.0
169975,"head, small (about 4-1/2"" dia)",714.0
169975,leaf,15.0
169976,"cup, shredded",75.0
169976,head,1262.0
169977,"cup, chopped",89.0
169977,"cup, shredded",70.0
169977,"head, large (about 5-1/2"" dia)",1134.0
169977,leaf,23.0
169977,"head, medium (about 5"" dia)",839.0
169977,"head, small (4"" dia)",567.0
169978,leaf,22.0
169978,"cup, shredded",75.0
169979,"cup, shredded",76.0
169980,"cup, shredded",119.0
169980,leaf,14.0
169981,"cup, shredded",178.0
169984,"cup, sliced",146.0
169985,cup,206.0
169985,root,408.0
169986,"cup chopped (1/2"" pieces)",107.0
169986,floweret,13.0
169986,"head large (6-7"" dia.)",840.0
169986,"head medium (5-6"" dia.)",588.0
169986,"head small (4"" dia.)",265.0
169987,cup pieces,155.0
169988,cup chopped,101.0
169988,NLEA serving,110.0
169988,tbsp,7.5
169988,"stalk, large (11""-12"" long)",64.0
169988,"stalk, medium (7-1/2"" - 8"" long)",40.0
169988,"stalk, small (5"" long)",17.0
169988,"strip (4"" long)",4.0
169989,"cup, diced",150.0
169989,stalks,75.0
169990,leaf,8.0
169991,cup,36.0
169991,leaf,48.0
169992,"cup, chopped",29.0
169993,root,60.0
169993,"cup (1"" pieces)",45.0
169994,tbsp chopped,3.0
169994,tsp chopped,1.0
169995,"cup (1"" pieces)",25.0
169995,"stem (8-3/4"" long)",14.0
169996,"cup, chopped",170.0
169997,cup,4.0
169997,sprigs,20.0
169998,cup,145.0
169998,"ear, large (7-3/4"" to 9"" long) yields",143.0
169998,"ear, medium (6-3/4"" to 7-1/2"" long) yields",102.0
169998,"ear, small (5-1/2"" to 6-1/2"" long)",73.0
169999,"ear small (5-1/2"" to 6-1/2"" long)",89.0
169999,"ear medium (6-3/4"" to 7-1/2"" long)",103.0
169999,"ear large (7-3/4"" to 9"" long)",118.0
169999,cup cut,149.0
169999,baby ear,8.0
170000,"cup, chopped",160.0
170000,"cup, sliced",115.0
170000,tbsp chopped,10.0
170000,large,150.0
170000,"slice, large (1/4"" thick)",38.0
170000,"medium (2-1/2"" dia)",110.0
170000,"slice, medium (1/8"" thick)",14.0
170000,small,70.0
170000,"slice, thin",9.0
170000,rings,60.0
170001,cup,210.0
170001,tbsp chopped,15.0
170001,large,128.0
170001,"slice, large (1/4"" thick)",32.0
170001,medium,94.0
170001,"slice, medium (1/8"" thick)",12.0
170001,small,60.0
170001,"slice, thin",8.0
170002,tbsp,5.0
170002,cup,14.0
170003,onion,63.0
170003,"cup, chopped or diced",112.0
170004,cup chopped,87.0
170005,"cup, chopped",100.0
170005,tbsp chopped,6.0
170005,large,25.0
170005,"medium (4-1/8"" long)",15.0
170005,"small (3"" long)",5.0
170006,tbsp,6.0
170006,stalk,12.0
170006,cup chopped,71.0
170008,NLEA serving,148.0
170008,onion,331.0
170009,cup slices,78.0
170009,"parsnip (9"" long)",160.0
170010,"cup, chopped",98.0
170010,"cup, whole",63.0
170010,pea pods,34.0
170011,cup,160.0
170012,cup,144.0
170012,package (10 oz),284.0
170013,cup,175.0
170013,can (303 x 406),313.0
170014,cup,227.0
170014,cup,114.0
170015,can,257.0
170015,cup,163.0
170016,cup,134.0
170016,package,284.0
170017,cup,80.0
170017,package (10 oz) yields,253.0
170018,package (10 oz) yields,278.0
170018,cup,80.0
170019,cup,120.0
170020,cup,69.0
170020,package (10 oz),284.0
170021,cup,180.0
170022,package (10 oz),95.0
170022,package (10 oz),284.0
170024,cup chopped,115.0
170025,cup,154.0
170025,seeds,4.0
170026,"cup, diced",75.0
170026,"Potato large (3"" to 4-1/4"" dia)",369.0
170026,"Potato medium (2-1/4"" to 3-1/4"" dia)",213.0
170026,"Potato small (1-3/4"" to 2-1/2"" dia)",170.0
170027,"cup, diced",75.0
170027,"potato large (3"" to 4-1/4"" dia)",369.0
170027,"Potato medium (2-1/4"" to 3-1/4"" dia)",213.0
170027,"Potato small (1-3/4"" to 2-1/4"" dia)",170.0
170028,"cup, diced",75.0
170028,"large (3"" to 4-1/4"" dia.)",369.0
170028,"medium (2+-1/4"" to 3-1/4"" dia.)",213.0
170028,"small (1-3/4"" to 2-1/4"" dia.)",92.0
170029,"cup, diced",75.0
170029,"potato large (3"" to 4-1/4"" dia)",369.0
170029,"potato medium (2-1/4"" to 3-1/4"" dia)",213.0
170029,"potato small (1-3/4"" to 2-1/4"" dia)",170.0
170030,"potato large (3"" to 4-1/4"" dia.",299.0
170030,"potato medium (2-1/4"" to 3-1/4"" dia.)",173.0
170030,"potato small (1-3/4"" to 2-1/2"" dia.)",138.0
170031,oz,85.0
170032,skin,38.0
170033,cup,61.0
170033,"potato (2-1/3"" x 4-3/4"")",156.0
170034,skin,58.0
170035,skin,58.0
170036,cup,156.0
170037,cup,210.0
170038,cup,245.0
170039,cup,200.0
170040,cup,210.0
170041,cup,200.0
170042,cup,210.0
170043,cup,105.0
170043,package (12 oz),340.0
170044,cup prepared,150.0
170044,"patty, oval (approx 3"" x 1-1/2"" x 1/2"")",29.0
170044,"package yield, 12 oz",205.0
170045,package (6 oz),170.0
170047,cup,120.0
170047,pieces,91.0
170048,puffs,79.0
170048,Crispy Crowns,60.0
170048,puff,7.0
170048,cup,128.0
170050,cup,240.0
170050,medium,246.0
170051,cup,240.0
170051,tbsp,15.0
170051,can,190.0
170051,large,164.0
170051,medium,111.0
170051,small,82.0
170052,cup,255.0
170053,cup,241.0
170054,cup,245.0
170055,cup,245.0
170056,cup,245.0
170057,cup,122.0
170057,"can, 15 oz (303 x 406)",425.0
170058,"cup, cubes",156.0
170058,"cup, mashed",230.0
170059,"package, mashed (10 oz)",94.0
170059,"package, mashed (10 oz)",284.0
170060,cup,156.0
170061,"cup, chopped",55.0
170062,cup,163.0
170063,cup,253.0
170063,fl oz,182.0
170064,cup,245.0
170065,cup,163.0
170066,cup slices,62.0
170066,waterchestnuts,36.0
170067,cup slices,70.0
170067,waterchestnuts,28.0
170068,"cup, chopped",34.0
170068,sprig,2.5
170068,sprigs,25.0
170069,"cup, cubes",132.0
170069,waxgourd,5700.0
170071,"cup, cubes",150.0
170072,"cup, cubes",136.0
170072,"cup, cubes",68.0
170073,cup slices,120.0
170073,cup,130.0
170073,large,1200.0
170073,medium,659.0
170073,slice,6.0
170073,small,365.0
170075,tbsp,0.2
170075,cup,0.8
170076,"cup, chopped",133.0
170078,cup,100.0
170079,cup,125.0
170080,"cup, chopped",136.0
170080,"cup, sliced",104.0
170080,pepper,22.0
170081,cup slices,50.0
170081,"radish (7"" long)",17.0
170082,tbsp,0.9
170082,cup,3.6
170083,cup,228.0
170083,can (404 x 307),638.0
170084,cup,196.0
170085,cup,244.0
170085,"can, 15 oz (303 x 406)",425.0
170088,"piece (2-1/2"" x 2"" dia)",105.0
170089,cup,101.0
170089,recipe yield,604.0
170092,"small 2-3/4 in. dia., 5/8 in. thick.",22.0
170092,"medium 3-1/4 in. x 3-5/8 in., 5/8 in. thick.",37.0
170093,NLEA serving,148.0
170093,potato large,299.0
170093,potato medium,173.0
170093,potato small,138.0
170094,"potato (2-3/4"" dia by 4-3/4"" long)",202.0
170095,cup,38.0
170096,"cup, chopped",139.0
170096,tomato,212.0
170097,cup pieces,145.0
170097,mushrooms,72.0
170098,cup slices,80.0
170098,"pods (3"" long)",85.0
170099,cup slices,92.0
170099,package (10 oz) yields,255.0
170100,cup,210.0
170100,tbsp chopped,15.0
170100,large,128.0
170100,"slice large (1/4"" thick)",32.0
170100,medium,94.0
170100,"slice medium (1/8"" thick)",12.0
170100,small,60.0
170100,slice thin,8.0
170101,tbsp chopped,15.0
170101,"cup, chopped or diced",105.0
170102,cup,160.0
170103,cup,124.0
170103,can (303 x 406),482.0
170104,cup,85.0
170104,can (303 x 406),313.0
170105,cup,80.0
170105,package (10 oz) yields,253.0
170106,pepper,45.0
170106,"cup, chopped or diced",75.0
170107,pepper,73.0
170107,"cup, chopped or diced",68.0
170108,"cup, chopped",149.0
170108,"cup, sliced",92.0
170108,tablespoon,9.3
170108,"large (2-1/4 per pound, approx 3-3/4"" long, 3"" dia.)",164.0
170108,"medium (approx 2-3/4"" long, 2-1/2 dia.)",119.0
170108,small,74.0
170108,"ring (3"" dia., 1/4"" thick)",10.0
170109,tbsp,11.6
170109,pepper,73.0
170109,"cup, chopped",92.0
170110,"cup, strips",135.0
170110,tbsp,11.6
170110,"cup, chopped",68.0
170111,cup,61.0
170111,"potato large (3"" to 4-1/4"" dia)",299.0
170111,"potato medium (2-1/4"" to 3-1/4"" dia)",173.0
170111,"potato small (1-3/4"" to 2-1/2"" dia)",138.0
170111,NLEA serving,148.0
170112,cup,61.0
170112,"potato (2-1/3"" x 4-3/4"")",156.0
170113,skin,58.0
170114,cup,78.0
170114,"potato (2-1/2"" dia, sphere)",136.0
170115,skin,58.0
170117,strips,50.0
170117,package (9 oz) yields,198.0
170118,strip,74.0
170119,cup,134.0
170120,cup,71.0
170121,cup,115.0
170122,cup slices,147.0
170123,cup,234.0
170124,cup,95.0
170124,package (10 oz) yields,220.0
170125,cup slices,180.0
170126,cup slices,180.0
170127,"cup, cubes",205.0
170128,"cup, cubes",205.0
170129,"cup, mashed",245.0
170130,"cup, cubes",205.0
170131,cup,170.0
170132,"cup, chopped",98.0
170133,cup,64.0
170134,"medium (2"" dia, 5"" long, raw)",114.0
170134,"cup, mashed",100.0
170135,cup slices,140.0
170136,cup slices,137.0
170137,cup,240.0
170137,cup,120.0
170137,NLEA serving,121.0
170138,cup,240.0
170138,tbsp,15.0
170138,can,190.0
170138,large,164.0
170138,medium,111.0
170138,small,82.0
170138,cup,120.0
170139,"cup, chopped",144.0
170140,cup,82.0
170140,package (10 oz) yields,220.0
170141,cup,163.0
170141,cup,86.0
170142,cup,91.0
170142,package (10 oz) yields,275.0
170143,cup diced,86.0
170143,piece whole,84.0
170144,oz,28.4
170145,oz,28.4
170146,oz,28.4
170147,oz,28.4
170148,tbsp,30.0
170149,cup,32.0
170149,oz (42 medium seeds),28.4
170150,cup,144.0
170150,tbsp,9.0
170151,oz,28.4
170152,cup,128.0
170152,oz,28.4
170153,oz,28.4
170154,cup,134.0
170154,oz,28.4
170155,tbsp,16.0
170155,oz,28.4
170156,cup,64.0
170156,tbsp,4.0
170157,oz,28.4
170158,cup whole kernels,138.0
170158,oz (22 whole kernels),28.4
170159,cup whole kernels,157.0
170159,oz (22 whole kernels),28.4
170160,oz,28.4
170160,"cup, firmly packed",227.0
170161,oz,28.4
170162,oz,28.4
170163,tbsp,16.0
170163,oz,28.4
170164,oz,28.4
170165,oz,28.4
170166,oz,28.4
170167,oz,28.4
170168,oz,28.4
170169,"cup, shredded",80.0
170169,medium,397.0
170169,"piece (2"" x 2"" x 1/2"")",45.0
170170,oz,28.4
170171,tbsp,19.0
170171,cup,296.0
170172,cup,240.0
170172,tbsp,15.0
170173,cup,226.0
170173,tbsp,15.0
170174,cup,240.0
170174,tbsp,15.0
170174,coconut yields,206.0
170175,oz,28.4
170176,cup (78 kernels),155.0
170176,oz (14 kernels),28.4
170177,cup,120.0
170177,oz,28.4
170177,nut,3.0
170178,"cup, whole or halves",134.0
170178,oz (10-12 kernels),28.4
170179,"cup, whole or halves",132.0
170179,oz (10-12 kernels),28.4
170180,oz,28.4
170181,cup,132.0
170182,"cup, chopped",109.0
170182,"cup, halves",99.0
170182,oz (19 halves),28.4
170183,oz,28.4
170184,cup,123.0
170184,oz (49 kernels),28.4
170184,kernel,0.7
170185,cup,123.0
170185,oz (49 kernels),28.4
170185,kernel,0.7
170186,"cup, chopped",125.0
170186,tbsp,7.8
170186,oz,28.4
170187,"cup, chopped",117.0
170187,"cup, ground",80.0
170187,"cup, in shell, edible yield (7 nuts)",28.0
170187,cup shelled (50 halves),100.0
170187,cup pieces or chips,120.0
170187,oz (14 halves),28.4
170188,cup,64.0
170188,oz (85 seeds),28.4
170189,tbsp,15.0
170189,oz,28.4
170190,cup,143.0
170190,oz,28.4
170190,kernels,84.0
170191,tbsp,16.0
170192,oz,28.4
170193,oz,28.4
170193,oz,113.0
170194,oz,28.4
170194,oz,113.0
170195,oz,85.0
170195,"piece, cooked, excluding refuse (yield from 1 lb raw meat with refuse)",381.0
170196,oz,28.4
170196,oz,113.0
170197,slices,68.0
170197,"package (net weight, 12 oz)",340.0
170198,slices,34.0
170198,"package, cooked (yield from 12 oz raw product)",170.0
170199,oz,28.4
170199,lb,453.6
170200,oz,85.0
170200,"piece, cooked, excluding refuse (yield from 1 lb raw meat with refuse)",320.0
170201,oz,85.0
170201,steak,356.0
170202,"slice (1 oz) (4"" x 4"" x 3/32"" thick)",28.0
170203,oz,85.0
170203,steak,349.0
170204,"package, 2.5 oz",71.0
170204,slice (1 oz),28.0
170205,oz,113.0
170205,steak,473.0
170206,oz,85.0
170207,oz,85.0
170208,oz,85.0
170209,oz,85.0
170210,oz,85.0
170210,steak (yield from 418g raw meat),270.0
170211,oz,85.0
170211,"piece, cooked, excluding refuse (yield from 1 lb raw meat with refuse)",314.0
170212,oz,85.0
170212,"piece, cooked, excluding refuse (yield from 1 lb raw meat with refuse)",232.0
170213,oz,85.0
170213,roast (yield from 1601 g raw meat),1166.0
170214,oz,85.0
170214,roast,629.0
170215,oz,85.0
170215,"piece, cooked, excluding refuse (yield from 1 lb raw meat with refuse)",191.0
170216,oz,85.0
170216,roast,658.0
170217,oz,85.0
170217,roast,629.0
170218,oz,85.0
170218,"piece, cooked, excluding refuse (yield from 1 lb raw meat with refuse)",217.0
170219,oz,85.0
170219,steak (yield from 233 g raw meat),233.0
170220,oz,85.0
170220,"piece, cooked, excluding refuse (yield from 1 lb raw meat with refuse)",272.0
170221,oz,85.0
170221,"piece, cooked, excluding refuse (yield from 1 lb raw meat with refuse)",265.0
170222,oz,85.0
170222,roast (yield from 600 g raw meat),489.0
170223,oz,85.0
170223,steak (yield from 299 g raw meat),191.0
170224,oz,85.0
170224,roast (yield from 627 g raw meat),515.0
170225,oz,85.0
170225,steak (yield from 281 g raw meat),179.0
170226,oz,85.0
170226,steak (yield from 281 g raw meat),179.0
170227,oz,85.0
170227,roast (yield from 572 g raw meat),464.0
170228,oz,85.0
170228,roast (yield from 436 g raw meat),346.0
170228,"piece, cooked, excluding refuse (yield from 1 lb raw meat with refuse)",333.0
170229,oz,85.0
170229,roast (yield from 445 g raw meat),355.0
170230,oz,85.0
170230,"piece, cooked, excluding refuse (yield from 1 lb raw meat with refuse)",330.0
170231,oz,85.0
170231,roast (yield from 1405 g raw meat),1138.0
170232,oz,85.0
170232,roast (yield from 1388 g raw meat),1141.0
170233,oz,85.0
170233,"piece, cooked, excluding refuse (yield from 1 lb raw meat with refuse)",320.0
170234,oz,85.0
170234,"piece, cooked, excluding refuse (yield from 1 lb raw meat with refuse)",267.0
170235,oz,85.0
170235,"piece, cooked, excluding refuse (yield from 1 lb raw meat with refuse)",261.0
170236,oz,85.0
170236,"piece, cooked, excluding refuse (yield from 1 lb raw meat with refuse)",261.0
170237,oz,85.0
170237,steak,117.0
170238,oz,85.0
170238,steak (yield from 161 g raw meat),126.0
170239,oz,85.0
170239,steak,119.0
170240,oz,85.0
170240,steak (yield from 203 g raw meat),164.0
170241,package (3.12 oz),88.0
170241,"portion, amount to make 1/2 cup",22.0
170242,package (3 oz),85.0
170242,"portion, amount to make 1/2 cup",21.0
170243,package (3.5 oz),92.0
170243,"portion, amount to make 1/2 cup",23.0
170244,oz,28.4
170244,bag (8 oz),227.0
170245,oz,28.4
170246,cup,8.0
170246,oz,28.4
170247,cup,11.0
170247,oz,28.4
170248,oz,28.4
170248,bag (8 oz),227.0
170249,oz,28.4
170249,twists,60.0
170250,cake,9.0
170250,cakes,18.0
170251,cake,9.0
170251,cakes,18.0
170252,cake,9.0
170252,cakes,18.0
170253,oz,28.4
170254,oz,28.4
170255,serving 1.2 fl oz pop,33.0
170256,oz,28.4
170257,serving 1 packet,1.0
170258,serving,84.0
170259,serving 1.75 fl oz pop,55.0
170260,serving 3.5 fl oz bar,74.0
170261,serving 1/2 cup,68.0
170262,serving 1/2 cup,68.0
170263,serving 1/2 cup,68.0
170264,serving 1/2 cup,69.0
170265,serving 1/2 cup,72.0
170266,serving 1 pop,44.0
170267,serving 2 pops,80.0
170268,serving 1/2 cup,68.0
170269,serving 1/2 cup,68.0
170270,individual (3.5 fl oz),58.0
170271,oz,28.4
170271,bar,162.0
170272,oz,28.4
170272,bar,112.0
170273,oz,28.4
170273,bar,101.0
170274,oz,28.4
170274,bar,127.0
170275,serving 1.5 oz,42.0
170276,milliliter,80.0
170277,tsp,6.9
170277,cup,55.0
170278,piece,60.0
170279,serving,44.0
170280,tablespoon,19.0
170281,serving,14.0
170282,bar,47.0
170283,cup,184.0
170284,cup,200.0
170285,cup,157.0
170286,cup,170.0
170287,cup,182.0
170287,tbsp,8.4
170288,cup,166.0
170289,cup,76.0
170290,cup,117.0
170291,serving,80.0
170292,serving,222.0
170293,sandwich,155.0
170294,sandwich,182.0
170295,sandwich,187.0
170296,sandwich,220.0
170297,sandwich,134.0
170298,inch sub,190.0
170298,inch sub,381.0
170299,inch sub,237.0
170299,inch sub,474.0
170300,cup,191.0
170300,package,116.0
170301,piece,22.0
170302,biscuit,55.0
170303,strip,50.0
170303,serving 4 pieces,201.0
170304,piece,5.5
170304,serving,77.0
170305,slice 1/8 per pizza,155.0
170305,slice 1/10 per pizza,124.0
170306,inch sub,228.0
170306,inch sub,457.0
170307,inch sub,207.0
170307,inch sub,413.0
170308,inch sub,413.0
170308,inch sub,207.0
170309,inch sub,198.0
170309,inch sub,396.0
170310,inch sub,201.0
170310,inch sub,401.0
170311,inch sub,201.0
170311,inch sub,401.0
170312,inch sub,148.0
170312,inch sub,296.0
170313,inch sub,148.0
170313,inch sub,296.0
170314,inch sub,198.0
170314,inch sub,396.0
170315,inch sub,196.0
170315,inch sub,391.0
170316,inch sub,237.0
170316,inch sub,474.0
170317,serving 9 servings per 24 oz package,81.0
170317,serving 3 servings per 15.1 oz package,151.0
170317,serving 2 servings per 9.8 oz package,146.0
170317,serving 1 serving per 8 oz box,199.0
170317,package 24 oz pizza,727.0
170317,package 15.1 oz pizza,452.0
170317,package 9.8 oz pizza,293.0
170317,package 8 oz pizza,199.0
170318,sandwich,152.0
170319,sandwich,134.0
170320,item 4 oz,119.0
170321,item,171.0
170322,item,236.0
170323,item,117.0
170324,item,129.0
170325,item,310.0
170326,junior 6 oz. cup,113.0
170326,small 12 oz. cup,227.0
170326,medium 16 oz. cup,298.0
170327,small serving,74.0
170327,medium serving,117.0
170327,large serving,160.0
170328,sandwich,99.0
170329,item,133.0
170330,sandwich,220.0
170331,sandwich,199.0
170332,each taco,69.0
170333,each taco,102.0
170334,item,248.0
170335,item,248.0
170336,serving,80.0
170337,serving,222.0
170338,strip,53.0
170339,biscuit,49.0
170340,package,112.0
170340,cup,191.0
170341,strip,47.0
170342,wing wing without skin,39.0
170342,wing bone and skin removed,23.0
170344,"breast, without skin",140.0
170344,"breast, bone and skin removed",121.0
170345,"drumstick, bone and skin removed",41.0
170345,"drumstick, without skin",57.0
170346,"thigh, with skin",135.0
170346,"thigh, without skin",86.0
170346,"thigh, bone and skin removed",60.0
170347,"wing, with skin",60.0
170347,"wing, without skin",39.0
170347,"wing, bone and skin removed",23.0
170348,"breast, with skin",212.0
170348,"breast, without skin",140.0
170348,"breast, bone and skin removed",121.0
170349,"drumstick, with skin",81.0
170349,"drumstick, without skin",57.0
170349,"drumstick, bone and skin removed",41.0
170351,thigh thigh without skin,83.0
170351,thigh bone and skin removed,54.0
170352,"wing without skin, bone and breading",16.0
170353,"breast, with skin",194.0
170353,"breast, without skin",132.0
170353,"breast, bone and skin removed",99.0
170354,"drumstick, with skin",76.0
170354,"drumstick, without skin",59.0
170354,"drumstick, bone and skin removed",44.0
170355,item,149.0
170356,breast without skin,142.0
170356,breast bone and skin removed,107.0
170357,"drumstick, bone and skin removed",40.0
170357,"drumstick, drumstick without skin",56.0
170358,thigh without skin,84.0
170358,thigh bone and skin removed,66.0
170359,thigh with skin,136.0
170359,thigh without skin,84.0
170359,thigh bone and skin removed,66.0
170360,"wing, with skin",58.0
170360,"wing, without skin",37.0
170360,"wing, bone and skin removed",20.0
170361,slice 1/4 of pie,164.0
170361,"pie 12"" diameter",688.0
170362,slice 1/4 of pie,183.0
170362,"pie 12"" diameter",729.0
170363,slice 1/4 of pie,227.0
170363,"pie 12"" diameter",876.0
170364,slice 1/4 of pie,155.0
170364,pie 24.8 oz,595.0
170365,slice,127.0
170365,pizza,1017.0
170366,slice,88.0
170366,pizza,670.0
170367,slice,116.0
170367,pizza,932.0
170368,sandwich,230.0
170369,slice,80.0
170369,pizza,634.0
170370,slice,79.0
170370,pizza,563.0
170371,slice,78.0
170371,pizza,597.0
170372,slice,125.0
170372,pizza,1003.0
170373,slice,69.0
170373,pie,556.0
170374,sandwich,162.0
170375,cup,38.0
170375,leaf,32.0
170375,"cup (1"" pieces)",19.0
170376,"cup (1"" pieces)",144.0
170376,"cup (1"" pieces)",72.0
170377,cup,109.0
170377,broadbean,8.0
170380,cup,92.0
170380,package (10 oz) yields,250.0
170381,cup chopped,40.0
170381,stalk,19.0
170382,NLEA serving,85.0
170382,bunch cooked,437.0
170383,cup,88.0
170383,sprout,19.0
170384,"cup (1"" pieces)",125.0
170384,root,166.0
170385,cup,94.0
170385,petiole,5.0
170387,"cup, chopped",124.0
170387,stalks,45.0
170388,"cup, shredded",70.0
170389,"cup, shredded",145.0
170390,"cup, shredded",70.0
170390,head,840.0
170390,leaf,14.0
170391,"cup, shredded",170.0
170392,cup,150.0
170393,cup chopped,128.0
170393,cup grated,110.0
170393,cup strips or slices,122.0
170393,"large (7-1/4"" to 8-/1/2"" long)",72.0
170393,medium,61.0
170393,"small (5-1/2"" long)",50.0
170393,slice,3.0
170393,"strip large (3"" long)",7.0
170393,strip medium,4.0
170394,tbsp,9.7
170394,cup slices,78.0
170394,carrot,46.0
170395,cup slices,123.0
170395,can (303 x 406),454.0
170396,"cup, sliced",146.0
170396,"cup, mashed",228.0
170396,slice,2.8
170396,can (303 x 406),284.0
170397,"cup (1"" pieces)",62.0
170397,flowerets,54.0
170398,"cup (1"" pieces)",66.0
170398,package (10 oz),284.0
170399,"cup (1"" pieces)",180.0
170400,cup,156.0
170401,"cup, chopped",175.0
170402,"cup (1"" pieces)",132.0
170402,"chayote (5-3/4"")",203.0
170403,"cup (1"" pieces)",160.0
170404,head,53.0
170404,cup,45.0
170405,"cup (1"" pieces)",100.0
170406,"cup, chopped",36.0
170407,"cup, chopped",190.0
170408,package (10 oz),95.0
170408,package (10 oz),284.0
170408,package (3 lb),1361.0
170409,cup,256.0
170409,can (303 x 406),482.0
170410,package (10 oz),95.0
170410,package (10 oz),284.0
170411,tbsp chopped,15.0
170411,"cup, chopped or diced",105.0
170412,package (10 oz),95.0
170412,package (10 oz),284.0
170413,cup,210.0
170414,rings,85.0
170414,package (16 oz),454.0
170414,package (9 oz),255.0
170416,cup chopped,60.0
170416,tbsp,3.8
170416,sprigs,10.0
170417,cup slices,133.0
170418,cup,160.0
170418,package (10 oz) yields,253.0
170419,cup,145.0
170420,cup,160.0
170421,cup,124.0
170421,can (303 x 406),482.0
170422,cup,120.0
170424,cup,255.0
170425,cup,70.0
170425,package (10 oz),284.0
170426,pepper,73.0
170426,"cup, chopped or diced",68.0
170427,"cup, chopped",149.0
170427,"cup, sliced",92.0
170427,tbsp,9.3
170427,"large (2-1/4 per lb, approx 3-3/4"" long, 3"" dia)",164.0
170427,"medium (approx 2-3/4"" long, 2-1/2"" dia)",119.0
170427,"ring (3"" dia, 1/4"" thick)",10.0
170427,small,74.0
170427,strips,27.0
170428,"cup, chopped or strips",135.0
170428,"tablespoon, chopped",11.6
170429,"cup, halves",140.0
170430,cup,153.0
170431,cup,240.0
170432,cup,160.0
170433,cup,165.0
170433,tbsp,10.0
170434,"potato large (3"" to 4-1/4"" dia)",299.0
170434,"potato medium (2-1/4"" to 3-1/4"" dia)",173.0
170434,"potato small (1-3/4"" to 2-1/2"" dia)",138.0
170435,"potato large (3"" to 4-1/4"" dia.",299.0
170435,"potato medium (2-1/4"" to 3-1/4"" dia.)",173.0
170435,"potato small (1-3/4"" to 2-1/2"" dia.)",138.0
170436,strip,82.0
170436,oz,85.0
170437,strip,69.0
170438,cup,78.0
170438,"potato (2-1/2"" dia, sphere)",136.0
170439,skin,34.0
170440,cup,78.0
170440,"large (3"" to 4-1/4"" dia.)",300.0
170440,"medium (2-1/4"" to 3-1/4"" dia.)",167.0
170440,"small (1-3/4"" to 2-1/2"" dia.)",125.0
170441,cup,78.0
170441,"potato (2-1/3"" x 4-3/4"")",156.0
170442,cup,245.0
170443,"cup, whole",300.0
170443,can (303 x 406),454.0
170444,cup,180.0
170444,potato,35.0
170445,cup,60.0
170446,cup,210.0
170447,package (5.5 oz),26.0
170447,package (5.5 oz),156.0
170448,package (5.5 oz) yields,137.0
170448,"package yield, 5.5 oz",822.0
170449,package (5.5 oz),26.0
170449,package (5.5 oz),156.0
170450,cup (unprepared),245.0
170450,package (5.5 oz) yields,137.0
170450,"package yield, 5.5 oz",822.0
170451,strip,30.0
170452,strip,21.0
170455,cup slices,137.0
170456,cup,180.0
170456,large,182.0
170456,medium,123.0
170456,slice or wedge,20.0
170456,small,91.0
170457,cup cherry tomatoes,149.0
170457,"cup, chopped or sliced",180.0
170457,Italian tomato,62.0
170457,cherry,17.0
170457,"large whole (3"" dia)",182.0
170457,"medium whole (2-3/5"" dia)",123.0
170457,"slice, medium (1/4"" thick)",20.0
170457,plum tomato,62.0
170457,"small whole (2-2/5"" dia)",91.0
170457,"slice, thick/large (1/2"" thick)",27.0
170457,wedge (1/4 of medium tomato),31.0
170457,"slice, thin/small",15.0
170457,NLEA serving,148.0
170458,cup,243.0
170458,fl oz,182.0
170459,cup,66.0
170459,cup,262.0
170459,tbsp,16.0
170459,can (6 oz),170.0
170460,cup,250.0
170460,can (29 oz) (401 x 411),822.0
170462,cup,250.0
170462,"can, 15 oz (303 x 406)",411.0
170463,cup,244.0
170463,"can, 15 oz (303 x 406)",425.0
170464,"cup, chopped",71.0
170464,"frond (6-1/2"" long)",31.0
170465,"cup, cubes",130.0
170465,large,183.0
170465,medium,122.0
170465,slice,15.0
170465,small,61.0
170465,"cup, cubes",65.0
170466,"cup, chopped",144.0
170467,cup,117.0
170467,"can, 15 oz (303 x 406)",425.0
170468,"cup, chopped or diced",82.0
170468,package (10 oz),284.0
170469,cup,164.0
170469,package (10 oz) yields,220.0
170470,package (10 oz),95.0
170470,package (10 oz),284.0
170470,package (3 lb),1361.0
170471,package (10 oz),95.0
170471,package (10 oz),284.0
170471,pack (2-1/2 lb),1134.0
170472,cup,91.0
170472,package (10 oz) yields,275.0
170473,cup,254.0
170473,fl oz,182.0
170475,"cup, cubes",175.0
170476,cup slices,44.0
170476,pod,16.0
170477,cup,62.0
170479,cup slices,246.0
170480,cup slices,227.0
170481,"cup (1"" pieces)",89.0
170483,cup slices,100.0
170483,"pod (15-1/3"" long)",11.0
170484,cup slices,118.0
170485,tbsp,0.2
170485,cup,0.8
170486,tbsp,0.4
170486,cup,1.4
170487,"cup, sliced",113.0
170487,large,323.0
170487,medium,196.0
170487,slice,9.9
170487,small,118.0
170488,"cup, sliced",180.0
170489,"cup, cubes",116.0
170490,"cup, cubes",205.0
170491,cup,236.0
170491,fl oz,29.5
170492,cup,250.0
170492,cup (#6 scoop),167.0
170493,cup,210.0
170494,cup,136.0
170494,recipe yield,813.0
170495,cup,112.0
170495,tablespoon,7.0
170496,tbsp (1/8 cup),10.0
170497,pepper,45.0
170497,"cup, chopped or diced",75.0
170498,cup,194.0
170498,recipe yield,1162.0
170499,tbsp chopped,10.0
170500,cup,74.0
170501,cup,121.0
170502,"cup, chopped",158.0
170502,tomato,111.0
170503,"cup, chopped",140.0
170504,"cup, chopped or diced",150.0
170504,package (10 oz) yields,212.0
170505,"cup, chopped",180.0
170506,"cup, chopped",180.0
170507,cup,210.0
170508,cup slices,78.0
170508,"parsnip (9"" long)",160.0
170509,cup,160.0
170510,cup,160.0
170510,package (10 oz) yields,253.0
170512,cup,255.0
170513,cup,80.0
170513,package (10 oz) yields,278.0
170514,cup,180.0
170515,tbsp,12.0
170515,pepper,73.0
170515,"cup, chopped",92.0
170516,"cup, chopped or strips",135.0
170516,"tablespoon, chopped",11.6
170517,cup,153.0
170518,cup,165.0
170519,skin,34.0
170520,cup,78.0
170520,"large (3"" to 4-1/4"" dia.)",300.0
170520,"medium (2-1/4"" to 2-1/4"" dia.)",167.0
170520,"small (1-3/4"" to 2-1/2"" dia.)",125.0
170521,"potato (2-1/3"" x 4-3/4"")",202.0
170522,cup,78.0
170522,"potato (2-1/3"" x 4-3/4"")",156.0
170523,strips,65.0
170523,package (9 oz),255.0
170524,cup,245.0
170525,cup,245.0
170526,"cup, mashed",245.0
170527,cup,245.0
170528,"cup, mashed",120.0
170529,cup slices,135.0
170530,cup,180.0
170531,cup,180.0
170532,cup slices,192.0
170533,cup slices,90.0
170533,"cup, mashed",120.0
170534,cup slices,90.0
170534,"cup, mashed",120.0
170535,cup,223.0
170536,"cup, mashed",240.0
170537,"cup, cubes",205.0
170538,"cup, mashed",236.0
170539,cup,155.0
170540,cup,192.0
170541,"cup, mashed",328.0
170541,medium,151.0
170542,"cup, cubes",176.0
170543,cup slices,132.0
170544,cup,145.0
170545,cup,243.0
170545,fl oz,30.4
170545,fl oz,182.0
170546,cup,250.0
170546,can (29 oz) (401 x 411),822.0
170547,"cup, cubes",156.0
170547,"cup, mashed",230.0
170548,cup,156.0
170549,"cup, cubes",175.0
170550,cup,62.0
170550,cup,31.0
170551,"cup, cubes",136.0
170551,"cup, cubes",68.0
170552,oz (8-14 seeds),28.4
170553,cup,160.0
170553,oz,28.4
170554,oz,28.4
170555,cup,94.0
170555,tbsp,5.0
170556,cup,129.0
170556,oz,28.4
170557,cup,118.0
170557,oz,28.4
170558,oz,28.4
170559,oz,28.4
170560,oz,28.4
170561,oz,28.4
170562,"cup, with hulls, edible yield",46.0
170562,cup,140.0
170563,cup,128.0
170563,oz,28.4
170564,cup,135.0
170564,oz,28.4
170565,oz,28.4
170566,oz,28.4
170567,"cup, whole",143.0
170567,"cup, sliced",92.0
170567,"cup, slivered",108.0
170567,"cup, ground",95.0
170567,oz (23 whole kernels),28.4
170567,almond,1.2
170568,cup whole kernels,145.0
170568,tbsp,9.1
170568,oz,28.4
170569,"cup, whole",133.0
170569,kernel,5.0
170569,oz (6 kernels),28.4
170570,cup,120.0
170570,oz,28.4
170570,nutmeat,3.0
170571,"cup, halves and whole",137.0
170571,tbsp,8.6
170571,oz,28.4
170572,"cup, whole",129.0
170572,"cup, halves and pieces",129.0
170572,oz (18 kernels),28.4
170573,oz,28.4
170574,cup,145.0
170574,oz,28.4
170575,oz,28.4
170576,oz,28.4
170577,cup,85.0
170577,oz,28.4
170578,cup,77.0
170578,oz,114.0
170579,oz,28.4
170580,tbsp,15.0
170580,cup,240.0
170581,"cup, chopped",115.0
170581,"cup, ground",75.0
170581,"cup, whole",135.0
170581,oz (21 whole kernels),28.4
170581,nuts,14.0
170582,oz,28.4
170583,oz,28.4
170584,oz,28.4
170585,cup,131.0
170585,oz,28.4
170586,cup,147.0
170587,cup,134.0
170587,oz,28.4
170588,cup,144.0
170588,oz,28.4
170589,cup,110.0
170589,oz (15 halves),28.4
170590,cup,120.0
170590,oz (15 kernels),28.4
170591,cup,135.0
170591,oz (167 kernels),28.4
170591,nuts,1.7
170592,oz,28.4
170592,nuts,1.0
170593,oz,28.0
170594,oz,28.0
170595,oz,28.4
170596,cup,149.0
170596,tbsp,10.0
170597,oz,85.0
170597,"piece, cooked, excluding refuse (yield from 1 lb raw meat with refuse)",308.0
170598,oz,85.0
170599,oz,28.4
170599,oz,113.0
170600,oz,113.0
170600,steak,56.0
170600,package,396.0
170601,oz,85.0
170601,steak,293.0
170602,oz,28.4
170602,slice (3/4 oz),21.0
170603,oz,113.0
170603,steak,732.0
170603,roast,977.0
170604,slices,28.0
170605,oz,85.0
170605,steak,353.0
170606,sausage,43.0
170606,oz,28.4
170607,slice (1 oz),28.0
170608,oz,113.0
170608,steak,483.0
170609,oz,85.0
170610,oz,85.0
170611,oz,85.0
170611,"piece, cooked, excluding refuse (yield from 1 lb raw meat with refuse)",314.0
170612,oz,85.0
170612,"piece, cooked, excluding refuse (yield from 1 lb raw meat with refuse)",264.0
170613,oz,85.0
170613,steak (Yield from 418 g raw meat),270.0
170614,oz,85.0
170614,roast (yield from 1675 g raw meat),1236.0
170615,oz,85.0
170615,roast (yield from 1528g raw meat),1095.0
170616,oz,85.0
170616,roast (yield from 1675 g raw meat),1236.0
170617,"piece, cooked, excluding refuse (yield from 1 lb raw meat with refuse)",235.0
170617,oz,85.0
170618,oz,85.0
170618,roast,658.0
170619,oz,85.0
170619,"piece, cooked, excluding refuse (yield from 1 lb raw meat with refuse)",290.0
170620,oz,85.0
170620,"piece, cooked, excluding refuse (yield from 1 lb raw meat with refuse)",286.0
170621,oz,85.0
170621,"piece, cooked, excluding refuse (yield from 1 lb raw meat with refuse)",214.0
170622,oz,85.0
170622,"piece, cooked, excluding refuse (yield from 1 lb raw meat with refuse)",207.0
170623,oz,85.0
170623,steak (yield from 296 g raw meat),233.0
170624,oz,85.0
170624,"piece, cooked, excluding refuse (yield from 1 lb raw meat with refuse)",220.0
170625,oz,85.0
170625,"piece, cooked, excluding refuse (yield from 1 lb raw meat with refuse)",220.0
170626,oz,85.0
170626,steak (yield from 290 g raw meat),185.0
170627,oz,85.0
170627,roast (yield from 572 g raw meat),464.0
170628,oz,85.0
170628,steak (yield from 290 g raw meat),185.0
170629,oz,85.0
170629,roast (yield from 600 g raw meat),489.0
170630,oz,85.0
170630,steak (yield from 299 g raw meat),191.0
170631,oz,85.0
170631,roast (yield from 627 g raw meat),515.0
170632,oz,85.0
170632,roast (yield from 426 g raw meat),337.0
170633,oz,85.0
170633,roast (yield from 436 g raw meat),346.0
170633,"piece, cooked, excluding refuse (yield from 1 lb raw meat with refuse)",330.0
170634,oz,85.0
170634,roast (yield from 445 g raw meat),355.0
170634,"piece, cooked, excluding refuse (yield from 1 lb raw meat with refuse)",331.0
170635,oz,85.0
170635,roast (yield from 426 g raw meat),337.0
170635,"piece, cooked, excluding refuse (yield from 1 lb raw meat with refuse)",296.0
170636,oz,85.0
170636,roast (yield from 1405 g raw meat),1138.0
170637,oz,85.0
170637,roast (yield from 1388 g raw meat),1141.0
170638,oz,85.0
170638,"piece, cooked, excluding refuse (yield from 1 lb raw meat with refuse)",267.0
170639,oz,85.0
170639,"piece, cooked, excluding refuse (yield from 1 lb raw meat with refuse)",267.0
170640,oz,85.0
170640,steak (yield from 136 g raw meat),108.0
170641,oz,85.0
170641,steak,119.0
170642,oz,85.0
170642,steak,121.0
170643,oz,85.0
170643,steak,117.0
170644,package (3.12 oz),88.0
170644,"portion, amount to make 1/2 cup",22.0
170645,tbsp,20.0
170645,packet (0.5 oz),14.0
170646,cup,315.0
170646,tbsp,20.0
170647,cake,9.0
170647,cakes,18.0
170648,oz,28.4
170648,bag (8 oz),227.0
170649,oz,28.4
170649,bag (8 oz),227.0
170650,oz,28.4
170650,twists,60.0
170651,oz,28.4
170651,twists,60.0
170652,cake,9.0
170652,cakes,18.0
170653,oz,28.4
170653,oz,57.0
170654,cup,150.0
170654,oz,28.4
170654,oz,42.0
170655,cup,146.0
170655,oz,28.4
170655,oz,42.0
170656,piece,3.5
170657,tablespoon Ghirardelli label 2011,6.0
170657,tablespoon Hershey's label 2011,5.0
170657,container Ghirardelli label 2011,283.0
170658,pieces,42.0
170659,cup,67.0
170660,serving 1/2 cup,68.0
170661,serving 1/2 cup,68.0
170662,serving 1/2 cup,68.0
170663,serving 1/2 cup,68.0
170664,serving 1/2 cup,68.0
170665,serving 1 cone,79.0
170666,serving 1 sandwich,64.0
170667,serving 1 bar,78.0
170668,serving 1/2 cup,71.0
170669,serving 1 bar,56.0
170670,serving 1oz pack,28.0
170671,individual (3.5 fl oz),58.0
170671,cup (4 fl oz),66.0
170672,tbsp,12.9
170672,cup,189.0
170673,tbsp,14.5
170673,cup,202.0
170674,tsp,4.6
170674,cup,202.0
170675,tsp,0.5
170675,cup,23.0
170676,serving,31.0
170677,tbsp,35.0
170678,cup,40.0
170679,package,1.0
170680,serving,52.0
170681,tablespoon,20.0
170682,cup,193.0
170683,cup,246.0
170684,cup,128.0
170685,cup,164.0
170686,cup,168.0
170687,cup,120.0
170688,cup,140.0
170689,each taco,69.0
170690,sandwich,91.0
170691,item,127.0
170692,sandwich,115.0
170693,sandwich,78.0
170694,sandwich,97.0
170695,sandwich,149.0
170696,inch sub,196.0
170696,inch sub,391.0
170697,package (18 onion rings),117.0
170698,serving small,71.0
170698,serving medium,117.0
170698,serving large,154.0
170699,cup,242.0
170700,fl oz,24.8
170700,small 12 fl oz,298.0
170700,medium 16 fl oz,397.0
170701,slice 1/8 per pizza,156.0
170701,slice 1/10 per pizza,124.0
170702,"piece 4"" x 6""",130.0
170703,"piece 4""x6""",127.0
170704,piece 3.2 oz,91.0
170705,inch sub,228.0
170705,inch sub,457.0
170706,inch sub,184.0
170706,inch sub,367.0
170707,inch sub,184.0
170707,inch sub,368.0
170708,inch sub,209.0
170708,inch sub,418.0
170709,inch sub,209.0
170709,inch sub,418.0
170710,item,171.0
170711,inch sub,184.0
170711,inch sub,367.0
170712,inch sub,184.0
170712,inch sub,368.0
170713,inch sub,190.0
170713,inch sub,381.0
170714,serving 6 servings per 29.25 oz package,139.0
170714,serving 4 servings per 19.7 oz package,149.0
170714,package 29.25 oz pizza,834.0
170714,package 19.7 oz pizza,595.0
170715,serving 5 servings per 24.2 oz package,143.0
170715,serving 5 servings per 22.85 oz package,129.0
170715,serving 2 servings per 10.9 oz package,177.0
170715,package 24.2 oz pizza,713.0
170715,package 22.85 oz pizza,644.0
170715,package 10.9 oz pizza,354.0
170716,serving 6 servings per 34.98 oz package,170.0
170716,serving 6 servings per 30.7 oz package,149.0
170716,serving 3 servings per 14.3 oz package,138.0
170716,package 34.98 oz pizza,1020.0
170716,package 30.7 oz pizza,891.0
170716,package 14.3 oz pizza,415.0
170717,sandwich,95.0
170718,pieces,96.0
170718,pieces,64.0
170718,pieces,160.0
170718,pieces,320.0
170719,item 7.1 oz,199.0
170720,item 7.6 oz,219.0
170721,small serving,71.0
170721,medium serving,117.0
170721,large serving,154.0
170721,kids serving,31.0
170722,item,218.0
170723,item,230.0
170724,item,225.0
170725,pieces,68.0
170725,pieces,142.0
170726,kid's meal Serving,71.0
170726,small Serving,113.0
170726,medium Serving,142.0
170726,large Serving,184.0
170727,item,291.0
170728,item,316.0
170729,item,374.0
170730,item,399.0
170731,strip,36.0
170731,serving 5 pieces,173.0
170732,each taco,98.0
170733,item,127.0
170734,each burrito,185.0
170735,burrito,241.0
170736,item,533.0
170737,piece,6.4
170737,pieces,56.0
170739,breast without skin,152.0
170739,breast bone and skin removed,115.0
170740,"drumstick, bone and skin removed",40.0
170740,"drumstick, without skin",57.0
170741,thigh without skin,86.0
170741,thigh bone and skin removed,60.0
170742,"thigh, without skin",91.0
170742,"thigh, bone and skin removed",72.0
170743,"wing, without skin",44.0
170743,"wing, bone and skin removed",29.0
170744,"breast, with skin",212.0
170744,"breast, without skin",152.0
170744,"breast, bone and skin removed",115.0
170745,"drumstick, with skin",75.0
170745,"drumstick, without skin",57.0
170745,"drumstick, bone and skin removed",40.0
170746,"thigh, with skin",152.0
170746,"thigh, without skin",91.0
170746,"thigh, bone and skin removed",72.0
170747,"wing, with skin",68.0
170747,"wing, without skin",44.0
170747,"wing, bone and skin removed",29.0
170748,breast without skin,132.0
170748,breast bone and skin removed,99.0
170749,"drumstick, bone and skin removed",44.0
170749,"drumstick, without skin",59.0
170750,thigh with skin,138.0
170750,thigh without skin,83.0
170750,thigh bone and skin removed,54.0
170751,"wing, with skin",57.0
170751,"wing, without skin",35.0
170751,"wing, bone and skin removed",17.0
170752,sandwich,268.0
170753,sandwich,271.0
170754,wing without skin,37.0
170754,wing bone and skin removed,20.0
170756,"breast, with skin",203.0
170756,"breast, without skin",142.0
170756,"breast, bone and skin removed",107.0
170757,"drumstick, with skin",75.0
170757,"drumstick, without skin",56.0
170757,"drumstick, bone and skin removed",40.0
170758,slice 1/4 of pie,161.0
170758,pie 23 oz,643.0
170759,slice 1/4 of pie,179.0
170759,"pie 12"" diameter",732.0
170760,slice 1/4 of pie,207.0
170760,"pie 12"" diameter",759.0
170761,slice 1/4 of pie,145.0
170761,pie 22.1 oz,548.0
170762,slice,79.0
170762,pizza,597.0
170763,each taco,102.0
170764,each taco,98.0
170765,each quesadilla,180.0
170766,slice,114.0
170766,pizza,913.0
170767,slice,129.0
170767,pizza,1032.0
170768,slice,92.0
170768,pizza,737.0
170769,slice,119.0
170769,pizza,952.0
170770,sandwich,126.0
170771,small,91.0
170771,medium,117.0
170771,large,142.0
170772,sandwich,215.0
170773,slice 1/8 pizza,117.0
170773,pizza whole,937.0
170774,slice,117.0
170774,pizza,937.0
170775,fl oz,347.0
170776,biscuit regular size biscuit,132.0
170777,wrap,133.0
170778,wrap,123.0
170779,slice per 1/10 pizza,124.0
170779,slice per 1/8 pizza,155.0
170780,"piece 4""x6""",127.0
170781,slice per 1/10 pizza,124.0
170781,slice per 1/8 pizza,156.0
170782,"piece 4"" x 6""",133.0
170783,oz,113.0
170783,piece,434.0
170784,sandwich,146.0
170785,item,133.0
170786,item,123.0
170787,burrito,109.0
170788,breadstick,43.0
170789,breadstick,43.0
170790,sandwich,187.0
170791,sandwich,149.0
170792,"piece 4""x6""",130.0
170793,slice per 1/10 pizza,129.0
170794,patty,86.0
170795,pieces,88.0
170796,oz,113.0
170796,piece,432.0
170797,oz,85.0
170797,piece,224.0
170798,oz,85.0
170798,piece,231.0
170799,oz,85.0
170799,piece,227.0
170800,oz,113.0
170800,piece,325.0
170801,oz,85.0
170801,steak,308.0
170802,oz,113.0
170802,steak,382.0
170803,oz,113.0
170803,steak,386.0
170804,oz,113.0
170804,steak,384.0
170805,oz,85.0
170805,steak,141.0
170806,oz,85.0
170806,steak,141.0
170807,oz,113.0
170807,steak,204.0
170808,oz,113.0
170808,steak,191.0
170809,oz,113.0
170810,oz,113.0
170811,oz,85.0
170811,steak,445.0
170812,oz,85.0
170813,oz,113.0
170813,steak,679.0
170813,roast,960.0
170814,oz,113.0
170814,steak,648.0
170814,roast,949.0
170815,oz,113.0
170815,steak,732.0
170815,roast,977.0
170816,oz,85.0
170816,steak,353.0
170817,oz,113.0
170817,steak,458.0
170818,oz,113.0
170818,steak,361.0
170818,roast,1173.0
170819,oz,113.0
170819,steak,381.0
170819,roast,1139.0
170820,oz,85.0
170820,roast,609.0
170821,oz,85.0
170821,steak,141.0
170822,oz,85.0
170822,steak,141.0
170823,oz,85.0
170823,steak,141.0
170824,oz,113.0
170824,steak,198.0
170825,oz,85.0
170825,piece,315.0
170826,oz,113.0
170826,piece,432.0
170827,oz,113.0
170827,piece,434.0
170828,oz,113.0
170828,piece,429.0
170829,oz,85.0
170829,piece,224.0
170830,oz,85.0
170830,piece,231.0
170831,oz,113.0
170831,piece,331.0
170832,oz,113.0
170832,piece,325.0
170833,oz,113.0
170833,piece,340.0
170834,oz,113.0
170834,steak,382.0
170835,oz,113.0
170835,steak,386.0
170836,oz,85.0
170836,roast,2130.0
170837,oz,85.0
170837,roast,2259.0
170838,oz,113.0
170838,steak,471.0
170838,roast,2557.0
170839,oz,113.0
170839,steak,361.0
170839,roast,2155.0
170840,oz,113.0
170840,steak,350.0
170840,roast,2124.0
170841,oz,113.0
170841,steak,376.0
170841,roast,2203.0
170842,oz,85.0
170842,roast,1555.0
170843,"cup, diced",132.0
170843,"cup, shredded",108.0
170843,oz,28.4
170843,cubic inch,15.0
170843,slice (1 oz),28.0
170843,package (8 oz),227.0
170844,"cup, diced",132.0
170844,"cup, shredded",113.0
170844,oz,28.4
170844,cubic inch,17.0
170844,slice (1 oz),28.0
170844,package (6 oz),170.0
170845,"cup, shredded",112.0
170845,oz,28.4
170845,slices,170.0
170846,oz,28.4
170846,cubic inch,18.0
170847,oz,28.4
170848,oz,28.4
170848,cubic inch,10.3
170848,package (5 oz),142.0
170849,"cup, diced",132.0
170849,"cup, shredded",113.0
170849,oz,28.4
170849,cubic inch,17.0
170849,slice (1 oz),28.0
170849,package (6 oz),170.0
170850,"cup, diced",132.0
170850,oz,28.4
170850,cubic inch,17.0
170850,slice (1 oz),28.0
170850,package (6 oz),170.0
170852,oz,28.4
170852,package (6 oz),170.0
170853,oz,28.4
170853,slice (1 oz),28.0
170853,slice (3/4 oz),21.0
170853,cubic inch,18.0
170853,"cup, shredded",113.0
170853,"cup, diced",140.0
170853,"cup, melted",244.0
170854,"cup, diced",140.0
170854,"cup, melted",244.0
170854,"cup, shredded",113.0
170854,oz,28.4
170854,cubic inch,18.0
170854,slice (3/4 oz),21.0
170855,"cup, diced",140.0
170855,"cup, shredded",113.0
170855,oz,28.4
170855,cubic inch,18.0
170855,slice (3/4 oz),21.0
170856,oz,28.4
170856,package (8 oz),227.0
170857,fl oz,30.0
170857,tbsp,15.0
170857,cup,240.0
170857,"container, individual",11.1
170858,"cup, whipped",120.0
170858,"cup, fluid (yields 2 cups whipped)",239.0
170858,tbsp,15.0
170859,"cup, whipped",120.0
170859,"cup, fluid (yields 2 cups whipped)",238.0
170859,tbsp,15.0
170859,fl oz,29.8
170860,cup,60.0
170860,tbsp,3.0
170861,cup,244.0
170861,quart,976.0
170862,cup,244.0
170862,fl oz,30.5
170862,quart,976.0
170863,serving,19.0
170865,oz,43.0
170865,"portion, amount to make 1 tbsp",1.3
170866,cup,80.0
170866,tbsp,4.0
170866,package yields,160.0
170867,cup,70.0
170867,tbsp,4.0
170868,cup,75.0
170868,tbsp,4.0
170869,oz,28.4
170869,cup,230.0
170870,cup,245.0
170870,quart,980.0
170871,cup,246.0
170871,quart,984.0
170873,cup,245.0
170873,quart,980.0
170874,cup,245.0
170874,fl oz,30.6
170874,quart,980.0
170875,cup,244.0
170875,fl oz,30.5
170875,quart,976.0
170876,cup,32.0
170876,cup,128.0
170877,cup,30.0
170877,cup,120.0
170877,tbsp,23.0
170878,fl oz,31.9
170878,cup,256.0
170878,cup,128.0
170879,cup,250.0
170879,fl oz,31.2
170879,quart,1000.0
170880,cup,250.0
170880,fl oz,31.2
170880,quart,1000.0
170881,cup,250.0
170881,quart,1000.0
170882,cup,245.0
170882,quart,980.0
170883,fl oz,28.4
170883,container (10.6 oz),300.0
170884,fl oz,28.4
170884,container (11 oz),313.0
170885,cup,246.0
170885,quart,984.0
170886,container (6 oz),170.0
170886,container (8 oz),227.0
170886,container (4 oz),113.0
170886,cup (8 fl oz),245.0
170887,container (6 oz),170.0
170887,container (8 oz),227.0
170887,cup (8 fl oz),245.0
170888,container (6 oz),170.0
170888,container (8 oz),227.0
170888,cup (8 fl oz),245.0
170889,container (6 oz),170.0
170889,container (4.4 oz),125.0
170889,container (5 oz),142.0
170889,cup (8 fl oz),245.0
170889,container (8 oz),227.0
170889,container (4 oz),113.0
170890,bar,68.0
170892,can,227.0
170893,oz,28.0
170894,container,170.0
170895,"cup, sifted",107.0
170895,tbsp,7.0
170896,piece,21.0
170896,package,566.0
170897,serving,28.0
170898,tsp,5.0
170899,slice (2/3 oz),19.0
170899,slice (3/4 oz),21.0
170899,slice (1 oz),28.0
170900,cup,86.0
170902,container (5.3 oz),150.0
170903,container (7 oz),200.0
170904,cup,243.0
170904,bottle,971.0
170906,cup (8 fl oz),245.0
170906,container (8 oz),227.0
170906,container (4 oz),113.0
170917,"tsp, crumbled",0.6
170917,"tbsp, crumbled",1.8
170918,tsp,2.1
170918,tbsp,6.7
170919,"tsp, ground",2.0
170919,"tbsp, ground",5.8
170920,tsp,2.0
170920,tbsp,6.5
170921,tsp,0.6
170921,tbsp,1.8
170922,tsp,1.8
170922,tbsp,5.0
170923,"tsp, whole",2.1
170923,"tbsp, whole",6.0
170924,tsp,2.0
170924,tbsp,6.3
170925,tsp,2.1
170925,tbsp,6.6
170926,tsp,1.8
170926,tbsp,5.2
170927,tsp,1.7
170927,tbsp,5.3
170928,tsp,0.6
170928,tbsp,1.7
170929,tsp,2.0
170929,tbsp,6.3
170930,tsp,0.5
170930,tbsp,1.6
170931,"tsp, ground",2.3
170931,"tbsp, ground",6.9
170931,"tsp, whole",2.9
170931,dash,0.1
170932,tsp,1.8
170932,tbsp,5.3
170933,"tsp, ground",2.4
170933,"tbsp, ground",7.1
170934,tsp,0.7
170934,tbsp,2.1
170935,tsp,0.7
170935,tbsp,2.0
170936,tsp,1.4
170936,tbsp,4.4
170937,"tsp, leaves",0.6
170937,"tbsp, leaves",1.8
170937,"tsp, ground",1.6
170937,"tbsp, ground",4.8
170938,"tsp, leaves",1.0
170938,"tbsp, leaves",2.7
170938,"tsp, ground",1.4
170938,"tbsp, ground",4.3
170939,tbsp,16.0
170939,oz,28.4
170939,jar,95.0
170939,cup,240.0
170939,container,91.0
170940,oz,28.4
170941,cup,240.0
170941,tbsp,15.0
170941,oz,28.4
170941,jar,113.0
170941,jar Gerber Second Food (4 oz),113.0
170942,tbsp,15.0
170942,oz,28.4
170942,jar,170.0
170942,jar Gerber Third Foods (6 oz),170.0
170942,jar Heinz Junior-3 (6 oz),170.0
170943,tbsp,16.0
170943,oz,28.4
170943,jar,170.0
170943,jar Beech-Nut Stage 3 (6 oz),170.0
170943,jar Gerber Third Foods (6 oz),170.0
170943,jar Heinz Junior-3 (6 oz),170.0
170944,tbsp,15.0
170944,oz,28.4
170944,jar,113.0
170944,jar Gerber Second Food (4 oz),113.0
170944,jar Heinz Strained-2 (4 oz),113.0
170945,tbsp,15.0
170945,oz,28.4
170945,jar,170.0
170945,jar Gerber Third Foods (6 oz),170.0
170946,tbsp,15.0
170946,oz,28.4
170946,jar,113.0
170946,jar Gerber Second Food (4 oz),113.0
170946,jar Heinz Strained-2 (4.25 oz),120.0
170947,tbsp,16.0
170947,oz,28.4
170947,jar,113.0
170947,jar Earth's Best (4.5 oz),128.0
170947,jar Gerber Second Food (4 oz),113.0
170947,jar Beech-Nut Stage 2 (4 oz),113.0
170947,jar Heinz Strained-2 (4 oz),113.0
170948,tbsp,16.0
170948,oz,28.4
170948,jar,170.0
170948,jar Heinz Junior-3 (6 oz),170.0
170949,oz,28.4
170949,jar,113.0
170950,oz,28.4
170950,jar,170.0
170951,tbsp,16.0
170951,jar NFS,170.0
170951,jar Beech-Nut Stage 3 (6 oz),170.0
170952,"jar, Gerber (4 oz)",113.0
170953,tbsp,15.0
170953,oz,28.4
170953,jar,170.0
170953,jar Gerber Third Foods (6 oz),170.0
170953,jar Heinz Junior-3 (6 oz),170.0
170954,tbsp,15.0
170954,oz,28.4
170954,jar,113.0
170954,jar Gerber Second Food (4 oz),113.0
170954,jar Heinz Strained-2 (4.25 oz),120.0
170955,tbsp,16.0
170955,oz,28.4
170955,jar,113.0
170955,jar Gerber Second Food (4 oz),113.0
170955,jar Beech-Nut Stage 2 (4 oz),113.0
170955,jar Heinz Strained-2 (4 oz),113.0
170956,tbsp,15.0
170956,jar NFS,113.0
170956,jar Gerber Second Food (4 oz),113.0
170957,oz,28.4
170957,jar,113.0
170958,oz,28.4
170958,jar,170.0
170959,fl oz,31.7
170959,jar,127.0
170959,bottle Earth's Best (4.2 fl oz),131.0
170959,bottle Heinz Strained (4 fl oz),125.0
170959,bottle Gerber First Food (4 fl oz),125.0
170959,bottle Beech-Nut Stage I (4 fl oz),125.0
170960,fl oz,31.2
170960,jar,127.0
170960,bottle Heinz Strained (4 fl oz),125.0
170961,fl oz,31.2
170961,jar,127.0
170962,fl oz,31.2
170962,jar,127.0
170963,fl oz,31.2
170963,jar,127.0
170964,tbsp,2.5
170964,oz,15.0
170965,tbsp,2.5
170965,oz,15.0
170966,oz,28.4
170966,jar,113.0
170967,oz,28.4
170967,jar,170.0
170968,tbsp,2.4
170968,oz,14.2
170969,tbsp,2.5
170969,oz,15.0
170970,tbsp,16.0
170970,oz,28.4
170970,jar,113.0
170970,jar Gerber Second Food (4 oz),113.0
170970,jar Heinz Strained-2 (4.25 oz),120.0
170971,oz,28.4
170971,jar,113.0
170972,cracker,0.7
170973,tbsp,2.4
170973,oz,14.2
170974,tbsp,2.5
170974,oz,15.0
170975,oz,28.4
170975,cookie,6.5
170976,oz,28.4
170976,jar,113.0
170977,oz,28.4
170977,jar,170.0
170978,oz,28.4
170979,oz,28.4
170979,jar,113.0
170980,oz,28.4
170980,jar,113.0
170981,oz,28.4
170981,jar,220.0
170982,tbsp,15.0
170982,oz,28.4
170982,jar,113.0
170982,jar Gerber Second Food (4 oz),113.0
170983,tbsp,15.0
170983,oz,28.4
170983,jar,113.0
170983,jar Gerber Second Food (4 oz),113.0
170983,jar Heinz Strained-2 (4.25 oz),120.0
170984,fl oz,31.2
170985,serving,189.0
170986,fl oz,30.8
170987,oz,31.0
170987,container,113.0
170988,scoop,8.7
170989,container,170.0
170990,tbsp,16.0
170990,container,69.0
170991,fl oz,29.2
170992,scoop,9.0
170993,fl oz,29.2
170994,fl oz,30.5
170994,fl oz,152.0
170995,fl oz,30.4
170995,fl oz,152.0
170996,fl oz,30.4
170996,fl oz,152.0
170997,fl oz,30.4
170997,fl oz,152.0
170998,bottle,140.0
170999,packet,99.0
171000,tbsp,16.0
171001,biscuit,8.0
171002,tbsp,15.0
171003,tbsp,16.0
171004,tbsp,16.0
171005,tbsp,15.0
171005,cup,245.0
171005,serving (2 tbsp),30.0
171006,tablespoon,15.0
171006,cup,245.0
171007,tablespoon,16.0
171007,cup,260.0
171008,tablespoon,15.0
171008,cup,245.0
171008,serving (2 tbsp),15.0
171009,tbsp,13.8
171009,cup,220.0
171009,packet,10.0
171010,tablespoon,13.8
171010,cup,220.0
171011,tbsp,12.8
171011,cup,205.0
171012,tbsp,13.6
171012,cup,218.0
171012,tsp,4.5
171013,tablespoon,13.6
171013,cup,218.0
171013,tsp,4.5
171014,tsp,4.5
171014,tablespoon,13.6
171014,cup,218.0
171015,tbsp,13.6
171015,cup,216.0
171015,tsp,4.5
171016,tablespoon,13.6
171016,cup,218.0
171016,tsp,4.5
171017,tbsp,13.6
171017,cup,218.0
171017,tsp,4.5
171018,tsp,4.7
171018,stick,113.0
171019,tbsp,14.7
171019,cup,235.0
171020,tablespoon,15.0
171021,tablespoon,16.0
171021,cup,260.0
171022,tablespoon,14.7
171022,cup,235.0
171023,tablespoon,15.0
171023,cup,240.0
171024,tablespoon,13.6
171024,cup,218.0
171024,tsp,4.5
171025,tbsp,13.6
171025,cup,218.0
171025,tsp,4.5
171026,tbsp,13.6
171026,cup,218.0
171026,tsp,4.5
171027,tablespoon,13.6
171027,cup,218.0
171027,tsp,4.5
171028,tablespoon,13.6
171028,cup,218.0
171028,tsp,4.5
171029,tbsp,13.6
171029,cup,218.0
171029,tsp,4.5
171030,tbsp,13.6
171030,cup,218.0
171030,tsp,4.5
171031,tablespoon,13.6
171031,cup,218.0
171031,tsp,4.5
171032,tablespoon,13.6
171032,cup,218.0
171032,tsp,4.5
171033,tbsp,14.0
171034,tbsp (1 serving),30.0
171035,tablespoon (1 NLEA serving),14.0
171036,serving (approximately 10 sprays),8.0
171037,tbsp (1 NLEA serving),14.0
171038,tbsp,14.0
171038,cup,229.0
171038,teaspoon,4.8
171039,tbsp,14.0
171039,cup,229.0
171039,teaspoon,4.8
171040,tbsp,14.0
171040,cup,229.0
171040,teaspoon,4.8
171041,tbsp,14.0
171042,tablespoon,14.0
171042,cup,218.0
171042,teaspoon,4.5
171043,tbsp,30.0
171044,tbsp,33.0
171045,tbsp (1 NLEA serving),34.0
171046,tbsp (1 NLEA serving),30.0
171047,oz,85.0
171047,chicken,1046.0
171048,oz,85.0
171048,unit (yield from 1 lb ready-to-cook chicken),308.0
171048,chicken,1028.0
171049,oz,85.0
171049,unit (yield from 1 lb ready-to-cook chicken),212.0
171049,chicken,708.0
171050,oz,85.0
171050,unit (yield from 1 lb ready-to-cook chicken),205.0
171050,chicken,682.0
171051,"cup, chopped or diced",140.0
171051,unit (yield from 1 lb ready-to-cook chicken),200.0
171051,"chicken, bone removed",334.0
171052,oz,113.0
171052,unit (yield from 1 lb ready-to-cook chicken),197.0
171052,"chicken, bone and skin removed",329.0
171053,"cup, chopped or diced",140.0
171053,unit (yield from 1 lb ready-to-cook chicken),155.0
171053,"chicken, bone and skin removed",258.0
171054,"cup, chopped or diced",140.0
171054,tbsp,8.7
171054,unit (yield from 1 lb ready-to-cook chicken),146.0
171055,unit (yield from 1 lb ready-to-cook chicken),34.0
171055,"chicken, skin only",56.0
171056,oz,85.0
171056,unit (yield from 1 lb ready-to-cook chicken),44.0
171056,"chicken, skin only",72.0
171057,unit (yield from 1 lb ready-to-cook chicken),23.0
171057,giblets,75.0
171058,"cup, chopped or diced",145.0
171058,unit (yield from 1 lb ready-to-cook chicken),13.0
171059,"cup, chopped or diced",145.0
171059,unit (yield from 1 lb ready-to-cook chicken),1.0
171060,oz,113.0
171060,liver,44.0
171061,oz,85.0
171061,liver,44.0
171062,oz,113.0
171062,unit (yield from 1 lb ready-to-cook chicken),116.0
171062,"chicken, bone removed",194.0
171063,oz,85.0
171063,unit (yield from 1 lb ready-to-cook chicken),167.0
171063,"chicken, bone removed",278.0
171064,unit (yield from 1 lb ready-to-cook chicken),110.0
171064,"chicken, bone removed",184.0
171065,unit (yield from 1 lb ready-to-cook chicken),101.0
171065,"chicken, bone removed",167.0
171066,unit (yield from 1 lb ready-to-cook chicken),110.0
171066,"chicken, bone removed",184.0
171067,unit (yield from 1 lb ready-to-cook chicken),109.0
171067,"chicken, bone and skin removed",182.0
171068,cup,140.0
171068,unit (yield from 1 lb ready-to-cook chicken),91.0
171069,"cup, chopped or diced",140.0
171069,unit (yield from 1 lb ready-to-cook chicken),81.0
171069,"chicken, bone and skin removed",136.0
171070,"cup, chopped or diced",140.0
171070,unit (yield from 1 lb ready-to-cook chicken),86.0
171070,"chicken, bone and skin removed",143.0
171071,unit (yield from 1 lb ready-to-cook chicken),32.0
171071,"back, bone removed",53.0
171072,oz,85.0
171072,unit (yield from 1 lb ready-to-cook chicken),36.0
171072,"cup, chopped or diced",160.0
171073,oz,113.0
171073,unit (yield from 1 lb ready-to-cook chicken),31.0
171073,"back, bone and skin removed",51.0
171074,unit (yield from 1 lb ready-to-cook chicken),35.0
171074,"back, bone and skin removed",58.0
171075,"cup, chopped or diced",140.0
171075,unit (yield from 1 lb ready-to-cook chicken),58.0
171075,"breast, bone removed",98.0
171076,"cup, chopped or diced",140.0
171076,unit (yield from 1 lb ready-to-cook chicken),66.0
171076,"breast, bone removed",110.0
171077,oz,113.0
171077,piece,272.0
171077,package,926.0
171078,unit (yield from 1 lb ready-to-cook chicken),52.0
171078,"breast, bone and skin removed",86.0
171079,unit (yield from 1 lb ready-to-cook squab),251.0
171079,squab,168.0
171080,"breast, bone removed",101.0
171080,unit (yield from 1 lb ready-to-cook squab),151.0
171081,oz,113.0
171081,bird,5002.0
171082,oz,85.0
171083,oz,113.0
171083,giblets,157.0
171084,oz,85.0
171084,giblets,95.0
171085,oz,113.0
171085,raw gizzard,63.0
171086,oz,28.4
171086,lb,453.0
171087,oz,85.0
171088,oz,113.0
171088,lb,453.0
171089,oz,85.0
171090,oz,113.0
171090,serving,85.0
171091,oz,85.0
171092,"cup, chopped or diced",140.0
171092,"back, bone removed",262.0
171092,unit (yield from 1 lb ready-to-cook turkey),34.0
171093,unit (yield from 1 lb ready-to-cook turkey),146.0
171093,"breast, bone removed",1132.0
171094,oz,85.0
171094,unit (yield from 1 lb ready-to-cook turkey),24.0
171094,"wing, bone removed",186.0
171095,oz,85.0
171095,"turkey, bone removed",808.0
171095,unit (yield from 1 lb ready-to-cook turkey),229.0
171096,oz,113.0
171096,back,1124.0
171097,oz,85.0
171097,back,911.0
171098,oz,113.0
171098,breast,1769.0
171099,oz,85.0
171099,can (5 oz),142.0
171100,tbsp,13.0
171100,oz,28.4
171101,oz,85.0
171101,"cup, drained",135.0
171101,can (5 oz),142.0
171101,can (5 oz) yields,125.0
171102,oz,28.4
171102,lb,227.0
171103,stick (2.25 oz),64.0
171104,lb,227.0
171105,lb,227.0
171106,lb,227.0
171107,oz,85.0
171107,bird,129.0
171107,bird whole,257.0
171108,oz,85.0
171108,bird,120.0
171108,bird whole,239.0
171109,oz,85.0
171109,bird,110.0
171109,bird whole,220.0
171110,oz,85.0
171110,cup,205.0
171110,can (5 oz) yields,125.0
171111,oz,85.0
171111,piece,29.0
171111,serving,86.0
171112,"leg, bone removed (yield after cooking)",92.0
171112,unit (yield from 1 lb ready-to-cook duck),43.0
171112,oz,85.0
171113,oz,85.0
171113,"cup chopped or diced, cooked",174.0
171113,unit (yield from 1 lb ready-to-cook duck),35.0
171113,"leg, bone and skin removed",75.0
171114,oz,85.0
171114,drumstick,71.0
171115,oz,85.0
171115,serving,96.0
171116,oz crumbled,113.0
171117,oz crumbled,85.0
171118,oz,85.0
171118,thigh,95.0
171119,oz,85.0
171119,lb,453.6
171120,thigh,89.0
171120,serving (3 oz),85.0
171120,oz,28.4
171121,wing,53.0
171121,serving (3 oz),85.0
171121,oz,28.4
171122,back,102.0
171122,serving (3 oz),85.0
171122,oz,28.4
171123,serving (3 oz),85.0
171123,oz,28.4
171123,breast,343.0
171124,oz,85.0
171124,back,182.0
171125,oz,85.0
171125,breast,384.0
171126,oz,85.0
171126,drumstick,71.0
171127,oz,85.0
171127,thigh,95.0
171128,oz,85.0
171128,drumstick,217.0
171129,oz,113.0
171129,thigh,424.0
171130,oz,113.0
171130,breast,1171.0
171131,oz,85.0
171131,thigh,327.0
171132,oz,85.0
171132,wing,518.0
171133,oz,85.0
171133,wing,375.0
171134,oz,113.0
171134,drumstick,356.0
171135,oz,85.0
171135,drumstick,275.0
171136,oz,113.0
171136,drumstick,337.0
171137,oz,85.0
171137,thigh,348.0
171138,oz,113.0
171138,back,1245.0
171139,oz,85.0
171139,back,949.0
171141,cup (8 fl oz),257.0
171141,"can (11 oz), undiluted",312.0
171142,cup,130.0
171142,can 11.5 oz,326.0
171143,cup (8 fl oz),263.0
171143,can (11.25 oz),319.0
171144,cup (8 fl oz),243.0
171144,can (19.25 oz),546.0
171145,cup,245.0
171146,cup (4 fl oz),126.0
171146,can (10.75 oz),305.0
171147,cup (4 fl oz),126.0
171147,can (10.75 oz),305.0
171148,can,530.0
171148,cup,243.0
171149,cup,121.0
171149,can (10.7 oz),303.0
171150,cup (8 fl oz),263.0
171150,can (11.25 oz),319.0
171151,cup (8 fl oz),240.0
171151,can (19 oz),539.0
171152,cup (4 fl oz),126.0
171152,can (10.75 oz),305.0
171153,cup (4 fl oz),123.0
171153,can (10.5 oz),298.0
171154,cup (4 fl oz),126.0
171154,can (10.75 oz),305.0
171155,cup,126.0
171156,cup (4 fl oz),126.0
171156,can (10.75 oz),305.0
171157,cup (4 fl oz),135.0
171157,can (11.5 oz),326.0
171158,cup,124.0
171159,cup,126.0
171159,can,305.0
171160,cup (8 fl oz),251.0
171160,can (10.75 oz),305.0
171161,cup,126.0
171161,can (10.5 oz),298.0
171162,cup,245.0
171162,can (19 oz),539.0
171163,cup,126.0
171163,can (10.75 oz),305.0
171164,cup,123.0
171164,can (10.5 oz),298.0
171165,serving 1 tbsp,7.5
171165,packet,39.0
171166,packet,18.0
171167,tbsp,18.0
171167,fl oz,36.0
171167,cup,288.0
171168,cup,59.0
171168,can,298.0
171169,tsp,3.0
171170,cup,238.0
171170,can,298.0
171171,cup (8 fl oz),21.0
171172,cup (8 fl oz),24.0
171173,serving,6.7
171174,cup,103.0
171175,cup (4 fl oz),126.0
171175,can (10.75 oz),305.0
171176,serving 1 cup,248.0
171176,fl oz,31.0
171177,package without flavor packet,81.0
171177,packet,5.8
171178,serving 1/2 cup,121.0
171178,can 10.7 oz (10.75 oz),303.0
171179,cup,213.0
171179,can 14.5 oz,413.0
171179,carton 32 oz,925.0
171180,cup,220.0
171180,carton 32 oz,928.0
171181,oz 1 pouch,283.0
171182,oz 1 pouch,283.0
171183,oz 1 pouch,283.0
171184,oz 1 pouch,283.0
171185,cup,60.0
171186,tsp,6.5
171187,tsp,6.9
171188,tsp,6.2
171189,serving,292.0
171189,package yields,292.0
171190,cup,250.0
171190,can,528.0
171191,cup,63.0
171193,oz,113.0
171193,piece,429.0
171194,oz,113.0
171194,piece,340.0
171195,oz,113.0
171195,piece,331.0
171196,oz,85.0
171196,steak,307.0
171197,oz,85.0
171197,steak,309.0
171198,oz,85.0
171198,roast,793.0
171199,oz,85.0
171199,roast,779.0
171200,oz,85.0
171200,roast,787.0
171201,oz,85.0
171201,steak,141.0
171202,oz,113.0
171202,steak,198.0
171203,oz,85.0
171203,lb,453.6
171204,oz,85.0
171205,oz,85.0
171206,oz,113.0
171207,oz,85.0
171208,oz,85.0
171209,oz,85.0
171209,steak,291.0
171210,oz,85.0
171210,roast,2044.0
171211,oz,85.0
171211,steak,356.0
171212,oz,85.0
171212,steak,349.0
171213,oz,113.0
171213,steak,473.0
171214,oz,113.0
171214,steak,483.0
171215,oz,85.0
171215,roast,586.0
171216,oz,85.0
171216,roast,645.0
171217,oz,85.0
171217,steak,449.0
171218,oz,85.0
171218,steak,445.0
171219,oz,85.0
171219,steak,454.0
171220,oz,113.0
171220,steak,204.0
171221,oz,113.0
171221,steak,191.0
171222,oz,85.0
171222,piece,289.0
171223,oz,85.0
171223,piece,272.0
171224,oz,85.0
171224,roast,787.0
171225,oz,85.0
171225,roast,793.0
171226,oz,85.0
171226,roast,779.0
171227,oz,85.0
171227,piece,227.0
171228,oz,85.0
171228,steak,308.0
171229,oz,85.0
171229,steak,307.0
171230,oz,85.0
171230,steak,309.0
171231,oz,113.0
171231,steak,384.0
171232,oz,85.0
171232,steak,281.0
171233,oz,85.0
171233,steak,306.0
171234,oz,113.0
171234,steak,462.0
171234,roast,2627.0
171235,oz,113.0
171235,steak,456.0
171235,roast,2674.0
171236,oz,85.0
171236,steak,381.0
171237,oz,85.0
171237,steak,378.0
171238,oz,85.0
171238,steak,385.0
171239,oz,85.0
171239,roast,1601.0
171240,oz,28.4
171240,package (8 oz),227.0
171241,oz,28.4
171241,package (7 oz),198.0
171242,oz,28.4
171242,slice (1 oz),28.0
171242,cubic inch,15.0
171242,"cup, diced",132.0
171242,"cup, shredded",108.0
171242,package (6 oz),170.0
171243,cup,134.0
171243,oz,28.4
171243,cubic inch,18.0
171243,box,113.0
171243,package (8 oz),227.0
171245,"cup, diced",132.0
171245,"cup, shredded",113.0
171245,oz,28.4
171245,cubic inch,18.0
171245,slice (1 oz),28.0
171245,package (6 oz),170.0
171246,oz,28.4
171246,package (3 oz),85.0
171248,cup,124.0
171248,oz,28.4
171248,cup,246.0
171249,oz,28.4
171249,package (5 oz),142.0
171250,oz,28.4
171250,package (3 oz),85.0
171252,cup,113.0
171252,oz,28.4
171252,slice (3/4 oz),21.0
171252,package (8 oz),227.0
171253,oz,28.4
171253,package (8 oz),227.0
171254,"cup, diced",140.0
171254,cup,244.0
171254,jar (5 oz),128.0
171254,cubic inch,18.0
171254,jar (5 oz),142.0
171254,slice,34.0
171254,"slice, thin",14.0
171255,fl oz,30.2
171255,tbsp,15.0
171255,cup,242.0
171255,"container, individual (.5 fl oz)",15.0
171256,tbsp,15.0
171256,cup,242.0
171257,tbsp,12.0
171257,cup,230.0
171258,cup,254.0
171258,fl oz,31.8
171258,quart,1016.0
171259,tbsp,12.0
171259,cup,235.0
171261,"container, individual",15.0
171261,fl oz,30.0
171261,cup,240.0
171261,cup,120.0
171262,"container, individual",15.0
171262,cup,120.0
171263,cup,94.0
171263,tsp,2.0
171263,packet,3.0
171264,cup,244.0
171264,quart,976.0
171266,cup,244.0
171266,quart,976.0
171268,cup,246.0
171268,quart,984.0
171270,cup,245.0
171270,fl oz,30.6
171270,quart,980.0
171271,cup,246.0
171271,quart,984.0
171272,cup,68.0
171272,envelope (1-1/3 cup),91.0
171272,cup (makes 1 cup reconstituted milk),23.0
171273,oz,28.4
171273,lb,113.0
171274,cup,30.0
171274,cup,120.0
171274,tbsp,6.5
171275,fl oz,38.2
171275,cup,306.0
171276,fl oz,31.5
171276,cup,252.0
171276,can (13 oz),369.0
171276,cup,126.0
171277,cup,250.0
171277,fl oz,31.2
171278,fl oz,30.5
171278,cup,244.0
171278,quart,976.0
171279,fl oz,30.8
171279,cup,246.0
171280,cup,244.0
171280,quart,976.0
171281,cup,57.0
171281,tbsp,2.9
171282,cup,246.0
171282,quart,984.0
171283,cup,145.0
171283,tbsp,7.5
171284,container (6 oz),170.0
171284,container (8 oz),227.0
171284,container (4 oz),113.0
171284,cup (8 fl oz),245.0
171285,container (6 oz),170.0
171285,cup (8 fl oz),245.0
171285,container (8 oz),227.0
171285,"container, Dannon Sprinkl'ins (4.1 oz)",116.0
171285,container (4 oz),113.0
171286,container (6 oz),170.0
171286,container (4 oz),113.0
171286,container (8 oz),227.0
171287,large,50.0
171287,extra large,56.0
171287,jumbo,63.0
171287,cup (4.86 large eggs),243.0
171287,medium,44.0
171287,small,38.0
171288,cup shredded,28.0
171289,slice (2/3 oz),19.0
171289,slice (3/4 oz),21.0
171290,oz,28.4
171290,slice (3/4 oz),21.0
171290,slice (1 oz),28.0
171290,cubic inch,18.0
171290,"cup, diced",140.0
171290,"cup, shredded",113.0
171290,"cup, melted",244.0
171291,cup,113.0
171291,oz,28.4
171291,slice (3/4 oz),21.0
171291,package (8 oz),227.0
171292,slice,21.0
171293,medium,298.0
171294,pieces,95.0
171295,serving,28.0
171296,oz,150.0
171297,oz,150.0
171298,oz,150.0
171299,oz,150.0
171300,container (5.3 oz),150.0
171300,cup (8 fl oz),245.0
171300,container (6 oz),170.0
171300,container (8 oz),227.0
171300,"container, Dannon Sprinkl'ins (4.1 oz)",116.0
171300,container (4 oz),113.0
171301,cup,247.0
171301,bottle,989.0
171302,cup,252.0
171302,fl oz,31.5
171302,can (13 oz),369.0
171302,cup,126.0
171303,cup,250.0
171303,fl oz,31.2
171303,quart,1000.0
171315,tsp,1.9
171315,tbsp,6.0
171316,"tsp, whole",2.1
171316,"tbsp, whole",6.7
171317,"tsp, leaves",0.7
171317,"tbsp, leaves",2.1
171317,"tsp, ground",1.4
171317,"tbsp, ground",4.5
171318,tsp,0.6
171318,tbsp,1.9
171319,tsp,2.7
171319,tbsp,8.0
171320,tsp,2.6
171320,tbsp,7.8
171321,tsp,2.1
171321,tbsp,6.5
171322,tsp,1.0
171322,tbsp,3.1
171323,"tsp, whole",2.0
171323,"tbsp, whole",5.8
171324,tsp,3.7
171324,tbsp,11.1
171325,tsp,3.1
171325,tbsp,9.7
171326,tsp,2.2
171326,tbsp,7.0
171327,tsp,2.4
171327,tbsp,6.9
171328,"tsp, leaves",1.0
171328,"tsp, ground",1.8
171329,tsp,2.3
171329,tbsp,6.8
171330,tsp,2.8
171330,tbsp,8.8
171331,tsp,1.5
171331,tbsp,4.4
171332,tsp,1.7
171332,tbsp,5.6
171333,tsp,1.2
171333,tbsp,3.3
171334,cup,240.0
171334,tbsp,15.0
171334,oz,28.4
171334,jar,170.0
171334,jar Heinz Junior-3 (6 oz),170.0
171335,tbsp,15.0
171335,oz,28.4
171335,jar,113.0
171335,jar Gerber Second Food (4 oz),113.0
171335,jar Heinz Strained-2 (4.25 oz),120.0
171336,tbsp,17.0
171336,oz,28.4
171336,jar,95.0
171336,container,67.0
171337,tbsp,17.0
171337,oz,28.4
171337,jar,95.0
171337,container,67.0
171338,tbsp,16.0
171338,oz,28.4
171338,jar,113.0
171338,jar Beech-Nut Baby's First (2.5 oz),71.0
171338,jar Beech-Nut Stage I (4 oz),113.0
171338,jar Gerber First Foods (2.5 oz),71.0
171338,jar Earth's Best (4.5 oz),113.0
171338,jar Gerber Second Food (4 oz),113.0
171338,jar Heinz Strained-2 (4 oz),113.0
171338,jar Heinz Beginner-1 (2.5 oz),71.0
171339,oz,28.4
171339,jar,170.0
171340,tbsp,15.0
171340,jar Gerber First Foods (2.5 oz),71.0
171341,tbsp,15.0
171341,oz,28.4
171341,"jar, Gerber (4 oz)",113.0
171341,jar,113.0
171342,oz,28.4
171342,jar Gerber,128.0
171343,oz,28.4
171343,jar,113.0
171344,oz,28.4
171344,jar,170.0
171345,oz,28.4
171345,jar,113.0
171346,oz,28.4
171346,jar,170.0
171347,tbsp,16.0
171347,oz,28.4
171347,jar,170.0
171347,jar Gerber Third Foods (6 oz),170.0
171348,oz,28.4
171348,jar,113.0
171349,oz,28.4
171349,jar Gerber,128.0
171350,oz,28.4
171350,jar,113.0
171351,fl oz,31.2
171351,bottle Earth's Best (4.2 fl oz),131.0
171351,bottle Heinz Strained (4 fl oz),125.0
171351,bottle NFS,125.0
171351,bottle Beech-Nut Stage 2 (4 fl oz),125.0
171351,bottle Gerber Second Foods (4 fl oz),125.0
171352,fl oz,31.2
171352,jar,127.0
171353,fl oz,31.2
171353,jar,127.0
171353,bottle (4 fl oz),125.0
171354,fl oz,31.2
171354,jar,127.0
171354,bottle Heinz Strained (4 fl oz),125.0
171354,bottle Gerber Second Foods (4 fl oz),125.0
171354,bottle Beech-Nut Stage 3 (4 fl oz),125.0
171355,fl oz,31.2
171355,jar,127.0
171356,fl oz,31.2
171356,jar,127.0
171357,fl oz,31.2
171357,jar,127.0
171357,bottle (4 fl oz),125.0
171358,tbsp,2.4
171358,oz,15.0
171359,oz,15.0
171360,tbsp,3.2
171360,oz,15.0
171360,cup,12.2
171360,box,223.0
171361,serving,15.0
171361,oz,15.0
171361,tbsp,2.5
171362,oz,28.4
171362,jar,113.0
171363,oz,28.4
171363,jar,170.0
171364,oz,28.4
171364,jar,170.0
171365,oz,28.4
171365,jar,113.0
171366,oz,28.4
171366,jar,170.0
171367,tbsp,5.3
171367,packet (.75 oz),21.0
171368,cookie,8.0
171369,oz,28.4
171369,cookie,5.0
171370,oz,28.4
171370,pretzel,6.0
171371,oz,28.4
171371,biscuit,7.0
171372,oz,28.4
171372,piece,7.0
171372,rusk,10.0
171372,"toast, Gerber Zwieback",7.0
171373,oz,28.4
171373,jar,170.0
171374,oz,28.4
171374,jar,113.0
171375,tbsp,15.0
171375,oz,28.4
171375,jar,113.0
171375,jar Gerber Second Food (4 oz),113.0
171375,jar Heinz Strained-2 (4 oz),113.0
171376,tbsp,15.0
171376,oz,28.4
171376,jar,220.0
171376,jar Gerber Third Foods (6 oz),170.0
171377,tbsp,15.0
171377,oz,28.4
171377,jar,170.0
171377,jar Gerber Third Foods (6 oz),170.0
171377,jar Heinz Junior-3 (6 oz),170.0
171378,oz,28.4
171378,jar,113.0
171379,cup,229.0
171379,tbsp,14.0
171379,oz,28.4
171379,jar,113.0
171379,jar Gerber Second Food (4 oz),113.0
171379,jar Beech-Nut Stage 2 (4 oz),113.0
171379,jar Heinz Strained-2 (4 oz),113.0
171380,cup,229.0
171380,tbsp,14.0
171380,oz,28.4
171380,jar,170.0
171380,jar Beech-Nut Stage 3 (6 oz),170.0
171380,jar Gerber Third Foods (6 oz),170.0
171380,jar Heinz Junior-3 (6 oz),170.0
171381,fl oz,31.2
171381,jar,127.0
171381,bottle Earth's Best (4.2 fl oz),131.0
171381,bottle Heinz Strained (4 fl oz),125.0
171381,bottle Beech-Nut Stage 2 (4 fl oz),125.0
171381,bottle Gerber Second Foods (4 fl oz),125.0
171382,fl oz,31.4
171383,fl oz,30.5
171384,scoop,8.7
171385,fl oz,30.5
171386,fl oz,31.4
171387,fl oz,30.5
171387,scoop,8.7
171388,bar,19.0
171389,scoop,8.7
171390,fl oz,30.4
171390,fl oz,152.0
171391,fl oz,30.4
171391,fl oz,152.0
171392,fl oz,30.4
171392,fl oz,152.0
171393,fl oz,30.4
171393,fl oz,152.0
171394,fl oz,30.4
171394,fl oz,152.0
171395,fl oz,153.0
171396,fl oz,30.4
171396,fl oz,153.0
171397,fl oz,30.4
171397,fl oz,152.0
171398,piece,7.0
171399,scoop,9.5
171400,tbsp,12.8
171400,cup,205.0
171401,tbsp,12.8
171401,cup,205.0
171402,tbsp,16.0
171402,cup,250.0
171402,serving (2 tbsp),30.0
171403,tbsp,14.7
171403,cup,235.0
171404,tablespoon,16.0
171404,cup,260.0
171404,serving (2 tbsp),30.0
171405,tablespoon,15.0
171405,cup,240.0
171406,tbsp,15.0
171406,cup,240.0
171407,tablespoon,15.0
171407,cup,240.0
171408,tablespoon,14.1
171408,cup,225.0
171409,tablespoon,15.0
171409,cup,245.0
171410,tbsp,13.5
171410,cup,216.0
171410,tsp,4.5
171411,tbsp,13.6
171411,cup,218.0
171411,tsp,4.5
171413,tablespoon,13.5
171413,cup,216.0
171413,tsp,4.5
171414,cup,250.0
171414,tbsp,16.0
171414,individual packet,12.3
171415,cup,232.0
171415,tsp,4.8
171416,tablespoon,14.0
171416,cup,220.0
171417,tablespoon,16.0
171417,cup,250.0
171418,tablespoon,13.8
171418,cup,220.0
171419,tablespoon,14.0
171419,cup,220.0
171420,tablespoon,16.0
171420,cup,256.0
171421,tablespoon,13.6
171421,cup,218.0
171421,tsp,4.5
171422,tablespoon,13.6
171422,cup,218.0
171422,tbsp (1/8 cup),27.0
171423,tablespoon,13.6
171423,cup,218.0
171423,tsp,4.5
171424,tablespoon,13.6
171424,cup,218.0
171424,tsp,4.5
171425,tablespoon,13.6
171425,cup,218.0
171425,tsp,4.5
171426,tablespoon,13.6
171426,cup,218.0
171426,tsp,4.5
171427,tablespoon,13.6
171427,cup,218.0
171427,tsp,4.5
171428,tbsp,13.6
171428,cup,218.0
171428,tsp,4.5
171429,tablespoon,13.6
171429,cup,218.0
171429,tsp,4.5
171430,"spray , about 1/3 second (1 NLEA serving)",0.3
171431,tbsp (1 NLEA serving),14.0
171432,tablespoon (1 NLEA serving),14.0
171433,tbsp (1 NLEA serving),14.0
171433,cup,214.0
171434,tbsp,14.9
171435,tablespoon,14.0
171435,cup,227.0
171435,teaspoon,4.0
171436,tbsp,14.0
171437,tbsp,14.0
171438,tablespoon,14.0
171438,cup,218.0
171438,teaspoon,4.5
171439,tablespoon,13.6
171439,cup,218.0
171439,teaspoon,4.5
171440,tablespoon,13.6
171440,cup,218.0
171440,teaspoon,4.5
171441,tablespoon,13.6
171441,cup,218.0
171441,teaspoon,4.5
171442,tablespoon,13.7
171442,cup,219.0
171443,tbsp,15.0
171443,cup,232.0
171445,oz,85.0
171445,breast,384.0
171446,oz,85.0
171446,unit (yield from 1 lb ready-to-cook chicken),225.0
171446,chicken,751.0
171447,oz,113.0
171447,unit (yield from 1 lb ready-to-cook chicken),276.0
171447,"chicken, bone removed",460.0
171448,oz,85.0
171448,unit (yield from 1 lb ready-to-cook chicken),280.0
171448,"chicken, bone removed",466.0
171449,oz,85.0
171449,unit (yield from 1 lb ready-to-cook chicken),188.0
171449,"chicken, bone removed",314.0
171450,oz,85.0
171450,"cup, chopped or diced",140.0
171450,unit (yield from 1 lb ready-to-cook chicken),178.0
171450,"chicken, bone removed",299.0
171451,"cup, chopped or diced",140.0
171451,tbsp,8.7
171451,unit (yield from 1 lb ready-to-cook chicken),157.0
171452,oz,113.0
171452,unit (yield from 1 lb ready-to-cook chicken),47.0
171452,"chicken, skin only",79.0
171453,oz,85.0
171453,unit (yield from 1 lb ready-to-cook chicken),114.0
171453,"chicken, skin only",190.0
171454,unit (yield from 1 lb ready-to-cook chicken),33.0
171454,"chicken, skin only",56.0
171455,oz,85.0
171455,cup chopped or dice,145.0
171456,oz,113.0
171456,lb,453.0
171457,cup chopped or dice,145.0
171458,heart,6.1
171458,unit (yield from 1 lb ready-to-cook chicken),1.8
171459,unit (yield from 1 lb ready-to-cook chicken),113.0
171459,"chicken, bone removed",188.0
171460,unit (yield from 1 lb ready-to-cook chicken),78.0
171460,"chicken, bone removed",130.0
171461,unit (yield from 1 lb ready-to-cook chicken),79.0
171461,"chicken, bone removed",132.0
171462,unit (yield from 1 lb ready-to-cook chicken),90.0
171462,"chicken, bone removed",150.0
171463,oz,113.0
171463,unit (yield from 1 lb ready-to-cook chicken),160.0
171463,"chicken, bone removed",266.0
171464,unit (yield from 1 lb ready-to-cook chicken),88.0
171464,"chicken, bone and skin removed",147.0
171465,cup,140.0
171465,unit (yield from 1 lb ready-to-cook chicken),64.0
171466,"cup, chopped or diced",140.0
171466,unit (yield from 1 lb ready-to-cook chicken),64.0
171466,"chicken, bone and skin removed",107.0
171467,"cup, chopped or diced",140.0
171467,unit (yield from 1 lb ready-to-cook chicken),71.0
171467,"chicken, bone and skin removed",119.0
171468,tbsp,12.8
171468,unit (yield from 1 lb ready-to-cook chicken),32.0
171468,"chicken, separable fat",52.0
171469,unit (yield from 1 lb ready-to-cook chicken),59.0
171469,"back, bone removed",99.0
171470,unit (yield from 1 lb ready-to-cook chicken),72.0
171470,"back, bone removed",120.0
171471,unit (yield from 1 lb ready-to-cook chicken),44.0
171471,"back, bone removed",72.0
171472,oz,85.0
171472,unit (yield from 1 lb ready-to-cook chicken),24.0
171472,"back, bone and skin removed",40.0
171473,unit (yield from 1 lb ready-to-cook chicken),26.0
171473,"back, bone and skin removed",42.0
171474,"breast, bone removed (yield from 1 lb ready-to-cook chicken)",87.0
171474,"breast, bone removed",145.0
171475,oz,85.0
171475,unit (yield from 1 lb ready-to-cook chicken),84.0
171475,"breast, bone removed",140.0
171476,unit (yield from 1 lb ready-to-cook chicken),59.0
171476,"breast, bone removed",98.0
171477,"cup, chopped or diced",140.0
171477,unit (yield from 1 lb ready-to-cook chicken),52.0
171477,"breast, bone and skin removed",86.0
171478,"cup, chopped or diced",140.0
171478,unit (yield from 1 lb ready-to-cook chicken),57.0
171478,"breast, bone and skin removed",95.0
171479,oz,85.0
171479,bird,3812.0
171480,oz,113.0
171480,bird,5002.0
171481,oz,85.0
171481,bird,3812.0
171482,oz,113.0
171482,lb,453.0
171483,oz,85.0
171483,gizzard cooked,45.0
171484,oz,113.0
171484,piece,24.0
171485,oz,85.0
171485,heart,20.0
171486,oz,113.0
171486,raw liver,78.0
171487,oz,85.0
171487,liver cooked,53.0
171488,oz,113.0
171488,lb,453.0
171489,oz,85.0
171490,serving,85.0
171491,oz,85.0
171492,oz,85.0
171492,unit (yield from 1 lb ready-to-cook turkey),112.0
171492,"breast, bone removed",864.0
171493,unit (yield from 1 lb ready-to-cook turkey),105.0
171493,"leg, bone removed",816.0
171494,oz,85.0
171494,unit (yield from 1 lb ready-to-cook turkey),71.0
171494,"leg, bone removed",546.0
171495,unit (yield from 1 lb ready-to-cook turkey),33.0
171495,"wing, bone removed",256.0
171496,oz,85.0
171496,breast,1413.0
171497,oz,113.0
171497,wing,346.0
171498,oz,85.0
171498,wing,213.0
171499,unit (yield from 1 lb ready-to-cook turkey),31.0
171499,"turkey, skin only",196.0
171500,oz,85.0
171500,"package (net weight, 5 oz)",142.0
171501,oz,85.0
171501,"breast, bone removed",864.0
171502,oz,85.0
171502,"thigh, bone removed",314.0
171503,oz,85.0
171503,"box (net weight, 2.5 lb)",1134.0
171504,lb,227.0
171505,oz,113.0
171505,lb,453.6
171505,"patty, 4 oz",114.0
171506,oz,85.0
171506,"patty (4 oz, raw) (yield after cooking)",82.0
171506,"unit, yield from 1 lb raw",330.0
171507,oz,85.0
171507,bird,168.0
171508,oz,85.0
171508,serving,74.0
171509,oz,113.0
171509,piece,263.0
171509,breast,118.0
171510,unit (yield from 1 lb ready-to-cook duck),56.0
171510,oz,85.0
171510,"breast, bone removed",120.0
171511,oz,85.0
171511,"breast, bone and skin removed",95.0
171511,"cup, chopped or diced",174.0
171511,unit (yield from 1 lb ready-to-cook duck),44.0
171512,oz,85.0
171512,patty,60.0
171513,oz,85.0
171513,patty,60.0
171514,oz,85.0
171514,piece,15.0
171514,pieces,62.0
171515,oz,85.0
171515,piece,15.0
171515,pieces,62.0
171516,oz,85.0
171516,wing,51.0
171517,serving (3 oz),85.0
171517,back,102.0
171517,oz,28.4
171518,oz,85.0
171518,breast breast with skin and bone,483.0
171518,oz,28.4
171519,drumstick,53.0
171519,serving (3oz),85.0
171519,oz,28.4
171520,oz,85.0
171521,drumstick,53.0
171521,serving (3 oz),85.0
171521,oz,28.4
171522,thigh,89.0
171522,serving,85.0
171523,wing,53.0
171523,serving (3 oz),85.0
171523,oz,28.4
171524,serving,85.0
171525,oz,113.0
171525,drumstick,359.0
171526,oz,85.0
171526,wing,358.0
171527,oz,85.0
171527,wing,219.0
171528,oz,85.0
171528,breast,1150.0
171529,oz,85.0
171529,breast,863.0
171530,oz,85.0
171530,drumstick,206.0
171531,oz,113.0
171531,thigh,367.0
171532,oz,85.0
171532,thigh,319.0
171533,oz,113.0
171533,thigh,454.0
171534,oz,85.0
171534,piece,196.0
171535,oz,85.0
171535,piece,195.0
171536,oz,85.0
171536,piece,192.0
171537,cup (4 fl oz),126.0
171537,can (10.75 oz),305.0
171538,cup,240.0
171538,can 14.5 oz,435.0
171538,container 32 oz,960.0
171539,cup,125.0
171539,can (10.75 oz),305.0
171540,cup,126.0
171540,can (10.75 oz),305.0
171541,cup,124.0
171542,cup (4 fl oz),126.0
171542,can (10.75 oz),305.0
171543,cup,124.0
171544,cup,240.0
171544,can 19 oz,539.0
171545,cup,126.0
171546,cup,255.0
171547,cup,126.0
171547,can (10.7 oz),303.0
171548,cup,124.0
171548,can (10.5 oz),310.0
171549,cup (8 fl oz),248.0
171549,can (20 oz),567.0
171550,cup,240.0
171550,can (19 oz),539.0
171551,cup (4 fl oz),123.0
171551,can (10.5 oz),298.0
171552,cup,126.0
171552,can (10.75 oz),305.0
171553,cup (4 fl oz),123.0
171553,can (10.5 oz),298.0
171554,cup,128.0
171554,can (11.2 oz),319.0
171555,cup,240.0
171555,can (19 oz),539.0
171556,cup,123.0
171557,cup (4 fl oz),129.0
171557,"can (11 oz), undiluted",312.0
171558,cup (8 fl oz),236.0
171558,can (18.75 oz),532.0
171559,cup,230.0
171560,cube,3.6
171560,packet,6.0
171561,cube,3.6
171562,cube,4.0
171562,teaspoon,2.0
171563,cube,4.8
171564,cup,233.0
171564,can,291.0
171565,tbsp,6.0
171566,cup,57.0
171566,cup,228.0
171566,jar 10.5 oz,273.0
171566,jar 12 oz,324.0
171567,tbsp,8.0
171567,serving,8.0
171568,cup,238.0
171568,tbsp,14.9
171568,tsp,5.0
171568,can,298.0
171569,serving,7.0
171570,cup (8 fl oz),25.0
171571,packet,74.0
171571,packet (6 fl oz),11.1
171572,cup (8 fl oz),244.0
171572,"can (10.75 oz), prepared",593.0
171573,cup (8 fl oz),244.0
171573,"can (10.75 oz), prepared",593.0
171574,cup (8 fl oz),247.0
171574,"can (11 oz), prepared",600.0
171575,tbsp,17.0
171576,oz 1 pouch,283.0
171577,oz 1 pouch,283.0
171578,oz 1 pouch,283.0
171579,cup,63.0
171580,cup,61.0
171581,cup,63.0
171582,cup,62.0
171583,cup,221.0
171583,can,390.0
171583,carton (32 oz),926.0
171585,serving,240.0
171585,package yields,539.0
171586,serving 1/2 cup,128.0
171587,serving 1/2 cup,121.0
171587,can 10.7 oz,303.0
171588,serving,6.7
171588,package,454.0
171589,serving,6.7
171589,package (16 oz),454.0
171590,serving,6.7
171590,package (16 oz),454.0
171591,serving 1 cup,248.0
171591,fl oz,31.0
171592,cup,259.0
171592,fl oz,32.4
171593,serving 1 cup,248.0
171593,fl oz,31.0
171594,cup,253.0
171595,packet,6.0
171595,cup,273.0
171596,cup,241.0
171597,serving 1/2 cup,128.0
171597,cup,257.0
171598,cup,236.0
171599,serving 1/4 cup 2 oz,57.0
171600,cup,56.0
171600,cup,226.0
171600,can 10.5 oz,273.0
171601,oz,28.4
171601,"slice (5-7/8"" x 3-1/2"" x 1/16"")",23.0
171602,cup,124.0
171604,tbsp,15.0
171604,cup,245.0
171605,tbsp,15.0
171605,cup,245.0
171606,cup,244.0
171606,fl oz,30.5
171607,cup,244.0
171607,can (10.75 oz),305.0
171608,serving 1/3 cup,39.0
171609,cup,240.0
171610,tbsp,17.0
171610,cup,275.0
171611,cup,251.0
171612,cup,240.0
171613,tsp,2.6
171613,cube,3.6
171614,package without flavor packet,82.0
171614,packet,5.6
171615,package without flavor packet,81.0
171615,packet,6.0
171616,"slice (4"" dia x 1/8"" thick)",23.0
171616,"slice (2-3/4"" dia x 1/16"")",6.0
171617,slice,23.0
171617,oz,28.4
171618,slices,100.0
171619,sausage,91.0
171620,link cooked,85.0
171621,oz,28.4
171621,"slice (2-1/2"" dia x 1/4"" thick)",18.0
171622,link,70.0
171623,links,100.0
171624,oz,85.0
171624,link,45.0
171625,oz,28.4
171625,frankfurter,45.0
171626,oz,28.4
171626,"slice (4-1/4"" x 4-1/4"" x 1/16"")",21.0
171627,"slice (1 oz) (4"" x 4"" x 3/32"" thick)",28.0
171627,"slice (4-1/4"" x 4-1/4"" x 1/16"")",21.0
171628,"slice (1 oz) (4"" x 4"" x 3/32"" thick)",28.0
171628,slices,57.0
171629,tbsp,15.0
171629,oz,28.4
171630,"slice (1 oz) (4"" x 4"" x 3/32"" thick)",28.0
171630,g,45.0
171631,link,101.0
171632,serving,57.0
171633,frankfurter,50.0
171634,frankfurter,48.0
171635,oz,85.0
171635,package,343.0
171636,oz,85.0
171636,package,343.0
171637,slice,33.0
171638,oz,85.0
171638,pieces,56.0
171639,slice,8.1
171640,serving,15.0
171641,cup (1 NLEA serving for adults),30.0
171641,cup (1 serving for children under 4 years),20.0
171642,cup (1 NLEA serving),27.0
171643,cup (1 NLEA serving),26.0
171644,cup (1 NLEA serving),27.0
171645,cup (1 NLEA serving),27.0
171646,cup,122.0
171646,oz,28.4
171647,cup (1 NLEA serving),58.0
171648,cup (1 NLEA serving),29.0
171649,cup (1 NLEA serving),27.0
171650,cup (1 NLEA serving),59.0
171651,cup (1 NLEA serving),14.0
171652,cup (1 NLEA serving),27.0
171653,tbsp (1 NLEA serving),14.0
171654,tbsp,9.7
171654,cup,156.0
171655,cup,257.0
171655,tbsp,16.0
171656,packet,29.0
171656,tbsp,7.0
171657,cup (1 serving),251.0
171657,tbsp,16.0
171658,tbsp,11.0
171658,cup,176.0
171659,cup,240.0
171659,tbsp,14.9
171659,cup,179.0
171660,tbsp,11.5
171660,cup,178.0
171661,packet,28.0
171662,"cup, cooked",234.0
171662,"cup, dry, yields",501.0
171662,"oz, dry, yields",177.0
171662,"packet, dry, yields",177.0
171663,packet (1 NLEA serving),43.0
171664,packet,45.0
171665,cup (1 NLEA serving),40.0
171665,cup,141.0
171665,cup,35.0
171666,cup,243.0
171666,cup,182.0
171667,cup,94.0
171667,cup,31.0
171668,cup,242.0
171668,cup,182.0
171669,cup (1 NLEA serving),15.0
171670,tbsp,9.7
171670,cup,156.0
171671,cup,257.0
171671,tablespoon,16.0
171672,cup,233.0
171673,cup,233.0
171674,tbsp (1 NLEA serving),35.0
171675,cup,234.0
171675,cup,175.0
171676,cup,243.0
171676,cup,182.0
171677,cup,242.0
171677,cup,182.0
171678,cup (1 NLEA serving),55.0
171679,cup (1 NLEA serving),30.0
171680,cup (1 NLEA serving),30.0
171681,cup (1 NLEA serving),30.0
171682,packet (1 NLEA serving),45.0
171683,package (1 NLEA serving),70.0
171684,package (1 NLEA serving),75.0
171685,package (1 NLEA serving),70.0
171686,cup,98.0
171686,fruit without refuse,4.8
171687,cup,242.0
171687,fl oz,30.2
171688,"cup, quartered or chopped",125.0
171688,cup slices,109.0
171688,"large (3-1/4"" dia)",223.0
171688,"medium (3"" dia)",182.0
171688,"small (2-3/4"" dia)",149.0
171688,"extra small (2-1/2"" dia)",101.0
171688,NLEA serving,242.0
171689,cup slices,110.0
171689,"large (3-1/4"" dia)",216.0
171689,"medium (3"" dia)",161.0
171689,"small (2-3/4"" dia)",132.0
171690,cup,193.0
171691,cup,86.0
171691,ring,6.4
171692,cup,255.0
171693,cup,280.0
171694,cup slices,173.0
171695,cup,244.0
171696,cup,246.0
171697,"cup, halves",155.0
171697,"cup, sliced",165.0
171697,apricot,35.0
171698,"cup, halves",243.0
171698,apricot half with liquid,36.0
171699,"cup, halves",258.0
171699,"cup, whole",240.0
171699,apricot half with liquid,40.0
171700,"cup, whole, without pits",258.0
171701,"cup, whole, without pits",246.0
171702,cup,119.0
171703,cup,242.0
171704,cup,266.0
171704,fl oz,30.4
171705,"cup, cubes",150.0
171705,"cup, pureed",230.0
171705,"cup, sliced",146.0
171705,"avocado, NS as to Florida or California",201.0
171705,NLEA Serving,50.0
171706,"cup, pureed",230.0
171706,"fruit, without skin and seed",136.0
171706,NLEA serving,50.0
171707,"cup, pureed",230.0
171707,fruit without skin and seeds,304.0
171707,NLEA Serving,50.0
171708,cup,40.0
171709,cup,256.0
171710,"cup, unthawed",151.0
171710,package (18 oz),510.0
171711,cup,148.0
171711,berries,68.0
171712,cup,256.0
171713,"cup, unthawed",132.0
171713,package (10 oz),284.0
171714,cup,220.0
171714,"fruit, small",96.0
171715,"cup, cubes",132.0
171715,"cup, sliced",108.0
171715,"large (4-1/2"" long)",124.0
171715,"medium (3-5/8"" long)",91.0
171715,"small (3-1/8"" long)",70.0
171716,cup,256.0
171717,cup,261.0
171718,"cup, unthawed",155.0
171718,package (18 oz),510.0
171719,"cup, with pits, yields",138.0
171719,"cup, without pits",154.0
171719,cherry,8.2
171719,NLEA serving,140.0
171720,"cup, pitted",261.0
171721,cup slices,110.0
171722,"cup, chopped",110.0
171722,"cup, whole",100.0
171723,cup,40.0
171724,cup,144.0
171726,"cup, chopped",147.0
171726,"date, pitted",7.1
171727,cup,145.0
171728,oz,113.0
171729,oz,113.0
171730,oz,113.0
171731,oz,113.0
171732,oz,113.0
171732,steak,152.0
171733,oz,113.0
171733,roast,339.0
171734,oz,113.0
171734,roast,449.0
171735,oz,113.0
171735,roast,350.0
171736,oz,113.0
171736,roast,359.0
171737,oz,113.0
171737,roast,342.0
171738,oz,113.0
171738,roast,377.0
171739,oz,113.0
171739,roast,449.0
171740,oz,113.0
171740,roast,342.0
171741,oz,113.0
171741,roast,377.0
171742,oz,113.0
171742,steak,173.0
171743,oz,113.0
171743,steak,344.0
171744,oz,113.0
171744,roast,740.0
171745,oz,113.0
171745,roast,675.0
171746,oz,113.0
171746,roast,658.0
171747,oz,113.0
171747,roast,699.0
171748,oz,113.0
171748,roast,625.0
171749,oz,113.0
171749,roast,673.0
171750,oz,113.0
171750,steak,267.0
171751,oz,113.0
171751,steak,266.0
171752,oz,113.0
171752,steak,268.0
171753,oz,85.0
171753,roast,478.0
171754,oz,85.0
171754,roast,487.0
171755,oz,85.0
171756,oz,85.0
171757,oz,113.0
171757,steak,344.0
171758,oz,113.0
171758,steak,344.0
171759,oz,113.0
171759,steak,344.0
171760,oz,113.0
171760,roast,758.0
171762,oz,113.0
171762,steak,140.0
171763,oz,113.0
171763,steak,133.0
171764,oz,113.0
171764,steak,151.0
171765,oz,113.0
171765,roast,644.0
171766,oz,113.0
171766,steak,268.0
171767,oz,113.0
171767,steak,170.0
171768,oz,113.0
171768,steak,168.0
171769,oz,113.0
171769,steak,172.0
171770,oz,85.0
171771,oz,85.0
171772,oz,85.0
171773,oz,85.0
171774,oz,113.0
171774,steak,304.0
171775,oz,113.0
171775,steak,302.0
171776,oz,113.0
171777,oz,113.0
171778,oz,85.0
171779,oz,113.0
171780,oz,85.0
171780,lb,453.6
171781,oz,85.0
171782,oz,85.0
171782,lb,453.6
171783,oz,85.0
171783,lb,453.6
171784,oz,85.0
171784,lb,453.6
171786,oz,85.0
171786,steak,297.0
171787,oz,85.0
171787,lb,453.6
171788,oz,85.0
171788,lb,453.6
171789,oz,85.0
171789,steak,287.0
171790,oz,113.0
171791,oz,85.0
171792,oz,85.0
171793,oz,85.0
171794,oz,85.0
171794,portion ( yield from 1/2 lb raw meat ),154.0
171795,oz,85.0
171796,oz,113.0
171797,oz,85.0
171798,oz,85.0
171799,oz,85.0
171800,oz,85.0
171801,oz,85.0
171802,oz,113.0
171802,lb,453.6
171803,oz,113.0
171804,oz,113.0
171804,lb,453.6
171805,oz,85.0
171805,lb,453.6
171806,oz,85.0
171806,lb,453.6
171807,oz,85.0
171807,lb,453.6
171808,oz,85.0
171808,lb,453.6
171809,oz,85.0
171809,lb,453.6
171810,oz,113.0
171810,lb,453.6
171811,oz,85.0
171811,lb,453.6
171812,oz,113.0
171812,lb,453.6
171813,oz,85.0
171813,lb,453.6
171814,oz,113.0
171814,lb,453.6
171815,oz,85.0
171815,lb,453.6
171816,oz,113.0
171816,lb,453.6
171817,oz,85.0
171817,lb,453.6
171818,oz,85.0
171818,lb,453.6
171819,oz,113.0
171819,lb,453.6
171820,oz,113.0
171820,lb,453.6
171821,cup,223.0
171822,oz dry (half noodle block),40.0
171823,Tbsp,33.0
171824,Tbsp,30.0
171825,Tbsp,34.0
171826,tablespoons,30.0
171827,tbsp,18.0
171827,cup,144.0
171827,cup,280.0
171828,tbsp,16.0
171828,cup,148.0
171828,cup,291.0
171829,tbsp,18.0
171829,cup,138.0
171829,cup,265.0
171830,tbsp,17.0
171830,cup,137.0
171830,cup,270.0
171831,tablespoon,20.0
171831,teaspoon,6.5
171832,tbsp,36.0
171832,container (9 oz),259.0
171833,tsp,5.6
171834,tbsp,36.0
171834,container (9oz),259.0
171835,cookies,29.0
171836,cookies,25.0
171837,cookies 1 serving,31.0
171837,package (40 g),40.0
171838,crackers,14.0
171839,cake 1 serving,27.0
171840,brownie 1 serving,36.0
171841,serving,34.0
171842,cookie 1 serving,38.0
171843,serving 3 cookies,29.0
171844,piece,68.0
171845,piece,90.0
171846,crackers 1 serving,15.0
171847,cookie 1 serving,36.0
171848,package,36.0
171849,slice 1 serving,28.0
171850,slice 1 serving,38.0
171851,slice 1 serving,38.0
171852,piece bagel,81.0
171853,cup mix 1 serving,38.0
171854,serving,31.0
171855,cracker 1 serving,43.0
171856,cracker 1 serving,14.0
171857,cookies,44.0
171858,cookies,23.0
171859,cookies,30.0
171860,cookies,44.0
171861,roll,36.0
171862,roll,78.0
171863,roll,69.0
171864,roll,44.0
171865,cookie,25.0
171866,serving,40.0
171867,cookie,28.0
171868,serving cookie,48.0
171869,fl oz,30.5
171869,bottle (11 fl oz),336.0
171869,can or bottle (16 fl oz),488.0
171869,can or bottle (12 fl oz),366.0
171870,serving 8.3 fl oz can,250.0
171871,fl oz,30.8
171871,can or bottle (16 fl oz),493.0
171871,can or bottle (12 fl oz),370.0
171872,fl oz,29.4
171872,serving 5 fl oz,147.0
171873,fl oz,237.0
171874,cup dry mix,98.0
171874,cup prepared,251.0
171875,cup,253.0
171876,fl oz,29.6
171876,bottle (16 fl oz),474.0
171876,can (12 fl oz),355.0
171877,fl oz,281.0
171878,fl oz,240.0
171879,cup (8 fl oz),266.0
171880,cup,262.0
171881,cup,248.0
171882,fl oz,30.2
171882,can (5.5 oz),166.0
171883,cup,260.0
171884,fl oz,240.0
171885,cup,269.0
171886,envelope Alba (.675 oz),19.0
171886,envelope  Swiss Miss (.53 oz),15.0
171887,serving 1 envelope,20.0
171888,cup,271.0
171889,fl oz,29.6
171889,fl oz,178.0
171889,cup (8 fl oz),237.0
171890,fl oz,29.6
171890,fl oz,178.0
171890,cup (8 fl oz),237.0
171891,fl oz,29.6
171892,cup,265.0
171893,tsp,1.0
171893,packet,2.0
171894,fl oz,29.9
171894,serving 6 fl oz,179.0
171895,fl oz,249.0
171896,fl oz,237.0
171897,"tsp, rounded",1.8
171898,NLEA Serving,14.0
171899,fl oz,248.0
171900,fl oz,247.0
171901,fl oz,237.0
171902,fl oz,30.6
171902,cup (8 fl oz),245.0
171903,fl oz,31.6
171903,cup (8 fl oz),253.0
171904,fl oz,29.6
171904,cup (8 fl oz),237.0
171905,cup (8 fl oz),272.0
171906,fl oz,30.6
171906,bottle,355.0
171907,bottle,1184.0
171908,fl oz,30.3
171909,fl oz,248.0
171910,ml,240.0
171911,fl oz,473.0
171912,fl oz,35.2
171912,can (12 fl oz),423.0
171913,fl oz,31.0
171913,serving 8 fl oz,248.0
171914,fl oz,210.0
171914,cup (8 fl oz),248.0
171915,NLEA Serving,210.0
171915,ml,200.0
171916,fl oz,31.3
171916,cup (8 fl oz),250.0
171917,cup,245.0
171917,fl oz,29.6
171918,serving (3 heaping tsp),23.0
171918,cup,182.0
171919,fl oz,27.8
171919,Jigger 1.5 fl oz,42.0
171920,fl oz,27.8
171920,fl oz,42.0
171921,fl oz,31.0
171921,can or bottle (16 fl oz),492.0
171921,can (12 fl oz),369.0
171922,fl oz,29.6
171922,bottle 11.2 fl oz,331.0
171922,bottle 16.9 fl oz,500.0
171923,fl oz,237.0
171923,fl oz,355.0
171924,fl oz,29.6
171925,fl oz,29.4
171925,serving 5 fl oz,147.0
171926,fl oz,29.6
171926,serving (8 fl oz),237.0
171926,ml,1.1
171927,serving 8 oz,238.0
171928,serving 8 oz,243.0
171929,serving 8 oz,243.0
171930,serving 8 oz,243.0
171931,serving 8 oz,243.0
171932,serving 8 oz,243.0
171933,serving 8 oz,246.0
171934,serving 8 oz,246.0
171935,serving,240.0
171936,fl oz,240.0
171937,fl oz,31.0
171937,fl oz,240.0
171937,can,480.0
171938,fl oz,240.0
171939,cup,158.0
171939,can,391.0
171940,pouch,200.0
171941,cup,228.0
171942,"fl oz (approximate weight, 1 serving)",240.0
171943,oz,31.0
171943,fl oz (1 serving),246.0
171944,fl oz,240.0
171944,fl oz,31.1
171945,fl oz,237.0
171946,fl oz,237.0
171947,cup (8 fl oz),238.0
171948,oz,85.0
171948,fillet,159.0
171949,fillet,150.0
171949,oz,85.0
171950,fillet,116.0
171950,oz,85.0
171951,fillet,32.0
171951,oz,85.0
171952,oz,85.0
171952,fillet,218.0
171953,fillet,79.0
171953,oz,85.0
171954,oz,28.4
171954,oz,85.0
171955,oz,85.0
171955,fillet,231.0
171956,oz,85.0
171956,fillet,180.0
171957,fillet,87.0
171957,oz,85.0
171958,fillet,122.0
171958,oz,85.0
171959,oz,85.0
171959,fillet,204.0
171960,oz,85.0
171960,fillet,198.0
171961,piece,42.0
171962,oz,85.0
171962,fillet,259.0
171963,oz,85.0
171963,fillet,202.0
171965,oz,85.0
171965,fillet,204.0
171966,cup,135.0
171966,oz,28.4
171966,"can (6.5 oz), drained",125.0
171966,oz,85.0
171967,cake,60.0
171968,oz,85.0
171968,crab,163.0
171969,oz,85.0
171970,oz,85.0
171970,large,30.0
171971,oz,85.0
171971,large,22.0
171972,cup,128.0
171972,oz,28.4
171972,"can (4.5 oz), drained",128.0
171972,shrimp,32.0
171972,oz,85.0
171973,oz,85.0
171974,oz,85.0
171974,small,188.0
171975,oz,85.0
171975,small,190.0
171976,oz,85.0
171976,cup,160.0
171977,oz,85.0
171977,cup,240.0
171978,medium,84.0
171978,cup,248.0
171979,oz,85.0
171979,medium,88.0
171980,oz,85.0
171980,medium,42.0
171981,oz,85.0
171981,"cup, undrained",248.0
171981,"oz, drained",23.0
171981,"can (12 oz), oysters and liquid",272.0
171981,oyster,8.0
171981,"cup, drained",162.0
171982,oz,85.0
171983,oz,85.0
171984,oz,85.0
171985,oz,28.4
171985,oz,85.0
171986,oz,85.0
171986,can,165.0
171987,oz,85.0
171987,can,178.0
171988,oz,85.0
171988,can,172.0
171989,fillet,62.0
171989,oz,85.0
171990,fillet,90.0
171990,oz,85.0
171991,fillet,95.0
171991,oz,85.0
171992,oz,85.0
171992,fillet,159.0
171993,oz,85.0
171993,fillet,154.0
171994,"oz, boneless",28.4
171994,"cubic inch, boneless",17.0
171994,fillet,176.0
171994,oz,85.0
171995,oz,85.0
171996,oz,85.0
171997,fillet,124.0
171997,oz,85.0
171998,oz,85.0
171998,fillet,154.0
171999,oz,85.0
171999,fillet,154.0
172000,oz,85.0
172000,fillet,154.0
172001,oz,85.0
172001,fillet,124.0
172002,fillet,124.0
172002,oz,85.0
172003,fillet,37.0
172003,oz,85.0
172004,fillet,62.0
172004,oz,85.0
172005,oz,85.0
172005,fillet,154.0
172006,oz,85.0
172007,oz,85.0
172007,crab,127.0
172008,oz,85.0
172009,oz,85.0
172009,lobster,163.0
172010,oz,85.0
172011,oz,56.0
172012,slice,30.0
172012,serving,28.0
172013,oz,100.0
172014,cup spaghetti not packed,124.0
172014,cup spaghetti packed,151.0
172014,cup elbows not packed,120.0
172014,cup elbows packed,132.0
172014,cup penne,107.0
172014,cup rotini,107.0
172014,cup farfalle,107.0
172014,cup shells,105.0
172014,cup lasagne,116.0
172015,cup,157.0
172023,cup,119.0
172024,cup spaghetti not packed,116.0
172024,cup spaghetti packed,151.0
172024,cup elbows,117.0
172024,cup farfalle,107.0
172024,cup penne,97.0
172024,cup shells,105.0
172024,cup lasagne,116.0
172024,cup rotini,107.0
172025,cup spaghetti,91.0
172025,cup elbows,122.0
172025,cup penne,95.0
172025,cup farfalle,81.0
172025,cup rotini,96.0
172025,cup shells,64.0
172025,cup lasagne,90.0
172026,cup spaghetti not packed,169.0
172026,cup penne not packed,131.0
172026,cup fettucini not packed,153.0
172026,cup spirals not packed,136.0
172026,cup elbows not packed,131.0
172026,cup shells not packed,156.0
172027,cup spaghetti packed,166.0
172027,cup(not packed) not packed,132.0
172027,cup elbows not packed not packed,111.0
172028,item,162.0
172029,item,145.0
172030,biscuit,162.0
172031,item,111.0
172032,item,108.0
172033,sandwich,126.0
172034,item,165.0
172035,pieces,65.0
172035,pieces,109.0
172036,sundae,153.0
172037,pieces shrimp,39.0
172038,pieces,217.0
172039,each burrito,185.0
172040,slice,96.0
172040,pizza,738.0
172041,slice,100.0
172041,pizza,728.0
172042,slice,69.0
172042,pizza,573.0
172043,slice,70.0
172043,pizza,540.0
172044,slice,113.0
172044,pizza,907.0
172045,slice,123.0
172045,pizza,984.0
172046,slice,151.0
172046,pizza,1224.0
172047,slice,89.0
172047,pie,758.0
172048,slice,90.0
172048,pie,852.0
172049,slice,115.0
172049,pie,1043.0
172050,slice,102.0
172050,pie,919.0
172051,slice,79.0
172051,pizza,641.0
172052,slice,110.0
172052,pizza,883.0
172053,slice,113.0
172053,pizza,909.0
172054,slice,123.0
172054,pizza,1313.0
172055,slice,136.0
172055,pie,1168.0
172056,item,199.0
172057,item,135.0
172058,item 6.1 oz,174.0
172059,item,135.0
172060,item 7 oz,199.0
172061,item (3.2 oz),90.0
172062,item (6.3 oz),178.0
172063,burrito,109.0
172064,item 9.5 oz,269.0
172065,sandwich,155.0
172066,item,280.0
172067,item,200.0
172068,item 5.8 oz,165.0
172069,item 4.9 oz,142.0
172070,item 4.1 oz,117.0
172071,item 5.7 oz,163.0
172072,item 11.3 oz,319.0
172073,item 7.8 oz,223.0
172074,item 3.1 oz,87.0
172075,item 5.2 oz,149.0
172076,item,110.0
172077,stick,21.0
172077,serving 5 sticks,107.0
172078,piece,5.6
172078,serving,160.0
172079,each,25.0
172080,item,374.0
172081,sandwich,215.0
172082,item,199.0
172083,item,355.0
172084,item,219.0
172085,fl oz cup,337.0
172086,biscuit,60.0
172087,package,120.0
172087,cup,190.0
172088,strip,54.0
172089,serving,283.0
172089,oz,28.4
172090,serving,269.0
172090,oz,28.4
172091,serving (1 cup),252.0
172092,package yields,397.0
172092,serving,397.0
172093,"pie, cooked (average weight)",268.0
172094,cup,81.0
172095,"slice 1/8 of 12"" pizza",103.0
172095,"slice 1/8 of 14"" pizza",127.0
172096,"pizza 12"" diameter",127.0
172096,"pizza 12"" diameter",532.0
172097,cup,242.0
172098,cup,240.0
172099,cup,246.0
172099,can,411.0
172100,serving (1 NLEA serving),252.0
172100,cup,238.0
172101,package,309.0
172101,oz,28.4
172102,burrito cooked,116.0
172102,oz,28.4
172103,roll,85.0
172103,oz,28.4
172104,roll,80.0
172104,oz,28.4
172105,egg roll,68.0
172105,oz,28.4
172106,serving,227.0
172106,cup,226.0
172106,oz,28.4
172107,hot pocket (1 NLEA serving),127.0
172108,hot pocket (1 NLEA serving),127.0
172108,each (analytical measurement),129.0
172109,each,128.0
172110,cup,244.0
172110,container,422.0
172111,serving,87.0
172111,piece,18.0
172112,serving,82.0
172112,piece,20.0
172113,cup,159.0
172114,piece side,123.0
172114,piece corner,114.0
172114,piece center,255.0
172115,oz,85.0
172115,steak,421.0
172116,oz,113.0
172116,steak,526.0
172117,oz,85.0
172117,steak,426.0
172118,oz,113.0
172118,steak,460.0
172119,oz,85.0
172119,steak,141.0
172120,oz,113.0
172120,steak,200.0
172121,oz,85.0
172121,steak,174.0
172122,oz,113.0
172122,medallion,40.0
172123,oz,113.0
172123,steak,233.0
172124,oz,85.0
172124,steak,179.0
172125,oz,113.0
172125,steak,254.0
172126,oz,85.0
172126,steak,193.0
172127,oz,85.0
172127,steak,160.0
172128,oz,113.0
172128,steak,293.0
172129,oz,85.0
172129,steak,225.0
172130,oz,113.0
172130,steak,324.0
172131,oz,85.0
172131,steak,168.0
172132,oz,113.0
172132,steak,241.0
172133,oz,85.0
172133,steak,184.0
172134,oz,113.0
172134,steak,250.0
172135,oz,85.0
172135,steak,236.0
172136,oz,85.0
172136,medallion,34.0
172137,oz,113.0
172137,steak,388.0
172138,oz,85.0
172138,steak,250.0
172139,oz,113.0
172139,steak,373.0
172140,oz,85.0
172140,steak,174.0
172141,oz,113.0
172141,steak,264.0
172142,oz,85.0
172143,oz,113.0
172144,oz,85.0
172144,steak,242.0
172145,oz,113.0
172145,ribs,1587.0
172146,oz,85.0
172146,ribs,1197.0
172147,oz,113.0
172147,ribs,1604.0
172148,oz,85.0
172148,ribs,1102.0
172149,oz,85.0
172149,roast,2259.0
172150,oz,85.0
172150,roast,2130.0
172151,oz,113.0
172151,steak,462.0
172151,roast,2627.0
172152,oz,113.0
172152,steak,456.0
172152,roast,2674.0
172153,oz,85.0
172153,roast,1601.0
172154,oz,85.0
172154,roast,1555.0
172155,oz,85.0
172155,roast,1669.0
172156,oz,113.0
172156,steak,361.0
172156,roast,2155.0
172157,oz,85.0
172157,steak,250.0
172158,oz,113.0
172158,steak,382.0
172159,oz,113.0
172159,steak,388.0
172160,oz,113.0
172160,steak,373.0
172161,oz,85.0
172162,oz,113.0
172162,steak,268.0
172163,oz,113.0
172163,steak,264.0
172164,oz,85.0
172164,steak,251.0
172165,oz,85.0
172165,steak,242.0
172166,oz,85.0
172166,ribs,1159.0
172167,oz,85.0
172167,ribs,1197.0
172168,oz,85.0
172168,ribs,1102.0
172169,oz,113.0
172169,ribs,1587.0
172170,oz,85.0
172170,steak,161.0
172171,oz,85.0
172171,steak,165.0
172172,oz,85.0
172172,steak,156.0
172173,oz,113.0
172173,steak,223.0
172174,oz,113.0
172174,steak,238.0
172175,oz,28.4
172175,cubic inch,17.0
172175,"cup, crumbled, not packed",135.0
172176,"cup, diced",132.0
172176,"cup, shredded",113.0
172176,oz,28.4
172176,cubic inch,17.0
172176,slice (1 oz),28.0
172177,oz,28.4
172177,"cup, sliced",144.0
172177,"cup, melted",240.0
172177,cubic inch,17.0
172177,package (4.5 oz),128.0
172178,oz,28.4
172178,cup,246.0
172178,cubic inch,17.0
172178,wedge (1.33 oz),38.0
172179,oz,113.0
172179,"cup, large curd (not packed)",210.0
172179,"cup, small curd (not packed)",225.0
172180,oz,113.0
172180,cup (not packed),226.0
172181,cup (not packed),145.0
172181,oz,113.0
172183,large,33.0
172183,cup,243.0
172184,large,17.0
172184,cup,243.0
172185,tbsp,15.0
172185,large,61.0
172186,large,50.0
172187,large,61.0
172187,tbsp,13.7
172187,cup,220.0
172189,egg,70.0
172190,egg,144.0
172191,egg,9.0
172192,egg,79.0
172193,cup,245.0
172193,quart,980.0
172194,fl oz,31.5
172194,cup,126.0
172195,cup,30.0
172195,cup,120.0
172196,cup,68.0
172196,envelope (1-1/3 cup),91.0
172197,oz,28.4
172198,"cup, shredded",113.0
172198,oz,28.4
172198,cubic inch,18.0
172198,slice,28.0
172198,oz,85.0
172200,tbsp,30.0
172200,cup,243.0
172201,"cup, crumbled",132.0
172201,oz,28.4
172202,oz,28.0
172205,cup,246.0
172205,quart,984.0
172206,tablespoon,5.0
172207,tbsp,18.0
172208,container (6 oz),170.0
172209,tbsp,33.0
172210,tbsp,31.0
172211,tbsp,32.0
172212,tbsp,29.0
172212,pint,484.0
172213,tablespoon,4.0
172213,cup,75.0
172214,tsp,12.0
172215,"cup, diced",132.0
172215,oz,28.4
172215,"cup, shredded",113.0
172215,cubic inch,14.3
172215,slice (1 oz),28.0
172215,package (6 oz),170.0
172216,oz,28.4
172216,cup,28.0
172217,cup,244.0
172217,tbsp,15.0
172217,fl oz,30.5
172217,quart,976.0
172218,container (6 oz),170.0
172218,cup (8 fl oz),245.0
172218,container (8 oz),227.0
172219,container (6 oz),170.0
172219,container (8 oz),227.0
172219,container (4 oz),113.0
172219,cup (8 fl oz),245.0
172220,container (6 oz),170.0
172221,container (6 oz),170.0
172223,"cup, crumbled",122.0
172224,"cup, crumbled",118.0
172225,cup,245.0
172226,serving,70.0
172227,serving,82.0
172228,unit,96.0
172229,serving,70.0
172230,serving,70.0
172231,tsp,3.0
172231,tbsp,9.4
172232,leaves,2.5
172232,"tbsp, chopped",5.3
172232,"cup leaves, whole",6.0
172233,sprigs,1.0
172233,cup sprigs,8.9
172235,tsp,4.2
172235,tbsp,13.0
172236,tsp,4.2
172236,tbsp,13.0
172237,tbsp,14.9
172237,cup,238.0
172237,tsp,5.0
172238,"tbsp, drained",8.6
172239,tsp,0.5
172239,tbsp,1.6
172240,tbsp,14.9
172240,cup,239.0
172240,tsp,5.0
172241,tbsp,16.0
172241,cup,255.0
172241,tsp,5.3
172242,tsp,1.0
172243,tsp,5.7
172244,oz,28.4
172244,tbsp,14.7
172244,jar,71.0
172245,tbsp,16.0
172245,oz,28.4
172245,jar,71.0
172246,oz,28.4
172246,jar,71.0
172247,tbsp,15.0
172247,oz,28.4
172247,jar,71.0
172247,jar Gerber Second Foods (2.5 oz),71.0
172248,tbsp,15.0
172248,oz,28.4
172248,jar,71.0
172248,jar Gerber Third Foods (2.5 oz),71.0
172248,jar Heinz Junior-3 (2.5 oz),71.0
172249,stick,10.0
172249,jar,71.0
172249,jar Gerber Graduate (2.5 oz),71.0
172250,tbsp,15.0
172250,oz,28.4
172250,jar,71.0
172250,jar Beech-Nut Stage 1 (2.5 oz),71.0
172250,jar Gerber Second Foods (2.5 oz),71.0
172250,jar Heinz Strained-2 (2.5 oz),71.0
172251,tbsp,19.0
172251,container,68.0
172252,cup,7.0
172253,serving,113.0
172254,serving,170.0
172255,serving,88.0
172256,oz,28.4
172256,jar,113.0
172257,tbsp,16.0
172257,piece,8.0
172258,tbsp,16.0
172258,oz,28.4
172258,jar,113.0
172258,jar Gerber Second Food (4 oz),113.0
172258,jar Beech-Nut Stage 2 (4 oz),113.0
172258,jar Heinz Strained-2 (4 oz),113.0
172259,container,113.0
172260,oz,28.4
172260,jar,170.0
172261,jar Beech-Nut Stage 2 (4 oz),113.0
172262,oz,28.4
172262,jar,170.0
172263,tbsp,16.0
172263,oz,28.4
172263,jar,113.0
172263,jar Gerber Second Food (4 oz),113.0
172263,jar Beech-Nut Stage 2 (4 oz),113.0
172263,jar Heinz Strained-2 (4 oz),113.0
172264,tbsp,16.0
172264,oz,28.4
172264,jar,170.0
172264,jar Beech-Nut Stage 3 (6 oz),170.0
172264,jar Gerber Third Foods (6 oz),170.0
172264,jar Heinz Junior-3 (6 oz),170.0
172265,oz,28.4
172265,jar,170.0
172266,"jar, Gerber (4 oz)",113.0
172267,oz,28.4
172267,jar,113.0
172268,oz,28.4
172268,jar,170.0
172269,tbsp,16.0
172269,oz,28.4
172269,jar,113.0
172269,jar Gerber Second Food (4 oz),113.0
172269,jar Beech-Nut Stage 2 (4 oz),113.0
172269,jar Heinz Strained-2 (4 oz),113.0
172270,oz,28.4
172270,jar,170.0
172271,cup,240.0
172271,tbsp,15.0
172271,oz,28.4
172271,jar,113.0
172271,jar Beech-Nut Stage I (4 oz),113.0
172271,jar Gerber First Foods (2.5 oz),71.0
172271,jar Gerber Second Food (4 oz),113.0
172271,jar Heinz Strained-2 (4 oz),113.0
172271,jar Heinz Beginner-1 (2.5 oz),71.0
172272,cup,240.0
172272,tbsp,15.0
172272,oz,28.4
172272,jar,170.0
172272,jar Beech-Nut Stage 3 (6 oz),170.0
172273,oz,28.4
172273,jar,128.0
172274,tbsp,16.0
172274,oz,28.4
172274,jar,113.0
172275,tbsp,16.0
172275,oz,28.4
172275,jar,99.0
172275,container,67.0
172276,cup,224.0
172276,tbsp,14.0
172276,oz,28.4
172276,jar,113.0
172276,jar Beech-Nut Baby's First (2.5 oz),71.0
172276,jar Beech-Nut Stage I (4 oz),113.0
172276,jar Gerber First Foods (2.5 oz),71.0
172276,jar Earth's Best (4.5 oz),128.0
172276,jar Gerber Second Food (4 oz),113.0
172276,jar Heinz Strained-2 (4 oz),113.0
172276,jar Heinz Beginner-1 (2.5 oz),71.0
172277,cup,224.0
172277,tbsp,14.0
172277,oz,28.4
172277,jar,170.0
172277,jar Beech-Nut Stage 3 (6 oz),170.0
172277,jar Gerber Third Foods (6 oz),170.0
172277,jar Heinz Junior-3 (6 oz),170.0
172278,tbsp,16.0
172278,oz,28.4
172278,jar,170.0
172278,jar Beech-Nut Stage 3 (6 oz),170.0
172278,jar Gerber Third Foods (6 oz),170.0
172278,jar Heinz Junior-3 (6 oz),170.0
172279,tbsp,15.0
172279,oz,28.4
172279,jar,113.0
172279,jar Gerber Second Food (4 oz),113.0
172279,jar Heinz Strained-2 (4.25 oz),120.0
172280,jar,113.0
172280,tbsp,15.0
172280,oz,28.4
172280,cup,240.0
172280,jar Gerber Second Food (4 oz),113.0
172280,jar Beech-Nut Stage 2 (4 oz),113.0
172280,jar Heinz Strained-2 (4 oz),113.0
172281,serving,99.0
172282,tbsp,15.0
172282,oz,28.4
172282,jar,170.0
172282,jar Gerber Third Foods (6 oz),170.0
172282,jar Heinz Junior-3 (6 oz),170.0
172283,serving 3.5 oz serving,99.0
172283,tbsp,15.0
172283,oz,28.4
172283,cup,240.0
172283,package 7 oz,198.0
172284,oz,28.4
172284,jar,113.0
172285,oz,28.4
172285,jar Earth's Best,113.0
172286,oz,28.4
172286,jar Beech nut,170.0
172287,oz,28.4
172287,jar,113.0
172287,jar Gerber Second Food (4 oz),113.0
172287,jar Beech-Nut Stage 2 (4 oz),113.0
172287,jar Heinz Strained-2 (4 oz),113.0
172288,tbsp,29.0
172288,container,162.0
172289,fl oz,30.4
172290,fl oz,30.5
172291,serving,8.7
172292,scoop,8.7
172293,ml,104.0
172294,scoop,7.2
172295,ml,103.0
172296,oz,28.4
172297,oz,28.4
172298,oz,28.4
172299,oz,28.4
172300,oz,28.4
172301,scoop,8.3
172302,scope,8.8
172302,scoop,8.5
172303,fl oz,31.3
172304,serving 100 ml,106.0
172304,fl oz,30.5
172305,serving 100 ml,106.0
172305,fl oz,30.5
172306,serving 100 ml,106.0
172306,fl oz,30.5
172307,scoop,8.7
172308,scoop,9.0
172309,serving 100 ml,107.0
172309,fl oz,30.5
172310,fl oz,30.5
172311,scoop,9.9
172312,fl oz,31.4
172313,fl oz,31.0
172314,scoop,28.0
172315,serving 100 ml,103.0
172315,fl oz,30.5
172316,scoop,9.4
172317,oz,28.4
172318,fl oz,30.5
172319,fl oz,30.4
172320,fl oz,31.4
172321,serving 100 ml,106.0
172321,fl oz,30.5
172322,scoop,9.0
172322,serving 100 ml,106.0
172323,fl oz,30.5
172324,fl oz,30.5
172325,fl oz,30.5
172326,fl oz,31.4
172327,tablespoon,12.8
172327,cup,205.0
172328,tbsp,13.6
172328,cup,218.0
172328,tsp,4.5
172329,tablespoon,12.8
172329,cup,205.0
172330,tbsp,12.8
172330,cup,205.0
172331,tbsp,12.8
172331,cup,205.0
172332,tbsp,12.8
172332,cup,205.0
172333,tbsp,12.8
172333,cup,205.0
172334,tbsp,13.6
172334,cup,218.0
172335,tbsp,13.6
172335,cup,218.0
172335,tsp,4.5
172336,tbsp,14.0
172336,cup,218.0
172336,tsp,4.5
172337,tbsp,14.0
172337,cup,218.0
172337,tsp,4.5
172338,tbsp,14.0
172338,cup,218.0
172338,tsp,4.5
172339,tbsp,14.1
172339,cup,227.0
172339,tsp,4.7
172339,stick,111.0
172340,tbsp,13.6
172340,tsp,4.5
172340,cup,218.0
172341,tbsp,13.6
172341,tsp,4.5
172341,cup,218.0
172342,tbsp,12.5
172342,tsp,4.5
172342,cup,205.0
172343,tbsp,13.6
172343,tsp,4.5
172343,cup,218.0
172344,tablespoon,14.0
172345,tsp,4.3
172346,tbsp,14.0
172346,cup,227.0
172346,tsp,4.7
172346,"pat (1"" sq, 1/3"" high)",5.0
172346,stick,113.0
172347,tbsp,14.2
172347,cup,227.0
172348,tbsp,14.3
172348,cup,229.0
172348,tsp,4.8
172349,tbsp,14.2
172349,cup,227.0
172350,tbsp,14.0
172351,tbsp,15.0
172352,tablespoon,14.0
172353,tbsp,14.6
172353,cup,233.0
172354,tbsp,15.0
172354,cup,240.0
172355,tbsp,12.8
172355,cup,205.0
172356,tbsp,16.0
172356,cup,256.0
172357,tablespoon,13.6
172357,teaspoon,4.5
172357,cup,218.0
172358,tablespoon,13.6
172358,cup,218.0
172359,tablespoon,13.6
172359,teaspoon,4.5
172359,cup,218.0
172360,tablespoon,13.6
172360,teaspoon,4.5
172360,cup,218.0
172361,tbsp,13.6
172361,cup,218.0
172361,tsp,4.5
172362,tbsp,13.6
172362,cup,218.0
172362,tsp,4.5
172363,tbsp,13.6
172363,cup,218.0
172363,tsp,4.5
172364,tbsp,13.6
172364,cup,218.0
172364,tsp,4.5
172365,tbsp,13.6
172365,cup,218.0
172365,tsp,4.5
172366,tbsp,13.6
172366,cup,218.0
172366,tsp,4.5
172367,tbsp,13.6
172367,cup,218.0
172367,tsp,4.5
172368,tbsp,13.6
172368,cup,218.0
172368,tsp,4.5
172369,tbsp,14.0
172369,cup,227.0
172369,tsp,4.7
172370,tablespoon,13.6
172370,cup,218.0
172370,teaspoon,4.5
172371,tablespoon,14.0
172372,tbsp,14.0
172373,oz,113.0
172373,drumstick with skin,133.0
172373,drumstick,130.0
172374,unit (yield from 1 lb ready-to-cook chicken),43.0
172374,"drumstick, bone removed",72.0
172375,unit (yield from 1 lb ready-to-cook chicken),25.0
172375,"drumstick, bone and skin removed",42.0
172376,oz,85.0
172376,drumstick without skin,96.0
172376,drumstick with skin,105.0
172377,oz,85.0
172377,"drumstick, bone and skin removed",46.0
172377,"cup, chopped or diced",160.0
172377,unit (yield from 1 lb ready-to-cook chicken),28.0
172378,oz,113.0
172378,"leg, with skin (Sum of drumstick+thigh+back)",344.0
172378,drumstick with skin,111.0
172378,thigh with skin,185.0
172378,back with skin,49.0
172379,unit (yield from 1 lb ready-to-cook chicken),56.0
172379,"leg, bone and skin removed",94.0
172380,oz,85.0
172380,leg (Sum of drumstick+thigh+back meat only),199.0
172380,drumstick bone and skin,105.0
172380,thigh bone and skin,72.0
172380,back bone and skin,22.0
172381,oz,85.0
172381,"cup, chopped or diced",160.0
172381,unit (yield from 1 lb ready-to-cook chicken),60.0
172381,"leg, bone and skin removed",101.0
172382,unit (yield from 1 lb ready-to-cook chicken),15.0
172382,"neck, bone removed",50.0
172383,unit (yield from 1 lb ready-to-cook chicken),7.0
172383,"neck, bone and skin removed",22.0
172384,oz,85.0
172384,unit (yield from 1 lb ready-to-cook chicken),5.0
172384,"neck, bone and skin removed",18.0
172385,oz,113.0
172385,thigh with skin,193.0
172386,unit (yield from 1 lb ready-to-cook chicken),52.0
172386,"thigh, bone removed",86.0
172387,oz,85.0
172387,unit (yield from 1 lb ready-to-cook chicken),31.0
172387,"thigh, bone and skin removed",52.0
172388,oz,85.0
172388,thigh without skin,116.0
172388,thigh with skin,137.0
172389,"cup, chopped or diced",140.0
172389,unit (yield from 1 lb ready-to-cook chicken),33.0
172389,"thigh, bone and skin removed",55.0
172390,oz,113.0
172390,piece,107.0
172390,package,1150.0
172391,oz,85.0
172391,unit (yield from 1 lb ready-to-cook chicken),12.0
172391,"wing, bone and skin removed",20.0
172392,unit (yield from 1 lb ready-to-cook chicken),13.0
172392,"wing, bone and skin removed",21.0
172393,oz,85.0
172393,"cup, chopped or diced",140.0
172393,unit (yield from 1 lb ready-to-cook chicken),14.0
172393,"wing, bone and skin removed",24.0
172394,oz,85.0
172394,chicken,1509.0
172395,"cup, chopped or diced",140.0
172395,unit (yield from 1 lb ready-to-cook chicken),171.0
172396,unit (yield from 1 lb ready-to-cook chicken),25.0
172396,giblets,113.0
172397,"cup, chopped or diced",145.0
172397,unit (yield from 1 lb ready-to-cook chicken),15.0
172398,unit (yield from 1 lb ready-to-cook chicken),99.0
172398,"chicken, bone and skin removed",220.0
172399,oz,85.0
172399,"cup, chopped or diced",160.0
172399,unit (yield from 1 lb ready-to-cook chicken),202.0
172399,"chicken, bone removed",593.0
172400,oz,85.0
172400,unit (yield from 1 lb ready-to-cook chicken),271.0
172400,"chicken, bone removed",398.0
172401,oz,85.0
172401,unit (yield from 1 lb ready-to-cook chicken),178.0
172401,"chicken, bone removed",261.0
172402,oz,113.0
172402,unit (yield from 1 lb ready-to-cook chicken),194.0
172402,"chicken, bone and skin removed",284.0
172403,oz,85.0
172403,"cup, chopped or diced",140.0
172403,unit (yield from 1 lb ready-to-cook chicken),137.0
172404,unit (yield from 1 lb ready-to-cook chicken),105.0
172404,"chicken, bone and skin removed",154.0
172405,"cup, chopped or diced",140.0
172405,unit (yield from 1 lb ready-to-cook chicken),73.0
172406,oz,85.0
172406,capon,2152.0
172407,oz,85.0
172407,capon,1418.0
172407,unit (yield from 1 lb ready-to cook capon),218.0
172408,oz,85.0
172408,unit (yield from 1 lb ready-to-cook duck),287.0
172408,duck,634.0
172409,"cup, chopped or diced",140.0
172409,unit (yield from 1 lb ready-to-cook duck),173.0
172409,duck,382.0
172410,unit (yield from 1 lb ready-to-cook duck),137.0
172410,duck,303.0
172411,"cup, chopped or diced",140.0
172411,unit (yield from 1 lb ready-to-cook duck),100.0
172411,duck,221.0
172412,"cup, chopped or diced",140.0
172412,unit (yield from 1 lb ready-to-cook goose),188.0
172412,goose,774.0
172413,oz,85.0
172413,unit (yield from 1 lb ready-to-cook goose),185.0
172413,goose,766.0
172414,unit (yield from 1 lb ready-to-cook goose),143.0
172414,goose,591.0
172415,liver,94.0
172415,unit (yield from 1 lb ready-to-cook goose),11.0
172416,oz,85.0
172416,unit (yield from 1 lb ready-to-cook guinea),359.0
172416,guinea,345.0
172417,unit (yield from 1 lb ready-to-eat pheasant),99.0
172417,"leg, bone and skin removed",107.0
172418,quail,109.0
172418,unit (yield from 1 lb ready-to cook quail),405.0
172419,quail,92.0
172419,unit (yield from 1 lb ready-to cook quail),342.0
172420,cup,192.0
172420,tablespoon,12.0
172421,cup,198.0
172421,tbsp,12.3
172422,cup,182.0
172423,cup,180.0
172424,cup,166.0
172425,cup,196.0
172426,cup,177.0
172427,cup,180.0
172427,"oz dry, yield after cooking",69.0
172428,cup,196.0
172429,cup,196.0
172429,tbsp,12.2
172430,oz,28.4
172430,cup,146.0
172431,cup,147.0
172431,oz,28.4
172432,cup,146.0
172432,oz,28.4
172433,cup,144.0
172433,oz,28.4
172434,cup,146.0
172434,oz,28.4
172435,cup,60.0
172435,oz,28.4
172436,cup,205.0
172437,cup,168.0
172438,cup,238.0
172438,can,442.0
172439,cup,144.0
172439,"oz cooked, yield",16.0
172439,strip,5.0
172440,cup,172.0
172441,cup,93.0
172442,tbsp,17.0
172442,cup,275.0
172443,cup,175.0
172444,"cup, stirred",88.0
172444,tbsp,5.5
172445,cup,122.0
172446,cup,243.0
172446,fl oz,30.6
172447,oz,28.4
172448,cup,126.0
172448,block,81.0
172448,block,91.0
172449,"piece (2-1/2"" x 2-3/4"" x 1"")",120.0
172449,"cup (1/2"" cubes)",248.0
172449,cubic inch,18.0
172449,block,116.0
172449,block,90.0
172450,piece,17.0
172451,oz,28.4
172451,piece,13.0
172452,cup,122.0
172453,cup,172.0
172454,tablespoon,15.0
172454,cup,246.0
172455,"patty (approx 2-1/4"" dia)",17.0
172456,cup,243.0
172456,fl oz,30.6
172457,tbsp,31.0
172458,tablespoon,36.0
172459,tbsp,32.0
172459,cup,258.0
172460,tbsp,32.0
172460,cup,258.0
172461,slice,84.0
172462,slice,84.0
172463,slice,84.0
172464,slice,84.0
172465,cup,231.0
172465,can,445.0
172466,cup,233.0
172466,tbsp,15.0
172468,package,79.0
172469,tbsp,32.0
172469,cup,258.0
172470,tbsp,32.0
172470,cup,258.0
172471,tbsp,16.0
172472,cup,168.0
172473,tbsp,14.2
172473,tsp,4.5
172473,cup,255.0
172474,tbsp,15.0
172474,tsp,4.9
172474,cup,58.0
172475,cup,126.0
172475,block,81.0
172476,cup,124.0
172476,block,116.0
172477,cup,172.0
172478,oz,113.0
172478,roast with bone,325.0
172479,oz,28.4
172479,lb,453.6
172480,oz,85.0
172480,"piece, cooked, excluding refuse (yield from 1 lb raw meat with refuse)",242.0
172481,oz,28.4
172481,lb,453.6
172482,"piece, cooked, excluding refuse (yield from 1 lb raw meat with refuse)",148.0
172482,oz,85.0
172483,oz,28.4
172483,lb,453.6
172484,"piece, cooked, excluding refuse (yield from 1 lb raw meat with refuse)",128.0
172484,oz,85.0
172485,oz,85.0
172485,"piece, cooked, excluding refuse (yield from 1 lb raw meat with refuse)",269.0
172486,oz,28.4
172486,lb,453.6
172487,oz,85.0
172487,"piece, cooked, excluding refuse (yield from 1 lb raw meat with refuse)",238.0
172488,oz,28.4
172488,lb,453.6
172489,oz,85.0
172489,"chop, excluding refuse (yield from 1 raw chop, with refuse, weighing 120 g)",64.0
172490,oz,85.0
172490,"piece, cooked, excluding refuse (yield from 1 lb raw meat with refuse)",269.0
172491,oz,28.4
172491,"chop, excluding refuse (yield from 1 raw chop, with refuse, weighing 120 g)",65.0
172492,oz,85.0
172492,"chop, excluding refuse (yield from 1 raw chop, with refuse, weighing 120 g)",46.0
172493,oz,28.4
172493,lb,453.6
172494,"piece, cooked, excluding refuse (yield from 1 lb raw meat with refuse)",147.0
172494,oz,85.0
172495,oz,85.0
172495,"piece, cooked, excluding refuse (yield from 1 lb raw meat with refuse)",159.0
172496,oz,113.0
172496,lb,453.6
172497,oz,85.0
172497,"piece, cooked, excluding refuse (yield from 1 lb raw meat with refuse)",218.0
172498,oz,85.0
172498,"piece, cooked, excluding refuse (yield from 1 lb raw meat with refuse)",202.0
172499,oz,85.0
172499,"piece, cooked, excluding refuse (yield from 1 lb raw meat with refuse)",217.0
172500,oz,28.4
172500,"chop, excluding refuse (yield from 1 raw chop, with refuse, weighing 160 g)",133.0
172501,oz,85.0
172501,"chop, excluding refuse (yield from 1 raw chop, with refuse, weighing 160 g)",70.0
172502,oz,85.0
172502,"chop, excluding refuse (yield from 1 raw chop, with refuse, weighing 160 g)",74.0
172503,oz,85.0
172503,"piece, cooked, excluding refuse (yield from 1 lb raw meat with refuse)",224.0
172504,oz,28.4
172504,lb,453.6
172505,oz,85.0
172505,"piece, cooked, excluding refuse (yield from 1 lb raw meat with refuse)",209.0
172506,oz,85.0
172506,"piece, cooked, excluding refuse (yield from 1 lb raw meat with refuse)",207.0
172507,oz,85.0
172507,"piece, cooked, excluding refuse (yield from 1 lb raw meat with refuse)",210.0
172508,oz,28.4
172508,lb,453.6
172509,oz,85.0
172509,"unit, cooked (yield from 1 lb raw meat)",272.0
172510,oz,85.0
172510,"unit, cooked (yield from 1 lb raw meat)",327.0
172511,oz,28.4
172511,lb,453.6
172512,oz,85.0
172512,"unit, cooked (yield from 1 lb raw meat)",286.0
172513,oz,113.0
172513,serving,115.0
172514,oz,85.0
172514,serving,85.0
172515,oz,113.0
172515,serving,115.0
172516,oz,85.0
172516,"piece, cooked, excluding refuse (yield from 1 lb raw meat with refuse)",218.0
172517,oz,113.0
172517,serving,115.0
172518,oz,28.4
172518,lb,453.6
172519,oz,85.0
172519,"piece, cooked (yield from 1 lb raw meat, boneless)",313.0
172520,oz,85.0
172520,"piece, cooked (yield from 1 lb raw meat, boneless)",399.0
172521,oz,28.4
172521,lb,453.6
172522,oz,85.0
172522,"piece, cooked (yield from 1 lb raw meat, boneless)",313.0
172523,oz,28.4
172523,lb,453.6
172524,oz,85.0
172524,"piece, cooked (yield from 1 lb raw meat, boneless)",313.0
172525,oz,28.4
172525,oz,113.0
172526,oz,85.0
172526,"unit, cooked (yield from 1 lb raw meat)",347.0
172527,oz,28.4
172527,oz,113.0
172528,oz,85.0
172528,"unit, cooked (yield from 1 lb raw meat)",191.0
172529,oz,28.4
172529,oz,113.0
172530,oz,85.0
172530,"unit, cooked (yield from 1 lb raw meat)",198.0
172531,oz,28.4
172531,oz,113.0
172532,oz,85.0
172532,"unit, cooked (yield from 1 lb raw meat)",336.0
172533,oz,85.0
172533,"unit, cooked (yield from 1 lb raw meat)",322.0
172534,oz,113.0
172534,lb,453.0
172535,oz,85.0
172535,slice,80.0
172536,oz,85.0
172536,"unit, cooked (yield from 1 lb raw meat)",300.0
172537,oz,28.4
172537,oz,227.0
172538,oz,28.4
172538,oz,113.0
172539,oz,85.0
172539,"unit, cooked (yield from 1 lb raw meat)",231.0
172540,oz,28.4
172540,oz,113.0
172541,oz,85.0
172541,"unit, cooked (yield from 1 lb raw meat)",345.0
172542,oz,28.4
172542,oz,113.0
172543,oz,85.0
172544,oz,85.0
172544,"unit, cooked (yield from 1 lb raw meat)",313.0
172545,oz,28.4
172545,lb,453.6
172546,oz,85.0
172546,"piece, cooked, excluding refuse (yield from 1 lb raw meat with refuse)",250.0
172547,oz,28.4
172547,lb,453.6
172548,oz,85.0
172548,"piece, cooked, excluding refuse (yield from 1 lb raw meat with refuse)",267.0
172549,oz,28.4
172549,lb,453.6
172550,oz,85.0
172550,"piece, cooked, excluding refuse (yield from 1 lb raw meat with refuse)",260.0
172551,oz,28.4
172551,"steak, excluding refuse (yield from 1 raw steak, with refuse, weighing 102 g)",79.0
172552,oz,85.0
172552,"piece, cooked, excluding refuse (yield from 1 lb raw meat with refuse)",248.0
172553,oz,28.4
172553,lb,453.6
172554,oz,85.0
172554,"piece, cooked, excluding refuse (yield from 1 lb raw meat with refuse)",213.0
172555,oz,85.0
172555,"piece, cooked, excluding refuse (yield from 1 lb raw meat with refuse)",242.0
172556,oz,28.4
172556,lb,453.6
172557,oz,85.0
172557,"piece, cooked, excluding refuse (yield from 1 lb raw meat with refuse)",207.0
172558,oz,85.0
172558,"piece, cooked, excluding refuse (yield from 1 lb raw meat with refuse)",250.0
172559,oz,85.0
172559,"piece, cooked, excluding refuse (yield from 1 lb raw meat with refuse)",256.0
172560,oz,28.4
172560,lb,453.6
172561,oz,85.0
172561,"piece, cooked, excluding refuse (yield from 1 lb raw meat with refuse)",253.0
172562,oz,28.4
172562,"chop, excluding refuse (yield from 1 raw chop, with refuse, weighing 85 g)",63.0
172563,oz,85.0
172563,"chop, excluding refuse (yield from 1 raw chop, with refuse, weighing 85 g)",42.0
172564,oz,28.4
172564,lb,453.6
172564,oz,113.0
172565,oz,28.4
172565,lb,453.6
172565,oz,113.0
172566,oz,28.4
172566,lb,453.6
172566,oz,113.0
172567,oz,28.4
172568,oz,28.4
172568,lb,453.6
172569,oz,85.0
172569,"piece, cooked, excluding refuse (yield from 1 lb raw meat with refuse)",194.0
172570,oz,28.4
172570,lb,453.6
172571,oz,85.0
172571,"piece, cooked, excluding refuse (yield from 1 lb raw meat with refuse)",223.0
172572,oz,28.4
172572,lb,453.6
172572,oz,85.0
172573,oz,85.0
172573,"piece, cooked, excluding refuse (yield from 1 lb raw meat with refuse)",248.0
172574,oz,28.4
172574,lb,453.6
172574,oz,85.0
172575,oz,85.0
172575,"piece, cooked, excluding refuse (yield from 1 lb raw meat with refuse)",211.0
172576,oz,28.4
172576,lb,453.6
172576,oz,85.0
172577,oz,85.0
172577,"piece, cooked, excluding refuse (yield from 1 lb raw meat with refuse)",251.0
172578,oz,28.4
172578,lb,453.6
172578,oz,85.0
172579,oz,85.0
172579,"piece, cooked, excluding refuse (yield from 1 lb raw meat with refuse)",277.0
172580,oz,28.4
172580,lb,453.6
172580,oz,85.0
172581,oz,85.0
172581,"piece, cooked, excluding refuse (yield from 1 lb raw meat with refuse)",259.0
172582,oz,28.4
172583,oz,85.0
172584,oz,28.4
172585,oz,85.0
172586,oz,28.4
172586,oz,85.0
172587,oz,85.0
172588,oz,28.4
172588,oz,85.0
172589,oz,85.0
172589,"piece, cooked, excluding refuse (yield from 1 lb raw meat with refuse)",241.0
172589,chop,54.0
172590,oz,28.4
172590,lb,453.6
172590,oz,85.0
172591,oz,85.0
172591,"piece, cooked, excluding refuse (yield from 1 lb raw meat with refuse)",262.0
172592,oz,28.4
172592,lb,453.6
172592,oz,85.0
172593,oz,85.0
172593,"piece, cooked, excluding refuse (yield from 1 lb raw meat with refuse)",222.0
172594,oz,28.4
172594,lb,453.6
172594,oz,85.0
172595,oz,85.0
172595,"piece, cooked, excluding refuse (yield from 1 lb raw meat with refuse)",273.0
172596,oz,28.4
172596,lb,453.6
172596,oz,85.0
172597,oz,85.0
172597,"piece, cooked, excluding refuse (yield from 1 lb raw meat with refuse)",233.0
172598,serving ( 3 oz ),85.0
172598,roast (3 to 5 lb roast),1237.0
172599,serving ( 3 oz ),85.0
172599,steak ( yield from 232.8 g raw meat ),179.0
172600,serving ( 3 oz ),85.0
172600,steak,180.0
172601,serving ( 3 oz ),85.0
172601,steak,489.0
172602,patty (cooked from 4 oz raw),85.0
172602,oz,28.4
172603,patty,93.0
172603,serving ( 3 oz ),85.0
172604,steak,54.0
172604,serving ( 3 oz ),85.0
172605,serving ( 3 oz ),85.0
172605,roast (3 to 5 lb roast),293.0
172606,oz,113.0
172606,roast with bone,330.0
172607,oz,85.0
172607,roast with bone,330.0
172608,serving (4 oz),113.0
172609,oz,85.0
172610,oz,85.0
172611,oz,113.0
172612,oz,85.0
172613,oz,85.0
172614,oz,85.0
172615,oz,113.0
172616,oz,85.0
172617,oz,113.0
172618,oz,85.0
172619,oz,113.0
172620,oz,85.0
172621,oz,113.0
172622,oz,85.0
172623,oz,113.0
172624,oz,85.0
172625,oz,113.0
172626,oz,85.0
172627,oz,85.0
172628,oz,113.0
172629,oz,85.0
172630,oz,85.0
172631,oz,113.0
172632,oz,85.0
172633,oz,113.0
172634,oz,85.0
172635,oz,113.0
172636,oz,85.0
172637,oz,113.0
172638,oz,85.0
172639,oz,85.0
172640,oz,85.0
172641,oz,113.0
172642,oz,85.0
172643,oz,113.0
172643,cutlet,55.0
172643,serving,113.0
172644,oz,85.0
172644,chop,153.0
172645,oz,113.0
172645,serving,113.0
172645,shank whole,1270.0
172646,oz,85.0
172646,shank cross cut,187.0
172647,oz,85.0
172648,oz,113.0
172648,serving,113.0
172648,shank whole,1270.0
172649,oz,85.0
172649,shank cross cut,187.0
172650,oz,85.0
172650,chop,153.0
172651,oz,85.0
172651,chop,352.0
172652,oz,113.0
172652,roast,146.0
172653,oz,113.0
172653,"leg bottom, boneless",989.0
172654,oz,85.0
172654,leg trotter off,1808.0
172655,oz,113.0
172655,leg trotter off,2674.0
172657,oz,113.0
172658,oz,85.0
172658,"leg bottom, boneless",723.0
172659,oz,113.0
172659,"leg bottom, boneless",989.0
172660,oz,113.0
172660,roast,146.0
172661,oz,85.0
172661,chop,43.0
172662,oz,85.0
172662,roast,329.0
172663,oz,85.0
172663,roast,447.0
172664,"mini bagel (2-1/2"" dia)",26.0
172664,"small bagel (3"" dia)",69.0
172664,"medium bagel (3-1/2"" to 4"" dia)",105.0
172664,"large bagel (4-1/2"" dia)",131.0
172664,oz,28.4
172665,"mini bagel (2-1/2"" dia)",24.0
172665,"small bagel (3-1/2"" to 4""dia)",65.0
172665,"medium bagel (4"" dia)",99.0
172665,"large bagel (4-1/2"" dia)",123.0
172665,oz,28.4
172666,"mini bagel (2-1/2"" dia)",26.0
172666,"small bagel (3"" dia)",69.0
172666,"medium bagel (3-1/2"" to 4"" dia)",105.0
172666,"large bagel (4-1/2"" dia)",131.0
172666,oz,28.4
172667,oz,28.4
172667,large,77.0
172667,medium,51.0
172667,small,35.0
172667,"biscuit (2-1/2"" dia)",35.0
172668,biscuit,58.0
172668,biscuit,43.0
172668,package,398.0
172668,oz,28.4
172669,biscuit,51.0
172669,"biscuit (2-1/2"" dia)",27.0
172669,oz,28.4
172670,oz,28.4
172670,"biscuit (4"" dia)",101.0
172670,"small (1-1/2"" dia)",14.0
172670,"biscuit (2-1/2"" dia)",60.0
172671,oz,28.4
172671,"biscuit (2-1/2"" dia)",44.0
172672,oz,28.4
172672,cubic inch,3.2
172672,"slice, large or thick",30.0
172672,"slice, regular",25.0
172672,"slice regular, crust not eaten",12.2
172672,slice,25.0
172672,"slice, thin",20.0
172672,"slice thin, crust not eaten",9.4
172673,oz,28.4
172673,"slice (5"" x 3"" x 1/2"")",40.0
172674,oz,28.4
172674,"slice (5"" x 3"" x 1/2"")",37.0
172675,oz,28.4
172675,slice,139.0
172676,oz,28.4
172676,slice,30.0
172677,oz,28.4
172677,slice,27.0
172678,oz,28.4
172678,slice,27.0
172679,oz,28.4
172679,slice,25.0
172680,oz,28.4
172680,"slice, large",32.0
172680,slice,26.0
172680,"slice, thin",23.0
172681,oz,28.4
172681,"slice, large",29.0
172681,slice,24.0
172681,"slice, thin",21.0
172682,oz,28.4
172682,slice,23.0
172683,oz,28.4
172683,slice,19.0
172684,oz,28.4
172684,"slice, regular",32.0
172684,"slice, snack-size",7.0
172684,"slice, thin",25.0
172685,oz,28.4
172685,"slice, large",29.0
172685,"slice, regular",24.0
172685,"slice, thin",18.0
172686,slice,29.0
172687,oz,28.4
172687,slice,24.0
172689,oz,28.4
172689,slice,25.0
172690,oz,28.4
172690,"slice, regular (4"" x 5"" x 3/4"")",46.0
172690,"slice, thin (3-3/4"" x 5"" x 3/8"")",33.0
172691,oz,28.4
172691,slice,42.0
172691,"slice, thin (3-3/4"" x 5"" x 3/8"")",30.0
172692,oz,28.4
172692,package (6 oz),170.0
172693,oz,28.4
172693,cup,100.0
172694,piece (1/12 of 12 oz cake),28.0
172694,"cake (9"" dia x 4"")",340.0
172695,"piece (1/12 of 10"" dia)",50.0
172695,"tube cake (10"" dia, 4-3/8"" high)",596.0
172696,oz,28.4
172696,piece (1/6 of pie),92.0
172697,"piece (1/12 of 9"" dia)",95.0
172697,"cake, 2-layer (8"" or 9"" dia)",1137.0
172698,oz,28.4
172698,"piece (1/12 of 9"" dia)",112.0
172699,oz,28.4
172699,piece (1/6 of 16 oz cake),76.0
172700,oz,28.4
172700,individual cake,57.0
172700,piece (1/9 of 20 oz cake),63.0
172701,oz,28.4
172701,package (14.5 oz),411.0
172702,oz,28.4
172702,"piece (1/9 of 8"" square)",74.0
172703,oz,28.4
172703,"piece (1/9 of 8"" square)",115.0
172704,loaf 1/6 of the loaf,61.0
172704,piece individually wrapped cake,49.0
172705,oz,28.4
172705,package (8 oz),227.0
172706,oz,28.4
172706,piece (1/12 of 16 oz cake),38.0
172707,oz,28.4
172707,piece (1/12 of 10 inch cake),63.0
172708,oz,28.4
172708,package (18.50 oz),524.0
172709,"piece (1/12 of 9"" dia)",74.0
172709,"cake, 2-layer (8"" or 9"" dia)",887.0
172710,"piece (1/12 of 8"" dia)",68.0
172710,"cake, 2-layer (8"" dia)",817.0
172711,oz,28.4
172711,piece (1/6 of 17 oz cake),80.0
172711,piece (1 NLEA serving),125.0
172712,oz,28.4
172712,"piece (1/12 of 9"" dia)",99.0
172713,oz,28.4
172713,"square, large (2-3/4"" sq x 7/8"")",56.0
172713,"package, Little Debbie (twin wrapped)",61.0
172714,oz,28.4
172714,"cup, crumbs",112.0
172714,wafer,6.0
172715,serving 3 cookies,34.0
172715,oz,28.4
172716,cookie,12.9
172716,cookie Pepperidge Farm Chocolate Chunk Pecan,12.0
172716,oz,28.4
172716,"cookie (average weight of 1 cookie, variety of brands)",12.2
172716,"cookie, big (3-1/2"" - 4"" dia) (include Grandma brand)",40.0
172716,"cookie, medium (2-1/4"" dia)",10.0
172716,"cookie, large (include Keebler Rich 'n Chips, Pecan Chips Delux)",14.0
172716,"cookie, bite size (include Mini Chips Ahoy!)",2.2
172717,cookie,14.2
172717,oz,28.4
172717,cookie,15.0
172717,cookie (average weight of 1 cookie),12.2
172718,cookie,36.0
172718,oz,28.4
172719,oz,28.4
172719,cookie,17.0
172720,oz,28.4
172720,cookie,13.0
172721,oz,28.4
172721,Figaroo (2 square halves),43.0
172721,cookie,16.0
172721,"individual package (2 oz package containing 2 3"" bars)",57.0
172722,oz,28.4
172722,cookie,8.0
172723,oz,28.4
172723,Fudge Marshmallow,28.0
172723,"pie, marshmallow (3"" dia x 3/4"")",39.0
172723,"cookie, small (1-3/4"" dia x 3/4"")",13.0
172724,oz,28.4
172724,"large (3-1/2"" to 4"" dia) (include Archway brand)",32.0
172724,medium,15.0
172724,"cookie, Little Debbie",20.0
172725,oz,28.4
172725,"cookie, big (3-1/2"" - 4"" dia) (include Archway brand, Grandma brand)",25.0
172725,large,18.0
172726,oz,28.4
172726,cookie,15.0
172727,oz,28.4
172727,cookie,31.0
172728,oz,28.4
172728,cookie,15.0
172729,oz,28.4
172729,"portion, dough for 1 cookie",16.0
172730,oz,28.4
172730,cookie,12.0
172731,oz,28.4
172731,package (8.5 oz),241.0
172732,oz,28.4
172732,"cookie, medium (1-5/8"" dia)",7.0
172733,oz,28.4
172733,cookie,10.0
172734,oz,28.4
172734,"cookie, medium (1-5/8"" dia)",7.0
172735,oz,28.4
172735,cookie 1 rolled cookie dough,15.0
172735,cookie 1 pre-sliced cookie dough,23.0
172736,cookies,36.0
172736,cookie,10.1
172736,oz,28.4
172737,oz,28.4
172737,"cookie, oval (3-1/8"" x 1-1/4"" x 3/8"")",15.0
172737,"cookie, round (1-3/4"" dia)",10.0
172738,oz,28.4
172738,sheet,245.0
172738,shell,40.0
172739,oz,14.2
172739,"cup, crushed",55.0
172739,crispbread,10.0
172739,"wafer, thin",2.0
172739,wafer,10.0
172739,"cracker, Norwegian flatbread (4-3/4"" x 2-3/4"" x 1/16"")",5.8
172739,"wafer, Rye Krisp (triple cracker)",25.0
172739,"crispbread, Wasa rye",10.0
172740,oz,14.2
172740,matzo,28.0
172741,oz,14.2
172741,matzo,28.0
172742,oz,14.2
172742,matzo,28.0
172743,oz,14.2
172743,"cracker, sandwich",7.0
172744,oz,14.2
172744,"cup, crushed",61.0
172744,"cracker (4-1/2"" x 2-1/2"" x 1/8"")",11.0
172744,"cracker, triple",25.0
172745,oz,14.2
172745,"cracker, triple",22.0
172746,crackers,14.9
172746,oz,14.2
172746,"cup, crushed",70.0
172746,crackers square (1 serving),15.0
172746,cracker square,3.0
172746,"cracker, round large",10.0
172746,"cracker, oyster",1.0
172746,"cracker, rectangle",6.0
172746,cup oyster crackers,45.0
172747,oz,14.2
172747,"cracker, sandwich",7.0
172748,oz,14.2
172748,"cracker, sandwich",7.0
172749,serving,28.0
172749,"crackers, Triscuits, regular size",28.0
172749,cracker,4.6
172749,oz,14.2
172749,"cup, crushed",94.0
172749,Triscuit Bits,10.0
172750,oz,28.4
172750,cup,115.0
172751,oz,14.2
172751,cup,30.0
172752,oz,14.2
172752,cup,40.0
172752,"package, fast food",10.0
172752,cubes,1.0
172753,oz,28.4
172753,"large (approx 7"" dia)",142.0
172753,"small or frozen (approx 3"" dia)",35.0
172753,"pastry (4-1/4"" dia)",65.0
172753,Toaster Strudel,53.0
172753,piece (1/8 of 15 oz ring),53.0
172754,oz,28.4
172754,pastry,71.0
172755,oz,28.4
172755,"large (approx 7"" dia)",142.0
172755,"small or frozen (approx 3"" dia)",35.0
172755,"pastry (4-1/4"" dia)",71.0
172755,Toaster Strudel,53.0
172755,piece (1/8 of 15 oz ring),53.0
172756,oz,28.4
172756,"cruller (3"" dia)",41.0
172757,oz,28.4
172757,"doughnut oval (3-1/2"" x 2-1/2"")",85.0
172758,oz,28.4
172758,doughnut hole,13.0
172758,doughnut stick,56.0
172758,"extra large (approx 5"" dia)",122.0
172758,"jumbo (approx 6"" dia)",157.0
172758,"doughnut, large (approx 4-1/4"" dia)",75.0
172758,"doughnut, long type (twist) approx 5-1/4"" x 2-1/2"" x 1-1/2"" high)",90.0
172758,"doughnut medium (approx 3-3/4"" dia)",64.0
172758,"doughnut, small (approx 3"" dia)",31.0
172758,doughnut (approx 1-1/2 oz),42.0
172758,"doughnut (3-3/4"" dia)",60.0
172758,"honeybun (4"" x 3"")",65.0
172758,"honeybun (4-1/2"" x 3-1/2"")",78.0
172758,"honeybun (5"" x 3-1/2"")",85.0
172758,"doughnut, medium (approx 3-3/4"" dia)",60.0
172758,doughnut,63.0
172759,oz,28.4
172759,"doughnut oval (3-1/2"" x 2-1/2"")",85.0
172760,oz,28.4
172760,muffin,52.0
172761,oz,28.4
172761,muffin,57.0
172762,oz,28.4
172762,muffin,66.0
172763,oz,28.4
172763,piece,59.0
172764,oz,28.4
172764,muffin,57.0
172765,oz,28.4
172765,"mini (1-1/4"" dia)",17.0
172765,"small (2-3/4"" dia x 2"")",66.0
172765,medium,113.0
172765,"large (3-1/4"" dia x 2-3/4"")",139.0
172765,extra large,168.0
172765,muffin,31.0
172766,serving,43.0
172766,"package, mix + drained berries",356.0
172766,oz,28.4
172767,oz,28.4
172767,"muffin, toaster",33.0
172768,oz,28.4
172768,muffin,57.0
172769,oz,28.4
172769,mini,17.0
172769,small,66.0
172769,medium,113.0
172769,large,139.0
172769,extra large,168.0
172770,oz,28.4
172770,package (7 oz),198.0
172771,oz,28.4
172771,pancake,41.0
172771,"pancake (6"" dia)",73.0
172771,mini pancake,10.1
172771,pancake,40.0
172772,cup,52.0
172772,oz,28.4
172772,"cup, poured from box",130.0
172773,oz,28.4
172773,"pancake (4"" dia)",38.0
172773,"pancake (6"" dia)",77.0
172774,oz,28.4
172774,"cup, poured from box",122.0
172775,oz,28.4
172775,package (8 oz),227.0
172776,oz,28.4
172776,"cup, poured from box",140.0
172777,oz,28.4
172777,"pie (9"" dia)",1186.0
172777,"piece (1/8 of 9"" dia)",144.0
172778,oz,28.4
172778,"piece (1/8 of 9"" dia)",125.0
172778,"piece (1/6 of 8"" pie)",117.0
172779,oz,28.4
172779,"piece (1/8 of 9"" dia)",147.0
172780,oz,28.4
172780,"piece (1/8 of 9"" dia)",125.0
172780,"piece (1/6 of 8"" pie)",117.0
172781,oz,28.4
172781,"piece (1/8 of 9"" dia)",180.0
172782,oz,28.4
172782,"piece (1/6 of 8"" pie)",104.0
172783,oz,28.4
172783,"piece (1/6 of 8"" pie)",105.0
172784,oz,28.4
172784,"pie (5"" x 3-3/4"")",128.0
172785,oz,28.4
172785,"piece (1/6 of 8"" pie)",113.0
172786,oz,28.4
172786,"piece (1/8 of 9"" dia)",122.0
172787,oz,28.4
172787,slice,133.0
172787,pie,995.0
172788,oz,28.4
172788,"piece (1/8 of 9"" dia)",155.0
172789,oz,28.4
172789,"piece (1/8 of 9"" dia)",126.0
172790,oz,28.4
172790,shell,47.0
172791,oz,28.4
172791,sheet dough,19.0
172792,oz,28.4
172792,package (6 oz),170.0
172793,roll (1 oz),28.0
172793,"each (pan, dinner, or small roll) (2"" square, 2"" high)",25.0
172793,"roll (hamburger, frankfurter, onion roll, bun, large roll)",43.0
172793,roll (foot long frankfurter roll),86.0
172794,roll (1 oz),28.0
172794,"roll (hamburger, frankfurter roll)",43.0
172794,"roll, large submarine, hoagie",135.0
172794,"medium (2-1/2"" dia)",36.0
172794,"roll medium submarine, hoagie",94.0
172794,"roll (small submarine, hoagie roll)",65.0
172795,oz,28.4
172795,roll,38.0
172796,roll 1 serving,44.0
172796,oz,28.4
172797,oz,28.4
172797,roll,43.0
172798,oz,28.4
172798,roll,30.0
172799,oz,28.4
172799,roll,30.0
172800,shell,12.9
172800,taco,12.7
172800,"medium (approx 5"" dia)",13.3
172800,"large (6-1/2"" dia)",21.0
172800,"miniature (3"" dia)",5.0
172800,oz,28.4
172801,oz,28.4
172801,pastry,51.0
172802,oz,28.4
172802,"wrapper, eggroll (7"" square)",32.0
172802,"wrapper, wonton (3-1/2"" square)",8.0
172803,tsp,4.6
172803,tsp,2.3
172804,tsp,4.6
172804,tsp,2.3
172805,tsp,5.0
172805,tsp,2.5
172806,oz,28.4
172806,cup,120.0
172807,oz,28.4
172807,"cookie (2-5/8"" dia)",15.0
172808,oz,28.4
172808,"cookie, medium (2-1/4"" dia)",16.0
172809,oz,28.4
172809,slice,17.0
172810,oz,28.4
172810,"large roll or bun (3-1/2"" dia)",43.0
172810,"roll (2-1/2"" dia)",35.0
172811,"piece (1/8 of 9"" crust)",30.0
172811,"crust, single 9""",244.0
172812,oz,14.2
172812,matzo,28.0
172813,cup,129.0
172813,"crust, single 9""",176.0
172813,"piece (1/8 of 9"" crust)",22.0
172814,"piece (1/8 of 9"" crust)",24.0
172814,"crust, single 9""",194.0
172815,oz,28.4
172815,package (8.5 oz),241.0
172816,oz,28.4
172816,"pita, large (6-1/2"" dia)",60.0
172817,oz,28.4
172817,"slice, large",32.0
172817,slice,26.0
172817,"slice, thin",23.0
172818,oz,28.4
172818,"cup, crumbs",45.0
172818,"cup, cubes",35.0
172818,"slice, large",30.0
172818,slice,25.0
172818,"slice, thin",20.0
172819,oz,28.4
172819,cookie,5.0
172820,oz,28.4
172820,"cookie, medium (2-1/4"" dia)",10.0
172820,"cookie, bite size (include Mini Chips Ahoy!)",2.2
172821,oz,28.4
172821,"anisette sponge (4"" x 1-1/8"" x 7/8"")",13.0
172821,"breakfast treat (approx 4"" x 2"" x 7/8"")",24.0
172821,ladyfinger,11.0
172822,oz,14.2
172822,"cup, crushed",70.0
172822,cup pieces,30.0
172822,"cup, rounds",33.0
172822,melba round,3.0
172822,"piece (3-3/4"" x 1-3/4"" x 1/8"")",5.0
172822,toast,5.0
172823,oz,14.2
172823,"cup, crushed",94.0
172823,cracker,4.0
172823,"cracker, square",4.0
172823,Triscuit Bits,10.0
172824,oz,28.4
172824,"large (approx 7"" dia)",142.0
172824,"small or frozen (approx 3"" dia)",35.0
172824,"pastry (4-1/4"" dia)",65.0
172824,Toaster Strudel,53.0
172824,piece (1/8 of 15 oz ring),53.0
172825,oz,28.4
172825,container (3 oz),142.0
172825,"small or frozen (approx 3"" dia)",35.0
172825,"pastry (4-1/4"" dia)",71.0
172825,Toaster Strudel,53.0
172825,piece (1/8 of 15 oz ring),53.0
172826,oz,28.4
172826,slice,23.0
172827,oz,28.4
172827,pastry,71.0
172828,oz,28.4
172828,muffin,57.0
172829,oz,85.0
172829,unit (yield from 1 lb ready-to cook quail),208.0
172829,breast,56.0
172830,oz,85.0
172830,wing,51.0
172831,oz,113.0
172831,breast,219.0
172831,bird,627.0
172832,patty,117.0
172833,patty (yield from 135.8 g raw meat),109.0
172833,serving ( 3 oz ),85.0
172834,serving ( 3 oz ),85.0
172834,full rump cooked ( yield from 695 g raw meat ),496.0
172835,oz,85.0
172835,inside drum,572.0
172836,serving ( 3 oz ),85.0
172836,inside drum cooked ( yield from 572 g raw meat ),416.0
172837,oz,85.0
172837,outside drum,422.0
172838,oz,85.0
172838,steak,300.0
172839,serving ( cooked from 4 oz raw ),85.0
172839,oz,28.4
172840,serving ( 3 oz ),85.0
172841,serving (cooked from 4 oz raw),85.0
172841,oz,28.4
172842,serving ( 3 oz ),85.0
172843,serving ( 3 oz ),85.0
172844,serving (cooked from 4 oz raw),85.0
172844,oz,28.4
172844,lb,453.0
172845,serving (cooked from 4 oz raw),85.0
172845,lb,456.0
172845,oz,28.4
172846,serving ( cooked from 4 oz raw),85.0
172846,oz,28.4
172846,lb,453.0
172847,oz,113.0
172847,patty (cooked from 4 oz raw),85.0
172847,lb,453.0
172848,oz,85.0
172849,oz,85.0
172849,patty,85.0
172850,oz,113.0
172850,lb,453.0
172850,serving (cooked from 4 oz),85.0
172852,oz,85.0
172852,drumstick without skin,95.0
172852,drumstick with skin,105.0
172853,oz,85.0
172853,thigh without skin,111.0
172853,thigh with skin,129.0
172854,oz,85.0
172854,lb,453.0
172855,oz,113.0
172855,lb,453.0
172856,oz,85.0
172856,drumstick without skin,91.0
172856,drumstick with skin,129.0
172857,oz,85.0
172857,drumstick without skin,95.0
172857,drumstick with skin,106.0
172858,oz,85.0
172858,thigh without skin,132.0
172858,thigh with skin,158.0
172859,oz,113.0
172859,thigh without skin,148.0
172859,thigh with skin,191.0
172860,oz,113.0
172860,drumstick with skin,143.0
172860,drumstick without skin,130.0
172861,oz,85.0
172861,drumstick with skin,129.0
172861,drumstick without skin,91.0
172862,oz,85.0
172862,thigh without skin,132.0
172862,thigh with skin,158.0
172863,oz,113.0
172863,thigh without skin,148.0
172863,thigh,181.0
172864,oz,113.0
172865,oz,85.0
172866,oz,113.0
172867,oz,28.4
172868,oz,113.0
172868,bird,5717.0
172869,oz,85.0
172869,bird,4147.0
172870,oz,113.0
172870,bird,5717.0
172871,oz,85.0
172871,bird,4147.0
172871,lb,453.0
172872,oz,85.0
172872,wing,375.0
172873,oz,113.0
172874,oz,85.0
172875,oz,113.0
172875,drumstick,356.0
172876,oz,113.0
172876,breast,2110.0
172876,lb,453.0
172877,oz,85.0
172877,thigh,348.0
172878,oz,85.0
172878,drumstick,275.0
172879,tbsp,19.0
172879,cup,305.0
172880,cup,63.0
172881,cup (4 fl oz),129.0
172881,"can (11 oz), undiluted",312.0
172882,cup,148.0
172882,can,294.0
172883,cup,240.0
172884,cup,240.0
172885,cup,233.0
172886,tbsp,16.0
172887,cup,251.0
172888,cup,240.0
172889,cup,219.0
172889,can (14.5 oz),407.0
172889,carton (32 oz),923.0
172890,Tbsp,36.0
172891,cup (8 fl oz),248.0
172891,"can (10.75 oz), prepared",602.0
172892,cup,245.0
172893,cup (8 fl oz),248.0
172893,"can (10.75 oz), prepared",602.0
172894,cup,251.0
172894,"can (11 oz), prepared",609.0
172895,cup (8 fl oz),245.0
172895,"can (10.5 oz), prepared",595.0
172896,cup (8 fl oz),254.0
172896,"can (11.25 oz), prepared",616.0
172897,cup (8 fl oz),248.0
172897,"can (10.75 oz), prepared",602.0
172898,cup (8 fl oz),253.0
172898,fl oz,31.6
172899,serving 1 cup,240.0
172900,serving 1 cup,246.0
172901,cup condensed,129.0
172902,cup (8 fl oz),251.0
172902,"can (11 oz), prepared",609.0
172903,cup,247.0
172903,"can (11 oz), prepared",600.0
172904,serving 1 cup,266.0
172904,fl oz,33.3
172905,cup (8 fl oz),250.0
172905,"can (11.25 oz), prepared",607.0
172906,cup (8 fl oz),244.0
172906,"can (10.75 oz), prepared",593.0
172907,cup,248.0
172907,"can (10.75 oz), prepared",593.0
172908,cup,244.0
172908,"can (10.75 oz), prepared",593.0
172909,serving 1 cup,248.0
172910,serving 1 cup,243.0
172911,cup,261.0
172911,fl oz,32.6
172912,cup,247.0
172912,can,529.0
172913,cup (8 fl oz),241.0
172913,"can (10.5 oz), prepared",586.0
172914,cup (8 fl oz),244.0
172914,"can (10.75 oz), prepared",593.0
172915,serving 1 cup,248.0
172915,fl oz,31.0
172916,cup (8 fl oz),253.0
172916,"can (11.5 oz), prepared",614.0
172917,cup (8 fl oz),244.0
172917,"can (10.75 oz), prepared",593.0
172918,cup,244.0
172918,"can (10.75 oz), prepared",593.0
172919,cup,244.0
172919,"can (10.75 oz), prepared",593.0
172920,cup,247.0
172920,"can (11 oz), prepared",600.0
172921,cup (8 fl oz),241.0
172921,"can (10.5 oz), prepared",586.0
172922,serving 1 cup,240.0
172922,fl oz,29.9
172923,serving 1 cup,240.0
172923,fl oz,29.9
172924,cup 8 fl oz,241.0
172924,fl oz,30.1
172925,cup,245.0
172926,"slice (1 oz) (4"" x 4"" x 3/32"" thick)",28.0
172926,slices,57.0
172927,slices,57.0
172927,package (8 oz),227.0
172928,tbsp,13.0
172928,oz,28.4
172929,tbsp,13.0
172929,oz,28.4
172930,tbsp,13.0
172930,oz,28.4
172931,"slice (1 oz) (4"" x 4"" x 3/32"" thick)",28.0
172931,slices,57.0
172932,oz,28.4
172932,"slice (4-1/4"" x 4-1/4"" x 1/16"")",21.0
172933,"slice (1 oz) (4"" x 4"" x 3/32"" thick)",28.0
172933,slices,57.0
172934,link,25.0
172935,slice,26.0
172935,oz,28.4
172936,slice round,12.3
172937,serving,28.0
172938,package (4 oz),113.0
172938,"slice (3-1/8"" dia x 1/16"" thick)",10.0
172939,"link (4"" long x 1-1/8"" dia)",68.0
172939,"link,  little (2"" long x 3/4"" dia)",16.0
172940,oz 1 serving,56.0
172941,slice,16.0
172942,"sausage (7/8"" dia x 2"" long)",16.0
172942,"sausages (drained contents from can, net wt 4 oz)",113.0
172943,"slice (4"" dia x 1/8"" thick)",23.0
172943,oz,28.4
172944,oz,85.0
172944,serving (1 slice),28.0
172945,serving (4 slices),52.0
172946,serving (1 slice),28.0
172947,serving 3 slices,27.0
172947,slice,9.0
172948,oz,85.0
172948,lb 16 oz,453.6
172949,frank 1 NLEA serving,57.0
172950,oz 1 NLEA serving,56.0
172951,oz 1 NLEA serving,56.0
172952,link 3 oz,84.0
172953,serving 5 pieces,55.0
172953,pieces,55.0
172954,serving 2.67 oz,76.0
172955,oz serving 2.7 oz,77.0
172956,serving 2.33 oz,66.0
172957,serving 2.96 oz,84.0
172958,serving 2.33 oz,66.0
172959,serving 6 slices,57.0
172960,serving 2 oz,56.0
172961,serving 2 oz,56.0
172962,serving 2 slices,42.0
172963,serving 2 slices,42.0
172964,link,76.0
172965,slice,38.0
172966,serving 5 slices,28.0
172967,serving 2 oz,56.0
172968,serving (1 hot dog),52.0
172969,cubic inch,17.0
172969,oz cooked,25.0
172969,oz,56.0
172970,serving,28.0
172970,slice,28.0
172971,patty,30.0
172971,link,21.0
172971,serving,48.0
172972,cup (1 NLEA serving),40.0
172973,cup,30.0
172974,cup (1 NLEA serving),57.0
172975,cup (1 NLEA serving),51.0
172976,cup (1 NLEA serving),55.0
172977,packet (1 NLEA serving),28.0
172981,cup (1 NLEA serving),31.0
172982,cup (1 NLEA serving),30.0
172983,cup (1 NLEA serving),33.0
172984,cup (1 NLEA serving),32.0
172985,cup (1 NLEA serving),33.0
172986,cup (1 NLEA serving),32.0
172987,biscuits (1 NLEA serving),63.0
172988,tbsp (1 NLEA serving),14.0
172989,cup,40.0
172990,cup (1 NLEA serving),31.0
172991,packet (1 NLEA serving),43.0
172992,packet (1 NLEA serving),28.0
172993,packet (1 NLEA serving),28.0
172994,packet (1 NLEA serving),28.0
172995,cup (1 NLEA serving),30.0
172996,cup (1 NLEA serving),59.0
172997,cup (1 NLEA serving),30.0
172998,tbsp (1 NLEA serving),35.0
172999,cup (1 NLEA serving),45.0
173000,cup (1 NLEA serving),55.0
173001,cup,27.0
173002,serving (NLEA serving size = 0.75 cup),29.0
173002,cup,42.0
173003,cup (NLEA serving),30.0
173004,serving (3 T dry cereal plus 1 cup water),268.0
173005,cup (1 NLEA serving),48.0
173006,bar,22.0
173007,cup (1 NLEA serving),32.0
173008,cup,244.0
173009,cup,231.0
173010,tablespoon (1 serving),33.0
173010,tbsp,13.7
173010,cup,194.0
173011,cup,245.0
173012,cup,237.0
173013,cup (1 NLEA serving),32.0
173014,cup (1 NLEA serving),56.0
173015,cup (1 NLEA serving),56.0
173016,packet (1 NLEA serving),34.0
173017,cup (1 NLEA serving),30.0
173018,cup (1 NLEA serving),27.0
173019,cup (1 NLEA serving),31.0
173020,cup (1 NLEA serving),30.0
173021,"large (2-1/2"" dia)",64.0
173021,"medium (2-1/4"" dia)",50.0
173021,"small (1-1/2"" dia)",40.0
173022,cup,248.0
173022,fig with liquid,27.0
173023,cup,252.0
173023,fig with liquid,28.0
173024,cup,259.0
173024,fig with liquid,28.0
173025,cup,261.0
173026,cup,123.0
173027,cup,242.0
173028,cup,248.0
173029,cup,130.0
173029,cup,260.0
173030,cup,150.0
173031,cup,252.0
173032,tbsp,28.0
173033,"cup sections, with juice",230.0
173033,"large (approx 4-1/2"" dia)",166.0
173033,"medium (approx 4"" dia)",128.0
173033,"small (approx 3-1/2"" dia)",100.0
173034,"cup sections, with juice",230.0
173034,"fruit (3-3/4"" dia)",118.0
173035,cup,244.0
173036,cup,249.0
173037,cup,254.0
173038,fl oz,240.0
173038,cup,252.0
173039,cup,247.0
173039,fl oz,30.9
173039,fruit yields,196.0
173040,grape,6.0
173041,cup,253.0
173041,fl oz,31.6
173042,cup,253.0
173042,fl oz,31.6
173043,cup,140.0
173044,cup,165.0
173044,"fruit, without refuse",55.0
173045,cup,244.0
173045,fruit without refuse,6.0
173046,oz,85.0
173046,roast,634.0
173047,oz,85.0
173047,roast,677.0
173048,oz,85.0
173048,roast,571.0
173049,oz,113.0
173049,fillet,173.0
173049,roast,852.0
173050,oz,85.0
173050,fillet,115.0
173051,oz,85.0
173051,roast,768.0
173052,oz,85.0
173052,roast,765.0
173053,oz,113.0
173053,fillet,180.0
173053,roast,970.0
173054,oz,85.0
173054,steak,209.0
173055,oz,85.0
173055,steak,208.0
173056,oz,85.0
173056,steak,211.0
173057,oz,113.0
173057,steak,256.0
173058,oz,85.0
173058,roast,699.0
173059,oz,85.0
173059,roast,714.0
173060,oz,85.0
173060,roast,675.0
173061,oz,85.0
173061,steak,161.0
173062,oz,113.0
173062,steak,199.0
173063,oz,85.0
173063,fillet,135.0
173064,oz,85.0
173064,fillet,135.0
173065,oz,85.0
173065,fillet,135.0
173066,oz,113.0
173066,fillet,178.0
173066,roast,844.0
173067,oz,113.0
173067,fillet,166.0
173067,roast,866.0
173068,oz (4 oz),113.0
173069,oz,85.0
173069,steak,236.0
173070,oz,85.0
173070,steak,234.0
173071,oz,85.0
173071,steak,235.0
173072,oz,113.0
173072,steak,301.0
173073,oz,85.0
173074,oz,113.0
173075,oz,113.0
173076,serving,85.0
173077,oz,85.0
173078,oz,113.0
173079,oz,85.0
173080,oz,113.0
173081,oz,85.0
173082,oz,85.0
173083,oz,113.0
173084,oz,85.0
173085,oz,85.0
173086,oz,113.0
173087,oz,85.0
173088,oz,113.0
173089,oz,85.0
173090,oz,85.0
173091,oz,113.0
173092,oz,85.0
173093,oz,113.0
173094,oz,85.0
173095,oz,85.0
173096,oz,113.0
173097,oz,85.0
173098,oz,113.0
173099,oz,85.0
173100,oz,113.0
173101,oz,85.0
173102,oz,113.0
173103,oz,113.0
173104,oz,85.0
173105,oz,113.0
173106,oz,85.0
173107,oz,113.0
173108,oz,85.0
173109,oz,113.0
173110,oz,113.0
173111,oz,113.0
173112,oz,85.0
173112,patty,70.0
173113,oz,85.0
173113,portion (yield from 1/2 lb raw meat ),139.0
173114,oz,85.0
173115,oz,85.0
173115,lb,453.6
173116,oz,113.0
173116,lb,453.6
173117,oz,85.0
173117,lb,453.6
173118,oz,85.0
173118,lb,453.6
173119,oz,85.0
173119,lb,453.6
173120,oz,113.0
173120,lb,453.6
173121,oz,113.0
173121,lb,453.6
173122,oz,113.0
173122,lb,453.6
173123,oz,85.0
173123,lb,453.6
173124,oz,113.0
173124,roast,252.0
173125,oz,113.0
173125,roast,1289.0
173126,oz,113.0
173126,roast,1392.0
173127,oz,113.0
173127,roast,1187.0
173128,oz,113.0
173128,steak,434.0
173129,oz,113.0
173129,steak,470.0
173130,oz,85.0
173130,steak (yield from 593 g raw meat),409.0
173131,oz,28.4
173132,bar,80.0
173133,bar,28.0
173134,bar,55.0
173135,bar,24.0
173136,bar,55.0
173136,bar,44.0
173137,bar,68.0
173138,bar,22.0
173139,bar,55.0
173140,oz,28.4
173141,cup,7.9
173141,bag,87.0
173142,oz,28.4
173143,oz,28.4
173144,bar,47.0
173145,bar,24.0
173146,package,20.0
173147,oz,28.4
173147,bag,262.0
173148,bar,35.0
173149,bar,40.0
173150,oz,28.4
173150,bag,175.0
173150,piece chips,28.0
173151,bar,32.0
173152,oz,28.4
173152,chips,17.0
173152,bag,105.0
173153,bar,35.0
173154,bar,31.0
173155,cake,9.0
173155,cakes,18.0
173156,serving,28.0
173157,serving,28.0
173158,bar,53.0
173159,serving,50.0
173160,serving,28.0
173161,serving,30.0
173162,fl oz,240.0
173163,packet,17.0
173164,fl oz,29.4
173164,packet prepared,103.0
173165,fl oz,480.0
173166,fl oz,240.0
173167,scoop,39.0
173168,fl oz,33.6
173168,jigger 1.5 fl oz,50.0
173169,bottle,237.0
173170,bottle,295.0
173171,bottle,295.0
173172,scoop,26.0
173173,bottle,500.0
173174,scoop,26.0
173175,fl oz,266.0
173175,fl oz,60.0
173176,fl oz,29.5
173176,glass (3.5 fl oz),103.0
173177,scoop,86.0
173178,fl oz,240.0
173179,fl oz,200.0
173180,cup,32.0
173181,scoop,45.0
173182,tbsp,11.0
173184,serving,256.0
173185,serving (5 fl oz),148.0
173185,fl oz,29.5
173186,serving 8 oz,245.0
173187,cup,240.0
173188,fl oz,591.0
173189,fl oz,240.0
173190,fl oz,29.4
173190,serving (5 fl oz),147.0
173191,fl oz,29.4
173191,serving (5 fl oz),147.0
173192,fl oz,29.4
173192,serving (5 fl oz),147.0
173193,fl oz,29.5
173193,serving (5 fl oz),147.0
173194,fl oz,29.4
173194,serving (5 fl oz),147.0
173195,fl oz,29.5
173195,serving (5 fl oz),148.0
173196,fl oz,29.3
173196,serving (5 fl oz),147.0
173197,fl oz,247.0
173198,fl oz,29.5
173198,serving (5 fl oz),148.0
173199,fl oz,30.9
173199,can or bottle (16 fl oz),494.0
173199,can or bottle (12 fl oz),371.0
173200,fl oz,29.6
173200,serving (5 fl oz),148.0
173201,fl oz,29.3
173201,serving (5 fl oz),147.0
173202,fl oz,30.8
173202,serving (5 fl oz),154.0
173203,fl oz,31.0
173203,can or bottle (12 fl oz),372.0
173204,fl oz,29.6
173204,can (12 fl oz),355.0
173205,fl oz,30.8
173205,drink (12 fl oz),368.0
173205,"drink, small (16 fl oz)",491.0
173205,"drink, medium (22 fl oz)",675.0
173205,"drink, large (32 fl oz)",982.0
173205,"drink, extra large (44 fl oz)",1351.0
173206,fl oz,30.8
173206,serving 12 fl oz,369.0
173206,serving 16 fl oz,492.0
173206,cup 12 fl oz 12 fl oz,258.0
173207,fl oz,29.6
173207,can (12 fl oz),355.0
173208,fl oz,29.5
173208,serving 5 fl oz,148.0
173209,fl oz,30.7
173209,can or bottle (16 fl oz),491.0
173209,can or bottle (12 fl oz),368.0
173210,can 8.4 fl oz,258.0
173210,serving 12 fl oz,369.0
173210,serving 16 fl oz,492.0
173211,cup,240.0
173212,cup,240.0
173213,fl oz,31.3
173213,fl oz,188.0
173213,fl oz,250.0
173213,serving,227.0
173214,cup,271.0
173216,fl oz,36.5
173216,can (12 fl oz),438.0
173216,can (6 fl oz),219.0
173217,fl oz,30.9
173217,cup 8 fl oz,247.0
173219,cup (8 fl oz),265.0
173220,serving (3 heaping tsp or 1 envelope),21.0
173221,cup (8 fl oz),265.0
173222,cup,78.0
173222,serving (4 tbsp or 1 envelope),21.0
173223,fl oz,31.2
173223,cup (8 fl oz),250.0
173224,fl oz,31.3
173224,cup (8 fl oz),250.0
173225,fl oz,31.3
173225,cup (8 fl oz),250.0
173226,fl oz,20.8
173226,cup (8 fl oz),166.0
173226,milkshake (10 fl oz),208.0
173226,small McDonald's shake (12 fl oz),250.0
173226,medium McDonald's shake (16 fl oz),333.0
173226,large McDonald's shake (22 fl oz),458.0
173227,fl oz,29.6
173227,fl oz,178.0
173227,cup (8 fl oz),237.0
173228,tsp,1.6
173229,serving (3 heaping tsp),23.0
173229,cup,182.0
173230,serving 1 tsp,0.7
173231,fl oz,29.8
173231,serving 6 fl oz,179.0
173231,serving 8 fl oz,238.0
173232,fl oz,29.6
173232,fl oz,178.0
173232,cup (8 fl oz),237.0
173233,fl oz,29.6
173233,bottle 6.5 fl oz,192.0
173233,bottle 11 fl oz,325.0
173233,cup 8 fl oz,237.0
173234,fl oz,29.6
173234,bottle 16.9 fl oz,500.0
173234,bottle 24 fl oz,710.0
173234,bottle 8 fl oz,237.0
173235,serving 2 tbsp,26.0
173236,fl oz,33.9
173236,fl oz,203.0
173237,"portion, amount of dry mix to make 8 fl oz prepared",2.5
173238,oz,28.4
173238,muffin,57.0
173239,oz,28.4
173239,"piece (1/8 of 9"" dia)",125.0
173239,"piece (1/6 of 8"" pie)",117.0
173240,oz,28.4
173240,"pie (5"" x 3-3/4"")",128.0
173241,oz,28.4
173241,"tortilla, medium (approx 6"" dia)",26.0
173242,oz,28.4
173242,"tortilla, medium (approx 6"" dia)",32.0
173242,"tortilla (approx 10"" dia)",72.0
173242,"tortilla (approx 12"" dia)",117.0
173242,"tortilla (approx 7-8"" dia)",49.0
173243,oz,28.4
173243,cake,340.0
173244,oz,28.4
173244,package (18.50 oz),524.0
173245,serving,22.0
173246,serving,25.0
173247,serving,24.0
173248,serving,26.0
173249,serving,28.0
173250,serving,26.0
173251,serving,20.0
173252,serving,21.0
173253,serving,25.0
173254,serving,67.0
173255,serving,31.0
173256,serving,40.0
173257,serving,57.0
173258,cracker,3.3
173258,cracker (1 NLEA serving),16.0
173259,biscuit,64.0
173259,serving,64.0
173260,serving 2 cookies,38.0
173261,serving,52.0
173262,cup,161.0
173263,cup,155.0
173264,cup spaghetti,121.0
173265,cup spaghetti,141.0
173266,biscuit,150.0
173267,biscuit,182.0
173268,item,132.0
173269,item,128.0
173270,item,155.0
173271,sandwich,171.0
173272,eggs,96.0
173273,round piece,5.5
173273,patty,53.0
173273,serving 14 round pieces,77.0
173273,serving 29 round pieces,160.0
173274,item,120.0
173275,sundae,155.0
173276,sundae,158.0
173277,item,241.0
173278,burrito,241.0
173279,slice,96.0
173279,pizza,744.0
173280,slice,96.0
173280,pizza,778.0
173281,slice,127.0
173281,pizza,1107.0
173281,pizza,541.0
173282,slice,108.0
173282,pizza,865.0
173283,slice,118.0
173283,pizza,947.0
173284,slice,117.0
173284,pie,938.0
173285,slice,123.0
173285,pie,1021.0
173286,slice,153.0
173286,pie,1093.0
173287,slice,87.0
173287,pie,678.0
173288,slice,104.0
173288,pie,938.0
173289,slice,48.0
173289,pie,562.0
173289,pie,362.0
173290,slice,105.0
173290,pizza,841.0
173291,slice,112.0
173291,pizza,897.0
173292,slice,107.0
173292,pizza,853.0
173293,slice,115.0
173293,pizza,922.0
173294,slice,76.0
173294,pizza,590.0
173295,slice,111.0
173295,pizza,895.0
173296,slice,118.0
173296,pizza,946.0
173297,pieces,64.0
173297,pieces,95.0
173297,pieces,159.0
173298,serving 1 patty,53.0
173299,hotcakes 5.3 oz,149.0
173300,item 5.8 oz,165.0
173301,item (6.4 oz),182.0
173302,item (6.3 oz),179.0
173303,regular (12 fl oz),348.0
173303,large (16 fl oz),504.0
173304,regular (12 fl oz),337.0
173304,large (16 fl oz),487.0
173305,sandwich,131.0
173306,item,138.0
173307,sandwich,126.0
173308,item 4 oz,115.0
173309,item 14.8 oz,420.0
173310,item,192.0
173311,item,221.0
173312,item 10.8 oz,305.0
173313,item,142.0
173314,item,124.0
173315,sandwich,171.0
173316,item,131.0
173317,item,247.0
173318,item,205.0
173319,sandwich,155.0
173320,item,280.0
173321,strip,30.0
173321,serving,184.0
173322,item,219.0
173323,item,254.0
173324,fl oz cup,348.0
173325,serving,244.0
173326,serving (1 hot pocket),127.0
173327,serving (1 hot pocket),127.0
173327,package yields,256.0
173328,cup,242.0
173329,cup,262.0
173330,cup (1 serving),196.0
173331,pie,302.0
173332,cup,236.0
173333,cup 1 serving,225.0
173334,piece side,134.0
173334,piece corner,115.0
173334,piece center,278.0
173335,burrito frozen,139.0
173335,oz,28.4
173336,burrito,129.0
173337,oz 1 serving,213.0
173338,serving,385.0
173338,package,422.0
173338,oz,28.4
173339,bowl,340.0
173340,serving (makes about 1 cup prepared),70.0
173341,cup,198.0
173342,cup,137.0
173342,container (mean weight over brands),283.0
173343,cup,125.0
173344,cup,249.0
173345,corndog,78.0
173345,corndog mini,17.0
173346,piece,21.0
173347,cup,56.0
173347,tbsp,10.2
173348,cup,233.0
173349,oz,113.0
173349,steak,369.0
173349,roast,1159.0
173350,oz,113.0
173350,steak,534.0
173351,oz,85.0
173351,steak,363.0
173352,oz,113.0
173352,steak,458.0
173353,oz,85.0
173353,steak,368.0
173354,oz,113.0
173354,steak,191.0
173355,oz,85.0
173355,medallion,30.0
173356,oz,113.0
173356,medallion,44.0
173357,oz,113.0
173357,steak,246.0
173358,serving (3 oz),85.0
173358,steak,188.0
173359,oz,113.0
173359,steak,243.0
173360,oz,85.0
173360,steak,186.0
173361,oz,113.0
173361,steak,209.0
173362,oz,85.0
173362,steak,156.0
173363,oz,113.0
173363,steak,203.0
173364,oz,85.0
173364,steak,253.0
173365,oz,113.0
173366,oz,85.0
173366,medallion,32.0
173367,oz,113.0
173367,steak,207.0
173368,oz,85.0
173368,steak,190.0
173369,oz,113.0
173369,steak,197.0
173370,oz,85.0
173370,steak,150.0
173371,oz,85.0
173371,steak,305.0
173372,oz,85.0
173372,roast,1669.0
173373,oz,85.0
173373,steak,254.0
173374,oz,113.0
173374,steak,382.0
173375,oz,85.0
173375,steak,256.0
173376,oz,113.0
173376,steak,266.0
173377,oz,85.0
173377,steak,173.0
173378,oz,113.0
173378,steak,268.0
173379,oz,85.0
173379,steak,175.0
173380,oz,113.0
173380,steak,316.0
173381,oz,85.0
173381,steak,266.0
173382,oz,113.0
173383,oz,85.0
173383,ribs,1159.0
173384,oz,113.0
173384,ribs,1562.0
173385,oz,85.0
173385,steak,378.0
173386,oz,85.0
173386,steak,385.0
173387,oz,85.0
173387,steak,381.0
173388,oz,85.0
173388,roast,2044.0
173389,oz,113.0
173389,steak,471.0
173389,roast,2557.0
173390,oz,85.0
173390,steak,281.0
173391,oz,85.0
173391,steak,306.0
173392,oz,85.0
173392,steak,291.0
173393,oz,113.0
173393,steak,350.0
173393,roast,2124.0
173394,oz,113.0
173394,steak,376.0
173394,roast,2203.0
173395,oz,85.0
173395,steak,254.0
173396,oz,85.0
173396,steak,256.0
173397,oz,85.0
173397,steak,174.0
173398,oz,85.0
173398,steak,173.0
173399,oz,85.0
173399,steak,175.0
173400,oz,113.0
173400,steak,266.0
173401,oz,85.0
173401,steak,266.0
173402,oz,113.0
173402,steak,326.0
173403,oz,113.0
173403,steak,316.0
173404,oz,113.0
173404,steak,340.0
173405,oz,113.0
173405,ribs,1604.0
173406,oz,113.0
173406,ribs,1562.0
173407,oz,85.0
173407,roast,806.0
173408,oz,113.0
173408,fillet,190.0
173408,roast,1013.0
173409,oz,113.0
173409,steak,199.0
173410,"pat (1"" sq, 1/3"" high)",5.0
173410,tbsp,14.2
173410,cup,227.0
173410,stick,113.0
173411,"pat (1"" sq, 1/3"" high)",3.8
173411,tbsp,9.4
173411,cup,151.0
173411,stick,76.0
173412,tbsp,12.8
173412,cup,205.0
173413,oz,28.4
173414,"cup, diced",132.0
173414,"cup, melted",244.0
173414,"cup, shredded",113.0
173414,oz,28.4
173414,cubic inch,17.0
173414,slice (1 oz),28.0
173415,oz,28.4
173416,"cup, diced",132.0
173416,"cup, shredded",113.0
173416,oz,28.4
173416,cubic inch,17.0
173416,slice (1 oz),28.0
173417,oz,113.0
173417,cup (not packed),226.0
173418,tbsp,14.5
173418,cup,232.0
173418,"tbsp, whipped",10.0
173418,oz,28.4
173418,cubic inch,16.0
173418,"package, small (3 oz)",85.0
173419,oz,28.4
173419,package (7 oz),198.0
173420,"cup, crumbled",150.0
173420,oz,28.4
173420,cubic inch,17.0
173420,wedge (1.33 oz),38.0
173422,oz,28.4
173422,lb,227.0
173423,large,46.0
173424,"cup, chopped",136.0
173424,tbsp,8.5
173424,large,50.0
173425,"cup, sifted",85.0
173425,tbsp,5.0
173426,oz,28.4
173426,lb,227.0
173427,"cup, sifted",107.0
173427,tbsp,7.0
173429,oz,9.9
173429,oz,20.0
173430,"pat (1"" sq, 1/3"" high)",5.0
173430,tbsp,14.2
173430,cup,227.0
173430,stick,113.0
173431,tbsp,5.0
173432,cup,245.0
173432,quart,980.0
173433,oz,28.4
173435,oz,28.4
173436,oz,28.4
173436,lb,227.0
173437,"cup, diced",132.0
173437,"cup, shredded",113.0
173437,oz,28.4
173437,cubic inch,18.0
173437,slice (1 oz),28.0
173438,"cup, diced",132.0
173438,"cup, shredded",113.0
173438,oz,28.4
173438,cubic inch,17.0
173438,slice (1 oz),28.0
173439,"cup, diced",132.0
173439,"cup, shredded",113.0
173439,oz,28.4
173439,cubic inch,17.0
173439,slice (1 oz),28.0
173440,"cup, diced",132.0
173440,"cup, shredded",113.0
173440,oz,28.4
173440,cubic inch,17.0
173440,slice (1 oz),28.0
173441,cup,244.0
173441,quart,976.0
173442,tablespoon,12.0
173442,cup,230.0
173443,tablespoon,12.0
173443,cup,230.0
173444,tablespoon,12.0
173444,cup,230.0
173445,container (6 oz),170.0
173446,tbsp,35.0
173447,slice,21.0
173448,oz,28.0
173449,oz,28.0
173450,cup,250.0
173450,fl oz,31.2
173450,quart,1000.0
173451,container (6 oz),170.0
173451,cup (8 fl oz),245.0
173451,container (8 oz),227.0
173452,cup,100.0
173452,tbsp,5.0
173452,oz,28.4
173453,tbsp,15.0
173454,cup,128.0
173454,cup,32.0
173455,slice 3/4 oz,21.0
173455,slice 2/3 oz,19.0
173456,container (6 oz),170.0
173456,container (4.4 oz),125.0
173456,container (5 oz),142.0
173456,cup (8 fl oz),245.0
173456,container (8 oz),227.0
173456,container (4 oz),113.0
173457,container (6 oz),170.0
173457,cup (8 fl oz),245.0
173457,container (8 oz),227.0
173457,"container, Dannon Sprinkl'ins (4.1 oz)",116.0
173457,container (4 oz),113.0
173458,container (6 oz),170.0
173458,container (4.4 oz),125.0
173458,cup (8 fl oz),245.0
173458,container (8 oz),227.0
173459,tbsp,11.0
173460,scoop,50.0
173461,tbsp,19.0
173462,cup,60.0
173462,cup,240.0
173463,container,170.0
173464,cup,68.0
173465,cup,86.0
173466,bar,50.0
173467,cup,68.0
173468,tsp,6.0
173468,tbsp,18.0
173468,cup,292.0
173468,dash,0.4
173469,tbsp,14.9
173469,cup,239.0
173469,tsp,5.0
173470,tsp,0.8
173470,tsp,0.4
173471,tsp,4.2
173471,tbsp,13.0
173471,cup,208.0
173472,tsp,5.0
173472,tbsp,15.0
173473,tsp,0.7
173473,tbsp,1.7
173474,leaves,0.1
173474,tbsp,3.2
173475,leaves,0.3
173475,tbsp,11.4
173476,tbsp,9.0
173477,bar,36.0
173478,packet,28.0
173479,tbsp,14.7
173479,oz,28.4
173479,jar,71.0
173480,oz,28.4
173480,jar,71.0
173481,tbsp,22.0
173481,oz,28.4
173481,jar,71.0
173481,container,70.0
173482,oz,28.4
173482,jar,71.0
173483,tbsp,15.0
173483,oz,28.4
173483,jar,71.0
173483,jar Beech-Nut Stage 1 (2.5 oz),71.0
173483,jar Gerber Second Foods (2.5 oz),71.0
173483,jar Heinz Strained-2 (2.5 oz),71.0
173484,stick,10.0
173484,jar,71.0
173484,jar Gerber Graduate (2.5 oz),71.0
173485,bar,9.9
173486,stick,10.0
173486,jar,71.0
173486,jar Gerber Graduate (2.5 oz),71.0
173487,serving,99.0
173488,oz,28.4
173488,jar,170.0
173489,oz,28.4
173489,jar,170.0
173490,tbsp,16.0
173490,oz,28.4
173490,jar,113.0
173490,jar Gerber Second Food (4 oz),113.0
173490,jar Beech-Nut Stage 2 (4 oz),113.0
173490,jar Heinz Strained-2 (4 oz),113.0
173491,tbsp,16.0
173491,oz,28.4
173491,jar,170.0
173491,jar Beech-Nut Stage 3 (6 oz),170.0
173491,jar Gerber Third Foods (6 oz),170.0
173492,tbsp,16.0
173492,oz,28.4
173492,jar,170.0
173492,jar Beech-Nut Stage 3 (6 oz),170.0
173492,jar Gerber Third Foods (6 oz),170.0
173492,jar Heinz Junior-3 (6 oz),170.0
173493,oz,28.4
173493,jar,170.0
173494,cup,256.0
173494,tbsp,16.0
173494,oz,28.4
173494,jar,113.0
173494,jar Earth's Best (4.5 oz),128.0
173494,jar Gerber Second Food (4 oz),113.0
173494,jar Beech-Nut Stage 2 (4 oz),113.0
173494,jar Heinz Strained-2 (4 oz),113.0
173495,cup,256.0
173495,tbsp,16.0
173495,oz,28.4
173495,jar,170.0
173495,jar Beech-Nut Stage 3 (6 oz),170.0
173495,jar Gerber Third Foods (6 oz),170.0
173495,jar Heinz Junior-3 (6 oz),170.0
173496,jar Beech-Nut Stage 2 (4 oz),113.0
173496,tbsp,16.0
173496,oz,28.4
173496,jar,113.0
173496,jar Heinz Strained-2 (4 oz),113.0
173497,tbsp,16.0
173497,oz,28.4
173497,jar,170.0
173498,cup,256.0
173498,tbsp,16.0
173498,oz,28.4
173498,jar,113.0
173498,jar Gerber Second Food (4 oz),113.0
173498,jar Beech-Nut Stage 2 (4 oz),113.0
173498,jar Heinz Strained-2 (4 oz),113.0
173499,oz,28.4
173499,jar,113.0
173500,tbsp,16.0
173500,oz,28.4
173500,jar,170.0
173500,jar Beech-Nut Stage 3 (6 oz),170.0
173500,jar Gerber Third Foods (6 oz),170.0
173500,jar Heinz Junior-3 (6 oz),170.0
173501,cup,256.0
173501,tbsp,16.0
173501,oz,28.4
173501,jar,113.0
173501,jar Earth's Best (4.5 oz),113.0
173501,jar Gerber Second Food (4 oz),113.0
173502,cup,256.0
173502,tbsp,16.0
173502,oz,28.4
173502,jar,170.0
173502,jar Gerber Third Foods (6 oz),170.0
173503,oz,28.4
173503,jar,113.0
173504,"jar, Gerber (4 oz)",113.0
173505,cup,224.0
173505,tbsp,14.0
173505,oz,28.4
173505,jar,113.0
173505,jar Gerber Second Food (4 oz),113.0
173505,jar Heinz Strained-2 (4 oz),113.0
173506,cup,224.0
173506,tbsp,14.0
173506,oz,28.4
173506,jar,113.0
173506,jar Beech-Nut Baby's First (2.5 oz),71.0
173506,jar Beech-Nut Stage I (4 oz),113.0
173506,jar Gerber First Foods (2.5 oz),71.0
173506,jar Earth's Best (4.5 oz),128.0
173506,jar Gerber Second Food (4 oz),113.0
173506,jar Heinz Strained-2 (4 oz),113.0
173506,jar Heinz Beginner-1 (2.5 oz),71.0
173507,cup,224.0
173507,tbsp,14.0
173507,oz,28.4
173507,jar,170.0
173507,jar Beech-Nut Stage 3 (6 oz),170.0
173507,jar Gerber Third Foods (6 oz),170.0
173507,jar Heinz Junior-3 (6 oz),170.0
173508,cup,163.0
173508,tbsp,10.0
173508,jar Gerber Graduate (4.5 oz),71.0
173509,cup,16.0
173510,"jar, Gerber (4 oz)",113.0
173511,oz,28.4
173512,tbsp,16.0
173512,oz,28.4
173512,jar,113.0
173512,jar Beech-Nut Baby's First (2.5 oz),71.0
173512,jar Beech-Nut Stage I (4 oz),113.0
173512,jar Gerber First Foods (2.5 oz),71.0
173512,jar Earth's Best (4.5 oz),128.0
173512,jar Gerber Second Food (4 oz),113.0
173512,jar Heinz Strained-2 (4 oz),113.0
173512,jar Heinz Beginner-1 (2.5 oz),71.0
173513,cup,256.0
173513,tbsp,16.0
173513,oz,28.4
173513,jar,170.0
173513,jar Beech-Nut Stage 3 (6 oz),170.0
173513,jar Gerber Third Foods (6 oz),170.0
173514,oz,28.4
173514,jar,113.0
173515,oz,28.4
173515,jar,113.0
173516,tbsp,16.0
173516,oz,28.4
173516,jar,170.0
173516,jar Beech-Nut Stage 3 (6 oz),170.0
173516,jar Gerber Third Foods (6 oz),170.0
173516,jar Heinz Junior-3 (6 oz),170.0
173517,tbsp,15.0
173517,jar NFS,113.0
173517,jar Gerber Second Food (4 oz),113.0
173518,tbsp,15.0
173518,jar NFS,113.0
173518,jar Gerber Second Food (4 oz),113.0
173519,oz,113.0
173519,oz,227.0
173520,serving,7.0
173521,tbsp,16.0
173521,jar Beech-Nut Stage 2 (4 oz),113.0
173522,fl oz,30.5
173523,scoop,8.8
173524,fl oz,30.5
173525,fl oz,30.0
173526,scoop,9.3
173527,ml,1.0
173528,oz,28.4
173529,oz,28.4
173530,oz,28.4
173531,oz,28.4
173532,oz,28.4
173533,oz,28.4
173534,oz,28.4
173535,fl oz,31.4
173536,scoop,8.7
173537,fl oz,31.3
173538,scoop,8.8
173539,serving 100 ml,104.0
173539,fl oz,30.8
173540,Serving 100 ml,106.0
173540,fl oz,30.5
173541,fl oz,30.5
173542,fl oz,31.4
173543,scoop,8.7
173544,fl oz,31.6
173545,scoop,8.8
173546,scoop,8.5
173547,fl oz,31.3
173548,serving 100 ml,106.0
173548,fl oz,30.5
173549,oz,29.0
173550,fl oz,31.0
173551,scoop,8.5
173552,scoop,9.3
173553,fl oz,30.5
173554,scoop,8.4
173555,fl oz,30.4
173556,fl oz,31.4
173557,scoop,8.7
173558,fl oz,30.5
173559,fl oz,30.5
173560,fl oz,30.4
173561,scoop,8.5
173562,tbsp,15.0
173562,cup,245.0
173563,tablespoon,13.6
173563,cup,218.0
173563,tsp,4.5
173564,tbsp,12.8
173564,cup,205.0
173565,tablespoon,13.6
173565,cup,218.0
173565,tsp,4.5
173566,tbsp,12.8
173566,cup,205.0
173567,tbsp,12.8
173567,cup,205.0
173568,tbsp,12.8
173568,cup,205.0
173569,tbsp,12.8
173569,cup,205.0
173570,tbsp,13.6
173570,cup,218.0
173570,tsp,4.5
173571,tbsp,12.8
173571,tsp,4.3
173571,cup,205.0
173572,tbsp,12.8
173572,cup,205.0
173573,tbsp,14.0
173573,cup,218.0
173573,tsp,4.5
173574,tbsp,12.8
173574,cup,205.0
173575,tbsp,12.8
173575,cup,205.0
173576,tbsp,13.6
173576,cup,218.0
173576,tsp,4.5
173577,tsp,4.5
173577,tbsp,13.6
173577,cup,218.0
173578,tbsp,13.6
173578,tsp,4.5
173578,cup,218.0
173579,tbsp,12.8
173579,cup,205.0
173580,tablespoon,14.0
173581,tablespoon,14.0
173582,tbsp,14.0
173582,cup,229.0
173582,tsp,4.8
173583,tbsp,14.3
173583,cup,229.0
173583,tsp,4.8
173584,tbsp,12.8
173584,cup,205.0
173585,tbsp,14.2
173585,cup,227.0
173585,"pat (1"" sq, 1/3"" high)",5.0
173585,stick,113.0
173586,tablespoon,14.0
173587,tbsp,14.0
173588,tbsp (1 NLEA serving),14.0
173590,tbsp,14.0
173590,cup,231.0
173591,tablespoon,14.0
173592,tablespoon,15.0
173592,serving,30.0
173593,tablespoon,15.0
173593,serving (2 tbsp),30.0
173594,tablespoon,15.0
173595,tbsp,13.6
173595,cup,218.0
173595,tsp,4.5
173596,tbsp,13.6
173596,cup,218.0
173596,tsp,4.5
173597,tbsp,13.6
173597,cup,218.0
173597,tsp,4.5
173598,tbsp,13.6
173598,cup,218.0
173598,tsp,4.5
173599,tbsp,14.0
173600,tbsp,13.6
173600,cup,218.0
173600,tsp,4.5
173601,tbsp,13.6
173601,cup,218.0
173601,tsp,4.5
173602,tbsp,13.6
173602,cup,218.0
173602,tsp,4.5
173603,tbsp,13.6
173603,cup,218.0
173603,tsp,4.5
173604,tbsp,13.6
173604,cup,218.0
173604,tsp,4.5
173605,tbsp,14.0
173606,tbsp,12.8
173606,cup,205.0
173607,tbsp,12.8
173607,cup,205.0
173608,tablespoon,14.0
173609,tablespoon,14.0
173610,tablespoon,14.0
173611,unit (yield from 1 lb ready-to-cook chicken),29.0
173611,"drumstick, bone removed",49.0
173612,oz,85.0
173612,drumstick with skin (yield from 1 lb ready-to-cook chicken),105.0
173612,drumstick without skin,96.0
173613,"cup, chopped or diced",140.0
173613,unit (yield from 1 lb ready-to-cook chicken),34.0
173613,"drumstick, bone removed",57.0
173614,oz,113.0
173614,drumstick  with skin,130.0
173614,drumstick without skin,122.0
173615,unit (yield from 1 lb ready-to-cook chicken),95.0
173615,"leg, bone removed",158.0
173616,unit (yield from 1 lb ready-to-cook chicken),67.0
173616,"leg, bone removed",112.0
173617,oz,85.0
173617,"leg, with skin (Sum of drumstick+thigh+back)",258.0
173617,thigh with skin,133.0
173617,drumstick with skin,91.0
173617,back with skin,35.0
173618,"cup, chopped or diced",140.0
173618,unit (yield from 1 lb ready-to-cook chicken),75.0
173618,"leg, bone removed",125.0
173619,oz,113.0
173619,"leg, bone and skin removed (Sum of drumstick+thigh+back meat only)",265.0
173619,thigh bone and skin removed,147.0
173619,drumstick bone and skin removed,88.0
173619,back bone and skin removed,30.0
173620,unit (yield from 1 lb ready-to-cook chicken),16.0
173620,"neck, bone removed",52.0
173621,unit (yield from 1 lb ready-to-cook chicken),11.0
173621,"neck, bone removed",36.0
173622,unit (yield from 1 lb ready-to-cook chicken),11.0
173622,"neck, bone removed",38.0
173623,unit (yield from 1 lb ready-to-cook chicken),6.0
173623,"neck, bone and skin removed",20.0
173624,unit (yield from 1 lb ready-to-cook chicken),38.0
173624,"thigh, bone removed",62.0
173625,oz,85.0
173625,thigh with skin,137.0
173625,thigh without skin,116.0
173626,unit (yield from 1 lb ready-to-cook chicken),41.0
173626,"thigh, bone removed",68.0
173627,oz,113.0
173627,thigh without skin,149.0
173628,unit (yield from 1 lb ready-to-cook chicken),29.0
173628,"wing, bone removed",49.0
173629,unit (yield from 1 lb ready-to-cook chicken),19.0
173629,"wing, bone removed",32.0
173630,oz,85.0
173630,piece,85.0
173631,"cup, chopped or diced",140.0
173631,unit (yield from 1 lb ready-to-cook chicken),24.0
173631,"wing, bone removed",40.0
173632,"wing, bone and skin removed (yield from 1 lb ready-to-cook chicken)",17.0
173632,"wing, bone and skin removed",29.0
173633,oz,85.0
173633,unit (yield from 1 lb ready-to-cook chicken),235.0
173633,chicken,1072.0
173634,oz,85.0
173634,breast,635.0
173634,bird,4405.0
173635,oz,85.0
173635,unit (yield from 1 lb ready-to-cook chicken),210.0
173635,"chicken, bone removed",480.0
173636,oz,85.0
173636,unit (yield from 1 lb ready-to-cook chicken),209.0
173636,"chicken, bone and skin removed",477.0
173637,"cup, chopped or diced",140.0
173637,unit (yield from 1 lb ready-to-cook chicken),78.0
173638,unit (yield from 1 lb ready-to-cook chicken),113.0
173638,"chicken, bone and skin removed",258.0
173639,"cup, chopped or diced",140.0
173639,unit (yield from 1 lb ready-to-cook chicken),94.0
173640,oz,85.0
173640,chicken,905.0
173641,unit (yield from 1 lb ready-to-cook chicken),28.0
173641,giblets,81.0
173642,"cup, chopped or diced",145.0
173642,unit (yield from 1 lb ready-to-cook chicken),17.0
173643,unit (yield from 1 lb ready-to-cook chicken),89.0
173643,"chicken, bone and skin removed",130.0
173644,"cup, chopped or diced",140.0
173644,unit (yield from 1 lb ready-to-cook chicken),64.0
173645,oz,85.0
173645,unit (yield from 1 lb ready-to cook capon),297.0
173645,"capon, bone removed",964.0
173646,oz,85.0
173646,unit (yield from 1 lb ready-to cook capon),196.0
173646,"capon, bone removed",637.0
173647,fl oz,29.6
173647,serving 8 fl oz,237.0
173647,liter,1000.0
173648,fl oz,185.0
173649,packet (.75 oz),21.0
173649,envelope,21.0
173650,serving,243.0
173651,fl oz,35.3
173651,can,424.0
173652,fl oz,31.0
173652,fl oz,248.0
173653,fl oz,36.2
173653,can (12 fl oz),435.0
173654,fl oz,29.6
173654,fl oz,237.0
173655,fl oz,29.6
173655,bottle 11.2 fl oz,331.0
173655,bottle 500 ml,500.0
173655,bottle 25 fl oz,739.0
173656,fl oz,29.6
173656,bottle 16.9 fl oz i,500.0
173656,bottle 24 fl oz,710.0
173657,fl oz,29.6
173658,fl oz,29.6
173658,bottle 8.5 fl oz,251.0
173659,scoop powder,23.0
173659,cup powder,207.0
173660,fl oz,30.5
173660,fl oz,244.0
173660,bottle,609.0
173661,fl oz,32.3
173662,fl oz,30.4
173662,portion (2 oz mix + 1.5 oz whiskey),106.0
173662,fl oz,65.0
173663,fl oz,27.8
173663,fl oz,42.0
173664,fl oz,27.8
173664,fl oz,42.0
173665,fl oz,34.8
173665,fl oz,52.0
173666,fl oz,36.4
173666,can (12 fl oz),437.0
173666,can (6 fl oz),218.0
173667,fl oz,30.9
173667,bottle 8 fl oz,247.0
173668,"oz, boneless",28.4
173668,"cubic inch, boneless",17.0
173668,"fillet, large (7"" x 2-1/4"" x 1/4"")",65.0
173668,"fillet, medium (5"" x 1-3/4"" x 1/4"")",40.0
173668,"fillet, small (2-3/8"" x 1-3/8"" x 1/4"")",20.0
173669,oz,85.0
173669,fillet,184.0
173670,oz,85.0
173670,fillet,193.0
173671,oz,85.0
173671,fillet,193.0
173672,oz,85.0
173672,fillet,225.0
173673,oz,85.0
173673,fillet,187.0
173674,fillet,146.0
173674,oz,85.0
173675,oz,85.0
173676,oz,85.0
173677,oz,85.0
173677,fillet,176.0
173678,fillet,60.0
173678,oz,85.0
173679,fillet,46.0
173679,oz,85.0
173680,oz,85.0
173680,fillet,198.0
173681,fillet,60.0
173681,oz,85.0
173682,"oz, boneless",28.4
173682,fillet,112.0
173682,oz,85.0
173683,fillet,88.0
173683,oz,85.0
173684,oz,85.0
173684,fillet,191.0
173685,oz,28.4
173685,oz,85.0
173686,oz,85.0
173686,fillet,198.0
173687,"oz, boneless",28.4
173687,oz,85.0
173687,"cubic inch, boneless",17.0
173687,"cup, cooked",136.0
173688,oz,85.0
173688,fillet,198.0
173689,oz,85.0
173689,fillet,198.0
173690,oz,85.0
173690,can,411.0
173691,"oz, boneless",28.4
173691,fillet,198.0
173691,oz,85.0
173692,oz,85.0
173692,fillet,155.0
173693,oz,85.0
173693,can,337.0
173694,fillet,101.0
173694,oz,85.0
173695,oz,85.0
173695,fillet,238.0
173696,oz,85.0
173696,fillet,184.0
173697,oz,85.0
173698,oz,85.0
173698,fillet,218.0
173699,oz,85.0
173699,fillet,170.0
173700,fillet,64.0
173700,oz,85.0
173701,oz,85.0
173702,oz,28.4
173702,oz,85.0
173703,oz,85.0
173703,"piece (4-1/2"" x 2-1/8"" x 7/8"")",136.0
173704,oz,85.0
173704,piece,106.0
173705,oz,85.0
173705,fillet,193.0
173706,oz,85.0
173707,oz,85.0
173708,"cup, solid or chunks",146.0
173708,oz,28.4
173708,can,171.0
173708,oz,85.0
173708,"can (12.5 oz), drained",321.0
173709,oz,28.4
173709,oz,85.0
173709,can,165.0
173709,"cup, solid or chunks",154.0
173709,"can (12.5 oz), drained",315.0
173710,oz,85.0
173710,fillet,204.0
173711,oz,85.0
173711,fillet,198.0
173712,"cup, cooked",136.0
173712,"oz, boneless",28.4
173712,"cubic inch, boneless",17.0
173712,oz,85.0
173713,fillet,92.0
173713,oz,85.0
173714,fillet,143.0
173714,oz,85.0
173715,oz,85.0
173715,fillet,159.0
173716,fillet,143.0
173716,oz,85.0
173717,fillet,79.0
173717,oz,85.0
173718,fillet,71.0
173718,oz,85.0
173719,oz,85.0
173719,fillet,178.0
173720,"cup, sliced",127.0
173720,"oz cooked, yield",17.0
173721,oz,28.4
173722,oz,28.4
173723,oz,85.0
173723,"can drained solids, bone and skin removed",247.0
173724,oz,85.0
173724,"can drained solids, bone and skin removed",242.0
173725,oz,85.0
173726,oz,85.0
173727,cup,197.0
173728,cup,230.0
173729,cup,296.0
173730,slice,14.0
173731,cup,253.0
173732,cup,249.0
173733,cup,246.0
173734,cup,194.0
173734,tbsp,12.1
173735,cup,172.0
173736,cup,177.0
173737,cup,260.0
173738,cup,184.0
173739,cup,177.0
173740,cup,177.0
173740,tbsp,11.0
173741,cup,256.0
173742,cup,184.0
173743,cup,177.0
173744,cup,184.0
173744,tbsp,12.2
173745,cup,208.0
173746,cup,182.0
173747,cup,262.0
173748,cup,210.0
173749,cup,215.0
173750,cup,179.0
173751,cup,196.0
173752,cup,177.0
173753,cup,170.0
173754,cup,256.0
173755,cup,103.0
173755,tbsp,6.0
173756,cup,200.0
173756,tbsp,12.5
173757,cup,164.0
173758,cup,167.0
173758,tbsp,10.5
173759,cup,171.0
173760,cup,240.0
173761,cup,240.0
173762,package,79.0
173763,package,79.0
173764,package,91.0
173765,cup,243.0
173766,cup,243.0
173767,cup,243.0
173768,cup,243.0
173769,cup,243.0
173770,cup,243.0
173771,cup,243.0
173772,cup,243.0
173773,cup,243.0
173774,cup,243.0
173775,cup,122.0
173776,cup,243.0
173777,cup,243.0
173778,container,170.0
173779,container,170.0
173780,container,170.0
173781,container,170.0
173782,tbsp,15.0
173783,package,79.0
173784,package,91.0
173785,oz,85.0
173786,package,91.0
173787,oz,56.0
173787,oz,84.0
173788,oz,56.0
173788,oz,84.0
173789,cup,230.0
173790,cup,177.0
173791,cup,262.0
173792,cup,177.0
173793,cup,177.0
173794,cup,182.0
173795,cup,169.0
173796,cup,171.0
173797,cup,169.0
173797,can,258.0
173798,cup,170.0
173799,cup,164.0
173800,can drained,253.0
173801,"can drained, rinsed",254.0
173801,"cup drained, rinsed",152.0
173802,cup,188.0
173803,cup,182.0
173804,cup,166.0
173805,cup,177.0
173806,cup,146.0
173806,oz,28.4
173806,peanut,1.0
173807,cup,147.0
173807,oz,28.4
173808,cup,144.0
173808,oz,28.4
173809,cup,143.0
173809,oz,28.4
173810,oz,113.0
173810,serving,115.0
173811,oz,85.0
173811,"chop, excluding refuse (yield from 1 raw chop, with refuse, weighing 85 g)",30.0
173812,oz,113.0
173812,serving,115.0
173813,oz,85.0
173813,serving,85.0
173814,oz,85.0
173814,"piece, cooked, excluding refuse (yield from 1 lb raw meat with refuse)",157.0
173815,oz,28.4
173815,lb,453.6
173816,oz,85.0
173816,"piece, cooked, excluding refuse (yield from 1 lb raw meat with refuse)",209.0
173817,oz,28.4
173817,lb,453.6
173818,oz,85.0
173818,"unit, cooked (yield from 1 lb raw meat)",272.0
173819,oz,85.0
173819,"unit, cooked (yield from 1 lb raw meat)",295.0
173820,oz,85.0
173820,"unit, cooked (yield from 1 lb raw meat)",304.0
173821,oz,85.0
173821,"unit, cooked (yield from 1 lb raw meat)",358.0
173822,oz,85.0
173822,"piece, cooked, excluding refuse (yield from 1 lb raw meat with refuse)",351.0
173823,oz,113.0
173823,roast,1495.0
173824,oz,85.0
173824,"chop, excluding refuse (yield from 1 raw chop, with refuse, weighing 195 g)",80.0
173825,oz,85.0
173825,"piece, cooked, excluding refuse (yield from 1 lb raw meat with refuse)",229.0
173826,oz,113.0
173826,roast,1495.0
173826,oz,28.4
173827,oz,85.0
173827,"piece, cooked, excluding refuse (yield from 1 lb raw meat with refuse)",240.0
173828,oz,28.4
173828,lb,453.6
173829,oz,85.0
173829,"piece, cooked, excluding refuse (yield from 1 lb raw meat with refuse)",163.0
173830,oz,85.0
173830,"piece, cooked, excluding refuse (yield from 1 lb raw meat with refuse)",215.0
173831,oz,85.0
173831,"piece, cooked, excluding refuse (yield from 1 lb raw meat with refuse)",182.0
173832,oz,85.0
173832,"piece, cooked, excluding refuse (yield from 1 lb raw meat with refuse)",251.0
173833,oz,28.4
173833,"steak, excluding refuse (yield from 1 raw steak, with refuse, weighing 385 g)",304.0
173834,oz,85.0
173834,"steak, excluding refuse (yield from 1 raw steak, with refuse, weighing 385 g)",173.0
173835,oz,113.0
173835,chop,450.0
173836,oz,85.0
173836,"piece, cooked, excluding refuse (yield from 1 lb raw meat with refuse)",186.0
173837,oz,85.0
173837,"piece, cooked, excluding refuse (yield from 1 lb raw meat with refuse)",244.0
173838,oz,113.0
173838,chop,450.0
173838,oz,28.4
173839,oz,85.0
173839,"piece, cooked, excluding refuse (yield from 1 lb raw meat with refuse)",174.0
173840,oz,28.4
173840,lb,453.6
173841,oz,85.0
173841,"piece, cooked, excluding refuse (yield from 1 lb raw meat with refuse)",183.0
173842,oz,85.0
173842,"piece, cooked, excluding refuse (yield from 1 lb raw meat with refuse)",251.0
173843,oz,28.4
173843,lb,453.6
173844,oz,85.0
173844,"piece, cooked (yield from 1 lb raw meat, boneless)",340.0
173845,oz,28.4
173845,lb,453.6
173846,oz,85.0
173846,"piece, cooked (yield from 1 lb raw meat, boneless)",277.0
173847,oz,85.0
173848,oz,85.0
173848,"piece, cooked (yield from 1 lb raw meat, boneless)",340.0
173849,oz,113.0
173850,oz,113.0
173850,roast with bone,325.0
173851,oz,28.4
173851,lb,453.6
173852,oz,85.0
173852,"piece, cooked (yield from 1 lb raw meat, boneless)",340.0
173853,oz,28.4
173853,lb,453.6
173854,oz,85.0
173854,"piece, cooked (yield from 1 lb raw meat, boneless)",340.0
173855,oz,28.4
173855,lb,453.6
173856,"slice, medium (4-1/2"" dia x 1/8"" thick) (1 oz)",28.0
173856,"slice (4"" dia x 1/8"" thick)",23.0
173857,oz 1 serving,28.0
173857,serving,28.0
173857,package,454.0
173858,serving (1 serving),56.0
173859,oz,28.4
173859,"link (4"" long)",60.0
173860,"slice (1 oz) (4"" x 4"" x 3/32"" thick)",28.0
173860,slices,57.0
173861,slice,38.0
173864,grams 1 serving,56.0
173864,slice,28.0
173865,oz,28.4
173865,"slice (4-1/4"" x 4-1/4"" x 1/16"")",21.0
173866,tbsp,15.0
173866,oz,28.4
173867,link,72.0
173867,oz,28.4
173868,serving 2 slices,57.0
173868,oz,28.4
173868,oz,57.0
173869,oz,28.4
173869,slice,38.0
173870,"slice (2-1/2"" dia x 1/4"" thick)",18.0
173870,oz,28.4
173871,serving,57.0
173872,serving,28.0
173872,slice,28.0
173873,serving,28.0
173873,slice,28.0
173874,slice,12.0
173875,frankfurter,51.0
173876,link,23.0
173876,patty,37.0
173877,oz,85.0
173877,link,367.0
173878,link,370.0
173879,oz,85.0
173879,link,396.0
173882,oz,85.0
173883,oz,85.0
173883,serving,56.0
173884,cup (1 NLEA serving),28.0
173885,cup (1 NLEA serving),29.0
173886,cup (1 NLEA serving),27.0
173887,cup (1 NLEA serving),33.0
173887,cup,28.0
173888,cup (1 NLEA serving),30.0
173889,cup (1 NLEA serving),32.0
173890,cup (1 NLEA serving),31.0
173891,cup (1 NLEA serving),32.0
173891,cup,21.0
173892,cup (1 NLEA serving),48.0
173893,cup (1 NLEA serving),28.0
173894,cup (1 NLEA serving),59.0
173895,cup (1 NLEA serving),31.0
173896,oz,28.4
173896,cup,113.0
173897,cup,219.0
173898,packet (1 NLEA serving),28.0
173899,packet (1 NLEA serving),28.0
173900,cup (1 NLEA serving),45.0
173901,tbsp,10.6
173901,tbsp (1 NLEA serving),33.0
173901,cup,173.0
173902,cup,241.0
173902,tbsp,15.0
173902,cup,181.0
173903,tbsp (1 NLEA serving),35.0
173904,cup,81.0
173904,cup,27.0
173905,cup,234.0
173905,tbsp,14.6
173905,cup,175.0
173906,cup,240.0
173906,tbsp,15.0
173906,"packet, prepared",161.0
173907,packet,43.0
173908,cup,240.0
173908,tbsp,15.0
173908,"packet, prepared",158.0
173909,cup,30.0
173910,biscuits (1 NLEA serving),47.0
173911,cup (1 NLEA serving),49.0
173912,cup,14.0
173912,oz,14.2
173913,cup,12.0
173913,oz,14.2
173914,cup,244.0
173914,cup,183.0
173915,cup (1 serving),251.0
173916,tbsp,10.9
173916,cup,176.0
173917,cup,233.0
173918,cup (1 NLEA serving),52.0
173919,cup (1 NLEA serving),55.0
173920,packet,43.0
173921,cup (1 NLEA serving),28.0
173922,packet (1 NLEA serving),45.0
173923,packet (1 NLEA serving),45.0
173924,package (1 NLEA serving),75.0
173925,package (1 NLEA serving),73.0
173926,packet (1 NLEA serving),45.0
173927,cup (1 NLEA serving),55.0
173928,cup slices,171.0
173929,cup slices,170.0
173930,cup slices,204.0
173931,cup,60.0
173932,cup slices,206.0
173933,cup,248.0
173933,fl oz,31.0
173933,drink box (8.45 fl oz),262.0
173934,can (6 fl oz),211.0
173935,cup,239.0
173935,fl oz,29.9
173936,"cup, whole, without pits",227.0
173937,"cup, halves",244.0
173937,apricot half with liquid,36.0
173938,"cup, halves",247.0
173939,"cup, halves",253.0
173939,apricot half with liquid,40.0
173940,cup,249.0
173941,"cup, halves",130.0
173941,half,3.5
173942,"cup, halves",250.0
173943,"cup, halves",270.0
173944,"cup, mashed",225.0
173944,"cup, sliced",150.0
173944,"extra small (less than 6"" long)",81.0
173944,"small (6"" to 6-7/8"" long)",101.0
173944,"medium (7"" to 7-7/8"" long)",118.0
173944,"large (8"" to 8-7/8"" long)",136.0
173944,"extra large (9"" or longer)",152.0
173944,NLEA serving,126.0
173945,cup,100.0
173945,tbsp,6.2
173946,cup,144.0
173947,cup,250.0
173948,cup,256.0
173949,"cup, frozen",140.0
173950,"cup, unthawed",155.0
173950,package (20 oz),567.0
173951,"cup, thawed",230.0
173951,package (10 oz),284.0
173952,cup slices,150.0
173952,fruit without skin and seeds,20.0
173953,"cup, pieces",160.0
173953,fruit without skin and seeds,235.0
173954,"cup, without pits",155.0
173954,"cup, with pits, yields",103.0
173955,cup,244.0
173956,cup,252.0
173957,"cup, pitted",248.0
173958,"cup, pitted",250.0
173959,"cup, pitted",252.0
173960,cup,253.0
173961,cup,277.0
173961,"slice (1/2"" thick, approx 8 slices per can)",57.0
173962,cup,275.0
173963,cup,112.0
173964,cup,112.0
173965,oz,113.0
173965,steak,150.0
173966,oz,113.0
173966,steak,152.0
173967,oz,113.0
173968,oz,113.0
173969,oz,113.0
173969,steak,150.0
173970,oz,113.0
173970,roast,339.0
173971,oz,113.0
173971,roast,337.0
173972,oz,113.0
173972,roast,763.0
173973,oz,113.0
173973,steak,173.0
173974,oz,113.0
173974,roast,348.0
173975,oz,113.0
173975,roast,350.0
173976,oz,113.0
173976,roast,337.0
173977,oz,113.0
173977,roast,763.0
173978,oz,113.0
173978,roast,348.0
173979,oz,113.0
173979,roast,359.0
173980,oz,113.0
173980,steak,344.0
173981,oz,113.0
173981,steak,344.0
173982,oz,113.0
173982,roast,758.0
173983,oz,113.0
173983,roast,770.0
173984,oz,113.0
173984,steak,140.0
173985,oz,113.0
173985,steak,133.0
173986,oz,85.0
173986,steak,151.0
173987,oz,113.0
173987,roast,644.0
173988,oz,113.0
173988,steak,170.0
173989,oz,113.0
173989,steak,168.0
173990,oz,113.0
173990,steak,172.0
173991,oz,85.0
173991,roast,481.0
173992,oz,85.0
173993,oz,85.0
173994,oz,85.0
173995,oz,85.0
173996,oz,113.0
173996,roast,770.0
173998,oz,113.0
173998,roast,675.0
173999,oz,113.0
173999,roast,658.0
174000,oz,113.0
174000,roast,625.0
174001,oz,113.0
174001,roast,673.0
174002,oz,113.0
174002,steak,267.0
174003,oz,113.0
174003,steak,266.0
174003,oz,28.0
174004,oz,85.0
174004,roast,481.0
174005,oz,85.0
174005,roast,478.0
174007,oz,85.0
174008,oz,85.0
174009,oz,113.0
174009,steak,304.0
174011,oz,113.0
174011,steak,302.0
174012,oz,113.0
174013,oz,85.0
174014,oz,113.0
174015,oz,113.0
174016,oz,85.0
174016,lb,453.6
174017,oz,85.0
174017,lb,453.6
174018,oz,113.0
174018,lb,453.6
174019,oz ( 1 serving  ),85.0
174019,lb,453.6
174020,oz,85.0
174020,lb,453.6
174021,oz,85.0
174021,lb,453.6
174022,oz,85.0
174022,lb,453.6
174023,oz,85.0
174023,lb,453.6
174024,oz,85.0
174024,lb,453.6
174025,oz,85.0
174025,lb,453.6
174026,oz,85.0
174026,lb,453.6
174027,oz,85.0
174027,lb,453.6
174028,oz,85.0
174029,oz,85.0
174030,oz,113.0
174031,oz,85.0
174032,oz,85.0
174032,patty (yield from 1/4 lb raw meat),77.0
174033,oz,85.0
174033,patty ( yield from 1/4 lb raw meat ),83.0
174034,oz,85.0
174035,oz,85.0
174036,oz,113.0
174037,oz,113.0
174037,serving (3 oz),85.0
174038,oz,85.0
174039,oz,85.0
174040,oz,85.0
174041,oz,113.0
174041,lb,453.6
174042,oz,85.0
174042,lb,453.6
174043,oz,85.0
174043,lb,453.6
174044,oz,85.0
174044,lb,453.6
174045,oz,85.0
174045,lb,453.6
174046,oz,113.0
174046,lb,453.6
174047,oz,85.0
174047,lb,453.6
174048,oz,113.0
174048,lb,453.6
174049,oz,113.0
174049,lb,453.6
174050,oz,85.0
174050,lb,453.6
174051,oz,113.0
174051,lb,453.6
174052,oz,85.0
174052,lb,453.6
174053,oz,85.0
174053,lb,453.6
174054,oz,85.0
174054,lb,453.6
174055,oz,113.0
174055,lb,453.6
174056,oz,113.0
174056,lb,453.6
174057,oz,113.0
174057,lb,453.6
174058,oz,113.0
174058,lb,453.6
174059,oz,85.0
174059,lb,453.6
174060,oz,85.0
174060,lb,453.6
174061,oz,85.0
174061,lb,453.6
174062,cup,254.0
174062,can,521.0
174063,can,519.0
174063,cup,256.0
174064,cup,245.0
174064,can,516.0
174065,cup,245.0
174065,can,525.0
174066,Tbsp,35.0
174067,cup,60.0
174068,tbsp,30.0
174068,cup,125.0
174069,tbsp,30.0
174069,cup,125.0
174070,tbsp,18.0
174071,cup,240.0
174072,cup,58.0
174072,cup,230.0
174072,jar 12 oz,324.0
174073,cup,208.0
174073,can,527.0
174074,cup,56.0
174074,cup,224.0
174074,can,283.0
174075,piece,43.0
174076,piece,79.0
174077,piece,106.0
174078,piece,98.0
174079,cookies,31.0
174080,cookies,32.0
174081,tortilla 1 serving,41.0
174082,cake 1 serving,27.0
174083,serving,35.0
174084,serving 55 pieces,31.0
174085,serving 2 waffles,70.0
174086,serving 3 pancakes,105.0
174087,cookie,11.8
174088,cookie,29.0
174089,roll,51.0
174090,roll,56.0
174091,slice 1 serving,48.0
174092,piece bagel 1 serving,43.0
174093,muffin 1 serving,57.0
174094,piece roll,43.0
174095,cookie,34.0
174096,cookie,62.0
174097,bar,22.0
174098,goldfish,5.2
174099,slice,34.0
174100,slice,35.0
174101,slice,28.0
174102,slice,25.0
174103,crackers,10.7
174104,crackers,6.1
174105,waffle,45.0
174105,box,242.0
174106,pancake,48.0
174106,box,352.0
174107,roll,30.0
174107,slice,39.0
174108,fl oz,240.0
174109,fl oz,29.4
174109,serving 5 fl oz,147.0
174110,fl oz,29.3
174110,serving 5 fl oz,147.0
174111,fl oz,473.0
174112,fl oz,240.0
174113,fl oz,360.0
174114,tbsp,12.0
174115,cup (8 fl oz),256.0
174116,cup,240.0
174117,serving 2 tbsp,39.0
174117,cup,300.0
174118,cup (8 fl oz),282.0
174119,cup,265.0
174121,cup,265.0
174122,serving (3 heaping tsp or 1 envelope),28.0
174123,fl oz,34.3
174123,serving 6 fl oz,206.0
174124,serving 1 envelope,20.0
174125,fl oz,29.6
174126,tsp,1.0
174126,packet,2.0
174127,tsp dry,6.4
174128,cup,270.0
174129,cup,266.0
174129,fl oz,473.0
174130,fl oz,29.8
174130,serving 6 fl oz,179.0
174131,fl oz,240.0
174132,fl oz,240.0
174133,tsp rounded,1.8
174134,fl oz,29.9
174134,serving 6 fl oz,179.0
174135,serving 2 tbsp,13.0
174136,fl oz,242.0
174137,fl oz,247.0
174138,tsp (1 serving),3.0
174139,fl oz,30.1
174139,serving 6 fl oz,180.0
174140,fl oz,30.6
174140,cup (8 fl oz),245.0
174141,fl oz,335.0
174142,fl oz,30.6
174142,cup (8 fl oz),245.0
174143,tbsp,4.5
174144,fl oz,473.0
174145,fl oz,356.0
174146,fl oz,355.0
174147,fl oz,248.0
174148,fl oz,248.0
174149,fl oz,247.0
174150,fl oz,248.0
174151,fl oz,31.0
174151,cup (8 fl oz),248.0
174152,fl oz,34.8
174152,can (12 fl oz),418.0
174153,fl oz,30.9
174153,cup,247.0
174154,serving,15.0
174155,fl oz,29.6
174155,fl oz,178.0
174156,fl oz,29.6
174156,fl oz,178.0
174156,cup (8 fl oz),237.0
174157,fl oz,29.0
174158,fl oz,29.6
174158,cup,237.0
174158,ml,1.0
174159,serving,22.0
174160,serving,266.0
174161,fl oz (1 NLEA serving),237.0
174161,serving,237.0
174162,fl oz,243.0
174163,serving 8 oz,238.0
174164,serving,238.0
174165,serving 8 oz,243.0
174166,serving 8 oz,243.0
174167,serving 8 oz,243.0
174168,serving 8 oz,243.0
174169,serving 8 oz,246.0
174170,serving 8 oz,246.0
174171,serving,240.0
174172,serving 8 fluid oz,240.0
174172,can,480.0
174173,serving,238.0
174174,cup,244.0
174175,serving 8 oz,246.0
174176,container,209.0
174176,ml,1.0
174177,serving (8 fl oz),246.0
174177,fl oz,360.0
174178,fl oz,237.0
174179,cup (8 fl oz),238.0
174180,cup (8 fl oz),238.0
174181,tbsp,10.0
174181,serving,20.0
174182,oz,85.0
174183,"oz, boneless",28.4
174183,anchovy,4.0
174183,can (2 oz),45.0
174183,anchovies,20.0
174184,fillet,79.0
174184,oz,85.0
174185,oz,85.0
174185,fillet,170.0
174186,oz,85.0
174186,fillet,159.0
174187,fillet,87.0
174187,oz,85.0
174188,tbsp,16.0
174188,oz,28.4
174189,oz,85.0
174189,can,312.0
174190,oz,28.4
174190,"piece (5-1/2"" x 1-1/2"" x 1/2"")",80.0
174190,oz,85.0
174191,fillet,116.0
174191,oz,85.0
174192,fillet,79.0
174192,oz,85.0
174193,oz,85.0
174193,fillet,204.0
174194,"oz, boneless",28.4
174194,oz with bone (yield after bone removed),22.0
174194,"cubic inch, boneless",17.0
174194,fillet,159.0
174194,oz,85.0
174195,"piece (4"" x 2"" x 1/2"")",57.0
174195,"stick (4"" x 1"" x 1/2"")",28.0
174196,"oz, boneless",28.4
174196,fillet,163.0
174196,oz,85.0
174197,fillet,127.0
174197,oz,85.0
174198,fillet,150.0
174198,oz,85.0
174199,"oz, boneless",28.4
174199,"cubic inch, boneless",17.0
174199,oz,85.0
174200,oz,85.0
174200,fillet,204.0
174201,oz,85.0
174201,fillet,159.0
174202,leg,134.0
174202,oz,85.0
174203,oz,85.0
174204,oz,85.0
174204,crab,21.0
174205,"cup, flaked and pieces",118.0
174205,cup (not packed),135.0
174205,oz,28.4
174205,oz,85.0
174206,oz,85.0
174206,crayfish,27.0
174207,oz,85.0
174208,lobster,150.0
174208,oz,85.0
174209,cup,145.0
174209,oz,85.0
174210,medium,6.0
174210,small,5.0
174210,oz,85.0
174210,large,28.0
174211,oz,85.0
174211,lobster,209.0
174212,oz,85.0
174213,oz,85.0
174214,oz,85.0
174214,large,20.0
174214,"lb (with shell), yield after shell removed",68.0
174214,medium,14.5
174214,small,9.0
174214,cup (with liquid and clams),227.0
174215,oz,85.0
174216,cup,150.0
174216,oz,28.4
174216,large,20.0
174216,medium,16.0
174216,small,10.0
174216,oz,85.0
174217,oz,85.0
174218,oz,85.0
174219,medium,50.0
174219,oz,85.0
174220,unit 2 large or 5 small,30.0
174220,oz,85.0
174221,large,31.0
174222,oz,85.0
174223,"oz, boneless",28.4
174223,oz,85.0
174224,oz,85.0
174224,can,369.0
174225,oz,85.0
174225,can,454.0
174226,oz,85.0
174226,can,369.0
174227,oz,85.0
174227,can,171.0
174228,fillet,124.0
174228,oz,85.0
174229,fillet,117.0
174229,oz,85.0
174230,fillet,90.0
174230,oz,85.0
174231,fillet,25.0
174231,oz,85.0
174232,oz,85.0
174232,fillet,159.0
174233,fillet,144.0
174233,oz,85.0
174234,oz,85.0
174234,fillet,151.0
174235,oz,85.0
174235,fillet,151.0
174236,oz,85.0
174236,fillet,154.0
174237,oz,85.0
174237,fillet,151.0
174238,fillet,137.0
174238,oz,85.0
174239,oz,28.4
174239,oz,85.0
174240,oz,85.0
174240,fillet,151.0
174241,fillet,50.0
174241,oz,85.0
174242,oz,85.0
174242,fillet,186.0
174243,fillet,144.0
174243,oz,85.0
174244,fillet,50.0
174244,oz,85.0
174245,oz,85.0
174245,fillet,159.0
174246,oz,85.0
174246,fillet,154.0
174247,fillet,119.0
174247,oz,85.0
174248,fillet,146.0
174248,oz,85.0
174249,oz,85.0
174250,medium,25.0
174250,oz,85.0
174251,oz,85.0
174252,cup,178.0
174252,tbsp,11.1
174253,cup,188.0
174253,tbsp,11.7
174254,cup,241.0
174255,cup,202.0
174256,cup,207.0
174256,tbsp,13.0
174257,cup,202.0
174258,cup,140.0
174259,cup,207.0
174260,"cup in shell, edible yield",63.0
174260,"cup, shelled",180.0
174260,oz shelled,28.4
174260,nuts,28.0
174261,"cup, chopped",144.0
174261,oz shelled (32 nuts),28.4
174262,oz,28.4
174262,peanut,1.0
174263,cup,146.0
174263,oz,28.4
174264,cup,143.0
174264,oz,28.4
174265,tbsp,32.0
174265,cup,258.0
174266,tbsp,32.0
174266,cup,258.0
174267,cup,60.0
174267,oz,28.4
174268,cup,88.0
174268,oz,28.4
174269,link,25.0
174269,patty,38.0
174269,slice,28.0
174270,cup,186.0
174271,cup,172.0
174271,tbsp,10.7
174272,cup,166.0
174273,"cup, stirred",84.0
174273,tbsp,5.2
174274,"cup, stirred",85.0
174275,cup,105.0
174275,tbsp,6.6
174276,oz,28.4
174277,tbsp,16.0
174277,tsp,5.3
174277,cup,255.0
174277,individual packet,8.9
174278,tbsp,18.0
174278,tsp,6.0
174279,tbsp,18.0
174279,tsp,6.0
174279,cup,58.0
174280,block,11.0
174281,cup,167.0
174282,cup,171.0
174283,cup,182.0
174284,cup,192.0
174285,can drained solids,266.0
174286,can drained solids,277.0
174287,pattie,70.0
174288,cup,92.0
174290,block,91.0
174291,block,122.0
174292,slice,84.0
174293,cup,243.0
174293,fl oz,30.6
174294,tbsp,32.0
174294,cup,258.0
174295,cup,243.0
174295,fl oz,30.6
174296,cup,242.0
174296,can,444.0
174297,package,79.0
174298,cup,238.0
174298,tablespoon,16.0
174299,cup,172.0
174300,cup,172.0
174301,oz,28.4
174302,oz,28.4
174303,piece,17.0
174304,piece,13.0
174305,block,11.0
174306,cup,171.0
174307,oz,28.4
174307,lb,453.6
174308,oz,85.0
174308,"piece, cooked, excluding refuse (yield from 1 lb raw meat with refuse)",187.0
174309,oz,28.4
174309,lb,453.6
174310,oz,85.0
174310,"unit, cooked (yield from 1 lb raw meat)",286.0
174311,oz,28.4
174311,lb,453.6
174312,oz,85.0
174312,"piece, cooked, excluding refuse (yield from 1 lb raw meat with refuse)",265.0
174313,oz,28.4
174313,lb,453.6
174314,oz,85.0
174314,"piece, cooked, excluding refuse (yield from 1 lb raw meat with refuse)",218.0
174315,oz,28.4
174315,lb,453.6
174316,oz,85.0
174316,"piece, cooked, excluding refuse (yield from 1 lb raw meat with refuse)",262.0
174317,oz,28.4
174317,lb,453.6
174318,oz,85.0
174318,"piece, cooked, excluding refuse (yield from 1 lb raw meat with refuse)",201.0
174319,oz,28.4
174319,"chop, excluding refuse (yield from 1 raw chop, with refuse, weighing 120 g)",95.0
174320,oz,85.0
174320,"piece, cooked, excluding refuse (yield from 1 lb raw meat with refuse)",193.0
174321,oz,28.4
174321,lb,453.6
174322,oz,85.0
174322,"piece, cooked, excluding refuse (yield from 1 lb raw meat with refuse)",229.0
174323,oz,85.0
174323,"piece, cooked, excluding refuse (yield from 1 lb raw meat with refuse)",255.0
174324,oz,85.0
174324,"piece, cooked, excluding refuse (yield from 1 lb raw meat with refuse)",248.0
174325,oz,85.0
174325,"piece, cooked, excluding refuse (yield from 1 lb raw meat with refuse)",269.0
174326,oz,113.0
174326,lb,453.6
174327,oz,85.0
174327,"piece, cooked, excluding refuse (yield from 1 lb raw meat with refuse)",174.0
174328,oz,85.0
174328,"chop, excluding refuse (yield from 1 raw chop, with refuse, weighing 160 g)",93.0
174329,oz,85.0
174329,"piece, cooked, excluding refuse (yield from 1 lb raw meat with refuse)",286.0
174330,oz,28.4
174330,"chop, excluding refuse (yield from 1 raw chop, with refuse, weighing 160 g)",101.0
174331,oz,85.0
174331,"chop, excluding refuse (yield from 1 raw chop, with refuse, weighing 160 g)",55.0
174332,oz,85.0
174332,"piece, cooked, excluding refuse (yield from 1 lb raw meat with refuse)",252.0
174333,oz,85.0
174333,"piece, cooked, excluding refuse (yield from 1 lb raw meat with refuse)",258.0
174334,oz,28.4
174334,lb,453.6
174335,oz,85.0
174335,"piece, cooked, excluding refuse (yield from 1 lb raw meat with refuse)",168.0
174336,oz,28.4
174336,lb,453.6
174337,oz,85.0
174337,"piece, cooked, excluding refuse (yield from 1 lb raw meat with refuse)",222.0
174338,oz,28.4
174338,lb,453.6
174339,oz,85.0
174339,"piece, cooked, excluding refuse (yield from 1 lb raw meat with refuse)",164.0
174340,oz,113.0
174340,serving,115.0
174341,oz,85.0
174341,serving,85.0
174342,oz,113.0
174342,serving,115.0
174343,oz,85.0
174343,"piece, cooked, excluding refuse (yield from 1 lb raw meat with refuse)",258.0
174344,oz,28.4
174344,lb,453.6
174345,oz,85.0
174345,"piece, cooked (yield from 1 lb raw meat, boneless)",340.0
174346,oz,85.0
174346,"piece, cooked (yield from 1 lb raw meat, boneless)",299.0
174347,oz,28.4
174347,lb,453.6
174348,oz,85.0
174348,"piece, cooked (yield from 1 lb raw meat, boneless)",299.0
174349,oz,85.0
174349,"piece, cooked (yield from 1 lb raw meat, boneless)",399.0
174350,oz,85.0
174350,"unit, cooked (yield from 1 lb raw meat)",240.0
174351,oz,28.4
174351,oz,113.0
174352,oz,85.0
174352,"unit, cooked (yield from 1 lb raw meat)",339.0
174353,oz,85.0
174353,"unit, cooked (yield from 1 lb raw meat)",330.0
174354,oz,28.4
174354,oz,113.0
174355,oz,85.0
174355,"unit, cooked (yield from 1 lb raw meat)",255.0
174356,oz,28.4
174356,oz,113.0
174357,oz,85.0
174357,"unit, cooked (yield from 1 lb raw meat)",184.0
174358,oz,85.0
174358,slice,67.0
174359,oz,28.4
174359,oz,113.0
174360,oz,85.0
174360,"unit, cooked (yield from 1 lb raw meat)",381.0
174361,oz,28.4
174361,oz,113.0
174362,oz,28.4
174362,oz,113.0
174363,oz,85.0
174363,"unit, cooked (yield from 1 lb raw meat)",240.0
174364,oz,28.4
174364,oz,113.0
174365,oz,85.0
174365,"unit, cooked (yield from 1 lb raw meat)",295.0
174366,oz,28.4
174366,oz,113.0
174367,oz,85.0
174367,"unit, cooked (yield from 1 lb raw meat)",255.0
174368,oz,28.4
174368,oz,113.0
174369,oz,85.0
174369,"unit, cooked (yield from 1 lb raw meat)",255.0
174370,oz,28.4
174370,oz,113.0
174371,"piece, cooked, excluding refuse (yield from 1 lb raw meat with refuse)",148.0
174371,oz,85.0
174372,oz,28.4
174372,lb,453.6
174373,oz,85.0
174373,"piece, cooked, excluding refuse (yield from 1 lb raw meat with refuse)",260.0
174374,oz,28.4
174374,lb,453.6
174375,oz,85.0
174375,"steak, excluding refuse (yield from 1 raw steak, with refuse, weighing 102 g)",53.0
174376,oz,85.0
174376,"piece, cooked, excluding refuse (yield from 1 lb raw meat with refuse)",265.0
174377,oz,28.4
174377,lb,453.6
174378,oz,85.0
174378,"piece, cooked, excluding refuse (yield from 1 lb raw meat with refuse)",222.0
174379,oz,85.0
174379,"piece, cooked, excluding refuse (yield from 1 lb raw meat with refuse)",263.0
174380,oz,28.4
174380,"steak, excluding refuse (yield from 1 raw steak, with refuse, weighing 102 g)",84.0
174381,oz,85.0
174381,"steak, excluding refuse (yield from 1 raw steak, with refuse, weighing 102 g)",45.0
174382,oz,85.0
174382,"steak, excluding refuse (yield from 1 raw steak, with refuse, weighing 102 g)",59.0
174383,oz,85.0
174383,"piece, cooked, excluding refuse (yield from 1 lb raw meat with refuse)",284.0
174384,oz,28.4
174384,lb,453.6
174385,oz,85.0
174385,"piece, cooked, excluding refuse (yield from 1 lb raw meat with refuse)",242.0
174386,oz,28.4
174386,lb,453.6
174387,oz,85.0
174387,"piece, cooked, excluding refuse (yield from 1 lb raw meat with refuse)",168.0
174388,oz,28.4
174388,lb,453.6
174389,oz,85.0
174389,"piece, cooked, excluding refuse (yield from 1 lb raw meat with refuse)",233.0
174390,oz,28.4
174390,lb,453.6
174391,oz,85.0
174391,"piece, cooked, excluding refuse (yield from 1 lb raw meat with refuse)",233.0
174392,oz,28.4
174392,lb,453.6
174393,oz,85.0
174393,"piece, cooked, excluding refuse (yield from 1 lb raw meat with refuse)",283.0
174394,oz,85.0
174394,"piece, cooked, excluding refuse (yield from 1 lb raw meat with refuse)",291.0
174395,oz,85.0
174395,"piece, cooked, excluding refuse (yield from 1 lb raw meat with refuse)",274.0
174396,oz,85.0
174396,"piece, cooked, excluding refuse (yield from 1 lb raw meat with refuse)",237.0
174397,oz,28.4
174397,lb,453.6
174397,oz,85.0
174398,oz,85.0
174398,"piece, cooked, excluding refuse (yield from 1 lb raw meat with refuse)",270.0
174399,oz,28.4
174399,lb,453.6
174399,oz,85.0
174400,oz,85.0
174400,"piece, cooked, excluding refuse (yield from 1 lb raw meat with refuse)",236.0
174401,oz,28.4
174401,lb,453.6
174401,oz,85.0
174402,oz,85.0
174402,"piece, cooked, excluding refuse (yield from 1 lb raw meat with refuse)",180.0
174403,oz,28.4
174403,lb,453.6
174403,oz,85.0
174404,oz,85.0
174404,"piece, cooked, excluding refuse (yield from 1 lb raw meat with refuse)",284.0
174405,oz,85.0
174405,"piece, cooked, excluding refuse (yield from 1 lb raw meat with refuse)",246.0
174406,oz,28.4
174406,lb,453.6
174406,oz,85.0
174407,oz,85.0
174407,"piece, cooked, excluding refuse (yield from 1 lb raw meat with refuse)",306.0
174408,oz,28.4
174408,lb,453.6
174408,oz,85.0
174409,oz,85.0
174410,oz,28.4
174411,oz,85.0
174412,oz,28.4
174413,oz,85.0
174414,oz,113.0
174414,chop,63.0
174415,oz,85.0
174415,chop,54.0
174416,oz,113.0
174416,chop,63.0
174416,oz,85.0
174417,oz,28.4
174417,oz,85.0
174418,oz,85.0
174419,oz,28.4
174419,oz,85.0
174420,oz,85.0
174421,serving ( 3 oz ),85.0
174421,patty,113.0
174422,patty ( yield from 112.7 g raw meat ),87.0
174422,serving ( 3 oz ),85.0
174423,serving ( 3 oz ),85.0
174423,steak ( yield from 309.7 g raw meat ),194.0
174424,serving ( 3 oz ),85.0
174424,roast ( yield from 1247 g raw meat ) ( 3 to 5 lb roast),774.0
174425,patty ( yield from 102.2 g raw meat ),102.0
174426,patty ( yield from 104.1 g raw meat ),95.0
174426,serving ( 3 oz ),85.0
174427,steak ( yield from 148.1 g raw meat ),114.0
174427,serving ( 3 oz ),85.0
174428,serving ( 3 oz ),85.0
174428,steak ( yield from 233.1 g raw meat ),176.0
174429,steak ( yield from 123.5 g raw meat ),92.0
174429,serving ( 3 oz ),85.0
174430,serving ( 3 oz ),85.0
174430,roast ( yield from 271.8 g raw meat ) (0.5 to 1 lb roast),202.0
174431,steak ( yield from 134.9 g raw meat ),102.0
174431,serving ( 3 oz ),85.0
174432,oz,113.0
174432,roast with bone,235.0
174433,oz,113.0
174433,roast with bone,235.0
174436,oz,85.0
174437,oz,113.0
174438,oz,113.0
174439,oz,85.0
174440,oz,85.0
174441,oz,113.0
174442,oz,113.0
174443,oz,85.0
174444,oz,113.0
174445,oz,85.0
174446,oz,113.0
174447,oz,85.0
174448,oz,113.0
174449,oz,85.0
174450,oz,113.0
174451,oz,85.0
174452,oz,113.0
174453,oz,85.0
174454,oz,113.0
174455,oz,113.0
174456,oz,113.0
174457,oz,85.0
174458,oz,85.0
174459,oz,85.0
174460,oz,85.0
174461,oz,85.0
174462,oz,85.0
174463,oz,113.0
174464,oz,113.0
174465,giblets,115.0
174465,unit (yield from 1 lb ready-to cook capon),18.0
174466,"cup, chopped or diced",145.0
174466,unit (yield from 1 lb ready-to cook capon),11.0
174467,liver,44.0
174467,unit (yield from 1 lb ready-to-cook duck),10.0
174468,oz,85.0
174468,unit (yield from 1 lb ready-to-cook duck),239.0
174468,duck,270.0
174469,unit (yield from 1 lb ready-to-cook duck),73.0
174469,"breast, bone and skin removed",83.0
174470,oz,85.0
174470,unit (yield from 1 lb ready-to-cook goose),320.0
174470,goose,1319.0
174471,oz,85.0
174471,unit (yield from 1 lb ready-to-cook guinea),275.0
174471,guinea,264.0
174472,oz,85.0
174472,unit (yield from 1 lb ready-to-eat pheasant),371.0
174472,pheasant,400.0
174473,oz,85.0
174473,unit (yield from 1 lb ready-to-eat pheasant),326.0
174473,pheasant,352.0
174474,oz,85.0
174474,unit (yield from 1 lb ready-to-eat pheasant),169.0
174474,"breast, bone and skin removed",182.0
174475,oz,85.0
174475,unit (yield from 1 lb ready-to-cook squab),297.0
174475,squab,199.0
174476,serving ( 3 oz ),85.0
174476,fan fillet,513.0
174477,serving ( 3 oz ),85.0
174477,steak,394.0
174478,oz,85.0
174478,flat fillet,354.0
174479,oz,85.0
174479,full rump,695.0
174480,serving ( 3 oz ),85.0
174480,steak,244.0
174481,patty,109.0
174481,patty,435.0
174482,patty,93.0
174482,serving ( 3 oz ),85.0
174483,serving ( cooked from 4oz raw),85.0
174483,oz,28.4
174484,serving (cooked from 4 oz raw),85.0
174484,oz,28.4
174485,serving (cooked from 4 oz raw),85.0
174485,oz,28.4
174486,serving ( 3 oz ),85.0
174487,serving ( cooked from 4 oz raw),85.0
174487,oz,28.4
174488,serving ( 3 oz ),85.0
174489,serving (cooked from 4 oz raw),85.0
174489,oz,28.4
174489,lb,453.0
174490,serving ( 3 oz ),85.0
174491,oz,85.0
174491,liver,44.0
174492,oz,85.0
174493,oz,113.0
174493,patty (cooked from 4 oz raw),85.0
174493,lb,453.0
174494,oz,85.0
174495,oz,85.0
174496,oz,85.0
174496,lb,453.0
174497,oz,85.0
174497,drumstick without skin,95.0
174497,drumstick with skin,105.0
174498,oz,85.0
174498,thigh without skin,111.0
174498,thigh with skin,129.0
174499,oz,113.0
174499,drumstick with skin,143.0
174499,drumstick without skin,136.0
174500,oz,85.0
174500,thigh with skin,130.0
174500,thigh without skin,112.0
174501,oz,85.0
174502,oz,113.0
174503,oz,85.0
174504,oz,85.0
174504,drumstick with skin,106.0
174504,drumstick without skin,95.0
174505,oz,85.0
174505,thigh with skin,130.0
174505,thigh without skin,112.0
174506,oz,85.0
174506,back,182.0
174507,oz,113.0
174508,oz,85.0
174509,oz,113.0
174509,lb,453.0
174510,oz,85.0
174511,oz,113.0
174511,lb,453.0
174512,oz,85.0
174512,lb,453.0
174513,oz,113.0
174513,breast,1171.0
174514,oz,85.0
174514,breast,852.0
174515,oz,113.0
174515,breast,1150.0
174516,breast,863.0
174516,oz,85.0
174517,oz,113.0
174517,wing,518.0
174518,oz,113.0
174518,thigh,454.0
174519,oz,85.0
174519,breast,1654.0
174520,oz,113.0
174520,back,1245.0
174521,oz,85.0
174521,back,949.0
174522,cup,124.0
174523,tbsp,17.0
174523,cup,143.0
174523,cup,279.0
174525,cup,250.0
174525,cup,125.0
174526,cup,250.0
174526,cup,125.0
174527,tsp,4.7
174527,tsp,1.2
174528,tsp,4.7
174528,tsp,1.2
174529,tbsp,18.0
174530,cup,245.0
174531,tbsp,18.0
174532,cup,216.0
174533,cup,245.0
174534,cup,253.0
174535,cup,245.0
174536,cup,249.0
174537,cup (8 fl oz),248.0
174537,fl oz,31.0
174537,"can (10.75 oz), prepared",602.0
174538,cup,126.0
174539,serving 1 cup,252.0
174539,fl oz,31.5
174540,serving 1 cup,252.0
174540,fl oz,31.5
174541,cup (8 fl oz),248.0
174541,"can (10.75 oz), prepared",602.0
174544,tbsp,16.0
174544,cup,146.0
174544,cup,283.0
174545,serving 1 cup,243.0
174546,serving 1 cup,252.0
174546,fl oz,31.5
174547,cup condensed,124.0
174548,cup,243.0
174548,can,526.0
174549,cup (8 fl oz),244.0
174549,"can (10.75 oz), prepared",593.0
174550,cup (8 fl oz),247.0
174550,"can (11 oz), prepared",600.0
174551,cup (8 fl oz),244.0
174551,"can (10.75 oz), prepared",593.0
174552,cup,206.0
174552,can,527.0
174553,cup,244.0
174553,fl oz,30.5
174553,"can (10.75 oz), prepared",593.0
174554,serving 1 cup,249.0
174554,fl oz,31.1
174555,serving 1 cup,248.0
174555,fl oz,31.0
174556,cup,251.0
174556,can,519.0
174557,cup (8 fl oz),241.0
174557,"can (10.5 oz), prepared",586.0
174558,cup (8 fl oz),244.0
174558,"can (10.75 oz), prepared",593.0
174559,cup (8 fl oz),244.0
174559,"can (10.75 oz), prepared",593.0
174560,cup (8 fl oz),241.0
174560,"can (10.5 oz), prepared",586.0
174561,serving 1 cup,259.0
174561,fl oz,32.4
174562,cup,244.0
174562,fl oz,30.5
174562,"can (10.75 oz), prepared",593.0
174563,cup (8 fl oz),241.0
174563,fl oz,30.1
174563,"can (10.5 oz), prepared",586.0
174564,cup,241.0
174564,"can (10.5 oz), prepared",586.0
174565,cup (8 fl oz),244.0
174565,"can (10.75 oz), prepared",593.0
174566,cup (8 fl oz),243.0
174566,cube (6 fl oz prepared),182.0
174567,cup 8 fl oz,261.0
174567,fl oz,32.6
174568,serving 1 cup,230.0
174568,fl oz,28.7
174569,cup 8 fl oz,265.0
174570,slice oval,9.3
174570,slice rectangle,13.8
174571,oz,28.4
174571,"slice (4-1/4"" x 4-1/4"" x 1/16"")",21.0
174572,slice,28.0
174572,slice NFS,28.0
174572,cup wafer slices or shaved,81.0
174572,cubic inch,14.0
174572,oz,57.0
174573,oz,28.4
174573,slice (15 per 8 oz package),15.0
174574,slices,100.0
174575,oz,85.0
174575,piece,2.0
174575,oz,28.0
174576,slice,38.0
174576,slices,57.0
174577,oz,85.0
174577,"sausage (10"" long x 1-1/4"" dia)",227.0
174578,patty,27.0
174578,link,23.0
174578,serving,48.0
174579,"link (raw dimensions: 4"" long x 7/8"" dia), cooked",13.0
174579,"patty, cooked (raw dimensions: 3-7/8"" dia x 1/4"" thick)",27.0
174580,cup,128.0
174581,tbsp,13.0
174581,oz,28.4
174582,slice,9.8
174582,oz,28.0
174582,slices 1 serving,27.0
174583,tbsp,15.0
174583,oz,28.4
174584,"link (4"" long x 1-1/8"" dia)",68.0
174584,"link, little (2"" long x 3/4"" dia)",16.0
174585,oz,85.0
174587,"slice (4"" dia x 1/8"" thick)",23.0
174587,oz,28.4
174588,"slice (4"" dia x 1/8"" thick)",23.0
174588,oz,28.4
174589,serving (1 slice),28.0
174590,link,9.0
174590,serving,57.0
174591,serving,45.0
174592,serving,14.0
174592,slice 12 oz pkg,16.0
174592,slice 6 oz pkg,9.8
174593,serving,30.0
174594,oz (1 serving),56.0
174595,serving 2.96 oz,84.0
174596,cup,55.0
174597,serving .25 cup,57.0
174598,oz,100.0
174599,oz,28.4
174601,serving 2.7 oz,77.0
174602,oz,28.0
174603,oz,28.0
174604,serving 2 oz,56.0
174605,link,84.0
174606,oz,56.0
174607,serving 2 oz,56.0
174608,serving 2 oz,56.0
174609,serving 2 oz,56.0
174610,oz,28.4
174611,oz (1 serving),55.0
174612,slice,28.0
174613,oz (1 serving),48.0
174614,frankfurter,48.0
174614,package,451.0
174615,serving (1 hot dog),52.0
174617,serving,57.0
174618,serving,43.0
174619,cup (1 NLEA serving),30.0
174620,cup (1 NLEA serving),32.0
174621,cup (1 NLEA serving),27.0
174622,cup (1 NLEA serving),56.0
174623,cup (1 NLEA serving),56.0
174624,packet,35.0
174625,packet,37.0
174626,cup (1 NLEA serving),40.0
174628,cup (1 NLEA serving),30.0
174629,cup,37.0
174630,cup (1 NLEA serving),41.0
174631,cup (1 NLEA serving),30.0
174632,cup (1 NLEA serving),60.0
174633,cup (1 NLEA serving),28.0
174634,cup (1 NLEA serving),33.0
174635,cup (1 NLEA serving),16.0
174636,packet (1 NLEA serving),43.0
174637,packet (1 NLEA serving),50.0
174638,packet (1 NLEA serving),41.0
174639,cup (1 NLEA serving),55.0
174640,cup,40.0
174641,cup,40.0
174642,cup,29.0
174643,cup (1 NLEA serving),27.0
174643,cup,37.0
174644,cup (1 NLEA serving),30.0
174645,cup (1 NLEA serving),33.0
174646,cup (1 NLEA serving),30.0
174647,cup (1 NLEA serving),29.0
174648,cup (1 NLEA serving),28.0
174649,cup (1 NLEA serving),29.0
174650,bar,25.0
174651,serving (3 T dry cereal plus 1 cup water),268.0
174652,cup (1 NLEA serving),26.0
174653,cup (1 NLEA serving),52.0
174654,cup (1 NLEA serving),55.0
174655,tablespoon (1 NLEA serving),33.0
174655,tbsp,13.8
174655,cup,174.0
174656,tbsp,8.9
174656,cup,128.0
174657,cup (1 NLEA serving),26.0
174658,cup (1 NLEA serving),49.0
174659,cup (1 NLEA serving),32.0
174660,packet,41.0
174661,packet,33.0
174662,packet (1 NLEA serving),31.0
174663,cup (1 NLEA serving),29.0
174664,cup (1 NLEA serving),30.0
174666,cup,259.0
174667,cup,237.0
174668,cup,237.0
174669,cup,245.0
174670,cup,249.0
174671,cup,252.0
174672,cup,259.0
174673,"cup sections, with juice",230.0
174673,"fruit (3-3/4"" dia)",123.0
174673,NLEA serving,154.0
174674,"cup sections, with juice",230.0
174674,"fruit (3-3/4"" dia)",123.0
174675,"cup sections, with juice",230.0
174675,"fruit (3-3/4"" dia)",123.0
174676,"cup sections, with juice",230.0
174676,"fruit (3-3/4"" dia)",118.0
174677,"cup sections, with juice",230.0
174677,"fruit (3-3/4"" dia)",118.0
174679,cup,250.0
174679,fl oz,31.2
174680,can (6 fl oz),207.0
174681,cup,247.0
174681,fl oz,30.9
174682,cup,92.0
174682,grape,2.4
174683,cup,151.0
174683,grapes,49.0
174683,NLEA serving,126.0
174684,cup,245.0
174685,cup,256.0
174686,cup,238.0
174687,"cup, sliced",165.0
174687,"cup 1"" pieces",151.0
174688,oz,85.0
174688,fillet,135.0
174689,oz,85.0
174689,fillet,135.0
174690,oz,85.0
174690,fillet,135.0
174691,oz,113.0
174691,fillet,178.0
174691,roast,844.0
174692,oz,113.0
174692,fillet,166.0
174692,roast,866.0
174693,oz,85.0
174693,fillet,121.0
174694,oz,85.0
174694,fillet,124.0
174695,oz,113.0
174695,fillet,186.0
174695,roast,955.0
174696,oz,113.0
174696,fillet,164.0
174696,roast,901.0
174697,oz,113.0
174697,fillet,163.0
174697,roast,938.0
174698,oz,113.0
174698,fillet,167.0
174698,roast,847.0
174699,oz,113.0
174699,steak,249.0
174700,oz,113.0
174700,steak,267.0
174701,oz,85.0
174701,fillet,135.0
174702,oz,85.0
174702,fillet,138.0
174703,oz,85.0
174703,fillet,129.0
174704,oz,85.0
174704,steak,165.0
174705,oz,85.0
174705,steak,156.0
174706,oz,113.0
174706,steak,223.0
174707,oz,113.0
174707,steak,238.0
174708,oz,85.0
174708,roast,634.0
174709,oz,85.0
174709,roast,677.0
174710,oz,85.0
174710,roast,571.0
174711,oz,113.0
174711,fillet,173.0
174711,roast,852.0
174712,oz,85.0
174712,steak,236.0
174713,oz,85.0
174713,steak,234.0
174714,oz,85.0
174714,steak,235.0
174715,oz,85.0
174716,oz,113.0
174717,oz,85.0
174718,oz,113.0
174719,oz,85.0
174720,oz,113.0
174721,oz,85.0
174722,oz,113.0
174723,oz,113.0
174724,oz,85.0
174725,oz,113.0
174726,oz,113.0
174727,oz,113.0
174728,oz,85.0
174729,oz,113.0
174730,oz,85.0
174731,oz,113.0
174732,oz,85.0
174733,oz,85.0
174734,oz,113.0
174735,oz,113.0
174736,oz,113.0
174737,oz,85.0
174738,oz,113.0
174739,oz,85.0
174740,oz,113.0
174741,oz,85.0
174742,oz,113.0
174743,oz,85.0
174744,oz,113.0
174745,oz,85.0
174746,oz,113.0
174747,oz,85.0
174748,oz,85.0
174749,oz,113.0
174750,oz,113.0
174751,oz,85.0
174752,oz,85.0
174753,oz,85.0
174754,oz,85.0
174755,oz,85.0
174756,oz,85.0
174757,oz,113.0
174758,oz,85.0
174759,oz,85.0
174760,oz,113.0
174761,oz,113.0
174761,lb,453.6
174762,oz,113.0
174762,lb,453.6
174763,oz,113.0
174763,lb,453.6
174764,oz,85.0
174764,lb,453.6
174765,oz,113.0
174765,lb,453.6
174766,oz,113.0
174766,lb,453.6
174767,oz,85.0
174767,lb,453.6
174768,oz,85.0
174768,lb,453.6
174769,oz,85.0
174769,serving,85.0
174770,oz,113.0
174770,roast,261.0
174771,oz,85.0
174771,roast,591.0
174772,oz,113.0
174772,roast,271.0
174773,oz,85.0
174773,roast (yield from 666 g raw meat),547.0
174774,oz,85.0
174774,steak,383.0
174775,oz,85.0
174775,steak (yield from 467 g raw meat),379.0
174776,oz,113.0
174776,steak,188.0
174777,oz,113.0
174777,steak,173.0
174778,oz,28.4
174779,Roll,23.0
174780,bar,55.0
174781,bar,55.0
174782,bar,22.0
174783,oz,28.4
174783,Bag,28.0
174783,package,34.0
174784,oz,28.4
174785,cup,7.9
174785,bag,87.0
174786,bar,80.0
174787,bar,48.0
174788,oz,28.4
174789,oz,28.4
174790,large,143.0
174790,medium,115.0
174790,small,62.0
174791,oz,28.4
174792,bar,50.0
174793,bar,78.0
174794,bar,35.0
174795,bar,60.0
174796,oz,28.4
174797,bar,40.0
174797,bar,20.0
174798,package,20.0
174799,bar,68.0
174800,bar,24.0
174801,bar,35.0
174802,bar,35.0
174803,bar,38.0
174804,oz,28.4
174804,pieces average,28.0
174805,pieces,28.0
174805,bag,227.0
174806,serving,30.0
174807,cup,241.0
174808,cup,233.0
174809,fl oz,480.0
174810,fl oz,30.8
174810,"can (6.8 fl oz, 200 ml)",209.0
174811,fl oz,32.3
174811,fl oz,65.0
174812,fl oz,30.4
174812,portion (2 oz mix + 1.5 oz whiskey),106.0
174813,scoop,44.0
174814,fl oz,414.0
174815,fl oz,27.8
174815,jigger (1.5 fl oz),42.0
174816,can,250.0
174817,fl oz,27.8
174817,fl oz,42.0
174818,fl oz,27.8
174818,fl oz,42.0
174819,fl oz,27.8
174819,jigger (1.5 fl oz),42.0
174820,fl oz,240.0
174820,cup,240.0
174821,fl oz,240.0
174822,fl oz,240.0
174823,fl oz,254.0
174824,tbsp,11.0
174825,can,355.0
174826,can,355.0
174827,fl oz,240.0
174828,fl oz,473.0
174829,serving 8 oz,245.0
174830,serving 8 oz,246.0
174831,cup,245.0
174832,cup,262.0
174833,fl oz,29.4
174833,serving (5 fl oz),147.0
174834,fl oz,29.4
174834,serving (5 fl oz),147.0
174835,fl oz,29.4
174835,serving (5 fl oz),147.0
174836,fl oz,29.4
174836,serving (5 fl oz),147.0
174837,fl oz,29.4
174837,serving (5 fl oz),147.0
174838,fl oz,29.4
174838,serving (5 fl oz),147.0
174839,fl oz,29.4
174839,serving (5 fl oz),147.0
174840,fl oz,29.4
174840,serving (5 fl oz),147.0
174841,fl oz,29.3
174841,serving (5 fl oz),147.0
174842,fl oz,29.6
174842,can or bottle (16 fl oz),474.0
174842,can or bottle (12 fl oz),355.0
174843,fl oz,29.5
174843,serving (5 fl oz),147.0
174844,fl oz,30.5
174844,serving (5 fl oz),152.0
174845,fl oz,29.5
174845,serving (5 fl oz),147.0
174846,fl oz,30.5
174846,can or bottle (16 fl oz),488.0
174846,can or bottle (12 fl oz),366.0
174847,fl oz,30.6
174847,serving (8 fl oz),245.0
174847,serving (12 fl oz),368.0
174847,serving (16.9 fl oz),518.0
174848,fl oz,29.3
174848,serving (5 fl oz),147.0
174849,fl oz,30.0
174849,serving (5 fl oz),150.0
174850,fl oz,29.6
174850,can or bottle (16 fl oz),474.0
174850,can (12 fl oz),355.0
174850,"drink, small (16 fl oz)",474.0
174850,"drink, medium (22 fl oz)",651.0
174850,"drink, large (32 fl oz)",947.0
174850,"drink, extra large (44 fl oz)",1302.0
174851,fl oz,30.7
174851,serving 12 fl oz,368.0
174851,serving 16 fl oz,491.0
174852,fl oz,30.7
174852,can or bottle (12 fl oz),370.0
174852,can or bottle (16 fl oz),492.0
174852,"drink, small (16 fl oz)",492.0
174852,"drink, medium (22 fl oz)",676.0
174852,"drink, large (32 fl oz)",984.0
174852,"drink, extra large (44 fl oz)",1353.0
174853,fl oz,29.6
174853,can (8 fl oz),355.0
174854,fl oz,31.0
174854,can or bottle (16 fl oz),496.0
174854,can or bottle (12 fl oz),372.0
174855,cup,268.0
174856,fl oz,227.0
174858,serving,18.0
174858,cup,218.0
174859,fl oz,33.0
174859,cup 8 fl oz,264.0
174860,serving,18.0
174860,scoop (2 tbsp),29.0
174861,fl oz,31.8
174861,cup 8 fl oz,255.0
174862,fl oz,30.9
174862,cup 8 fl oz,247.0
174863,fl oz,29.6
174863,cup,237.0
174864,serving (4 tbsp or 1 envelope),21.0
174864,individual serving (4-5 heaping tsp or 1 envelope),21.0
174865,cup (8 fl oz),265.0
174866,serving (3 heaping tsp or 1 envelope),21.0
174867,cup (8 fl oz),265.0
174868,fl oz,31.0
174868,cup (8 fl oz),248.0
174869,serving (2-3 heaping tsp),22.0
174870,cup (8 fl oz),266.0
174871,fl oz,29.6
174871,fl oz,178.0
174871,cup (8 fl oz),237.0
174872,serving 2 tsp,0.7
174873,fl oz,29.7
174873,serving 6 fl oz,178.0
174873,serving 8 fl oz,238.0
174874,oz,85.0
174875,oz,113.0
174876,oz,85.0
174877,oz,113.0
174878,oz,113.0
174879,oz,85.0
174880,oz,85.0
174880,cutlet,44.0
174881,oz,85.0
174881,chop,352.0
174882,oz,113.0
174883,oz,85.0
174884,oz,113.0
174885,oz,85.0
174885,"leg bottom, boneless",723.0
174886,oz,85.0
174886,"leg hindshank, heel on",418.0
174887,oz,113.0
174887,"leg hindshank, heel on",530.0
174888,oz,85.0
174888,roast,121.0
174889,oz,85.0
174889,roast,329.0
174890,oz,85.0
174890,roast,447.0
174891,oz,85.0
174892,oz,113.0
174893,oz,85.0
174893,"leg hindshank, heel on",418.0
174894,oz,113.0
174894,"leg hindshank, heel on",530.0
174895,oz,85.0
174895,leg trotter off,1808.0
174896,oz,113.0
174896,leg trotter off,2674.0
174897,oz,85.0
174897,roast,121.0
174898,oz,85.0
174898,chop,43.0
174899,bagel,99.0
174899,"mini bagel (2-1/2"" dia)",26.0
174899,"small bagel (3"" dia)",69.0
174899,"medium bagel (3-1/2"" to 4"" dia)",105.0
174899,"large bagel (4-1/2"")",131.0
174899,oz,28.4
174900,"mini bagel (2-1/2"" dia)",24.0
174900,"small bagel (3"" dia)",65.0
174900,"medium bagel (3-1/2"" to 4"" dia)",99.0
174900,"large bagel (4-1/2"")",123.0
174900,oz,28.4
174901,oz,28.4
174901,"mini bagel (2-1/2"" dia)",26.0
174901,"small bagel (3"" dia)",69.0
174901,"medium bagel (3-1/2"" to 4"" dia)",105.0
174901,"large bagel (4-1/2"" dia)",131.0
174902,"cup, purchased",120.0
174902,"cup, homemade",114.0
174902,"cup, poured from box",128.0
174902,"cup, spooned into cup",120.0
174902,cup (NLEA serving size),40.0
174902,oz,28.4
174903,oz,28.4
174904,serving 1 biscuit,58.0
174904,oz,28.4
174905,oz,28.4
174905,"biscuit (2-1/4"" dia)",21.0
174906,oz,28.4
174906,individual loaf (include Keebler Elfin Loaves),57.0
174906,slice,60.0
174907,oz,28.4
174907,slice,45.0
174908,oz,28.4
174908,package (8.5 oz),241.0
174909,muffin,51.0
174909,piece,60.0
174909,oz,28.4
174910,oz,28.4
174910,piece,65.0
174911,oz,28.4
174911,"slice, small",29.0
174911,"slice, medium",59.0
174911,"slice, large",88.0
174912,oz,28.4
174913,oz,28.4
174913,slice,29.0
174914,oz,28.4
174914,slice regular,24.0
174914,slice large,38.0
174915,"pita, large (6-1/2"" dia)",60.0
174915,"pita, small  (4"" dia)",28.0
174916,"pita, large (6-1/2"" dia)",64.0
174916,"pita, small  (4"" dia)",28.0
174917,oz,28.4
174917,slice,19.0
174918,oz,28.4
174918,"slice, regular",26.0
174918,"slice, snack-size",7.0
174918,"slice, thin",20.0
174918,"slice (5"" x 4"" x 3/8"")",32.0
174919,oz,28.4
174919,slice,23.0
174920,oz,28.4
174920,slice,23.0
174920,"slice, thick",32.0
174920,"slice, thin",20.0
174921,oz,28.4
174921,slice,21.0
174922,oz,28.4
174922,slice,23.0
174923,oz,28.4
174923,slice,27.0
174924,slice,29.0
174924,oz,28.4
174924,"cup, crumbs",45.0
174924,"cup, cubes",35.0
174924,"slice, large",30.0
174924,slice,25.0
174924,slice crust not eaten,12.0
174924,"slice, thin",20.0
174924,"slice thin, crust not eaten",9.0
174924,"slice, very thin",15.0
174925,oz,28.4
174925,"cup, crumbs",45.0
174925,"cup, cubes",42.0
174925,"slice, large",27.0
174925,slice crust not eaten,11.0
174925,"slice, thin",17.0
174925,"slice thin, crust not eaten",8.0
174925,"slice, very thin",13.0
174925,slice,22.0
174926,oz,28.4
174926,slice,44.0
174927,oz,28.4
174927,slice,42.0
174927,"slice, thin (3-3/4"" x 5"" x 3/8"")",33.0
174928,oz,28.4
174928,cup,108.0
174929,"cup, small pieces",46.0
174929,"stick, small (approx 4-1/4"" long)",5.0
174929,"stick (7-5/8"" x 5/8"")",10.0
174929,"stick (9-1/4"" x 3/8"")",6.0
174930,oz,28.4
174930,package (6 oz),170.0
174931,oz,28.4
174931,cup,100.0
174932,oz,28.4
174932,package (18 oz),510.0
174933,oz,28.4
174933,piece (1/8 cake),71.0
174934,piece (1/12 of a cake),138.0
174934,cake,1660.0
174934,piece (1/8 of 18 oz cake),64.0
174934,oz,28.4
174935,oz,28.4
174935,package (18.25 oz),517.0
174936,oz,28.4
174936,piece (1/6 of 19 oz cake),90.0
174937,oz,28.4
174937,piece (1/8 cake),50.0
174938,oz,28.4
174938,"piece (1/8 of 8"" x 5-3/4"" cake)",56.0
174939,oz,28.4
174939,piece,43.0
174940,piece (1/10 of 10.6 oz cake),30.0
174940,piece (1/12 of 12 oz cake),28.0
174940,snack cake (2.5 oz),71.0
174941,oz,28.4
174942,oz,28.4
174942,cupcake,50.0
174943,oz,28.4
174943,cake,42.0
174944,piece (1/12 of a cake),144.0
174944,cake,1729.0
174944,piece (1/8 of 18 oz cake),64.0
174944,oz,28.4
174945,serving,67.0
174945,oz,28.4
174946,oz,28.4
174946,package (18.50 oz),524.0
174947,serving,43.0
174947,package (18.50 oz),524.0
174947,oz,28.4
174948,oz,28.4
174948,package (21.5 oz),610.0
174949,oz,28.4
174949,"brownie (2"" square)",24.0
174950,oz,28.4
174950,cookie,5.0
174951,oz,28.4
174951,cookie,21.0
174952,oz,28.4
174952,package (17.5 oz),496.0
174953,serving,33.0
174953,"portion, dough spoon from roll",29.0
174953,oz,28.4
174954,oz,28.4
174954,"cookie, medium (2-1/4"" dia)",12.0
174955,oz,28.4
174955,"bar (2"" square)",32.0
174955,"cookie, medium (2-1/4"" dia)",16.0
174956,oz,28.4
174956,cookie,7.0
174956,"large (approx 3-1/2"" to 4"" dia)",32.0
174957,oz,28.4
174957,cracker,15.0
174957,"cup, crushed",84.0
174957,large rectangular piece or 2 squares or 4 small rectangular pieces,14.0
174958,pieces,27.0
174958,oz,28.4
174959,oz,28.4
174959,"anisette sponge (4"" x 1-1/8"" x 7/8"")",13.0
174959,"breakfast treat (approx 4"" x 2"" x 7/8"")",24.0
174959,ladyfinger,11.0
174960,oz,28.4
174960,package (17.5 oz),496.0
174961,oz,28.4
174961,"portion, dough for 1 cookie",16.0
174962,oz,28.4
174962,cookie,12.0
174963,oz,28.4
174963,cookie,24.0
174964,oz,28.4
174964,"cookie (3"" dia)",20.0
174965,oz,28.4
174965,cookie,14.0
174966,oz,28.4
174966,cookie,15.0
174967,oz,28.4
174967,cookie,11.8
174968,oz,28.4
174968,"cookie (2"" dia)",14.0
174969,oz,28.4
174969,cookie,10.0
174970,oz,28.4
174970,wafer,4.0
174971,oz,28.4
174971,cookie,17.0
174972,serving,33.0
174972,cookie dough for 1rolled cookie,17.0
174972,cookie 1 pre-sliced cookie dough,26.0
174972,oz,28.4
174973,oz,28.4
174973,"cup, crumbs",80.0
174973,large,6.0
174973,medium,4.0
174973,small,3.0
174974,wafers,30.0
174974,wafers mini wafers,11.6
174975,oz,14.2
174975,"cup, bite size",62.0
174975,"cup, crushed",72.0
174975,gold fish,0.6
174975,"bag, single serving",28.0
174975,snack stick,2.0
174975,"cracker (1"" square)",1.0
174976,oz,14.2
174976,"cup, crushed",83.0
174976,cracker,39.0
174976,sandwich,6.5
174977,oz,14.2
174977,cup pieces,30.0
174977,"cup, rounds",33.0
174977,melba round,3.0
174977,"piece (3-3/4"" x 1-3/4"" x 1/8"")",5.0
174978,oz,14.2
174978,toast,5.0
174979,oz,14.2
174979,toast,5.0
174980,oz,14.2
174980,cracker,11.0
174981,oz,14.2
174981,rusk,10.0
174982,crackers,16.0
174982,"crackers, regular size, round (1 serving)",16.0
174982,"cracker, round",3.2
174982,"cracker, rectangular",4.0
174982,cup crushed,52.0
174983,oz,14.2
174983,"cracker, sandwich",7.0
174984,oz,14.2
174984,"cracker, sandwich",7.0
174985,crackers 1 serving,34.0
174985,crackers 1 serving,14.5
174986,oz,28.4
174986,"eclair (5"" x 2"" x 1-3/4"")",48.0
174986,cream puff shell,66.0
174987,oz,28.4
174987,"croissant, mini",28.0
174987,"croissant, small",42.0
174987,"croissant, medium",57.0
174987,"croissant, large",67.0
174988,oz,28.4
174988,"croissant, medium",57.0
174989,oz,28.4
174989,"croissant, small",42.0
174989,"croissant, medium",57.0
174989,"croissant, large",67.0
174990,donut,40.0
174990,oz,28.4
174990,doughnut stick,52.0
174990,"doughnut, long type (twist) (4-1/2"" long)",52.0
174990,"doughnut medium (3-1/4"" dia)",54.0
174990,"doughnut, mini (1-1/2"" dia) or doughnut hole",14.0
174990,"doughnut, large (4"" dia)",71.0
174991,oz,28.4
174991,"donettes (2"" dia)",18.0
174991,"doughnut, medium (approx 3"" dia)",43.0
174991,"doughnut large (approx 3-1/2"" dia)",67.0
174992,oz,28.4
174992,"doughnut, medium (approx 3"" dia)",45.0
174993,oz,28.4
174993,"doughnut (3-3/4"" dia)",60.0
174993,"doughnut, medium (approx 3"" dia)",42.0
174994,oz,28.4
174994,muffin,57.0
174995,oz,28.4
174995,muffin,52.0
174996,oz,28.4
174996,muffin,66.0
174997,oz,28.4
174997,muffin,57.0
174998,oz,28.4
174998,slice,65.0
174999,oz,28.4
174999,cup,152.0
174999,hush puppy,22.0
175000,oz,28.4
175000,cone,4.0
175000,large waffle cone,29.0
175001,oz,28.4
175001,cone,10.0
175002,oz,28.4
175002,mini,17.0
175002,small,66.0
175002,medium,113.0
175002,large,139.0
175002,extra large,168.0
175003,oz,28.4
175004,oz,28.4
175004,"muffin, toaster",33.0
175005,oz,28.4
175005,"muffin (2-3/4"" dia x 2"")",57.0
175006,oz,28.4
175006,"pancake (4"" dia)",38.0
175006,"pancake (6"" dia)",77.0
175007,oz,28.4
175007,"cup, poured from box",112.0
175008,oz,28.4
175008,"pancake (4"" dia)",38.0
175008,"pancake (6"" dia)",77.0
175009,oz,28.4
175009,"pancake (4"" dia)",38.0
175009,"pancake (6"" dia)",77.0
175010,oz,28.4
175010,"pancake (4"" dia)",44.0
175010,"pancake (6"" dia)",129.0
175011,oz,28.4
175011,"piece (1/8 of 9"" dia)",125.0
175011,"piece (1/6 of 8"" pie)",117.0
175012,oz,28.4
175012,"piece (1/8 of 9"" dia)",155.0
175013,oz,28.4
175013,"piece (1/8 of 9"" dia)",92.0
175013,"piece (1/6 of 8"" pie)",123.0
175014,serving .167 pie,120.0
175014,oz,28.4
175014,"piece (1/4 of 6"" pie)",99.0
175014,"piece (1/6 of 8"" pie)",113.0
175015,oz,28.4
175015,"piece (1/8 of 9"" dia)",95.0
175016,oz,28.4
175016,"piece (1/6 of 7"" pie)",64.0
175016,"piece (1/8 of 7"" pie)",48.0
175017,oz,28.4
175017,"piece (1/8 of 9"" dia)",94.0
175018,oz,28.4
175018,"piece (1/8 of 9"" dia)",127.0
175019,oz,28.4
175019,"piece (1/8 of 9"" dia)",165.0
175020,oz,28.4
175020,"piece (1/6 of 8"" pie)",117.0
175021,oz,28.4
175021,slice,133.0
175021,pie,833.0
175022,oz,28.4
175022,package (10 oz),284.0
175023,"piece (1/8 of 9"" crust)",20.0
175023,"crust, single 9""",160.0
175024,"piece (1/8 of 9"" crust)",18.0
175024,pie crust (average weight of 1 frozen crust),173.0
175025,pie crust (average weight of 1 baked crust),154.0
175026,"piece (1/8 of 9"" crust)",23.0
175026,"crust, single 9""",180.0
175027,oz,28.4
175027,"roll (2-1/2"" dia)",35.0
175028,oz,28.4
175028,roll,33.0
175029,"large (approx 3-1/2"" to 4"" dia)",43.0
175029,medium,36.0
175029,"small (2-3/8"" dia)",28.0
175030,roll (1 oz),28.0
175031,oz,28.4
175031,"roll (3-1/2"" dia)",57.0
175032,oz,28.4
175032,piece,71.0
175033,oz,28.4
175033,roll,66.0
175034,oz,28.4
175034,large,83.0
175034,"roll (2-3/4"" square)",60.0
175035,oz,28.4
175035,pastry,54.0
175036,oz,28.4
175036,enchilada,19.0
175036,tortilla,24.0
175037,tortilla,48.0
175037,oz,28.4
175037,"tortilla medium (approx 6"" dia)",30.0
175037,package,407.0
175037,"tortilla (approx 10"" dia)",72.0
175037,"tortilla (approx 12"" dia)",117.0
175037,"tortilla (approx 7-8"" dia)",49.0
175038,oz,28.4
175038,"waffle, square (4"" square) (include frozen)",35.0
175039,oz,28.4
175039,"waffle, round (7"" dia)",75.0
175040,tsp,4.6
175040,tsp,2.3
175041,tsp,3.0
175041,tsp,1.5
175042,cake (0.6 oz),17.0
175043,tsp,4.0
175043,tbsp,12.0
175043,packet,7.2
175044,oz,28.4
175044,slice,25.0
175045,oz,28.4
175045,"muffin, toaster",31.0
175046,oz,28.4
175046,"muffin, toaster",34.0
175047,oz,28.4
175047,"pancake (4"" dia)",38.0
175047,"pancake (6"" dia)",77.0
175048,oz,28.4
175048,"waffle, round (4"" dia)",33.0
175048,"waffle, square (4"" square)",33.0
175049,oz,28.4
175049,"mini bagel (2-1/2"" dia)",26.0
175049,"small bagel (3"" dia)",69.0
175049,"medium bagel (3-1/2"" to 4"" dia)",105.0
175049,"large bagel (4-1/2"" dia)",131.0
175050,oz,28.4
175050,"mini bagel (2-1/2"" dia)",26.0
175050,"small bagel (3"" dia)",69.0
175050,"medium bagel (3-1/2"" to 4"")",105.0
175050,"large bagel (4-1/2"" dia)",131.0
175051,oz,28.4
175051,"mini bagel (2-1/2"" dia)",26.0
175051,"small bagel (3"" dia)",69.0
175051,"medium bagel (3-1/2"" to 4"" dia)",105.0
175051,"large bagel (4-1/2"" dia)",131.0
175052,oz,28.4
175052,individual cake,57.0
175052,piece (1/9 of 20 oz cake),63.0
175053,piece (1/10 of 10.6 oz cake),30.0
175053,piece (1/12 of 12 oz cake),28.0
175053,snack cake (2.5 oz),71.0
175054,oz,28.4
175054,package (18.50 oz),524.0
175055,oz,28.4
175055,package (18.50 oz),524.0
175056,oz,14.2
175056,cup oyster crackers,45.0
175056,cracker,3.0
175056,"cracker, round large",10.0
175056,"cracker, oyster",1.0
175056,"cracker, rectangle",6.0
175057,oz,14.2
175057,cracker,3.0
175058,oz,14.2
175058,"cup, bite size",62.0
175058,"cup, crushed",72.0
175058,"cracker, rectangular",4.0
175058,"cracker, oval",3.0
175058,"cracker, round",3.0
175059,oz,14.2
175059,"cup, crushed",83.0
175059,cracker,2.0
175059,"cracker, thin square",2.0
175060,oz,14.2
175060,cup Cheez-its,62.0
175060,"cup, crushed",72.0
175060,gold fish,0.6
175060,"cracker (1"" square)",1.0
175061,oz,28.4
175061,"pastry (4-1/4"" dia)",71.0
175062,oz,28.4
175062,"doughnut, medium (3-1/4"" dia)",60.0
175063,oz,28.4
175063,muffin,57.0
175064,oz,28.4
175064,"pie (5"" x 3-3/4"")",128.0
175065,"crust, single 9""",142.0
175065,"piece (1/8 of 9"" crust)",16.0
175066,oz,28.4
175066,package (6 oz),170.0
175067,oz,28.4
175067,"medium (approx 5"" dia)",13.0
175067,"miniature (3"" dia)",5.0
175068,saltines,15.0
175068,saltines,30.0
175069,tart,52.0
175070,serving,24.0
175071,serving,24.0
175072,serving,28.0
175073,serving,26.0
175074,serving,25.0
175075,serving,26.0
175076,serving,25.0
175077,serving,32.0
175078,muffin,31.0
175079,NLEA serving (makes 1/2 cup prepared),28.0
175080,serving,28.0
175081,serving,41.0
175082,serving,51.0
175083,serving,28.0
175084,serving,11.0
175085,oz,85.0
175085,"piece, cooked (yield from 1 lb raw meat, boneless)",340.0
175086,oz,28.4
175086,lb,453.6
175087,oz,85.0
175087,"piece, cooked (yield from 1 lb raw meat, boneless)",340.0
175088,"tsp, rounded",1.4
175088,"tbsp, rounded",11.3
175089,serving (3 heaping tsp),23.0
175089,cup,182.0
175090,cup (8 fl oz),259.0
175091,tsp,1.6
175091,tbsp (1/4 cup),14.4
175092,fl oz,32.1
175092,serving dry mix with 6 fl oz water,192.0
175093,"serving child 12 fl oz, without ice",258.0
175093,"serving small 16 fl oz, without ice",347.0
175093,"serving medium 21 fl oz,  without ice",486.0
175093,"serving large 32 fl oz,  without ice",722.0
175094,fl oz,35.2
175094,can (12 fl oz),423.0
175095,fl oz,29.3
175095,fl oz,234.0
175096,fl oz,29.6
175096,serving 8 fl oz 8 fl oz,237.0
175096,liter,1000.0
175097,fl oz,34.8
175097,serving 1.5 fl oz,52.0
175098,fl oz,31.1
175098,fl oz,47.0
175099,fl oz,29.6
175099,can can 12 fl oz,355.0
175099,bottle bottle 16 fl oz,473.0
175099,serving child 12 fl oz,258.0
175099,serving small 16 fl oz,347.0
175099,serving medium 21 fl oz,486.0
175099,serving large 32 fl oz,722.0
175100,fl oz,36.3
175100,can,436.0
175101,fl oz,31.3
175101,fl oz,250.0
175102,fl oz,23.5
175102,serving small 12 fl oz,282.0
175102,serving medium 16 fl oz,376.0
175102,serving large 21 fl oz,494.0
175103,fl oz,29.6
175103,bottle 8 fl oz,237.0
175103,liter,1000.0
175103,ice cube (3/4 fl oz),64.0
175104,fl oz,29.6
175104,bottle 16.9 fl oz,500.0
175104,bottle 12 fl oz,355.0
175104,bottle 20 fl oz,591.0
175105,fl oz,31.6
175105,cup (8 fl oz),253.0
175106,fl oz,29.6
175106,bottle 16.9 fl oz,500.0
175106,bottle 24 fl oz,710.0
175107,fl oz,29.6
175107,bottle 8 fl oz,237.0
175107,bottle 500 ml,500.0
175108,fl oz,30.5
175108,fl oz,244.0
175108,fl oz,365.0
175109,fl oz,29.6
175109,bottle 16.9 fl oz,501.0
175109,bottle 12 fl oz,356.0
175109,bottle 23.7 fl oz,703.0
175110,fl oz,30.6
175110,bottle 8 fl oz,227.0
175110,bottle 12 fl oz,368.0
175110,bottle 20 fl oz,613.0
175111,fl oz,30.6
175111,bottle 8 fl oz,245.0
175111,bottle 12 fl oz,367.0
175112,fl oz,29.5
175112,glass (3.5 fl oz),103.0
175113,fl oz,29.6
175113,can (12 fl oz),355.0
175114,envelope  Swiss Miss (.53 oz),15.0
175114,packet (0.675 oz),19.0
175115,fl oz,32.7
175115,fl oz,262.0
175116,"oz, boneless",28.4
175116,fillet,184.0
175116,oz,85.0
175117,fillet,143.0
175117,oz,85.0
175118,cup,140.0
175118,"oz, boneless",28.4
175118,cubic inch,20.0
175118,"piece (1-3/4"" x 7/8"" x 1/2"")",15.0
175119,fillet,112.0
175119,oz,85.0
175120,fillet,88.0
175120,oz,85.0
175121,"oz, boneless",28.4
175121,cup,190.0
175121,cubic inch,16.0
175121,can (15 oz),361.0
175122,oz,85.0
175122,fillet,198.0
175123,oz,28.4
175123,fillet,119.0
175123,oz,85.0
175124,fillet,93.0
175124,oz,85.0
175125,"oz, boneless",28.4
175125,fillet,64.0
175125,oz,85.0
175126,fillet,50.0
175126,oz,85.0
175127,oz,85.0
175127,fillet,155.0
175128,oz,85.0
175128,fillet,159.0
175129,oz,85.0
175129,fillet,193.0
175130,fillet,77.0
175130,oz,85.0
175131,fillet,149.0
175131,oz,85.0
175132,tbsp,14.0
175132,oz,28.4
175132,"can (8 oz), solids and liquid",227.0
175132,oz,85.0
175133,oz,85.0
175134,oz,85.0
175134,fillet,193.0
175135,oz,85.0
175135,can,369.0
175136,oz,85.0
175136,fillet,198.0
175137,oz,85.0
175137,fillet,155.0
175138,oz,85.0
175138,fillet,159.0
175139,"cup, drained",149.0
175139,oz,28.4
175139,cubic inch,16.0
175139,can (3.75 oz),92.0
175139,"small (2-2/3"" x 1/2"" x 1/4"")",12.0
175139,sardines,24.0
175140,cup,89.0
175140,can,370.0
175140,sardine,38.0
175141,oz,85.0
175141,"oz, boneless",28.4
175141,fillet,64.0
175141,cup,166.0
175142,fillet,129.0
175142,oz,85.0
175143,oz,85.0
175144,oz,85.0
175144,fillet,238.0
175145,oz,85.0
175145,fillet,186.0
175146,oz,85.0
175147,oz,85.0
175148,oz,85.0
175148,"cup, cooked",136.0
175148,"piece (4-1/2"" x 2-1/8"" x 7/8"")",145.0
175148,"oz, boneless",28.4
175148,"cubic inch, boneless",17.0
175149,oz,28.4
175149,oz,85.0
175150,oz,85.0
175150,fillet,159.0
175151,fillet,48.0
175151,oz,85.0
175152,fillet,150.0
175152,oz,85.0
175153,fillet,79.0
175153,oz,85.0
175154,oz,85.0
175154,fillet,159.0
175155,fillet,143.0
175155,oz,85.0
175156,oz,85.0
175156,fillet,198.0
175157,oz,85.0
175157,can,178.0
175158,oz,85.0
175158,can,172.0
175159,"oz, boneless",28.4
175159,"cubic inch, boneless",16.0
175159,oz,85.0
175160,oz,85.0
175160,cup,205.0
175161,fillet,72.0
175161,oz,85.0
175162,oz,85.0
175162,fillet,153.0
175163,oz,85.0
175163,fillet,187.0
175164,oz,85.0
175164,leg,172.0
175165,oz,85.0
175165,fillet,159.0
175166,fillet,143.0
175166,oz,85.0
175167,oz,85.0
175167,fillet,198.0
175168,oz,85.0
175168,fillet,178.0
175169,oz,85.0
175169,crayfish,27.0
175170,oz,85.0
175171,oz,85.0
175171,medium,59.0
175172,oz,85.0
175172,medium,84.0
175173,oz,85.0
175173,medium,59.0
175174,oz,85.0
175174,can total can contents,417.0
175175,oz,85.0
175175,can drained solids (total),315.0
175176,fillet,116.0
175177,fillet,87.0
175178,oz,85.0
175179,oz,85.0
175180,oz,85.0
175181,filet,149.0
175181,fish,332.0
175182,cup,254.0
175183,cup,266.0
175184,cup,259.0
175185,cup,253.0
175186,cup,184.0
175187,cup,185.0
175188,cup,240.0
175189,cup,195.0
175190,cup,183.0
175191,cup,177.0
175192,cup,262.0
175193,cup,184.0
175194,cup,177.0
175194,tbsp,11.0
175195,cup,256.0
175195,tbsp,16.0
175195,can,436.0
175196,cup,184.0
175197,cup,177.0
175198,cup,169.0
175199,cup,193.0
175199,tbsp,12.0
175200,cup,171.0
175200,tbsp,10.6
175201,cup,240.0
175201,can,442.0
175202,cup,202.0
175202,tbsp,12.6
175203,cup,179.0
175203,tbsp,11.2
175204,cup,262.0
175205,cup,150.0
175205,tbsp,9.4
175206,cup,240.0
175206,can (total can contents),448.0
175207,cup,256.0
175207,tbsp,16.0
175208,cup,167.0
175209,cup,171.0
175210,cup,210.0
175211,cup,194.0
175212,cup,243.0
175212,serving,243.0
175213,cup,243.0
175213,serving,243.0
175214,cup,243.0
175214,serving,243.0
175215,cup,243.0
175216,cup,243.0
175217,cup,243.0
175218,cup,243.0
175219,cup,243.0
175220,cup,243.0
175221,cup,243.0
175222,cup,243.0
175223,cup,243.0
175224,cup,243.0
175225,container,227.0
175226,container,170.0
175227,container,227.0
175228,container,170.0
175229,container,170.0
175230,container,170.0
175231,tbsp,15.0
175232,tbsp,15.0
175233,oz,85.0
175234,oz,85.0
175235,package,79.0
175236,package,79.0
175237,cup,172.0
175238,cup,240.0
175239,cup,185.0
175240,cup,177.0
175241,cup,177.0
175242,cup,177.0
175243,cup cup rinsed solids,158.0
175244,cup,177.0
175245,cup,256.0
175245,can total can contents,436.0
175246,cup,179.0
175247,cup,240.0
175247,can total can contents,442.0
175248,cup,177.0
175249,cup,179.0
175250,cup,240.0
175250,can total can contents,448.0
175251,cup,171.0
175252,cup,171.0
175253,cup,194.0
175254,cup,198.0
175255,cup,202.0
175256,cup,180.0
175257,cup,196.0
175258,"cup,",144.0
175258,oz shelled (32 nuts),28.4
175259,oz,85.0
175259,"chop, excluding refuse (yield from 1 raw chop, with refuse, weighing 85 g)",43.0
175260,oz,113.0
175260,serving,115.0
175261,oz,85.0
175261,serving,85.0
175262,oz,113.0
175262,serving,115.0
175263,oz,85.0
175263,"piece, cooked, excluding refuse (yield from 1 lb raw meat with refuse)",206.0
175264,oz,113.0
175264,serving,115.0
175265,oz,85.0
175265,"piece, cooked, excluding refuse (yield from 1 lb raw meat with refuse)",192.0
175266,oz,28.4
175266,lb,453.6
175267,oz,85.0
175267,"unit, cooked (yield from 1 lb raw meat)",290.0
175268,oz,113.0
175268,lb,453.6
175269,oz,113.0
175269,lb,453.6
175270,oz,85.0
175270,"piece, cooked, excluding refuse (yield from 1 lb raw meat with refuse)",267.0
175271,oz,85.0
175271,"unit, cooked (yield from 1 lb raw meat)",295.0
175272,oz,85.0
175272,"piece, cooked, excluding refuse (yield from 1 lb raw meat with refuse)",289.0
175273,oz,85.0
175273,"chop, excluding refuse (yield from 1 raw chop, with refuse, weighing 195 g)",69.0
175274,oz,85.0
175274,"piece, cooked, excluding refuse (yield from 1 lb raw meat with refuse)",208.0
175275,oz,28.4
175275,lb,453.6
175276,oz,85.0
175276,"piece, cooked, excluding refuse (yield from 1 lb raw meat with refuse)",177.0
175277,oz,28.4
175277,lb,453.6
175278,oz,85.0
175278,"piece, cooked, excluding refuse (yield from 1 lb raw meat with refuse)",191.0
175279,oz,85.0
175279,"piece, cooked, excluding refuse (yield from 1 lb raw meat with refuse)",258.0
175280,oz,28.4
175280,lb,453.6
175281,oz,85.0
175281,"piece, cooked, excluding refuse (yield from 1 lb raw meat with refuse)",283.0
175282,oz,28.4
175282,"steak, excluding refuse (yield from 1 raw steak, with refuse, weighing 385 g)",289.0
175283,oz,85.0
175283,"steak, excluding refuse (yield from 1 raw steak, with refuse, weighing 385 g)",160.0
175284,oz,85.0
175284,"piece, cooked, excluding refuse (yield from 1 lb raw meat with refuse)",272.0
175285,oz,85.0
175285,"piece, cooked, excluding refuse (yield from 1 lb raw meat with refuse)",236.0
175286,oz,28.4
175286,lb,453.6
175287,oz,85.0
175287,"piece, cooked, excluding refuse (yield from 1 lb raw meat with refuse)",205.0
175288,oz,85.0
175288,"piece, cooked, excluding refuse (yield from 1 lb raw meat with refuse)",269.0
175289,oz,85.0
175289,"unit, cooked (yield from 1 lb raw meat)",263.0
175290,oz,85.0
175290,oz,28.4
175290,oz,113.0
175291,oz,85.0
175291,"unit, cooked (yield from 1 lb raw meat)",299.0
175292,oz,28.4
175292,lb,453.6
175293,patty (cooked from 4 oz raw),85.0
175293,oz,28.4
175294,oz,113.0
175294,lb,453.6
175295,oz,85.0
175295,"piece, cooked (yield from 1 lb raw meat, boneless)",313.0
175296,oz,28.4
175296,lb,453.6
175297,oz,28.4
175297,lb,453.6
175298,oz,85.0
175298,"piece, cooked (yield from 1 lb raw meat, boneless)",340.0
175299,oz,28.4
175299,lb,453.6
175300,oz,85.0
175300,"piece, cooked (yield from 1 lb raw meat, boneless)",340.0
175301,oz,28.4
175301,lb,453.6
175302,oz,85.0
175302,"piece, cooked (yield from 1 lb raw meat, boneless)",340.0
175303,oz,28.4
175303,lb,453.6
175304,oz,85.0
175304,"piece, cooked (yield from 1 lb raw meat, boneless)",340.0
